symbol,date,open,high,low,close,volume,value_traded,trades_count,is_final,partial,source_layer,source_run_id,source_file_sha256
1010,2025-05-01,23.11,23.11,22.51,22.73,2446523,55775890.9,,,,historical_baseline,,fe33df9ae5456d8ee27133c42c244c81d150008ababc19399c7ed428638b57ea
1010,2025-05-04,22.81,22.92,22.13,22.21,2188573,49180789.55,,,,historical_baseline,,fe33df9ae5456d8ee27133c42c244c81d150008ababc19399c7ed428638b57ea
1010,2025-05-05,22.09,22.28,21.75,21.91,5894454,129268497.8,,,,historical_baseline,,fe33df9ae5456d8ee27133c42c244c81d150008ababc19399c7ed428638b57ea
1010,2025-05-06,21.91,22.02,21.57,21.79,3380132,73443120.5,,,,historical_baseline,,fe33df9ae5456d8ee27133c42c244c81d150008ababc19399c7ed428638b57ea
1010,2025-05-07,21.83,21.98,21.75,21.83,2563414,56055745.5,,,,historical_baseline,,fe33df9ae5456d8ee27133c42c244c81d150008ababc19399c7ed428638b57ea
1010,2025-05-08,21.94,22.02,21.68,21.83,3049468,66472684.5,,,,historical_baseline,,fe33df9ae5456d8ee27133c42c244c81d150008ababc19399c7ed428638b57ea
1010,2025-05-11,21.91,22.06,21.75,22.06,1171611,25712461.2,,,,historical_baseline,,fe33df9ae5456d8ee27133c42c244c81d150008ababc19399c7ed428638b57ea
1010,2025-05-12,22.06,22.51,21.98,22.32,2652958,59138349.75,,,,historical_baseline,,fe33df9ae5456d8ee27133c42c244c81d150008ababc19399c7ed428638b57ea
1010,2025-05-13,22.28,22.32,22.02,22.28,2735475,60692280.95,,,,historical_baseline,,fe33df9ae5456d8ee27133c42c244c81d150008ababc19399c7ed428638b57ea
1010,2025-05-14,22.17,22.21,21.57,21.57,5091186,110593399.35,,,,historical_baseline,,fe33df9ae5456d8ee27133c42c244c81d150008ababc19399c7ed428638b57ea
1010,2025-05-15,21.57,21.87,21.49,21.68,2795100,60563822.15,,,,historical_baseline,,fe33df9ae5456d8ee27133c42c244c81d150008ababc19399c7ed428638b57ea
1010,2025-05-18,21.68,21.83,21.68,21.72,701247,15243373.35,,,,historical_baseline,,fe33df9ae5456d8ee27133c42c244c81d150008ababc19399c7ed428638b57ea
1010,2025-05-19,21.75,21.79,21.45,21.53,1865664,40201558.35,,,,historical_baseline,,fe33df9ae5456d8ee27133c42c244c81d150008ababc19399c7ed428638b57ea
1010,2025-05-20,21.53,21.68,21.3,21.49,3084881,66167847.05,,,,historical_baseline,,fe33df9ae5456d8ee27133c42c244c81d150008ababc19399c7ed428638b57ea
1010,2025-05-21,21.45,21.68,21.04,21.27,2770228,59248040.6,,,,historical_baseline,,fe33df9ae5456d8ee27133c42c244c81d150008ababc19399c7ed428638b57ea
1010,2025-05-22,20.97,21.27,20.97,21.27,2417238,51049209.1,,,,historical_baseline,,fe33df9ae5456d8ee27133c42c244c81d150008ababc19399c7ed428638b57ea
1010,2025-05-25,21.27,21.27,21.08,21.19,705694,14936957.3,,,,historical_baseline,,fe33df9ae5456d8ee27133c42c244c81d150008ababc19399c7ed428638b57ea
1010,2025-05-26,21.49,21.49,20.85,21.0,2350132,49366287.0,,,,historical_baseline,,fe33df9ae5456d8ee27133c42c244c81d150008ababc19399c7ed428638b57ea
1010,2025-05-27,21.0,21.04,20.67,21.0,2571306,53653332.85,,,,historical_baseline,,fe33df9ae5456d8ee27133c42c244c81d150008ababc19399c7ed428638b57ea
1010,2025-05-28,21.0,21.38,20.89,21.08,4724928,99916754.15,,,,historical_baseline,,fe33df9ae5456d8ee27133c42c244c81d150008ababc19399c7ed428638b57ea
1010,2025-05-29,21.19,21.79,21.0,21.79,8008474,172610047.4,,,,historical_baseline,,fe33df9ae5456d8ee27133c42c244c81d150008ababc19399c7ed428638b57ea
1020,2025-05-01,13.64,13.72,13.04,13.12,6510314,86735796.42,,,,historical_baseline,,fe33df9ae5456d8ee27133c42c244c81d150008ababc19399c7ed428638b57ea
1020,2025-05-04,13.12,13.2,12.98,13.0,2825391,36902352.62,,,,historical_baseline,,fe33df9ae5456d8ee27133c42c244c81d150008ababc19399c7ed428638b57ea
1020,2025-05-05,13.0,13.28,12.98,13.2,2307643,30378715.96,,,,historical_baseline,,fe33df9ae5456d8ee27133c42c244c81d150008ababc19399c7ed428638b57ea
1020,2025-05-06,13.2,13.24,13.1,13.12,1738381,22893409.38,,,,historical_baseline,,fe33df9ae5456d8ee27133c42c244c81d150008ababc19399c7ed428638b57ea
1020,2025-05-07,13.12,13.4,13.12,13.36,3308922,43992936.94,,,,historical_baseline,,fe33df9ae5456d8ee27133c42c244c81d150008ababc19399c7ed428638b57ea
1020,2025-05-08,13.42,13.46,13.16,13.22,2003089,26610995.72,,,,historical_baseline,,fe33df9ae5456d8ee27133c42c244c81d150008ababc19399c7ed428638b57ea
1020,2025-05-11,13.22,13.3,13.18,13.24,933787,12349419.76,,,,historical_baseline,,fe33df9ae5456d8ee27133c42c244c81d150008ababc19399c7ed428638b57ea
1020,2025-05-12,13.24,13.54,13.22,13.44,3614707,48488391.44,,,,historical_baseline,,fe33df9ae5456d8ee27133c42c244c81d150008ababc19399c7ed428638b57ea
1020,2025-05-13,13.48,13.58,13.42,13.42,2791789,37701353.86,,,,historical_baseline,,fe33df9ae5456d8ee27133c42c244c81d150008ababc19399c7ed428638b57ea
1020,2025-05-14,13.5,13.54,13.3,13.32,1766727,23674261.34,,,,historical_baseline,,fe33df9ae5456d8ee27133c42c244c81d150008ababc19399c7ed428638b57ea
1020,2025-05-15,13.32,13.4,13.26,13.28,1287757,17152846.84,,,,historical_baseline,,fe33df9ae5456d8ee27133c42c244c81d150008ababc19399c7ed428638b57ea
1020,2025-05-18,13.26,13.36,13.24,13.32,502996,6681508.34,,,,historical_baseline,,fe33df9ae5456d8ee27133c42c244c81d150008ababc19399c7ed428638b57ea
1020,2025-05-19,13.32,13.34,13.22,13.26,1061517,14085336.9,,,,historical_baseline,,fe33df9ae5456d8ee27133c42c244c81d150008ababc19399c7ed428638b57ea
1020,2025-05-20,13.26,13.26,13.0,13.22,3134630,41168448.92,,,,historical_baseline,,fe33df9ae5456d8ee27133c42c244c81d150008ababc19399c7ed428638b57ea
1020,2025-05-21,13.18,13.28,13.16,13.22,1771149,23397423.86,,,,historical_baseline,,fe33df9ae5456d8ee27133c42c244c81d150008ababc19399c7ed428638b57ea
1020,2025-05-22,13.14,13.18,12.92,12.98,2845464,37115819.08,,,,historical_baseline,,fe33df9ae5456d8ee27133c42c244c81d150008ababc19399c7ed428638b57ea
1020,2025-05-25,12.98,13.0,12.52,12.52,3673849,46741961.14,,,,historical_baseline,,fe33df9ae5456d8ee27133c42c244c81d150008ababc19399c7ed428638b57ea
1020,2025-05-26,12.68,12.76,12.48,12.68,3265080,41179856.32,,,,historical_baseline,,fe33df9ae5456d8ee27133c42c244c81d150008ababc19399c7ed428638b57ea
1020,2025-05-27,12.64,12.88,12.58,12.7,2123514,26945813.66,,,,historical_baseline,,fe33df9ae5456d8ee27133c42c244c81d150008ababc19399c7ed428638b57ea
1020,2025-05-28,12.78,12.9,12.68,12.86,2008510,25746473.42,,,,historical_baseline,,fe33df9ae5456d8ee27133c42c244c81d150008ababc19399c7ed428638b57ea
1020,2025-05-29,12.88,12.94,12.58,12.78,3053768,38900055.9,,,,historical_baseline,,fe33df9ae5456d8ee27133c42c244c81d150008ababc19399c7ed428638b57ea
1030,2025-05-01,15.04,15.08,14.86,14.9,289873,4341186.02,,,,historical_baseline,,fe33df9ae5456d8ee27133c42c244c81d150008ababc19399c7ed428638b57ea
1030,2025-05-04,14.86,15.02,14.8,15.0,317381,4741057.24,,,,historical_baseline,,fe33df9ae5456d8ee27133c42c244c81d150008ababc19399c7ed428638b57ea
1030,2025-05-05,14.88,15.1,14.8,14.98,508102,7629615.0,,,,historical_baseline,,fe33df9ae5456d8ee27133c42c244c81d150008ababc19399c7ed428638b57ea
1030,2025-05-06,14.96,15.08,14.92,15.0,228606,3424298.02,,,,historical_baseline,,fe33df9ae5456d8ee27133c42c244c81d150008ababc19399c7ed428638b57ea
1030,2025-05-07,15.04,15.04,14.92,15.02,493270,7399293.06,,,,historical_baseline,,fe33df9ae5456d8ee27133c42c244c81d150008ababc19399c7ed428638b57ea
1030,2025-05-08,15.04,15.06,14.82,14.88,415945,6187566.34,,,,historical_baseline,,fe33df9ae5456d8ee27133c42c244c81d150008ababc19399c7ed428638b57ea
1030,2025-05-11,14.88,14.9,14.82,14.82,49290,731284.48,,,,historical_baseline,,fe33df9ae5456d8ee27133c42c244c81d150008ababc19399c7ed428638b57ea
1030,2025-05-12,14.94,15.0,14.8,14.82,540429,8041969.04,,,,historical_baseline,,fe33df9ae5456d8ee27133c42c244c81d150008ababc19399c7ed428638b57ea
1030,2025-05-13,14.82,14.94,14.8,14.92,288075,4284787.5,,,,historical_baseline,,fe33df9ae5456d8ee27133c42c244c81d150008ababc19399c7ed428638b57ea
1030,2025-05-14,14.94,14.96,14.84,14.84,288480,4301968.92,,,,historical_baseline,,fe33df9ae5456d8ee27133c42c244c81d150008ababc19399c7ed428638b57ea
1030,2025-05-15,14.82,14.96,14.8,14.96,269874,4027765.16,,,,historical_baseline,,fe33df9ae5456d8ee27133c42c244c81d150008ababc19399c7ed428638b57ea
1030,2025-05-18,14.96,15.02,14.84,14.92,192283,2875479.8,,,,historical_baseline,,fe33df9ae5456d8ee27133c42c244c81d150008ababc19399c7ed428638b57ea
1030,2025-05-19,14.94,15.06,14.86,14.94,401028,5983274.14,,,,historical_baseline,,fe33df9ae5456d8ee27133c42c244c81d150008ababc19399c7ed428638b57ea
1030,2025-05-20,14.98,15.04,14.94,15.04,1002814,15044293.36,,,,historical_baseline,,fe33df9ae5456d8ee27133c42c244c81d150008ababc19399c7ed428638b57ea
1030,2025-05-21,15.06,15.06,14.84,14.84,455411,6786997.04,,,,historical_baseline,,fe33df9ae5456d8ee27133c42c244c81d150008ababc19399c7ed428638b57ea
1030,2025-05-22,14.84,14.9,14.64,14.78,541952,7991874.72,,,,historical_baseline,,fe33df9ae5456d8ee27133c42c244c81d150008ababc19399c7ed428638b57ea
1030,2025-05-25,14.8,14.8,14.66,14.8,234428,3451297.98,,,,historical_baseline,,fe33df9ae5456d8ee27133c42c244c81d150008ababc19399c7ed428638b57ea
1030,2025-05-26,14.78,14.78,14.54,14.64,628347,9187853.88,,,,historical_baseline,,fe33df9ae5456d8ee27133c42c244c81d150008ababc19399c7ed428638b57ea
1030,2025-05-27,14.6,14.68,14.46,14.54,463806,6758989.88,,,,historical_baseline,,fe33df9ae5456d8ee27133c42c244c81d150008ababc19399c7ed428638b57ea
1030,2025-05-28,14.54,14.68,14.54,14.6,375409,5482516.16,,,,historical_baseline,,fe33df9ae5456d8ee27133c42c244c81d150008ababc19399c7ed428638b57ea
1030,2025-05-29,14.64,14.8,14.56,14.8,2532434,37359704.64,,,,historical_baseline,,fe33df9ae5456d8ee27133c42c244c81d150008ababc19399c7ed428638b57ea
1050,2025-05-01,18.3,18.38,18.0,18.28,1992936,36251756.88,,,,historical_baseline,,fe33df9ae5456d8ee27133c42c244c81d150008ababc19399c7ed428638b57ea
1050,2025-05-04,18.2,18.22,17.8,18.14,1573680,28404682.4,,,,historical_baseline,,fe33df9ae5456d8ee27133c42c244c81d150008ababc19399c7ed428638b57ea
1050,2025-05-05,17.96,18.1,17.72,17.84,3385946,60703794.02,,,,historical_baseline,,fe33df9ae5456d8ee27133c42c244c81d150008ababc19399c7ed428638b57ea
1050,2025-05-06,17.88,17.96,17.72,17.82,888616,15812267.62,,,,historical_baseline,,fe33df9ae5456d8ee27133c42c244c81d150008ababc19399c7ed428638b57ea
1050,2025-05-07,17.8,18.04,17.78,17.9,1181905,21150258.88,,,,historical_baseline,,fe33df9ae5456d8ee27133c42c244c81d150008ababc19399c7ed428638b57ea
1050,2025-05-08,17.92,17.96,17.74,17.84,1626888,29067547.12,,,,historical_baseline,,fe33df9ae5456d8ee27133c42c244c81d150008ababc19399c7ed428638b57ea
1050,2025-05-11,17.9,18.0,17.64,17.66,1206835,21438004.1,,,,historical_baseline,,fe33df9ae5456d8ee27133c42c244c81d150008ababc19399c7ed428638b57ea
1050,2025-05-12,17.94,18.04,17.8,17.96,1486313,26693748.32,,,,historical_baseline,,fe33df9ae5456d8ee27133c42c244c81d150008ababc19399c7ed428638b57ea
1050,2025-05-13,18.0,18.08,17.92,18.04,1598058,28757090.8,,,,historical_baseline,,fe33df9ae5456d8ee27133c42c244c81d150008ababc19399c7ed428638b57ea
1050,2025-05-14,18.02,18.1,17.9,18.04,2093529,37783817.74,,,,historical_baseline,,fe33df9ae5456d8ee27133c42c244c81d150008ababc19399c7ed428638b57ea
1050,2025-05-15,17.7,17.74,17.46,17.56,1780417,31265652.88,,,,historical_baseline,,fe33df9ae5456d8ee27133c42c244c81d150008ababc19399c7ed428638b57ea
1050,2025-05-18,17.56,17.62,17.52,17.6,458533,8069999.68,,,,historical_baseline,,fe33df9ae5456d8ee27133c42c244c81d150008ababc19399c7ed428638b57ea
1050,2025-05-19,17.6,17.64,17.42,17.58,1317117,23083933.18,,,,historical_baseline,,fe33df9ae5456d8ee27133c42c244c81d150008ababc19399c7ed428638b57ea
1050,2025-05-20,17.62,17.64,17.36,17.62,2130403,37386169.32,,,,historical_baseline,,fe33df9ae5456d8ee27133c42c244c81d150008ababc19399c7ed428638b57ea
1050,2025-05-21,17.62,17.64,17.48,17.52,1750216,30729933.18,,,,historical_baseline,,fe33df9ae5456d8ee27133c42c244c81d150008ababc19399c7ed428638b57ea
1050,2025-05-22,17.5,17.5,17.26,17.46,2172770,37791162.16,,,,historical_baseline,,fe33df9ae5456d8ee27133c42c244c81d150008ababc19399c7ed428638b57ea
1050,2025-05-25,17.5,17.5,16.94,17.0,737834,12670732.84,,,,historical_baseline,,fe33df9ae5456d8ee27133c42c244c81d150008ababc19399c7ed428638b57ea
1050,2025-05-26,17.18,17.18,16.9,17.18,1059484,18095738.8,,,,historical_baseline,,fe33df9ae5456d8ee27133c42c244c81d150008ababc19399c7ed428638b57ea
1050,2025-05-27,17.2,17.2,16.76,16.98,1758870,29807308.92,,,,historical_baseline,,fe33df9ae5456d8ee27133c42c244c81d150008ababc19399c7ed428638b57ea
1050,2025-05-28,16.98,17.2,16.98,17.1,1428593,24433385.8,,,,historical_baseline,,fe33df9ae5456d8ee27133c42c244c81d150008ababc19399c7ed428638b57ea
1050,2025-05-29,17.18,17.28,16.9,17.28,3630846,62590308.4,,,,historical_baseline,,fe33df9ae5456d8ee27133c42c244c81d150008ababc19399c7ed428638b57ea
1060,2025-05-01,34.0,34.05,33.2,33.2,2171940,72897885.95,,,,historical_baseline,,fe33df9ae5456d8ee27133c42c244c81d150008ababc19399c7ed428638b57ea
1060,2025-05-04,33.55,33.6,33.3,33.35,480390,16060079.1,,,,historical_baseline,,fe33df9ae5456d8ee27133c42c244c81d150008ababc19399c7ed428638b57ea
1060,2025-05-05,33.25,33.5,33.1,33.35,912040,30400254.1,,,,historical_baseline,,fe33df9ae5456d8ee27133c42c244c81d150008ababc19399c7ed428638b57ea
1060,2025-05-06,33.4,33.65,33.25,33.5,1368986,45765825.5,,,,historical_baseline,,fe33df9ae5456d8ee27133c42c244c81d150008ababc19399c7ed428638b57ea
1060,2025-05-07,33.7,34.2,33.4,34.1,1954352,66273719.3,,,,historical_baseline,,fe33df9ae5456d8ee27133c42c244c81d150008ababc19399c7ed428638b57ea
1060,2025-05-08,34.3,34.6,33.95,34.5,1494928,51361845.05,,,,historical_baseline,,fe33df9ae5456d8ee27133c42c244c81d150008ababc19399c7ed428638b57ea
1060,2025-05-11,34.3,34.6,34.05,34.2,1002645,34317964.95,,,,historical_baseline,,fe33df9ae5456d8ee27133c42c244c81d150008ababc19399c7ed428638b57ea
1060,2025-05-12,34.5,34.95,34.15,34.95,4013605,139860905.25,,,,historical_baseline,,fe33df9ae5456d8ee27133c42c244c81d150008ababc19399c7ed428638b57ea
1060,2025-05-13,34.95,35.3,34.85,35.05,1563045,54903830.85,,,,historical_baseline,,fe33df9ae5456d8ee27133c42c244c81d150008ababc19399c7ed428638b57ea
1060,2025-05-14,34.95,35.15,34.3,34.45,1498334,51786289.45,,,,historical_baseline,,fe33df9ae5456d8ee27133c42c244c81d150008ababc19399c7ed428638b57ea
1060,2025-05-15,34.4,34.9,34.1,34.9,1757436,60936303.95,,,,historical_baseline,,fe33df9ae5456d8ee27133c42c244c81d150008ababc19399c7ed428638b57ea
1060,2025-05-18,34.9,35.0,34.65,34.85,709925,24713379.75,,,,historical_baseline,,fe33df9ae5456d8ee27133c42c244c81d150008ababc19399c7ed428638b57ea
1060,2025-05-19,34.6,34.9,34.0,34.0,2815361,96600349.3,,,,historical_baseline,,fe33df9ae5456d8ee27133c42c244c81d150008ababc19399c7ed428638b57ea
1060,2025-05-20,34.0,34.4,33.55,34.05,2497626,85109699.95,,,,historical_baseline,,fe33df9ae5456d8ee27133c42c244c81d150008ababc19399c7ed428638b57ea
1060,2025-05-21,34.05,34.35,33.95,33.95,740210,25249292.0,,,,historical_baseline,,fe33df9ae5456d8ee27133c42c244c81d150008ababc19399c7ed428638b57ea
1060,2025-05-22,33.95,34.0,33.5,33.6,1020457,34337270.4,,,,historical_baseline,,fe33df9ae5456d8ee27133c42c244c81d150008ababc19399c7ed428638b57ea
1060,2025-05-25,33.6,33.6,33.3,33.3,315767,10562926.75,,,,historical_baseline,,fe33df9ae5456d8ee27133c42c244c81d150008ababc19399c7ed428638b57ea
1060,2025-05-26,33.5,33.5,33.0,33.5,2069083,69071175.75,,,,historical_baseline,,fe33df9ae5456d8ee27133c42c244c81d150008ababc19399c7ed428638b57ea
1060,2025-05-27,33.5,33.6,33.05,33.45,1685598,56236372.15,,,,historical_baseline,,fe33df9ae5456d8ee27133c42c244c81d150008ababc19399c7ed428638b57ea
1060,2025-05-28,33.25,33.9,33.25,33.5,1672299,56309855.45,,,,historical_baseline,,fe33df9ae5456d8ee27133c42c244c81d150008ababc19399c7ed428638b57ea
1060,2025-05-29,33.65,33.9,33.25,33.75,3399782,114402999.05,,,,historical_baseline,,fe33df9ae5456d8ee27133c42c244c81d150008ababc19399c7ed428638b57ea
1080,2025-05-01,21.5,21.5,21.1,21.24,1485476,31607192.48,,,,historical_baseline,,fe33df9ae5456d8ee27133c42c244c81d150008ababc19399c7ed428638b57ea
1080,2025-05-04,21.18,21.5,21.18,21.5,1047161,22414501.44,,,,historical_baseline,,fe33df9ae5456d8ee27133c42c244c81d150008ababc19399c7ed428638b57ea
1080,2025-05-05,21.4,21.56,21.3,21.42,1283401,27527924.52,,,,historical_baseline,,fe33df9ae5456d8ee27133c42c244c81d150008ababc19399c7ed428638b57ea
1080,2025-05-06,21.4,21.68,21.34,21.48,728403,15639430.72,,,,historical_baseline,,fe33df9ae5456d8ee27133c42c244c81d150008ababc19399c7ed428638b57ea
1080,2025-05-07,21.48,21.8,21.48,21.56,2339926,50692339.52,,,,historical_baseline,,fe33df9ae5456d8ee27133c42c244c81d150008ababc19399c7ed428638b57ea
1080,2025-05-08,21.56,21.66,21.44,21.66,1337749,28858722.52,,,,historical_baseline,,fe33df9ae5456d8ee27133c42c244c81d150008ababc19399c7ed428638b57ea
1080,2025-05-11,21.7,21.86,21.7,21.8,208977,4552664.74,,,,historical_baseline,,fe33df9ae5456d8ee27133c42c244c81d150008ababc19399c7ed428638b57ea
1080,2025-05-12,21.96,22.02,21.72,21.84,1383154,30262929.96,,,,historical_baseline,,fe33df9ae5456d8ee27133c42c244c81d150008ababc19399c7ed428638b57ea
1080,2025-05-13,21.86,22.18,21.84,22.18,1531575,33809772.98,,,,historical_baseline,,fe33df9ae5456d8ee27133c42c244c81d150008ababc19399c7ed428638b57ea
1080,2025-05-14,22.18,22.18,21.68,21.68,1188772,25923504.44,,,,historical_baseline,,fe33df9ae5456d8ee27133c42c244c81d150008ababc19399c7ed428638b57ea
1080,2025-05-15,21.66,21.92,21.6,21.84,670708,14623798.98,,,,historical_baseline,,fe33df9ae5456d8ee27133c42c244c81d150008ababc19399c7ed428638b57ea
1080,2025-05-18,21.84,21.94,21.58,21.7,509002,11043137.5,,,,historical_baseline,,fe33df9ae5456d8ee27133c42c244c81d150008ababc19399c7ed428638b57ea
1080,2025-05-19,21.7,21.8,21.58,21.7,809583,17554112.7,,,,historical_baseline,,fe33df9ae5456d8ee27133c42c244c81d150008ababc19399c7ed428638b57ea
1080,2025-05-20,21.62,21.82,21.58,21.62,2751915,59668057.06,,,,historical_baseline,,fe33df9ae5456d8ee27133c42c244c81d150008ababc19399c7ed428638b57ea
1080,2025-05-21,21.62,21.88,21.52,21.66,1120857,24364932.66,,,,historical_baseline,,fe33df9ae5456d8ee27133c42c244c81d150008ababc19399c7ed428638b57ea
1080,2025-05-22,21.64,21.7,21.5,21.68,529443,11448017.6,,,,historical_baseline,,fe33df9ae5456d8ee27133c42c244c81d150008ababc19399c7ed428638b57ea
1080,2025-05-25,21.68,21.68,21.26,21.34,389677,8347051.7,,,,historical_baseline,,fe33df9ae5456d8ee27133c42c244c81d150008ababc19399c7ed428638b57ea
1080,2025-05-26,21.56,21.56,21.26,21.46,970787,20721403.74,,,,historical_baseline,,fe33df9ae5456d8ee27133c42c244c81d150008ababc19399c7ed428638b57ea
1080,2025-05-27,21.3,21.48,21.04,21.04,1074259,22731549.42,,,,historical_baseline,,fe33df9ae5456d8ee27133c42c244c81d150008ababc19399c7ed428638b57ea
1080,2025-05-28,21.16,21.46,21.14,21.46,1408458,30063542.52,,,,historical_baseline,,fe33df9ae5456d8ee27133c42c244c81d150008ababc19399c7ed428638b57ea
1080,2025-05-29,21.5,21.66,21.2,21.66,3002912,64678318.76,,,,historical_baseline,,fe33df9ae5456d8ee27133c42c244c81d150008ababc19399c7ed428638b57ea
1111,2025-05-01,192.79,196.79,192.58,195.32,76510,14896177.0,,,,historical_baseline,,fe33df9ae5456d8ee27133c42c244c81d150008ababc19399c7ed428638b57ea
1111,2025-05-04,196.79,197.85,193.64,194.9,23973,4689115.8,,,,historical_baseline,,fe33df9ae5456d8ee27133c42c244c81d150008ababc19399c7ed428638b57ea
1111,2025-05-05,194.69,197.21,194.48,194.48,67327,13156221.8,,,,historical_baseline,,fe33df9ae5456d8ee27133c42c244c81d150008ababc19399c7ed428638b57ea
1111,2025-05-06,194.48,195.95,192.16,192.58,50474,9756548.8,,,,historical_baseline,,fe33df9ae5456d8ee27133c42c244c81d150008ababc19399c7ed428638b57ea
1111,2025-05-07,193.64,194.69,192.37,193.22,56045,10835382.6,,,,historical_baseline,,fe33df9ae5456d8ee27133c42c244c81d150008ababc19399c7ed428638b57ea
1111,2025-05-08,193.22,194.69,186.48,187.95,221278,41549535.0,,,,historical_baseline,,fe33df9ae5456d8ee27133c42c244c81d150008ababc19399c7ed428638b57ea
1111,2025-05-11,188.58,189.01,186.48,186.69,38651,7241496.0,,,,historical_baseline,,fe33df9ae5456d8ee27133c42c244c81d150008ababc19399c7ed428638b57ea
1111,2025-05-12,187.32,195.32,187.32,191.95,177351,34028615.2,,,,historical_baseline,,fe33df9ae5456d8ee27133c42c244c81d150008ababc19399c7ed428638b57ea
1111,2025-05-13,192.58,194.48,189.01,189.43,83460,15878467.2,,,,historical_baseline,,fe33df9ae5456d8ee27133c42c244c81d150008ababc19399c7ed428638b57ea
1111,2025-05-14,190.48,192.16,189.22,190.69,77902,14818242.0,,,,historical_baseline,,fe33df9ae5456d8ee27133c42c244c81d150008ababc19399c7ed428638b57ea
1111,2025-05-15,190.48,190.48,188.37,188.37,73117,13833362.8,,,,historical_baseline,,fe33df9ae5456d8ee27133c42c244c81d150008ababc19399c7ed428638b57ea
1111,2025-05-18,189.22,192.58,189.22,190.69,40725,7779446.4,,,,historical_baseline,,fe33df9ae5456d8ee27133c42c244c81d150008ababc19399c7ed428638b57ea
1111,2025-05-19,192.58,192.58,187.53,189.01,69649,13154127.6,,,,historical_baseline,,fe33df9ae5456d8ee27133c42c244c81d150008ababc19399c7ed428638b57ea
1111,2025-05-20,188.8,188.8,182.9,185.22,172912,32016497.8,,,,historical_baseline,,fe33df9ae5456d8ee27133c42c244c81d150008ababc19399c7ed428638b57ea
1111,2025-05-21,184.8,185.22,182.48,182.48,57660,10572834.0,,,,historical_baseline,,fe33df9ae5456d8ee27133c42c244c81d150008ababc19399c7ed428638b57ea
1111,2025-05-22,183.74,183.74,179.96,182.06,65135,11813672.8,,,,historical_baseline,,fe33df9ae5456d8ee27133c42c244c81d150008ababc19399c7ed428638b57ea
1111,2025-05-25,182.06,183.32,179.74,179.96,29435,5330946.2,,,,historical_baseline,,fe33df9ae5456d8ee27133c42c244c81d150008ababc19399c7ed428638b57ea
1111,2025-05-26,180.17,182.9,178.69,182.9,62547,11293243.6,,,,historical_baseline,,fe33df9ae5456d8ee27133c42c244c81d150008ababc19399c7ed428638b57ea
1111,2025-05-27,183.74,183.74,179.74,179.74,56057,10129268.2,,,,historical_baseline,,fe33df9ae5456d8ee27133c42c244c81d150008ababc19399c7ed428638b57ea
1111,2025-05-28,179.11,183.11,179.11,181.43,77585,14075658.6,,,,historical_baseline,,fe33df9ae5456d8ee27133c42c244c81d150008ababc19399c7ed428638b57ea
1111,2025-05-29,183.53,184.16,180.17,183.95,180521,32963169.4,,,,historical_baseline,,fe33df9ae5456d8ee27133c42c244c81d150008ababc19399c7ed428638b57ea
1120,2025-05-01,64.93,65.07,63.8,64.33,5856416,377341237.7,,,,historical_baseline,,fe33df9ae5456d8ee27133c42c244c81d150008ababc19399c7ed428638b57ea
1120,2025-05-04,64.4,64.67,63.8,64.33,1897397,121850013.7,,,,historical_baseline,,fe33df9ae5456d8ee27133c42c244c81d150008ababc19399c7ed428638b57ea
1120,2025-05-05,64.0,64.27,63.13,63.73,5446964,346144729.9,,,,historical_baseline,,fe33df9ae5456d8ee27133c42c244c81d150008ababc19399c7ed428638b57ea
1120,2025-05-06,63.73,64.33,63.33,64.33,6601747,421024476.2,,,,historical_baseline,,fe33df9ae5456d8ee27133c42c244c81d150008ababc19399c7ed428638b57ea
1120,2025-05-07,64.27,64.6,63.67,63.67,3738008,239291279.2,,,,historical_baseline,,fe33df9ae5456d8ee27133c42c244c81d150008ababc19399c7ed428638b57ea
1120,2025-05-08,63.93,64.6,63.67,64.33,4875278,312440995.2,,,,historical_baseline,,fe33df9ae5456d8ee27133c42c244c81d150008ababc19399c7ed428638b57ea
1120,2025-05-11,64.33,64.47,63.93,64.0,2747225,176359666.0,,,,historical_baseline,,fe33df9ae5456d8ee27133c42c244c81d150008ababc19399c7ed428638b57ea
1120,2025-05-12,64.33,65.2,64.33,64.6,5347111,346352146.0,,,,historical_baseline,,fe33df9ae5456d8ee27133c42c244c81d150008ababc19399c7ed428638b57ea
1120,2025-05-13,64.93,65.6,64.8,65.4,4719502,308259476.2,,,,historical_baseline,,fe33df9ae5456d8ee27133c42c244c81d150008ababc19399c7ed428638b57ea
1120,2025-05-14,65.53,65.73,65.0,65.53,3904367,255670502.2,,,,historical_baseline,,fe33df9ae5456d8ee27133c42c244c81d150008ababc19399c7ed428638b57ea
1120,2025-05-15,65.6,65.8,64.8,65.2,3079681,200806213.1,,,,historical_baseline,,fe33df9ae5456d8ee27133c42c244c81d150008ababc19399c7ed428638b57ea
1120,2025-05-18,65.2,65.33,64.4,64.6,2462747,159472413.3,,,,historical_baseline,,fe33df9ae5456d8ee27133c42c244c81d150008ababc19399c7ed428638b57ea
1120,2025-05-19,64.6,64.73,64.2,64.67,2676683,172509830.3,,,,historical_baseline,,fe33df9ae5456d8ee27133c42c244c81d150008ababc19399c7ed428638b57ea
1120,2025-05-20,64.47,65.0,64.33,64.93,3688999,238942516.4,,,,historical_baseline,,fe33df9ae5456d8ee27133c42c244c81d150008ababc19399c7ed428638b57ea
1120,2025-05-21,64.67,65.2,63.93,64.0,5375156,346645652.3,,,,historical_baseline,,fe33df9ae5456d8ee27133c42c244c81d150008ababc19399c7ed428638b57ea
1120,2025-05-22,63.93,63.93,62.67,62.67,5503541,348129190.6,,,,historical_baseline,,fe33df9ae5456d8ee27133c42c244c81d150008ababc19399c7ed428638b57ea
1120,2025-05-25,63.07,63.07,61.27,61.4,4048792,250611462.6,,,,historical_baseline,,fe33df9ae5456d8ee27133c42c244c81d150008ababc19399c7ed428638b57ea
1120,2025-05-26,61.53,61.87,60.6,61.67,5290042,324073011.8,,,,historical_baseline,,fe33df9ae5456d8ee27133c42c244c81d150008ababc19399c7ed428638b57ea
1120,2025-05-27,61.47,61.67,59.87,60.67,7340924,444255111.1,,,,historical_baseline,,fe33df9ae5456d8ee27133c42c244c81d150008ababc19399c7ed428638b57ea
1120,2025-05-28,60.8,62.13,60.73,62.13,5978185,368969330.1,,,,historical_baseline,,fe33df9ae5456d8ee27133c42c244c81d150008ababc19399c7ed428638b57ea
1120,2025-05-29,62.4,62.47,60.33,60.73,11710628,713642190.2,,,,historical_baseline,,fe33df9ae5456d8ee27133c42c244c81d150008ababc19399c7ed428638b57ea
1140,2025-05-01,29.0,29.0,28.25,28.35,1090925,31058286.55,,,,historical_baseline,,fe33df9ae5456d8ee27133c42c244c81d150008ababc19399c7ed428638b57ea
1140,2025-05-04,28.35,28.35,28.0,28.0,1068501,30036460.45,,,,historical_baseline,,fe33df9ae5456d8ee27133c42c244c81d150008ababc19399c7ed428638b57ea
1140,2025-05-05,28.0,28.1,27.8,27.9,1466161,40929690.95,,,,historical_baseline,,fe33df9ae5456d8ee27133c42c244c81d150008ababc19399c7ed428638b57ea
1140,2025-05-06,27.85,28.0,27.55,27.6,1370071,37896398.95,,,,historical_baseline,,fe33df9ae5456d8ee27133c42c244c81d150008ababc19399c7ed428638b57ea
1140,2025-05-07,27.6,27.8,27.45,27.6,1088182,30071440.75,,,,historical_baseline,,fe33df9ae5456d8ee27133c42c244c81d150008ababc19399c7ed428638b57ea
1140,2025-05-08,27.65,27.75,27.25,27.6,1381152,38010938.95,,,,historical_baseline,,fe33df9ae5456d8ee27133c42c244c81d150008ababc19399c7ed428638b57ea
1140,2025-05-11,27.6,27.8,27.4,27.45,658381,18129327.2,,,,historical_baseline,,fe33df9ae5456d8ee27133c42c244c81d150008ababc19399c7ed428638b57ea
1140,2025-05-12,27.65,28.0,27.45,27.5,1836071,50865780.35,,,,historical_baseline,,fe33df9ae5456d8ee27133c42c244c81d150008ababc19399c7ed428638b57ea
1140,2025-05-13,27.6,27.65,27.1,27.25,1429640,38974942.8,,,,historical_baseline,,fe33df9ae5456d8ee27133c42c244c81d150008ababc19399c7ed428638b57ea
1140,2025-05-14,27.45,27.5,26.95,27.0,1183176,32065860.9,,,,historical_baseline,,fe33df9ae5456d8ee27133c42c244c81d150008ababc19399c7ed428638b57ea
1140,2025-05-15,27.1,27.2,26.9,27.05,1394985,37697523.85,,,,historical_baseline,,fe33df9ae5456d8ee27133c42c244c81d150008ababc19399c7ed428638b57ea
1140,2025-05-18,27.1,27.1,26.8,26.85,975353,26254668.5,,,,historical_baseline,,fe33df9ae5456d8ee27133c42c244c81d150008ababc19399c7ed428638b57ea
1140,2025-05-19,26.85,26.85,26.35,26.4,1368085,36263414.95,,,,historical_baseline,,fe33df9ae5456d8ee27133c42c244c81d150008ababc19399c7ed428638b57ea
1140,2025-05-20,26.35,27.3,26.3,27.1,2627552,70406068.45,,,,historical_baseline,,fe33df9ae5456d8ee27133c42c244c81d150008ababc19399c7ed428638b57ea
1140,2025-05-21,27.25,27.25,26.5,26.8,2628007,70297699.7,,,,historical_baseline,,fe33df9ae5456d8ee27133c42c244c81d150008ababc19399c7ed428638b57ea
1140,2025-05-22,26.95,27.1,26.6,26.9,1952487,52481640.2,,,,historical_baseline,,fe33df9ae5456d8ee27133c42c244c81d150008ababc19399c7ed428638b57ea
1140,2025-05-25,26.9,27.0,26.5,26.75,1326563,35439045.7,,,,historical_baseline,,fe33df9ae5456d8ee27133c42c244c81d150008ababc19399c7ed428638b57ea
1140,2025-05-26,26.9,26.9,26.3,26.45,2286919,60493307.3,,,,historical_baseline,,fe33df9ae5456d8ee27133c42c244c81d150008ababc19399c7ed428638b57ea
1140,2025-05-27,26.5,26.5,25.95,26.1,2182493,56906276.25,,,,historical_baseline,,fe33df9ae5456d8ee27133c42c244c81d150008ababc19399c7ed428638b57ea
1140,2025-05-28,26.1,26.35,26.05,26.25,2501667,65484198.5,,,,historical_baseline,,fe33df9ae5456d8ee27133c42c244c81d150008ababc19399c7ed428638b57ea
1140,2025-05-29,26.2,26.25,25.65,25.85,6350537,164235744.45,,,,historical_baseline,,fe33df9ae5456d8ee27133c42c244c81d150008ababc19399c7ed428638b57ea
1150,2025-05-01,24.21,24.21,23.67,23.92,7054022,168718926.75,,,,historical_baseline,,fe33df9ae5456d8ee27133c42c244c81d150008ababc19399c7ed428638b57ea
1150,2025-05-04,23.92,23.96,23.54,23.67,3545324,84145602.1,,,,historical_baseline,,fe33df9ae5456d8ee27133c42c244c81d150008ababc19399c7ed428638b57ea
1150,2025-05-05,23.54,23.75,23.33,23.5,7896910,185893504.15,,,,historical_baseline,,fe33df9ae5456d8ee27133c42c244c81d150008ababc19399c7ed428638b57ea
1150,2025-05-06,23.58,23.79,23.54,23.67,3800619,90012941.15,,,,historical_baseline,,fe33df9ae5456d8ee27133c42c244c81d150008ababc19399c7ed428638b57ea
1150,2025-05-07,23.71,23.83,23.63,23.75,4223389,100410277.6,,,,historical_baseline,,fe33df9ae5456d8ee27133c42c244c81d150008ababc19399c7ed428638b57ea
1150,2025-05-08,23.83,24.0,23.46,23.5,9591622,226702060.55,,,,historical_baseline,,fe33df9ae5456d8ee27133c42c244c81d150008ababc19399c7ed428638b57ea
1150,2025-05-11,23.63,23.67,23.42,23.5,6654217,156296701.4,,,,historical_baseline,,fe33df9ae5456d8ee27133c42c244c81d150008ababc19399c7ed428638b57ea
1150,2025-05-12,23.5,23.75,23.5,23.71,9987498,236788023.5,,,,historical_baseline,,fe33df9ae5456d8ee27133c42c244c81d150008ababc19399c7ed428638b57ea
1150,2025-05-13,23.75,23.75,23.42,23.46,10519112,247244778.95,,,,historical_baseline,,fe33df9ae5456d8ee27133c42c244c81d150008ababc19399c7ed428638b57ea
1150,2025-05-14,23.46,23.5,23.21,23.38,6008949,140432944.5,,,,historical_baseline,,fe33df9ae5456d8ee27133c42c244c81d150008ababc19399c7ed428638b57ea
1150,2025-05-15,23.38,23.42,23.17,23.21,5787564,134606419.05,,,,historical_baseline,,fe33df9ae5456d8ee27133c42c244c81d150008ababc19399c7ed428638b57ea
1150,2025-05-18,23.29,23.33,23.21,23.29,1878723,43709074.0,,,,historical_baseline,,fe33df9ae5456d8ee27133c42c244c81d150008ababc19399c7ed428638b57ea
1150,2025-05-19,23.29,23.33,22.75,22.83,8777500,201620771.95,,,,historical_baseline,,fe33df9ae5456d8ee27133c42c244c81d150008ababc19399c7ed428638b57ea
1150,2025-05-20,22.83,23.12,22.58,22.96,8219424,187922282.15,,,,historical_baseline,,fe33df9ae5456d8ee27133c42c244c81d150008ababc19399c7ed428638b57ea
1150,2025-05-21,22.96,23.12,22.92,22.92,5226814,120143977.9,,,,historical_baseline,,fe33df9ae5456d8ee27133c42c244c81d150008ababc19399c7ed428638b57ea
1150,2025-05-22,22.92,23.08,22.71,22.75,6073507,138697241.5,,,,historical_baseline,,fe33df9ae5456d8ee27133c42c244c81d150008ababc19399c7ed428638b57ea
1150,2025-05-25,22.79,22.83,21.83,21.88,14888060,331001059.15,,,,historical_baseline,,fe33df9ae5456d8ee27133c42c244c81d150008ababc19399c7ed428638b57ea
1150,2025-05-26,22.0,22.25,21.96,22.12,7788471,172229899.95,,,,historical_baseline,,fe33df9ae5456d8ee27133c42c244c81d150008ababc19399c7ed428638b57ea
1150,2025-05-27,22.25,22.33,22.12,22.21,5998173,133232508.15,,,,historical_baseline,,fe33df9ae5456d8ee27133c42c244c81d150008ababc19399c7ed428638b57ea
1150,2025-05-28,22.29,22.33,22.08,22.08,8264674,183691961.15,,,,historical_baseline,,fe33df9ae5456d8ee27133c42c244c81d150008ababc19399c7ed428638b57ea
1150,2025-05-29,22.21,22.21,21.54,21.54,28283886,612607591.65,,,,historical_baseline,,fe33df9ae5456d8ee27133c42c244c81d150008ababc19399c7ed428638b57ea
1180,2025-05-01,35.55,35.55,34.9,34.9,4304758,151631328.65,,,,historical_baseline,,fe33df9ae5456d8ee27133c42c244c81d150008ababc19399c7ed428638b57ea
1180,2025-05-04,35.0,35.1,34.15,34.4,3553500,122268071.55,,,,historical_baseline,,fe33df9ae5456d8ee27133c42c244c81d150008ababc19399c7ed428638b57ea
1180,2025-05-05,34.2,34.85,34.15,34.65,5065921,174522575.3,,,,historical_baseline,,fe33df9ae5456d8ee27133c42c244c81d150008ababc19399c7ed428638b57ea
1180,2025-05-06,34.7,35.05,34.65,34.95,3811055,133016153.15,,,,historical_baseline,,fe33df9ae5456d8ee27133c42c244c81d150008ababc19399c7ed428638b57ea
1180,2025-05-07,34.95,35.1,34.75,34.9,3740693,130680989.1,,,,historical_baseline,,fe33df9ae5456d8ee27133c42c244c81d150008ababc19399c7ed428638b57ea
1180,2025-05-08,35.0,35.2,34.7,35.15,3030561,106043351.2,,,,historical_baseline,,fe33df9ae5456d8ee27133c42c244c81d150008ababc19399c7ed428638b57ea
1180,2025-05-11,35.15,35.35,34.85,35.0,1405070,49213963.9,,,,historical_baseline,,fe33df9ae5456d8ee27133c42c244c81d150008ababc19399c7ed428638b57ea
1180,2025-05-12,35.25,35.35,34.9,35.05,5593423,196450742.5,,,,historical_baseline,,fe33df9ae5456d8ee27133c42c244c81d150008ababc19399c7ed428638b57ea
1180,2025-05-13,35.1,35.45,35.0,35.45,3559071,125709793.0,,,,historical_baseline,,fe33df9ae5456d8ee27133c42c244c81d150008ababc19399c7ed428638b57ea
1180,2025-05-14,35.45,35.8,35.35,35.8,4956046,176481283.45,,,,historical_baseline,,fe33df9ae5456d8ee27133c42c244c81d150008ababc19399c7ed428638b57ea
1180,2025-05-15,35.6,35.8,35.4,35.5,2957190,105226026.65,,,,historical_baseline,,fe33df9ae5456d8ee27133c42c244c81d150008ababc19399c7ed428638b57ea
1180,2025-05-18,35.4,35.55,35.15,35.15,1527960,53931054.1,,,,historical_baseline,,fe33df9ae5456d8ee27133c42c244c81d150008ababc19399c7ed428638b57ea
1180,2025-05-19,35.1,35.55,35.0,35.55,3587066,126567564.5,,,,historical_baseline,,fe33df9ae5456d8ee27133c42c244c81d150008ababc19399c7ed428638b57ea
1180,2025-05-20,35.55,35.95,35.4,35.95,6296417,225037498.75,,,,historical_baseline,,fe33df9ae5456d8ee27133c42c244c81d150008ababc19399c7ed428638b57ea
1180,2025-05-21,35.75,35.9,35.1,35.1,4307406,152521479.4,,,,historical_baseline,,fe33df9ae5456d8ee27133c42c244c81d150008ababc19399c7ed428638b57ea
1180,2025-05-22,35.05,35.5,34.85,35.5,4503699,159057086.2,,,,historical_baseline,,fe33df9ae5456d8ee27133c42c244c81d150008ababc19399c7ed428638b57ea
1180,2025-05-25,35.45,35.5,34.5,34.5,3292979,114919176.6,,,,historical_baseline,,fe33df9ae5456d8ee27133c42c244c81d150008ababc19399c7ed428638b57ea
1180,2025-05-26,34.9,35.0,34.3,34.7,4370551,151133256.75,,,,historical_baseline,,fe33df9ae5456d8ee27133c42c244c81d150008ababc19399c7ed428638b57ea
1180,2025-05-27,34.7,34.85,34.25,34.4,3699921,127285272.6,,,,historical_baseline,,fe33df9ae5456d8ee27133c42c244c81d150008ababc19399c7ed428638b57ea
1180,2025-05-28,34.35,34.8,34.3,34.55,5247930,181587398.2,,,,historical_baseline,,fe33df9ae5456d8ee27133c42c244c81d150008ababc19399c7ed428638b57ea
1180,2025-05-29,34.75,35.05,34.2,34.7,9045276,313516904.05,,,,historical_baseline,,fe33df9ae5456d8ee27133c42c244c81d150008ababc19399c7ed428638b57ea
1182,2025-05-01,12.34,12.36,12.22,12.3,84488,1039745.04,,,,historical_baseline,,fe33df9ae5456d8ee27133c42c244c81d150008ababc19399c7ed428638b57ea
1182,2025-05-04,12.22,12.22,11.96,12.0,107051,1288051.32,,,,historical_baseline,,fe33df9ae5456d8ee27133c42c244c81d150008ababc19399c7ed428638b57ea
1182,2025-05-05,12.0,12.18,11.78,11.94,138004,1648071.6,,,,historical_baseline,,fe33df9ae5456d8ee27133c42c244c81d150008ababc19399c7ed428638b57ea
1182,2025-05-06,11.94,12.04,11.86,11.9,24616,293787.68,,,,historical_baseline,,fe33df9ae5456d8ee27133c42c244c81d150008ababc19399c7ed428638b57ea
1182,2025-05-07,11.9,12.12,11.88,12.04,68323,820678.72,,,,historical_baseline,,fe33df9ae5456d8ee27133c42c244c81d150008ababc19399c7ed428638b57ea
1182,2025-05-08,12.22,12.22,11.9,12.0,17825,213359.16,,,,historical_baseline,,fe33df9ae5456d8ee27133c42c244c81d150008ababc19399c7ed428638b57ea
1182,2025-05-11,11.88,12.1,11.88,11.88,159332,1907851.1,,,,historical_baseline,,fe33df9ae5456d8ee27133c42c244c81d150008ababc19399c7ed428638b57ea
1182,2025-05-12,11.88,12.04,11.8,12.02,98780,1175514.58,,,,historical_baseline,,fe33df9ae5456d8ee27133c42c244c81d150008ababc19399c7ed428638b57ea
1182,2025-05-13,12.02,12.14,12.0,12.14,79322,955778.54,,,,historical_baseline,,fe33df9ae5456d8ee27133c42c244c81d150008ababc19399c7ed428638b57ea
1182,2025-05-14,12.2,12.2,11.8,12.0,187143,2240534.22,,,,historical_baseline,,fe33df9ae5456d8ee27133c42c244c81d150008ababc19399c7ed428638b57ea
1182,2025-05-15,12.0,12.0,11.52,11.66,156330,1827650.9,,,,historical_baseline,,fe33df9ae5456d8ee27133c42c244c81d150008ababc19399c7ed428638b57ea
1182,2025-05-18,11.62,11.78,11.62,11.74,87202,1018387.66,,,,historical_baseline,,fe33df9ae5456d8ee27133c42c244c81d150008ababc19399c7ed428638b57ea
1182,2025-05-19,11.68,11.76,11.5,11.56,178884,2071367.34,,,,historical_baseline,,fe33df9ae5456d8ee27133c42c244c81d150008ababc19399c7ed428638b57ea
1182,2025-05-20,11.72,11.72,11.46,11.64,270544,3124683.44,,,,historical_baseline,,fe33df9ae5456d8ee27133c42c244c81d150008ababc19399c7ed428638b57ea
1182,2025-05-21,11.6,11.66,11.42,11.5,159458,1833661.96,,,,historical_baseline,,fe33df9ae5456d8ee27133c42c244c81d150008ababc19399c7ed428638b57ea
1182,2025-05-22,11.4,11.46,11.12,11.18,104593,1183244.98,,,,historical_baseline,,fe33df9ae5456d8ee27133c42c244c81d150008ababc19399c7ed428638b57ea
1182,2025-05-25,11.1,11.22,10.88,10.94,163649,1805188.5,,,,historical_baseline,,fe33df9ae5456d8ee27133c42c244c81d150008ababc19399c7ed428638b57ea
1182,2025-05-26,10.94,10.96,10.72,10.86,162576,1757106.88,,,,historical_baseline,,fe33df9ae5456d8ee27133c42c244c81d150008ababc19399c7ed428638b57ea
1182,2025-05-27,10.84,10.84,10.46,10.58,436770,4605108.0,,,,historical_baseline,,fe33df9ae5456d8ee27133c42c244c81d150008ababc19399c7ed428638b57ea
1182,2025-05-28,10.54,10.7,10.46,10.56,170754,1802544.68,,,,historical_baseline,,fe33df9ae5456d8ee27133c42c244c81d150008ababc19399c7ed428638b57ea
1182,2025-05-29,10.58,10.68,10.48,10.64,177686,1877280.32,,,,historical_baseline,,fe33df9ae5456d8ee27133c42c244c81d150008ababc19399c7ed428638b57ea
1183,2025-05-01,20.04,20.04,19.72,19.9,54219,1078539.9,,,,historical_baseline,,fe33df9ae5456d8ee27133c42c244c81d150008ababc19399c7ed428638b57ea
1183,2025-05-04,19.6,20.06,19.6,20.0,35539,707910.48,,,,historical_baseline,,fe33df9ae5456d8ee27133c42c244c81d150008ababc19399c7ed428638b57ea
1183,2025-05-05,19.98,20.14,19.9,19.92,88972,1778794.6,,,,historical_baseline,,fe33df9ae5456d8ee27133c42c244c81d150008ababc19399c7ed428638b57ea
1183,2025-05-06,19.92,20.0,19.78,19.8,20440,405056.88,,,,historical_baseline,,fe33df9ae5456d8ee27133c42c244c81d150008ababc19399c7ed428638b57ea
1183,2025-05-07,19.8,19.8,19.12,19.14,22287,434413.88,,,,historical_baseline,,fe33df9ae5456d8ee27133c42c244c81d150008ababc19399c7ed428638b57ea
1183,2025-05-08,18.86,19.08,18.2,18.3,21228,395713.5,,,,historical_baseline,,fe33df9ae5456d8ee27133c42c244c81d150008ababc19399c7ed428638b57ea
1183,2025-05-11,18.3,20.12,18.3,19.9,221668,4373524.52,,,,historical_baseline,,fe33df9ae5456d8ee27133c42c244c81d150008ababc19399c7ed428638b57ea
1183,2025-05-12,19.94,20.0,19.12,19.12,166160,3225424.2,,,,historical_baseline,,fe33df9ae5456d8ee27133c42c244c81d150008ababc19399c7ed428638b57ea
1183,2025-05-13,19.16,19.8,19.04,19.8,121556,2356627.3,,,,historical_baseline,,fe33df9ae5456d8ee27133c42c244c81d150008ababc19399c7ed428638b57ea
1183,2025-05-14,19.76,20.1,19.5,20.06,101233,2016908.68,,,,historical_baseline,,fe33df9ae5456d8ee27133c42c244c81d150008ababc19399c7ed428638b57ea
1183,2025-05-15,20.06,20.48,20.0,20.18,276830,5606973.18,,,,historical_baseline,,fe33df9ae5456d8ee27133c42c244c81d150008ababc19399c7ed428638b57ea
1183,2025-05-18,20.38,20.98,20.08,20.5,244510,5022445.86,,,,historical_baseline,,fe33df9ae5456d8ee27133c42c244c81d150008ababc19399c7ed428638b57ea
1183,2025-05-19,20.5,20.5,20.0,20.12,61297,1232524.44,,,,historical_baseline,,fe33df9ae5456d8ee27133c42c244c81d150008ababc19399c7ed428638b57ea
1183,2025-05-20,20.12,20.12,19.5,19.86,21975,435980.88,,,,historical_baseline,,fe33df9ae5456d8ee27133c42c244c81d150008ababc19399c7ed428638b57ea
1183,2025-05-21,19.58,20.5,19.58,20.3,98462,1984807.2,,,,historical_baseline,,fe33df9ae5456d8ee27133c42c244c81d150008ababc19399c7ed428638b57ea
1183,2025-05-22,20.54,20.54,19.02,19.3,111488,2188771.5,,,,historical_baseline,,fe33df9ae5456d8ee27133c42c244c81d150008ababc19399c7ed428638b57ea
1183,2025-05-25,19.3,19.42,18.88,19.34,47334,904182.62,,,,historical_baseline,,fe33df9ae5456d8ee27133c42c244c81d150008ababc19399c7ed428638b57ea
1183,2025-05-26,18.94,19.18,18.5,18.56,51069,959400.8,,,,historical_baseline,,fe33df9ae5456d8ee27133c42c244c81d150008ababc19399c7ed428638b57ea
1183,2025-05-27,18.64,18.72,17.76,17.96,72163,1313343.2,,,,historical_baseline,,fe33df9ae5456d8ee27133c42c244c81d150008ababc19399c7ed428638b57ea
1183,2025-05-28,17.96,18.3,17.96,18.28,66399,1202594.96,,,,historical_baseline,,fe33df9ae5456d8ee27133c42c244c81d150008ababc19399c7ed428638b57ea
1183,2025-05-29,18.04,18.5,18.04,18.24,36348,661610.42,,,,historical_baseline,,fe33df9ae5456d8ee27133c42c244c81d150008ababc19399c7ed428638b57ea
1201,2025-05-01,8.9,8.9,8.64,8.69,148602,1299025.22,,,,historical_baseline,,fe33df9ae5456d8ee27133c42c244c81d150008ababc19399c7ed428638b57ea
1201,2025-05-04,8.72,8.85,8.65,8.69,119045,1039824.3,,,,historical_baseline,,fe33df9ae5456d8ee27133c42c244c81d150008ababc19399c7ed428638b57ea
1201,2025-05-05,8.7,8.81,8.6,8.72,168963,1474903.55,,,,historical_baseline,,fe33df9ae5456d8ee27133c42c244c81d150008ababc19399c7ed428638b57ea
1201,2025-05-06,8.75,8.85,8.6,8.74,205909,1803325.29,,,,historical_baseline,,fe33df9ae5456d8ee27133c42c244c81d150008ababc19399c7ed428638b57ea
1201,2025-05-07,8.8,8.8,8.51,8.51,191340,1647966.02,,,,historical_baseline,,fe33df9ae5456d8ee27133c42c244c81d150008ababc19399c7ed428638b57ea
1201,2025-05-08,8.51,8.56,8.38,8.4,142077,1200214.75,,,,historical_baseline,,fe33df9ae5456d8ee27133c42c244c81d150008ababc19399c7ed428638b57ea
1201,2025-05-11,8.4,8.62,8.36,8.44,160348,1358146.0,,,,historical_baseline,,fe33df9ae5456d8ee27133c42c244c81d150008ababc19399c7ed428638b57ea
1201,2025-05-12,8.44,8.62,8.44,8.57,218673,1871151.35,,,,historical_baseline,,fe33df9ae5456d8ee27133c42c244c81d150008ababc19399c7ed428638b57ea
1201,2025-05-13,8.61,8.64,8.47,8.53,108372,925337.18,,,,historical_baseline,,fe33df9ae5456d8ee27133c42c244c81d150008ababc19399c7ed428638b57ea
1201,2025-05-14,8.46,8.63,8.39,8.45,342606,2909438.71,,,,historical_baseline,,fe33df9ae5456d8ee27133c42c244c81d150008ababc19399c7ed428638b57ea
1201,2025-05-15,8.4,8.44,8.29,8.3,211787,1770001.06,,,,historical_baseline,,fe33df9ae5456d8ee27133c42c244c81d150008ababc19399c7ed428638b57ea
1201,2025-05-18,8.3,8.4,8.25,8.31,166015,1383297.54,,,,historical_baseline,,fe33df9ae5456d8ee27133c42c244c81d150008ababc19399c7ed428638b57ea
1201,2025-05-19,8.25,8.3,8.14,8.17,112144,919714.98,,,,historical_baseline,,fe33df9ae5456d8ee27133c42c244c81d150008ababc19399c7ed428638b57ea
1201,2025-05-20,8.17,8.2,8.1,8.17,171677,1396684.61,,,,historical_baseline,,fe33df9ae5456d8ee27133c42c244c81d150008ababc19399c7ed428638b57ea
1201,2025-05-21,8.17,8.17,8.02,8.1,151032,1220499.27,,,,historical_baseline,,fe33df9ae5456d8ee27133c42c244c81d150008ababc19399c7ed428638b57ea
1201,2025-05-22,8.12,8.12,8.0,8.04,143623,1151907.85,,,,historical_baseline,,fe33df9ae5456d8ee27133c42c244c81d150008ababc19399c7ed428638b57ea
1201,2025-05-25,8.01,8.08,7.96,8.0,115898,929118.49,,,,historical_baseline,,fe33df9ae5456d8ee27133c42c244c81d150008ababc19399c7ed428638b57ea
1201,2025-05-26,8.09,8.09,7.86,8.02,80941,643681.78,,,,historical_baseline,,fe33df9ae5456d8ee27133c42c244c81d150008ababc19399c7ed428638b57ea
1201,2025-05-27,8.03,8.03,7.86,7.88,129494,1022954.14,,,,historical_baseline,,fe33df9ae5456d8ee27133c42c244c81d150008ababc19399c7ed428638b57ea
1201,2025-05-28,7.98,7.98,7.83,7.85,137871,1088503.15,,,,historical_baseline,,fe33df9ae5456d8ee27133c42c244c81d150008ababc19399c7ed428638b57ea
1201,2025-05-29,7.9,7.97,7.87,7.92,131898,1043747.24,,,,historical_baseline,,fe33df9ae5456d8ee27133c42c244c81d150008ababc19399c7ed428638b57ea
1202,2025-05-01,27.65,27.8,27.45,27.7,213178,5877947.8,,,,historical_baseline,,fe33df9ae5456d8ee27133c42c244c81d150008ababc19399c7ed428638b57ea
1202,2025-05-04,27.95,28.15,27.55,27.7,155846,4333533.3,,,,historical_baseline,,fe33df9ae5456d8ee27133c42c244c81d150008ababc19399c7ed428638b57ea
1202,2025-05-05,27.7,28.3,27.6,28.15,251660,7047123.45,,,,historical_baseline,,fe33df9ae5456d8ee27133c42c244c81d150008ababc19399c7ed428638b57ea
1202,2025-05-06,28.15,28.35,26.9,26.9,724941,19933037.9,,,,historical_baseline,,fe33df9ae5456d8ee27133c42c244c81d150008ababc19399c7ed428638b57ea
1202,2025-05-07,27.0,27.15,26.4,26.8,388712,10385684.3,,,,historical_baseline,,fe33df9ae5456d8ee27133c42c244c81d150008ababc19399c7ed428638b57ea
1202,2025-05-08,26.6,26.9,26.3,26.35,229314,6077886.1,,,,historical_baseline,,fe33df9ae5456d8ee27133c42c244c81d150008ababc19399c7ed428638b57ea
1202,2025-05-11,26.4,26.55,25.85,25.95,195056,5088328.5,,,,historical_baseline,,fe33df9ae5456d8ee27133c42c244c81d150008ababc19399c7ed428638b57ea
1202,2025-05-12,25.95,26.85,25.95,26.8,215062,5705882.8,,,,historical_baseline,,fe33df9ae5456d8ee27133c42c244c81d150008ababc19399c7ed428638b57ea
1202,2025-05-13,26.9,27.2,26.7,27.1,211711,5709937.95,,,,historical_baseline,,fe33df9ae5456d8ee27133c42c244c81d150008ababc19399c7ed428638b57ea
1202,2025-05-14,28.2,29.55,27.9,28.65,2127614,60880487.1,,,,historical_baseline,,fe33df9ae5456d8ee27133c42c244c81d150008ababc19399c7ed428638b57ea
1202,2025-05-15,28.9,29.35,28.4,28.55,960058,27708971.05,,,,historical_baseline,,fe33df9ae5456d8ee27133c42c244c81d150008ababc19399c7ed428638b57ea
1202,2025-05-18,28.6,30.15,28.3,29.85,1338954,39541057.2,,,,historical_baseline,,fe33df9ae5456d8ee27133c42c244c81d150008ababc19399c7ed428638b57ea
1202,2025-05-19,29.85,30.25,29.2,29.2,665839,19797073.45,,,,historical_baseline,,fe33df9ae5456d8ee27133c42c244c81d150008ababc19399c7ed428638b57ea
1202,2025-05-20,29.4,30.65,29.15,30.15,992491,29862271.0,,,,historical_baseline,,fe33df9ae5456d8ee27133c42c244c81d150008ababc19399c7ed428638b57ea
1202,2025-05-21,30.4,30.4,29.05,29.3,409718,12146180.15,,,,historical_baseline,,fe33df9ae5456d8ee27133c42c244c81d150008ababc19399c7ed428638b57ea
1202,2025-05-22,29.05,29.5,28.7,28.85,567024,16456638.95,,,,historical_baseline,,fe33df9ae5456d8ee27133c42c244c81d150008ababc19399c7ed428638b57ea
1202,2025-05-25,28.8,29.95,28.5,29.4,716093,21131824.75,,,,historical_baseline,,fe33df9ae5456d8ee27133c42c244c81d150008ababc19399c7ed428638b57ea
1202,2025-05-26,29.5,29.85,28.65,29.45,502406,14666578.35,,,,historical_baseline,,fe33df9ae5456d8ee27133c42c244c81d150008ababc19399c7ed428638b57ea
1202,2025-05-27,29.4,29.45,27.95,28.4,623166,17704089.4,,,,historical_baseline,,fe33df9ae5456d8ee27133c42c244c81d150008ababc19399c7ed428638b57ea
1202,2025-05-28,28.4,28.75,28.15,28.35,255999,7266253.2,,,,historical_baseline,,fe33df9ae5456d8ee27133c42c244c81d150008ababc19399c7ed428638b57ea
1202,2025-05-29,28.4,28.7,28.05,28.25,225470,6396656.45,,,,historical_baseline,,fe33df9ae5456d8ee27133c42c244c81d150008ababc19399c7ed428638b57ea
1210,2025-05-01,28.15,28.4,27.7,27.95,55835,1559577.15,,,,historical_baseline,,fe33df9ae5456d8ee27133c42c244c81d150008ababc19399c7ed428638b57ea
1210,2025-05-04,28.2,28.2,27.45,27.5,26546,734307.2,,,,historical_baseline,,fe33df9ae5456d8ee27133c42c244c81d150008ababc19399c7ed428638b57ea
1210,2025-05-05,27.5,28.05,27.35,27.95,28851,798941.65,,,,historical_baseline,,fe33df9ae5456d8ee27133c42c244c81d150008ababc19399c7ed428638b57ea
1210,2025-05-06,27.95,28.1,27.7,28.1,29877,833084.95,,,,historical_baseline,,fe33df9ae5456d8ee27133c42c244c81d150008ababc19399c7ed428638b57ea
1210,2025-05-07,28.15,28.15,27.6,27.75,15480,429726.65,,,,historical_baseline,,fe33df9ae5456d8ee27133c42c244c81d150008ababc19399c7ed428638b57ea
1210,2025-05-08,27.8,28.0,27.6,27.95,23189,645070.6,,,,historical_baseline,,fe33df9ae5456d8ee27133c42c244c81d150008ababc19399c7ed428638b57ea
1210,2025-05-11,27.95,28.05,27.5,27.75,10396,288245.65,,,,historical_baseline,,fe33df9ae5456d8ee27133c42c244c81d150008ababc19399c7ed428638b57ea
1210,2025-05-12,27.65,28.5,27.65,28.5,65405,1849331.25,,,,historical_baseline,,fe33df9ae5456d8ee27133c42c244c81d150008ababc19399c7ed428638b57ea
1210,2025-05-13,28.5,28.75,28.2,28.45,69599,1974429.65,,,,historical_baseline,,fe33df9ae5456d8ee27133c42c244c81d150008ababc19399c7ed428638b57ea
1210,2025-05-14,28.5,28.9,28.4,28.65,75319,2157788.85,,,,historical_baseline,,fe33df9ae5456d8ee27133c42c244c81d150008ababc19399c7ed428638b57ea
1210,2025-05-15,28.65,28.65,28.0,28.35,41912,1184089.8,,,,historical_baseline,,fe33df9ae5456d8ee27133c42c244c81d150008ababc19399c7ed428638b57ea
1210,2025-05-18,28.35,28.6,28.1,28.45,20558,582090.65,,,,historical_baseline,,fe33df9ae5456d8ee27133c42c244c81d150008ababc19399c7ed428638b57ea
1210,2025-05-19,28.75,29.0,28.25,28.95,100743,2903055.1,,,,historical_baseline,,fe33df9ae5456d8ee27133c42c244c81d150008ababc19399c7ed428638b57ea
1210,2025-05-20,28.95,28.95,28.45,28.95,69705,2005367.7,,,,historical_baseline,,fe33df9ae5456d8ee27133c42c244c81d150008ababc19399c7ed428638b57ea
1210,2025-05-21,29.1,29.2,28.45,28.5,38795,1110193.2,,,,historical_baseline,,fe33df9ae5456d8ee27133c42c244c81d150008ababc19399c7ed428638b57ea
1210,2025-05-22,28.5,28.5,28.2,28.2,21896,619900.15,,,,historical_baseline,,fe33df9ae5456d8ee27133c42c244c81d150008ababc19399c7ed428638b57ea
1210,2025-05-25,28.2,28.45,27.65,28.1,56531,1589125.8,,,,historical_baseline,,fe33df9ae5456d8ee27133c42c244c81d150008ababc19399c7ed428638b57ea
1210,2025-05-26,27.4,27.5,27.05,27.2,56201,1529416.3,,,,historical_baseline,,fe33df9ae5456d8ee27133c42c244c81d150008ababc19399c7ed428638b57ea
1210,2025-05-27,27.1,27.3,26.2,26.35,44676,1188624.55,,,,historical_baseline,,fe33df9ae5456d8ee27133c42c244c81d150008ababc19399c7ed428638b57ea
1210,2025-05-28,26.5,26.7,26.25,26.45,14903,394321.05,,,,historical_baseline,,fe33df9ae5456d8ee27133c42c244c81d150008ababc19399c7ed428638b57ea
1210,2025-05-29,26.5,26.6,26.2,26.2,31210,821704.5,,,,historical_baseline,,fe33df9ae5456d8ee27133c42c244c81d150008ababc19399c7ed428638b57ea
1211,2025-05-01,51.1,51.7,49.9,49.95,4181813,210669863.9,,,,historical_baseline,,fe33df9ae5456d8ee27133c42c244c81d150008ababc19399c7ed428638b57ea
1211,2025-05-04,49.95,51.1,47.9,47.9,3353877,168897932.45,,,,historical_baseline,,fe33df9ae5456d8ee27133c42c244c81d150008ababc19399c7ed428638b57ea
1211,2025-05-05,48.2,51.0,48.2,51.0,3201965,159967880.85,,,,historical_baseline,,fe33df9ae5456d8ee27133c42c244c81d150008ababc19399c7ed428638b57ea
1211,2025-05-06,51.0,52.1,50.7,51.1,2638879,135770385.9,,,,historical_baseline,,fe33df9ae5456d8ee27133c42c244c81d150008ababc19399c7ed428638b57ea
1211,2025-05-07,51.5,52.0,50.6,51.4,3300258,168773192.3,,,,historical_baseline,,fe33df9ae5456d8ee27133c42c244c81d150008ababc19399c7ed428638b57ea
1211,2025-05-08,51.0,51.8,50.5,50.7,2031951,103536210.2,,,,historical_baseline,,fe33df9ae5456d8ee27133c42c244c81d150008ababc19399c7ed428638b57ea
1211,2025-05-11,51.3,51.3,50.3,51.0,847201,43055411.6,,,,historical_baseline,,fe33df9ae5456d8ee27133c42c244c81d150008ababc19399c7ed428638b57ea
1211,2025-05-12,51.1,51.9,50.9,51.0,1945999,99681965.0,,,,historical_baseline,,fe33df9ae5456d8ee27133c42c244c81d150008ababc19399c7ed428638b57ea
1211,2025-05-13,51.1,51.8,50.6,51.1,2665790,136297519.5,,,,historical_baseline,,fe33df9ae5456d8ee27133c42c244c81d150008ababc19399c7ed428638b57ea
1211,2025-05-14,51.1,51.4,50.7,51.0,1806998,92197590.0,,,,historical_baseline,,fe33df9ae5456d8ee27133c42c244c81d150008ababc19399c7ed428638b57ea
1211,2025-05-15,50.9,52.1,50.7,51.3,2421589,124756806.2,,,,historical_baseline,,fe33df9ae5456d8ee27133c42c244c81d150008ababc19399c7ed428638b57ea
1211,2025-05-18,51.5,51.9,50.7,51.0,787018,40265659.8,,,,historical_baseline,,fe33df9ae5456d8ee27133c42c244c81d150008ababc19399c7ed428638b57ea
1211,2025-05-19,51.2,51.6,51.0,51.4,1462265,75124044.2,,,,historical_baseline,,fe33df9ae5456d8ee27133c42c244c81d150008ababc19399c7ed428638b57ea
1211,2025-05-20,51.3,53.4,51.2,53.1,4253866,222683395.5,,,,historical_baseline,,fe33df9ae5456d8ee27133c42c244c81d150008ababc19399c7ed428638b57ea
1211,2025-05-21,53.1,53.7,51.0,51.0,2444444,127053880.7,,,,historical_baseline,,fe33df9ae5456d8ee27133c42c244c81d150008ababc19399c7ed428638b57ea
1211,2025-05-22,51.1,51.8,50.9,51.7,1542113,79082452.6,,,,historical_baseline,,fe33df9ae5456d8ee27133c42c244c81d150008ababc19399c7ed428638b57ea
1211,2025-05-25,51.6,51.8,50.3,50.3,1173744,59778410.5,,,,historical_baseline,,fe33df9ae5456d8ee27133c42c244c81d150008ababc19399c7ed428638b57ea
1211,2025-05-26,51.0,51.3,50.4,51.2,1654520,84192702.3,,,,historical_baseline,,fe33df9ae5456d8ee27133c42c244c81d150008ababc19399c7ed428638b57ea
1211,2025-05-27,51.2,51.3,49.75,50.1,2782077,139947664.7,,,,historical_baseline,,fe33df9ae5456d8ee27133c42c244c81d150008ababc19399c7ed428638b57ea
1211,2025-05-28,50.5,51.3,50.5,51.0,1644733,83624250.9,,,,historical_baseline,,fe33df9ae5456d8ee27133c42c244c81d150008ababc19399c7ed428638b57ea
1211,2025-05-29,51.6,52.0,50.8,51.0,4945687,252904474.9,,,,historical_baseline,,fe33df9ae5456d8ee27133c42c244c81d150008ababc19399c7ed428638b57ea
1212,2025-05-01,148.6,148.6,143.8,145.6,153062,22290987.4,,,,historical_baseline,,fe33df9ae5456d8ee27133c42c244c81d150008ababc19399c7ed428638b57ea
1212,2025-05-04,145.6,147.6,145.2,146.8,91943,13455642.6,,,,historical_baseline,,fe33df9ae5456d8ee27133c42c244c81d150008ababc19399c7ed428638b57ea
1212,2025-05-05,146.8,147.4,143.2,147.0,145491,21138301.4,,,,historical_baseline,,fe33df9ae5456d8ee27133c42c244c81d150008ababc19399c7ed428638b57ea
1212,2025-05-06,145.2,151.8,145.2,150.0,132216,19808052.6,,,,historical_baseline,,fe33df9ae5456d8ee27133c42c244c81d150008ababc19399c7ed428638b57ea
1212,2025-05-07,150.0,152.0,149.2,150.0,80506,12126660.8,,,,historical_baseline,,fe33df9ae5456d8ee27133c42c244c81d150008ababc19399c7ed428638b57ea
1212,2025-05-08,150.2,151.0,148.2,149.2,81869,12210160.2,,,,historical_baseline,,fe33df9ae5456d8ee27133c42c244c81d150008ababc19399c7ed428638b57ea
1212,2025-05-11,149.2,150.2,149.0,149.6,20567,3079966.6,,,,historical_baseline,,fe33df9ae5456d8ee27133c42c244c81d150008ababc19399c7ed428638b57ea
1212,2025-05-12,150.0,154.0,150.0,153.4,101903,15546132.2,,,,historical_baseline,,fe33df9ae5456d8ee27133c42c244c81d150008ababc19399c7ed428638b57ea
1212,2025-05-13,152.2,154.4,152.2,154.2,75912,11671723.0,,,,historical_baseline,,fe33df9ae5456d8ee27133c42c244c81d150008ababc19399c7ed428638b57ea
1212,2025-05-14,154.4,159.8,154.2,159.0,198731,31382183.2,,,,historical_baseline,,fe33df9ae5456d8ee27133c42c244c81d150008ababc19399c7ed428638b57ea
1212,2025-05-15,160.0,163.0,159.2,160.0,161908,25965064.8,,,,historical_baseline,,fe33df9ae5456d8ee27133c42c244c81d150008ababc19399c7ed428638b57ea
1212,2025-05-18,158.8,163.8,158.8,163.0,86312,13955011.6,,,,historical_baseline,,fe33df9ae5456d8ee27133c42c244c81d150008ababc19399c7ed428638b57ea
1212,2025-05-19,161.8,163.2,159.2,160.0,126207,20320633.8,,,,historical_baseline,,fe33df9ae5456d8ee27133c42c244c81d150008ababc19399c7ed428638b57ea
1212,2025-05-20,160.0,163.2,160.0,161.0,93998,15226699.8,,,,historical_baseline,,fe33df9ae5456d8ee27133c42c244c81d150008ababc19399c7ed428638b57ea
1212,2025-05-21,161.0,162.8,156.8,157.8,127811,20342985.4,,,,historical_baseline,,fe33df9ae5456d8ee27133c42c244c81d150008ababc19399c7ed428638b57ea
1212,2025-05-22,158.0,159.4,156.2,157.0,71348,11249301.6,,,,historical_baseline,,fe33df9ae5456d8ee27133c42c244c81d150008ababc19399c7ed428638b57ea
1212,2025-05-25,160.4,164.4,150.6,150.6,144289,23254458.4,,,,historical_baseline,,fe33df9ae5456d8ee27133c42c244c81d150008ababc19399c7ed428638b57ea
1212,2025-05-26,154.4,159.0,154.2,157.2,81459,12804119.4,,,,historical_baseline,,fe33df9ae5456d8ee27133c42c244c81d150008ababc19399c7ed428638b57ea
1212,2025-05-27,157.2,158.8,152.4,153.0,72047,11125155.2,,,,historical_baseline,,fe33df9ae5456d8ee27133c42c244c81d150008ababc19399c7ed428638b57ea
1212,2025-05-28,153.0,157.2,153.0,156.0,43299,6751472.4,,,,historical_baseline,,fe33df9ae5456d8ee27133c42c244c81d150008ababc19399c7ed428638b57ea
1212,2025-05-29,157.0,159.0,155.4,159.0,72703,11479968.8,,,,historical_baseline,,fe33df9ae5456d8ee27133c42c244c81d150008ababc19399c7ed428638b57ea
1213,2025-05-01,86.1,86.1,84.6,85.0,48178,4096434.9,,,,historical_baseline,,fe33df9ae5456d8ee27133c42c244c81d150008ababc19399c7ed428638b57ea
1213,2025-05-04,84.1,86.3,84.1,85.4,41058,3497151.4,,,,historical_baseline,,fe33df9ae5456d8ee27133c42c244c81d150008ababc19399c7ed428638b57ea
1213,2025-05-05,85.4,86.1,84.7,85.8,39901,3414291.7,,,,historical_baseline,,fe33df9ae5456d8ee27133c42c244c81d150008ababc19399c7ed428638b57ea
1213,2025-05-06,86.0,88.0,85.6,85.6,124406,10824350.5,,,,historical_baseline,,fe33df9ae5456d8ee27133c42c244c81d150008ababc19399c7ed428638b57ea
1213,2025-05-07,85.6,85.9,83.6,84.3,68842,5826385.6,,,,historical_baseline,,fe33df9ae5456d8ee27133c42c244c81d150008ababc19399c7ed428638b57ea
1213,2025-05-08,84.0,84.0,79.9,82.7,202698,16486628.2,,,,historical_baseline,,fe33df9ae5456d8ee27133c42c244c81d150008ababc19399c7ed428638b57ea
1213,2025-05-11,83.5,83.5,81.2,81.2,42723,3515107.8,,,,historical_baseline,,fe33df9ae5456d8ee27133c42c244c81d150008ababc19399c7ed428638b57ea
1213,2025-05-12,81.5,87.81,81.5,87.19,266077,22721540.7,,,,historical_baseline,,fe33df9ae5456d8ee27133c42c244c81d150008ababc19399c7ed428638b57ea
1213,2025-05-13,87.61,88.0,86.2,88.0,159836,13933548.1,,,,historical_baseline,,fe33df9ae5456d8ee27133c42c244c81d150008ababc19399c7ed428638b57ea
1213,2025-05-14,88.7,89.8,86.6,86.7,146802,12964797.8,,,,historical_baseline,,fe33df9ae5456d8ee27133c42c244c81d150008ababc19399c7ed428638b57ea
1213,2025-05-15,87.61,87.61,85.6,86.7,55565,4787941.8,,,,historical_baseline,,fe33df9ae5456d8ee27133c42c244c81d150008ababc19399c7ed428638b57ea
1213,2025-05-18,86.7,87.29,85.9,85.9,40784,3527505.5,,,,historical_baseline,,fe33df9ae5456d8ee27133c42c244c81d150008ababc19399c7ed428638b57ea
1213,2025-05-19,86.0,86.3,84.7,85.9,44501,3802929.3,,,,historical_baseline,,fe33df9ae5456d8ee27133c42c244c81d150008ababc19399c7ed428638b57ea
1213,2025-05-20,86.2,86.2,85.2,85.8,33356,2855510.9,,,,historical_baseline,,fe33df9ae5456d8ee27133c42c244c81d150008ababc19399c7ed428638b57ea
1213,2025-05-21,86.0,86.0,84.0,84.7,34099,2886091.8,,,,historical_baseline,,fe33df9ae5456d8ee27133c42c244c81d150008ababc19399c7ed428638b57ea
1213,2025-05-22,84.7,84.7,83.1,83.6,48770,4090232.1,,,,historical_baseline,,fe33df9ae5456d8ee27133c42c244c81d150008ababc19399c7ed428638b57ea
1213,2025-05-25,85.9,88.2,82.3,82.9,137149,11767405.0,,,,historical_baseline,,fe33df9ae5456d8ee27133c42c244c81d150008ababc19399c7ed428638b57ea
1213,2025-05-26,82.9,85.3,81.4,83.0,84354,7000917.3,,,,historical_baseline,,fe33df9ae5456d8ee27133c42c244c81d150008ababc19399c7ed428638b57ea
1213,2025-05-27,84.0,84.0,80.9,81.1,41043,3346845.4,,,,historical_baseline,,fe33df9ae5456d8ee27133c42c244c81d150008ababc19399c7ed428638b57ea
1213,2025-05-28,82.0,82.6,80.7,81.6,80653,6567550.0,,,,historical_baseline,,fe33df9ae5456d8ee27133c42c244c81d150008ababc19399c7ed428638b57ea
1213,2025-05-29,82.5,82.9,80.4,81.5,74482,6104458.0,,,,historical_baseline,,fe33df9ae5456d8ee27133c42c244c81d150008ababc19399c7ed428638b57ea
1214,2025-05-01,25.28,25.28,24.22,24.26,545467,13415021.75,,,,historical_baseline,,fe33df9ae5456d8ee27133c42c244c81d150008ababc19399c7ed428638b57ea
1214,2025-05-04,24.26,24.38,23.76,23.76,233652,5600196.25,,,,historical_baseline,,fe33df9ae5456d8ee27133c42c244c81d150008ababc19399c7ed428638b57ea
1214,2025-05-05,23.68,24.09,23.52,24.01,228647,5460041.45,,,,historical_baseline,,fe33df9ae5456d8ee27133c42c244c81d150008ababc19399c7ed428638b57ea
1214,2025-05-06,24.05,24.99,24.05,24.38,551247,13535932.5,,,,historical_baseline,,fe33df9ae5456d8ee27133c42c244c81d150008ababc19399c7ed428638b57ea
1214,2025-05-07,24.09,24.09,22.25,22.49,2513114,56837865.7,,,,historical_baseline,,fe33df9ae5456d8ee27133c42c244c81d150008ababc19399c7ed428638b57ea
1214,2025-05-08,22.54,22.58,21.76,22.08,609640,13458844.15,,,,historical_baseline,,fe33df9ae5456d8ee27133c42c244c81d150008ababc19399c7ed428638b57ea
1214,2025-05-11,22.21,22.37,22.13,22.21,189430,4206343.3,,,,historical_baseline,,fe33df9ae5456d8ee27133c42c244c81d150008ababc19399c7ed428638b57ea
1214,2025-05-12,22.29,23.07,22.25,23.03,763094,17408652.05,,,,historical_baseline,,fe33df9ae5456d8ee27133c42c244c81d150008ababc19399c7ed428638b57ea
1214,2025-05-13,23.15,23.36,22.78,22.99,504636,11650463.65,,,,historical_baseline,,fe33df9ae5456d8ee27133c42c244c81d150008ababc19399c7ed428638b57ea
1214,2025-05-14,23.19,23.36,23.03,23.19,306241,7092459.95,,,,historical_baseline,,fe33df9ae5456d8ee27133c42c244c81d150008ababc19399c7ed428638b57ea
1214,2025-05-15,23.31,23.31,22.66,23.27,302344,6951663.1,,,,historical_baseline,,fe33df9ae5456d8ee27133c42c244c81d150008ababc19399c7ed428638b57ea
1214,2025-05-18,23.4,23.4,22.9,22.9,269412,6218599.05,,,,historical_baseline,,fe33df9ae5456d8ee27133c42c244c81d150008ababc19399c7ed428638b57ea
1214,2025-05-19,22.49,22.54,22.13,22.29,276245,6158989.6,,,,historical_baseline,,fe33df9ae5456d8ee27133c42c244c81d150008ababc19399c7ed428638b57ea
1214,2025-05-20,22.45,22.49,22.25,22.33,178998,4003973.25,,,,historical_baseline,,fe33df9ae5456d8ee27133c42c244c81d150008ababc19399c7ed428638b57ea
1214,2025-05-21,22.33,22.62,22.08,22.29,448912,10027788.3,,,,historical_baseline,,fe33df9ae5456d8ee27133c42c244c81d150008ababc19399c7ed428638b57ea
1214,2025-05-22,22.17,22.37,21.88,21.96,353890,7825411.0,,,,historical_baseline,,fe33df9ae5456d8ee27133c42c244c81d150008ababc19399c7ed428638b57ea
1214,2025-05-25,21.96,22.37,21.76,21.88,170640,3764094.4,,,,historical_baseline,,fe33df9ae5456d8ee27133c42c244c81d150008ababc19399c7ed428638b57ea
1214,2025-05-26,22.21,22.21,21.47,21.63,266061,5753319.95,,,,historical_baseline,,fe33df9ae5456d8ee27133c42c244c81d150008ababc19399c7ed428638b57ea
1214,2025-05-27,21.55,21.72,21.02,21.02,252191,5381548.65,,,,historical_baseline,,fe33df9ae5456d8ee27133c42c244c81d150008ababc19399c7ed428638b57ea
1214,2025-05-28,21.06,21.8,21.06,21.68,215623,4660916.5,,,,historical_baseline,,fe33df9ae5456d8ee27133c42c244c81d150008ababc19399c7ed428638b57ea
1214,2025-05-29,21.76,22.33,21.76,22.13,312559,6930981.75,,,,historical_baseline,,fe33df9ae5456d8ee27133c42c244c81d150008ababc19399c7ed428638b57ea
1301,2025-05-01,24.78,24.92,24.7,24.7,27344,677785.88,,,,historical_baseline,,fe33df9ae5456d8ee27133c42c244c81d150008ababc19399c7ed428638b57ea
1301,2025-05-04,24.64,24.88,23.98,24.04,92500,2239488.72,,,,historical_baseline,,fe33df9ae5456d8ee27133c42c244c81d150008ababc19399c7ed428638b57ea
1301,2025-05-05,24.0,24.4,23.9,24.4,55290,1332709.46,,,,historical_baseline,,fe33df9ae5456d8ee27133c42c244c81d150008ababc19399c7ed428638b57ea
1301,2025-05-06,24.4,24.4,24.02,24.3,45389,1098779.3,,,,historical_baseline,,fe33df9ae5456d8ee27133c42c244c81d150008ababc19399c7ed428638b57ea
1301,2025-05-07,24.58,24.58,24.0,24.3,36747,889454.8,,,,historical_baseline,,fe33df9ae5456d8ee27133c42c244c81d150008ababc19399c7ed428638b57ea
1301,2025-05-08,24.1,24.3,23.64,23.9,48266,1152238.5,,,,historical_baseline,,fe33df9ae5456d8ee27133c42c244c81d150008ababc19399c7ed428638b57ea
1301,2025-05-11,24.0,24.28,23.76,24.06,24374,584757.8,,,,historical_baseline,,fe33df9ae5456d8ee27133c42c244c81d150008ababc19399c7ed428638b57ea
1301,2025-05-12,24.0,24.56,24.0,24.5,43903,1069893.86,,,,historical_baseline,,fe33df9ae5456d8ee27133c42c244c81d150008ababc19399c7ed428638b57ea
1301,2025-05-13,24.6,24.7,24.3,24.48,38525,945336.66,,,,historical_baseline,,fe33df9ae5456d8ee27133c42c244c81d150008ababc19399c7ed428638b57ea
1301,2025-05-14,24.28,24.54,23.98,24.4,87348,2126851.4,,,,historical_baseline,,fe33df9ae5456d8ee27133c42c244c81d150008ababc19399c7ed428638b57ea
1301,2025-05-15,24.4,24.46,23.86,23.98,46564,1118043.48,,,,historical_baseline,,fe33df9ae5456d8ee27133c42c244c81d150008ababc19399c7ed428638b57ea
1301,2025-05-18,24.0,24.06,23.82,23.9,22552,538813.34,,,,historical_baseline,,fe33df9ae5456d8ee27133c42c244c81d150008ababc19399c7ed428638b57ea
1301,2025-05-19,23.8,23.94,23.76,23.9,39072,930844.78,,,,historical_baseline,,fe33df9ae5456d8ee27133c42c244c81d150008ababc19399c7ed428638b57ea
1301,2025-05-20,23.88,24.2,23.8,24.2,56578,1361021.26,,,,historical_baseline,,fe33df9ae5456d8ee27133c42c244c81d150008ababc19399c7ed428638b57ea
1301,2025-05-21,24.28,24.32,23.74,24.0,54283,1297981.0,,,,historical_baseline,,fe33df9ae5456d8ee27133c42c244c81d150008ababc19399c7ed428638b57ea
1301,2025-05-22,24.0,24.0,23.7,23.7,32566,775970.24,,,,historical_baseline,,fe33df9ae5456d8ee27133c42c244c81d150008ababc19399c7ed428638b57ea
1301,2025-05-25,23.72,23.9,23.26,23.26,30741,721590.34,,,,historical_baseline,,fe33df9ae5456d8ee27133c42c244c81d150008ababc19399c7ed428638b57ea
1301,2025-05-26,23.4,23.4,22.6,22.86,49125,1131314.36,,,,historical_baseline,,fe33df9ae5456d8ee27133c42c244c81d150008ababc19399c7ed428638b57ea
1301,2025-05-27,22.9,22.96,22.28,22.3,29105,656566.78,,,,historical_baseline,,fe33df9ae5456d8ee27133c42c244c81d150008ababc19399c7ed428638b57ea
1301,2025-05-28,22.42,22.68,22.3,22.5,41231,925172.96,,,,historical_baseline,,fe33df9ae5456d8ee27133c42c244c81d150008ababc19399c7ed428638b57ea
1301,2025-05-29,22.52,22.82,22.42,22.7,23293,526102.9,,,,historical_baseline,,fe33df9ae5456d8ee27133c42c244c81d150008ababc19399c7ed428638b57ea
1302,2025-05-01,55.1,55.5,52.1,52.8,177267,9503348.2,,,,historical_baseline,,fe33df9ae5456d8ee27133c42c244c81d150008ababc19399c7ed428638b57ea
1302,2025-05-04,52.9,52.9,50.8,51.1,119600,6178661.8,,,,historical_baseline,,fe33df9ae5456d8ee27133c42c244c81d150008ababc19399c7ed428638b57ea
1302,2025-05-05,51.0,54.4,50.8,53.6,181316,9603190.2,,,,historical_baseline,,fe33df9ae5456d8ee27133c42c244c81d150008ababc19399c7ed428638b57ea
1302,2025-05-06,54.0,55.0,53.6,54.7,179147,9732620.3,,,,historical_baseline,,fe33df9ae5456d8ee27133c42c244c81d150008ababc19399c7ed428638b57ea
1302,2025-05-07,54.7,54.7,52.5,53.0,106984,5717856.5,,,,historical_baseline,,fe33df9ae5456d8ee27133c42c244c81d150008ababc19399c7ed428638b57ea
1302,2025-05-08,53.0,53.5,50.5,50.5,236634,12241190.9,,,,historical_baseline,,fe33df9ae5456d8ee27133c42c244c81d150008ababc19399c7ed428638b57ea
1302,2025-05-11,50.7,51.8,49.0,50.7,133331,6662614.8,,,,historical_baseline,,fe33df9ae5456d8ee27133c42c244c81d150008ababc19399c7ed428638b57ea
1302,2025-05-12,50.5,53.0,50.5,52.9,252009,13095384.0,,,,historical_baseline,,fe33df9ae5456d8ee27133c42c244c81d150008ababc19399c7ed428638b57ea
1302,2025-05-13,52.9,52.9,51.8,52.1,114444,5971839.2,,,,historical_baseline,,fe33df9ae5456d8ee27133c42c244c81d150008ababc19399c7ed428638b57ea
1302,2025-05-14,52.8,53.1,51.2,52.3,223485,11654264.3,,,,historical_baseline,,fe33df9ae5456d8ee27133c42c244c81d150008ababc19399c7ed428638b57ea
1302,2025-05-15,51.9,52.9,51.7,52.9,160441,8424956.4,,,,historical_baseline,,fe33df9ae5456d8ee27133c42c244c81d150008ababc19399c7ed428638b57ea
1302,2025-05-18,53.1,53.8,51.8,51.9,155150,8183358.8,,,,historical_baseline,,fe33df9ae5456d8ee27133c42c244c81d150008ababc19399c7ed428638b57ea
1302,2025-05-19,51.9,51.9,50.7,51.2,128613,6570990.1,,,,historical_baseline,,fe33df9ae5456d8ee27133c42c244c81d150008ababc19399c7ed428638b57ea
1302,2025-05-20,51.5,52.1,50.8,52.1,128817,6621092.8,,,,historical_baseline,,fe33df9ae5456d8ee27133c42c244c81d150008ababc19399c7ed428638b57ea
1302,2025-05-21,51.6,52.0,50.0,50.5,192796,9753251.7,,,,historical_baseline,,fe33df9ae5456d8ee27133c42c244c81d150008ababc19399c7ed428638b57ea
1302,2025-05-22,49.8,50.0,49.2,49.55,136084,6738650.95,,,,historical_baseline,,fe33df9ae5456d8ee27133c42c244c81d150008ababc19399c7ed428638b57ea
1302,2025-05-25,48.85,49.55,48.35,48.85,109475,5342895.45,,,,historical_baseline,,fe33df9ae5456d8ee27133c42c244c81d150008ababc19399c7ed428638b57ea
1302,2025-05-26,48.85,48.85,47.0,48.0,153917,7352399.75,,,,historical_baseline,,fe33df9ae5456d8ee27133c42c244c81d150008ababc19399c7ed428638b57ea
1302,2025-05-27,47.75,48.8,47.35,48.0,133726,6414027.2,,,,historical_baseline,,fe33df9ae5456d8ee27133c42c244c81d150008ababc19399c7ed428638b57ea
1302,2025-05-28,47.85,49.75,47.85,49.5,109136,5347962.05,,,,historical_baseline,,fe33df9ae5456d8ee27133c42c244c81d150008ababc19399c7ed428638b57ea
1302,2025-05-29,49.6,50.1,49.1,49.15,137210,6799057.95,,,,historical_baseline,,fe33df9ae5456d8ee27133c42c244c81d150008ababc19399c7ed428638b57ea
1303,2025-05-01,7.35,7.63,7.25,7.3,28620071,212952942.38,,,,historical_baseline,,fe33df9ae5456d8ee27133c42c244c81d150008ababc19399c7ed428638b57ea
1303,2025-05-04,7.32,7.61,7.3,7.42,8477404,63319412.11,,,,historical_baseline,,fe33df9ae5456d8ee27133c42c244c81d150008ababc19399c7ed428638b57ea
1303,2025-05-05,7.42,7.46,7.25,7.33,4806589,35304166.78,,,,historical_baseline,,fe33df9ae5456d8ee27133c42c244c81d150008ababc19399c7ed428638b57ea
1303,2025-05-06,7.32,7.36,7.2,7.21,3909460,28357067.97,,,,historical_baseline,,fe33df9ae5456d8ee27133c42c244c81d150008ababc19399c7ed428638b57ea
1303,2025-05-07,7.2,7.23,7.11,7.14,4421741,31686669.94,,,,historical_baseline,,fe33df9ae5456d8ee27133c42c244c81d150008ababc19399c7ed428638b57ea
1303,2025-05-08,7.17,7.27,7.03,7.06,3837743,27355122.37,,,,historical_baseline,,fe33df9ae5456d8ee27133c42c244c81d150008ababc19399c7ed428638b57ea
1303,2025-05-11,7.08,7.22,7.07,7.18,2113583,15135186.93,,,,historical_baseline,,fe33df9ae5456d8ee27133c42c244c81d150008ababc19399c7ed428638b57ea
1303,2025-05-12,7.22,7.25,7.17,7.21,4180238,30127040.49,,,,historical_baseline,,fe33df9ae5456d8ee27133c42c244c81d150008ababc19399c7ed428638b57ea
1303,2025-05-13,7.23,7.4,7.23,7.31,4801084,35165362.5,,,,historical_baseline,,fe33df9ae5456d8ee27133c42c244c81d150008ababc19399c7ed428638b57ea
1303,2025-05-14,7.35,7.54,7.31,7.4,8765582,65386477.34,,,,historical_baseline,,fe33df9ae5456d8ee27133c42c244c81d150008ababc19399c7ed428638b57ea
1303,2025-05-15,7.4,7.4,7.23,7.32,2956173,21566708.91,,,,historical_baseline,,fe33df9ae5456d8ee27133c42c244c81d150008ababc19399c7ed428638b57ea
1303,2025-05-18,7.32,7.39,7.28,7.3,1646844,12054924.45,,,,historical_baseline,,fe33df9ae5456d8ee27133c42c244c81d150008ababc19399c7ed428638b57ea
1303,2025-05-19,7.29,7.3,7.18,7.21,2380358,17163964.51,,,,historical_baseline,,fe33df9ae5456d8ee27133c42c244c81d150008ababc19399c7ed428638b57ea
1303,2025-05-20,7.21,7.27,7.17,7.23,1419453,10250855.18,,,,historical_baseline,,fe33df9ae5456d8ee27133c42c244c81d150008ababc19399c7ed428638b57ea
1303,2025-05-21,7.22,7.25,7.07,7.08,2954977,21065071.57,,,,historical_baseline,,fe33df9ae5456d8ee27133c42c244c81d150008ababc19399c7ed428638b57ea
1303,2025-05-22,7.08,7.08,6.92,6.96,3574072,24991185.39,,,,historical_baseline,,fe33df9ae5456d8ee27133c42c244c81d150008ababc19399c7ed428638b57ea
1303,2025-05-25,6.98,7.02,6.95,6.95,1263590,8818299.72,,,,historical_baseline,,fe33df9ae5456d8ee27133c42c244c81d150008ababc19399c7ed428638b57ea
1303,2025-05-26,6.95,6.99,6.82,6.92,2258140,15588917.24,,,,historical_baseline,,fe33df9ae5456d8ee27133c42c244c81d150008ababc19399c7ed428638b57ea
1303,2025-05-27,6.93,7.0,6.71,6.74,2380473,16205164.23,,,,historical_baseline,,fe33df9ae5456d8ee27133c42c244c81d150008ababc19399c7ed428638b57ea
1303,2025-05-28,6.74,6.93,6.74,6.9,2458834,16781598.81,,,,historical_baseline,,fe33df9ae5456d8ee27133c42c244c81d150008ababc19399c7ed428638b57ea
1303,2025-05-29,6.9,7.16,6.85,7.13,5319484,37311452.96,,,,historical_baseline,,fe33df9ae5456d8ee27133c42c244c81d150008ababc19399c7ed428638b57ea
1304,2025-05-01,35.0,35.3,34.3,35.25,519080,18091971.9,,,,historical_baseline,,fe33df9ae5456d8ee27133c42c244c81d150008ababc19399c7ed428638b57ea
1304,2025-05-04,35.5,36.2,34.15,34.15,627914,22165640.25,,,,historical_baseline,,fe33df9ae5456d8ee27133c42c244c81d150008ababc19399c7ed428638b57ea
1304,2025-05-05,33.75,35.0,33.75,34.9,330146,11419605.5,,,,historical_baseline,,fe33df9ae5456d8ee27133c42c244c81d150008ababc19399c7ed428638b57ea
1304,2025-05-06,35.25,36.25,35.1,35.1,652469,23323614.4,,,,historical_baseline,,fe33df9ae5456d8ee27133c42c244c81d150008ababc19399c7ed428638b57ea
1304,2025-05-07,35.1,35.1,34.3,34.55,218669,7568277.9,,,,historical_baseline,,fe33df9ae5456d8ee27133c42c244c81d150008ababc19399c7ed428638b57ea
1304,2025-05-08,34.55,34.85,33.0,33.1,449672,15169462.2,,,,historical_baseline,,fe33df9ae5456d8ee27133c42c244c81d150008ababc19399c7ed428638b57ea
1304,2025-05-11,32.95,33.2,32.2,32.75,199326,6490933.5,,,,historical_baseline,,fe33df9ae5456d8ee27133c42c244c81d150008ababc19399c7ed428638b57ea
1304,2025-05-12,32.75,33.55,32.55,32.95,364603,12035921.65,,,,historical_baseline,,fe33df9ae5456d8ee27133c42c244c81d150008ababc19399c7ed428638b57ea
1304,2025-05-13,33.2,34.0,32.8,33.7,479377,16103898.3,,,,historical_baseline,,fe33df9ae5456d8ee27133c42c244c81d150008ababc19399c7ed428638b57ea
1304,2025-05-14,33.9,33.95,32.7,33.6,276360,9275194.45,,,,historical_baseline,,fe33df9ae5456d8ee27133c42c244c81d150008ababc19399c7ed428638b57ea
1304,2025-05-15,33.0,33.05,31.05,31.7,1098999,34813678.65,,,,historical_baseline,,fe33df9ae5456d8ee27133c42c244c81d150008ababc19399c7ed428638b57ea
1304,2025-05-18,31.55,31.8,31.1,31.2,328494,10274452.6,,,,historical_baseline,,fe33df9ae5456d8ee27133c42c244c81d150008ababc19399c7ed428638b57ea
1304,2025-05-19,31.3,31.65,31.1,31.25,280235,8799538.6,,,,historical_baseline,,fe33df9ae5456d8ee27133c42c244c81d150008ababc19399c7ed428638b57ea
1304,2025-05-20,31.4,31.7,31.25,31.55,181190,5702798.0,,,,historical_baseline,,fe33df9ae5456d8ee27133c42c244c81d150008ababc19399c7ed428638b57ea
1304,2025-05-21,31.6,31.6,31.0,31.05,162262,5060547.1,,,,historical_baseline,,fe33df9ae5456d8ee27133c42c244c81d150008ababc19399c7ed428638b57ea
1304,2025-05-22,30.85,31.2,30.8,30.9,91550,2833855.45,,,,historical_baseline,,fe33df9ae5456d8ee27133c42c244c81d150008ababc19399c7ed428638b57ea
1304,2025-05-25,30.9,31.3,30.55,30.75,101918,3151872.5,,,,historical_baseline,,fe33df9ae5456d8ee27133c42c244c81d150008ababc19399c7ed428638b57ea
1304,2025-05-26,31.1,31.1,29.45,29.95,267499,8051791.9,,,,historical_baseline,,fe33df9ae5456d8ee27133c42c244c81d150008ababc19399c7ed428638b57ea
1304,2025-05-27,29.95,30.05,28.9,29.1,286435,8427376.45,,,,historical_baseline,,fe33df9ae5456d8ee27133c42c244c81d150008ababc19399c7ed428638b57ea
1304,2025-05-28,29.6,29.7,29.1,29.45,144170,4243126.7,,,,historical_baseline,,fe33df9ae5456d8ee27133c42c244c81d150008ababc19399c7ed428638b57ea
1304,2025-05-29,29.7,29.8,28.35,29.65,475790,13859218.75,,,,historical_baseline,,fe33df9ae5456d8ee27133c42c244c81d150008ababc19399c7ed428638b57ea
1320,2025-05-01,56.1,56.3,55.0,55.3,150154,8345690.7,,,,historical_baseline,,fe33df9ae5456d8ee27133c42c244c81d150008ababc19399c7ed428638b57ea
1320,2025-05-04,55.5,55.9,54.3,54.3,74987,4124929.7,,,,historical_baseline,,fe33df9ae5456d8ee27133c42c244c81d150008ababc19399c7ed428638b57ea
1320,2025-05-05,54.0,54.2,52.7,52.9,417050,22137900.7,,,,historical_baseline,,fe33df9ae5456d8ee27133c42c244c81d150008ababc19399c7ed428638b57ea
1320,2025-05-06,52.9,53.5,52.1,52.2,138721,7337192.3,,,,historical_baseline,,fe33df9ae5456d8ee27133c42c244c81d150008ababc19399c7ed428638b57ea
1320,2025-05-07,57.4,57.4,54.1,54.4,2792829,156898220.8,,,,historical_baseline,,fe33df9ae5456d8ee27133c42c244c81d150008ababc19399c7ed428638b57ea
1320,2025-05-08,54.6,55.7,54.0,54.3,490796,26853136.4,,,,historical_baseline,,fe33df9ae5456d8ee27133c42c244c81d150008ababc19399c7ed428638b57ea
1320,2025-05-11,54.9,54.9,53.7,54.0,259649,14023176.3,,,,historical_baseline,,fe33df9ae5456d8ee27133c42c244c81d150008ababc19399c7ed428638b57ea
1320,2025-05-12,54.1,55.8,54.1,54.7,411705,22669774.4,,,,historical_baseline,,fe33df9ae5456d8ee27133c42c244c81d150008ababc19399c7ed428638b57ea
1320,2025-05-13,55.2,56.8,54.0,56.0,551966,30779128.9,,,,historical_baseline,,fe33df9ae5456d8ee27133c42c244c81d150008ababc19399c7ed428638b57ea
1320,2025-05-14,57.2,57.5,56.6,56.7,365277,20807951.6,,,,historical_baseline,,fe33df9ae5456d8ee27133c42c244c81d150008ababc19399c7ed428638b57ea
1320,2025-05-15,57.0,57.3,56.2,56.8,309347,17574858.3,,,,historical_baseline,,fe33df9ae5456d8ee27133c42c244c81d150008ababc19399c7ed428638b57ea
1320,2025-05-18,56.5,58.2,56.3,58.0,408390,23513274.4,,,,historical_baseline,,fe33df9ae5456d8ee27133c42c244c81d150008ababc19399c7ed428638b57ea
1320,2025-05-19,58.0,58.6,57.4,58.4,496997,28806091.8,,,,historical_baseline,,fe33df9ae5456d8ee27133c42c244c81d150008ababc19399c7ed428638b57ea
1320,2025-05-20,59.0,60.6,58.7,58.7,790320,46981419.9,,,,historical_baseline,,fe33df9ae5456d8ee27133c42c244c81d150008ababc19399c7ed428638b57ea
1320,2025-05-21,59.0,59.2,57.8,58.0,365370,21280145.5,,,,historical_baseline,,fe33df9ae5456d8ee27133c42c244c81d150008ababc19399c7ed428638b57ea
1320,2025-05-22,57.5,58.9,57.2,58.4,325846,18963727.9,,,,historical_baseline,,fe33df9ae5456d8ee27133c42c244c81d150008ababc19399c7ed428638b57ea
1320,2025-05-25,58.7,61.6,58.5,61.2,1009131,60929118.5,,,,historical_baseline,,fe33df9ae5456d8ee27133c42c244c81d150008ababc19399c7ed428638b57ea
1320,2025-05-26,61.6,61.9,59.5,60.1,415560,25150977.1,,,,historical_baseline,,fe33df9ae5456d8ee27133c42c244c81d150008ababc19399c7ed428638b57ea
1320,2025-05-27,60.7,60.7,58.6,58.7,249122,14779777.8,,,,historical_baseline,,fe33df9ae5456d8ee27133c42c244c81d150008ababc19399c7ed428638b57ea
1320,2025-05-28,58.9,60.6,58.9,59.8,197852,11828386.4,,,,historical_baseline,,fe33df9ae5456d8ee27133c42c244c81d150008ababc19399c7ed428638b57ea
1320,2025-05-29,60.0,60.5,59.5,59.9,267331,16042940.9,,,,historical_baseline,,fe33df9ae5456d8ee27133c42c244c81d150008ababc19399c7ed428638b57ea
1321,2025-05-01,135.0,135.0,131.6,133.0,61002,8100932.8,,,,historical_baseline,,fe33df9ae5456d8ee27133c42c244c81d150008ababc19399c7ed428638b57ea
1321,2025-05-04,133.0,133.0,130.0,130.2,148050,19440608.4,,,,historical_baseline,,fe33df9ae5456d8ee27133c42c244c81d150008ababc19399c7ed428638b57ea
1321,2025-05-05,130.2,131.8,128.0,130.6,106173,13790665.4,,,,historical_baseline,,fe33df9ae5456d8ee27133c42c244c81d150008ababc19399c7ed428638b57ea
1321,2025-05-06,131.0,131.0,128.2,129.0,74316,9625694.8,,,,historical_baseline,,fe33df9ae5456d8ee27133c42c244c81d150008ababc19399c7ed428638b57ea
1321,2025-05-07,130.6,132.6,129.4,130.2,121585,15924818.2,,,,historical_baseline,,fe33df9ae5456d8ee27133c42c244c81d150008ababc19399c7ed428638b57ea
1321,2025-05-08,130.4,131.4,128.2,128.4,59013,7647827.6,,,,historical_baseline,,fe33df9ae5456d8ee27133c42c244c81d150008ababc19399c7ed428638b57ea
1321,2025-05-11,130.0,130.0,126.0,127.0,72410,9240190.2,,,,historical_baseline,,fe33df9ae5456d8ee27133c42c244c81d150008ababc19399c7ed428638b57ea
1321,2025-05-12,128.0,131.0,127.2,130.6,91470,11839731.6,,,,historical_baseline,,fe33df9ae5456d8ee27133c42c244c81d150008ababc19399c7ed428638b57ea
1321,2025-05-13,130.6,131.2,128.4,129.4,76384,9923298.0,,,,historical_baseline,,fe33df9ae5456d8ee27133c42c244c81d150008ababc19399c7ed428638b57ea
1321,2025-05-14,129.4,132.6,129.4,132.0,91648,12045701.6,,,,historical_baseline,,fe33df9ae5456d8ee27133c42c244c81d150008ababc19399c7ed428638b57ea
1321,2025-05-15,132.4,132.4,128.6,129.4,66714,8667976.8,,,,historical_baseline,,fe33df9ae5456d8ee27133c42c244c81d150008ababc19399c7ed428638b57ea
1321,2025-05-18,129.4,131.8,128.4,130.6,67217,8738567.2,,,,historical_baseline,,fe33df9ae5456d8ee27133c42c244c81d150008ababc19399c7ed428638b57ea
1321,2025-05-19,131.6,132.2,128.4,129.6,95193,12366261.0,,,,historical_baseline,,fe33df9ae5456d8ee27133c42c244c81d150008ababc19399c7ed428638b57ea
1321,2025-05-20,129.2,130.4,128.0,128.2,148086,19137272.4,,,,historical_baseline,,fe33df9ae5456d8ee27133c42c244c81d150008ababc19399c7ed428638b57ea
1321,2025-05-21,127.8,128.2,123.6,124.8,166613,20771383.8,,,,historical_baseline,,fe33df9ae5456d8ee27133c42c244c81d150008ababc19399c7ed428638b57ea
1321,2025-05-22,124.8,125.0,120.4,120.6,254076,30917009.2,,,,historical_baseline,,fe33df9ae5456d8ee27133c42c244c81d150008ababc19399c7ed428638b57ea
1321,2025-05-25,120.6,121.0,116.2,117.0,113845,13428316.4,,,,historical_baseline,,fe33df9ae5456d8ee27133c42c244c81d150008ababc19399c7ed428638b57ea
1321,2025-05-26,117.0,117.6,112.0,113.6,246130,28133663.0,,,,historical_baseline,,fe33df9ae5456d8ee27133c42c244c81d150008ababc19399c7ed428638b57ea
1321,2025-05-27,114.0,117.2,112.0,114.6,266928,30534623.0,,,,historical_baseline,,fe33df9ae5456d8ee27133c42c244c81d150008ababc19399c7ed428638b57ea
1321,2025-05-28,114.2,117.4,113.6,115.0,193047,22299744.6,,,,historical_baseline,,fe33df9ae5456d8ee27133c42c244c81d150008ababc19399c7ed428638b57ea
1321,2025-05-29,116.4,125.0,115.0,124.0,441361,53600089.0,,,,historical_baseline,,fe33df9ae5456d8ee27133c42c244c81d150008ababc19399c7ed428638b57ea
1322,2025-05-01,60.5,61.2,59.9,59.9,158512,9594947.6,,,,historical_baseline,,fe33df9ae5456d8ee27133c42c244c81d150008ababc19399c7ed428638b57ea
1322,2025-05-04,59.9,61.0,59.8,60.0,107532,6490311.5,,,,historical_baseline,,fe33df9ae5456d8ee27133c42c244c81d150008ababc19399c7ed428638b57ea
1322,2025-05-05,60.0,60.2,58.7,59.2,190813,11374671.7,,,,historical_baseline,,fe33df9ae5456d8ee27133c42c244c81d150008ababc19399c7ed428638b57ea
1322,2025-05-06,59.3,60.6,58.9,59.0,153437,9161333.8,,,,historical_baseline,,fe33df9ae5456d8ee27133c42c244c81d150008ababc19399c7ed428638b57ea
1322,2025-05-07,59.5,60.9,58.7,58.8,254979,15234478.7,,,,historical_baseline,,fe33df9ae5456d8ee27133c42c244c81d150008ababc19399c7ed428638b57ea
1322,2025-05-08,58.7,59.5,58.2,58.2,173490,10186236.4,,,,historical_baseline,,fe33df9ae5456d8ee27133c42c244c81d150008ababc19399c7ed428638b57ea
1322,2025-05-11,58.5,58.9,57.5,58.3,67151,3898809.8,,,,historical_baseline,,fe33df9ae5456d8ee27133c42c244c81d150008ababc19399c7ed428638b57ea
1322,2025-05-12,58.6,60.0,58.5,59.4,165783,9863382.9,,,,historical_baseline,,fe33df9ae5456d8ee27133c42c244c81d150008ababc19399c7ed428638b57ea
1322,2025-05-13,59.6,60.5,59.5,59.7,199739,11986564.5,,,,historical_baseline,,fe33df9ae5456d8ee27133c42c244c81d150008ababc19399c7ed428638b57ea
1322,2025-05-14,60.3,60.4,58.6,58.6,248540,14751810.4,,,,historical_baseline,,fe33df9ae5456d8ee27133c42c244c81d150008ababc19399c7ed428638b57ea
1322,2025-05-15,58.7,59.2,58.1,58.4,172479,10114085.2,,,,historical_baseline,,fe33df9ae5456d8ee27133c42c244c81d150008ababc19399c7ed428638b57ea
1322,2025-05-18,58.4,58.7,57.9,58.0,106196,6187052.0,,,,historical_baseline,,fe33df9ae5456d8ee27133c42c244c81d150008ababc19399c7ed428638b57ea
1322,2025-05-19,58.0,58.4,57.3,57.3,126087,7292654.1,,,,historical_baseline,,fe33df9ae5456d8ee27133c42c244c81d150008ababc19399c7ed428638b57ea
1322,2025-05-20,57.3,58.4,57.1,58.2,114427,6614664.2,,,,historical_baseline,,fe33df9ae5456d8ee27133c42c244c81d150008ababc19399c7ed428638b57ea
1322,2025-05-21,58.3,59.1,57.3,57.3,171447,9973291.9,,,,historical_baseline,,fe33df9ae5456d8ee27133c42c244c81d150008ababc19399c7ed428638b57ea
1322,2025-05-22,57.3,57.8,56.8,57.5,106014,6076777.2,,,,historical_baseline,,fe33df9ae5456d8ee27133c42c244c81d150008ababc19399c7ed428638b57ea
1322,2025-05-25,57.8,58.3,57.2,57.6,131131,7565134.7,,,,historical_baseline,,fe33df9ae5456d8ee27133c42c244c81d150008ababc19399c7ed428638b57ea
1322,2025-05-26,57.1,58.0,56.3,57.0,156143,8898520.0,,,,historical_baseline,,fe33df9ae5456d8ee27133c42c244c81d150008ababc19399c7ed428638b57ea
1322,2025-05-27,57.2,57.2,55.7,55.7,102125,5743913.7,,,,historical_baseline,,fe33df9ae5456d8ee27133c42c244c81d150008ababc19399c7ed428638b57ea
1322,2025-05-28,56.3,58.3,56.1,57.5,264984,15185477.3,,,,historical_baseline,,fe33df9ae5456d8ee27133c42c244c81d150008ababc19399c7ed428638b57ea
1322,2025-05-29,57.5,59.7,57.5,59.2,311664,18398197.9,,,,historical_baseline,,fe33df9ae5456d8ee27133c42c244c81d150008ababc19399c7ed428638b57ea
1810,2025-05-01,24.4,24.56,23.82,23.9,910606,22034144.2,,,,historical_baseline,,fe33df9ae5456d8ee27133c42c244c81d150008ababc19399c7ed428638b57ea
1810,2025-05-04,23.88,23.88,23.5,23.7,511207,12112232.62,,,,historical_baseline,,fe33df9ae5456d8ee27133c42c244c81d150008ababc19399c7ed428638b57ea
1810,2025-05-05,23.66,23.82,23.46,23.6,415249,9819446.96,,,,historical_baseline,,fe33df9ae5456d8ee27133c42c244c81d150008ababc19399c7ed428638b57ea
1810,2025-05-06,23.64,24.16,23.64,23.84,569952,13662658.18,,,,historical_baseline,,fe33df9ae5456d8ee27133c42c244c81d150008ababc19399c7ed428638b57ea
1810,2025-05-07,23.84,23.98,23.8,23.9,587140,14023729.16,,,,historical_baseline,,fe33df9ae5456d8ee27133c42c244c81d150008ababc19399c7ed428638b57ea
1810,2025-05-08,23.84,24.62,23.84,24.2,1333297,32493911.04,,,,historical_baseline,,fe33df9ae5456d8ee27133c42c244c81d150008ababc19399c7ed428638b57ea
1810,2025-05-11,24.2,24.36,24.12,24.2,551954,13375187.26,,,,historical_baseline,,fe33df9ae5456d8ee27133c42c244c81d150008ababc19399c7ed428638b57ea
1810,2025-05-12,23.86,24.56,23.86,24.26,1470299,35698138.9,,,,historical_baseline,,fe33df9ae5456d8ee27133c42c244c81d150008ababc19399c7ed428638b57ea
1810,2025-05-13,24.36,24.6,24.34,24.54,649236,15905868.92,,,,historical_baseline,,fe33df9ae5456d8ee27133c42c244c81d150008ababc19399c7ed428638b57ea
1810,2025-05-14,24.66,25.55,24.62,25.25,2114117,53228897.42,,,,historical_baseline,,fe33df9ae5456d8ee27133c42c244c81d150008ababc19399c7ed428638b57ea
1810,2025-05-15,25.3,25.85,25.3,25.7,1326895,34053796.1,,,,historical_baseline,,fe33df9ae5456d8ee27133c42c244c81d150008ababc19399c7ed428638b57ea
1810,2025-05-18,25.7,25.85,25.45,25.7,1117610,28707339.85,,,,historical_baseline,,fe33df9ae5456d8ee27133c42c244c81d150008ababc19399c7ed428638b57ea
1810,2025-05-19,25.7,25.8,25.5,25.75,568713,14597204.75,,,,historical_baseline,,fe33df9ae5456d8ee27133c42c244c81d150008ababc19399c7ed428638b57ea
1810,2025-05-20,25.6,26.15,25.6,26.1,1091739,28355408.5,,,,historical_baseline,,fe33df9ae5456d8ee27133c42c244c81d150008ababc19399c7ed428638b57ea
1810,2025-05-21,26.0,26.2,25.5,25.5,859273,22304973.05,,,,historical_baseline,,fe33df9ae5456d8ee27133c42c244c81d150008ababc19399c7ed428638b57ea
1810,2025-05-22,25.3,25.85,25.15,25.3,834222,21334272.55,,,,historical_baseline,,fe33df9ae5456d8ee27133c42c244c81d150008ababc19399c7ed428638b57ea
1810,2025-05-25,25.0,25.7,24.84,24.84,688525,17386386.25,,,,historical_baseline,,fe33df9ae5456d8ee27133c42c244c81d150008ababc19399c7ed428638b57ea
1810,2025-05-26,24.88,25.7,24.88,25.3,909714,23005219.57,,,,historical_baseline,,fe33df9ae5456d8ee27133c42c244c81d150008ababc19399c7ed428638b57ea
1810,2025-05-27,25.3,25.95,25.2,25.4,957648,24496105.7,,,,historical_baseline,,fe33df9ae5456d8ee27133c42c244c81d150008ababc19399c7ed428638b57ea
1810,2025-05-28,25.4,25.75,25.15,25.7,1202948,30697272.15,,,,historical_baseline,,fe33df9ae5456d8ee27133c42c244c81d150008ababc19399c7ed428638b57ea
1810,2025-05-29,25.7,26.0,25.45,25.45,705765,18147093.9,,,,historical_baseline,,fe33df9ae5456d8ee27133c42c244c81d150008ababc19399c7ed428638b57ea
1820,2025-05-01,2.18,2.19,2.15,2.19,743846,1614455.91,,,,historical_baseline,,fe33df9ae5456d8ee27133c42c244c81d150008ababc19399c7ed428638b57ea
1820,2025-05-04,2.19,2.2,2.1,2.13,1007704,2154241.62,,,,historical_baseline,,fe33df9ae5456d8ee27133c42c244c81d150008ababc19399c7ed428638b57ea
1820,2025-05-05,2.13,2.2,2.11,2.2,1507121,3267148.29,,,,historical_baseline,,fe33df9ae5456d8ee27133c42c244c81d150008ababc19399c7ed428638b57ea
1820,2025-05-06,2.17,2.23,2.16,2.17,1325650,2905029.63,,,,historical_baseline,,fe33df9ae5456d8ee27133c42c244c81d150008ababc19399c7ed428638b57ea
1820,2025-05-07,2.15,2.18,2.13,2.16,817005,1757220.88,,,,historical_baseline,,fe33df9ae5456d8ee27133c42c244c81d150008ababc19399c7ed428638b57ea
1820,2025-05-08,2.16,2.17,2.12,2.12,556652,1187104.44,,,,historical_baseline,,fe33df9ae5456d8ee27133c42c244c81d150008ababc19399c7ed428638b57ea
1820,2025-05-11,2.14,2.15,2.11,2.13,819709,1748343.55,,,,historical_baseline,,fe33df9ae5456d8ee27133c42c244c81d150008ababc19399c7ed428638b57ea
1820,2025-05-12,2.13,2.18,2.13,2.18,1267892,2740882.79,,,,historical_baseline,,fe33df9ae5456d8ee27133c42c244c81d150008ababc19399c7ed428638b57ea
1820,2025-05-13,2.18,2.2,2.14,2.17,1295363,2803104.25,,,,historical_baseline,,fe33df9ae5456d8ee27133c42c244c81d150008ababc19399c7ed428638b57ea
1820,2025-05-14,2.17,2.22,2.16,2.22,1797992,3956787.2,,,,historical_baseline,,fe33df9ae5456d8ee27133c42c244c81d150008ababc19399c7ed428638b57ea
1820,2025-05-15,2.18,2.19,2.11,2.14,3460363,7399977.37,,,,historical_baseline,,fe33df9ae5456d8ee27133c42c244c81d150008ababc19399c7ed428638b57ea
1820,2025-05-18,2.15,2.16,2.13,2.14,797299,1709213.04,,,,historical_baseline,,fe33df9ae5456d8ee27133c42c244c81d150008ababc19399c7ed428638b57ea
1820,2025-05-19,2.15,2.15,2.12,2.13,1535833,3272204.64,,,,historical_baseline,,fe33df9ae5456d8ee27133c42c244c81d150008ababc19399c7ed428638b57ea
1820,2025-05-20,2.14,2.14,2.11,2.14,566945,1204157.03,,,,historical_baseline,,fe33df9ae5456d8ee27133c42c244c81d150008ababc19399c7ed428638b57ea
1820,2025-05-21,2.14,2.14,2.11,2.11,3800996,8311968.77,,,,historical_baseline,,fe33df9ae5456d8ee27133c42c244c81d150008ababc19399c7ed428638b57ea
1820,2025-05-22,2.12,2.12,2.09,2.09,624507,1313706.44,,,,historical_baseline,,fe33df9ae5456d8ee27133c42c244c81d150008ababc19399c7ed428638b57ea
1820,2025-05-25,2.09,2.09,2.06,2.06,653800,1356078.74,,,,historical_baseline,,fe33df9ae5456d8ee27133c42c244c81d150008ababc19399c7ed428638b57ea
1820,2025-05-26,2.05,2.07,1.97,2.02,2002122,4028790.84,,,,historical_baseline,,fe33df9ae5456d8ee27133c42c244c81d150008ababc19399c7ed428638b57ea
1820,2025-05-27,2.03,2.04,1.98,2.0,658809,1317332.82,,,,historical_baseline,,fe33df9ae5456d8ee27133c42c244c81d150008ababc19399c7ed428638b57ea
1820,2025-05-28,2.01,2.04,2.0,2.01,1029502,2079581.86,,,,historical_baseline,,fe33df9ae5456d8ee27133c42c244c81d150008ababc19399c7ed428638b57ea
1820,2025-05-29,2.01,2.03,1.99,2.0,799862,1604225.03,,,,historical_baseline,,fe33df9ae5456d8ee27133c42c244c81d150008ababc19399c7ed428638b57ea
1830,2025-05-01,139.6,141.0,137.0,137.2,45494,6299119.2,,,,historical_baseline,,fe33df9ae5456d8ee27133c42c244c81d150008ababc19399c7ed428638b57ea
1830,2025-05-04,136.8,137.2,135.0,136.0,56131,7631927.0,,,,historical_baseline,,fe33df9ae5456d8ee27133c42c244c81d150008ababc19399c7ed428638b57ea
1830,2025-05-05,135.0,137.4,135.0,136.8,58327,7938439.0,,,,historical_baseline,,fe33df9ae5456d8ee27133c42c244c81d150008ababc19399c7ed428638b57ea
1830,2025-05-06,137.0,138.0,136.0,138.0,46934,6448500.2,,,,historical_baseline,,fe33df9ae5456d8ee27133c42c244c81d150008ababc19399c7ed428638b57ea
1830,2025-05-07,130.0,130.8,124.2,124.2,427757,54386492.0,,,,historical_baseline,,fe33df9ae5456d8ee27133c42c244c81d150008ababc19399c7ed428638b57ea
1830,2025-05-08,121.4,127.2,121.0,124.8,443878,54858110.8,,,,historical_baseline,,fe33df9ae5456d8ee27133c42c244c81d150008ababc19399c7ed428638b57ea
1830,2025-05-11,125.8,125.8,121.8,123.6,124723,15405166.2,,,,historical_baseline,,fe33df9ae5456d8ee27133c42c244c81d150008ababc19399c7ed428638b57ea
1830,2025-05-12,124.4,126.0,122.2,125.4,90897,11363848.6,,,,historical_baseline,,fe33df9ae5456d8ee27133c42c244c81d150008ababc19399c7ed428638b57ea
1830,2025-05-13,126.2,126.6,124.0,126.0,111143,13933501.8,,,,historical_baseline,,fe33df9ae5456d8ee27133c42c244c81d150008ababc19399c7ed428638b57ea
1830,2025-05-14,126.8,129.0,125.0,129.0,99666,12670133.2,,,,historical_baseline,,fe33df9ae5456d8ee27133c42c244c81d150008ababc19399c7ed428638b57ea
1830,2025-05-15,129.0,129.0,126.8,128.0,55139,7046623.4,,,,historical_baseline,,fe33df9ae5456d8ee27133c42c244c81d150008ababc19399c7ed428638b57ea
1830,2025-05-18,128.2,133.0,128.2,130.4,144867,18999214.2,,,,historical_baseline,,fe33df9ae5456d8ee27133c42c244c81d150008ababc19399c7ed428638b57ea
1830,2025-05-19,131.0,131.6,129.2,131.0,63586,8269851.6,,,,historical_baseline,,fe33df9ae5456d8ee27133c42c244c81d150008ababc19399c7ed428638b57ea
1830,2025-05-20,131.0,131.6,129.0,130.6,77625,10135048.8,,,,historical_baseline,,fe33df9ae5456d8ee27133c42c244c81d150008ababc19399c7ed428638b57ea
1830,2025-05-21,130.6,131.8,129.8,131.8,43517,5715232.8,,,,historical_baseline,,fe33df9ae5456d8ee27133c42c244c81d150008ababc19399c7ed428638b57ea
1830,2025-05-22,131.8,133.6,129.8,131.8,69829,9160407.4,,,,historical_baseline,,fe33df9ae5456d8ee27133c42c244c81d150008ababc19399c7ed428638b57ea
1830,2025-05-25,132.0,132.4,130.0,130.4,28088,3667804.8,,,,historical_baseline,,fe33df9ae5456d8ee27133c42c244c81d150008ababc19399c7ed428638b57ea
1830,2025-05-26,130.0,130.4,125.0,128.4,38806,4967992.2,,,,historical_baseline,,fe33df9ae5456d8ee27133c42c244c81d150008ababc19399c7ed428638b57ea
1830,2025-05-27,127.8,128.6,127.0,127.2,59950,7670994.8,,,,historical_baseline,,fe33df9ae5456d8ee27133c42c244c81d150008ababc19399c7ed428638b57ea
1830,2025-05-28,127.2,129.0,126.4,126.4,33351,4251801.0,,,,historical_baseline,,fe33df9ae5456d8ee27133c42c244c81d150008ababc19399c7ed428638b57ea
1830,2025-05-29,127.2,128.2,125.6,127.2,32097,4072429.6,,,,historical_baseline,,fe33df9ae5456d8ee27133c42c244c81d150008ababc19399c7ed428638b57ea
1831,2025-05-01,4.58,4.58,4.52,4.52,1117000,5075155.35,,,,historical_baseline,,fe33df9ae5456d8ee27133c42c244c81d150008ababc19399c7ed428638b57ea
1831,2025-05-04,4.52,4.52,4.18,4.45,1463574,6517560.02,,,,historical_baseline,,fe33df9ae5456d8ee27133c42c244c81d150008ababc19399c7ed428638b57ea
1831,2025-05-05,4.45,4.51,4.37,4.49,1532426,6805385.21,,,,historical_baseline,,fe33df9ae5456d8ee27133c42c244c81d150008ababc19399c7ed428638b57ea
1831,2025-05-06,4.49,4.54,4.46,4.49,1159753,5219762.76,,,,historical_baseline,,fe33df9ae5456d8ee27133c42c244c81d150008ababc19399c7ed428638b57ea
1831,2025-05-07,4.5,4.52,4.46,4.48,736146,3305030.52,,,,historical_baseline,,fe33df9ae5456d8ee27133c42c244c81d150008ababc19399c7ed428638b57ea
1831,2025-05-08,4.49,4.51,4.43,4.49,718002,3210779.54,,,,historical_baseline,,fe33df9ae5456d8ee27133c42c244c81d150008ababc19399c7ed428638b57ea
1831,2025-05-11,4.5,4.56,4.48,4.52,941710,4254402.77,,,,historical_baseline,,fe33df9ae5456d8ee27133c42c244c81d150008ababc19399c7ed428638b57ea
1831,2025-05-12,4.51,4.51,4.33,4.36,8019677,35122620.04,,,,historical_baseline,,fe33df9ae5456d8ee27133c42c244c81d150008ababc19399c7ed428638b57ea
1831,2025-05-13,4.36,4.36,4.27,4.32,5720589,24630475.48,,,,historical_baseline,,fe33df9ae5456d8ee27133c42c244c81d150008ababc19399c7ed428638b57ea
1831,2025-05-14,4.33,4.33,4.29,4.33,2994517,12913172.37,,,,historical_baseline,,fe33df9ae5456d8ee27133c42c244c81d150008ababc19399c7ed428638b57ea
1831,2025-05-15,4.33,4.37,4.26,4.31,4127819,17776516.05,,,,historical_baseline,,fe33df9ae5456d8ee27133c42c244c81d150008ababc19399c7ed428638b57ea
1831,2025-05-18,4.3,4.32,4.25,4.25,1507938,6451237.09,,,,historical_baseline,,fe33df9ae5456d8ee27133c42c244c81d150008ababc19399c7ed428638b57ea
1831,2025-05-19,4.24,4.25,4.14,4.17,3274298,13718164.27,,,,historical_baseline,,fe33df9ae5456d8ee27133c42c244c81d150008ababc19399c7ed428638b57ea
1831,2025-05-20,4.18,4.18,4.14,4.16,1099474,4573391.3,,,,historical_baseline,,fe33df9ae5456d8ee27133c42c244c81d150008ababc19399c7ed428638b57ea
1831,2025-05-21,4.16,4.17,4.08,4.12,1730149,7135442.93,,,,historical_baseline,,fe33df9ae5456d8ee27133c42c244c81d150008ababc19399c7ed428638b57ea
1831,2025-05-22,4.14,4.14,4.06,4.1,1190547,4875863.57,,,,historical_baseline,,fe33df9ae5456d8ee27133c42c244c81d150008ababc19399c7ed428638b57ea
1831,2025-05-25,4.1,4.13,4.07,4.11,1370503,5611177.53,,,,historical_baseline,,fe33df9ae5456d8ee27133c42c244c81d150008ababc19399c7ed428638b57ea
1831,2025-05-26,4.11,4.18,4.05,4.09,1697943,6976149.01,,,,historical_baseline,,fe33df9ae5456d8ee27133c42c244c81d150008ababc19399c7ed428638b57ea
1831,2025-05-27,4.08,4.14,4.04,4.07,1660582,6797710.89,,,,historical_baseline,,fe33df9ae5456d8ee27133c42c244c81d150008ababc19399c7ed428638b57ea
1831,2025-05-28,4.09,4.12,4.06,4.07,695357,2841673.12,,,,historical_baseline,,fe33df9ae5456d8ee27133c42c244c81d150008ababc19399c7ed428638b57ea
1831,2025-05-29,4.11,4.12,4.07,4.07,821146,3362201.93,,,,historical_baseline,,fe33df9ae5456d8ee27133c42c244c81d150008ababc19399c7ed428638b57ea
1832,2025-05-01,3.06,3.09,3.02,3.05,1270334,3867937.08,,,,historical_baseline,,fe33df9ae5456d8ee27133c42c244c81d150008ababc19399c7ed428638b57ea
1832,2025-05-04,3.05,3.07,3.01,3.01,653619,1977566.34,,,,historical_baseline,,fe33df9ae5456d8ee27133c42c244c81d150008ababc19399c7ed428638b57ea
1832,2025-05-05,3.0,3.08,3.0,3.06,621405,1894311.59,,,,historical_baseline,,fe33df9ae5456d8ee27133c42c244c81d150008ababc19399c7ed428638b57ea
1832,2025-05-06,3.04,3.07,2.97,2.99,1603857,4830217.31,,,,historical_baseline,,fe33df9ae5456d8ee27133c42c244c81d150008ababc19399c7ed428638b57ea
1832,2025-05-07,2.99,2.99,2.94,2.97,1415593,4193183.96,,,,historical_baseline,,fe33df9ae5456d8ee27133c42c244c81d150008ababc19399c7ed428638b57ea
1832,2025-05-08,2.97,2.98,2.93,2.94,596336,1757296.28,,,,historical_baseline,,fe33df9ae5456d8ee27133c42c244c81d150008ababc19399c7ed428638b57ea
1832,2025-05-11,2.93,2.98,2.93,2.94,658367,1939312.44,,,,historical_baseline,,fe33df9ae5456d8ee27133c42c244c81d150008ababc19399c7ed428638b57ea
1832,2025-05-12,2.94,3.01,2.94,3.0,1585276,4724125.73,,,,historical_baseline,,fe33df9ae5456d8ee27133c42c244c81d150008ababc19399c7ed428638b57ea
1832,2025-05-13,3.03,3.03,2.96,2.97,917190,2735203.31,,,,historical_baseline,,fe33df9ae5456d8ee27133c42c244c81d150008ababc19399c7ed428638b57ea
1832,2025-05-14,2.97,3.06,2.97,3.05,2236096,6772315.02,,,,historical_baseline,,fe33df9ae5456d8ee27133c42c244c81d150008ababc19399c7ed428638b57ea
1832,2025-05-15,3.05,3.05,2.98,3.01,1212515,3644144.98,,,,historical_baseline,,fe33df9ae5456d8ee27133c42c244c81d150008ababc19399c7ed428638b57ea
1832,2025-05-18,3.01,3.02,2.97,2.97,511930,1528433.2,,,,historical_baseline,,fe33df9ae5456d8ee27133c42c244c81d150008ababc19399c7ed428638b57ea
1832,2025-05-19,2.96,2.99,2.95,2.98,560024,1663714.72,,,,historical_baseline,,fe33df9ae5456d8ee27133c42c244c81d150008ababc19399c7ed428638b57ea
1832,2025-05-20,2.98,2.99,2.93,2.95,588120,1737438.84,,,,historical_baseline,,fe33df9ae5456d8ee27133c42c244c81d150008ababc19399c7ed428638b57ea
1832,2025-05-21,2.94,2.97,2.92,2.95,378767,1112818.37,,,,historical_baseline,,fe33df9ae5456d8ee27133c42c244c81d150008ababc19399c7ed428638b57ea
1832,2025-05-22,2.94,2.94,2.9,2.9,453998,1324893.52,,,,historical_baseline,,fe33df9ae5456d8ee27133c42c244c81d150008ababc19399c7ed428638b57ea
1832,2025-05-25,2.92,2.92,2.87,2.89,403791,1168515.6,,,,historical_baseline,,fe33df9ae5456d8ee27133c42c244c81d150008ababc19399c7ed428638b57ea
1832,2025-05-26,2.91,2.91,2.81,2.85,658096,1876450.03,,,,historical_baseline,,fe33df9ae5456d8ee27133c42c244c81d150008ababc19399c7ed428638b57ea
1832,2025-05-27,2.86,2.87,2.77,2.79,1137455,3189225.11,,,,historical_baseline,,fe33df9ae5456d8ee27133c42c244c81d150008ababc19399c7ed428638b57ea
1832,2025-05-28,2.8,2.84,2.8,2.83,614990,1735020.79,,,,historical_baseline,,fe33df9ae5456d8ee27133c42c244c81d150008ababc19399c7ed428638b57ea
1832,2025-05-29,2.83,2.85,2.79,2.81,763543,2148246.91,,,,historical_baseline,,fe33df9ae5456d8ee27133c42c244c81d150008ababc19399c7ed428638b57ea
1833,2025-05-01,114.15,114.45,111.75,113.55,84599,9565848.6,,,,historical_baseline,,fe33df9ae5456d8ee27133c42c244c81d150008ababc19399c7ed428638b57ea
1833,2025-05-04,111.75,112.95,110.1,110.1,23134,2580686.8,,,,historical_baseline,,fe33df9ae5456d8ee27133c42c244c81d150008ababc19399c7ed428638b57ea
1833,2025-05-05,110.1,112.2,109.2,110.85,29990,3315582.8,,,,historical_baseline,,fe33df9ae5456d8ee27133c42c244c81d150008ababc19399c7ed428638b57ea
1833,2025-05-06,109.8,113.1,109.8,110.85,62689,6998316.4,,,,historical_baseline,,fe33df9ae5456d8ee27133c42c244c81d150008ababc19399c7ed428638b57ea
1833,2025-05-07,110.55,111.6,108.0,110.55,21621,2369433.4,,,,historical_baseline,,fe33df9ae5456d8ee27133c42c244c81d150008ababc19399c7ed428638b57ea
1833,2025-05-08,109.95,111.0,108.9,109.05,22481,2468057.8,,,,historical_baseline,,fe33df9ae5456d8ee27133c42c244c81d150008ababc19399c7ed428638b57ea
1833,2025-05-11,111.0,111.0,106.95,107.1,28265,3051208.4,,,,historical_baseline,,fe33df9ae5456d8ee27133c42c244c81d150008ababc19399c7ed428638b57ea
1833,2025-05-12,107.25,111.15,107.25,111.0,38409,4232265.4,,,,historical_baseline,,fe33df9ae5456d8ee27133c42c244c81d150008ababc19399c7ed428638b57ea
1833,2025-05-13,112.2,113.1,104.25,108.0,418043,44759690.6,,,,historical_baseline,,fe33df9ae5456d8ee27133c42c244c81d150008ababc19399c7ed428638b57ea
1833,2025-05-14,108.0,108.45,106.35,106.65,102306,11009756.0,,,,historical_baseline,,fe33df9ae5456d8ee27133c42c244c81d150008ababc19399c7ed428638b57ea
1833,2025-05-15,106.5,107.1,105.0,106.2,49933,5295492.0,,,,historical_baseline,,fe33df9ae5456d8ee27133c42c244c81d150008ababc19399c7ed428638b57ea
1833,2025-05-18,106.2,107.55,105.3,106.8,27437,2924473.0,,,,historical_baseline,,fe33df9ae5456d8ee27133c42c244c81d150008ababc19399c7ed428638b57ea
1833,2025-05-19,107.25,107.25,104.4,105.15,22973,2424131.6,,,,historical_baseline,,fe33df9ae5456d8ee27133c42c244c81d150008ababc19399c7ed428638b57ea
1833,2025-05-20,105.15,106.65,104.7,105.0,68527,7251984.8,,,,historical_baseline,,fe33df9ae5456d8ee27133c42c244c81d150008ababc19399c7ed428638b57ea
1833,2025-05-21,105.0,105.15,103.5,105.0,61006,6374938.8,,,,historical_baseline,,fe33df9ae5456d8ee27133c42c244c81d150008ababc19399c7ed428638b57ea
1833,2025-05-22,104.25,104.7,102.0,102.45,37957,3908754.8,,,,historical_baseline,,fe33df9ae5456d8ee27133c42c244c81d150008ababc19399c7ed428638b57ea
1833,2025-05-25,101.55,102.9,101.1,101.55,21441,2184519.8,,,,historical_baseline,,fe33df9ae5456d8ee27133c42c244c81d150008ababc19399c7ed428638b57ea
1833,2025-05-26,101.85,104.25,101.85,104.1,46706,4823569.0,,,,historical_baseline,,fe33df9ae5456d8ee27133c42c244c81d150008ababc19399c7ed428638b57ea
1833,2025-05-27,105.0,105.15,101.55,101.55,51289,5292163.4,,,,historical_baseline,,fe33df9ae5456d8ee27133c42c244c81d150008ababc19399c7ed428638b57ea
1833,2025-05-28,101.55,103.05,100.2,101.1,45715,4631182.0,,,,historical_baseline,,fe33df9ae5456d8ee27133c42c244c81d150008ababc19399c7ed428638b57ea
1833,2025-05-29,101.25,102.9,101.1,102.6,53086,5424042.0,,,,historical_baseline,,fe33df9ae5456d8ee27133c42c244c81d150008ababc19399c7ed428638b57ea
1834,2025-05-01,6.4,6.42,6.35,6.36,774168,4926875.35,,,,historical_baseline,,fe33df9ae5456d8ee27133c42c244c81d150008ababc19399c7ed428638b57ea
1834,2025-05-04,6.37,6.38,6.2,6.23,728166,4556243.14,,,,historical_baseline,,fe33df9ae5456d8ee27133c42c244c81d150008ababc19399c7ed428638b57ea
1834,2025-05-05,6.24,6.3,6.16,6.22,607305,3781681.22,,,,historical_baseline,,fe33df9ae5456d8ee27133c42c244c81d150008ababc19399c7ed428638b57ea
1834,2025-05-06,6.22,6.31,6.21,6.22,491994,3074577.13,,,,historical_baseline,,fe33df9ae5456d8ee27133c42c244c81d150008ababc19399c7ed428638b57ea
1834,2025-05-07,6.24,6.28,6.17,6.2,824075,5125143.59,,,,historical_baseline,,fe33df9ae5456d8ee27133c42c244c81d150008ababc19399c7ed428638b57ea
1834,2025-05-08,6.2,6.25,6.15,6.19,773526,4785549.3,,,,historical_baseline,,fe33df9ae5456d8ee27133c42c244c81d150008ababc19399c7ed428638b57ea
1834,2025-05-11,6.27,6.5,6.19,6.41,1822822,11590228.25,,,,historical_baseline,,fe33df9ae5456d8ee27133c42c244c81d150008ababc19399c7ed428638b57ea
1834,2025-05-12,6.45,6.62,6.4,6.62,2689222,17639929.74,,,,historical_baseline,,fe33df9ae5456d8ee27133c42c244c81d150008ababc19399c7ed428638b57ea
1834,2025-05-13,6.63,6.79,6.61,6.62,3027644,20276666.91,,,,historical_baseline,,fe33df9ae5456d8ee27133c42c244c81d150008ababc19399c7ed428638b57ea
1834,2025-05-14,6.63,6.84,6.63,6.8,2509073,16920355.96,,,,historical_baseline,,fe33df9ae5456d8ee27133c42c244c81d150008ababc19399c7ed428638b57ea
1834,2025-05-15,6.97,7.16,6.94,7.01,9489587,66918977.77,,,,historical_baseline,,fe33df9ae5456d8ee27133c42c244c81d150008ababc19399c7ed428638b57ea
1834,2025-05-18,7.0,7.07,6.83,6.84,2733093,18991351.63,,,,historical_baseline,,fe33df9ae5456d8ee27133c42c244c81d150008ababc19399c7ed428638b57ea
1834,2025-05-19,6.84,6.84,6.69,6.7,1459733,9858324.99,,,,historical_baseline,,fe33df9ae5456d8ee27133c42c244c81d150008ababc19399c7ed428638b57ea
1834,2025-05-20,6.7,6.8,6.58,6.58,3209380,21501206.1,,,,historical_baseline,,fe33df9ae5456d8ee27133c42c244c81d150008ababc19399c7ed428638b57ea
1834,2025-05-21,6.59,6.62,6.36,6.37,1719514,11081548.26,,,,historical_baseline,,fe33df9ae5456d8ee27133c42c244c81d150008ababc19399c7ed428638b57ea
1834,2025-05-22,6.36,6.38,6.28,6.33,1022811,6471224.36,,,,historical_baseline,,fe33df9ae5456d8ee27133c42c244c81d150008ababc19399c7ed428638b57ea
1834,2025-05-25,6.33,6.34,6.2,6.2,997336,6230852.93,,,,historical_baseline,,fe33df9ae5456d8ee27133c42c244c81d150008ababc19399c7ed428638b57ea
1834,2025-05-26,6.16,6.38,6.11,6.23,2135912,13371867.71,,,,historical_baseline,,fe33df9ae5456d8ee27133c42c244c81d150008ababc19399c7ed428638b57ea
1834,2025-05-27,6.25,6.25,6.03,6.07,1572340,9604930.28,,,,historical_baseline,,fe33df9ae5456d8ee27133c42c244c81d150008ababc19399c7ed428638b57ea
1834,2025-05-28,6.07,6.13,6.07,6.09,773249,4715805.69,,,,historical_baseline,,fe33df9ae5456d8ee27133c42c244c81d150008ababc19399c7ed428638b57ea
1834,2025-05-29,6.1,6.2,6.08,6.19,1165805,7157750.09,,,,historical_baseline,,fe33df9ae5456d8ee27133c42c244c81d150008ababc19399c7ed428638b57ea
2001,2025-05-01,12.44,12.5,12.34,12.4,103506,1283500.36,,,,historical_baseline,,fe33df9ae5456d8ee27133c42c244c81d150008ababc19399c7ed428638b57ea
2001,2025-05-04,12.3,12.36,12.14,12.2,130868,1602538.04,,,,historical_baseline,,fe33df9ae5456d8ee27133c42c244c81d150008ababc19399c7ed428638b57ea
2001,2025-05-05,12.2,12.46,12.0,12.28,176420,2145484.64,,,,historical_baseline,,fe33df9ae5456d8ee27133c42c244c81d150008ababc19399c7ed428638b57ea
2001,2025-05-06,12.24,12.76,12.12,12.28,560120,6953136.16,,,,historical_baseline,,fe33df9ae5456d8ee27133c42c244c81d150008ababc19399c7ed428638b57ea
2001,2025-05-07,12.36,12.36,12.1,12.12,116194,1414797.94,,,,historical_baseline,,fe33df9ae5456d8ee27133c42c244c81d150008ababc19399c7ed428638b57ea
2001,2025-05-08,12.1,12.18,12.06,12.1,77162,933833.34,,,,historical_baseline,,fe33df9ae5456d8ee27133c42c244c81d150008ababc19399c7ed428638b57ea
2001,2025-05-11,12.2,12.2,12.0,12.06,107282,1294065.18,,,,historical_baseline,,fe33df9ae5456d8ee27133c42c244c81d150008ababc19399c7ed428638b57ea
2001,2025-05-12,12.14,12.38,12.14,12.34,201543,2477933.5,,,,historical_baseline,,fe33df9ae5456d8ee27133c42c244c81d150008ababc19399c7ed428638b57ea
2001,2025-05-13,12.4,12.42,12.16,12.18,181865,2227411.5,,,,historical_baseline,,fe33df9ae5456d8ee27133c42c244c81d150008ababc19399c7ed428638b57ea
2001,2025-05-14,12.18,12.3,12.18,12.24,106101,1298588.74,,,,historical_baseline,,fe33df9ae5456d8ee27133c42c244c81d150008ababc19399c7ed428638b57ea
2001,2025-05-15,12.2,12.24,11.9,12.0,254976,3058950.6,,,,historical_baseline,,fe33df9ae5456d8ee27133c42c244c81d150008ababc19399c7ed428638b57ea
2001,2025-05-18,12.04,12.06,11.82,11.88,101755,1212295.04,,,,historical_baseline,,fe33df9ae5456d8ee27133c42c244c81d150008ababc19399c7ed428638b57ea
2001,2025-05-19,11.88,11.88,11.74,11.8,109458,1292157.52,,,,historical_baseline,,fe33df9ae5456d8ee27133c42c244c81d150008ababc19399c7ed428638b57ea
2001,2025-05-20,11.78,11.8,11.68,11.74,145533,1706852.34,,,,historical_baseline,,fe33df9ae5456d8ee27133c42c244c81d150008ababc19399c7ed428638b57ea
2001,2025-05-21,11.72,11.72,11.48,11.54,162881,1880626.06,,,,historical_baseline,,fe33df9ae5456d8ee27133c42c244c81d150008ababc19399c7ed428638b57ea
2001,2025-05-22,11.52,11.52,11.4,11.46,87769,1004193.88,,,,historical_baseline,,fe33df9ae5456d8ee27133c42c244c81d150008ababc19399c7ed428638b57ea
2001,2025-05-25,11.48,11.62,11.4,11.46,171237,1966746.96,,,,historical_baseline,,fe33df9ae5456d8ee27133c42c244c81d150008ababc19399c7ed428638b57ea
2001,2025-05-26,11.44,11.46,10.92,11.12,501678,5567401.04,,,,historical_baseline,,fe33df9ae5456d8ee27133c42c244c81d150008ababc19399c7ed428638b57ea
2001,2025-05-27,11.48,11.48,10.98,11.04,198155,2215056.06,,,,historical_baseline,,fe33df9ae5456d8ee27133c42c244c81d150008ababc19399c7ed428638b57ea
2001,2025-05-28,11.04,11.24,11.04,11.12,133968,1492582.18,,,,historical_baseline,,fe33df9ae5456d8ee27133c42c244c81d150008ababc19399c7ed428638b57ea
2001,2025-05-29,11.18,11.32,11.1,11.22,107736,1210279.18,,,,historical_baseline,,fe33df9ae5456d8ee27133c42c244c81d150008ababc19399c7ed428638b57ea
2010,2025-05-01,61.1,61.3,60.6,61.3,845963,51524540.4,,,,historical_baseline,,fe33df9ae5456d8ee27133c42c244c81d150008ababc19399c7ed428638b57ea
2010,2025-05-04,60.7,60.9,59.6,59.6,1668055,100021664.8,,,,historical_baseline,,fe33df9ae5456d8ee27133c42c244c81d150008ababc19399c7ed428638b57ea
2010,2025-05-05,59.8,60.1,59.0,60.1,1192401,71154347.4,,,,historical_baseline,,fe33df9ae5456d8ee27133c42c244c81d150008ababc19399c7ed428638b57ea
2010,2025-05-06,60.1,60.2,59.5,60.0,872887,52252837.7,,,,historical_baseline,,fe33df9ae5456d8ee27133c42c244c81d150008ababc19399c7ed428638b57ea
2010,2025-05-07,60.0,60.1,59.2,59.2,1140038,67901475.1,,,,historical_baseline,,fe33df9ae5456d8ee27133c42c244c81d150008ababc19399c7ed428638b57ea
2010,2025-05-08,59.2,59.5,58.8,58.8,1373011,81065367.6,,,,historical_baseline,,fe33df9ae5456d8ee27133c42c244c81d150008ababc19399c7ed428638b57ea
2010,2025-05-11,58.9,59.1,58.5,58.7,776640,45621330.2,,,,historical_baseline,,fe33df9ae5456d8ee27133c42c244c81d150008ababc19399c7ed428638b57ea
2010,2025-05-12,58.8,60.7,58.8,60.5,1610438,96568185.3,,,,historical_baseline,,fe33df9ae5456d8ee27133c42c244c81d150008ababc19399c7ed428638b57ea
2010,2025-05-13,60.8,61.1,60.3,60.8,931855,56555214.2,,,,historical_baseline,,fe33df9ae5456d8ee27133c42c244c81d150008ababc19399c7ed428638b57ea
2010,2025-05-14,60.9,61.0,60.5,60.5,793259,48140994.4,,,,historical_baseline,,fe33df9ae5456d8ee27133c42c244c81d150008ababc19399c7ed428638b57ea
2010,2025-05-15,60.5,60.6,59.8,60.3,1061413,63852091.2,,,,historical_baseline,,fe33df9ae5456d8ee27133c42c244c81d150008ababc19399c7ed428638b57ea
2010,2025-05-18,60.2,60.4,59.0,59.5,1132017,67539006.4,,,,historical_baseline,,fe33df9ae5456d8ee27133c42c244c81d150008ababc19399c7ed428638b57ea
2010,2025-05-19,59.5,59.6,59.0,59.3,687922,40771975.5,,,,historical_baseline,,fe33df9ae5456d8ee27133c42c244c81d150008ababc19399c7ed428638b57ea
2010,2025-05-20,59.3,59.4,58.7,59.1,1092165,64396786.3,,,,historical_baseline,,fe33df9ae5456d8ee27133c42c244c81d150008ababc19399c7ed428638b57ea
2010,2025-05-21,59.0,59.1,58.5,58.5,808805,47500090.9,,,,historical_baseline,,fe33df9ae5456d8ee27133c42c244c81d150008ababc19399c7ed428638b57ea
2010,2025-05-22,58.5,58.8,58.3,58.8,1362353,79779129.8,,,,historical_baseline,,fe33df9ae5456d8ee27133c42c244c81d150008ababc19399c7ed428638b57ea
2010,2025-05-25,58.8,58.9,57.3,57.5,1533948,88616823.7,,,,historical_baseline,,fe33df9ae5456d8ee27133c42c244c81d150008ababc19399c7ed428638b57ea
2010,2025-05-26,57.7,57.8,56.2,57.5,1885081,107453539.2,,,,historical_baseline,,fe33df9ae5456d8ee27133c42c244c81d150008ababc19399c7ed428638b57ea
2010,2025-05-27,57.9,57.9,55.9,56.4,2099963,118413752.1,,,,historical_baseline,,fe33df9ae5456d8ee27133c42c244c81d150008ababc19399c7ed428638b57ea
2010,2025-05-28,56.4,56.9,56.2,56.6,1459783,82666558.8,,,,historical_baseline,,fe33df9ae5456d8ee27133c42c244c81d150008ababc19399c7ed428638b57ea
2010,2025-05-29,56.9,56.9,55.7,55.7,4191753,234198773.7,,,,historical_baseline,,fe33df9ae5456d8ee27133c42c244c81d150008ababc19399c7ed428638b57ea
2020,2025-05-01,98.7,99.4,97.5,99.4,829806,81656321.1,,,,historical_baseline,,fe33df9ae5456d8ee27133c42c244c81d150008ababc19399c7ed428638b57ea
2020,2025-05-04,99.0,99.4,97.3,97.3,582436,57342350.7,,,,historical_baseline,,fe33df9ae5456d8ee27133c42c244c81d150008ababc19399c7ed428638b57ea
2020,2025-05-05,97.4,99.1,96.9,98.4,697703,68436978.9,,,,historical_baseline,,fe33df9ae5456d8ee27133c42c244c81d150008ababc19399c7ed428638b57ea
2020,2025-05-06,98.3,99.4,98.1,98.4,433252,42696055.3,,,,historical_baseline,,fe33df9ae5456d8ee27133c42c244c81d150008ababc19399c7ed428638b57ea
2020,2025-05-07,98.4,99.0,97.8,98.5,757073,74601817.1,,,,historical_baseline,,fe33df9ae5456d8ee27133c42c244c81d150008ababc19399c7ed428638b57ea
2020,2025-05-08,98.6,98.7,96.9,96.9,652748,63581036.5,,,,historical_baseline,,fe33df9ae5456d8ee27133c42c244c81d150008ababc19399c7ed428638b57ea
2020,2025-05-11,97.3,97.6,96.2,96.6,348487,33741447.8,,,,historical_baseline,,fe33df9ae5456d8ee27133c42c244c81d150008ababc19399c7ed428638b57ea
2020,2025-05-12,97.0,99.2,97.0,99.0,470316,46226492.4,,,,historical_baseline,,fe33df9ae5456d8ee27133c42c244c81d150008ababc19399c7ed428638b57ea
2020,2025-05-13,99.0,99.9,98.6,99.3,372375,36940533.8,,,,historical_baseline,,fe33df9ae5456d8ee27133c42c244c81d150008ababc19399c7ed428638b57ea
2020,2025-05-14,98.8,99.8,98.7,99.5,313488,31122161.9,,,,historical_baseline,,fe33df9ae5456d8ee27133c42c244c81d150008ababc19399c7ed428638b57ea
2020,2025-05-15,99.4,99.4,98.5,99.0,248098,24517033.1,,,,historical_baseline,,fe33df9ae5456d8ee27133c42c244c81d150008ababc19399c7ed428638b57ea
2020,2025-05-18,99.0,99.4,97.8,98.4,311282,30614804.3,,,,historical_baseline,,fe33df9ae5456d8ee27133c42c244c81d150008ababc19399c7ed428638b57ea
2020,2025-05-19,98.0,98.1,97.1,97.6,265209,25888751.5,,,,historical_baseline,,fe33df9ae5456d8ee27133c42c244c81d150008ababc19399c7ed428638b57ea
2020,2025-05-20,97.3,97.6,96.4,96.7,459181,44474757.9,,,,historical_baseline,,fe33df9ae5456d8ee27133c42c244c81d150008ababc19399c7ed428638b57ea
2020,2025-05-21,96.7,97.2,96.6,96.9,393005,38104801.6,,,,historical_baseline,,fe33df9ae5456d8ee27133c42c244c81d150008ababc19399c7ed428638b57ea
2020,2025-05-22,96.7,96.7,96.0,96.0,509041,49062140.5,,,,historical_baseline,,fe33df9ae5456d8ee27133c42c244c81d150008ababc19399c7ed428638b57ea
2020,2025-05-25,96.2,96.8,96.0,96.5,392411,37836649.7,,,,historical_baseline,,fe33df9ae5456d8ee27133c42c244c81d150008ababc19399c7ed428638b57ea
2020,2025-05-26,96.5,97.6,96.4,97.4,477186,46238930.3,,,,historical_baseline,,fe33df9ae5456d8ee27133c42c244c81d150008ababc19399c7ed428638b57ea
2020,2025-05-27,97.8,97.8,95.1,95.6,444580,42625690.1,,,,historical_baseline,,fe33df9ae5456d8ee27133c42c244c81d150008ababc19399c7ed428638b57ea
2020,2025-05-28,95.7,97.7,95.7,97.0,417142,40372455.3,,,,historical_baseline,,fe33df9ae5456d8ee27133c42c244c81d150008ababc19399c7ed428638b57ea
2020,2025-05-29,97.2,97.5,95.6,95.9,854050,82056683.6,,,,historical_baseline,,fe33df9ae5456d8ee27133c42c244c81d150008ababc19399c7ed428638b57ea
2030,2025-05-01,61.0,61.3,60.2,60.5,42761,2596461.4,,,,historical_baseline,,fe33df9ae5456d8ee27133c42c244c81d150008ababc19399c7ed428638b57ea
2030,2025-05-04,60.5,60.7,59.5,60.0,45896,2752548.3,,,,historical_baseline,,fe33df9ae5456d8ee27133c42c244c81d150008ababc19399c7ed428638b57ea
2030,2025-05-05,59.8,60.3,59.1,60.1,29564,1768828.1,,,,historical_baseline,,fe33df9ae5456d8ee27133c42c244c81d150008ababc19399c7ed428638b57ea
2030,2025-05-06,60.2,60.6,59.5,59.5,28071,1685359.3,,,,historical_baseline,,fe33df9ae5456d8ee27133c42c244c81d150008ababc19399c7ed428638b57ea
2030,2025-05-07,60.0,60.0,58.8,59.0,36475,2154836.6,,,,historical_baseline,,fe33df9ae5456d8ee27133c42c244c81d150008ababc19399c7ed428638b57ea
2030,2025-05-08,59.1,59.4,58.6,58.9,27435,1617309.1,,,,historical_baseline,,fe33df9ae5456d8ee27133c42c244c81d150008ababc19399c7ed428638b57ea
2030,2025-05-11,59.0,59.4,58.3,58.4,25220,1478667.5,,,,historical_baseline,,fe33df9ae5456d8ee27133c42c244c81d150008ababc19399c7ed428638b57ea
2030,2025-05-12,58.4,59.9,58.4,59.9,26071,1550128.1,,,,historical_baseline,,fe33df9ae5456d8ee27133c42c244c81d150008ababc19399c7ed428638b57ea
2030,2025-05-13,60.6,65.8,60.6,65.8,374147,24055980.5,,,,historical_baseline,,fe33df9ae5456d8ee27133c42c244c81d150008ababc19399c7ed428638b57ea
2030,2025-05-14,68.2,72.3,67.0,67.9,1775442,123674850.2,,,,historical_baseline,,fe33df9ae5456d8ee27133c42c244c81d150008ababc19399c7ed428638b57ea
2030,2025-05-15,68.1,68.3,66.2,66.9,310333,20843303.2,,,,historical_baseline,,fe33df9ae5456d8ee27133c42c244c81d150008ababc19399c7ed428638b57ea
2030,2025-05-18,67.0,69.0,66.1,66.3,203455,13656163.1,,,,historical_baseline,,fe33df9ae5456d8ee27133c42c244c81d150008ababc19399c7ed428638b57ea
2030,2025-05-19,66.3,69.2,66.2,67.0,338319,22853302.9,,,,historical_baseline,,fe33df9ae5456d8ee27133c42c244c81d150008ababc19399c7ed428638b57ea
2030,2025-05-20,67.1,67.5,66.1,66.2,115447,7681284.0,,,,historical_baseline,,fe33df9ae5456d8ee27133c42c244c81d150008ababc19399c7ed428638b57ea
2030,2025-05-21,66.2,71.5,66.1,69.1,784999,54250019.1,,,,historical_baseline,,fe33df9ae5456d8ee27133c42c244c81d150008ababc19399c7ed428638b57ea
2030,2025-05-22,68.9,73.0,68.6,68.6,1026623,73053160.7,,,,historical_baseline,,fe33df9ae5456d8ee27133c42c244c81d150008ababc19399c7ed428638b57ea
2030,2025-05-25,69.0,71.9,68.4,69.0,810996,57135169.6,,,,historical_baseline,,fe33df9ae5456d8ee27133c42c244c81d150008ababc19399c7ed428638b57ea
2030,2025-05-26,69.4,70.3,66.0,66.9,481373,32520963.6,,,,historical_baseline,,fe33df9ae5456d8ee27133c42c244c81d150008ababc19399c7ed428638b57ea
2030,2025-05-27,67.0,67.3,63.4,63.5,418067,26864697.5,,,,historical_baseline,,fe33df9ae5456d8ee27133c42c244c81d150008ababc19399c7ed428638b57ea
2030,2025-05-28,63.7,65.1,63.4,64.5,193814,12424339.4,,,,historical_baseline,,fe33df9ae5456d8ee27133c42c244c81d150008ababc19399c7ed428638b57ea
2030,2025-05-29,64.7,65.0,63.1,63.5,152566,9770402.0,,,,historical_baseline,,fe33df9ae5456d8ee27133c42c244c81d150008ababc19399c7ed428638b57ea
2040,2025-05-01,28.1,29.0,27.85,28.55,1089602,31022539.45,,,,historical_baseline,,fe33df9ae5456d8ee27133c42c244c81d150008ababc19399c7ed428638b57ea
2040,2025-05-04,28.7,29.35,28.5,28.9,938584,27184342.3,,,,historical_baseline,,fe33df9ae5456d8ee27133c42c244c81d150008ababc19399c7ed428638b57ea
2040,2025-05-05,28.9,28.9,28.0,28.4,635371,18083149.3,,,,historical_baseline,,fe33df9ae5456d8ee27133c42c244c81d150008ababc19399c7ed428638b57ea
2040,2025-05-06,28.45,29.5,28.15,29.3,1140580,33110386.85,,,,historical_baseline,,fe33df9ae5456d8ee27133c42c244c81d150008ababc19399c7ed428638b57ea
2040,2025-05-07,29.3,30.2,28.95,29.1,1691706,50097874.9,,,,historical_baseline,,fe33df9ae5456d8ee27133c42c244c81d150008ababc19399c7ed428638b57ea
2040,2025-05-08,29.95,30.05,28.6,28.8,1174564,34578548.2,,,,historical_baseline,,fe33df9ae5456d8ee27133c42c244c81d150008ababc19399c7ed428638b57ea
2040,2025-05-11,28.8,28.8,27.65,27.65,640942,18009639.55,,,,historical_baseline,,fe33df9ae5456d8ee27133c42c244c81d150008ababc19399c7ed428638b57ea
2040,2025-05-12,27.8,30.4,27.8,30.4,2087665,61720651.15,,,,historical_baseline,,fe33df9ae5456d8ee27133c42c244c81d150008ababc19399c7ed428638b57ea
2040,2025-05-13,30.9,31.3,30.05,30.6,1478348,45278853.9,,,,historical_baseline,,fe33df9ae5456d8ee27133c42c244c81d150008ababc19399c7ed428638b57ea
2040,2025-05-14,30.6,31.25,30.25,30.55,960071,29442559.8,,,,historical_baseline,,fe33df9ae5456d8ee27133c42c244c81d150008ababc19399c7ed428638b57ea
2040,2025-05-15,30.5,31.2,30.25,30.55,759424,23303982.7,,,,historical_baseline,,fe33df9ae5456d8ee27133c42c244c81d150008ababc19399c7ed428638b57ea
2040,2025-05-18,30.9,30.95,29.45,29.55,890313,26742039.45,,,,historical_baseline,,fe33df9ae5456d8ee27133c42c244c81d150008ababc19399c7ed428638b57ea
2040,2025-05-19,29.55,30.3,29.5,30.0,478461,14336970.2,,,,historical_baseline,,fe33df9ae5456d8ee27133c42c244c81d150008ababc19399c7ed428638b57ea
2040,2025-05-20,30.0,30.45,29.75,30.2,407863,12284398.5,,,,historical_baseline,,fe33df9ae5456d8ee27133c42c244c81d150008ababc19399c7ed428638b57ea
2040,2025-05-21,30.15,30.3,29.3,29.3,389801,11609616.6,,,,historical_baseline,,fe33df9ae5456d8ee27133c42c244c81d150008ababc19399c7ed428638b57ea
2040,2025-05-22,29.0,30.05,29.0,29.8,344947,10222699.95,,,,historical_baseline,,fe33df9ae5456d8ee27133c42c244c81d150008ababc19399c7ed428638b57ea
2040,2025-05-25,29.55,29.7,29.15,29.15,314469,9230135.45,,,,historical_baseline,,fe33df9ae5456d8ee27133c42c244c81d150008ababc19399c7ed428638b57ea
2040,2025-05-26,29.05,29.45,28.25,29.25,631346,18228041.45,,,,historical_baseline,,fe33df9ae5456d8ee27133c42c244c81d150008ababc19399c7ed428638b57ea
2040,2025-05-27,29.25,29.3,28.75,29.15,541308,15745714.3,,,,historical_baseline,,fe33df9ae5456d8ee27133c42c244c81d150008ababc19399c7ed428638b57ea
2040,2025-05-28,29.15,30.45,29.15,30.0,1608024,47553988.25,,,,historical_baseline,,fe33df9ae5456d8ee27133c42c244c81d150008ababc19399c7ed428638b57ea
2040,2025-05-29,30.1,30.35,29.35,29.65,1021906,30465581.6,,,,historical_baseline,,fe33df9ae5456d8ee27133c42c244c81d150008ababc19399c7ed428638b57ea
2050,2025-05-01,31.1,31.15,30.5,31.0,510287,15687323.9,,,,historical_baseline,,fe33df9ae5456d8ee27133c42c244c81d150008ababc19399c7ed428638b57ea
2050,2025-05-04,31.0,31.1,30.5,30.55,294815,9028611.55,,,,historical_baseline,,fe33df9ae5456d8ee27133c42c244c81d150008ababc19399c7ed428638b57ea
2050,2025-05-05,30.55,31.4,30.2,31.2,697714,21560554.6,,,,historical_baseline,,fe33df9ae5456d8ee27133c42c244c81d150008ababc19399c7ed428638b57ea
2050,2025-05-06,31.1,31.5,30.8,30.95,541175,16807659.45,,,,historical_baseline,,fe33df9ae5456d8ee27133c42c244c81d150008ababc19399c7ed428638b57ea
2050,2025-05-07,30.0,30.0,28.4,28.75,4299622,124294968.0,,,,historical_baseline,,fe33df9ae5456d8ee27133c42c244c81d150008ababc19399c7ed428638b57ea
2050,2025-05-08,28.75,28.9,27.9,28.1,1570726,44372238.05,,,,historical_baseline,,fe33df9ae5456d8ee27133c42c244c81d150008ababc19399c7ed428638b57ea
2050,2025-05-11,28.1,28.25,27.15,27.5,993888,27408938.65,,,,historical_baseline,,fe33df9ae5456d8ee27133c42c244c81d150008ababc19399c7ed428638b57ea
2050,2025-05-12,27.55,27.85,27.35,27.8,1400809,38619947.8,,,,historical_baseline,,fe33df9ae5456d8ee27133c42c244c81d150008ababc19399c7ed428638b57ea
2050,2025-05-13,27.65,27.95,27.4,27.9,1984177,54722401.5,,,,historical_baseline,,fe33df9ae5456d8ee27133c42c244c81d150008ababc19399c7ed428638b57ea
2050,2025-05-14,27.9,27.9,27.3,27.7,1911684,52849612.6,,,,historical_baseline,,fe33df9ae5456d8ee27133c42c244c81d150008ababc19399c7ed428638b57ea
2050,2025-05-15,27.65,27.8,27.3,27.75,1303924,35965839.1,,,,historical_baseline,,fe33df9ae5456d8ee27133c42c244c81d150008ababc19399c7ed428638b57ea
2050,2025-05-18,27.65,27.7,26.75,26.95,1081677,29273290.05,,,,historical_baseline,,fe33df9ae5456d8ee27133c42c244c81d150008ababc19399c7ed428638b57ea
2050,2025-05-19,26.9,26.95,26.15,26.15,1469353,38806873.15,,,,historical_baseline,,fe33df9ae5456d8ee27133c42c244c81d150008ababc19399c7ed428638b57ea
2050,2025-05-20,26.1,26.4,25.8,26.2,1157919,30209376.65,,,,historical_baseline,,fe33df9ae5456d8ee27133c42c244c81d150008ababc19399c7ed428638b57ea
2050,2025-05-21,26.15,26.25,25.9,26.0,573306,14943802.85,,,,historical_baseline,,fe33df9ae5456d8ee27133c42c244c81d150008ababc19399c7ed428638b57ea
2050,2025-05-22,25.95,26.3,25.7,26.25,1113890,28931655.3,,,,historical_baseline,,fe33df9ae5456d8ee27133c42c244c81d150008ababc19399c7ed428638b57ea
2050,2025-05-25,26.1,26.7,26.05,26.25,880208,23210054.85,,,,historical_baseline,,fe33df9ae5456d8ee27133c42c244c81d150008ababc19399c7ed428638b57ea
2050,2025-05-26,26.35,26.35,25.7,25.9,616134,16025707.25,,,,historical_baseline,,fe33df9ae5456d8ee27133c42c244c81d150008ababc19399c7ed428638b57ea
2050,2025-05-27,26.1,26.1,25.0,25.35,1223121,30940777.35,,,,historical_baseline,,fe33df9ae5456d8ee27133c42c244c81d150008ababc19399c7ed428638b57ea
2050,2025-05-28,25.4,25.85,25.4,25.6,391768,10043080.9,,,,historical_baseline,,fe33df9ae5456d8ee27133c42c244c81d150008ababc19399c7ed428638b57ea
2050,2025-05-29,25.7,26.55,25.6,26.55,913619,23889641.5,,,,historical_baseline,,fe33df9ae5456d8ee27133c42c244c81d150008ababc19399c7ed428638b57ea
2060,2025-05-01,9.21,9.32,9.08,9.28,6547748,59989323.04,,,,historical_baseline,,fe33df9ae5456d8ee27133c42c244c81d150008ababc19399c7ed428638b57ea
2060,2025-05-04,9.22,9.51,9.22,9.49,3084217,28982412.09,,,,historical_baseline,,fe33df9ae5456d8ee27133c42c244c81d150008ababc19399c7ed428638b57ea
2060,2025-05-05,9.46,9.53,9.33,9.52,1936869,18306766.5,,,,historical_baseline,,fe33df9ae5456d8ee27133c42c244c81d150008ababc19399c7ed428638b57ea
2060,2025-05-06,9.49,9.66,9.46,9.51,2265691,21662327.63,,,,historical_baseline,,fe33df9ae5456d8ee27133c42c244c81d150008ababc19399c7ed428638b57ea
2060,2025-05-07,9.49,9.51,9.34,9.48,1703710,16038591.22,,,,historical_baseline,,fe33df9ae5456d8ee27133c42c244c81d150008ababc19399c7ed428638b57ea
2060,2025-05-08,9.42,9.48,9.31,9.31,1261209,11870051.4,,,,historical_baseline,,fe33df9ae5456d8ee27133c42c244c81d150008ababc19399c7ed428638b57ea
2060,2025-05-11,9.31,9.62,9.31,9.61,1458633,13886326.5,,,,historical_baseline,,fe33df9ae5456d8ee27133c42c244c81d150008ababc19399c7ed428638b57ea
2060,2025-05-12,9.88,9.95,9.68,9.72,6626397,64996996.88,,,,historical_baseline,,fe33df9ae5456d8ee27133c42c244c81d150008ababc19399c7ed428638b57ea
2060,2025-05-13,9.74,9.77,9.57,9.59,2126593,20486993.28,,,,historical_baseline,,fe33df9ae5456d8ee27133c42c244c81d150008ababc19399c7ed428638b57ea
2060,2025-05-14,9.6,9.67,9.58,9.62,1917313,18415676.18,,,,historical_baseline,,fe33df9ae5456d8ee27133c42c244c81d150008ababc19399c7ed428638b57ea
2060,2025-05-15,9.62,9.72,9.6,9.6,2594609,24992713.12,,,,historical_baseline,,fe33df9ae5456d8ee27133c42c244c81d150008ababc19399c7ed428638b57ea
2060,2025-05-18,9.6,9.64,9.52,9.55,978938,9366868.01,,,,historical_baseline,,fe33df9ae5456d8ee27133c42c244c81d150008ababc19399c7ed428638b57ea
2060,2025-05-19,9.56,9.58,9.41,9.42,3734016,35353456.42,,,,historical_baseline,,fe33df9ae5456d8ee27133c42c244c81d150008ababc19399c7ed428638b57ea
2060,2025-05-20,9.41,9.41,9.3,9.33,2110535,19766531.71,,,,historical_baseline,,fe33df9ae5456d8ee27133c42c244c81d150008ababc19399c7ed428638b57ea
2060,2025-05-21,9.32,9.37,9.18,9.19,2028864,18752347.84,,,,historical_baseline,,fe33df9ae5456d8ee27133c42c244c81d150008ababc19399c7ed428638b57ea
2060,2025-05-22,9.15,9.15,9.03,9.05,3031395,27573112.13,,,,historical_baseline,,fe33df9ae5456d8ee27133c42c244c81d150008ababc19399c7ed428638b57ea
2060,2025-05-25,9.09,9.42,9.04,9.36,3178179,29401056.1,,,,historical_baseline,,fe33df9ae5456d8ee27133c42c244c81d150008ababc19399c7ed428638b57ea
2060,2025-05-26,9.37,9.4,9.06,9.16,2134665,19662064.2,,,,historical_baseline,,fe33df9ae5456d8ee27133c42c244c81d150008ababc19399c7ed428638b57ea
2060,2025-05-27,9.17,9.19,9.08,9.11,2211793,20148204.8,,,,historical_baseline,,fe33df9ae5456d8ee27133c42c244c81d150008ababc19399c7ed428638b57ea
2060,2025-05-28,9.15,9.19,9.1,9.12,1410744,12867179.97,,,,historical_baseline,,fe33df9ae5456d8ee27133c42c244c81d150008ababc19399c7ed428638b57ea
2060,2025-05-29,9.12,9.16,9.08,9.14,2854847,26056421.54,,,,historical_baseline,,fe33df9ae5456d8ee27133c42c244c81d150008ababc19399c7ed428638b57ea
2070,2025-05-01,25.6,25.6,24.96,25.2,309180,7781607.46,,,,historical_baseline,,fe33df9ae5456d8ee27133c42c244c81d150008ababc19399c7ed428638b57ea
2070,2025-05-04,25.2,25.5,24.9,25.4,267541,6734656.36,,,,historical_baseline,,fe33df9ae5456d8ee27133c42c244c81d150008ababc19399c7ed428638b57ea
2070,2025-05-05,25.1,25.4,24.92,25.3,617926,15572327.99,,,,historical_baseline,,fe33df9ae5456d8ee27133c42c244c81d150008ababc19399c7ed428638b57ea
2070,2025-05-06,25.15,26.4,25.05,26.0,1216842,31513240.65,,,,historical_baseline,,fe33df9ae5456d8ee27133c42c244c81d150008ababc19399c7ed428638b57ea
2070,2025-05-07,26.05,26.5,25.5,25.8,760580,19765306.4,,,,historical_baseline,,fe33df9ae5456d8ee27133c42c244c81d150008ababc19399c7ed428638b57ea
2070,2025-05-08,26.0,26.0,25.3,25.8,316573,8122451.65,,,,historical_baseline,,fe33df9ae5456d8ee27133c42c244c81d150008ababc19399c7ed428638b57ea
2070,2025-05-11,25.95,26.2,25.6,26.05,299112,7751047.6,,,,historical_baseline,,fe33df9ae5456d8ee27133c42c244c81d150008ababc19399c7ed428638b57ea
2070,2025-05-12,27.5,28.35,27.15,27.3,2413543,66848721.35,,,,historical_baseline,,fe33df9ae5456d8ee27133c42c244c81d150008ababc19399c7ed428638b57ea
2070,2025-05-13,27.35,28.0,27.05,27.75,1001796,27531052.35,,,,historical_baseline,,fe33df9ae5456d8ee27133c42c244c81d150008ababc19399c7ed428638b57ea
2070,2025-05-14,27.65,28.0,26.95,27.0,1063247,29204609.05,,,,historical_baseline,,fe33df9ae5456d8ee27133c42c244c81d150008ababc19399c7ed428638b57ea
2070,2025-05-15,27.1,27.15,26.5,26.9,390510,10457021.2,,,,historical_baseline,,fe33df9ae5456d8ee27133c42c244c81d150008ababc19399c7ed428638b57ea
2070,2025-05-18,27.0,27.65,26.9,27.35,597927,16314291.2,,,,historical_baseline,,fe33df9ae5456d8ee27133c42c244c81d150008ababc19399c7ed428638b57ea
2070,2025-05-19,27.35,27.5,26.4,26.8,452107,12202249.85,,,,historical_baseline,,fe33df9ae5456d8ee27133c42c244c81d150008ababc19399c7ed428638b57ea
2070,2025-05-20,26.6,27.15,26.6,27.0,231160,6221177.3,,,,historical_baseline,,fe33df9ae5456d8ee27133c42c244c81d150008ababc19399c7ed428638b57ea
2070,2025-05-21,27.0,27.0,26.15,26.15,275700,7301452.65,,,,historical_baseline,,fe33df9ae5456d8ee27133c42c244c81d150008ababc19399c7ed428638b57ea
2070,2025-05-22,26.15,26.4,25.8,26.3,248215,6472409.3,,,,historical_baseline,,fe33df9ae5456d8ee27133c42c244c81d150008ababc19399c7ed428638b57ea
2070,2025-05-25,26.35,26.35,25.8,25.95,158963,4139059.4,,,,historical_baseline,,fe33df9ae5456d8ee27133c42c244c81d150008ababc19399c7ed428638b57ea
2070,2025-05-26,26.05,26.2,24.5,25.2,284401,7230150.7,,,,historical_baseline,,fe33df9ae5456d8ee27133c42c244c81d150008ababc19399c7ed428638b57ea
2070,2025-05-27,25.55,25.55,24.06,24.88,222898,5527632.31,,,,historical_baseline,,fe33df9ae5456d8ee27133c42c244c81d150008ababc19399c7ed428638b57ea
2070,2025-05-28,24.76,25.2,24.66,24.8,278671,6952840.97,,,,historical_baseline,,fe33df9ae5456d8ee27133c42c244c81d150008ababc19399c7ed428638b57ea
2070,2025-05-29,25.0,25.7,24.7,24.96,328264,8279475.35,,,,historical_baseline,,fe33df9ae5456d8ee27133c42c244c81d150008ababc19399c7ed428638b57ea
2080,2025-05-01,88.5,88.5,86.2,86.6,56933,4939758.1,,,,historical_baseline,,fe33df9ae5456d8ee27133c42c244c81d150008ababc19399c7ed428638b57ea
2080,2025-05-04,86.6,86.6,83.5,84.0,43159,3637240.3,,,,historical_baseline,,fe33df9ae5456d8ee27133c42c244c81d150008ababc19399c7ed428638b57ea
2080,2025-05-05,83.2,84.5,82.2,83.6,46224,3850397.5,,,,historical_baseline,,fe33df9ae5456d8ee27133c42c244c81d150008ababc19399c7ed428638b57ea
2080,2025-05-06,83.3,84.0,82.3,82.7,40214,3339150.7,,,,historical_baseline,,fe33df9ae5456d8ee27133c42c244c81d150008ababc19399c7ed428638b57ea
2080,2025-05-07,82.7,83.5,81.7,81.8,53589,4417954.5,,,,historical_baseline,,fe33df9ae5456d8ee27133c42c244c81d150008ababc19399c7ed428638b57ea
2080,2025-05-08,81.8,82.1,79.8,81.2,59577,4816788.6,,,,historical_baseline,,fe33df9ae5456d8ee27133c42c244c81d150008ababc19399c7ed428638b57ea
2080,2025-05-11,81.1,82.0,80.6,81.0,19439,1581872.2,,,,historical_baseline,,fe33df9ae5456d8ee27133c42c244c81d150008ababc19399c7ed428638b57ea
2080,2025-05-12,81.0,82.5,81.0,81.7,69889,5708789.4,,,,historical_baseline,,fe33df9ae5456d8ee27133c42c244c81d150008ababc19399c7ed428638b57ea
2080,2025-05-13,81.0,81.4,80.5,81.0,47642,3862837.3,,,,historical_baseline,,fe33df9ae5456d8ee27133c42c244c81d150008ababc19399c7ed428638b57ea
2080,2025-05-14,81.4,81.7,80.5,81.0,62556,5078374.5,,,,historical_baseline,,fe33df9ae5456d8ee27133c42c244c81d150008ababc19399c7ed428638b57ea
2080,2025-05-15,81.1,81.2,80.4,80.5,42803,3456373.2,,,,historical_baseline,,fe33df9ae5456d8ee27133c42c244c81d150008ababc19399c7ed428638b57ea
2080,2025-05-18,80.4,81.5,80.4,80.6,27479,2221851.0,,,,historical_baseline,,fe33df9ae5456d8ee27133c42c244c81d150008ababc19399c7ed428638b57ea
2080,2025-05-19,80.9,80.9,76.8,76.8,96557,7575885.5,,,,historical_baseline,,fe33df9ae5456d8ee27133c42c244c81d150008ababc19399c7ed428638b57ea
2080,2025-05-20,77.0,81.0,77.0,80.0,114842,9149184.2,,,,historical_baseline,,fe33df9ae5456d8ee27133c42c244c81d150008ababc19399c7ed428638b57ea
2080,2025-05-21,80.3,80.3,78.0,79.0,33214,2622956.0,,,,historical_baseline,,fe33df9ae5456d8ee27133c42c244c81d150008ababc19399c7ed428638b57ea
2080,2025-05-22,77.6,78.6,77.6,78.4,24163,1884988.2,,,,historical_baseline,,fe33df9ae5456d8ee27133c42c244c81d150008ababc19399c7ed428638b57ea
2080,2025-05-25,78.4,79.0,77.0,77.6,21207,1646445.4,,,,historical_baseline,,fe33df9ae5456d8ee27133c42c244c81d150008ababc19399c7ed428638b57ea
2080,2025-05-26,77.4,78.2,76.0,76.5,57157,4388137.5,,,,historical_baseline,,fe33df9ae5456d8ee27133c42c244c81d150008ababc19399c7ed428638b57ea
2080,2025-05-27,76.2,76.5,73.9,76.5,77813,5839255.3,,,,historical_baseline,,fe33df9ae5456d8ee27133c42c244c81d150008ababc19399c7ed428638b57ea
2080,2025-05-28,76.5,77.9,75.0,76.6,77881,5939638.5,,,,historical_baseline,,fe33df9ae5456d8ee27133c42c244c81d150008ababc19399c7ed428638b57ea
2080,2025-05-29,76.7,78.5,76.1,77.8,194880,15085588.6,,,,historical_baseline,,fe33df9ae5456d8ee27133c42c244c81d150008ababc19399c7ed428638b57ea
2081,2025-05-01,162.0,162.0,157.2,158.4,58208,9227098.6,,,,historical_baseline,,fe33df9ae5456d8ee27133c42c244c81d150008ababc19399c7ed428638b57ea
2081,2025-05-04,158.2,158.2,154.8,156.0,37822,5899678.4,,,,historical_baseline,,fe33df9ae5456d8ee27133c42c244c81d150008ababc19399c7ed428638b57ea
2081,2025-05-05,155.0,158.0,154.6,157.8,73955,11601441.4,,,,historical_baseline,,fe33df9ae5456d8ee27133c42c244c81d150008ababc19399c7ed428638b57ea
2081,2025-05-06,158.4,159.6,155.6,155.6,55397,8723503.4,,,,historical_baseline,,fe33df9ae5456d8ee27133c42c244c81d150008ababc19399c7ed428638b57ea
2081,2025-05-07,155.2,157.8,155.0,156.8,48079,7533894.4,,,,historical_baseline,,fe33df9ae5456d8ee27133c42c244c81d150008ababc19399c7ed428638b57ea
2081,2025-05-08,158.0,158.6,155.6,158.2,43403,6842716.6,,,,historical_baseline,,fe33df9ae5456d8ee27133c42c244c81d150008ababc19399c7ed428638b57ea
2081,2025-05-11,158.4,159.2,154.8,155.0,45360,7105948.8,,,,historical_baseline,,fe33df9ae5456d8ee27133c42c244c81d150008ababc19399c7ed428638b57ea
2081,2025-05-12,155.4,156.6,152.4,154.2,118060,18202753.2,,,,historical_baseline,,fe33df9ae5456d8ee27133c42c244c81d150008ababc19399c7ed428638b57ea
2081,2025-05-13,154.4,156.0,153.4,154.0,73374,11352161.2,,,,historical_baseline,,fe33df9ae5456d8ee27133c42c244c81d150008ababc19399c7ed428638b57ea
2081,2025-05-14,155.0,155.0,147.6,148.6,224548,33859762.4,,,,historical_baseline,,fe33df9ae5456d8ee27133c42c244c81d150008ababc19399c7ed428638b57ea
2081,2025-05-15,148.6,148.6,143.6,145.4,169737,24765661.2,,,,historical_baseline,,fe33df9ae5456d8ee27133c42c244c81d150008ababc19399c7ed428638b57ea
2081,2025-05-18,145.6,147.2,143.0,144.8,90683,13141805.8,,,,historical_baseline,,fe33df9ae5456d8ee27133c42c244c81d150008ababc19399c7ed428638b57ea
2081,2025-05-19,145.0,145.4,142.6,142.8,113516,16321451.2,,,,historical_baseline,,fe33df9ae5456d8ee27133c42c244c81d150008ababc19399c7ed428638b57ea
2081,2025-05-20,143.0,144.0,141.6,143.0,142951,20369306.6,,,,historical_baseline,,fe33df9ae5456d8ee27133c42c244c81d150008ababc19399c7ed428638b57ea
2081,2025-05-21,143.0,145.4,142.8,143.8,75488,10864037.6,,,,historical_baseline,,fe33df9ae5456d8ee27133c42c244c81d150008ababc19399c7ed428638b57ea
2081,2025-05-22,143.2,145.0,142.6,143.0,50479,7256933.6,,,,historical_baseline,,fe33df9ae5456d8ee27133c42c244c81d150008ababc19399c7ed428638b57ea
2081,2025-05-25,143.0,143.0,139.4,140.0,60191,8458431.2,,,,historical_baseline,,fe33df9ae5456d8ee27133c42c244c81d150008ababc19399c7ed428638b57ea
2081,2025-05-26,137.6,140.2,136.0,140.2,73778,10204775.6,,,,historical_baseline,,fe33df9ae5456d8ee27133c42c244c81d150008ababc19399c7ed428638b57ea
2081,2025-05-27,140.0,140.0,136.2,136.2,38446,5299034.4,,,,historical_baseline,,fe33df9ae5456d8ee27133c42c244c81d150008ababc19399c7ed428638b57ea
2081,2025-05-28,136.2,138.8,136.2,138.0,35056,4827681.2,,,,historical_baseline,,fe33df9ae5456d8ee27133c42c244c81d150008ababc19399c7ed428638b57ea
2081,2025-05-29,138.6,139.6,136.6,138.0,35409,4888168.8,,,,historical_baseline,,fe33df9ae5456d8ee27133c42c244c81d150008ababc19399c7ed428638b57ea
2082,2025-05-01,320.0,320.0,309.4,314.0,266947,83604591.6,,,,historical_baseline,,fe33df9ae5456d8ee27133c42c244c81d150008ababc19399c7ed428638b57ea
2082,2025-05-04,315.2,315.4,306.8,306.8,136725,42275540.0,,,,historical_baseline,,fe33df9ae5456d8ee27133c42c244c81d150008ababc19399c7ed428638b57ea
2082,2025-05-05,306.8,308.2,295.0,305.0,798467,231488491.0,,,,historical_baseline,,fe33df9ae5456d8ee27133c42c244c81d150008ababc19399c7ed428638b57ea
2082,2025-05-06,307.0,309.8,298.0,299.0,155442,46992966.0,,,,historical_baseline,,fe33df9ae5456d8ee27133c42c244c81d150008ababc19399c7ed428638b57ea
2082,2025-05-07,298.0,301.2,295.6,297.8,485803,137387253.0,,,,historical_baseline,,fe33df9ae5456d8ee27133c42c244c81d150008ababc19399c7ed428638b57ea
2082,2025-05-08,310.0,312.2,292.4,299.4,290880,87406102.4,,,,historical_baseline,,fe33df9ae5456d8ee27133c42c244c81d150008ababc19399c7ed428638b57ea
2082,2025-05-11,302.0,303.8,287.8,288.0,157490,46063095.4,,,,historical_baseline,,fe33df9ae5456d8ee27133c42c244c81d150008ababc19399c7ed428638b57ea
2082,2025-05-12,292.6,298.0,289.6,292.0,223386,65676163.0,,,,historical_baseline,,fe33df9ae5456d8ee27133c42c244c81d150008ababc19399c7ed428638b57ea
2082,2025-05-13,297.0,297.0,289.4,292.6,141796,41296592.0,,,,historical_baseline,,fe33df9ae5456d8ee27133c42c244c81d150008ababc19399c7ed428638b57ea
2082,2025-05-14,293.8,302.0,291.8,297.8,247546,73609596.0,,,,historical_baseline,,fe33df9ae5456d8ee27133c42c244c81d150008ababc19399c7ed428638b57ea
2082,2025-05-15,298.2,304.0,292.8,292.8,214239,63421205.2,,,,historical_baseline,,fe33df9ae5456d8ee27133c42c244c81d150008ababc19399c7ed428638b57ea
2082,2025-05-18,293.0,295.2,290.0,290.0,69710,20409054.8,,,,historical_baseline,,fe33df9ae5456d8ee27133c42c244c81d150008ababc19399c7ed428638b57ea
2082,2025-05-19,290.0,292.2,286.0,290.6,776115,208184503.2,,,,historical_baseline,,fe33df9ae5456d8ee27133c42c244c81d150008ababc19399c7ed428638b57ea
2082,2025-05-20,290.0,294.2,286.6,286.6,146468,42421804.8,,,,historical_baseline,,fe33df9ae5456d8ee27133c42c244c81d150008ababc19399c7ed428638b57ea
2082,2025-05-21,285.0,285.6,270.0,274.0,857712,230409222.4,,,,historical_baseline,,fe33df9ae5456d8ee27133c42c244c81d150008ababc19399c7ed428638b57ea
2082,2025-05-22,273.6,274.6,270.4,272.2,324118,88090184.6,,,,historical_baseline,,fe33df9ae5456d8ee27133c42c244c81d150008ababc19399c7ed428638b57ea
2082,2025-05-25,272.0,272.0,251.0,251.0,585811,148570614.2,,,,historical_baseline,,fe33df9ae5456d8ee27133c42c244c81d150008ababc19399c7ed428638b57ea
2082,2025-05-26,251.0,276.0,251.0,276.0,725259,192891550.8,,,,historical_baseline,,fe33df9ae5456d8ee27133c42c244c81d150008ababc19399c7ed428638b57ea
2082,2025-05-27,277.0,280.2,268.2,270.0,335514,91503367.8,,,,historical_baseline,,fe33df9ae5456d8ee27133c42c244c81d150008ababc19399c7ed428638b57ea
2082,2025-05-28,270.0,276.6,267.0,267.0,221167,59848300.8,,,,historical_baseline,,fe33df9ae5456d8ee27133c42c244c81d150008ababc19399c7ed428638b57ea
2082,2025-05-29,269.2,269.4,258.6,259.0,621717,162266559.4,,,,historical_baseline,,fe33df9ae5456d8ee27133c42c244c81d150008ababc19399c7ed428638b57ea
2083,2025-05-01,43.65,43.95,43.2,43.2,156227,6783003.3,,,,historical_baseline,,fe33df9ae5456d8ee27133c42c244c81d150008ababc19399c7ed428638b57ea
2083,2025-05-04,43.0,43.55,42.6,42.9,186695,8008074.0,,,,historical_baseline,,fe33df9ae5456d8ee27133c42c244c81d150008ababc19399c7ed428638b57ea
2083,2025-05-05,42.7,42.7,41.8,42.1,355332,14982500.55,,,,historical_baseline,,fe33df9ae5456d8ee27133c42c244c81d150008ababc19399c7ed428638b57ea
2083,2025-05-06,42.1,42.15,41.4,41.8,330913,13841089.75,,,,historical_baseline,,fe33df9ae5456d8ee27133c42c244c81d150008ababc19399c7ed428638b57ea
2083,2025-05-07,41.55,41.9,40.7,41.9,294731,12218209.85,,,,historical_baseline,,fe33df9ae5456d8ee27133c42c244c81d150008ababc19399c7ed428638b57ea
2083,2025-05-08,44.15,44.7,41.5,41.7,2301703,98018638.35,,,,historical_baseline,,fe33df9ae5456d8ee27133c42c244c81d150008ababc19399c7ed428638b57ea
2083,2025-05-11,41.75,42.15,41.75,42.1,279771,11737650.25,,,,historical_baseline,,fe33df9ae5456d8ee27133c42c244c81d150008ababc19399c7ed428638b57ea
2083,2025-05-12,42.35,42.85,41.9,42.3,569472,24167521.7,,,,historical_baseline,,fe33df9ae5456d8ee27133c42c244c81d150008ababc19399c7ed428638b57ea
2083,2025-05-13,42.45,42.75,42.25,42.25,387272,16436808.3,,,,historical_baseline,,fe33df9ae5456d8ee27133c42c244c81d150008ababc19399c7ed428638b57ea
2083,2025-05-14,42.35,42.8,42.0,42.7,480600,20388847.7,,,,historical_baseline,,fe33df9ae5456d8ee27133c42c244c81d150008ababc19399c7ed428638b57ea
2083,2025-05-15,42.6,42.6,42.0,42.2,372161,15704756.5,,,,historical_baseline,,fe33df9ae5456d8ee27133c42c244c81d150008ababc19399c7ed428638b57ea
2083,2025-05-18,42.1,42.65,42.1,42.35,185025,7842805.6,,,,historical_baseline,,fe33df9ae5456d8ee27133c42c244c81d150008ababc19399c7ed428638b57ea
2083,2025-05-19,42.05,42.4,41.65,41.65,519031,21785308.55,,,,historical_baseline,,fe33df9ae5456d8ee27133c42c244c81d150008ababc19399c7ed428638b57ea
2083,2025-05-20,41.85,42.25,41.8,42.25,308657,12977252.4,,,,historical_baseline,,fe33df9ae5456d8ee27133c42c244c81d150008ababc19399c7ed428638b57ea
2083,2025-05-21,42.05,42.35,41.3,41.35,598507,24950908.25,,,,historical_baseline,,fe33df9ae5456d8ee27133c42c244c81d150008ababc19399c7ed428638b57ea
2083,2025-05-22,41.35,41.35,40.95,41.35,210677,8666170.0,,,,historical_baseline,,fe33df9ae5456d8ee27133c42c244c81d150008ababc19399c7ed428638b57ea
2083,2025-05-25,41.35,41.35,40.6,40.8,129112,5279760.4,,,,historical_baseline,,fe33df9ae5456d8ee27133c42c244c81d150008ababc19399c7ed428638b57ea
2083,2025-05-26,40.75,41.05,39.9,40.55,201688,8166284.25,,,,historical_baseline,,fe33df9ae5456d8ee27133c42c244c81d150008ababc19399c7ed428638b57ea
2083,2025-05-27,40.5,40.5,39.5,39.7,272080,10836353.25,,,,historical_baseline,,fe33df9ae5456d8ee27133c42c244c81d150008ababc19399c7ed428638b57ea
2083,2025-05-28,39.7,40.25,39.5,40.05,271960,10850950.8,,,,historical_baseline,,fe33df9ae5456d8ee27133c42c244c81d150008ababc19399c7ed428638b57ea
2083,2025-05-29,40.2,40.45,39.85,40.45,173365,6971321.05,,,,historical_baseline,,fe33df9ae5456d8ee27133c42c244c81d150008ababc19399c7ed428638b57ea
2084,2025-05-01,22.9,23.18,22.6,22.7,669092,15303373.48,,,,historical_baseline,,fe33df9ae5456d8ee27133c42c244c81d150008ababc19399c7ed428638b57ea
2084,2025-05-04,22.76,23.0,22.46,22.48,405876,9209008.54,,,,historical_baseline,,fe33df9ae5456d8ee27133c42c244c81d150008ababc19399c7ed428638b57ea
2084,2025-05-05,22.4,22.74,22.12,22.62,482696,10849878.66,,,,historical_baseline,,fe33df9ae5456d8ee27133c42c244c81d150008ababc19399c7ed428638b57ea
2084,2025-05-06,22.52,22.7,22.34,22.5,370330,8333845.76,,,,historical_baseline,,fe33df9ae5456d8ee27133c42c244c81d150008ababc19399c7ed428638b57ea
2084,2025-05-07,22.5,22.5,21.9,22.0,405461,8965477.2,,,,historical_baseline,,fe33df9ae5456d8ee27133c42c244c81d150008ababc19399c7ed428638b57ea
2084,2025-05-08,22.0,22.1,21.8,21.98,479281,10507029.56,,,,historical_baseline,,fe33df9ae5456d8ee27133c42c244c81d150008ababc19399c7ed428638b57ea
2084,2025-05-11,22.1,22.38,21.8,21.9,355911,7853197.7,,,,historical_baseline,,fe33df9ae5456d8ee27133c42c244c81d150008ababc19399c7ed428638b57ea
2084,2025-05-12,21.92,22.46,21.92,22.24,431665,9597224.8,,,,historical_baseline,,fe33df9ae5456d8ee27133c42c244c81d150008ababc19399c7ed428638b57ea
2084,2025-05-13,22.28,22.36,22.02,22.2,255768,5681917.46,,,,historical_baseline,,fe33df9ae5456d8ee27133c42c244c81d150008ababc19399c7ed428638b57ea
2084,2025-05-14,22.2,22.62,22.18,22.6,569680,12773247.52,,,,historical_baseline,,fe33df9ae5456d8ee27133c42c244c81d150008ababc19399c7ed428638b57ea
2084,2025-05-15,24.86,24.86,24.26,24.86,8613560,213208895.88,,,,historical_baseline,,fe33df9ae5456d8ee27133c42c244c81d150008ababc19399c7ed428638b57ea
2084,2025-05-18,25.2,27.3,25.2,26.0,12064547,318025784.5,,,,historical_baseline,,fe33df9ae5456d8ee27133c42c244c81d150008ababc19399c7ed428638b57ea
2084,2025-05-19,26.0,26.45,25.15,25.45,2742512,70430012.55,,,,historical_baseline,,fe33df9ae5456d8ee27133c42c244c81d150008ababc19399c7ed428638b57ea
2084,2025-05-20,25.55,26.85,25.55,26.45,4541972,120087613.7,,,,historical_baseline,,fe33df9ae5456d8ee27133c42c244c81d150008ababc19399c7ed428638b57ea
2084,2025-05-21,26.55,26.6,25.6,25.7,1711252,44495519.85,,,,historical_baseline,,fe33df9ae5456d8ee27133c42c244c81d150008ababc19399c7ed428638b57ea
2084,2025-05-22,25.4,26.3,25.15,25.6,1789588,46027955.1,,,,historical_baseline,,fe33df9ae5456d8ee27133c42c244c81d150008ababc19399c7ed428638b57ea
2084,2025-05-25,25.6,25.9,25.0,25.0,823915,21008688.7,,,,historical_baseline,,fe33df9ae5456d8ee27133c42c244c81d150008ababc19399c7ed428638b57ea
2084,2025-05-26,25.1,25.9,24.36,24.74,1537884,38452578.19,,,,historical_baseline,,fe33df9ae5456d8ee27133c42c244c81d150008ababc19399c7ed428638b57ea
2084,2025-05-27,24.8,24.94,23.44,23.44,1802979,43027048.28,,,,historical_baseline,,fe33df9ae5456d8ee27133c42c244c81d150008ababc19399c7ed428638b57ea
2084,2025-05-28,23.58,23.92,23.32,23.34,972420,22959628.82,,,,historical_baseline,,fe33df9ae5456d8ee27133c42c244c81d150008ababc19399c7ed428638b57ea
2084,2025-05-29,23.5,23.92,23.5,23.66,1093855,25927669.32,,,,historical_baseline,,fe33df9ae5456d8ee27133c42c244c81d150008ababc19399c7ed428638b57ea
2090,2025-05-01,20.62,21.28,20.44,20.6,311763,6533058.26,,,,historical_baseline,,fe33df9ae5456d8ee27133c42c244c81d150008ababc19399c7ed428638b57ea
2090,2025-05-04,20.58,20.82,20.4,20.4,102061,2094521.96,,,,historical_baseline,,fe33df9ae5456d8ee27133c42c244c81d150008ababc19399c7ed428638b57ea
2090,2025-05-05,20.36,20.84,20.28,20.78,65710,1352190.42,,,,historical_baseline,,fe33df9ae5456d8ee27133c42c244c81d150008ababc19399c7ed428638b57ea
2090,2025-05-06,20.9,21.16,20.86,20.88,90119,1891847.18,,,,historical_baseline,,fe33df9ae5456d8ee27133c42c244c81d150008ababc19399c7ed428638b57ea
2090,2025-05-07,20.88,20.9,20.52,20.54,48431,996072.02,,,,historical_baseline,,fe33df9ae5456d8ee27133c42c244c81d150008ababc19399c7ed428638b57ea
2090,2025-05-08,20.5,20.62,20.2,20.2,81858,1669184.72,,,,historical_baseline,,fe33df9ae5456d8ee27133c42c244c81d150008ababc19399c7ed428638b57ea
2090,2025-05-11,20.2,20.36,19.8,19.8,26921,536093.76,,,,historical_baseline,,fe33df9ae5456d8ee27133c42c244c81d150008ababc19399c7ed428638b57ea
2090,2025-05-12,19.8,20.2,19.8,20.0,30244,604583.32,,,,historical_baseline,,fe33df9ae5456d8ee27133c42c244c81d150008ababc19399c7ed428638b57ea
2090,2025-05-13,20.3,20.3,19.84,20.0,32343,649460.24,,,,historical_baseline,,fe33df9ae5456d8ee27133c42c244c81d150008ababc19399c7ed428638b57ea
2090,2025-05-14,20.2,20.2,20.0,20.02,48835,980463.32,,,,historical_baseline,,fe33df9ae5456d8ee27133c42c244c81d150008ababc19399c7ed428638b57ea
2090,2025-05-15,19.62,21.68,19.62,21.0,931065,19555647.16,,,,historical_baseline,,fe33df9ae5456d8ee27133c42c244c81d150008ababc19399c7ed428638b57ea
2090,2025-05-18,21.0,21.48,20.5,20.6,194177,4013942.26,,,,historical_baseline,,fe33df9ae5456d8ee27133c42c244c81d150008ababc19399c7ed428638b57ea
2090,2025-05-19,20.6,21.2,20.48,20.5,220031,4576303.52,,,,historical_baseline,,fe33df9ae5456d8ee27133c42c244c81d150008ababc19399c7ed428638b57ea
2090,2025-05-20,20.48,21.7,20.4,21.42,296865,6273643.56,,,,historical_baseline,,fe33df9ae5456d8ee27133c42c244c81d150008ababc19399c7ed428638b57ea
2090,2025-05-21,21.42,21.5,20.36,20.4,380508,7863026.0,,,,historical_baseline,,fe33df9ae5456d8ee27133c42c244c81d150008ababc19399c7ed428638b57ea
2090,2025-05-22,20.2,20.44,20.04,20.1,98858,2002625.46,,,,historical_baseline,,fe33df9ae5456d8ee27133c42c244c81d150008ababc19399c7ed428638b57ea
2090,2025-05-25,20.02,20.4,20.02,20.12,40602,818024.7,,,,historical_baseline,,fe33df9ae5456d8ee27133c42c244c81d150008ababc19399c7ed428638b57ea
2090,2025-05-26,20.0,20.4,19.96,20.08,115916,2322745.28,,,,historical_baseline,,fe33df9ae5456d8ee27133c42c244c81d150008ababc19399c7ed428638b57ea
2090,2025-05-27,20.4,20.4,20.0,20.0,72348,1450631.8,,,,historical_baseline,,fe33df9ae5456d8ee27133c42c244c81d150008ababc19399c7ed428638b57ea
2090,2025-05-28,20.04,20.34,19.72,19.9,132912,2641044.74,,,,historical_baseline,,fe33df9ae5456d8ee27133c42c244c81d150008ababc19399c7ed428638b57ea
2090,2025-05-29,20.0,20.02,19.64,19.78,96194,1907962.32,,,,historical_baseline,,fe33df9ae5456d8ee27133c42c244c81d150008ababc19399c7ed428638b57ea
2100,2025-05-01,31.8,31.9,31.35,31.5,58000,1828353.45,,,,historical_baseline,,fe33df9ae5456d8ee27133c42c244c81d150008ababc19399c7ed428638b57ea
2100,2025-05-04,31.5,31.75,30.6,30.75,55516,1724172.1,,,,historical_baseline,,fe33df9ae5456d8ee27133c42c244c81d150008ababc19399c7ed428638b57ea
2100,2025-05-05,30.75,31.4,30.5,31.35,58648,1813556.5,,,,historical_baseline,,fe33df9ae5456d8ee27133c42c244c81d150008ababc19399c7ed428638b57ea
2100,2025-05-06,31.35,31.5,30.5,30.55,64387,1991898.15,,,,historical_baseline,,fe33df9ae5456d8ee27133c42c244c81d150008ababc19399c7ed428638b57ea
2100,2025-05-07,30.5,31.5,30.15,30.8,277227,8535002.45,,,,historical_baseline,,fe33df9ae5456d8ee27133c42c244c81d150008ababc19399c7ed428638b57ea
2100,2025-05-08,30.8,30.85,30.2,30.35,72212,2202314.15,,,,historical_baseline,,fe33df9ae5456d8ee27133c42c244c81d150008ababc19399c7ed428638b57ea
2100,2025-05-11,30.15,30.6,29.85,30.0,79967,2408216.15,,,,historical_baseline,,fe33df9ae5456d8ee27133c42c244c81d150008ababc19399c7ed428638b57ea
2100,2025-05-12,30.0,30.8,30.0,30.65,80052,2445039.05,,,,historical_baseline,,fe33df9ae5456d8ee27133c42c244c81d150008ababc19399c7ed428638b57ea
2100,2025-05-13,30.65,31.9,30.55,31.15,277960,8704540.5,,,,historical_baseline,,fe33df9ae5456d8ee27133c42c244c81d150008ababc19399c7ed428638b57ea
2100,2025-05-14,31.15,31.65,30.9,31.1,174750,5470904.4,,,,historical_baseline,,fe33df9ae5456d8ee27133c42c244c81d150008ababc19399c7ed428638b57ea
2100,2025-05-15,30.9,31.0,30.45,30.65,54583,1676157.9,,,,historical_baseline,,fe33df9ae5456d8ee27133c42c244c81d150008ababc19399c7ed428638b57ea
2100,2025-05-18,30.3,30.5,30.05,30.3,69221,2097165.05,,,,historical_baseline,,fe33df9ae5456d8ee27133c42c244c81d150008ababc19399c7ed428638b57ea
2100,2025-05-19,30.3,30.3,29.95,30.0,69156,2077785.7,,,,historical_baseline,,fe33df9ae5456d8ee27133c42c244c81d150008ababc19399c7ed428638b57ea
2100,2025-05-20,30.0,30.4,30.0,30.3,71473,2156426.35,,,,historical_baseline,,fe33df9ae5456d8ee27133c42c244c81d150008ababc19399c7ed428638b57ea
2100,2025-05-21,30.25,30.25,29.5,29.5,68048,2028704.05,,,,historical_baseline,,fe33df9ae5456d8ee27133c42c244c81d150008ababc19399c7ed428638b57ea
2100,2025-05-22,29.0,30.35,29.0,29.75,118348,3540048.65,,,,historical_baseline,,fe33df9ae5456d8ee27133c42c244c81d150008ababc19399c7ed428638b57ea
2100,2025-05-25,29.65,29.85,29.35,29.6,26195,773277.65,,,,historical_baseline,,fe33df9ae5456d8ee27133c42c244c81d150008ababc19399c7ed428638b57ea
2100,2025-05-26,29.45,29.6,28.4,29.1,54198,1577783.6,,,,historical_baseline,,fe33df9ae5456d8ee27133c42c244c81d150008ababc19399c7ed428638b57ea
2100,2025-05-27,29.4,29.4,28.3,28.5,46717,1337838.25,,,,historical_baseline,,fe33df9ae5456d8ee27133c42c244c81d150008ababc19399c7ed428638b57ea
2100,2025-05-28,28.5,29.2,28.5,29.0,25718,746883.35,,,,historical_baseline,,fe33df9ae5456d8ee27133c42c244c81d150008ababc19399c7ed428638b57ea
2100,2025-05-29,29.45,29.45,28.7,29.1,44263,1282163.35,,,,historical_baseline,,fe33df9ae5456d8ee27133c42c244c81d150008ababc19399c7ed428638b57ea
2110,2025-05-01,136.8,143.0,136.0,139.6,264160,37041128.2,,,,historical_baseline,,fe33df9ae5456d8ee27133c42c244c81d150008ababc19399c7ed428638b57ea
2110,2025-05-04,140.0,141.0,137.0,137.0,42120,5850173.6,,,,historical_baseline,,fe33df9ae5456d8ee27133c42c244c81d150008ababc19399c7ed428638b57ea
2110,2025-05-05,137.0,139.8,134.4,138.8,104478,14337556.0,,,,historical_baseline,,fe33df9ae5456d8ee27133c42c244c81d150008ababc19399c7ed428638b57ea
2110,2025-05-06,138.6,141.8,136.8,140.8,157486,21959998.0,,,,historical_baseline,,fe33df9ae5456d8ee27133c42c244c81d150008ababc19399c7ed428638b57ea
2110,2025-05-07,141.8,141.8,137.6,137.6,73912,10265314.0,,,,historical_baseline,,fe33df9ae5456d8ee27133c42c244c81d150008ababc19399c7ed428638b57ea
2110,2025-05-08,137.6,138.2,135.0,136.4,51890,7087934.8,,,,historical_baseline,,fe33df9ae5456d8ee27133c42c244c81d150008ababc19399c7ed428638b57ea
2110,2025-05-11,136.4,144.0,136.4,139.6,169466,23823582.6,,,,historical_baseline,,fe33df9ae5456d8ee27133c42c244c81d150008ababc19399c7ed428638b57ea
2110,2025-05-12,140.0,142.0,138.0,138.6,81425,11373777.8,,,,historical_baseline,,fe33df9ae5456d8ee27133c42c244c81d150008ababc19399c7ed428638b57ea
2110,2025-05-13,139.0,141.4,139.0,140.2,96125,13496985.6,,,,historical_baseline,,fe33df9ae5456d8ee27133c42c244c81d150008ababc19399c7ed428638b57ea
2110,2025-05-14,145.0,145.0,141.0,142.6,361524,51829225.4,,,,historical_baseline,,fe33df9ae5456d8ee27133c42c244c81d150008ababc19399c7ed428638b57ea
2110,2025-05-15,142.0,146.0,140.6,145.4,151188,21617008.8,,,,historical_baseline,,fe33df9ae5456d8ee27133c42c244c81d150008ababc19399c7ed428638b57ea
2110,2025-05-18,145.6,145.6,141.2,141.8,106773,15307284.6,,,,historical_baseline,,fe33df9ae5456d8ee27133c42c244c81d150008ababc19399c7ed428638b57ea
2110,2025-05-19,139.4,141.0,137.4,138.4,77257,10690892.2,,,,historical_baseline,,fe33df9ae5456d8ee27133c42c244c81d150008ababc19399c7ed428638b57ea
2110,2025-05-20,138.2,139.4,137.0,137.2,73517,10132283.4,,,,historical_baseline,,fe33df9ae5456d8ee27133c42c244c81d150008ababc19399c7ed428638b57ea
2110,2025-05-21,138.2,139.8,133.0,133.0,177425,24061375.0,,,,historical_baseline,,fe33df9ae5456d8ee27133c42c244c81d150008ababc19399c7ed428638b57ea
2110,2025-05-22,133.0,135.4,133.0,134.4,49642,6652358.2,,,,historical_baseline,,fe33df9ae5456d8ee27133c42c244c81d150008ababc19399c7ed428638b57ea
2110,2025-05-25,134.4,134.8,132.6,132.6,31140,4158216.6,,,,historical_baseline,,fe33df9ae5456d8ee27133c42c244c81d150008ababc19399c7ed428638b57ea
2110,2025-05-26,132.6,133.8,127.2,129.2,92793,12076955.6,,,,historical_baseline,,fe33df9ae5456d8ee27133c42c244c81d150008ababc19399c7ed428638b57ea
2110,2025-05-27,129.0,130.2,127.0,127.4,47754,6121077.2,,,,historical_baseline,,fe33df9ae5456d8ee27133c42c244c81d150008ababc19399c7ed428638b57ea
2110,2025-05-28,127.4,130.8,127.0,129.0,55305,7097774.0,,,,historical_baseline,,fe33df9ae5456d8ee27133c42c244c81d150008ababc19399c7ed428638b57ea
2110,2025-05-29,129.0,131.6,127.4,127.8,46952,6083134.4,,,,historical_baseline,,fe33df9ae5456d8ee27133c42c244c81d150008ababc19399c7ed428638b57ea
2120,2025-05-01,28.8,29.05,28.6,28.8,269532,7746835.85,,,,historical_baseline,,fe33df9ae5456d8ee27133c42c244c81d150008ababc19399c7ed428638b57ea
2120,2025-05-04,28.75,28.8,28.3,28.35,275974,7879275.0,,,,historical_baseline,,fe33df9ae5456d8ee27133c42c244c81d150008ababc19399c7ed428638b57ea
2120,2025-05-05,28.25,28.75,28.05,28.65,331603,9422621.7,,,,historical_baseline,,fe33df9ae5456d8ee27133c42c244c81d150008ababc19399c7ed428638b57ea
2120,2025-05-06,28.65,29.0,28.3,28.35,206147,5889837.9,,,,historical_baseline,,fe33df9ae5456d8ee27133c42c244c81d150008ababc19399c7ed428638b57ea
2120,2025-05-07,28.3,28.4,28.0,28.05,303524,8547000.0,,,,historical_baseline,,fe33df9ae5456d8ee27133c42c244c81d150008ababc19399c7ed428638b57ea
2120,2025-05-08,28.05,28.3,27.95,28.1,210878,5928182.7,,,,historical_baseline,,fe33df9ae5456d8ee27133c42c244c81d150008ababc19399c7ed428638b57ea
2120,2025-05-11,28.15,28.35,27.3,27.4,708498,19652767.7,,,,historical_baseline,,fe33df9ae5456d8ee27133c42c244c81d150008ababc19399c7ed428638b57ea
2120,2025-05-12,27.4,28.15,27.35,27.95,529243,14694894.5,,,,historical_baseline,,fe33df9ae5456d8ee27133c42c244c81d150008ababc19399c7ed428638b57ea
2120,2025-05-13,28.15,28.2,27.8,27.9,263100,7361372.2,,,,historical_baseline,,fe33df9ae5456d8ee27133c42c244c81d150008ababc19399c7ed428638b57ea
2120,2025-05-14,27.9,28.1,27.8,28.05,293546,8219347.45,,,,historical_baseline,,fe33df9ae5456d8ee27133c42c244c81d150008ababc19399c7ed428638b57ea
2120,2025-05-15,27.95,28.4,27.5,28.4,471700,13211808.9,,,,historical_baseline,,fe33df9ae5456d8ee27133c42c244c81d150008ababc19399c7ed428638b57ea
2120,2025-05-18,27.15,27.3,26.4,26.95,945928,25519020.2,,,,historical_baseline,,fe33df9ae5456d8ee27133c42c244c81d150008ababc19399c7ed428638b57ea
2120,2025-05-19,26.95,27.1,26.6,26.95,369717,9927076.45,,,,historical_baseline,,fe33df9ae5456d8ee27133c42c244c81d150008ababc19399c7ed428638b57ea
2120,2025-05-20,27.0,27.05,26.7,26.95,250266,6723124.5,,,,historical_baseline,,fe33df9ae5456d8ee27133c42c244c81d150008ababc19399c7ed428638b57ea
2120,2025-05-21,26.9,27.0,26.45,26.45,280297,7473183.9,,,,historical_baseline,,fe33df9ae5456d8ee27133c42c244c81d150008ababc19399c7ed428638b57ea
2120,2025-05-22,26.4,26.65,26.1,26.1,257859,6794124.2,,,,historical_baseline,,fe33df9ae5456d8ee27133c42c244c81d150008ababc19399c7ed428638b57ea
2120,2025-05-25,26.1,26.3,25.65,25.85,289646,7508216.2,,,,historical_baseline,,fe33df9ae5456d8ee27133c42c244c81d150008ababc19399c7ed428638b57ea
2120,2025-05-26,25.85,26.0,24.98,25.3,525831,13362475.81,,,,historical_baseline,,fe33df9ae5456d8ee27133c42c244c81d150008ababc19399c7ed428638b57ea
2120,2025-05-27,25.3,25.35,24.54,24.58,412783,10248905.02,,,,historical_baseline,,fe33df9ae5456d8ee27133c42c244c81d150008ababc19399c7ed428638b57ea
2120,2025-05-28,24.6,25.15,24.6,24.84,337350,8414315.95,,,,historical_baseline,,fe33df9ae5456d8ee27133c42c244c81d150008ababc19399c7ed428638b57ea
2120,2025-05-29,25.0,25.35,24.94,25.1,337214,8477855.53,,,,historical_baseline,,fe33df9ae5456d8ee27133c42c244c81d150008ababc19399c7ed428638b57ea
2130,2025-05-01,19.05,19.05,18.73,18.86,73145,1380387.15,,,,historical_baseline,,fe33df9ae5456d8ee27133c42c244c81d150008ababc19399c7ed428638b57ea
2130,2025-05-04,18.73,18.92,18.47,18.57,50309,939222.65,,,,historical_baseline,,fe33df9ae5456d8ee27133c42c244c81d150008ababc19399c7ed428638b57ea
2130,2025-05-05,18.67,18.96,18.38,18.73,106282,1988253.85,,,,historical_baseline,,fe33df9ae5456d8ee27133c42c244c81d150008ababc19399c7ed428638b57ea
2130,2025-05-06,18.67,19.86,18.67,19.31,649145,12654669.6,,,,historical_baseline,,fe33df9ae5456d8ee27133c42c244c81d150008ababc19399c7ed428638b57ea
2130,2025-05-07,19.31,19.34,18.89,19.18,142000,2714160.5,,,,historical_baseline,,fe33df9ae5456d8ee27133c42c244c81d150008ababc19399c7ed428638b57ea
2130,2025-05-08,19.05,19.34,18.73,18.86,95430,1808193.6,,,,historical_baseline,,fe33df9ae5456d8ee27133c42c244c81d150008ababc19399c7ed428638b57ea
2130,2025-05-11,18.96,19.18,18.54,18.86,88316,1665242.7,,,,historical_baseline,,fe33df9ae5456d8ee27133c42c244c81d150008ababc19399c7ed428638b57ea
2130,2025-05-12,19.18,19.41,18.96,19.15,147445,2835763.9,,,,historical_baseline,,fe33df9ae5456d8ee27133c42c244c81d150008ababc19399c7ed428638b57ea
2130,2025-05-13,19.28,19.28,18.73,18.89,159067,3010046.95,,,,historical_baseline,,fe33df9ae5456d8ee27133c42c244c81d150008ababc19399c7ed428638b57ea
2130,2025-05-14,18.67,19.05,18.67,18.92,139024,2624560.6,,,,historical_baseline,,fe33df9ae5456d8ee27133c42c244c81d150008ababc19399c7ed428638b57ea
2130,2025-05-15,18.92,18.99,18.57,18.67,138684,2601690.55,,,,historical_baseline,,fe33df9ae5456d8ee27133c42c244c81d150008ababc19399c7ed428638b57ea
2130,2025-05-18,17.7,18.44,17.44,18.15,332601,5950197.8,,,,historical_baseline,,fe33df9ae5456d8ee27133c42c244c81d150008ababc19399c7ed428638b57ea
2130,2025-05-19,18.18,18.38,17.54,17.54,164670,2950304.1,,,,historical_baseline,,fe33df9ae5456d8ee27133c42c244c81d150008ababc19399c7ed428638b57ea
2130,2025-05-20,17.7,17.8,17.57,17.67,70670,1248500.95,,,,historical_baseline,,fe33df9ae5456d8ee27133c42c244c81d150008ababc19399c7ed428638b57ea
2130,2025-05-21,17.64,17.73,17.12,17.12,105283,1833317.1,,,,historical_baseline,,fe33df9ae5456d8ee27133c42c244c81d150008ababc19399c7ed428638b57ea
2130,2025-05-22,17.28,17.48,17.12,17.38,72070,1244283.1,,,,historical_baseline,,fe33df9ae5456d8ee27133c42c244c81d150008ababc19399c7ed428638b57ea
2130,2025-05-25,17.38,17.51,17.19,17.31,73636,1279403.8,,,,historical_baseline,,fe33df9ae5456d8ee27133c42c244c81d150008ababc19399c7ed428638b57ea
2130,2025-05-26,17.31,17.48,16.86,17.19,86807,1478365.6,,,,historical_baseline,,fe33df9ae5456d8ee27133c42c244c81d150008ababc19399c7ed428638b57ea
2130,2025-05-27,17.19,17.22,16.41,16.67,119980,2011147.8,,,,historical_baseline,,fe33df9ae5456d8ee27133c42c244c81d150008ababc19399c7ed428638b57ea
2130,2025-05-28,16.45,16.86,16.45,16.77,49084,819755.9,,,,historical_baseline,,fe33df9ae5456d8ee27133c42c244c81d150008ababc19399c7ed428638b57ea
2130,2025-05-29,16.83,16.9,16.61,16.8,74160,1242389.8,,,,historical_baseline,,fe33df9ae5456d8ee27133c42c244c81d150008ababc19399c7ed428638b57ea
2140,2025-05-01,15.4,15.4,15.06,15.06,227274,3444477.7,,,,historical_baseline,,fe33df9ae5456d8ee27133c42c244c81d150008ababc19399c7ed428638b57ea
2140,2025-05-04,15.3,15.3,14.9,15.0,157278,2355732.56,,,,historical_baseline,,fe33df9ae5456d8ee27133c42c244c81d150008ababc19399c7ed428638b57ea
2140,2025-05-05,14.92,15.14,14.8,15.1,256016,3820753.2,,,,historical_baseline,,fe33df9ae5456d8ee27133c42c244c81d150008ababc19399c7ed428638b57ea
2140,2025-05-06,15.18,15.18,14.88,14.88,159032,2381923.18,,,,historical_baseline,,fe33df9ae5456d8ee27133c42c244c81d150008ababc19399c7ed428638b57ea
2140,2025-05-07,15.52,16.12,14.94,15.06,1587331,24655293.28,,,,historical_baseline,,fe33df9ae5456d8ee27133c42c244c81d150008ababc19399c7ed428638b57ea
2140,2025-05-08,15.0,15.18,14.8,14.98,686848,10292381.5,,,,historical_baseline,,fe33df9ae5456d8ee27133c42c244c81d150008ababc19399c7ed428638b57ea
2140,2025-05-11,14.98,15.08,14.8,14.82,178861,2668261.5,,,,historical_baseline,,fe33df9ae5456d8ee27133c42c244c81d150008ababc19399c7ed428638b57ea
2140,2025-05-12,14.82,15.3,14.82,14.94,354455,5332160.82,,,,historical_baseline,,fe33df9ae5456d8ee27133c42c244c81d150008ababc19399c7ed428638b57ea
2140,2025-05-13,15.0,15.06,14.82,14.9,432342,6453773.08,,,,historical_baseline,,fe33df9ae5456d8ee27133c42c244c81d150008ababc19399c7ed428638b57ea
2140,2025-05-14,14.9,14.98,14.78,14.98,210682,3134531.34,,,,historical_baseline,,fe33df9ae5456d8ee27133c42c244c81d150008ababc19399c7ed428638b57ea
2140,2025-05-15,14.98,14.98,14.7,14.7,308099,4552282.6,,,,historical_baseline,,fe33df9ae5456d8ee27133c42c244c81d150008ababc19399c7ed428638b57ea
2140,2025-05-18,14.7,14.82,14.6,14.64,174051,2555422.44,,,,historical_baseline,,fe33df9ae5456d8ee27133c42c244c81d150008ababc19399c7ed428638b57ea
2140,2025-05-19,14.64,14.8,14.54,14.64,220852,3233231.96,,,,historical_baseline,,fe33df9ae5456d8ee27133c42c244c81d150008ababc19399c7ed428638b57ea
2140,2025-05-20,14.56,14.66,14.48,14.54,217385,3159112.34,,,,historical_baseline,,fe33df9ae5456d8ee27133c42c244c81d150008ababc19399c7ed428638b57ea
2140,2025-05-21,14.46,14.48,14.24,14.3,172436,2474757.34,,,,historical_baseline,,fe33df9ae5456d8ee27133c42c244c81d150008ababc19399c7ed428638b57ea
2140,2025-05-22,14.24,14.24,14.04,14.14,253106,3583158.28,,,,historical_baseline,,fe33df9ae5456d8ee27133c42c244c81d150008ababc19399c7ed428638b57ea
2140,2025-05-25,14.2,14.2,13.9,13.98,84012,1177312.8,,,,historical_baseline,,fe33df9ae5456d8ee27133c42c244c81d150008ababc19399c7ed428638b57ea
2140,2025-05-26,13.88,14.22,13.88,14.1,258445,3625894.9,,,,historical_baseline,,fe33df9ae5456d8ee27133c42c244c81d150008ababc19399c7ed428638b57ea
2140,2025-05-27,14.14,14.14,13.9,13.96,107988,1510035.16,,,,historical_baseline,,fe33df9ae5456d8ee27133c42c244c81d150008ababc19399c7ed428638b57ea
2140,2025-05-28,14.0,14.18,13.94,13.94,109537,1538228.7,,,,historical_baseline,,fe33df9ae5456d8ee27133c42c244c81d150008ababc19399c7ed428638b57ea
2140,2025-05-29,14.0,14.04,13.84,13.88,177170,2465827.54,,,,historical_baseline,,fe33df9ae5456d8ee27133c42c244c81d150008ababc19399c7ed428638b57ea
2150,2025-05-01,45.1,45.35,43.65,43.9,150614,6673378.0,,,,historical_baseline,,fe33df9ae5456d8ee27133c42c244c81d150008ababc19399c7ed428638b57ea
2150,2025-05-04,43.9,44.15,42.45,42.7,383355,16557180.35,,,,historical_baseline,,fe33df9ae5456d8ee27133c42c244c81d150008ababc19399c7ed428638b57ea
2150,2025-05-05,42.75,43.4,42.25,43.4,259378,11118620.4,,,,historical_baseline,,fe33df9ae5456d8ee27133c42c244c81d150008ababc19399c7ed428638b57ea
2150,2025-05-06,43.4,44.1,43.1,44.0,137451,6010841.45,,,,historical_baseline,,fe33df9ae5456d8ee27133c42c244c81d150008ababc19399c7ed428638b57ea
2150,2025-05-07,44.2,44.2,43.25,43.35,88786,3864040.9,,,,historical_baseline,,fe33df9ae5456d8ee27133c42c244c81d150008ababc19399c7ed428638b57ea
2150,2025-05-08,43.15,43.7,42.6,42.65,75842,3266653.45,,,,historical_baseline,,fe33df9ae5456d8ee27133c42c244c81d150008ababc19399c7ed428638b57ea
2150,2025-05-11,42.75,43.0,42.15,42.25,65433,2786232.5,,,,historical_baseline,,fe33df9ae5456d8ee27133c42c244c81d150008ababc19399c7ed428638b57ea
2150,2025-05-12,42.5,43.9,42.5,43.6,97848,4238619.3,,,,historical_baseline,,fe33df9ae5456d8ee27133c42c244c81d150008ababc19399c7ed428638b57ea
2150,2025-05-13,43.6,43.85,43.0,43.4,98903,4292878.95,,,,historical_baseline,,fe33df9ae5456d8ee27133c42c244c81d150008ababc19399c7ed428638b57ea
2150,2025-05-14,43.55,44.4,43.55,44.2,112141,4945746.95,,,,historical_baseline,,fe33df9ae5456d8ee27133c42c244c81d150008ababc19399c7ed428638b57ea
2150,2025-05-15,43.8,44.05,43.35,43.5,74822,3262305.35,,,,historical_baseline,,fe33df9ae5456d8ee27133c42c244c81d150008ababc19399c7ed428638b57ea
2150,2025-05-18,43.5,43.65,43.05,43.2,62642,2706749.5,,,,historical_baseline,,fe33df9ae5456d8ee27133c42c244c81d150008ababc19399c7ed428638b57ea
2150,2025-05-19,43.7,43.7,42.85,43.35,122875,5303887.15,,,,historical_baseline,,fe33df9ae5456d8ee27133c42c244c81d150008ababc19399c7ed428638b57ea
2150,2025-05-20,43.6,44.65,43.4,44.6,534575,23579232.85,,,,historical_baseline,,fe33df9ae5456d8ee27133c42c244c81d150008ababc19399c7ed428638b57ea
2150,2025-05-21,44.7,45.4,44.5,45.2,761815,34293500.0,,,,historical_baseline,,fe33df9ae5456d8ee27133c42c244c81d150008ababc19399c7ed428638b57ea
2150,2025-05-22,45.2,45.65,44.75,45.2,326719,14788143.15,,,,historical_baseline,,fe33df9ae5456d8ee27133c42c244c81d150008ababc19399c7ed428638b57ea
2150,2025-05-25,45.45,46.45,44.75,45.95,450288,20645464.35,,,,historical_baseline,,fe33df9ae5456d8ee27133c42c244c81d150008ababc19399c7ed428638b57ea
2150,2025-05-26,46.1,46.1,43.2,44.1,393748,17508023.2,,,,historical_baseline,,fe33df9ae5456d8ee27133c42c244c81d150008ababc19399c7ed428638b57ea
2150,2025-05-27,44.35,44.6,43.85,44.6,215022,9496364.05,,,,historical_baseline,,fe33df9ae5456d8ee27133c42c244c81d150008ababc19399c7ed428638b57ea
2150,2025-05-28,44.9,45.2,44.3,44.35,278948,12477449.7,,,,historical_baseline,,fe33df9ae5456d8ee27133c42c244c81d150008ababc19399c7ed428638b57ea
2150,2025-05-29,44.45,45.75,44.15,45.05,450338,20186850.15,,,,historical_baseline,,fe33df9ae5456d8ee27133c42c244c81d150008ababc19399c7ed428638b57ea
2160,2025-05-01,23.18,23.18,22.84,23.0,325090,7468960.3,,,,historical_baseline,,fe33df9ae5456d8ee27133c42c244c81d150008ababc19399c7ed428638b57ea
2160,2025-05-04,23.04,23.16,22.4,22.4,258222,5863166.02,,,,historical_baseline,,fe33df9ae5456d8ee27133c42c244c81d150008ababc19399c7ed428638b57ea
2160,2025-05-05,22.42,22.9,22.24,22.8,344748,7807791.88,,,,historical_baseline,,fe33df9ae5456d8ee27133c42c244c81d150008ababc19399c7ed428638b57ea
2160,2025-05-06,22.8,23.3,22.76,22.8,581122,13347263.46,,,,historical_baseline,,fe33df9ae5456d8ee27133c42c244c81d150008ababc19399c7ed428638b57ea
2160,2025-05-07,22.7,22.78,22.4,22.5,303815,6855423.78,,,,historical_baseline,,fe33df9ae5456d8ee27133c42c244c81d150008ababc19399c7ed428638b57ea
2160,2025-05-08,22.4,22.6,22.2,22.22,252220,5639628.8,,,,historical_baseline,,fe33df9ae5456d8ee27133c42c244c81d150008ababc19399c7ed428638b57ea
2160,2025-05-11,22.3,22.46,21.78,21.8,256127,5641393.0,,,,historical_baseline,,fe33df9ae5456d8ee27133c42c244c81d150008ababc19399c7ed428638b57ea
2160,2025-05-12,21.8,22.46,21.8,22.44,453064,10083436.78,,,,historical_baseline,,fe33df9ae5456d8ee27133c42c244c81d150008ababc19399c7ed428638b57ea
2160,2025-05-13,22.46,22.46,21.9,22.08,595612,13158619.08,,,,historical_baseline,,fe33df9ae5456d8ee27133c42c244c81d150008ababc19399c7ed428638b57ea
2160,2025-05-14,22.14,23.24,22.14,23.16,1251549,28542012.9,,,,historical_baseline,,fe33df9ae5456d8ee27133c42c244c81d150008ababc19399c7ed428638b57ea
2160,2025-05-15,23.12,23.14,22.68,22.74,383514,8757932.64,,,,historical_baseline,,fe33df9ae5456d8ee27133c42c244c81d150008ababc19399c7ed428638b57ea
2160,2025-05-18,22.7,23.14,22.62,22.94,594974,13603566.86,,,,historical_baseline,,fe33df9ae5456d8ee27133c42c244c81d150008ababc19399c7ed428638b57ea
2160,2025-05-19,22.98,23.84,22.8,23.2,1585712,37201990.78,,,,historical_baseline,,fe33df9ae5456d8ee27133c42c244c81d150008ababc19399c7ed428638b57ea
2160,2025-05-20,23.22,23.98,23.22,23.9,1507547,35763363.16,,,,historical_baseline,,fe33df9ae5456d8ee27133c42c244c81d150008ababc19399c7ed428638b57ea
2160,2025-05-21,23.96,24.58,23.62,23.62,2313252,56132193.92,,,,historical_baseline,,fe33df9ae5456d8ee27133c42c244c81d150008ababc19399c7ed428638b57ea
2160,2025-05-22,23.6,23.7,22.82,22.82,865488,20147538.78,,,,historical_baseline,,fe33df9ae5456d8ee27133c42c244c81d150008ababc19399c7ed428638b57ea
2160,2025-05-25,22.84,23.26,22.64,22.64,513069,11779351.56,,,,historical_baseline,,fe33df9ae5456d8ee27133c42c244c81d150008ababc19399c7ed428638b57ea
2160,2025-05-26,22.66,22.9,21.92,22.14,657958,14675151.2,,,,historical_baseline,,fe33df9ae5456d8ee27133c42c244c81d150008ababc19399c7ed428638b57ea
2160,2025-05-27,22.1,22.24,21.36,21.42,595516,12971871.42,,,,historical_baseline,,fe33df9ae5456d8ee27133c42c244c81d150008ababc19399c7ed428638b57ea
2160,2025-05-28,21.5,21.86,21.5,21.6,271970,5902432.2,,,,historical_baseline,,fe33df9ae5456d8ee27133c42c244c81d150008ababc19399c7ed428638b57ea
2160,2025-05-29,21.9,21.9,21.52,21.66,277673,6028773.54,,,,historical_baseline,,fe33df9ae5456d8ee27133c42c244c81d150008ababc19399c7ed428638b57ea
2170,2025-05-01,37.55,37.55,37.15,37.3,219196,8186449.2,,,,historical_baseline,,fe33df9ae5456d8ee27133c42c244c81d150008ababc19399c7ed428638b57ea
2170,2025-05-04,37.4,37.55,37.15,37.35,102884,3837591.65,,,,historical_baseline,,fe33df9ae5456d8ee27133c42c244c81d150008ababc19399c7ed428638b57ea
2170,2025-05-05,37.45,37.55,37.05,37.45,111142,4150311.3,,,,historical_baseline,,fe33df9ae5456d8ee27133c42c244c81d150008ababc19399c7ed428638b57ea
2170,2025-05-06,37.35,37.8,37.3,37.7,129330,4853769.55,,,,historical_baseline,,fe33df9ae5456d8ee27133c42c244c81d150008ababc19399c7ed428638b57ea
2170,2025-05-07,37.7,37.85,37.4,37.8,182538,6875402.5,,,,historical_baseline,,fe33df9ae5456d8ee27133c42c244c81d150008ababc19399c7ed428638b57ea
2170,2025-05-08,37.7,38.1,37.35,38.0,196411,7407662.3,,,,historical_baseline,,fe33df9ae5456d8ee27133c42c244c81d150008ababc19399c7ed428638b57ea
2170,2025-05-11,37.65,38.0,37.45,38.0,162264,6117819.15,,,,historical_baseline,,fe33df9ae5456d8ee27133c42c244c81d150008ababc19399c7ed428638b57ea
2170,2025-05-12,38.1,38.65,38.05,38.65,348877,13387753.25,,,,historical_baseline,,fe33df9ae5456d8ee27133c42c244c81d150008ababc19399c7ed428638b57ea
2170,2025-05-13,38.65,38.8,38.3,38.6,181291,6980950.1,,,,historical_baseline,,fe33df9ae5456d8ee27133c42c244c81d150008ababc19399c7ed428638b57ea
2170,2025-05-14,38.5,39.05,38.4,38.5,384053,14901975.25,,,,historical_baseline,,fe33df9ae5456d8ee27133c42c244c81d150008ababc19399c7ed428638b57ea
2170,2025-05-15,38.5,40.0,38.3,39.45,761926,29892768.15,,,,historical_baseline,,fe33df9ae5456d8ee27133c42c244c81d150008ababc19399c7ed428638b57ea
2170,2025-05-18,39.8,40.0,39.25,39.9,666366,26483371.05,,,,historical_baseline,,fe33df9ae5456d8ee27133c42c244c81d150008ababc19399c7ed428638b57ea
2170,2025-05-19,40.0,40.05,38.85,38.95,1117431,43922150.95,,,,historical_baseline,,fe33df9ae5456d8ee27133c42c244c81d150008ababc19399c7ed428638b57ea
2170,2025-05-20,39.15,39.6,38.9,39.5,709707,27915645.15,,,,historical_baseline,,fe33df9ae5456d8ee27133c42c244c81d150008ababc19399c7ed428638b57ea
2170,2025-05-21,39.5,39.6,38.35,38.5,649253,25188810.7,,,,historical_baseline,,fe33df9ae5456d8ee27133c42c244c81d150008ababc19399c7ed428638b57ea
2170,2025-05-22,37.95,37.95,37.55,37.7,229200,8653154.25,,,,historical_baseline,,fe33df9ae5456d8ee27133c42c244c81d150008ababc19399c7ed428638b57ea
2170,2025-05-25,37.45,37.7,36.05,36.05,550787,20283104.0,,,,historical_baseline,,fe33df9ae5456d8ee27133c42c244c81d150008ababc19399c7ed428638b57ea
2170,2025-05-26,36.15,36.6,36.0,36.55,331794,12057681.95,,,,historical_baseline,,fe33df9ae5456d8ee27133c42c244c81d150008ababc19399c7ed428638b57ea
2170,2025-05-27,36.55,36.6,35.65,35.9,265828,9524291.65,,,,historical_baseline,,fe33df9ae5456d8ee27133c42c244c81d150008ababc19399c7ed428638b57ea
2170,2025-05-28,35.9,36.5,35.75,36.5,355640,12817110.1,,,,historical_baseline,,fe33df9ae5456d8ee27133c42c244c81d150008ababc19399c7ed428638b57ea
2170,2025-05-29,36.35,37.15,36.35,36.9,203896,7511596.15,,,,historical_baseline,,fe33df9ae5456d8ee27133c42c244c81d150008ababc19399c7ed428638b57ea
2180,2025-05-01,38.7,38.85,38.1,38.2,41757,1602566.1,,,,historical_baseline,,fe33df9ae5456d8ee27133c42c244c81d150008ababc19399c7ed428638b57ea
2180,2025-05-04,38.1,38.5,37.7,38.05,39304,1499355.45,,,,historical_baseline,,fe33df9ae5456d8ee27133c42c244c81d150008ababc19399c7ed428638b57ea
2180,2025-05-05,38.0,38.4,37.75,38.2,42150,1607921.7,,,,historical_baseline,,fe33df9ae5456d8ee27133c42c244c81d150008ababc19399c7ed428638b57ea
2180,2025-05-06,38.2,38.95,38.1,38.1,47664,1836215.05,,,,historical_baseline,,fe33df9ae5456d8ee27133c42c244c81d150008ababc19399c7ed428638b57ea
2180,2025-05-07,38.4,38.4,37.5,37.65,27734,1049595.4,,,,historical_baseline,,fe33df9ae5456d8ee27133c42c244c81d150008ababc19399c7ed428638b57ea
2180,2025-05-08,37.65,37.65,36.85,37.0,40713,1510130.1,,,,historical_baseline,,fe33df9ae5456d8ee27133c42c244c81d150008ababc19399c7ed428638b57ea
2180,2025-05-11,37.0,37.45,36.7,36.85,29200,1083914.6,,,,historical_baseline,,fe33df9ae5456d8ee27133c42c244c81d150008ababc19399c7ed428638b57ea
2180,2025-05-12,37.05,37.8,37.0,37.65,59705,2231526.25,,,,historical_baseline,,fe33df9ae5456d8ee27133c42c244c81d150008ababc19399c7ed428638b57ea
2180,2025-05-13,37.8,38.1,37.4,37.45,42686,1612478.95,,,,historical_baseline,,fe33df9ae5456d8ee27133c42c244c81d150008ababc19399c7ed428638b57ea
2180,2025-05-14,37.85,38.2,37.45,37.65,39751,1505407.85,,,,historical_baseline,,fe33df9ae5456d8ee27133c42c244c81d150008ababc19399c7ed428638b57ea
2180,2025-05-15,38.0,38.0,36.95,37.25,46724,1744760.55,,,,historical_baseline,,fe33df9ae5456d8ee27133c42c244c81d150008ababc19399c7ed428638b57ea
2180,2025-05-18,36.7,36.95,36.0,36.35,74562,2707840.05,,,,historical_baseline,,fe33df9ae5456d8ee27133c42c244c81d150008ababc19399c7ed428638b57ea
2180,2025-05-19,36.35,36.35,35.6,35.8,37800,1360573.6,,,,historical_baseline,,fe33df9ae5456d8ee27133c42c244c81d150008ababc19399c7ed428638b57ea
2180,2025-05-20,36.2,36.2,35.65,36.15,40228,1444274.7,,,,historical_baseline,,fe33df9ae5456d8ee27133c42c244c81d150008ababc19399c7ed428638b57ea
2180,2025-05-21,36.15,36.2,35.45,35.85,28321,1011918.2,,,,historical_baseline,,fe33df9ae5456d8ee27133c42c244c81d150008ababc19399c7ed428638b57ea
2180,2025-05-22,35.8,36.25,35.55,36.0,39057,1402259.8,,,,historical_baseline,,fe33df9ae5456d8ee27133c42c244c81d150008ababc19399c7ed428638b57ea
2180,2025-05-25,36.0,36.05,35.2,35.45,26834,954100.2,,,,historical_baseline,,fe33df9ae5456d8ee27133c42c244c81d150008ababc19399c7ed428638b57ea
2180,2025-05-26,35.15,35.65,34.3,34.75,35240,1232835.95,,,,historical_baseline,,fe33df9ae5456d8ee27133c42c244c81d150008ababc19399c7ed428638b57ea
2180,2025-05-27,35.0,35.7,34.1,34.2,34445,1193808.9,,,,historical_baseline,,fe33df9ae5456d8ee27133c42c244c81d150008ababc19399c7ed428638b57ea
2180,2025-05-28,35.0,35.15,34.4,34.4,29448,1023033.8,,,,historical_baseline,,fe33df9ae5456d8ee27133c42c244c81d150008ababc19399c7ed428638b57ea
2180,2025-05-29,35.0,35.0,34.35,34.5,33003,1143578.55,,,,historical_baseline,,fe33df9ae5456d8ee27133c42c244c81d150008ababc19399c7ed428638b57ea
2190,2025-05-01,29.6,29.75,29.0,29.4,190288,5564524.7,,,,historical_baseline,,fe33df9ae5456d8ee27133c42c244c81d150008ababc19399c7ed428638b57ea
2190,2025-05-04,30.0,30.0,28.3,28.6,164831,4731673.65,,,,historical_baseline,,fe33df9ae5456d8ee27133c42c244c81d150008ababc19399c7ed428638b57ea
2190,2025-05-05,28.6,28.8,28.1,28.75,139571,3972528.45,,,,historical_baseline,,fe33df9ae5456d8ee27133c42c244c81d150008ababc19399c7ed428638b57ea
2190,2025-05-06,28.5,29.8,28.5,29.35,299674,8777584.8,,,,historical_baseline,,fe33df9ae5456d8ee27133c42c244c81d150008ababc19399c7ed428638b57ea
2190,2025-05-07,29.35,30.0,28.8,29.1,312175,9148787.2,,,,historical_baseline,,fe33df9ae5456d8ee27133c42c244c81d150008ababc19399c7ed428638b57ea
2190,2025-05-08,29.45,29.45,28.65,29.1,136330,3946106.2,,,,historical_baseline,,fe33df9ae5456d8ee27133c42c244c81d150008ababc19399c7ed428638b57ea
2190,2025-05-11,29.45,31.0,29.35,30.15,589904,17866656.75,,,,historical_baseline,,fe33df9ae5456d8ee27133c42c244c81d150008ababc19399c7ed428638b57ea
2190,2025-05-12,30.2,30.35,29.8,29.95,222269,6664855.95,,,,historical_baseline,,fe33df9ae5456d8ee27133c42c244c81d150008ababc19399c7ed428638b57ea
2190,2025-05-13,30.0,30.7,30.0,30.6,252364,7674203.1,,,,historical_baseline,,fe33df9ae5456d8ee27133c42c244c81d150008ababc19399c7ed428638b57ea
2190,2025-05-14,30.8,30.8,29.8,29.8,315014,9504817.25,,,,historical_baseline,,fe33df9ae5456d8ee27133c42c244c81d150008ababc19399c7ed428638b57ea
2190,2025-05-15,29.85,30.1,29.8,29.85,147203,4406411.95,,,,historical_baseline,,fe33df9ae5456d8ee27133c42c244c81d150008ababc19399c7ed428638b57ea
2190,2025-05-18,29.7,30.2,29.6,29.65,127571,3808875.4,,,,historical_baseline,,fe33df9ae5456d8ee27133c42c244c81d150008ababc19399c7ed428638b57ea
2190,2025-05-19,29.65,29.8,28.8,29.1,377642,11002401.55,,,,historical_baseline,,fe33df9ae5456d8ee27133c42c244c81d150008ababc19399c7ed428638b57ea
2190,2025-05-20,29.1,29.55,28.75,29.25,314511,9141874.0,,,,historical_baseline,,fe33df9ae5456d8ee27133c42c244c81d150008ababc19399c7ed428638b57ea
2190,2025-05-21,29.3,29.55,28.9,29.25,407117,11908028.25,,,,historical_baseline,,fe33df9ae5456d8ee27133c42c244c81d150008ababc19399c7ed428638b57ea
2190,2025-05-22,29.3,30.25,29.05,30.1,1054791,31460757.4,,,,historical_baseline,,fe33df9ae5456d8ee27133c42c244c81d150008ababc19399c7ed428638b57ea
2190,2025-05-25,30.15,30.3,29.6,29.85,411387,12286379.35,,,,historical_baseline,,fe33df9ae5456d8ee27133c42c244c81d150008ababc19399c7ed428638b57ea
2190,2025-05-26,30.05,30.05,28.25,28.7,804817,23082321.5,,,,historical_baseline,,fe33df9ae5456d8ee27133c42c244c81d150008ababc19399c7ed428638b57ea
2190,2025-05-27,28.95,29.0,28.0,28.1,367964,10472826.8,,,,historical_baseline,,fe33df9ae5456d8ee27133c42c244c81d150008ababc19399c7ed428638b57ea
2190,2025-05-28,28.7,28.95,28.45,28.85,181722,5226259.25,,,,historical_baseline,,fe33df9ae5456d8ee27133c42c244c81d150008ababc19399c7ed428638b57ea
2190,2025-05-29,28.85,29.35,28.7,29.0,160149,4654569.3,,,,historical_baseline,,fe33df9ae5456d8ee27133c42c244c81d150008ababc19399c7ed428638b57ea
2200,2025-05-01,6.93,6.93,6.83,6.92,912774,6273980.11,,,,historical_baseline,,fe33df9ae5456d8ee27133c42c244c81d150008ababc19399c7ed428638b57ea
2200,2025-05-04,6.92,6.98,6.76,6.79,1123165,7672709.69,,,,historical_baseline,,fe33df9ae5456d8ee27133c42c244c81d150008ababc19399c7ed428638b57ea
2200,2025-05-05,6.8,6.86,6.75,6.84,1482045,10092183.63,,,,historical_baseline,,fe33df9ae5456d8ee27133c42c244c81d150008ababc19399c7ed428638b57ea
2200,2025-05-06,6.83,6.9,6.72,6.78,1522254,10381088.7,,,,historical_baseline,,fe33df9ae5456d8ee27133c42c244c81d150008ababc19399c7ed428638b57ea
2200,2025-05-07,6.88,6.93,6.78,6.82,3326484,22738150.93,,,,historical_baseline,,fe33df9ae5456d8ee27133c42c244c81d150008ababc19399c7ed428638b57ea
2200,2025-05-08,6.8,6.83,6.65,6.68,1813547,12152250.45,,,,historical_baseline,,fe33df9ae5456d8ee27133c42c244c81d150008ababc19399c7ed428638b57ea
2200,2025-05-11,6.71,6.73,6.6,6.64,1096117,7279299.96,,,,historical_baseline,,fe33df9ae5456d8ee27133c42c244c81d150008ababc19399c7ed428638b57ea
2200,2025-05-12,6.65,6.73,6.63,6.68,1183081,7924393.79,,,,historical_baseline,,fe33df9ae5456d8ee27133c42c244c81d150008ababc19399c7ed428638b57ea
2200,2025-05-13,6.7,6.81,6.61,6.63,2334631,15651010.0,,,,historical_baseline,,fe33df9ae5456d8ee27133c42c244c81d150008ababc19399c7ed428638b57ea
2200,2025-05-14,6.65,6.8,6.63,6.77,2833481,19062496.95,,,,historical_baseline,,fe33df9ae5456d8ee27133c42c244c81d150008ababc19399c7ed428638b57ea
2200,2025-05-15,6.75,6.75,6.63,6.64,2347201,15632070.12,,,,historical_baseline,,fe33df9ae5456d8ee27133c42c244c81d150008ababc19399c7ed428638b57ea
2200,2025-05-18,6.65,6.68,6.59,6.6,888495,5888227.63,,,,historical_baseline,,fe33df9ae5456d8ee27133c42c244c81d150008ababc19399c7ed428638b57ea
2200,2025-05-19,6.59,6.86,6.56,6.79,5323175,35885112.85,,,,historical_baseline,,fe33df9ae5456d8ee27133c42c244c81d150008ababc19399c7ed428638b57ea
2200,2025-05-20,6.77,6.79,6.69,6.75,1840751,12409103.82,,,,historical_baseline,,fe33df9ae5456d8ee27133c42c244c81d150008ababc19399c7ed428638b57ea
2200,2025-05-21,6.75,6.77,6.62,6.63,1093747,7302829.41,,,,historical_baseline,,fe33df9ae5456d8ee27133c42c244c81d150008ababc19399c7ed428638b57ea
2200,2025-05-22,6.63,6.64,6.53,6.54,1531873,10104024.66,,,,historical_baseline,,fe33df9ae5456d8ee27133c42c244c81d150008ababc19399c7ed428638b57ea
2200,2025-05-25,6.56,6.6,6.52,6.53,954386,6260193.85,,,,historical_baseline,,fe33df9ae5456d8ee27133c42c244c81d150008ababc19399c7ed428638b57ea
2200,2025-05-26,6.56,6.56,6.33,6.47,1451801,9365183.75,,,,historical_baseline,,fe33df9ae5456d8ee27133c42c244c81d150008ababc19399c7ed428638b57ea
2200,2025-05-27,6.53,6.57,6.33,6.42,1729660,11097358.53,,,,historical_baseline,,fe33df9ae5456d8ee27133c42c244c81d150008ababc19399c7ed428638b57ea
2200,2025-05-28,6.43,6.5,6.37,6.41,1177927,7569301.68,,,,historical_baseline,,fe33df9ae5456d8ee27133c42c244c81d150008ababc19399c7ed428638b57ea
2200,2025-05-29,6.44,6.53,6.36,6.47,1588445,10264570.57,,,,historical_baseline,,fe33df9ae5456d8ee27133c42c244c81d150008ababc19399c7ed428638b57ea
2210,2025-05-01,27.6,27.8,27.2,27.65,46040,1262452.15,,,,historical_baseline,,fe33df9ae5456d8ee27133c42c244c81d150008ababc19399c7ed428638b57ea
2210,2025-05-04,27.9,27.9,27.3,27.8,54222,1496017.55,,,,historical_baseline,,fe33df9ae5456d8ee27133c42c244c81d150008ababc19399c7ed428638b57ea
2210,2025-05-05,27.8,27.85,27.3,27.3,47335,1297349.75,,,,historical_baseline,,fe33df9ae5456d8ee27133c42c244c81d150008ababc19399c7ed428638b57ea
2210,2025-05-06,27.3,27.65,27.1,27.65,41616,1136262.95,,,,historical_baseline,,fe33df9ae5456d8ee27133c42c244c81d150008ababc19399c7ed428638b57ea
2210,2025-05-07,27.35,27.75,27.15,27.75,37868,1042018.95,,,,historical_baseline,,fe33df9ae5456d8ee27133c42c244c81d150008ababc19399c7ed428638b57ea
2210,2025-05-08,27.75,27.75,27.45,27.45,8086,222315.65,,,,historical_baseline,,fe33df9ae5456d8ee27133c42c244c81d150008ababc19399c7ed428638b57ea
2210,2025-05-11,27.45,27.55,27.3,27.45,14975,410280.2,,,,historical_baseline,,fe33df9ae5456d8ee27133c42c244c81d150008ababc19399c7ed428638b57ea
2210,2025-05-12,27.45,27.8,27.3,27.5,28393,782665.95,,,,historical_baseline,,fe33df9ae5456d8ee27133c42c244c81d150008ababc19399c7ed428638b57ea
2210,2025-05-13,27.5,27.8,27.5,27.5,15712,433201.95,,,,historical_baseline,,fe33df9ae5456d8ee27133c42c244c81d150008ababc19399c7ed428638b57ea
2210,2025-05-14,27.55,27.7,27.3,27.7,16325,448403.85,,,,historical_baseline,,fe33df9ae5456d8ee27133c42c244c81d150008ababc19399c7ed428638b57ea
2210,2025-05-15,27.65,27.75,27.0,27.75,51042,1397193.0,,,,historical_baseline,,fe33df9ae5456d8ee27133c42c244c81d150008ababc19399c7ed428638b57ea
2210,2025-05-18,27.75,28.15,27.25,28.15,64160,1769902.0,,,,historical_baseline,,fe33df9ae5456d8ee27133c42c244c81d150008ababc19399c7ed428638b57ea
2210,2025-05-19,28.15,28.2,27.65,28.2,71195,1994410.45,,,,historical_baseline,,fe33df9ae5456d8ee27133c42c244c81d150008ababc19399c7ed428638b57ea
2210,2025-05-20,27.75,28.15,27.75,28.15,35986,1005797.8,,,,historical_baseline,,fe33df9ae5456d8ee27133c42c244c81d150008ababc19399c7ed428638b57ea
2210,2025-05-21,28.0,28.2,27.5,28.2,71692,2007591.4,,,,historical_baseline,,fe33df9ae5456d8ee27133c42c244c81d150008ababc19399c7ed428638b57ea
2210,2025-05-22,28.0,28.2,27.75,28.0,46623,1304573.45,,,,historical_baseline,,fe33df9ae5456d8ee27133c42c244c81d150008ababc19399c7ed428638b57ea
2210,2025-05-25,27.95,27.95,27.5,27.5,18499,512965.85,,,,historical_baseline,,fe33df9ae5456d8ee27133c42c244c81d150008ababc19399c7ed428638b57ea
2210,2025-05-26,27.5,28.2,27.05,28.2,76991,2123242.05,,,,historical_baseline,,fe33df9ae5456d8ee27133c42c244c81d150008ababc19399c7ed428638b57ea
2210,2025-05-27,28.3,28.3,27.55,28.05,67869,1901733.25,,,,historical_baseline,,fe33df9ae5456d8ee27133c42c244c81d150008ababc19399c7ed428638b57ea
2210,2025-05-28,28.2,28.2,27.55,27.55,19299,537493.45,,,,historical_baseline,,fe33df9ae5456d8ee27133c42c244c81d150008ababc19399c7ed428638b57ea
2210,2025-05-29,27.8,28.1,27.55,27.75,33430,930891.15,,,,historical_baseline,,fe33df9ae5456d8ee27133c42c244c81d150008ababc19399c7ed428638b57ea
2220,2025-05-01,15.36,15.46,15.18,15.32,94264,1441072.82,,,,historical_baseline,,fe33df9ae5456d8ee27133c42c244c81d150008ababc19399c7ed428638b57ea
2220,2025-05-04,15.18,15.5,15.0,15.0,106028,1616102.1,,,,historical_baseline,,fe33df9ae5456d8ee27133c42c244c81d150008ababc19399c7ed428638b57ea
2220,2025-05-05,14.96,15.24,14.84,15.12,106339,1600237.32,,,,historical_baseline,,fe33df9ae5456d8ee27133c42c244c81d150008ababc19399c7ed428638b57ea
2220,2025-05-06,15.12,15.28,15.02,15.02,80653,1221959.6,,,,historical_baseline,,fe33df9ae5456d8ee27133c42c244c81d150008ababc19399c7ed428638b57ea
2220,2025-05-07,15.02,15.16,14.88,14.9,49583,743803.3,,,,historical_baseline,,fe33df9ae5456d8ee27133c42c244c81d150008ababc19399c7ed428638b57ea
2220,2025-05-08,14.94,15.02,14.68,14.72,78551,1161986.56,,,,historical_baseline,,fe33df9ae5456d8ee27133c42c244c81d150008ababc19399c7ed428638b57ea
2220,2025-05-11,14.76,14.8,14.46,14.56,80930,1183846.56,,,,historical_baseline,,fe33df9ae5456d8ee27133c42c244c81d150008ababc19399c7ed428638b57ea
2220,2025-05-12,14.7,14.96,14.5,14.88,99665,1475260.66,,,,historical_baseline,,fe33df9ae5456d8ee27133c42c244c81d150008ababc19399c7ed428638b57ea
2220,2025-05-13,15.0,15.02,14.8,14.84,54932,818423.18,,,,historical_baseline,,fe33df9ae5456d8ee27133c42c244c81d150008ababc19399c7ed428638b57ea
2220,2025-05-14,14.9,15.34,14.84,15.18,236165,3583695.44,,,,historical_baseline,,fe33df9ae5456d8ee27133c42c244c81d150008ababc19399c7ed428638b57ea
2220,2025-05-15,15.18,15.18,14.92,14.94,56447,846150.92,,,,historical_baseline,,fe33df9ae5456d8ee27133c42c244c81d150008ababc19399c7ed428638b57ea
2220,2025-05-18,14.94,14.98,14.84,14.84,51022,759982.52,,,,historical_baseline,,fe33df9ae5456d8ee27133c42c244c81d150008ababc19399c7ed428638b57ea
2220,2025-05-19,14.84,14.94,14.54,14.54,59538,877346.68,,,,historical_baseline,,fe33df9ae5456d8ee27133c42c244c81d150008ababc19399c7ed428638b57ea
2220,2025-05-20,14.7,14.7,14.42,14.6,62156,905127.3,,,,historical_baseline,,fe33df9ae5456d8ee27133c42c244c81d150008ababc19399c7ed428638b57ea
2220,2025-05-21,14.58,14.7,14.2,14.2,102836,1473749.24,,,,historical_baseline,,fe33df9ae5456d8ee27133c42c244c81d150008ababc19399c7ed428638b57ea
2220,2025-05-22,14.16,14.34,14.1,14.1,58904,836407.54,,,,historical_baseline,,fe33df9ae5456d8ee27133c42c244c81d150008ababc19399c7ed428638b57ea
2220,2025-05-25,14.1,14.1,13.76,13.86,53295,741407.26,,,,historical_baseline,,fe33df9ae5456d8ee27133c42c244c81d150008ababc19399c7ed428638b57ea
2220,2025-05-26,13.76,13.96,13.02,13.32,231920,3079703.86,,,,historical_baseline,,fe33df9ae5456d8ee27133c42c244c81d150008ababc19399c7ed428638b57ea
2220,2025-05-27,13.34,13.4,13.02,13.18,89991,1187185.64,,,,historical_baseline,,fe33df9ae5456d8ee27133c42c244c81d150008ababc19399c7ed428638b57ea
2220,2025-05-28,13.02,13.44,13.02,13.4,32317,430989.18,,,,historical_baseline,,fe33df9ae5456d8ee27133c42c244c81d150008ababc19399c7ed428638b57ea
2220,2025-05-29,13.44,13.68,13.44,13.5,42025,569377.3,,,,historical_baseline,,fe33df9ae5456d8ee27133c42c244c81d150008ababc19399c7ed428638b57ea
2222,2025-05-01,25.35,25.4,25.2,25.2,7824146,197799465.7,,,,historical_baseline,,fe33df9ae5456d8ee27133c42c244c81d150008ababc19399c7ed428638b57ea
2222,2025-05-04,25.2,25.35,24.94,24.94,11848312,297432160.65,,,,historical_baseline,,fe33df9ae5456d8ee27133c42c244c81d150008ababc19399c7ed428638b57ea
2222,2025-05-05,24.94,24.98,24.82,24.9,8534246,212598503.1,,,,historical_baseline,,fe33df9ae5456d8ee27133c42c244c81d150008ababc19399c7ed428638b57ea
2222,2025-05-06,24.92,25.05,24.9,24.98,4275057,106837725.0,,,,historical_baseline,,fe33df9ae5456d8ee27133c42c244c81d150008ababc19399c7ed428638b57ea
2222,2025-05-07,24.98,25.05,24.84,24.84,6343182,158081805.36,,,,historical_baseline,,fe33df9ae5456d8ee27133c42c244c81d150008ababc19399c7ed428638b57ea
2222,2025-05-08,24.9,24.96,24.74,24.84,7836576,194639943.56,,,,historical_baseline,,fe33df9ae5456d8ee27133c42c244c81d150008ababc19399c7ed428638b57ea
2222,2025-05-11,25.0,25.05,24.96,25.0,5256393,131379484.38,,,,historical_baseline,,fe33df9ae5456d8ee27133c42c244c81d150008ababc19399c7ed428638b57ea
2222,2025-05-12,25.05,25.7,25.05,25.55,17040683,434641633.65,,,,historical_baseline,,fe33df9ae5456d8ee27133c42c244c81d150008ababc19399c7ed428638b57ea
2222,2025-05-13,25.65,25.7,25.4,25.55,10719402,273398780.6,,,,historical_baseline,,fe33df9ae5456d8ee27133c42c244c81d150008ababc19399c7ed428638b57ea
2222,2025-05-14,25.6,26.15,25.55,26.1,24397948,632119794.8,,,,historical_baseline,,fe33df9ae5456d8ee27133c42c244c81d150008ababc19399c7ed428638b57ea
2222,2025-05-15,26.1,26.15,25.85,26.15,10154696,264405655.95,,,,historical_baseline,,fe33df9ae5456d8ee27133c42c244c81d150008ababc19399c7ed428638b57ea
2222,2025-05-18,26.15,26.25,26.0,26.15,7407545,193624723.15,,,,historical_baseline,,fe33df9ae5456d8ee27133c42c244c81d150008ababc19399c7ed428638b57ea
2222,2025-05-19,26.15,26.3,26.05,26.25,10398563,272452033.8,,,,historical_baseline,,fe33df9ae5456d8ee27133c42c244c81d150008ababc19399c7ed428638b57ea
2222,2025-05-20,26.3,26.3,26.05,26.2,8697047,227575322.5,,,,historical_baseline,,fe33df9ae5456d8ee27133c42c244c81d150008ababc19399c7ed428638b57ea
2222,2025-05-21,26.15,26.25,26.1,26.1,9558487,250170972.2,,,,historical_baseline,,fe33df9ae5456d8ee27133c42c244c81d150008ababc19399c7ed428638b57ea
2222,2025-05-22,25.85,25.85,25.15,25.15,15641541,398779964.45,,,,historical_baseline,,fe33df9ae5456d8ee27133c42c244c81d150008ababc19399c7ed428638b57ea
2222,2025-05-25,25.15,25.3,24.84,25.0,8638937,216077322.82,,,,historical_baseline,,fe33df9ae5456d8ee27133c42c244c81d150008ababc19399c7ed428638b57ea
2222,2025-05-26,25.0,25.2,24.94,25.2,7488534,187738460.94,,,,historical_baseline,,fe33df9ae5456d8ee27133c42c244c81d150008ababc19399c7ed428638b57ea
2222,2025-05-27,25.2,25.2,25.0,25.05,6788028,170367875.1,,,,historical_baseline,,fe33df9ae5456d8ee27133c42c244c81d150008ababc19399c7ed428638b57ea
2222,2025-05-28,25.1,25.5,25.05,25.45,9927549,252079340.45,,,,historical_baseline,,fe33df9ae5456d8ee27133c42c244c81d150008ababc19399c7ed428638b57ea
2222,2025-05-29,25.45,25.55,25.0,25.0,37669543,945408698.65,,,,historical_baseline,,fe33df9ae5456d8ee27133c42c244c81d150008ababc19399c7ed428638b57ea
2223,2025-05-01,99.9,99.9,98.4,98.7,214560,21175274.9,,,,historical_baseline,,fe33df9ae5456d8ee27133c42c244c81d150008ababc19399c7ed428638b57ea
2223,2025-05-04,98.7,99.0,97.6,98.5,123322,12123061.8,,,,historical_baseline,,fe33df9ae5456d8ee27133c42c244c81d150008ababc19399c7ed428638b57ea
2223,2025-05-05,98.0,99.0,97.4,99.0,269218,26515405.2,,,,historical_baseline,,fe33df9ae5456d8ee27133c42c244c81d150008ababc19399c7ed428638b57ea
2223,2025-05-06,99.0,99.4,98.5,98.9,121574,12030562.9,,,,historical_baseline,,fe33df9ae5456d8ee27133c42c244c81d150008ababc19399c7ed428638b57ea
2223,2025-05-07,99.1,99.1,98.2,98.2,91084,8976578.0,,,,historical_baseline,,fe33df9ae5456d8ee27133c42c244c81d150008ababc19399c7ed428638b57ea
2223,2025-05-08,98.2,98.5,96.5,98.5,210787,20546868.6,,,,historical_baseline,,fe33df9ae5456d8ee27133c42c244c81d150008ababc19399c7ed428638b57ea
2223,2025-05-11,98.5,99.0,97.9,98.7,108739,10709455.2,,,,historical_baseline,,fe33df9ae5456d8ee27133c42c244c81d150008ababc19399c7ed428638b57ea
2223,2025-05-12,98.7,100.2,98.7,99.9,181233,18081253.1,,,,historical_baseline,,fe33df9ae5456d8ee27133c42c244c81d150008ababc19399c7ed428638b57ea
2223,2025-05-13,100.2,101.0,99.6,99.9,164226,16445972.0,,,,historical_baseline,,fe33df9ae5456d8ee27133c42c244c81d150008ababc19399c7ed428638b57ea
2223,2025-05-14,100.0,100.8,99.5,99.9,468049,46721694.3,,,,historical_baseline,,fe33df9ae5456d8ee27133c42c244c81d150008ababc19399c7ed428638b57ea
2223,2025-05-15,100.0,101.6,99.2,101.0,570845,57392602.0,,,,historical_baseline,,fe33df9ae5456d8ee27133c42c244c81d150008ababc19399c7ed428638b57ea
2223,2025-05-18,101.2,102.2,100.4,101.6,221507,22516552.2,,,,historical_baseline,,fe33df9ae5456d8ee27133c42c244c81d150008ababc19399c7ed428638b57ea
2223,2025-05-19,101.8,101.8,99.9,100.6,145377,14591271.1,,,,historical_baseline,,fe33df9ae5456d8ee27133c42c244c81d150008ababc19399c7ed428638b57ea
2223,2025-05-20,100.6,101.4,99.9,101.4,115798,11653865.2,,,,historical_baseline,,fe33df9ae5456d8ee27133c42c244c81d150008ababc19399c7ed428638b57ea
2223,2025-05-21,101.4,101.4,99.6,99.8,109452,10950769.2,,,,historical_baseline,,fe33df9ae5456d8ee27133c42c244c81d150008ababc19399c7ed428638b57ea
2223,2025-05-22,99.6,100.6,99.0,99.9,146072,14580956.6,,,,historical_baseline,,fe33df9ae5456d8ee27133c42c244c81d150008ababc19399c7ed428638b57ea
2223,2025-05-25,99.0,99.4,98.5,98.5,73571,7265845.1,,,,historical_baseline,,fe33df9ae5456d8ee27133c42c244c81d150008ababc19399c7ed428638b57ea
2223,2025-05-26,98.8,100.0,98.4,100.0,180559,17915348.6,,,,historical_baseline,,fe33df9ae5456d8ee27133c42c244c81d150008ababc19399c7ed428638b57ea
2223,2025-05-27,100.0,100.0,97.5,98.0,151642,14967372.6,,,,historical_baseline,,fe33df9ae5456d8ee27133c42c244c81d150008ababc19399c7ed428638b57ea
2223,2025-05-28,98.0,99.5,97.6,99.0,165984,16374711.1,,,,historical_baseline,,fe33df9ae5456d8ee27133c42c244c81d150008ababc19399c7ed428638b57ea
2223,2025-05-29,99.2,100.2,98.6,99.6,195692,19473053.1,,,,historical_baseline,,fe33df9ae5456d8ee27133c42c244c81d150008ababc19399c7ed428638b57ea
2230,2025-05-01,8.45,8.45,8.19,8.26,1666138,13841978.61,,,,historical_baseline,,fe33df9ae5456d8ee27133c42c244c81d150008ababc19399c7ed428638b57ea
2230,2025-05-04,8.35,8.35,8.07,8.1,1651388,13440899.79,,,,historical_baseline,,fe33df9ae5456d8ee27133c42c244c81d150008ababc19399c7ed428638b57ea
2230,2025-05-05,8.01,8.25,7.96,8.2,1906573,15363058.56,,,,historical_baseline,,fe33df9ae5456d8ee27133c42c244c81d150008ababc19399c7ed428638b57ea
2230,2025-05-06,8.2,8.4,8.15,8.3,2310778,19072342.11,,,,historical_baseline,,fe33df9ae5456d8ee27133c42c244c81d150008ababc19399c7ed428638b57ea
2230,2025-05-07,8.3,8.79,8.28,8.71,9275521,79451923.69,,,,historical_baseline,,fe33df9ae5456d8ee27133c42c244c81d150008ababc19399c7ed428638b57ea
2230,2025-05-08,8.72,9.07,8.68,8.97,7791019,69520407.42,,,,historical_baseline,,fe33df9ae5456d8ee27133c42c244c81d150008ababc19399c7ed428638b57ea
2230,2025-05-11,8.95,8.95,8.14,8.39,10524024,87512520.91,,,,historical_baseline,,fe33df9ae5456d8ee27133c42c244c81d150008ababc19399c7ed428638b57ea
2230,2025-05-12,8.4,8.55,8.26,8.3,4234873,35483277.13,,,,historical_baseline,,fe33df9ae5456d8ee27133c42c244c81d150008ababc19399c7ed428638b57ea
2230,2025-05-13,8.24,8.26,8.15,8.18,2259669,18502691.01,,,,historical_baseline,,fe33df9ae5456d8ee27133c42c244c81d150008ababc19399c7ed428638b57ea
2230,2025-05-14,8.21,8.24,8.13,8.15,2408055,19722033.47,,,,historical_baseline,,fe33df9ae5456d8ee27133c42c244c81d150008ababc19399c7ed428638b57ea
2230,2025-05-15,8.16,8.16,8.01,8.07,1563735,12591776.46,,,,historical_baseline,,fe33df9ae5456d8ee27133c42c244c81d150008ababc19399c7ed428638b57ea
2230,2025-05-18,8.01,8.12,8.01,8.09,1492359,12050949.3,,,,historical_baseline,,fe33df9ae5456d8ee27133c42c244c81d150008ababc19399c7ed428638b57ea
2230,2025-05-19,8.07,8.15,8.01,8.09,1317641,10616187.91,,,,historical_baseline,,fe33df9ae5456d8ee27133c42c244c81d150008ababc19399c7ed428638b57ea
2230,2025-05-20,8.13,8.16,7.96,8.08,2869673,23082646.62,,,,historical_baseline,,fe33df9ae5456d8ee27133c42c244c81d150008ababc19399c7ed428638b57ea
2230,2025-05-21,8.08,8.08,7.99,8.03,1467639,11766997.49,,,,historical_baseline,,fe33df9ae5456d8ee27133c42c244c81d150008ababc19399c7ed428638b57ea
2230,2025-05-22,7.98,7.98,7.72,7.78,2105925,16478143.67,,,,historical_baseline,,fe33df9ae5456d8ee27133c42c244c81d150008ababc19399c7ed428638b57ea
2230,2025-05-25,7.75,7.75,7.58,7.59,1178270,8983925.19,,,,historical_baseline,,fe33df9ae5456d8ee27133c42c244c81d150008ababc19399c7ed428638b57ea
2230,2025-05-26,7.6,7.61,7.18,7.33,4444099,32615502.16,,,,historical_baseline,,fe33df9ae5456d8ee27133c42c244c81d150008ababc19399c7ed428638b57ea
2230,2025-05-27,7.35,7.35,7.22,7.31,3567703,26065392.84,,,,historical_baseline,,fe33df9ae5456d8ee27133c42c244c81d150008ababc19399c7ed428638b57ea
2230,2025-05-28,7.32,7.64,7.22,7.57,3219388,24076358.82,,,,historical_baseline,,fe33df9ae5456d8ee27133c42c244c81d150008ababc19399c7ed428638b57ea
2230,2025-05-29,7.58,7.82,7.51,7.8,4137452,31832335.73,,,,historical_baseline,,fe33df9ae5456d8ee27133c42c244c81d150008ababc19399c7ed428638b57ea
2240,2025-05-01,41.6,41.85,40.6,41.85,522224,21607825.55,,,,historical_baseline,,fe33df9ae5456d8ee27133c42c244c81d150008ababc19399c7ed428638b57ea
2240,2025-05-04,42.0,42.8,40.15,42.0,611141,25560809.7,,,,historical_baseline,,fe33df9ae5456d8ee27133c42c244c81d150008ababc19399c7ed428638b57ea
2240,2025-05-05,42.0,43.1,41.5,42.9,629540,26853818.25,,,,historical_baseline,,fe33df9ae5456d8ee27133c42c244c81d150008ababc19399c7ed428638b57ea
2240,2025-05-06,42.9,44.75,42.5,43.35,1227278,53673322.8,,,,historical_baseline,,fe33df9ae5456d8ee27133c42c244c81d150008ababc19399c7ed428638b57ea
2240,2025-05-07,43.35,44.55,42.4,43.9,558081,24421444.7,,,,historical_baseline,,fe33df9ae5456d8ee27133c42c244c81d150008ababc19399c7ed428638b57ea
2240,2025-05-08,43.85,44.45,41.95,42.5,1017687,44304960.9,,,,historical_baseline,,fe33df9ae5456d8ee27133c42c244c81d150008ababc19399c7ed428638b57ea
2240,2025-05-11,41.9,43.25,41.9,42.5,205709,8739126.0,,,,historical_baseline,,fe33df9ae5456d8ee27133c42c244c81d150008ababc19399c7ed428638b57ea
2240,2025-05-12,42.9,44.45,42.4,44.0,754842,33103435.15,,,,historical_baseline,,fe33df9ae5456d8ee27133c42c244c81d150008ababc19399c7ed428638b57ea
2240,2025-05-13,44.0,47.8,44.0,47.4,1670924,77241456.9,,,,historical_baseline,,fe33df9ae5456d8ee27133c42c244c81d150008ababc19399c7ed428638b57ea
2240,2025-05-14,47.8,48.85,47.0,48.0,826475,39537822.65,,,,historical_baseline,,fe33df9ae5456d8ee27133c42c244c81d150008ababc19399c7ed428638b57ea
2240,2025-05-15,44.7,44.7,43.2,43.2,1611453,69829167.45,,,,historical_baseline,,fe33df9ae5456d8ee27133c42c244c81d150008ababc19399c7ed428638b57ea
2240,2025-05-18,41.0,44.05,39.5,42.5,2514324,105893781.8,,,,historical_baseline,,fe33df9ae5456d8ee27133c42c244c81d150008ababc19399c7ed428638b57ea
2240,2025-05-19,43.3,45.3,42.75,44.2,1999702,87793232.35,,,,historical_baseline,,fe33df9ae5456d8ee27133c42c244c81d150008ababc19399c7ed428638b57ea
2240,2025-05-20,44.8,46.65,44.15,46.05,856748,38733933.6,,,,historical_baseline,,fe33df9ae5456d8ee27133c42c244c81d150008ababc19399c7ed428638b57ea
2240,2025-05-21,46.2,46.55,44.0,44.25,845699,38176545.3,,,,historical_baseline,,fe33df9ae5456d8ee27133c42c244c81d150008ababc19399c7ed428638b57ea
2240,2025-05-22,44.0,46.1,43.55,45.5,1099614,49793823.4,,,,historical_baseline,,fe33df9ae5456d8ee27133c42c244c81d150008ababc19399c7ed428638b57ea
2240,2025-05-25,46.0,46.5,44.0,44.0,653978,29834231.25,,,,historical_baseline,,fe33df9ae5456d8ee27133c42c244c81d150008ababc19399c7ed428638b57ea
2240,2025-05-26,45.2,45.6,42.6,43.5,488037,21374133.35,,,,historical_baseline,,fe33df9ae5456d8ee27133c42c244c81d150008ababc19399c7ed428638b57ea
2240,2025-05-27,43.2,43.7,41.65,41.8,300788,12746596.7,,,,historical_baseline,,fe33df9ae5456d8ee27133c42c244c81d150008ababc19399c7ed428638b57ea
2240,2025-05-28,42.95,42.95,41.1,41.5,346826,14453702.1,,,,historical_baseline,,fe33df9ae5456d8ee27133c42c244c81d150008ababc19399c7ed428638b57ea
2240,2025-05-29,41.5,42.6,41.05,41.1,375137,15659136.7,,,,historical_baseline,,fe33df9ae5456d8ee27133c42c244c81d150008ababc19399c7ed428638b57ea
2250,2025-05-01,15.12,15.14,14.72,14.9,655777,9782386.34,,,,historical_baseline,,fe33df9ae5456d8ee27133c42c244c81d150008ababc19399c7ed428638b57ea
2250,2025-05-04,14.86,14.9,14.64,14.72,350180,5158936.0,,,,historical_baseline,,fe33df9ae5456d8ee27133c42c244c81d150008ababc19399c7ed428638b57ea
2250,2025-05-05,14.76,14.78,14.46,14.5,680117,9931679.3,,,,historical_baseline,,fe33df9ae5456d8ee27133c42c244c81d150008ababc19399c7ed428638b57ea
2250,2025-05-06,14.52,14.76,14.34,14.4,726649,10580674.14,,,,historical_baseline,,fe33df9ae5456d8ee27133c42c244c81d150008ababc19399c7ed428638b57ea
2250,2025-05-07,14.44,14.74,14.34,14.58,665826,9668729.52,,,,historical_baseline,,fe33df9ae5456d8ee27133c42c244c81d150008ababc19399c7ed428638b57ea
2250,2025-05-08,14.48,14.56,14.28,14.4,829707,11940434.8,,,,historical_baseline,,fe33df9ae5456d8ee27133c42c244c81d150008ababc19399c7ed428638b57ea
2250,2025-05-11,14.44,14.56,14.4,14.5,326742,4731496.7,,,,historical_baseline,,fe33df9ae5456d8ee27133c42c244c81d150008ababc19399c7ed428638b57ea
2250,2025-05-12,14.64,14.98,14.6,14.92,807582,11985477.36,,,,historical_baseline,,fe33df9ae5456d8ee27133c42c244c81d150008ababc19399c7ed428638b57ea
2250,2025-05-13,15.0,15.1,14.76,14.86,415546,6192852.34,,,,historical_baseline,,fe33df9ae5456d8ee27133c42c244c81d150008ababc19399c7ed428638b57ea
2250,2025-05-14,14.98,15.02,14.82,14.82,571566,8516807.14,,,,historical_baseline,,fe33df9ae5456d8ee27133c42c244c81d150008ababc19399c7ed428638b57ea
2250,2025-05-15,15.06,15.06,14.6,14.6,651988,9623012.74,,,,historical_baseline,,fe33df9ae5456d8ee27133c42c244c81d150008ababc19399c7ed428638b57ea
2250,2025-05-18,14.6,14.88,14.56,14.84,248765,3668101.64,,,,historical_baseline,,fe33df9ae5456d8ee27133c42c244c81d150008ababc19399c7ed428638b57ea
2250,2025-05-19,14.82,14.88,14.42,14.52,648736,9479755.08,,,,historical_baseline,,fe33df9ae5456d8ee27133c42c244c81d150008ababc19399c7ed428638b57ea
2250,2025-05-20,14.42,14.54,14.24,14.34,525450,7544443.16,,,,historical_baseline,,fe33df9ae5456d8ee27133c42c244c81d150008ababc19399c7ed428638b57ea
2250,2025-05-21,14.28,14.48,14.12,14.36,471889,6762018.0,,,,historical_baseline,,fe33df9ae5456d8ee27133c42c244c81d150008ababc19399c7ed428638b57ea
2250,2025-05-26,14.76,15.38,14.46,15.38,1298773,19050596.34,,,,historical_baseline,,fe33df9ae5456d8ee27133c42c244c81d150008ababc19399c7ed428638b57ea
2250,2025-05-27,15.3,15.32,14.6,15.26,1492862,22127333.04,,,,historical_baseline,,fe33df9ae5456d8ee27133c42c244c81d150008ababc19399c7ed428638b57ea
2250,2025-05-28,15.24,16.3,15.06,15.94,1538086,24395239.86,,,,historical_baseline,,fe33df9ae5456d8ee27133c42c244c81d150008ababc19399c7ed428638b57ea
2250,2025-05-29,16.04,17.08,15.94,16.54,2865481,47601130.18,,,,historical_baseline,,fe33df9ae5456d8ee27133c42c244c81d150008ababc19399c7ed428638b57ea
2270,2025-05-01,306.0,306.0,299.0,300.4,23031,6928541.8,,,,historical_baseline,,fe33df9ae5456d8ee27133c42c244c81d150008ababc19399c7ed428638b57ea
2270,2025-05-04,299.4,300.4,298.2,300.0,10494,3145792.6,,,,historical_baseline,,fe33df9ae5456d8ee27133c42c244c81d150008ababc19399c7ed428638b57ea
2270,2025-05-05,300.0,300.0,296.6,299.0,18070,5388223.8,,,,historical_baseline,,fe33df9ae5456d8ee27133c42c244c81d150008ababc19399c7ed428638b57ea
2270,2025-05-06,299.0,300.4,296.8,299.0,16533,4940727.4,,,,historical_baseline,,fe33df9ae5456d8ee27133c42c244c81d150008ababc19399c7ed428638b57ea
2270,2025-05-07,301.2,301.2,296.2,297.0,36501,10849708.8,,,,historical_baseline,,fe33df9ae5456d8ee27133c42c244c81d150008ababc19399c7ed428638b57ea
2270,2025-05-08,297.0,297.6,293.0,295.0,20474,6047530.6,,,,historical_baseline,,fe33df9ae5456d8ee27133c42c244c81d150008ababc19399c7ed428638b57ea
2270,2025-05-11,295.0,299.0,292.0,298.4,17449,5158689.8,,,,historical_baseline,,fe33df9ae5456d8ee27133c42c244c81d150008ababc19399c7ed428638b57ea
2270,2025-05-12,298.0,298.8,293.8,298.8,57050,16904921.8,,,,historical_baseline,,fe33df9ae5456d8ee27133c42c244c81d150008ababc19399c7ed428638b57ea
2270,2025-05-13,299.8,300.4,297.6,300.0,57665,17237114.6,,,,historical_baseline,,fe33df9ae5456d8ee27133c42c244c81d150008ababc19399c7ed428638b57ea
2270,2025-05-14,300.0,300.0,295.4,297.8,16511,4899058.0,,,,historical_baseline,,fe33df9ae5456d8ee27133c42c244c81d150008ababc19399c7ed428638b57ea
2270,2025-05-15,295.8,297.0,294.2,296.0,19424,5741567.6,,,,historical_baseline,,fe33df9ae5456d8ee27133c42c244c81d150008ababc19399c7ed428638b57ea
2270,2025-05-18,296.0,299.0,295.2,298.0,16529,4915820.0,,,,historical_baseline,,fe33df9ae5456d8ee27133c42c244c81d150008ababc19399c7ed428638b57ea
2270,2025-05-19,298.2,298.4,286.2,292.8,41904,12202805.4,,,,historical_baseline,,fe33df9ae5456d8ee27133c42c244c81d150008ababc19399c7ed428638b57ea
2270,2025-05-20,291.8,291.8,285.0,285.0,26833,7699544.4,,,,historical_baseline,,fe33df9ae5456d8ee27133c42c244c81d150008ababc19399c7ed428638b57ea
2270,2025-05-21,286.8,288.0,284.4,288.0,61147,17538512.8,,,,historical_baseline,,fe33df9ae5456d8ee27133c42c244c81d150008ababc19399c7ed428638b57ea
2270,2025-05-22,287.8,288.0,284.4,288.0,30915,8828711.4,,,,historical_baseline,,fe33df9ae5456d8ee27133c42c244c81d150008ababc19399c7ed428638b57ea
2270,2025-05-25,287.8,287.8,284.2,284.6,14512,4132504.2,,,,historical_baseline,,fe33df9ae5456d8ee27133c42c244c81d150008ababc19399c7ed428638b57ea
2270,2025-05-26,284.6,287.0,282.0,287.0,24171,6883240.2,,,,historical_baseline,,fe33df9ae5456d8ee27133c42c244c81d150008ababc19399c7ed428638b57ea
2270,2025-05-27,286.8,286.8,281.4,284.0,18869,5339225.0,,,,historical_baseline,,fe33df9ae5456d8ee27133c42c244c81d150008ababc19399c7ed428638b57ea
2270,2025-05-28,284.4,287.6,284.0,286.0,22966,6578198.4,,,,historical_baseline,,fe33df9ae5456d8ee27133c42c244c81d150008ababc19399c7ed428638b57ea
2270,2025-05-29,286.2,287.0,283.8,283.8,23749,6764167.0,,,,historical_baseline,,fe33df9ae5456d8ee27133c42c244c81d150008ababc19399c7ed428638b57ea
2280,2025-05-01,52.8,52.9,51.8,52.0,1345171,70076790.2,,,,historical_baseline,,fe33df9ae5456d8ee27133c42c244c81d150008ababc19399c7ed428638b57ea
2280,2025-05-04,52.0,52.1,51.0,51.0,647302,33333613.4,,,,historical_baseline,,fe33df9ae5456d8ee27133c42c244c81d150008ababc19399c7ed428638b57ea
2280,2025-05-05,51.0,51.9,50.5,51.3,1021108,52467086.6,,,,historical_baseline,,fe33df9ae5456d8ee27133c42c244c81d150008ababc19399c7ed428638b57ea
2280,2025-05-06,51.3,51.9,51.1,51.8,4737452,244154504.3,,,,historical_baseline,,fe33df9ae5456d8ee27133c42c244c81d150008ababc19399c7ed428638b57ea
2280,2025-05-07,51.5,52.3,51.5,52.2,846094,43950793.6,,,,historical_baseline,,fe33df9ae5456d8ee27133c42c244c81d150008ababc19399c7ed428638b57ea
2280,2025-05-08,52.2,52.3,51.5,51.5,1195407,62045386.9,,,,historical_baseline,,fe33df9ae5456d8ee27133c42c244c81d150008ababc19399c7ed428638b57ea
2280,2025-05-11,51.9,52.1,51.6,52.0,341426,17721238.8,,,,historical_baseline,,fe33df9ae5456d8ee27133c42c244c81d150008ababc19399c7ed428638b57ea
2280,2025-05-12,52.1,52.8,52.1,52.6,886430,46510428.6,,,,historical_baseline,,fe33df9ae5456d8ee27133c42c244c81d150008ababc19399c7ed428638b57ea
2280,2025-05-13,52.6,52.9,52.1,52.8,786379,41317076.3,,,,historical_baseline,,fe33df9ae5456d8ee27133c42c244c81d150008ababc19399c7ed428638b57ea
2280,2025-05-14,52.7,53.0,52.5,52.7,810307,42735137.2,,,,historical_baseline,,fe33df9ae5456d8ee27133c42c244c81d150008ababc19399c7ed428638b57ea
2280,2025-05-15,52.9,53.2,52.4,52.6,1179262,62198647.9,,,,historical_baseline,,fe33df9ae5456d8ee27133c42c244c81d150008ababc19399c7ed428638b57ea
2280,2025-05-18,52.6,52.6,51.5,51.9,1259195,65300066.1,,,,historical_baseline,,fe33df9ae5456d8ee27133c42c244c81d150008ababc19399c7ed428638b57ea
2280,2025-05-19,52.0,52.0,51.1,51.4,794194,40802289.3,,,,historical_baseline,,fe33df9ae5456d8ee27133c42c244c81d150008ababc19399c7ed428638b57ea
2280,2025-05-20,51.6,52.4,51.2,52.2,1269824,65677685.6,,,,historical_baseline,,fe33df9ae5456d8ee27133c42c244c81d150008ababc19399c7ed428638b57ea
2280,2025-05-21,52.1,52.3,51.0,51.2,699723,35968619.5,,,,historical_baseline,,fe33df9ae5456d8ee27133c42c244c81d150008ababc19399c7ed428638b57ea
2280,2025-05-22,51.2,51.5,50.9,51.5,517983,26521464.9,,,,historical_baseline,,fe33df9ae5456d8ee27133c42c244c81d150008ababc19399c7ed428638b57ea
2280,2025-05-25,51.4,51.4,50.8,51.0,400943,20443423.5,,,,historical_baseline,,fe33df9ae5456d8ee27133c42c244c81d150008ababc19399c7ed428638b57ea
2280,2025-05-26,50.9,51.8,50.8,51.8,632511,32410736.9,,,,historical_baseline,,fe33df9ae5456d8ee27133c42c244c81d150008ababc19399c7ed428638b57ea
2280,2025-05-27,51.6,51.6,50.7,51.4,506875,25914637.7,,,,historical_baseline,,fe33df9ae5456d8ee27133c42c244c81d150008ababc19399c7ed428638b57ea
2280,2025-05-28,51.4,52.2,51.0,51.5,1109362,57241046.6,,,,historical_baseline,,fe33df9ae5456d8ee27133c42c244c81d150008ababc19399c7ed428638b57ea
2280,2025-05-29,51.5,51.9,51.2,51.3,1782934,91552276.3,,,,historical_baseline,,fe33df9ae5456d8ee27133c42c244c81d150008ababc19399c7ed428638b57ea
2281,2025-05-01,105.8,110.6,105.4,108.8,391595,42522967.0,,,,historical_baseline,,fe33df9ae5456d8ee27133c42c244c81d150008ababc19399c7ed428638b57ea
2281,2025-05-04,109.8,110.2,107.4,108.4,178836,19470735.6,,,,historical_baseline,,fe33df9ae5456d8ee27133c42c244c81d150008ababc19399c7ed428638b57ea
2281,2025-05-05,107.8,108.6,106.6,107.0,106066,11379167.0,,,,historical_baseline,,fe33df9ae5456d8ee27133c42c244c81d150008ababc19399c7ed428638b57ea
2281,2025-05-06,107.2,108.4,106.0,107.4,72036,7696812.4,,,,historical_baseline,,fe33df9ae5456d8ee27133c42c244c81d150008ababc19399c7ed428638b57ea
2281,2025-05-07,107.4,107.4,104.8,106.0,106698,11278868.2,,,,historical_baseline,,fe33df9ae5456d8ee27133c42c244c81d150008ababc19399c7ed428638b57ea
2281,2025-05-08,107.0,107.0,104.8,105.8,62159,6561085.4,,,,historical_baseline,,fe33df9ae5456d8ee27133c42c244c81d150008ababc19399c7ed428638b57ea
2281,2025-05-11,105.2,106.0,100.8,101.0,238878,24516920.2,,,,historical_baseline,,fe33df9ae5456d8ee27133c42c244c81d150008ababc19399c7ed428638b57ea
2281,2025-05-12,101.6,103.4,101.4,102.6,93078,9550082.8,,,,historical_baseline,,fe33df9ae5456d8ee27133c42c244c81d150008ababc19399c7ed428638b57ea
2281,2025-05-13,103.4,103.6,102.0,102.8,96141,9870818.0,,,,historical_baseline,,fe33df9ae5456d8ee27133c42c244c81d150008ababc19399c7ed428638b57ea
2281,2025-05-14,103.0,106.0,102.6,104.6,157164,16410827.4,,,,historical_baseline,,fe33df9ae5456d8ee27133c42c244c81d150008ababc19399c7ed428638b57ea
2281,2025-05-15,104.6,104.6,101.6,102.8,124956,12845673.2,,,,historical_baseline,,fe33df9ae5456d8ee27133c42c244c81d150008ababc19399c7ed428638b57ea
2281,2025-05-18,101.6,101.6,98.6,100.4,103782,10415987.6,,,,historical_baseline,,fe33df9ae5456d8ee27133c42c244c81d150008ababc19399c7ed428638b57ea
2281,2025-05-19,101.0,103.0,99.7,99.7,94310,9514601.1,,,,historical_baseline,,fe33df9ae5456d8ee27133c42c244c81d150008ababc19399c7ed428638b57ea
2281,2025-05-20,99.7,100.8,99.0,99.9,69753,6967981.1,,,,historical_baseline,,fe33df9ae5456d8ee27133c42c244c81d150008ababc19399c7ed428638b57ea
2281,2025-05-21,99.9,100.6,98.0,98.0,86782,8558104.4,,,,historical_baseline,,fe33df9ae5456d8ee27133c42c244c81d150008ababc19399c7ed428638b57ea
2281,2025-05-22,97.8,98.5,95.8,98.0,88980,8664849.2,,,,historical_baseline,,fe33df9ae5456d8ee27133c42c244c81d150008ababc19399c7ed428638b57ea
2281,2025-05-25,98.0,98.8,97.3,98.4,53333,5232490.6,,,,historical_baseline,,fe33df9ae5456d8ee27133c42c244c81d150008ababc19399c7ed428638b57ea
2281,2025-05-26,98.1,99.3,97.1,97.9,90708,8913776.2,,,,historical_baseline,,fe33df9ae5456d8ee27133c42c244c81d150008ababc19399c7ed428638b57ea
2281,2025-05-27,98.0,98.6,96.2,97.3,77391,7515534.5,,,,historical_baseline,,fe33df9ae5456d8ee27133c42c244c81d150008ababc19399c7ed428638b57ea
2281,2025-05-28,97.3,98.7,97.3,98.4,40642,3991663.2,,,,historical_baseline,,fe33df9ae5456d8ee27133c42c244c81d150008ababc19399c7ed428638b57ea
2281,2025-05-29,98.6,99.6,97.7,97.7,63417,6249166.9,,,,historical_baseline,,fe33df9ae5456d8ee27133c42c244c81d150008ababc19399c7ed428638b57ea
2282,2025-05-01,55.5,56.1,54.0,55.4,31982,1758353.0,,,,historical_baseline,,fe33df9ae5456d8ee27133c42c244c81d150008ababc19399c7ed428638b57ea
2282,2025-05-04,55.4,55.9,52.5,54.5,22106,1197742.1,,,,historical_baseline,,fe33df9ae5456d8ee27133c42c244c81d150008ababc19399c7ed428638b57ea
2282,2025-05-05,55.0,55.1,54.2,55.1,28142,1535150.8,,,,historical_baseline,,fe33df9ae5456d8ee27133c42c244c81d150008ababc19399c7ed428638b57ea
2282,2025-05-06,54.4,54.9,54.1,54.2,27041,1472217.3,,,,historical_baseline,,fe33df9ae5456d8ee27133c42c244c81d150008ababc19399c7ed428638b57ea
2282,2025-05-07,54.2,54.3,53.4,54.3,20503,1103761.3,,,,historical_baseline,,fe33df9ae5456d8ee27133c42c244c81d150008ababc19399c7ed428638b57ea
2282,2025-05-08,54.3,54.5,53.1,53.6,14593,782869.0,,,,historical_baseline,,fe33df9ae5456d8ee27133c42c244c81d150008ababc19399c7ed428638b57ea
2282,2025-05-11,53.6,54.5,53.5,54.5,27792,1503669.4,,,,historical_baseline,,fe33df9ae5456d8ee27133c42c244c81d150008ababc19399c7ed428638b57ea
2282,2025-05-12,54.9,54.9,54.3,54.8,43983,2403414.1,,,,historical_baseline,,fe33df9ae5456d8ee27133c42c244c81d150008ababc19399c7ed428638b57ea
2282,2025-05-13,54.5,54.9,54.0,54.6,25007,1364088.0,,,,historical_baseline,,fe33df9ae5456d8ee27133c42c244c81d150008ababc19399c7ed428638b57ea
2282,2025-05-14,54.8,55.6,54.5,55.4,50468,2773008.8,,,,historical_baseline,,fe33df9ae5456d8ee27133c42c244c81d150008ababc19399c7ed428638b57ea
2282,2025-05-15,55.5,56.5,54.7,55.2,70769,3940757.4,,,,historical_baseline,,fe33df9ae5456d8ee27133c42c244c81d150008ababc19399c7ed428638b57ea
2282,2025-05-18,53.6,54.8,53.6,54.6,46055,2497850.3,,,,historical_baseline,,fe33df9ae5456d8ee27133c42c244c81d150008ababc19399c7ed428638b57ea
2282,2025-05-19,54.6,55.2,54.5,55.0,19447,1066564.1,,,,historical_baseline,,fe33df9ae5456d8ee27133c42c244c81d150008ababc19399c7ed428638b57ea
2282,2025-05-20,55.0,55.7,54.5,55.2,16229,895217.5,,,,historical_baseline,,fe33df9ae5456d8ee27133c42c244c81d150008ababc19399c7ed428638b57ea
2282,2025-05-21,55.4,55.5,54.2,55.0,15656,855047.1,,,,historical_baseline,,fe33df9ae5456d8ee27133c42c244c81d150008ababc19399c7ed428638b57ea
2282,2025-05-22,54.2,54.7,54.0,54.0,17016,922079.0,,,,historical_baseline,,fe33df9ae5456d8ee27133c42c244c81d150008ababc19399c7ed428638b57ea
2282,2025-05-25,53.3,54.5,53.3,53.8,19405,1047012.6,,,,historical_baseline,,fe33df9ae5456d8ee27133c42c244c81d150008ababc19399c7ed428638b57ea
2282,2025-05-26,54.5,54.5,52.7,53.6,18763,1000373.5,,,,historical_baseline,,fe33df9ae5456d8ee27133c42c244c81d150008ababc19399c7ed428638b57ea
2282,2025-05-27,53.7,53.7,52.4,52.6,8668,456710.2,,,,historical_baseline,,fe33df9ae5456d8ee27133c42c244c81d150008ababc19399c7ed428638b57ea
2282,2025-05-28,52.8,53.4,52.5,53.0,14227,752207.3,,,,historical_baseline,,fe33df9ae5456d8ee27133c42c244c81d150008ababc19399c7ed428638b57ea
2282,2025-05-29,53.0,53.5,52.5,53.5,16905,896329.4,,,,historical_baseline,,fe33df9ae5456d8ee27133c42c244c81d150008ababc19399c7ed428638b57ea
2283,2025-05-01,58.7,58.7,57.7,58.1,70945,4123458.6,,,,historical_baseline,,fe33df9ae5456d8ee27133c42c244c81d150008ababc19399c7ed428638b57ea
2283,2025-05-04,58.2,58.5,57.9,57.9,47673,2768687.6,,,,historical_baseline,,fe33df9ae5456d8ee27133c42c244c81d150008ababc19399c7ed428638b57ea
2283,2025-05-05,57.7,58.3,57.5,58.0,54931,3180662.8,,,,historical_baseline,,fe33df9ae5456d8ee27133c42c244c81d150008ababc19399c7ed428638b57ea
2283,2025-05-06,58.4,58.4,57.1,57.1,77097,4439781.9,,,,historical_baseline,,fe33df9ae5456d8ee27133c42c244c81d150008ababc19399c7ed428638b57ea
2283,2025-05-07,57.1,57.2,56.4,56.5,59660,3385880.8,,,,historical_baseline,,fe33df9ae5456d8ee27133c42c244c81d150008ababc19399c7ed428638b57ea
2283,2025-05-08,56.9,56.9,55.7,55.9,58938,3309058.1,,,,historical_baseline,,fe33df9ae5456d8ee27133c42c244c81d150008ababc19399c7ed428638b57ea
2283,2025-05-11,55.8,56.3,55.8,56.1,25915,1452873.2,,,,historical_baseline,,fe33df9ae5456d8ee27133c42c244c81d150008ababc19399c7ed428638b57ea
2283,2025-05-12,56.3,57.2,56.3,57.0,37621,2138835.6,,,,historical_baseline,,fe33df9ae5456d8ee27133c42c244c81d150008ababc19399c7ed428638b57ea
2283,2025-05-13,57.2,57.7,57.0,57.0,56760,3246351.8,,,,historical_baseline,,fe33df9ae5456d8ee27133c42c244c81d150008ababc19399c7ed428638b57ea
2283,2025-05-14,57.7,59.9,56.9,57.9,81167,4712527.0,,,,historical_baseline,,fe33df9ae5456d8ee27133c42c244c81d150008ababc19399c7ed428638b57ea
2283,2025-05-15,57.8,57.8,57.0,57.3,25321,1449742.1,,,,historical_baseline,,fe33df9ae5456d8ee27133c42c244c81d150008ababc19399c7ed428638b57ea
2283,2025-05-18,57.3,57.6,56.0,56.2,61380,3482607.4,,,,historical_baseline,,fe33df9ae5456d8ee27133c42c244c81d150008ababc19399c7ed428638b57ea
2283,2025-05-19,56.2,57.1,56.1,56.5,54311,3077927.7,,,,historical_baseline,,fe33df9ae5456d8ee27133c42c244c81d150008ababc19399c7ed428638b57ea
2283,2025-05-20,56.5,56.7,55.9,56.1,54048,3038257.8,,,,historical_baseline,,fe33df9ae5456d8ee27133c42c244c81d150008ababc19399c7ed428638b57ea
2283,2025-05-21,56.0,56.2,55.2,55.2,67644,3754909.6,,,,historical_baseline,,fe33df9ae5456d8ee27133c42c244c81d150008ababc19399c7ed428638b57ea
2283,2025-05-22,55.5,55.5,54.8,54.9,44923,2472143.0,,,,historical_baseline,,fe33df9ae5456d8ee27133c42c244c81d150008ababc19399c7ed428638b57ea
2283,2025-05-25,55.0,55.0,53.8,54.5,57577,3133775.7,,,,historical_baseline,,fe33df9ae5456d8ee27133c42c244c81d150008ababc19399c7ed428638b57ea
2283,2025-05-26,54.5,54.5,53.5,53.8,46118,2490140.0,,,,historical_baseline,,fe33df9ae5456d8ee27133c42c244c81d150008ababc19399c7ed428638b57ea
2283,2025-05-27,53.9,53.9,52.1,53.4,43626,2319825.6,,,,historical_baseline,,fe33df9ae5456d8ee27133c42c244c81d150008ababc19399c7ed428638b57ea
2283,2025-05-28,53.4,54.0,53.3,54.0,17358,933528.9,,,,historical_baseline,,fe33df9ae5456d8ee27133c42c244c81d150008ababc19399c7ed428638b57ea
2283,2025-05-29,54.0,54.3,53.8,53.8,25234,1362176.0,,,,historical_baseline,,fe33df9ae5456d8ee27133c42c244c81d150008ababc19399c7ed428638b57ea
2284,2025-05-01,38.15,38.15,37.5,37.6,92628,3499131.15,,,,historical_baseline,,fe33df9ae5456d8ee27133c42c244c81d150008ababc19399c7ed428638b57ea
2284,2025-05-04,37.65,37.8,37.15,37.15,158015,5941748.3,,,,historical_baseline,,fe33df9ae5456d8ee27133c42c244c81d150008ababc19399c7ed428638b57ea
2284,2025-05-05,37.15,37.35,37.05,37.05,66006,2450959.3,,,,historical_baseline,,fe33df9ae5456d8ee27133c42c244c81d150008ababc19399c7ed428638b57ea
2284,2025-05-06,37.05,37.25,36.9,36.95,51568,1912369.4,,,,historical_baseline,,fe33df9ae5456d8ee27133c42c244c81d150008ababc19399c7ed428638b57ea
2284,2025-05-07,37.1,37.1,36.55,36.65,49254,1805343.1,,,,historical_baseline,,fe33df9ae5456d8ee27133c42c244c81d150008ababc19399c7ed428638b57ea
2284,2025-05-08,36.65,36.9,36.5,36.7,47945,1755669.3,,,,historical_baseline,,fe33df9ae5456d8ee27133c42c244c81d150008ababc19399c7ed428638b57ea
2284,2025-05-11,36.8,36.9,36.6,36.65,17996,660490.4,,,,historical_baseline,,fe33df9ae5456d8ee27133c42c244c81d150008ababc19399c7ed428638b57ea
2284,2025-05-12,36.65,37.2,36.65,36.95,35429,1308478.05,,,,historical_baseline,,fe33df9ae5456d8ee27133c42c244c81d150008ababc19399c7ed428638b57ea
2284,2025-05-13,37.0,37.0,36.85,36.95,42644,1575503.5,,,,historical_baseline,,fe33df9ae5456d8ee27133c42c244c81d150008ababc19399c7ed428638b57ea
2284,2025-05-14,36.95,37.3,36.8,37.25,117413,4345666.55,,,,historical_baseline,,fe33df9ae5456d8ee27133c42c244c81d150008ababc19399c7ed428638b57ea
2284,2025-05-15,37.25,37.25,36.9,37.2,41593,1541091.85,,,,historical_baseline,,fe33df9ae5456d8ee27133c42c244c81d150008ababc19399c7ed428638b57ea
2284,2025-05-18,37.2,37.25,36.65,36.8,47356,1748458.5,,,,historical_baseline,,fe33df9ae5456d8ee27133c42c244c81d150008ababc19399c7ed428638b57ea
2284,2025-05-19,36.8,36.8,36.25,36.45,54145,1976765.05,,,,historical_baseline,,fe33df9ae5456d8ee27133c42c244c81d150008ababc19399c7ed428638b57ea
2284,2025-05-20,36.4,36.55,36.25,36.4,45454,1654035.75,,,,historical_baseline,,fe33df9ae5456d8ee27133c42c244c81d150008ababc19399c7ed428638b57ea
2284,2025-05-21,36.35,36.4,35.8,36.0,45867,1653396.6,,,,historical_baseline,,fe33df9ae5456d8ee27133c42c244c81d150008ababc19399c7ed428638b57ea
2284,2025-05-22,35.8,36.1,35.7,35.8,37634,1349662.55,,,,historical_baseline,,fe33df9ae5456d8ee27133c42c244c81d150008ababc19399c7ed428638b57ea
2284,2025-05-25,35.85,35.85,35.5,35.55,16948,604355.05,,,,historical_baseline,,fe33df9ae5456d8ee27133c42c244c81d150008ababc19399c7ed428638b57ea
2284,2025-05-26,35.55,35.8,35.0,35.4,50095,1764387.45,,,,historical_baseline,,fe33df9ae5456d8ee27133c42c244c81d150008ababc19399c7ed428638b57ea
2284,2025-05-27,35.45,35.45,34.0,34.75,35975,1253716.15,,,,historical_baseline,,fe33df9ae5456d8ee27133c42c244c81d150008ababc19399c7ed428638b57ea
2284,2025-05-28,34.65,35.45,34.65,35.1,31264,1095241.0,,,,historical_baseline,,fe33df9ae5456d8ee27133c42c244c81d150008ababc19399c7ed428638b57ea
2284,2025-05-29,35.15,35.65,35.15,35.65,32411,1148730.15,,,,historical_baseline,,fe33df9ae5456d8ee27133c42c244c81d150008ababc19399c7ed428638b57ea
2290,2025-05-01,32.0,32.0,31.6,31.75,265196,8422288.1,,,,historical_baseline,,fe33df9ae5456d8ee27133c42c244c81d150008ababc19399c7ed428638b57ea
2290,2025-05-04,31.75,31.8,31.25,31.25,355220,11184612.9,,,,historical_baseline,,fe33df9ae5456d8ee27133c42c244c81d150008ababc19399c7ed428638b57ea
2290,2025-05-05,31.25,31.5,31.05,31.25,377761,11808925.9,,,,historical_baseline,,fe33df9ae5456d8ee27133c42c244c81d150008ababc19399c7ed428638b57ea
2290,2025-05-06,31.2,31.35,31.05,31.15,296470,9244772.8,,,,historical_baseline,,fe33df9ae5456d8ee27133c42c244c81d150008ababc19399c7ed428638b57ea
2290,2025-05-07,31.1,31.35,30.95,31.3,267292,8331367.9,,,,historical_baseline,,fe33df9ae5456d8ee27133c42c244c81d150008ababc19399c7ed428638b57ea
2290,2025-05-08,31.45,31.45,30.65,30.65,333993,10307944.75,,,,historical_baseline,,fe33df9ae5456d8ee27133c42c244c81d150008ababc19399c7ed428638b57ea
2290,2025-05-11,30.65,31.05,30.45,30.6,229245,7028646.4,,,,historical_baseline,,fe33df9ae5456d8ee27133c42c244c81d150008ababc19399c7ed428638b57ea
2290,2025-05-12,30.7,31.45,30.7,31.2,503816,15711229.9,,,,historical_baseline,,fe33df9ae5456d8ee27133c42c244c81d150008ababc19399c7ed428638b57ea
2290,2025-05-13,31.4,31.4,30.7,30.95,435227,13496774.0,,,,historical_baseline,,fe33df9ae5456d8ee27133c42c244c81d150008ababc19399c7ed428638b57ea
2290,2025-05-14,31.0,31.25,30.9,31.0,398104,12379102.2,,,,historical_baseline,,fe33df9ae5456d8ee27133c42c244c81d150008ababc19399c7ed428638b57ea
2290,2025-05-15,30.95,31.1,30.65,30.85,341888,10558094.55,,,,historical_baseline,,fe33df9ae5456d8ee27133c42c244c81d150008ababc19399c7ed428638b57ea
2290,2025-05-18,30.9,31.15,30.6,30.8,233005,7185177.45,,,,historical_baseline,,fe33df9ae5456d8ee27133c42c244c81d150008ababc19399c7ed428638b57ea
2290,2025-05-19,30.8,31.05,30.4,30.65,355457,10874134.05,,,,historical_baseline,,fe33df9ae5456d8ee27133c42c244c81d150008ababc19399c7ed428638b57ea
2290,2025-05-20,30.6,30.7,30.3,30.45,290065,8848125.45,,,,historical_baseline,,fe33df9ae5456d8ee27133c42c244c81d150008ababc19399c7ed428638b57ea
2290,2025-05-21,30.5,30.7,30.05,30.05,301631,9121389.75,,,,historical_baseline,,fe33df9ae5456d8ee27133c42c244c81d150008ababc19399c7ed428638b57ea
2290,2025-05-22,30.15,30.2,30.0,30.0,543579,16338107.3,,,,historical_baseline,,fe33df9ae5456d8ee27133c42c244c81d150008ababc19399c7ed428638b57ea
2290,2025-05-25,30.0,30.0,29.6,29.75,282647,8426125.25,,,,historical_baseline,,fe33df9ae5456d8ee27133c42c244c81d150008ababc19399c7ed428638b57ea
2290,2025-05-26,29.85,29.9,29.4,29.8,603160,17873779.2,,,,historical_baseline,,fe33df9ae5456d8ee27133c42c244c81d150008ababc19399c7ed428638b57ea
2290,2025-05-27,29.85,29.95,29.25,29.45,363646,10701139.65,,,,historical_baseline,,fe33df9ae5456d8ee27133c42c244c81d150008ababc19399c7ed428638b57ea
2290,2025-05-28,29.5,29.8,29.35,29.55,730436,21574382.4,,,,historical_baseline,,fe33df9ae5456d8ee27133c42c244c81d150008ababc19399c7ed428638b57ea
2290,2025-05-29,29.6,29.8,29.35,29.8,1759528,52275630.8,,,,historical_baseline,,fe33df9ae5456d8ee27133c42c244c81d150008ababc19399c7ed428638b57ea
2300,2025-05-01,68.0,68.4,67.0,67.0,55263,3729928.7,,,,historical_baseline,,fe33df9ae5456d8ee27133c42c244c81d150008ababc19399c7ed428638b57ea
2300,2025-05-04,67.4,70.1,67.0,67.0,91532,6270892.4,,,,historical_baseline,,fe33df9ae5456d8ee27133c42c244c81d150008ababc19399c7ed428638b57ea
2300,2025-05-05,66.2,68.5,65.4,66.7,300625,20111074.5,,,,historical_baseline,,fe33df9ae5456d8ee27133c42c244c81d150008ababc19399c7ed428638b57ea
2300,2025-05-06,67.3,68.3,66.3,66.3,75029,5047948.5,,,,historical_baseline,,fe33df9ae5456d8ee27133c42c244c81d150008ababc19399c7ed428638b57ea
2300,2025-05-07,66.3,67.3,64.7,64.7,80984,5359052.4,,,,historical_baseline,,fe33df9ae5456d8ee27133c42c244c81d150008ababc19399c7ed428638b57ea
2300,2025-05-08,66.2,68.5,65.0,66.9,147958,9888390.5,,,,historical_baseline,,fe33df9ae5456d8ee27133c42c244c81d150008ababc19399c7ed428638b57ea
2300,2025-05-11,67.5,69.4,66.9,67.8,162135,11084583.1,,,,historical_baseline,,fe33df9ae5456d8ee27133c42c244c81d150008ababc19399c7ed428638b57ea
2300,2025-05-12,69.2,69.5,67.8,69.0,118515,8135235.1,,,,historical_baseline,,fe33df9ae5456d8ee27133c42c244c81d150008ababc19399c7ed428638b57ea
2300,2025-05-13,70.0,70.0,67.8,68.0,116121,7968945.9,,,,historical_baseline,,fe33df9ae5456d8ee27133c42c244c81d150008ababc19399c7ed428638b57ea
2300,2025-05-14,68.5,69.0,67.0,67.2,73696,5010483.8,,,,historical_baseline,,fe33df9ae5456d8ee27133c42c244c81d150008ababc19399c7ed428638b57ea
2300,2025-05-15,67.1,67.6,65.9,67.5,86994,5812199.7,,,,historical_baseline,,fe33df9ae5456d8ee27133c42c244c81d150008ababc19399c7ed428638b57ea
2300,2025-05-18,67.5,71.4,67.4,69.8,327735,22829637.1,,,,historical_baseline,,fe33df9ae5456d8ee27133c42c244c81d150008ababc19399c7ed428638b57ea
2300,2025-05-19,69.8,70.0,68.0,68.1,88580,6085890.8,,,,historical_baseline,,fe33df9ae5456d8ee27133c42c244c81d150008ababc19399c7ed428638b57ea
2300,2025-05-20,69.4,72.2,68.0,70.0,395146,27819871.2,,,,historical_baseline,,fe33df9ae5456d8ee27133c42c244c81d150008ababc19399c7ed428638b57ea
2300,2025-05-21,70.5,71.1,68.9,70.0,212346,14806116.5,,,,historical_baseline,,fe33df9ae5456d8ee27133c42c244c81d150008ababc19399c7ed428638b57ea
2300,2025-05-22,69.7,71.2,68.8,69.7,247894,17384793.8,,,,historical_baseline,,fe33df9ae5456d8ee27133c42c244c81d150008ababc19399c7ed428638b57ea
2300,2025-05-25,70.4,70.4,67.5,67.7,103010,7072919.1,,,,historical_baseline,,fe33df9ae5456d8ee27133c42c244c81d150008ababc19399c7ed428638b57ea
2300,2025-05-26,67.5,69.8,66.4,67.0,219927,14966128.0,,,,historical_baseline,,fe33df9ae5456d8ee27133c42c244c81d150008ababc19399c7ed428638b57ea
2300,2025-05-27,67.2,67.6,64.0,66.5,194677,12681867.3,,,,historical_baseline,,fe33df9ae5456d8ee27133c42c244c81d150008ababc19399c7ed428638b57ea
2300,2025-05-28,66.3,66.8,64.3,65.9,201853,13184184.1,,,,historical_baseline,,fe33df9ae5456d8ee27133c42c244c81d150008ababc19399c7ed428638b57ea
2300,2025-05-29,65.7,66.5,65.0,65.0,87331,5716385.2,,,,historical_baseline,,fe33df9ae5456d8ee27133c42c244c81d150008ababc19399c7ed428638b57ea
2310,2025-05-01,19.06,19.06,18.74,18.78,1796515,33849917.84,,,,historical_baseline,,fe33df9ae5456d8ee27133c42c244c81d150008ababc19399c7ed428638b57ea
2310,2025-05-04,18.74,18.82,18.42,18.42,1099585,20466560.84,,,,historical_baseline,,fe33df9ae5456d8ee27133c42c244c81d150008ababc19399c7ed428638b57ea
2310,2025-05-05,18.42,18.48,17.88,17.9,4679898,85029239.44,,,,historical_baseline,,fe33df9ae5456d8ee27133c42c244c81d150008ababc19399c7ed428638b57ea
2310,2025-05-06,17.96,18.26,17.94,18.2,1951822,35325769.9,,,,historical_baseline,,fe33df9ae5456d8ee27133c42c244c81d150008ababc19399c7ed428638b57ea
2310,2025-05-07,18.18,18.24,18.0,18.2,1075903,19515161.82,,,,historical_baseline,,fe33df9ae5456d8ee27133c42c244c81d150008ababc19399c7ed428638b57ea
2310,2025-05-08,18.2,18.24,18.0,18.02,1342697,24249251.62,,,,historical_baseline,,fe33df9ae5456d8ee27133c42c244c81d150008ababc19399c7ed428638b57ea
2310,2025-05-11,18.04,18.22,18.04,18.12,561896,10202735.08,,,,historical_baseline,,fe33df9ae5456d8ee27133c42c244c81d150008ababc19399c7ed428638b57ea
2310,2025-05-12,18.4,19.18,18.3,19.1,4141517,77710528.44,,,,historical_baseline,,fe33df9ae5456d8ee27133c42c244c81d150008ababc19399c7ed428638b57ea
2310,2025-05-13,19.24,19.64,18.98,19.28,1914327,36816148.7,,,,historical_baseline,,fe33df9ae5456d8ee27133c42c244c81d150008ababc19399c7ed428638b57ea
2310,2025-05-14,19.36,19.72,19.18,19.64,1476269,28806677.02,,,,historical_baseline,,fe33df9ae5456d8ee27133c42c244c81d150008ababc19399c7ed428638b57ea
2310,2025-05-15,19.64,19.64,19.08,19.14,1292634,24861309.02,,,,historical_baseline,,fe33df9ae5456d8ee27133c42c244c81d150008ababc19399c7ed428638b57ea
2310,2025-05-18,19.2,19.36,18.9,18.9,1208724,23130450.48,,,,historical_baseline,,fe33df9ae5456d8ee27133c42c244c81d150008ababc19399c7ed428638b57ea
2310,2025-05-19,18.8,19.14,18.8,19.12,1082062,20509770.44,,,,historical_baseline,,fe33df9ae5456d8ee27133c42c244c81d150008ababc19399c7ed428638b57ea
2310,2025-05-20,19.1,19.3,19.02,19.12,933895,17902832.92,,,,historical_baseline,,fe33df9ae5456d8ee27133c42c244c81d150008ababc19399c7ed428638b57ea
2310,2025-05-21,19.12,19.24,18.8,18.8,1279006,24243411.4,,,,historical_baseline,,fe33df9ae5456d8ee27133c42c244c81d150008ababc19399c7ed428638b57ea
2310,2025-05-22,18.78,19.14,18.64,19.0,992634,18844366.76,,,,historical_baseline,,fe33df9ae5456d8ee27133c42c244c81d150008ababc19399c7ed428638b57ea
2310,2025-05-25,19.0,19.18,18.94,19.08,713801,13585793.52,,,,historical_baseline,,fe33df9ae5456d8ee27133c42c244c81d150008ababc19399c7ed428638b57ea
2310,2025-05-26,19.08,19.2,18.86,19.2,969310,18475310.26,,,,historical_baseline,,fe33df9ae5456d8ee27133c42c244c81d150008ababc19399c7ed428638b57ea
2310,2025-05-27,19.2,19.2,18.8,18.8,1081357,20520293.26,,,,historical_baseline,,fe33df9ae5456d8ee27133c42c244c81d150008ababc19399c7ed428638b57ea
2310,2025-05-28,18.96,19.12,18.78,18.96,1120248,21212709.54,,,,historical_baseline,,fe33df9ae5456d8ee27133c42c244c81d150008ababc19399c7ed428638b57ea
2310,2025-05-29,19.02,19.32,18.9,18.9,2170045,41279975.46,,,,historical_baseline,,fe33df9ae5456d8ee27133c42c244c81d150008ababc19399c7ed428638b57ea
2320,2025-05-01,47.35,47.5,46.0,46.55,411527,19163427.75,,,,historical_baseline,,fe33df9ae5456d8ee27133c42c244c81d150008ababc19399c7ed428638b57ea
2320,2025-05-04,46.55,47.2,44.95,45.3,312538,14382335.55,,,,historical_baseline,,fe33df9ae5456d8ee27133c42c244c81d150008ababc19399c7ed428638b57ea
2320,2025-05-05,45.05,48.15,44.9,47.65,674981,31680919.55,,,,historical_baseline,,fe33df9ae5456d8ee27133c42c244c81d150008ababc19399c7ed428638b57ea
2320,2025-05-06,48.1,48.1,47.4,47.9,282442,13489993.6,,,,historical_baseline,,fe33df9ae5456d8ee27133c42c244c81d150008ababc19399c7ed428638b57ea
2320,2025-05-07,47.6,49.5,47.55,47.6,1076434,52376680.95,,,,historical_baseline,,fe33df9ae5456d8ee27133c42c244c81d150008ababc19399c7ed428638b57ea
2320,2025-05-08,47.9,47.9,46.6,47.4,354688,16748065.0,,,,historical_baseline,,fe33df9ae5456d8ee27133c42c244c81d150008ababc19399c7ed428638b57ea
2320,2025-05-11,47.35,47.6,45.7,46.05,246347,11408770.9,,,,historical_baseline,,fe33df9ae5456d8ee27133c42c244c81d150008ababc19399c7ed428638b57ea
2320,2025-05-12,46.1,48.35,46.1,48.3,658949,31356455.85,,,,historical_baseline,,fe33df9ae5456d8ee27133c42c244c81d150008ababc19399c7ed428638b57ea
2320,2025-05-13,50.0,51.2,48.65,49.0,2056159,102352689.4,,,,historical_baseline,,fe33df9ae5456d8ee27133c42c244c81d150008ababc19399c7ed428638b57ea
2320,2025-05-14,49.0,51.2,48.95,49.95,1295944,65388656.15,,,,historical_baseline,,fe33df9ae5456d8ee27133c42c244c81d150008ababc19399c7ed428638b57ea
2320,2025-05-15,49.7,49.75,48.35,48.5,779346,37982873.4,,,,historical_baseline,,fe33df9ae5456d8ee27133c42c244c81d150008ababc19399c7ed428638b57ea
2320,2025-05-18,48.9,49.35,48.3,48.65,403423,19668458.7,,,,historical_baseline,,fe33df9ae5456d8ee27133c42c244c81d150008ababc19399c7ed428638b57ea
2320,2025-05-19,48.65,50.1,48.3,49.1,1159420,57169785.55,,,,historical_baseline,,fe33df9ae5456d8ee27133c42c244c81d150008ababc19399c7ed428638b57ea
2320,2025-05-20,49.25,50.7,48.9,50.3,996489,49592749.9,,,,historical_baseline,,fe33df9ae5456d8ee27133c42c244c81d150008ababc19399c7ed428638b57ea
2320,2025-05-21,50.6,51.2,49.75,49.85,790874,39855724.95,,,,historical_baseline,,fe33df9ae5456d8ee27133c42c244c81d150008ababc19399c7ed428638b57ea
2320,2025-05-22,49.8,51.8,49.45,51.5,1317829,67204672.65,,,,historical_baseline,,fe33df9ae5456d8ee27133c42c244c81d150008ababc19399c7ed428638b57ea
2320,2025-05-25,51.5,51.9,49.5,49.5,619152,31370242.85,,,,historical_baseline,,fe33df9ae5456d8ee27133c42c244c81d150008ababc19399c7ed428638b57ea
2320,2025-05-26,50.0,50.2,48.0,48.9,746053,36400147.9,,,,historical_baseline,,fe33df9ae5456d8ee27133c42c244c81d150008ababc19399c7ed428638b57ea
2320,2025-05-27,48.9,49.5,47.4,47.4,664167,32056555.7,,,,historical_baseline,,fe33df9ae5456d8ee27133c42c244c81d150008ababc19399c7ed428638b57ea
2320,2025-05-28,47.6,49.45,47.6,49.45,632961,30882736.45,,,,historical_baseline,,fe33df9ae5456d8ee27133c42c244c81d150008ababc19399c7ed428638b57ea
2320,2025-05-29,49.85,50.5,48.65,49.75,895839,44375295.8,,,,historical_baseline,,fe33df9ae5456d8ee27133c42c244c81d150008ababc19399c7ed428638b57ea
2330,2025-05-01,30.5,30.5,29.65,30.0,411347,12319661.0,,,,historical_baseline,,fe33df9ae5456d8ee27133c42c244c81d150008ababc19399c7ed428638b57ea
2330,2025-05-04,30.2,30.2,29.45,29.85,217244,6442029.95,,,,historical_baseline,,fe33df9ae5456d8ee27133c42c244c81d150008ababc19399c7ed428638b57ea
2330,2025-05-05,30.0,31.4,29.95,31.25,1944988,60186940.05,,,,historical_baseline,,fe33df9ae5456d8ee27133c42c244c81d150008ababc19399c7ed428638b57ea
2330,2025-05-06,31.25,31.5,31.0,31.3,838646,26216278.1,,,,historical_baseline,,fe33df9ae5456d8ee27133c42c244c81d150008ababc19399c7ed428638b57ea
2330,2025-05-07,31.3,31.3,30.6,30.95,310312,9615393.95,,,,historical_baseline,,fe33df9ae5456d8ee27133c42c244c81d150008ababc19399c7ed428638b57ea
2330,2025-05-08,31.0,31.0,30.5,30.55,239855,7379885.0,,,,historical_baseline,,fe33df9ae5456d8ee27133c42c244c81d150008ababc19399c7ed428638b57ea
2330,2025-05-11,30.55,30.65,30.1,30.5,181591,5519512.85,,,,historical_baseline,,fe33df9ae5456d8ee27133c42c244c81d150008ababc19399c7ed428638b57ea
2330,2025-05-12,31.0,31.5,30.65,31.25,864164,27013222.65,,,,historical_baseline,,fe33df9ae5456d8ee27133c42c244c81d150008ababc19399c7ed428638b57ea
2330,2025-05-13,31.35,31.4,30.75,31.1,393622,12222593.6,,,,historical_baseline,,fe33df9ae5456d8ee27133c42c244c81d150008ababc19399c7ed428638b57ea
2330,2025-05-14,31.15,31.2,30.75,31.1,370415,11462896.55,,,,historical_baseline,,fe33df9ae5456d8ee27133c42c244c81d150008ababc19399c7ed428638b57ea
2330,2025-05-15,31.1,31.4,30.45,30.45,580902,17965990.8,,,,historical_baseline,,fe33df9ae5456d8ee27133c42c244c81d150008ababc19399c7ed428638b57ea
2330,2025-05-18,30.45,30.6,30.0,30.0,340455,10307776.25,,,,historical_baseline,,fe33df9ae5456d8ee27133c42c244c81d150008ababc19399c7ed428638b57ea
2330,2025-05-19,30.0,30.3,29.45,29.8,458706,13668439.05,,,,historical_baseline,,fe33df9ae5456d8ee27133c42c244c81d150008ababc19399c7ed428638b57ea
2330,2025-05-20,29.85,30.6,29.75,30.4,341133,10340397.3,,,,historical_baseline,,fe33df9ae5456d8ee27133c42c244c81d150008ababc19399c7ed428638b57ea
2330,2025-05-21,30.25,30.5,29.95,30.35,206403,6231713.5,,,,historical_baseline,,fe33df9ae5456d8ee27133c42c244c81d150008ababc19399c7ed428638b57ea
2330,2025-05-22,29.9,30.15,29.35,29.4,529102,15683144.55,,,,historical_baseline,,fe33df9ae5456d8ee27133c42c244c81d150008ababc19399c7ed428638b57ea
2330,2025-05-25,29.4,30.4,29.3,29.85,377364,11249728.75,,,,historical_baseline,,fe33df9ae5456d8ee27133c42c244c81d150008ababc19399c7ed428638b57ea
2330,2025-05-26,29.8,29.8,29.4,29.6,295437,8734446.4,,,,historical_baseline,,fe33df9ae5456d8ee27133c42c244c81d150008ababc19399c7ed428638b57ea
2330,2025-05-27,29.6,29.7,29.25,29.3,350230,10296546.0,,,,historical_baseline,,fe33df9ae5456d8ee27133c42c244c81d150008ababc19399c7ed428638b57ea
2330,2025-05-28,29.3,29.75,29.3,29.6,270110,7983071.7,,,,historical_baseline,,fe33df9ae5456d8ee27133c42c244c81d150008ababc19399c7ed428638b57ea
2330,2025-05-29,29.6,30.0,29.5,30.0,302466,8997936.15,,,,historical_baseline,,fe33df9ae5456d8ee27133c42c244c81d150008ababc19399c7ed428638b57ea
2340,2025-05-01,13.36,13.48,13.1,13.2,42749,565881.12,,,,historical_baseline,,fe33df9ae5456d8ee27133c42c244c81d150008ababc19399c7ed428638b57ea
2340,2025-05-04,13.34,13.4,13.08,13.08,26338,348235.32,,,,historical_baseline,,fe33df9ae5456d8ee27133c42c244c81d150008ababc19399c7ed428638b57ea
2340,2025-05-05,13.3,13.3,12.94,13.08,38027,497148.04,,,,historical_baseline,,fe33df9ae5456d8ee27133c42c244c81d150008ababc19399c7ed428638b57ea
2340,2025-05-06,13.08,13.12,12.82,12.82,57669,746485.1,,,,historical_baseline,,fe33df9ae5456d8ee27133c42c244c81d150008ababc19399c7ed428638b57ea
2340,2025-05-07,12.82,12.9,12.6,12.9,56090,714998.86,,,,historical_baseline,,fe33df9ae5456d8ee27133c42c244c81d150008ababc19399c7ed428638b57ea
2340,2025-05-08,12.96,13.02,12.72,12.72,40020,515084.08,,,,historical_baseline,,fe33df9ae5456d8ee27133c42c244c81d150008ababc19399c7ed428638b57ea
2340,2025-05-11,12.7,12.7,12.42,12.52,51313,643194.14,,,,historical_baseline,,fe33df9ae5456d8ee27133c42c244c81d150008ababc19399c7ed428638b57ea
2340,2025-05-12,12.32,12.88,12.32,12.88,104455,1323256.98,,,,historical_baseline,,fe33df9ae5456d8ee27133c42c244c81d150008ababc19399c7ed428638b57ea
2340,2025-05-13,13.38,14.04,13.32,13.44,877083,12043760.44,,,,historical_baseline,,fe33df9ae5456d8ee27133c42c244c81d150008ababc19399c7ed428638b57ea
2340,2025-05-14,13.68,13.68,13.26,13.38,193137,2586338.6,,,,historical_baseline,,fe33df9ae5456d8ee27133c42c244c81d150008ababc19399c7ed428638b57ea
2340,2025-05-15,13.38,14.18,13.32,13.6,391920,5373859.96,,,,historical_baseline,,fe33df9ae5456d8ee27133c42c244c81d150008ababc19399c7ed428638b57ea
2340,2025-05-18,13.7,13.7,13.32,13.32,120815,1620728.5,,,,historical_baseline,,fe33df9ae5456d8ee27133c42c244c81d150008ababc19399c7ed428638b57ea
2340,2025-05-19,13.6,13.86,13.34,13.46,193376,2625129.42,,,,historical_baseline,,fe33df9ae5456d8ee27133c42c244c81d150008ababc19399c7ed428638b57ea
2340,2025-05-20,13.46,13.54,13.28,13.3,59708,797608.72,,,,historical_baseline,,fe33df9ae5456d8ee27133c42c244c81d150008ababc19399c7ed428638b57ea
2340,2025-05-21,13.4,13.42,13.04,13.08,55513,733525.48,,,,historical_baseline,,fe33df9ae5456d8ee27133c42c244c81d150008ababc19399c7ed428638b57ea
2340,2025-05-22,13.0,13.26,12.98,12.98,41400,539764.9,,,,historical_baseline,,fe33df9ae5456d8ee27133c42c244c81d150008ababc19399c7ed428638b57ea
2340,2025-05-25,12.88,13.14,12.8,12.84,37493,485218.08,,,,historical_baseline,,fe33df9ae5456d8ee27133c42c244c81d150008ababc19399c7ed428638b57ea
2340,2025-05-26,12.8,13.04,12.6,12.78,33504,428675.94,,,,historical_baseline,,fe33df9ae5456d8ee27133c42c244c81d150008ababc19399c7ed428638b57ea
2340,2025-05-27,12.98,13.12,12.74,12.84,73807,954796.26,,,,historical_baseline,,fe33df9ae5456d8ee27133c42c244c81d150008ababc19399c7ed428638b57ea
2340,2025-05-28,13.04,13.04,12.82,12.84,39556,509268.42,,,,historical_baseline,,fe33df9ae5456d8ee27133c42c244c81d150008ababc19399c7ed428638b57ea
2340,2025-05-29,12.94,13.04,12.9,12.98,38582,499902.78,,,,historical_baseline,,fe33df9ae5456d8ee27133c42c244c81d150008ababc19399c7ed428638b57ea
2350,2025-05-01,5.8,5.82,5.75,5.77,1736717,10040893.27,,,,historical_baseline,,fe33df9ae5456d8ee27133c42c244c81d150008ababc19399c7ed428638b57ea
2350,2025-05-04,5.78,5.79,5.64,5.64,1811631,10315782.74,,,,historical_baseline,,fe33df9ae5456d8ee27133c42c244c81d150008ababc19399c7ed428638b57ea
2350,2025-05-05,5.64,5.65,5.59,5.6,2575665,14454862.42,,,,historical_baseline,,fe33df9ae5456d8ee27133c42c244c81d150008ababc19399c7ed428638b57ea
2350,2025-05-06,5.61,5.62,5.55,5.56,1685064,9403840.65,,,,historical_baseline,,fe33df9ae5456d8ee27133c42c244c81d150008ababc19399c7ed428638b57ea
2350,2025-05-07,5.55,5.57,5.45,5.45,2647155,14527626.78,,,,historical_baseline,,fe33df9ae5456d8ee27133c42c244c81d150008ababc19399c7ed428638b57ea
2350,2025-05-08,5.45,5.49,5.41,5.41,2659777,14459980.86,,,,historical_baseline,,fe33df9ae5456d8ee27133c42c244c81d150008ababc19399c7ed428638b57ea
2350,2025-05-11,5.45,5.45,5.41,5.43,1183316,6419794.15,,,,historical_baseline,,fe33df9ae5456d8ee27133c42c244c81d150008ababc19399c7ed428638b57ea
2350,2025-05-12,5.5,5.6,5.46,5.54,3511019,19399827.1,,,,historical_baseline,,fe33df9ae5456d8ee27133c42c244c81d150008ababc19399c7ed428638b57ea
2350,2025-05-13,5.59,5.59,5.51,5.53,3534559,19619552.55,,,,historical_baseline,,fe33df9ae5456d8ee27133c42c244c81d150008ababc19399c7ed428638b57ea
2350,2025-05-14,5.53,5.58,5.52,5.57,2058661,11453458.4,,,,historical_baseline,,fe33df9ae5456d8ee27133c42c244c81d150008ababc19399c7ed428638b57ea
2350,2025-05-15,5.56,5.58,5.46,5.46,2076990,11416960.33,,,,historical_baseline,,fe33df9ae5456d8ee27133c42c244c81d150008ababc19399c7ed428638b57ea
2350,2025-05-18,5.48,5.48,5.41,5.42,1638265,8902082.46,,,,historical_baseline,,fe33df9ae5456d8ee27133c42c244c81d150008ababc19399c7ed428638b57ea
2350,2025-05-19,5.42,5.46,5.27,5.29,3338519,17840505.86,,,,historical_baseline,,fe33df9ae5456d8ee27133c42c244c81d150008ababc19399c7ed428638b57ea
2350,2025-05-20,5.3,5.3,5.22,5.25,3102029,16287728.97,,,,historical_baseline,,fe33df9ae5456d8ee27133c42c244c81d150008ababc19399c7ed428638b57ea
2350,2025-05-21,5.24,5.24,5.13,5.13,2362937,12214839.17,,,,historical_baseline,,fe33df9ae5456d8ee27133c42c244c81d150008ababc19399c7ed428638b57ea
2350,2025-05-22,5.11,5.13,5.07,5.1,2435304,12424980.62,,,,historical_baseline,,fe33df9ae5456d8ee27133c42c244c81d150008ababc19399c7ed428638b57ea
2350,2025-05-25,5.07,5.14,5.05,5.09,2075418,10575899.06,,,,historical_baseline,,fe33df9ae5456d8ee27133c42c244c81d150008ababc19399c7ed428638b57ea
2350,2025-05-26,5.09,5.12,5.01,5.07,2269014,11497983.7,,,,historical_baseline,,fe33df9ae5456d8ee27133c42c244c81d150008ababc19399c7ed428638b57ea
2350,2025-05-27,5.07,5.08,5.03,5.05,3091051,15604146.8,,,,historical_baseline,,fe33df9ae5456d8ee27133c42c244c81d150008ababc19399c7ed428638b57ea
2350,2025-05-28,5.05,5.09,5.04,5.07,1886967,9555944.37,,,,historical_baseline,,fe33df9ae5456d8ee27133c42c244c81d150008ababc19399c7ed428638b57ea
2350,2025-05-29,5.07,5.1,5.03,5.03,3621601,18301652.48,,,,historical_baseline,,fe33df9ae5456d8ee27133c42c244c81d150008ababc19399c7ed428638b57ea
2360,2025-05-01,33.5,33.8,32.75,33.3,38200,1268414.25,,,,historical_baseline,,fe33df9ae5456d8ee27133c42c244c81d150008ababc19399c7ed428638b57ea
2360,2025-05-04,33.05,33.65,33.0,33.1,13212,439451.6,,,,historical_baseline,,fe33df9ae5456d8ee27133c42c244c81d150008ababc19399c7ed428638b57ea
2360,2025-05-05,33.05,33.7,32.7,33.6,42180,1399818.5,,,,historical_baseline,,fe33df9ae5456d8ee27133c42c244c81d150008ababc19399c7ed428638b57ea
2360,2025-05-06,33.75,34.0,33.55,33.6,34069,1146793.1,,,,historical_baseline,,fe33df9ae5456d8ee27133c42c244c81d150008ababc19399c7ed428638b57ea
2360,2025-05-07,34.0,34.0,33.0,33.0,15906,529805.45,,,,historical_baseline,,fe33df9ae5456d8ee27133c42c244c81d150008ababc19399c7ed428638b57ea
2360,2025-05-08,33.0,33.0,32.25,32.4,21659,703839.45,,,,historical_baseline,,fe33df9ae5456d8ee27133c42c244c81d150008ababc19399c7ed428638b57ea
2360,2025-05-11,32.4,33.0,32.4,32.8,14345,468886.1,,,,historical_baseline,,fe33df9ae5456d8ee27133c42c244c81d150008ababc19399c7ed428638b57ea
2360,2025-05-12,32.95,33.55,32.75,33.55,26614,885293.7,,,,historical_baseline,,fe33df9ae5456d8ee27133c42c244c81d150008ababc19399c7ed428638b57ea
2360,2025-05-13,33.55,33.8,33.3,33.6,15803,530810.0,,,,historical_baseline,,fe33df9ae5456d8ee27133c42c244c81d150008ababc19399c7ed428638b57ea
2360,2025-05-14,33.2,33.3,32.9,33.05,38282,1269153.25,,,,historical_baseline,,fe33df9ae5456d8ee27133c42c244c81d150008ababc19399c7ed428638b57ea
2360,2025-05-15,33.05,33.05,32.2,32.55,17111,558046.7,,,,historical_baseline,,fe33df9ae5456d8ee27133c42c244c81d150008ababc19399c7ed428638b57ea
2360,2025-05-18,32.5,32.9,32.5,32.7,11229,366101.0,,,,historical_baseline,,fe33df9ae5456d8ee27133c42c244c81d150008ababc19399c7ed428638b57ea
2360,2025-05-19,32.75,32.75,31.8,32.05,48586,1569817.85,,,,historical_baseline,,fe33df9ae5456d8ee27133c42c244c81d150008ababc19399c7ed428638b57ea
2360,2025-05-20,31.9,32.0,31.3,31.3,48498,1531305.15,,,,historical_baseline,,fe33df9ae5456d8ee27133c42c244c81d150008ababc19399c7ed428638b57ea
2360,2025-05-21,31.3,31.3,30.6,30.65,20717,639115.05,,,,historical_baseline,,fe33df9ae5456d8ee27133c42c244c81d150008ababc19399c7ed428638b57ea
2360,2025-05-22,30.65,30.85,30.35,30.85,12224,373790.4,,,,historical_baseline,,fe33df9ae5456d8ee27133c42c244c81d150008ababc19399c7ed428638b57ea
2360,2025-05-25,30.8,31.4,30.35,31.4,33494,1033619.4,,,,historical_baseline,,fe33df9ae5456d8ee27133c42c244c81d150008ababc19399c7ed428638b57ea
2360,2025-05-26,31.4,31.5,30.75,31.4,32118,999667.2,,,,historical_baseline,,fe33df9ae5456d8ee27133c42c244c81d150008ababc19399c7ed428638b57ea
2360,2025-05-27,31.5,31.65,30.3,30.4,34601,1073660.95,,,,historical_baseline,,fe33df9ae5456d8ee27133c42c244c81d150008ababc19399c7ed428638b57ea
2360,2025-05-28,30.35,31.0,30.35,30.8,15545,478125.25,,,,historical_baseline,,fe33df9ae5456d8ee27133c42c244c81d150008ababc19399c7ed428638b57ea
2360,2025-05-29,30.8,31.0,30.65,30.8,18714,575430.75,,,,historical_baseline,,fe33df9ae5456d8ee27133c42c244c81d150008ababc19399c7ed428638b57ea
2370,2025-05-01,35.4,35.6,34.8,35.0,213105,7469990.35,,,,historical_baseline,,fe33df9ae5456d8ee27133c42c244c81d150008ababc19399c7ed428638b57ea
2370,2025-05-04,35.1,35.5,34.05,34.05,163130,5682471.75,,,,historical_baseline,,fe33df9ae5456d8ee27133c42c244c81d150008ababc19399c7ed428638b57ea
2370,2025-05-05,34.0,35.6,33.75,35.5,492623,17269499.95,,,,historical_baseline,,fe33df9ae5456d8ee27133c42c244c81d150008ababc19399c7ed428638b57ea
2370,2025-05-06,35.5,36.0,35.0,35.3,308456,10978915.95,,,,historical_baseline,,fe33df9ae5456d8ee27133c42c244c81d150008ababc19399c7ed428638b57ea
2370,2025-05-07,35.45,36.9,35.1,36.7,920272,33391432.05,,,,historical_baseline,,fe33df9ae5456d8ee27133c42c244c81d150008ababc19399c7ed428638b57ea
2370,2025-05-08,36.95,37.55,35.75,36.0,895979,33032931.7,,,,historical_baseline,,fe33df9ae5456d8ee27133c42c244c81d150008ababc19399c7ed428638b57ea
2370,2025-05-11,33.55,34.15,32.7,33.0,1063077,35433385.8,,,,historical_baseline,,fe33df9ae5456d8ee27133c42c244c81d150008ababc19399c7ed428638b57ea
2370,2025-05-12,33.2,33.65,32.95,33.45,632603,21060950.0,,,,historical_baseline,,fe33df9ae5456d8ee27133c42c244c81d150008ababc19399c7ed428638b57ea
2370,2025-05-13,33.45,33.75,33.0,33.55,348816,11666236.45,,,,historical_baseline,,fe33df9ae5456d8ee27133c42c244c81d150008ababc19399c7ed428638b57ea
2370,2025-05-14,33.6,33.9,33.35,33.5,345119,11621408.4,,,,historical_baseline,,fe33df9ae5456d8ee27133c42c244c81d150008ababc19399c7ed428638b57ea
2370,2025-05-15,33.4,33.8,32.95,33.4,478713,15972752.9,,,,historical_baseline,,fe33df9ae5456d8ee27133c42c244c81d150008ababc19399c7ed428638b57ea
2370,2025-05-18,33.55,34.55,33.4,33.45,525738,17880451.5,,,,historical_baseline,,fe33df9ae5456d8ee27133c42c244c81d150008ababc19399c7ed428638b57ea
2370,2025-05-19,33.45,33.5,31.4,31.5,852093,27627833.65,,,,historical_baseline,,fe33df9ae5456d8ee27133c42c244c81d150008ababc19399c7ed428638b57ea
2370,2025-05-20,31.5,32.45,31.5,31.95,900701,28823965.95,,,,historical_baseline,,fe33df9ae5456d8ee27133c42c244c81d150008ababc19399c7ed428638b57ea
2370,2025-05-21,31.7,32.0,30.85,30.95,439095,13689220.75,,,,historical_baseline,,fe33df9ae5456d8ee27133c42c244c81d150008ababc19399c7ed428638b57ea
2370,2025-05-22,31.15,31.65,30.95,31.35,471948,14756691.95,,,,historical_baseline,,fe33df9ae5456d8ee27133c42c244c81d150008ababc19399c7ed428638b57ea
2370,2025-05-25,31.35,31.6,30.7,31.1,430013,13378894.4,,,,historical_baseline,,fe33df9ae5456d8ee27133c42c244c81d150008ababc19399c7ed428638b57ea
2370,2025-05-26,31.0,31.55,30.25,30.85,391218,12110928.95,,,,historical_baseline,,fe33df9ae5456d8ee27133c42c244c81d150008ababc19399c7ed428638b57ea
2370,2025-05-27,30.8,30.95,29.5,29.55,360420,10766358.55,,,,historical_baseline,,fe33df9ae5456d8ee27133c42c244c81d150008ababc19399c7ed428638b57ea
2370,2025-05-28,29.6,30.6,29.6,30.25,324088,9763201.8,,,,historical_baseline,,fe33df9ae5456d8ee27133c42c244c81d150008ababc19399c7ed428638b57ea
2370,2025-05-29,30.3,31.6,30.3,31.45,444365,13817646.5,,,,historical_baseline,,fe33df9ae5456d8ee27133c42c244c81d150008ababc19399c7ed428638b57ea
2380,2025-05-01,7.1,7.11,7.05,7.1,485033,3435395.81,,,,historical_baseline,,fe33df9ae5456d8ee27133c42c244c81d150008ababc19399c7ed428638b57ea
2380,2025-05-04,7.12,7.12,7.01,7.02,255143,1799035.65,,,,historical_baseline,,fe33df9ae5456d8ee27133c42c244c81d150008ababc19399c7ed428638b57ea
2380,2025-05-05,7.02,7.02,6.9,6.92,653350,4538861.58,,,,historical_baseline,,fe33df9ae5456d8ee27133c42c244c81d150008ababc19399c7ed428638b57ea
2380,2025-05-06,6.92,7.0,6.9,6.91,497057,3442498.05,,,,historical_baseline,,fe33df9ae5456d8ee27133c42c244c81d150008ababc19399c7ed428638b57ea
2380,2025-05-07,6.93,6.95,6.79,6.88,660121,4536483.16,,,,historical_baseline,,fe33df9ae5456d8ee27133c42c244c81d150008ababc19399c7ed428638b57ea
2380,2025-05-08,6.9,6.92,6.78,6.84,902837,6184720.15,,,,historical_baseline,,fe33df9ae5456d8ee27133c42c244c81d150008ababc19399c7ed428638b57ea
2380,2025-05-11,6.86,6.97,6.79,6.85,438220,3005092.37,,,,historical_baseline,,fe33df9ae5456d8ee27133c42c244c81d150008ababc19399c7ed428638b57ea
2380,2025-05-12,6.94,7.01,6.86,6.97,1078223,7503970.58,,,,historical_baseline,,fe33df9ae5456d8ee27133c42c244c81d150008ababc19399c7ed428638b57ea
2380,2025-05-13,6.9,7.1,6.89,6.95,1311012,9123757.41,,,,historical_baseline,,fe33df9ae5456d8ee27133c42c244c81d150008ababc19399c7ed428638b57ea
2380,2025-05-14,6.95,7.04,6.91,7.01,849319,5923342.05,,,,historical_baseline,,fe33df9ae5456d8ee27133c42c244c81d150008ababc19399c7ed428638b57ea
2380,2025-05-15,6.95,7.01,6.9,6.99,623099,4331505.28,,,,historical_baseline,,fe33df9ae5456d8ee27133c42c244c81d150008ababc19399c7ed428638b57ea
2380,2025-05-18,6.95,6.97,6.9,6.92,402674,2788318.16,,,,historical_baseline,,fe33df9ae5456d8ee27133c42c244c81d150008ababc19399c7ed428638b57ea
2380,2025-05-19,6.92,6.92,6.79,6.79,778967,5322244.99,,,,historical_baseline,,fe33df9ae5456d8ee27133c42c244c81d150008ababc19399c7ed428638b57ea
2380,2025-05-20,6.8,6.83,6.73,6.76,819365,5544303.72,,,,historical_baseline,,fe33df9ae5456d8ee27133c42c244c81d150008ababc19399c7ed428638b57ea
2380,2025-05-21,6.78,6.85,6.75,6.85,414339,2816569.41,,,,historical_baseline,,fe33df9ae5456d8ee27133c42c244c81d150008ababc19399c7ed428638b57ea
2380,2025-05-22,6.85,6.94,6.75,6.87,657810,4514422.0,,,,historical_baseline,,fe33df9ae5456d8ee27133c42c244c81d150008ababc19399c7ed428638b57ea
2380,2025-05-25,6.75,6.8,6.71,6.72,424319,2868200.55,,,,historical_baseline,,fe33df9ae5456d8ee27133c42c244c81d150008ababc19399c7ed428638b57ea
2380,2025-05-26,6.75,6.8,6.68,6.74,603777,4057939.34,,,,historical_baseline,,fe33df9ae5456d8ee27133c42c244c81d150008ababc19399c7ed428638b57ea
2380,2025-05-27,6.74,6.74,6.63,6.65,386439,2578561.8,,,,historical_baseline,,fe33df9ae5456d8ee27133c42c244c81d150008ababc19399c7ed428638b57ea
2380,2025-05-28,6.65,6.78,6.64,6.76,369895,2482875.41,,,,historical_baseline,,fe33df9ae5456d8ee27133c42c244c81d150008ababc19399c7ed428638b57ea
2380,2025-05-29,6.83,6.9,6.76,6.83,887460,6065501.83,,,,historical_baseline,,fe33df9ae5456d8ee27133c42c244c81d150008ababc19399c7ed428638b57ea
2381,2025-05-01,86.4,86.5,85.0,85.4,77586,6637833.7,,,,historical_baseline,,fe33df9ae5456d8ee27133c42c244c81d150008ababc19399c7ed428638b57ea
2381,2025-05-04,85.5,85.8,84.6,84.7,64806,5504387.2,,,,historical_baseline,,fe33df9ae5456d8ee27133c42c244c81d150008ababc19399c7ed428638b57ea
2381,2025-05-05,84.7,85.0,84.0,84.3,166098,14022912.4,,,,historical_baseline,,fe33df9ae5456d8ee27133c42c244c81d150008ababc19399c7ed428638b57ea
2381,2025-05-06,87.0,87.9,85.3,86.0,385211,33420971.9,,,,historical_baseline,,fe33df9ae5456d8ee27133c42c244c81d150008ababc19399c7ed428638b57ea
2381,2025-05-07,85.8,85.9,83.8,84.2,154856,13110790.7,,,,historical_baseline,,fe33df9ae5456d8ee27133c42c244c81d150008ababc19399c7ed428638b57ea
2381,2025-05-08,84.1,84.7,83.5,83.5,156519,13120531.7,,,,historical_baseline,,fe33df9ae5456d8ee27133c42c244c81d150008ababc19399c7ed428638b57ea
2381,2025-05-11,83.5,83.9,82.8,82.8,97473,8114140.9,,,,historical_baseline,,fe33df9ae5456d8ee27133c42c244c81d150008ababc19399c7ed428638b57ea
2381,2025-05-12,82.9,84.4,82.9,84.4,134485,11290965.4,,,,historical_baseline,,fe33df9ae5456d8ee27133c42c244c81d150008ababc19399c7ed428638b57ea
2381,2025-05-13,83.9,84.7,82.9,82.9,270287,22538398.6,,,,historical_baseline,,fe33df9ae5456d8ee27133c42c244c81d150008ababc19399c7ed428638b57ea
2381,2025-05-14,83.5,85.6,83.0,85.1,284606,24011876.9,,,,historical_baseline,,fe33df9ae5456d8ee27133c42c244c81d150008ababc19399c7ed428638b57ea
2381,2025-05-15,85.1,85.1,83.6,84.2,118085,9948968.2,,,,historical_baseline,,fe33df9ae5456d8ee27133c42c244c81d150008ababc19399c7ed428638b57ea
2381,2025-05-18,84.6,84.6,83.2,83.6,109127,9121949.7,,,,historical_baseline,,fe33df9ae5456d8ee27133c42c244c81d150008ababc19399c7ed428638b57ea
2381,2025-05-19,83.6,84.4,82.8,82.8,123283,10293961.1,,,,historical_baseline,,fe33df9ae5456d8ee27133c42c244c81d150008ababc19399c7ed428638b57ea
2381,2025-05-20,82.9,83.4,81.9,82.9,148962,12329003.5,,,,historical_baseline,,fe33df9ae5456d8ee27133c42c244c81d150008ababc19399c7ed428638b57ea
2381,2025-05-21,82.9,83.2,82.4,82.7,82474,6823787.6,,,,historical_baseline,,fe33df9ae5456d8ee27133c42c244c81d150008ababc19399c7ed428638b57ea
2381,2025-05-22,82.6,83.1,82.1,82.6,125646,10379441.9,,,,historical_baseline,,fe33df9ae5456d8ee27133c42c244c81d150008ababc19399c7ed428638b57ea
2381,2025-05-25,83.1,83.1,81.6,81.6,70662,5822168.4,,,,historical_baseline,,fe33df9ae5456d8ee27133c42c244c81d150008ababc19399c7ed428638b57ea
2381,2025-05-26,82.5,82.5,79.1,80.0,415899,33314605.5,,,,historical_baseline,,fe33df9ae5456d8ee27133c42c244c81d150008ababc19399c7ed428638b57ea
2381,2025-05-27,80.1,80.2,78.6,79.1,136085,10768976.7,,,,historical_baseline,,fe33df9ae5456d8ee27133c42c244c81d150008ababc19399c7ed428638b57ea
2381,2025-05-28,79.1,80.3,79.1,80.1,190508,15180244.1,,,,historical_baseline,,fe33df9ae5456d8ee27133c42c244c81d150008ababc19399c7ed428638b57ea
2381,2025-05-29,80.0,84.2,79.9,84.2,868425,72151632.9,,,,historical_baseline,,fe33df9ae5456d8ee27133c42c244c81d150008ababc19399c7ed428638b57ea
2382,2025-05-01,15.14,15.16,14.96,15.02,1279472,19231923.16,,,,historical_baseline,,fe33df9ae5456d8ee27133c42c244c81d150008ababc19399c7ed428638b57ea
2382,2025-05-04,15.08,15.12,14.8,14.92,941102,14037580.54,,,,historical_baseline,,fe33df9ae5456d8ee27133c42c244c81d150008ababc19399c7ed428638b57ea
2382,2025-05-05,14.9,15.0,14.7,15.0,1307219,19428457.72,,,,historical_baseline,,fe33df9ae5456d8ee27133c42c244c81d150008ababc19399c7ed428638b57ea
2382,2025-05-06,15.0,15.12,14.78,14.8,1210855,18078345.32,,,,historical_baseline,,fe33df9ae5456d8ee27133c42c244c81d150008ababc19399c7ed428638b57ea
2382,2025-05-07,14.8,14.9,14.7,14.7,1060068,15680688.36,,,,historical_baseline,,fe33df9ae5456d8ee27133c42c244c81d150008ababc19399c7ed428638b57ea
2382,2025-05-08,14.7,14.9,14.66,14.9,746169,11005798.56,,,,historical_baseline,,fe33df9ae5456d8ee27133c42c244c81d150008ababc19399c7ed428638b57ea
2382,2025-05-11,14.9,14.9,14.66,14.72,782656,11546523.44,,,,historical_baseline,,fe33df9ae5456d8ee27133c42c244c81d150008ababc19399c7ed428638b57ea
2382,2025-05-12,14.74,14.96,14.72,14.86,1336484,19878773.64,,,,historical_baseline,,fe33df9ae5456d8ee27133c42c244c81d150008ababc19399c7ed428638b57ea
2382,2025-05-13,14.88,14.96,14.82,14.9,1087737,16185550.26,,,,historical_baseline,,fe33df9ae5456d8ee27133c42c244c81d150008ababc19399c7ed428638b57ea
2382,2025-05-14,14.98,14.98,14.82,14.82,1555240,23151752.28,,,,historical_baseline,,fe33df9ae5456d8ee27133c42c244c81d150008ababc19399c7ed428638b57ea
2382,2025-05-15,14.92,14.92,14.66,14.68,1188516,17528175.98,,,,historical_baseline,,fe33df9ae5456d8ee27133c42c244c81d150008ababc19399c7ed428638b57ea
2382,2025-05-18,14.68,14.74,14.5,14.52,1034051,15081108.68,,,,historical_baseline,,fe33df9ae5456d8ee27133c42c244c81d150008ababc19399c7ed428638b57ea
2382,2025-05-19,14.82,15.12,14.6,14.62,3833725,56938683.98,,,,historical_baseline,,fe33df9ae5456d8ee27133c42c244c81d150008ababc19399c7ed428638b57ea
2382,2025-05-20,14.7,14.74,14.46,14.52,1876736,27297421.46,,,,historical_baseline,,fe33df9ae5456d8ee27133c42c244c81d150008ababc19399c7ed428638b57ea
2382,2025-05-21,14.56,14.56,14.22,14.24,2270625,32544665.72,,,,historical_baseline,,fe33df9ae5456d8ee27133c42c244c81d150008ababc19399c7ed428638b57ea
2382,2025-05-22,14.2,14.22,13.98,14.02,2356938,33153736.64,,,,historical_baseline,,fe33df9ae5456d8ee27133c42c244c81d150008ababc19399c7ed428638b57ea
2382,2025-05-25,14.02,14.02,13.86,13.86,1143397,15942693.02,,,,historical_baseline,,fe33df9ae5456d8ee27133c42c244c81d150008ababc19399c7ed428638b57ea
2382,2025-05-26,13.86,14.06,13.6,13.8,1915198,26427234.34,,,,historical_baseline,,fe33df9ae5456d8ee27133c42c244c81d150008ababc19399c7ed428638b57ea
2382,2025-05-27,13.8,13.86,13.5,13.68,1764221,24064580.12,,,,historical_baseline,,fe33df9ae5456d8ee27133c42c244c81d150008ababc19399c7ed428638b57ea
2382,2025-05-28,13.74,13.88,13.72,13.74,1206259,16652696.22,,,,historical_baseline,,fe33df9ae5456d8ee27133c42c244c81d150008ababc19399c7ed428638b57ea
2382,2025-05-29,13.78,13.96,13.78,13.96,5146235,71574486.54,,,,historical_baseline,,fe33df9ae5456d8ee27133c42c244c81d150008ababc19399c7ed428638b57ea
3002,2025-05-01,8.45,8.45,8.35,8.38,315703,2647804.49,,,,historical_baseline,,fe33df9ae5456d8ee27133c42c244c81d150008ababc19399c7ed428638b57ea
3002,2025-05-04,8.4,8.44,8.34,8.37,268032,2249968.46,,,,historical_baseline,,fe33df9ae5456d8ee27133c42c244c81d150008ababc19399c7ed428638b57ea
3002,2025-05-05,8.4,8.46,8.32,8.37,309127,2592361.66,,,,historical_baseline,,fe33df9ae5456d8ee27133c42c244c81d150008ababc19399c7ed428638b57ea
3002,2025-05-06,8.28,8.37,8.21,8.27,519337,4296763.98,,,,historical_baseline,,fe33df9ae5456d8ee27133c42c244c81d150008ababc19399c7ed428638b57ea
3002,2025-05-07,8.29,8.34,8.24,8.26,366085,3036369.27,,,,historical_baseline,,fe33df9ae5456d8ee27133c42c244c81d150008ababc19399c7ed428638b57ea
3002,2025-05-08,8.26,8.3,8.23,8.25,220950,1823964.71,,,,historical_baseline,,fe33df9ae5456d8ee27133c42c244c81d150008ababc19399c7ed428638b57ea
3002,2025-05-11,8.22,8.29,8.21,8.24,364120,2993329.26,,,,historical_baseline,,fe33df9ae5456d8ee27133c42c244c81d150008ababc19399c7ed428638b57ea
3002,2025-05-12,8.24,8.39,8.24,8.38,596104,4965756.39,,,,historical_baseline,,fe33df9ae5456d8ee27133c42c244c81d150008ababc19399c7ed428638b57ea
3002,2025-05-13,8.39,8.43,8.33,8.41,284561,2384695.89,,,,historical_baseline,,fe33df9ae5456d8ee27133c42c244c81d150008ababc19399c7ed428638b57ea
3002,2025-05-14,8.41,8.48,8.41,8.47,389916,3294544.69,,,,historical_baseline,,fe33df9ae5456d8ee27133c42c244c81d150008ababc19399c7ed428638b57ea
3002,2025-05-15,8.46,8.47,8.39,8.45,471770,3973239.72,,,,historical_baseline,,fe33df9ae5456d8ee27133c42c244c81d150008ababc19399c7ed428638b57ea
3002,2025-05-18,8.45,8.47,8.4,8.44,737385,6209709.75,,,,historical_baseline,,fe33df9ae5456d8ee27133c42c244c81d150008ababc19399c7ed428638b57ea
3002,2025-05-19,8.44,8.44,8.36,8.44,280778,2357359.81,,,,historical_baseline,,fe33df9ae5456d8ee27133c42c244c81d150008ababc19399c7ed428638b57ea
3002,2025-05-20,8.41,8.43,8.36,8.41,384530,3229507.96,,,,historical_baseline,,fe33df9ae5456d8ee27133c42c244c81d150008ababc19399c7ed428638b57ea
3002,2025-05-21,8.41,8.41,8.32,8.36,303758,2538209.27,,,,historical_baseline,,fe33df9ae5456d8ee27133c42c244c81d150008ababc19399c7ed428638b57ea
3002,2025-05-22,8.36,8.42,8.33,8.39,282197,2361300.05,,,,historical_baseline,,fe33df9ae5456d8ee27133c42c244c81d150008ababc19399c7ed428638b57ea
3002,2025-05-25,8.38,8.43,8.36,8.38,314625,2639473.58,,,,historical_baseline,,fe33df9ae5456d8ee27133c42c244c81d150008ababc19399c7ed428638b57ea
3002,2025-05-26,8.38,8.44,8.35,8.39,420245,3527873.41,,,,historical_baseline,,fe33df9ae5456d8ee27133c42c244c81d150008ababc19399c7ed428638b57ea
3002,2025-05-27,8.4,8.41,8.29,8.3,417978,3485462.47,,,,historical_baseline,,fe33df9ae5456d8ee27133c42c244c81d150008ababc19399c7ed428638b57ea
3002,2025-05-28,8.3,8.33,8.25,8.25,482040,3992186.2,,,,historical_baseline,,fe33df9ae5456d8ee27133c42c244c81d150008ababc19399c7ed428638b57ea
3002,2025-05-29,8.3,8.31,8.25,8.3,276080,2284848.6,,,,historical_baseline,,fe33df9ae5456d8ee27133c42c244c81d150008ababc19399c7ed428638b57ea
3003,2025-05-01,20.2,20.5,20.14,20.2,210755,4280346.54,,,,historical_baseline,,fe33df9ae5456d8ee27133c42c244c81d150008ababc19399c7ed428638b57ea
3003,2025-05-04,20.1,20.22,20.04,20.1,70155,1411553.84,,,,historical_baseline,,fe33df9ae5456d8ee27133c42c244c81d150008ababc19399c7ed428638b57ea
3003,2025-05-05,20.12,20.12,19.8,19.9,198771,3958904.6,,,,historical_baseline,,fe33df9ae5456d8ee27133c42c244c81d150008ababc19399c7ed428638b57ea
3003,2025-05-06,19.78,19.9,19.42,19.7,327436,6443927.36,,,,historical_baseline,,fe33df9ae5456d8ee27133c42c244c81d150008ababc19399c7ed428638b57ea
3003,2025-05-07,19.52,19.62,19.3,19.38,137274,2672984.12,,,,historical_baseline,,fe33df9ae5456d8ee27133c42c244c81d150008ababc19399c7ed428638b57ea
3003,2025-05-08,19.38,19.4,19.2,19.4,131235,2533680.28,,,,historical_baseline,,fe33df9ae5456d8ee27133c42c244c81d150008ababc19399c7ed428638b57ea
3003,2025-05-11,19.42,19.46,19.16,19.2,59854,1155493.38,,,,historical_baseline,,fe33df9ae5456d8ee27133c42c244c81d150008ababc19399c7ed428638b57ea
3003,2025-05-12,19.3,19.48,19.08,19.4,283534,5475979.46,,,,historical_baseline,,fe33df9ae5456d8ee27133c42c244c81d150008ababc19399c7ed428638b57ea
3003,2025-05-13,19.5,19.58,19.34,19.48,134644,2622082.26,,,,historical_baseline,,fe33df9ae5456d8ee27133c42c244c81d150008ababc19399c7ed428638b57ea
3003,2025-05-14,19.6,19.6,19.36,19.4,56877,1105637.48,,,,historical_baseline,,fe33df9ae5456d8ee27133c42c244c81d150008ababc19399c7ed428638b57ea
3003,2025-05-15,19.38,19.38,19.1,19.24,177109,3397937.66,,,,historical_baseline,,fe33df9ae5456d8ee27133c42c244c81d150008ababc19399c7ed428638b57ea
3003,2025-05-18,19.4,19.4,19.06,19.06,65688,1259847.84,,,,historical_baseline,,fe33df9ae5456d8ee27133c42c244c81d150008ababc19399c7ed428638b57ea
3003,2025-05-19,19.04,19.18,18.58,18.8,235079,4418479.68,,,,historical_baseline,,fe33df9ae5456d8ee27133c42c244c81d150008ababc19399c7ed428638b57ea
3003,2025-05-20,18.8,18.8,18.5,18.64,318803,5943776.56,,,,historical_baseline,,fe33df9ae5456d8ee27133c42c244c81d150008ababc19399c7ed428638b57ea
3003,2025-05-21,18.62,18.64,18.54,18.62,85133,1583115.88,,,,historical_baseline,,fe33df9ae5456d8ee27133c42c244c81d150008ababc19399c7ed428638b57ea
3003,2025-05-22,18.24,18.44,18.12,18.4,285427,5226858.14,,,,historical_baseline,,fe33df9ae5456d8ee27133c42c244c81d150008ababc19399c7ed428638b57ea
3003,2025-05-25,18.32,18.36,17.7,17.78,202045,3630338.4,,,,historical_baseline,,fe33df9ae5456d8ee27133c42c244c81d150008ababc19399c7ed428638b57ea
3003,2025-05-26,17.82,17.82,17.16,17.54,304696,5304986.74,,,,historical_baseline,,fe33df9ae5456d8ee27133c42c244c81d150008ababc19399c7ed428638b57ea
3003,2025-05-27,17.58,17.74,17.4,17.72,285948,5009092.6,,,,historical_baseline,,fe33df9ae5456d8ee27133c42c244c81d150008ababc19399c7ed428638b57ea
3003,2025-05-28,17.72,17.82,17.4,17.72,200475,3520654.0,,,,historical_baseline,,fe33df9ae5456d8ee27133c42c244c81d150008ababc19399c7ed428638b57ea
3003,2025-05-29,17.74,18.1,17.56,18.08,241778,4345613.22,,,,historical_baseline,,fe33df9ae5456d8ee27133c42c244c81d150008ababc19399c7ed428638b57ea
3004,2025-05-01,8.65,8.67,8.54,8.57,334688,2869248.86,,,,historical_baseline,,fe33df9ae5456d8ee27133c42c244c81d150008ababc19399c7ed428638b57ea
3004,2025-05-04,8.66,8.66,8.49,8.53,381641,3262791.17,,,,historical_baseline,,fe33df9ae5456d8ee27133c42c244c81d150008ababc19399c7ed428638b57ea
3004,2025-05-05,8.56,8.56,8.35,8.44,754048,6370146.25,,,,historical_baseline,,fe33df9ae5456d8ee27133c42c244c81d150008ababc19399c7ed428638b57ea
3004,2025-05-06,8.44,8.48,8.37,8.4,445088,3744239.9,,,,historical_baseline,,fe33df9ae5456d8ee27133c42c244c81d150008ababc19399c7ed428638b57ea
3004,2025-05-07,8.4,8.43,8.35,8.43,218413,1831334.38,,,,historical_baseline,,fe33df9ae5456d8ee27133c42c244c81d150008ababc19399c7ed428638b57ea
3004,2025-05-08,8.45,8.45,8.36,8.36,168348,1410607.3,,,,historical_baseline,,fe33df9ae5456d8ee27133c42c244c81d150008ababc19399c7ed428638b57ea
3004,2025-05-11,8.38,8.46,8.37,8.44,85512,719186.92,,,,historical_baseline,,fe33df9ae5456d8ee27133c42c244c81d150008ababc19399c7ed428638b57ea
3004,2025-05-12,8.44,8.55,8.42,8.48,323132,2741421.32,,,,historical_baseline,,fe33df9ae5456d8ee27133c42c244c81d150008ababc19399c7ed428638b57ea
3004,2025-05-13,8.49,8.53,8.44,8.48,167599,1421522.9,,,,historical_baseline,,fe33df9ae5456d8ee27133c42c244c81d150008ababc19399c7ed428638b57ea
3004,2025-05-14,8.49,8.7,8.49,8.7,353646,3042956.95,,,,historical_baseline,,fe33df9ae5456d8ee27133c42c244c81d150008ababc19399c7ed428638b57ea
3004,2025-05-15,8.66,8.66,8.51,8.56,333334,2849248.01,,,,historical_baseline,,fe33df9ae5456d8ee27133c42c244c81d150008ababc19399c7ed428638b57ea
3004,2025-05-18,8.51,8.51,8.39,8.44,957592,8081331.28,,,,historical_baseline,,fe33df9ae5456d8ee27133c42c244c81d150008ababc19399c7ed428638b57ea
3004,2025-05-19,8.44,8.45,8.39,8.44,178304,1500847.92,,,,historical_baseline,,fe33df9ae5456d8ee27133c42c244c81d150008ababc19399c7ed428638b57ea
3004,2025-05-20,8.34,8.47,8.32,8.47,684150,5716867.31,,,,historical_baseline,,fe33df9ae5456d8ee27133c42c244c81d150008ababc19399c7ed428638b57ea
3004,2025-05-21,8.47,8.47,8.34,8.34,207563,1739314.58,,,,historical_baseline,,fe33df9ae5456d8ee27133c42c244c81d150008ababc19399c7ed428638b57ea
3004,2025-05-22,8.34,8.36,8.23,8.25,581097,4815921.75,,,,historical_baseline,,fe33df9ae5456d8ee27133c42c244c81d150008ababc19399c7ed428638b57ea
3004,2025-05-25,8.25,8.3,8.23,8.3,194862,1607708.11,,,,historical_baseline,,fe33df9ae5456d8ee27133c42c244c81d150008ababc19399c7ed428638b57ea
3004,2025-05-26,8.3,8.3,8.07,8.09,530101,4317153.43,,,,historical_baseline,,fe33df9ae5456d8ee27133c42c244c81d150008ababc19399c7ed428638b57ea
3004,2025-05-27,8.14,8.14,7.91,7.93,647996,5180454.21,,,,historical_baseline,,fe33df9ae5456d8ee27133c42c244c81d150008ababc19399c7ed428638b57ea
3004,2025-05-28,7.94,7.99,7.93,7.94,301171,2395663.97,,,,historical_baseline,,fe33df9ae5456d8ee27133c42c244c81d150008ababc19399c7ed428638b57ea
3004,2025-05-29,7.92,7.99,7.92,7.99,421903,3352171.95,,,,historical_baseline,,fe33df9ae5456d8ee27133c42c244c81d150008ababc19399c7ed428638b57ea
3005,2025-05-01,18.0,18.06,17.7,17.7,113909,2032223.96,,,,historical_baseline,,fe33df9ae5456d8ee27133c42c244c81d150008ababc19399c7ed428638b57ea
3005,2025-05-04,17.72,17.86,17.5,17.52,123229,2172402.14,,,,historical_baseline,,fe33df9ae5456d8ee27133c42c244c81d150008ababc19399c7ed428638b57ea
3005,2025-05-05,17.52,17.6,17.3,17.4,263983,4601825.4,,,,historical_baseline,,fe33df9ae5456d8ee27133c42c244c81d150008ababc19399c7ed428638b57ea
3005,2025-05-06,17.38,17.56,17.32,17.56,67711,1178432.9,,,,historical_baseline,,fe33df9ae5456d8ee27133c42c244c81d150008ababc19399c7ed428638b57ea
3005,2025-05-07,17.56,17.56,17.26,17.32,49470,860357.54,,,,historical_baseline,,fe33df9ae5456d8ee27133c42c244c81d150008ababc19399c7ed428638b57ea
3005,2025-05-08,17.32,17.4,17.22,17.24,80968,1397971.16,,,,historical_baseline,,fe33df9ae5456d8ee27133c42c244c81d150008ababc19399c7ed428638b57ea
3005,2025-05-11,17.24,17.44,17.22,17.32,69328,1201317.42,,,,historical_baseline,,fe33df9ae5456d8ee27133c42c244c81d150008ababc19399c7ed428638b57ea
3005,2025-05-12,17.32,17.52,17.32,17.32,65729,1143982.44,,,,historical_baseline,,fe33df9ae5456d8ee27133c42c244c81d150008ababc19399c7ed428638b57ea
3005,2025-05-13,17.44,17.6,17.26,17.58,191200,3317958.46,,,,historical_baseline,,fe33df9ae5456d8ee27133c42c244c81d150008ababc19399c7ed428638b57ea
3005,2025-05-14,17.58,17.6,17.46,17.52,45310,793649.9,,,,historical_baseline,,fe33df9ae5456d8ee27133c42c244c81d150008ababc19399c7ed428638b57ea
3005,2025-05-15,17.52,17.52,17.36,17.42,25124,437653.02,,,,historical_baseline,,fe33df9ae5456d8ee27133c42c244c81d150008ababc19399c7ed428638b57ea
3005,2025-05-18,17.42,17.52,17.12,17.12,101713,1750922.08,,,,historical_baseline,,fe33df9ae5456d8ee27133c42c244c81d150008ababc19399c7ed428638b57ea
3005,2025-05-19,17.22,17.22,16.76,16.94,198581,3357486.52,,,,historical_baseline,,fe33df9ae5456d8ee27133c42c244c81d150008ababc19399c7ed428638b57ea
3005,2025-05-20,16.92,16.94,16.76,16.84,122302,2060029.36,,,,historical_baseline,,fe33df9ae5456d8ee27133c42c244c81d150008ababc19399c7ed428638b57ea
3005,2025-05-21,16.78,16.96,16.78,16.96,17192,290046.68,,,,historical_baseline,,fe33df9ae5456d8ee27133c42c244c81d150008ababc19399c7ed428638b57ea
3005,2025-05-22,17.0,17.54,16.84,17.54,97639,1676923.56,,,,historical_baseline,,fe33df9ae5456d8ee27133c42c244c81d150008ababc19399c7ed428638b57ea
3005,2025-05-25,17.42,17.42,16.84,16.9,168101,2868482.86,,,,historical_baseline,,fe33df9ae5456d8ee27133c42c244c81d150008ababc19399c7ed428638b57ea
3005,2025-05-26,16.88,17.04,16.3,16.6,158584,2658599.82,,,,historical_baseline,,fe33df9ae5456d8ee27133c42c244c81d150008ababc19399c7ed428638b57ea
3005,2025-05-27,16.5,16.68,16.38,16.46,210308,3470797.18,,,,historical_baseline,,fe33df9ae5456d8ee27133c42c244c81d150008ababc19399c7ed428638b57ea
3005,2025-05-28,16.46,16.6,16.46,16.58,22441,371404.7,,,,historical_baseline,,fe33df9ae5456d8ee27133c42c244c81d150008ababc19399c7ed428638b57ea
3005,2025-05-29,16.6,16.8,16.58,16.7,91293,1523943.58,,,,historical_baseline,,fe33df9ae5456d8ee27133c42c244c81d150008ababc19399c7ed428638b57ea
3007,2025-05-01,3.0,3.0,2.95,2.98,422683,1253898.75,,,,historical_baseline,,fe33df9ae5456d8ee27133c42c244c81d150008ababc19399c7ed428638b57ea
3007,2025-05-04,2.9,2.9,2.76,2.77,2340399,6581672.45,,,,historical_baseline,,fe33df9ae5456d8ee27133c42c244c81d150008ababc19399c7ed428638b57ea
3007,2025-05-05,2.78,2.8,2.75,2.79,813810,2258869.65,,,,historical_baseline,,fe33df9ae5456d8ee27133c42c244c81d150008ababc19399c7ed428638b57ea
3007,2025-05-06,2.79,2.8,2.73,2.75,863170,2385257.3,,,,historical_baseline,,fe33df9ae5456d8ee27133c42c244c81d150008ababc19399c7ed428638b57ea
3007,2025-05-07,2.74,2.74,2.67,2.68,730128,1976694.45,,,,historical_baseline,,fe33df9ae5456d8ee27133c42c244c81d150008ababc19399c7ed428638b57ea
3007,2025-05-08,2.66,2.71,2.66,2.7,533208,1433588.65,,,,historical_baseline,,fe33df9ae5456d8ee27133c42c244c81d150008ababc19399c7ed428638b57ea
3007,2025-05-11,2.71,2.74,2.68,2.7,415895,1127038.15,,,,historical_baseline,,fe33df9ae5456d8ee27133c42c244c81d150008ababc19399c7ed428638b57ea
3007,2025-05-12,2.7,2.82,2.7,2.82,1161834,3215378.6,,,,historical_baseline,,fe33df9ae5456d8ee27133c42c244c81d150008ababc19399c7ed428638b57ea
3007,2025-05-13,2.82,2.83,2.79,2.81,425467,1191177.15,,,,historical_baseline,,fe33df9ae5456d8ee27133c42c244c81d150008ababc19399c7ed428638b57ea
3007,2025-05-14,2.81,2.83,2.78,2.79,570293,1595506.85,,,,historical_baseline,,fe33df9ae5456d8ee27133c42c244c81d150008ababc19399c7ed428638b57ea
3007,2025-05-15,2.79,2.79,2.74,2.76,438623,1210837.15,,,,historical_baseline,,fe33df9ae5456d8ee27133c42c244c81d150008ababc19399c7ed428638b57ea
3007,2025-05-18,2.76,2.78,2.74,2.75,338741,931917.3,,,,historical_baseline,,fe33df9ae5456d8ee27133c42c244c81d150008ababc19399c7ed428638b57ea
3007,2025-05-19,2.74,2.76,2.7,2.72,293557,800648.8,,,,historical_baseline,,fe33df9ae5456d8ee27133c42c244c81d150008ababc19399c7ed428638b57ea
3007,2025-05-20,2.7,2.74,2.7,2.73,364853,993409.25,,,,historical_baseline,,fe33df9ae5456d8ee27133c42c244c81d150008ababc19399c7ed428638b57ea
3007,2025-05-21,2.71,2.72,2.65,2.67,555185,1487998.25,,,,historical_baseline,,fe33df9ae5456d8ee27133c42c244c81d150008ababc19399c7ed428638b57ea
3007,2025-05-22,2.67,2.69,2.63,2.64,455694,1211259.85,,,,historical_baseline,,fe33df9ae5456d8ee27133c42c244c81d150008ababc19399c7ed428638b57ea
3007,2025-05-25,2.64,2.64,2.61,2.63,416956,1092560.9,,,,historical_baseline,,fe33df9ae5456d8ee27133c42c244c81d150008ababc19399c7ed428638b57ea
3007,2025-05-26,2.63,2.64,2.53,2.57,1013233,2601189.85,,,,historical_baseline,,fe33df9ae5456d8ee27133c42c244c81d150008ababc19399c7ed428638b57ea
3007,2025-05-27,2.58,2.58,2.5,2.5,543771,1373380.9,,,,historical_baseline,,fe33df9ae5456d8ee27133c42c244c81d150008ababc19399c7ed428638b57ea
3007,2025-05-28,2.5,2.55,2.5,2.53,575289,1451828.05,,,,historical_baseline,,fe33df9ae5456d8ee27133c42c244c81d150008ababc19399c7ed428638b57ea
3007,2025-05-29,2.54,2.57,2.52,2.55,251395,641896.45,,,,historical_baseline,,fe33df9ae5456d8ee27133c42c244c81d150008ababc19399c7ed428638b57ea
3008,2025-05-01,2.26,2.28,2.23,2.24,623452,1402720.75,,,,historical_baseline,,fe33df9ae5456d8ee27133c42c244c81d150008ababc19399c7ed428638b57ea
3008,2025-05-04,2.25,2.27,2.23,2.24,604842,1360349.48,,,,historical_baseline,,fe33df9ae5456d8ee27133c42c244c81d150008ababc19399c7ed428638b57ea
3008,2025-05-05,2.24,2.26,2.22,2.25,1378529,3093636.4,,,,historical_baseline,,fe33df9ae5456d8ee27133c42c244c81d150008ababc19399c7ed428638b57ea
3008,2025-05-06,2.25,2.3,2.25,2.28,1351727,3079943.47,,,,historical_baseline,,fe33df9ae5456d8ee27133c42c244c81d150008ababc19399c7ed428638b57ea
3008,2025-05-07,2.29,2.31,2.26,2.26,1237287,2812474.35,,,,historical_baseline,,fe33df9ae5456d8ee27133c42c244c81d150008ababc19399c7ed428638b57ea
3008,2025-05-08,2.26,2.28,2.19,2.2,1677247,3725587.38,,,,historical_baseline,,fe33df9ae5456d8ee27133c42c244c81d150008ababc19399c7ed428638b57ea
3008,2025-05-11,2.21,2.24,2.2,2.23,811698,1801649.94,,,,historical_baseline,,fe33df9ae5456d8ee27133c42c244c81d150008ababc19399c7ed428638b57ea
3008,2025-05-12,2.24,2.3,2.23,2.3,1502639,3415122.18,,,,historical_baseline,,fe33df9ae5456d8ee27133c42c244c81d150008ababc19399c7ed428638b57ea
3008,2025-05-13,2.3,2.3,2.26,2.27,772053,1761556.58,,,,historical_baseline,,fe33df9ae5456d8ee27133c42c244c81d150008ababc19399c7ed428638b57ea
3008,2025-05-14,2.28,2.29,2.27,2.27,595863,1355390.0,,,,historical_baseline,,fe33df9ae5456d8ee27133c42c244c81d150008ababc19399c7ed428638b57ea
3008,2025-05-15,2.23,2.24,2.22,2.24,1237410,2756841.23,,,,historical_baseline,,fe33df9ae5456d8ee27133c42c244c81d150008ababc19399c7ed428638b57ea
3008,2025-05-18,2.25,2.25,2.22,2.23,310540,693134.3,,,,historical_baseline,,fe33df9ae5456d8ee27133c42c244c81d150008ababc19399c7ed428638b57ea
3008,2025-05-19,2.22,2.23,2.2,2.2,568877,1258013.91,,,,historical_baseline,,fe33df9ae5456d8ee27133c42c244c81d150008ababc19399c7ed428638b57ea
3008,2025-05-20,2.23,2.23,2.2,2.2,517675,1142782.4,,,,historical_baseline,,fe33df9ae5456d8ee27133c42c244c81d150008ababc19399c7ed428638b57ea
3008,2025-05-21,2.21,2.22,2.18,2.19,732599,1608992.45,,,,historical_baseline,,fe33df9ae5456d8ee27133c42c244c81d150008ababc19399c7ed428638b57ea
3008,2025-05-22,2.19,2.2,2.16,2.16,538299,1171258.19,,,,historical_baseline,,fe33df9ae5456d8ee27133c42c244c81d150008ababc19399c7ed428638b57ea
3008,2025-05-25,2.17,2.17,2.12,2.12,894393,1911383.29,,,,historical_baseline,,fe33df9ae5456d8ee27133c42c244c81d150008ababc19399c7ed428638b57ea
3008,2025-05-26,2.12,2.14,2.05,2.1,765771,1603448.44,,,,historical_baseline,,fe33df9ae5456d8ee27133c42c244c81d150008ababc19399c7ed428638b57ea
3008,2025-05-27,2.1,2.12,2.02,2.04,784820,1606887.09,,,,historical_baseline,,fe33df9ae5456d8ee27133c42c244c81d150008ababc19399c7ed428638b57ea
3008,2025-05-28,2.06,2.11,2.06,2.08,894953,1864065.51,,,,historical_baseline,,fe33df9ae5456d8ee27133c42c244c81d150008ababc19399c7ed428638b57ea
3008,2025-05-29,2.08,2.09,2.07,2.08,574810,1197195.74,,,,historical_baseline,,fe33df9ae5456d8ee27133c42c244c81d150008ababc19399c7ed428638b57ea
3010,2025-05-01,25.4,25.4,24.86,25.05,301116,7560600.57,,,,historical_baseline,,fe33df9ae5456d8ee27133c42c244c81d150008ababc19399c7ed428638b57ea
3010,2025-05-04,25.05,25.1,24.8,24.92,138276,3449739.74,,,,historical_baseline,,fe33df9ae5456d8ee27133c42c244c81d150008ababc19399c7ed428638b57ea
3010,2025-05-05,24.98,24.98,24.62,24.64,302689,7489435.84,,,,historical_baseline,,fe33df9ae5456d8ee27133c42c244c81d150008ababc19399c7ed428638b57ea
3010,2025-05-06,24.64,25.0,24.62,25.0,203077,5032025.22,,,,historical_baseline,,fe33df9ae5456d8ee27133c42c244c81d150008ababc19399c7ed428638b57ea
3010,2025-05-07,24.02,24.3,23.96,24.02,432634,10418674.66,,,,historical_baseline,,fe33df9ae5456d8ee27133c42c244c81d150008ababc19399c7ed428638b57ea
3010,2025-05-08,24.1,24.12,23.92,23.92,373452,8971939.54,,,,historical_baseline,,fe33df9ae5456d8ee27133c42c244c81d150008ababc19399c7ed428638b57ea
3010,2025-05-11,23.98,24.1,23.9,24.0,136306,3267260.94,,,,historical_baseline,,fe33df9ae5456d8ee27133c42c244c81d150008ababc19399c7ed428638b57ea
3010,2025-05-12,24.0,24.24,23.98,24.24,300461,7220813.98,,,,historical_baseline,,fe33df9ae5456d8ee27133c42c244c81d150008ababc19399c7ed428638b57ea
3010,2025-05-13,24.38,24.38,24.0,24.34,235900,5698079.84,,,,historical_baseline,,fe33df9ae5456d8ee27133c42c244c81d150008ababc19399c7ed428638b57ea
3010,2025-05-14,24.34,24.34,24.16,24.24,155680,3776732.76,,,,historical_baseline,,fe33df9ae5456d8ee27133c42c244c81d150008ababc19399c7ed428638b57ea
3010,2025-05-15,24.32,24.34,24.18,24.3,211464,5133030.58,,,,historical_baseline,,fe33df9ae5456d8ee27133c42c244c81d150008ababc19399c7ed428638b57ea
3010,2025-05-18,24.3,24.34,24.16,24.24,126709,3068517.24,,,,historical_baseline,,fe33df9ae5456d8ee27133c42c244c81d150008ababc19399c7ed428638b57ea
3010,2025-05-19,24.24,24.24,23.94,23.94,227444,5469272.8,,,,historical_baseline,,fe33df9ae5456d8ee27133c42c244c81d150008ababc19399c7ed428638b57ea
3010,2025-05-20,23.94,24.06,23.68,23.8,330829,7879251.82,,,,historical_baseline,,fe33df9ae5456d8ee27133c42c244c81d150008ababc19399c7ed428638b57ea
3010,2025-05-21,23.82,23.86,23.7,23.76,121437,2885785.48,,,,historical_baseline,,fe33df9ae5456d8ee27133c42c244c81d150008ababc19399c7ed428638b57ea
3010,2025-05-22,23.68,23.76,23.64,23.64,179114,4242970.96,,,,historical_baseline,,fe33df9ae5456d8ee27133c42c244c81d150008ababc19399c7ed428638b57ea
3010,2025-05-25,23.66,23.76,23.6,23.62,122943,2908773.46,,,,historical_baseline,,fe33df9ae5456d8ee27133c42c244c81d150008ababc19399c7ed428638b57ea
3010,2025-05-26,23.6,23.66,23.26,23.4,225395,5292466.06,,,,historical_baseline,,fe33df9ae5456d8ee27133c42c244c81d150008ababc19399c7ed428638b57ea
3010,2025-05-27,23.46,23.46,23.26,23.26,111698,2608199.88,,,,historical_baseline,,fe33df9ae5456d8ee27133c42c244c81d150008ababc19399c7ed428638b57ea
3010,2025-05-28,23.26,23.46,23.26,23.4,131353,3070187.42,,,,historical_baseline,,fe33df9ae5456d8ee27133c42c244c81d150008ababc19399c7ed428638b57ea
3010,2025-05-29,23.46,23.46,23.28,23.44,156027,3647165.06,,,,historical_baseline,,fe33df9ae5456d8ee27133c42c244c81d150008ababc19399c7ed428638b57ea
3020,2025-05-01,35.8,36.05,35.35,35.35,194020,6921636.95,,,,historical_baseline,,fe33df9ae5456d8ee27133c42c244c81d150008ababc19399c7ed428638b57ea
3020,2025-05-04,35.3,35.35,34.85,34.95,143668,5041581.5,,,,historical_baseline,,fe33df9ae5456d8ee27133c42c244c81d150008ababc19399c7ed428638b57ea
3020,2025-05-05,34.55,35.2,34.4,35.0,384733,13361220.8,,,,historical_baseline,,fe33df9ae5456d8ee27133c42c244c81d150008ababc19399c7ed428638b57ea
3020,2025-05-06,34.7,35.15,34.45,35.1,260759,9063584.45,,,,historical_baseline,,fe33df9ae5456d8ee27133c42c244c81d150008ababc19399c7ed428638b57ea
3020,2025-05-07,35.0,35.15,34.65,34.95,219624,7662167.3,,,,historical_baseline,,fe33df9ae5456d8ee27133c42c244c81d150008ababc19399c7ed428638b57ea
3020,2025-05-08,35.1,35.8,35.1,35.45,440382,15626788.35,,,,historical_baseline,,fe33df9ae5456d8ee27133c42c244c81d150008ababc19399c7ed428638b57ea
3020,2025-05-11,36.0,36.1,35.5,36.0,304209,10940771.9,,,,historical_baseline,,fe33df9ae5456d8ee27133c42c244c81d150008ababc19399c7ed428638b57ea
3020,2025-05-12,36.25,36.55,35.85,36.55,179815,6523417.65,,,,historical_baseline,,fe33df9ae5456d8ee27133c42c244c81d150008ababc19399c7ed428638b57ea
3020,2025-05-13,36.5,36.75,36.35,36.75,110595,4046181.0,,,,historical_baseline,,fe33df9ae5456d8ee27133c42c244c81d150008ababc19399c7ed428638b57ea
3020,2025-05-14,37.0,37.0,36.5,36.55,101009,3709076.0,,,,historical_baseline,,fe33df9ae5456d8ee27133c42c244c81d150008ababc19399c7ed428638b57ea
3020,2025-05-15,36.5,36.8,36.45,36.55,145091,5309880.6,,,,historical_baseline,,fe33df9ae5456d8ee27133c42c244c81d150008ababc19399c7ed428638b57ea
3020,2025-05-18,36.8,37.2,36.55,37.0,146386,5402828.85,,,,historical_baseline,,fe33df9ae5456d8ee27133c42c244c81d150008ababc19399c7ed428638b57ea
3020,2025-05-19,36.8,37.1,36.15,36.35,167676,6109091.75,,,,historical_baseline,,fe33df9ae5456d8ee27133c42c244c81d150008ababc19399c7ed428638b57ea
3020,2025-05-20,36.15,36.95,36.15,36.9,298302,10895274.4,,,,historical_baseline,,fe33df9ae5456d8ee27133c42c244c81d150008ababc19399c7ed428638b57ea
3020,2025-05-21,36.9,37.25,36.5,37.1,357798,13218231.2,,,,historical_baseline,,fe33df9ae5456d8ee27133c42c244c81d150008ababc19399c7ed428638b57ea
3020,2025-05-22,36.95,37.1,36.55,36.7,233820,8610679.8,,,,historical_baseline,,fe33df9ae5456d8ee27133c42c244c81d150008ababc19399c7ed428638b57ea
3020,2025-05-25,36.95,36.95,36.5,36.7,67175,2464672.95,,,,historical_baseline,,fe33df9ae5456d8ee27133c42c244c81d150008ababc19399c7ed428638b57ea
3020,2025-05-26,36.45,36.65,35.45,35.85,234961,8460924.65,,,,historical_baseline,,fe33df9ae5456d8ee27133c42c244c81d150008ababc19399c7ed428638b57ea
3020,2025-05-27,35.85,35.85,35.15,35.15,160537,5689990.15,,,,historical_baseline,,fe33df9ae5456d8ee27133c42c244c81d150008ababc19399c7ed428638b57ea
3020,2025-05-28,35.15,35.65,34.85,35.4,153668,5402639.95,,,,historical_baseline,,fe33df9ae5456d8ee27133c42c244c81d150008ababc19399c7ed428638b57ea
3020,2025-05-29,35.4,36.4,35.4,36.0,305091,11008328.75,,,,historical_baseline,,fe33df9ae5456d8ee27133c42c244c81d150008ababc19399c7ed428638b57ea
3030,2025-05-01,44.05,44.3,42.95,43.4,376528,16392011.95,,,,historical_baseline,,fe33df9ae5456d8ee27133c42c244c81d150008ababc19399c7ed428638b57ea
3030,2025-05-04,43.55,43.6,41.85,41.9,227497,9687916.35,,,,historical_baseline,,fe33df9ae5456d8ee27133c42c244c81d150008ababc19399c7ed428638b57ea
3030,2025-05-05,42.0,42.5,41.75,42.15,231460,9776812.05,,,,historical_baseline,,fe33df9ae5456d8ee27133c42c244c81d150008ababc19399c7ed428638b57ea
3030,2025-05-06,41.9,42.75,41.9,42.7,283438,12026788.5,,,,historical_baseline,,fe33df9ae5456d8ee27133c42c244c81d150008ababc19399c7ed428638b57ea
3030,2025-05-07,42.6,42.6,41.65,41.85,265431,11127840.9,,,,historical_baseline,,fe33df9ae5456d8ee27133c42c244c81d150008ababc19399c7ed428638b57ea
3030,2025-05-08,41.9,42.1,41.5,41.9,342251,14296039.35,,,,historical_baseline,,fe33df9ae5456d8ee27133c42c244c81d150008ababc19399c7ed428638b57ea
3030,2025-05-11,42.0,42.2,41.45,41.75,114640,4778948.75,,,,historical_baseline,,fe33df9ae5456d8ee27133c42c244c81d150008ababc19399c7ed428638b57ea
3030,2025-05-12,41.8,41.95,41.5,41.7,477915,19932601.1,,,,historical_baseline,,fe33df9ae5456d8ee27133c42c244c81d150008ababc19399c7ed428638b57ea
3030,2025-05-13,41.8,42.2,41.45,42.1,382653,15968457.55,,,,historical_baseline,,fe33df9ae5456d8ee27133c42c244c81d150008ababc19399c7ed428638b57ea
3030,2025-05-14,42.2,42.4,41.8,42.0,168708,7087318.15,,,,historical_baseline,,fe33df9ae5456d8ee27133c42c244c81d150008ababc19399c7ed428638b57ea
3030,2025-05-15,42.2,42.35,41.75,42.0,437930,18468259.3,,,,historical_baseline,,fe33df9ae5456d8ee27133c42c244c81d150008ababc19399c7ed428638b57ea
3030,2025-05-18,42.0,42.15,41.8,41.85,123821,5196520.8,,,,historical_baseline,,fe33df9ae5456d8ee27133c42c244c81d150008ababc19399c7ed428638b57ea
3030,2025-05-19,41.8,42.15,41.45,42.0,218690,9133260.15,,,,historical_baseline,,fe33df9ae5456d8ee27133c42c244c81d150008ababc19399c7ed428638b57ea
3030,2025-05-20,41.8,41.95,41.4,41.4,176613,7342032.7,,,,historical_baseline,,fe33df9ae5456d8ee27133c42c244c81d150008ababc19399c7ed428638b57ea
3030,2025-05-21,41.75,41.75,40.95,41.45,335604,13855407.3,,,,historical_baseline,,fe33df9ae5456d8ee27133c42c244c81d150008ababc19399c7ed428638b57ea
3030,2025-05-22,41.1,41.4,41.1,41.2,95744,3947981.1,,,,historical_baseline,,fe33df9ae5456d8ee27133c42c244c81d150008ababc19399c7ed428638b57ea
3030,2025-05-25,41.25,41.25,40.8,40.9,113801,4660270.5,,,,historical_baseline,,fe33df9ae5456d8ee27133c42c244c81d150008ababc19399c7ed428638b57ea
3030,2025-05-26,40.9,41.15,40.35,40.8,265278,10828061.5,,,,historical_baseline,,fe33df9ae5456d8ee27133c42c244c81d150008ababc19399c7ed428638b57ea
3030,2025-05-27,40.8,40.8,40.1,40.15,244943,9870872.9,,,,historical_baseline,,fe33df9ae5456d8ee27133c42c244c81d150008ababc19399c7ed428638b57ea
3030,2025-05-28,40.15,40.65,40.15,40.4,91788,3709456.15,,,,historical_baseline,,fe33df9ae5456d8ee27133c42c244c81d150008ababc19399c7ed428638b57ea
3030,2025-05-29,40.5,40.65,40.15,40.45,131463,5304378.6,,,,historical_baseline,,fe33df9ae5456d8ee27133c42c244c81d150008ababc19399c7ed428638b57ea
3040,2025-05-01,52.7,52.7,52.2,52.7,63516,3333833.6,,,,historical_baseline,,fe33df9ae5456d8ee27133c42c244c81d150008ababc19399c7ed428638b57ea
3040,2025-05-04,52.6,52.7,52.2,52.2,59302,3104565.8,,,,historical_baseline,,fe33df9ae5456d8ee27133c42c244c81d150008ababc19399c7ed428638b57ea
3040,2025-05-05,52.2,52.4,51.7,51.9,105711,5496789.9,,,,historical_baseline,,fe33df9ae5456d8ee27133c42c244c81d150008ababc19399c7ed428638b57ea
3040,2025-05-06,52.0,52.7,51.9,52.7,132572,6948030.8,,,,historical_baseline,,fe33df9ae5456d8ee27133c42c244c81d150008ababc19399c7ed428638b57ea
3040,2025-05-07,52.7,53.0,52.3,52.7,65552,3450335.4,,,,historical_baseline,,fe33df9ae5456d8ee27133c42c244c81d150008ababc19399c7ed428638b57ea
3040,2025-05-08,52.8,53.1,52.5,52.8,69138,3647778.7,,,,historical_baseline,,fe33df9ae5456d8ee27133c42c244c81d150008ababc19399c7ed428638b57ea
3040,2025-05-11,52.8,52.8,51.7,51.9,111114,5786740.2,,,,historical_baseline,,fe33df9ae5456d8ee27133c42c244c81d150008ababc19399c7ed428638b57ea
3040,2025-05-12,52.0,52.6,51.3,51.6,218371,11293759.7,,,,historical_baseline,,fe33df9ae5456d8ee27133c42c244c81d150008ababc19399c7ed428638b57ea
3040,2025-05-13,51.6,51.8,51.2,51.5,119286,6139274.7,,,,historical_baseline,,fe33df9ae5456d8ee27133c42c244c81d150008ababc19399c7ed428638b57ea
3040,2025-05-14,51.5,51.5,51.2,51.5,62227,3200288.4,,,,historical_baseline,,fe33df9ae5456d8ee27133c42c244c81d150008ababc19399c7ed428638b57ea
3040,2025-05-15,51.3,51.5,51.1,51.5,74209,3810198.6,,,,historical_baseline,,fe33df9ae5456d8ee27133c42c244c81d150008ababc19399c7ed428638b57ea
3040,2025-05-18,51.3,51.7,51.2,51.5,64620,3319742.0,,,,historical_baseline,,fe33df9ae5456d8ee27133c42c244c81d150008ababc19399c7ed428638b57ea
3040,2025-05-19,51.6,51.8,51.4,51.5,80651,4159941.8,,,,historical_baseline,,fe33df9ae5456d8ee27133c42c244c81d150008ababc19399c7ed428638b57ea
3040,2025-05-20,51.5,51.8,51.5,51.6,38625,1993440.5,,,,historical_baseline,,fe33df9ae5456d8ee27133c42c244c81d150008ababc19399c7ed428638b57ea
3040,2025-05-21,51.9,52.3,51.6,51.9,121301,6292158.6,,,,historical_baseline,,fe33df9ae5456d8ee27133c42c244c81d150008ababc19399c7ed428638b57ea
3040,2025-05-22,51.8,52.0,51.4,51.7,72507,3749569.3,,,,historical_baseline,,fe33df9ae5456d8ee27133c42c244c81d150008ababc19399c7ed428638b57ea
3040,2025-05-25,51.7,52.0,51.6,51.8,87677,4536699.2,,,,historical_baseline,,fe33df9ae5456d8ee27133c42c244c81d150008ababc19399c7ed428638b57ea
3040,2025-05-26,51.8,52.1,51.4,51.8,124635,6452211.4,,,,historical_baseline,,fe33df9ae5456d8ee27133c42c244c81d150008ababc19399c7ed428638b57ea
3040,2025-05-27,51.1,51.5,50.4,51.4,146114,7442752.7,,,,historical_baseline,,fe33df9ae5456d8ee27133c42c244c81d150008ababc19399c7ed428638b57ea
3040,2025-05-28,51.3,51.7,50.9,51.3,110975,5685581.4,,,,historical_baseline,,fe33df9ae5456d8ee27133c42c244c81d150008ababc19399c7ed428638b57ea
3040,2025-05-29,51.4,51.5,50.7,50.8,111258,5674939.1,,,,historical_baseline,,fe33df9ae5456d8ee27133c42c244c81d150008ababc19399c7ed428638b57ea
3050,2025-05-01,31.1,31.3,30.9,31.2,87848,2730399.15,,,,historical_baseline,,fe33df9ae5456d8ee27133c42c244c81d150008ababc19399c7ed428638b57ea
3050,2025-05-04,31.2,31.3,30.9,31.05,25344,786090.15,,,,historical_baseline,,fe33df9ae5456d8ee27133c42c244c81d150008ababc19399c7ed428638b57ea
3050,2025-05-05,31.2,31.4,30.7,31.4,115502,3586930.65,,,,historical_baseline,,fe33df9ae5456d8ee27133c42c244c81d150008ababc19399c7ed428638b57ea
3050,2025-05-06,31.3,31.4,30.9,31.15,38120,1186657.85,,,,historical_baseline,,fe33df9ae5456d8ee27133c42c244c81d150008ababc19399c7ed428638b57ea
3050,2025-05-07,31.15,31.15,30.7,30.75,73569,2269197.5,,,,historical_baseline,,fe33df9ae5456d8ee27133c42c244c81d150008ababc19399c7ed428638b57ea
3050,2025-05-08,30.85,31.2,30.6,31.2,49249,1518136.2,,,,historical_baseline,,fe33df9ae5456d8ee27133c42c244c81d150008ababc19399c7ed428638b57ea
3050,2025-05-11,31.0,31.1,30.7,31.1,44381,1371518.4,,,,historical_baseline,,fe33df9ae5456d8ee27133c42c244c81d150008ababc19399c7ed428638b57ea
3050,2025-05-12,31.25,31.3,31.0,31.15,84188,2622945.65,,,,historical_baseline,,fe33df9ae5456d8ee27133c42c244c81d150008ababc19399c7ed428638b57ea
3050,2025-05-13,31.15,31.3,30.9,31.25,76935,2391910.25,,,,historical_baseline,,fe33df9ae5456d8ee27133c42c244c81d150008ababc19399c7ed428638b57ea
3050,2025-05-14,30.75,31.3,30.75,31.2,110033,3407811.4,,,,historical_baseline,,fe33df9ae5456d8ee27133c42c244c81d150008ababc19399c7ed428638b57ea
3050,2025-05-15,30.85,30.95,30.5,30.8,68080,2095938.45,,,,historical_baseline,,fe33df9ae5456d8ee27133c42c244c81d150008ababc19399c7ed428638b57ea
3050,2025-05-18,30.85,30.85,30.3,30.5,141593,4317317.15,,,,historical_baseline,,fe33df9ae5456d8ee27133c42c244c81d150008ababc19399c7ed428638b57ea
3050,2025-05-19,30.3,30.45,30.1,30.1,26749,808805.1,,,,historical_baseline,,fe33df9ae5456d8ee27133c42c244c81d150008ababc19399c7ed428638b57ea
3050,2025-05-20,30.15,30.5,30.0,30.45,57442,1731323.7,,,,historical_baseline,,fe33df9ae5456d8ee27133c42c244c81d150008ababc19399c7ed428638b57ea
3050,2025-05-21,30.45,30.5,30.0,30.5,42407,1280808.0,,,,historical_baseline,,fe33df9ae5456d8ee27133c42c244c81d150008ababc19399c7ed428638b57ea
3050,2025-05-22,30.35,30.35,29.65,29.95,105277,3149286.85,,,,historical_baseline,,fe33df9ae5456d8ee27133c42c244c81d150008ababc19399c7ed428638b57ea
3050,2025-05-25,29.95,29.95,29.45,29.75,68733,2038286.9,,,,historical_baseline,,fe33df9ae5456d8ee27133c42c244c81d150008ababc19399c7ed428638b57ea
3050,2025-05-26,29.85,29.85,29.05,29.4,62380,1834750.75,,,,historical_baseline,,fe33df9ae5456d8ee27133c42c244c81d150008ababc19399c7ed428638b57ea
3050,2025-05-27,29.7,29.7,29.15,29.35,35638,1047991.45,,,,historical_baseline,,fe33df9ae5456d8ee27133c42c244c81d150008ababc19399c7ed428638b57ea
3050,2025-05-28,29.2,30.1,29.2,29.5,85979,2564575.7,,,,historical_baseline,,fe33df9ae5456d8ee27133c42c244c81d150008ababc19399c7ed428638b57ea
3050,2025-05-29,29.6,29.9,29.55,29.7,62191,1847643.25,,,,historical_baseline,,fe33df9ae5456d8ee27133c42c244c81d150008ababc19399c7ed428638b57ea
3060,2025-05-01,21.88,21.88,21.5,21.62,233734,5062064.74,,,,historical_baseline,,fe33df9ae5456d8ee27133c42c244c81d150008ababc19399c7ed428638b57ea
3060,2025-05-04,21.62,21.74,21.52,21.54,113106,2446797.02,,,,historical_baseline,,fe33df9ae5456d8ee27133c42c244c81d150008ababc19399c7ed428638b57ea
3060,2025-05-05,21.5,21.58,21.42,21.5,169358,3641779.44,,,,historical_baseline,,fe33df9ae5456d8ee27133c42c244c81d150008ababc19399c7ed428638b57ea
3060,2025-05-06,21.5,21.56,21.42,21.48,96558,2074070.32,,,,historical_baseline,,fe33df9ae5456d8ee27133c42c244c81d150008ababc19399c7ed428638b57ea
3060,2025-05-07,21.48,21.48,21.1,21.2,203751,4334018.14,,,,historical_baseline,,fe33df9ae5456d8ee27133c42c244c81d150008ababc19399c7ed428638b57ea
3060,2025-05-08,21.1,21.12,20.72,20.84,344452,7196082.44,,,,historical_baseline,,fe33df9ae5456d8ee27133c42c244c81d150008ababc19399c7ed428638b57ea
3060,2025-05-11,20.84,20.98,20.8,20.98,119481,2493724.92,,,,historical_baseline,,fe33df9ae5456d8ee27133c42c244c81d150008ababc19399c7ed428638b57ea
3060,2025-05-12,20.96,21.3,20.96,21.26,140790,2977092.92,,,,historical_baseline,,fe33df9ae5456d8ee27133c42c244c81d150008ababc19399c7ed428638b57ea
3060,2025-05-13,21.36,21.36,21.2,21.3,75399,1605539.64,,,,historical_baseline,,fe33df9ae5456d8ee27133c42c244c81d150008ababc19399c7ed428638b57ea
3060,2025-05-14,21.44,21.44,21.26,21.4,84928,1813082.86,,,,historical_baseline,,fe33df9ae5456d8ee27133c42c244c81d150008ababc19399c7ed428638b57ea
3060,2025-05-15,21.3,21.3,21.06,21.06,89526,1890342.3,,,,historical_baseline,,fe33df9ae5456d8ee27133c42c244c81d150008ababc19399c7ed428638b57ea
3060,2025-05-18,21.06,21.12,21.0,21.04,44580,938416.6,,,,historical_baseline,,fe33df9ae5456d8ee27133c42c244c81d150008ababc19399c7ed428638b57ea
3060,2025-05-19,21.08,21.08,20.84,20.9,123261,2579786.32,,,,historical_baseline,,fe33df9ae5456d8ee27133c42c244c81d150008ababc19399c7ed428638b57ea
3060,2025-05-20,20.9,20.96,20.8,20.96,100442,2095284.44,,,,historical_baseline,,fe33df9ae5456d8ee27133c42c244c81d150008ababc19399c7ed428638b57ea
3060,2025-05-21,20.94,20.94,20.74,20.74,120198,2502589.08,,,,historical_baseline,,fe33df9ae5456d8ee27133c42c244c81d150008ababc19399c7ed428638b57ea
3060,2025-05-22,20.78,20.82,20.64,20.64,66312,1373143.24,,,,historical_baseline,,fe33df9ae5456d8ee27133c42c244c81d150008ababc19399c7ed428638b57ea
3060,2025-05-25,20.6,20.7,20.6,20.62,39472,813828.94,,,,historical_baseline,,fe33df9ae5456d8ee27133c42c244c81d150008ababc19399c7ed428638b57ea
3060,2025-05-26,20.62,20.68,20.52,20.62,62319,1284875.82,,,,historical_baseline,,fe33df9ae5456d8ee27133c42c244c81d150008ababc19399c7ed428638b57ea
3060,2025-05-27,20.7,20.72,20.34,20.44,108894,2235515.9,,,,historical_baseline,,fe33df9ae5456d8ee27133c42c244c81d150008ababc19399c7ed428638b57ea
3060,2025-05-28,20.44,20.7,20.44,20.54,62269,1283335.04,,,,historical_baseline,,fe33df9ae5456d8ee27133c42c244c81d150008ababc19399c7ed428638b57ea
3060,2025-05-29,20.6,20.66,20.42,20.46,194645,3992773.26,,,,historical_baseline,,fe33df9ae5456d8ee27133c42c244c81d150008ababc19399c7ed428638b57ea
3080,2025-05-01,33.5,33.6,33.25,33.5,38563,1287247.8,,,,historical_baseline,,fe33df9ae5456d8ee27133c42c244c81d150008ababc19399c7ed428638b57ea
3080,2025-05-04,33.4,33.6,33.2,33.25,46384,1548582.65,,,,historical_baseline,,fe33df9ae5456d8ee27133c42c244c81d150008ababc19399c7ed428638b57ea
3080,2025-05-05,32.55,33.05,32.55,33.05,74639,2447760.45,,,,historical_baseline,,fe33df9ae5456d8ee27133c42c244c81d150008ababc19399c7ed428638b57ea
3080,2025-05-06,33.1,33.45,33.0,33.45,18736,621426.35,,,,historical_baseline,,fe33df9ae5456d8ee27133c42c244c81d150008ababc19399c7ed428638b57ea
3080,2025-05-07,33.1,33.25,32.85,32.95,18925,625243.7,,,,historical_baseline,,fe33df9ae5456d8ee27133c42c244c81d150008ababc19399c7ed428638b57ea
3080,2025-05-08,32.95,33.45,32.7,32.8,55059,1816072.0,,,,historical_baseline,,fe33df9ae5456d8ee27133c42c244c81d150008ababc19399c7ed428638b57ea
3080,2025-05-11,32.8,33.0,32.7,32.75,10353,339279.35,,,,historical_baseline,,fe33df9ae5456d8ee27133c42c244c81d150008ababc19399c7ed428638b57ea
3080,2025-05-12,32.8,32.95,32.7,32.9,17639,579057.85,,,,historical_baseline,,fe33df9ae5456d8ee27133c42c244c81d150008ababc19399c7ed428638b57ea
3080,2025-05-13,33.1,33.1,32.55,32.8,22601,740069.8,,,,historical_baseline,,fe33df9ae5456d8ee27133c42c244c81d150008ababc19399c7ed428638b57ea
3080,2025-05-14,32.85,32.95,32.55,32.95,15189,496812.7,,,,historical_baseline,,fe33df9ae5456d8ee27133c42c244c81d150008ababc19399c7ed428638b57ea
3080,2025-05-15,32.95,32.95,32.65,32.85,12478,408515.75,,,,historical_baseline,,fe33df9ae5456d8ee27133c42c244c81d150008ababc19399c7ed428638b57ea
3080,2025-05-18,32.7,32.9,32.65,32.75,8440,276770.5,,,,historical_baseline,,fe33df9ae5456d8ee27133c42c244c81d150008ababc19399c7ed428638b57ea
3080,2025-05-19,32.75,32.75,32.05,32.45,43712,1411672.75,,,,historical_baseline,,fe33df9ae5456d8ee27133c42c244c81d150008ababc19399c7ed428638b57ea
3080,2025-05-20,32.45,32.45,31.7,31.95,101055,3219534.2,,,,historical_baseline,,fe33df9ae5456d8ee27133c42c244c81d150008ababc19399c7ed428638b57ea
3080,2025-05-21,31.9,31.9,31.2,31.6,68787,2161726.85,,,,historical_baseline,,fe33df9ae5456d8ee27133c42c244c81d150008ababc19399c7ed428638b57ea
3080,2025-05-22,31.4,31.45,31.15,31.25,19497,610642.6,,,,historical_baseline,,fe33df9ae5456d8ee27133c42c244c81d150008ababc19399c7ed428638b57ea
3080,2025-05-25,31.25,31.5,31.05,31.15,8182,255652.25,,,,historical_baseline,,fe33df9ae5456d8ee27133c42c244c81d150008ababc19399c7ed428638b57ea
3080,2025-05-26,31.2,31.3,30.8,31.15,33126,1028924.05,,,,historical_baseline,,fe33df9ae5456d8ee27133c42c244c81d150008ababc19399c7ed428638b57ea
3080,2025-05-27,31.2,31.3,30.75,30.75,30612,948068.4,,,,historical_baseline,,fe33df9ae5456d8ee27133c42c244c81d150008ababc19399c7ed428638b57ea
3080,2025-05-28,31.3,31.3,30.4,30.5,139676,4286200.3,,,,historical_baseline,,fe33df9ae5456d8ee27133c42c244c81d150008ababc19399c7ed428638b57ea
3080,2025-05-29,30.85,30.9,30.45,30.7,103830,3178029.65,,,,historical_baseline,,fe33df9ae5456d8ee27133c42c244c81d150008ababc19399c7ed428638b57ea
3090,2025-05-01,12.4,12.4,12.1,12.36,241406,2965875.4,,,,historical_baseline,,fe33df9ae5456d8ee27133c42c244c81d150008ababc19399c7ed428638b57ea
3090,2025-05-04,12.2,12.34,12.02,12.08,44560,541852.14,,,,historical_baseline,,fe33df9ae5456d8ee27133c42c244c81d150008ababc19399c7ed428638b57ea
3090,2025-05-05,12.0,12.08,11.8,12.04,177721,2127948.08,,,,historical_baseline,,fe33df9ae5456d8ee27133c42c244c81d150008ababc19399c7ed428638b57ea
3090,2025-05-06,12.3,12.3,11.92,12.02,65238,783364.42,,,,historical_baseline,,fe33df9ae5456d8ee27133c42c244c81d150008ababc19399c7ed428638b57ea
3090,2025-05-07,11.96,11.96,11.82,11.86,97020,1151970.76,,,,historical_baseline,,fe33df9ae5456d8ee27133c42c244c81d150008ababc19399c7ed428638b57ea
3090,2025-05-08,11.84,11.94,11.7,11.78,133621,1574672.98,,,,historical_baseline,,fe33df9ae5456d8ee27133c42c244c81d150008ababc19399c7ed428638b57ea
3090,2025-05-11,12.12,12.12,11.74,11.88,59926,708494.26,,,,historical_baseline,,fe33df9ae5456d8ee27133c42c244c81d150008ababc19399c7ed428638b57ea
3090,2025-05-12,11.74,12.04,11.74,11.96,87027,1033920.28,,,,historical_baseline,,fe33df9ae5456d8ee27133c42c244c81d150008ababc19399c7ed428638b57ea
3090,2025-05-13,11.74,11.92,11.7,11.9,209363,2479401.62,,,,historical_baseline,,fe33df9ae5456d8ee27133c42c244c81d150008ababc19399c7ed428638b57ea
3090,2025-05-14,11.9,11.98,11.84,11.9,129548,1541176.12,,,,historical_baseline,,fe33df9ae5456d8ee27133c42c244c81d150008ababc19399c7ed428638b57ea
3090,2025-05-15,11.84,11.86,11.78,11.82,70090,828119.6,,,,historical_baseline,,fe33df9ae5456d8ee27133c42c244c81d150008ababc19399c7ed428638b57ea
3090,2025-05-18,11.84,11.9,11.72,11.8,30625,361417.86,,,,historical_baseline,,fe33df9ae5456d8ee27133c42c244c81d150008ababc19399c7ed428638b57ea
3090,2025-05-19,11.74,11.78,11.64,11.74,55378,648404.4,,,,historical_baseline,,fe33df9ae5456d8ee27133c42c244c81d150008ababc19399c7ed428638b57ea
3090,2025-05-20,11.64,11.76,11.6,11.7,112070,1306465.14,,,,historical_baseline,,fe33df9ae5456d8ee27133c42c244c81d150008ababc19399c7ed428638b57ea
3090,2025-05-21,11.6,11.62,11.12,11.22,154408,1764661.04,,,,historical_baseline,,fe33df9ae5456d8ee27133c42c244c81d150008ababc19399c7ed428638b57ea
3090,2025-05-22,11.32,11.4,11.14,11.14,134638,1518271.58,,,,historical_baseline,,fe33df9ae5456d8ee27133c42c244c81d150008ababc19399c7ed428638b57ea
3090,2025-05-25,11.14,11.22,11.08,11.08,80885,899765.46,,,,historical_baseline,,fe33df9ae5456d8ee27133c42c244c81d150008ababc19399c7ed428638b57ea
3090,2025-05-26,11.1,11.2,10.72,11.0,179648,1981765.78,,,,historical_baseline,,fe33df9ae5456d8ee27133c42c244c81d150008ababc19399c7ed428638b57ea
3090,2025-05-27,11.0,11.1,10.82,10.9,126768,1383865.96,,,,historical_baseline,,fe33df9ae5456d8ee27133c42c244c81d150008ababc19399c7ed428638b57ea
3090,2025-05-28,10.96,11.02,10.9,10.94,56650,621154.88,,,,historical_baseline,,fe33df9ae5456d8ee27133c42c244c81d150008ababc19399c7ed428638b57ea
3090,2025-05-29,10.94,11.06,10.88,10.98,107708,1178417.22,,,,historical_baseline,,fe33df9ae5456d8ee27133c42c244c81d150008ababc19399c7ed428638b57ea
3091,2025-05-01,9.86,9.88,9.77,9.77,143135,1404817.15,,,,historical_baseline,,fe33df9ae5456d8ee27133c42c244c81d150008ababc19399c7ed428638b57ea
3091,2025-05-04,9.77,9.82,9.32,9.34,797838,7646897.93,,,,historical_baseline,,fe33df9ae5456d8ee27133c42c244c81d150008ababc19399c7ed428638b57ea
3091,2025-05-05,9.34,9.42,9.32,9.36,107906,1009979.41,,,,historical_baseline,,fe33df9ae5456d8ee27133c42c244c81d150008ababc19399c7ed428638b57ea
3091,2025-05-06,9.36,9.39,9.25,9.3,108987,1017380.82,,,,historical_baseline,,fe33df9ae5456d8ee27133c42c244c81d150008ababc19399c7ed428638b57ea
3091,2025-05-07,9.31,9.35,9.18,9.19,98496,908938.25,,,,historical_baseline,,fe33df9ae5456d8ee27133c42c244c81d150008ababc19399c7ed428638b57ea
3091,2025-05-08,9.19,9.25,9.16,9.2,110202,1012783.84,,,,historical_baseline,,fe33df9ae5456d8ee27133c42c244c81d150008ababc19399c7ed428638b57ea
3091,2025-05-11,9.24,9.25,8.98,9.0,253781,2292279.52,,,,historical_baseline,,fe33df9ae5456d8ee27133c42c244c81d150008ababc19399c7ed428638b57ea
3091,2025-05-12,9.0,9.13,8.99,9.12,374882,3394178.82,,,,historical_baseline,,fe33df9ae5456d8ee27133c42c244c81d150008ababc19399c7ed428638b57ea
3091,2025-05-13,9.12,9.18,9.07,9.16,76364,696350.9,,,,historical_baseline,,fe33df9ae5456d8ee27133c42c244c81d150008ababc19399c7ed428638b57ea
3091,2025-05-14,9.16,9.35,9.15,9.29,172255,1593650.5,,,,historical_baseline,,fe33df9ae5456d8ee27133c42c244c81d150008ababc19399c7ed428638b57ea
3091,2025-05-15,9.26,9.28,9.16,9.18,46650,429640.46,,,,historical_baseline,,fe33df9ae5456d8ee27133c42c244c81d150008ababc19399c7ed428638b57ea
3091,2025-05-18,9.07,9.12,9.03,9.03,89239,809331.04,,,,historical_baseline,,fe33df9ae5456d8ee27133c42c244c81d150008ababc19399c7ed428638b57ea
3091,2025-05-19,9.1,9.1,9.0,9.02,64637,583424.92,,,,historical_baseline,,fe33df9ae5456d8ee27133c42c244c81d150008ababc19399c7ed428638b57ea
3091,2025-05-20,9.0,9.12,9.0,9.06,77430,701885.01,,,,historical_baseline,,fe33df9ae5456d8ee27133c42c244c81d150008ababc19399c7ed428638b57ea
3091,2025-05-21,9.06,9.06,8.93,8.95,138025,1236986.11,,,,historical_baseline,,fe33df9ae5456d8ee27133c42c244c81d150008ababc19399c7ed428638b57ea
3091,2025-05-22,8.9,8.95,8.83,8.83,90603,804126.15,,,,historical_baseline,,fe33df9ae5456d8ee27133c42c244c81d150008ababc19399c7ed428638b57ea
3091,2025-05-25,8.94,8.94,8.5,8.75,153013,1331379.94,,,,historical_baseline,,fe33df9ae5456d8ee27133c42c244c81d150008ababc19399c7ed428638b57ea
3091,2025-05-26,8.75,8.78,8.59,8.78,121353,1056594.34,,,,historical_baseline,,fe33df9ae5456d8ee27133c42c244c81d150008ababc19399c7ed428638b57ea
3091,2025-05-27,8.75,8.79,8.61,8.61,145169,1258302.02,,,,historical_baseline,,fe33df9ae5456d8ee27133c42c244c81d150008ababc19399c7ed428638b57ea
3091,2025-05-28,8.73,8.83,8.65,8.76,98930,869650.61,,,,historical_baseline,,fe33df9ae5456d8ee27133c42c244c81d150008ababc19399c7ed428638b57ea
3091,2025-05-29,8.7,8.83,8.66,8.75,159291,1386966.87,,,,historical_baseline,,fe33df9ae5456d8ee27133c42c244c81d150008ababc19399c7ed428638b57ea
3092,2025-05-01,33.7,34.0,33.65,33.65,120988,4093532.65,,,,historical_baseline,,fe33df9ae5456d8ee27133c42c244c81d150008ababc19399c7ed428638b57ea
3092,2025-05-04,34.0,34.0,32.8,32.95,185330,6121105.4,,,,historical_baseline,,fe33df9ae5456d8ee27133c42c244c81d150008ababc19399c7ed428638b57ea
3092,2025-05-05,32.95,33.4,32.35,33.4,218167,7138417.75,,,,historical_baseline,,fe33df9ae5456d8ee27133c42c244c81d150008ababc19399c7ed428638b57ea
3092,2025-05-06,33.45,33.6,33.15,33.6,75221,2513932.25,,,,historical_baseline,,fe33df9ae5456d8ee27133c42c244c81d150008ababc19399c7ed428638b57ea
3092,2025-05-07,33.5,34.0,33.25,33.6,121503,4086710.7,,,,historical_baseline,,fe33df9ae5456d8ee27133c42c244c81d150008ababc19399c7ed428638b57ea
3092,2025-05-08,33.65,33.9,33.0,33.2,95995,3208774.6,,,,historical_baseline,,fe33df9ae5456d8ee27133c42c244c81d150008ababc19399c7ed428638b57ea
3092,2025-05-11,33.3,33.6,33.2,33.4,61764,2064209.15,,,,historical_baseline,,fe33df9ae5456d8ee27133c42c244c81d150008ababc19399c7ed428638b57ea
3092,2025-05-12,33.2,34.0,32.95,33.2,283394,9417632.1,,,,historical_baseline,,fe33df9ae5456d8ee27133c42c244c81d150008ababc19399c7ed428638b57ea
3092,2025-05-13,33.5,33.55,32.9,33.35,203500,6781433.2,,,,historical_baseline,,fe33df9ae5456d8ee27133c42c244c81d150008ababc19399c7ed428638b57ea
3092,2025-05-14,33.5,33.5,32.9,33.0,130142,4314549.45,,,,historical_baseline,,fe33df9ae5456d8ee27133c42c244c81d150008ababc19399c7ed428638b57ea
3092,2025-05-15,33.15,33.15,32.3,32.3,249050,8110485.55,,,,historical_baseline,,fe33df9ae5456d8ee27133c42c244c81d150008ababc19399c7ed428638b57ea
3092,2025-05-18,32.05,32.55,31.75,32.5,278836,8941565.5,,,,historical_baseline,,fe33df9ae5456d8ee27133c42c244c81d150008ababc19399c7ed428638b57ea
3092,2025-05-19,32.2,32.7,32.2,32.7,152620,4959305.25,,,,historical_baseline,,fe33df9ae5456d8ee27133c42c244c81d150008ababc19399c7ed428638b57ea
3092,2025-05-20,32.8,32.95,32.4,32.4,161069,5259965.55,,,,historical_baseline,,fe33df9ae5456d8ee27133c42c244c81d150008ababc19399c7ed428638b57ea
3092,2025-05-21,32.25,32.55,32.15,32.25,158211,5127512.15,,,,historical_baseline,,fe33df9ae5456d8ee27133c42c244c81d150008ababc19399c7ed428638b57ea
3092,2025-05-22,32.15,32.55,32.1,32.15,90936,2937137.35,,,,historical_baseline,,fe33df9ae5456d8ee27133c42c244c81d150008ababc19399c7ed428638b57ea
3092,2025-05-25,32.15,32.3,31.95,31.95,116625,3741403.15,,,,historical_baseline,,fe33df9ae5456d8ee27133c42c244c81d150008ababc19399c7ed428638b57ea
3092,2025-05-26,31.95,32.1,31.6,31.9,77921,2485338.5,,,,historical_baseline,,fe33df9ae5456d8ee27133c42c244c81d150008ababc19399c7ed428638b57ea
3092,2025-05-27,31.9,31.9,30.9,30.9,219142,6834545.2,,,,historical_baseline,,fe33df9ae5456d8ee27133c42c244c81d150008ababc19399c7ed428638b57ea
3092,2025-05-28,30.95,31.5,30.95,31.4,169066,5277187.4,,,,historical_baseline,,fe33df9ae5456d8ee27133c42c244c81d150008ababc19399c7ed428638b57ea
3092,2025-05-29,31.3,32.1,31.3,32.05,300894,9560677.95,,,,historical_baseline,,fe33df9ae5456d8ee27133c42c244c81d150008ababc19399c7ed428638b57ea
4001,2025-05-01,9.03,9.05,8.87,8.88,3646971,32522906.41,,,,historical_baseline,,fe33df9ae5456d8ee27133c42c244c81d150008ababc19399c7ed428638b57ea
4001,2025-05-04,8.91,8.93,8.76,8.76,2276971,20123726.8,,,,historical_baseline,,fe33df9ae5456d8ee27133c42c244c81d150008ababc19399c7ed428638b57ea
4001,2025-05-05,8.79,8.83,8.76,8.76,1933312,16975768.72,,,,historical_baseline,,fe33df9ae5456d8ee27133c42c244c81d150008ababc19399c7ed428638b57ea
4001,2025-05-06,8.76,8.77,8.66,8.77,1326660,11569616.11,,,,historical_baseline,,fe33df9ae5456d8ee27133c42c244c81d150008ababc19399c7ed428638b57ea
4001,2025-05-07,8.75,8.79,8.67,8.68,1991171,17349761.47,,,,historical_baseline,,fe33df9ae5456d8ee27133c42c244c81d150008ababc19399c7ed428638b57ea
4001,2025-05-08,8.69,8.8,8.66,8.66,1117307,9730483.48,,,,historical_baseline,,fe33df9ae5456d8ee27133c42c244c81d150008ababc19399c7ed428638b57ea
4001,2025-05-11,8.68,8.72,8.65,8.66,1052807,9135512.1,,,,historical_baseline,,fe33df9ae5456d8ee27133c42c244c81d150008ababc19399c7ed428638b57ea
4001,2025-05-12,8.6,8.61,8.49,8.53,4960506,42332028.66,,,,historical_baseline,,fe33df9ae5456d8ee27133c42c244c81d150008ababc19399c7ed428638b57ea
4001,2025-05-13,8.52,8.52,8.41,8.44,2382377,20116066.08,,,,historical_baseline,,fe33df9ae5456d8ee27133c42c244c81d150008ababc19399c7ed428638b57ea
4001,2025-05-14,8.46,8.49,8.42,8.44,2390604,20210158.25,,,,historical_baseline,,fe33df9ae5456d8ee27133c42c244c81d150008ababc19399c7ed428638b57ea
4001,2025-05-15,8.44,8.44,8.34,8.36,3704468,30982349.75,,,,historical_baseline,,fe33df9ae5456d8ee27133c42c244c81d150008ababc19399c7ed428638b57ea
4001,2025-05-18,8.35,8.38,8.3,8.33,2201745,18335588.52,,,,historical_baseline,,fe33df9ae5456d8ee27133c42c244c81d150008ababc19399c7ed428638b57ea
4001,2025-05-19,8.33,8.38,8.28,8.3,2098222,17450360.76,,,,historical_baseline,,fe33df9ae5456d8ee27133c42c244c81d150008ababc19399c7ed428638b57ea
4001,2025-05-20,8.32,8.36,8.28,8.31,3318506,27571046.86,,,,historical_baseline,,fe33df9ae5456d8ee27133c42c244c81d150008ababc19399c7ed428638b57ea
4001,2025-05-21,8.29,8.35,8.26,8.29,2967323,24599066.23,,,,historical_baseline,,fe33df9ae5456d8ee27133c42c244c81d150008ababc19399c7ed428638b57ea
4001,2025-05-22,8.29,8.31,8.1,8.12,2933520,24053276.13,,,,historical_baseline,,fe33df9ae5456d8ee27133c42c244c81d150008ababc19399c7ed428638b57ea
4001,2025-05-25,8.12,8.21,8.11,8.15,1517957,12402791.0,,,,historical_baseline,,fe33df9ae5456d8ee27133c42c244c81d150008ababc19399c7ed428638b57ea
4001,2025-05-26,8.15,8.2,8.09,8.12,2029141,16489866.57,,,,historical_baseline,,fe33df9ae5456d8ee27133c42c244c81d150008ababc19399c7ed428638b57ea
4001,2025-05-27,8.15,8.19,8.03,8.03,3204359,26050504.75,,,,historical_baseline,,fe33df9ae5456d8ee27133c42c244c81d150008ababc19399c7ed428638b57ea
4001,2025-05-28,8.08,8.11,8.08,8.1,1483891,12012656.05,,,,historical_baseline,,fe33df9ae5456d8ee27133c42c244c81d150008ababc19399c7ed428638b57ea
4001,2025-05-29,8.13,8.19,8.07,8.07,3353063,27213412.51,,,,historical_baseline,,fe33df9ae5456d8ee27133c42c244c81d150008ababc19399c7ed428638b57ea
4002,2025-05-01,73.0,73.0,71.0,72.3,292497,21002038.1,,,,historical_baseline,,fe33df9ae5456d8ee27133c42c244c81d150008ababc19399c7ed428638b57ea
4002,2025-05-04,72.5,72.6,70.8,71.2,340697,24289106.8,,,,historical_baseline,,fe33df9ae5456d8ee27133c42c244c81d150008ababc19399c7ed428638b57ea
4002,2025-05-05,72.2,78.3,71.2,78.3,2491861,188472257.5,,,,historical_baseline,,fe33df9ae5456d8ee27133c42c244c81d150008ababc19399c7ed428638b57ea
4002,2025-05-06,77.2,79.0,75.7,75.7,964808,74364665.9,,,,historical_baseline,,fe33df9ae5456d8ee27133c42c244c81d150008ababc19399c7ed428638b57ea
4002,2025-05-07,75.7,77.8,75.4,76.4,911972,70105511.1,,,,historical_baseline,,fe33df9ae5456d8ee27133c42c244c81d150008ababc19399c7ed428638b57ea
4002,2025-05-08,77.0,77.0,75.2,76.4,515022,39183813.3,,,,historical_baseline,,fe33df9ae5456d8ee27133c42c244c81d150008ababc19399c7ed428638b57ea
4002,2025-05-11,76.4,80.0,76.2,78.3,967985,76049189.6,,,,historical_baseline,,fe33df9ae5456d8ee27133c42c244c81d150008ababc19399c7ed428638b57ea
4002,2025-05-12,78.3,80.0,78.1,78.6,617593,48783978.7,,,,historical_baseline,,fe33df9ae5456d8ee27133c42c244c81d150008ababc19399c7ed428638b57ea
4002,2025-05-13,78.9,79.0,77.5,78.2,469391,36713986.0,,,,historical_baseline,,fe33df9ae5456d8ee27133c42c244c81d150008ababc19399c7ed428638b57ea
4002,2025-05-14,78.6,78.6,77.2,77.6,323388,25170438.6,,,,historical_baseline,,fe33df9ae5456d8ee27133c42c244c81d150008ababc19399c7ed428638b57ea
4002,2025-05-15,77.7,77.7,76.4,76.7,382258,29436884.8,,,,historical_baseline,,fe33df9ae5456d8ee27133c42c244c81d150008ababc19399c7ed428638b57ea
4002,2025-05-18,76.7,77.2,75.0,75.7,398202,30238572.3,,,,historical_baseline,,fe33df9ae5456d8ee27133c42c244c81d150008ababc19399c7ed428638b57ea
4002,2025-05-19,75.7,76.5,75.3,76.0,365824,27768078.2,,,,historical_baseline,,fe33df9ae5456d8ee27133c42c244c81d150008ababc19399c7ed428638b57ea
4002,2025-05-20,75.0,76.4,75.0,76.1,686798,52009901.5,,,,historical_baseline,,fe33df9ae5456d8ee27133c42c244c81d150008ababc19399c7ed428638b57ea
4002,2025-05-21,76.1,76.1,73.4,73.4,536998,39976788.2,,,,historical_baseline,,fe33df9ae5456d8ee27133c42c244c81d150008ababc19399c7ed428638b57ea
4002,2025-05-22,73.5,74.5,73.1,74.5,289501,21423265.3,,,,historical_baseline,,fe33df9ae5456d8ee27133c42c244c81d150008ababc19399c7ed428638b57ea
4002,2025-05-25,74.6,74.6,73.0,73.7,235060,17309582.1,,,,historical_baseline,,fe33df9ae5456d8ee27133c42c244c81d150008ababc19399c7ed428638b57ea
4002,2025-05-26,73.5,74.7,73.4,74.1,281911,20847550.2,,,,historical_baseline,,fe33df9ae5456d8ee27133c42c244c81d150008ababc19399c7ed428638b57ea
4002,2025-05-27,74.2,74.3,72.4,72.5,454282,33325469.0,,,,historical_baseline,,fe33df9ae5456d8ee27133c42c244c81d150008ababc19399c7ed428638b57ea
4002,2025-05-28,73.0,75.6,73.0,73.5,331640,24704225.5,,,,historical_baseline,,fe33df9ae5456d8ee27133c42c244c81d150008ababc19399c7ed428638b57ea
4002,2025-05-29,74.4,74.5,72.6,72.6,528823,38627632.7,,,,historical_baseline,,fe33df9ae5456d8ee27133c42c244c81d150008ababc19399c7ed428638b57ea
4003,2025-05-01,93.3,93.6,91.2,91.6,217843,20050068.7,,,,historical_baseline,,fe33df9ae5456d8ee27133c42c244c81d150008ababc19399c7ed428638b57ea
4003,2025-05-04,91.8,92.4,91.6,91.6,55313,5079572.6,,,,historical_baseline,,fe33df9ae5456d8ee27133c42c244c81d150008ababc19399c7ed428638b57ea
4003,2025-05-05,91.3,92.0,90.6,90.8,247991,22579906.8,,,,historical_baseline,,fe33df9ae5456d8ee27133c42c244c81d150008ababc19399c7ed428638b57ea
4003,2025-05-06,91.0,91.0,89.8,90.9,224326,20325123.1,,,,historical_baseline,,fe33df9ae5456d8ee27133c42c244c81d150008ababc19399c7ed428638b57ea
4003,2025-05-07,90.9,91.3,90.2,90.9,146868,13329896.8,,,,historical_baseline,,fe33df9ae5456d8ee27133c42c244c81d150008ababc19399c7ed428638b57ea
4003,2025-05-08,90.8,92.2,90.5,90.9,216605,19760842.6,,,,historical_baseline,,fe33df9ae5456d8ee27133c42c244c81d150008ababc19399c7ed428638b57ea
4003,2025-05-11,91.3,92.3,91.3,91.7,80834,7413210.3,,,,historical_baseline,,fe33df9ae5456d8ee27133c42c244c81d150008ababc19399c7ed428638b57ea
4003,2025-05-12,91.8,92.4,90.3,90.8,264291,24093601.0,,,,historical_baseline,,fe33df9ae5456d8ee27133c42c244c81d150008ababc19399c7ed428638b57ea
4003,2025-05-13,91.0,91.4,90.6,91.0,163884,14904741.9,,,,historical_baseline,,fe33df9ae5456d8ee27133c42c244c81d150008ababc19399c7ed428638b57ea
4003,2025-05-14,91.5,91.5,90.3,91.0,262205,23796924.8,,,,historical_baseline,,fe33df9ae5456d8ee27133c42c244c81d150008ababc19399c7ed428638b57ea
4003,2025-05-15,90.6,90.6,89.5,90.2,230302,20739219.8,,,,historical_baseline,,fe33df9ae5456d8ee27133c42c244c81d150008ababc19399c7ed428638b57ea
4003,2025-05-18,90.2,90.4,89.6,90.1,101765,9159774.4,,,,historical_baseline,,fe33df9ae5456d8ee27133c42c244c81d150008ababc19399c7ed428638b57ea
4003,2025-05-19,89.9,90.0,85.8,85.9,665979,58140819.9,,,,historical_baseline,,fe33df9ae5456d8ee27133c42c244c81d150008ababc19399c7ed428638b57ea
4003,2025-05-20,86.6,88.1,85.5,87.3,762870,66514177.1,,,,historical_baseline,,fe33df9ae5456d8ee27133c42c244c81d150008ababc19399c7ed428638b57ea
4003,2025-05-21,87.6,88.0,86.4,86.9,325066,28298815.2,,,,historical_baseline,,fe33df9ae5456d8ee27133c42c244c81d150008ababc19399c7ed428638b57ea
4003,2025-05-22,86.6,87.1,85.8,86.5,372049,32042247.4,,,,historical_baseline,,fe33df9ae5456d8ee27133c42c244c81d150008ababc19399c7ed428638b57ea
4003,2025-05-25,86.7,87.2,86.1,86.6,102374,8864951.3,,,,historical_baseline,,fe33df9ae5456d8ee27133c42c244c81d150008ababc19399c7ed428638b57ea
4003,2025-05-26,86.2,87.3,85.7,86.3,161120,13911365.3,,,,historical_baseline,,fe33df9ae5456d8ee27133c42c244c81d150008ababc19399c7ed428638b57ea
4003,2025-05-27,86.3,86.7,84.4,85.0,335701,28629356.5,,,,historical_baseline,,fe33df9ae5456d8ee27133c42c244c81d150008ababc19399c7ed428638b57ea
4003,2025-05-28,85.3,87.3,85.3,87.1,251279,21779777.6,,,,historical_baseline,,fe33df9ae5456d8ee27133c42c244c81d150008ababc19399c7ed428638b57ea
4003,2025-05-29,87.1,87.6,86.2,86.9,338880,29388383.2,,,,historical_baseline,,fe33df9ae5456d8ee27133c42c244c81d150008ababc19399c7ed428638b57ea
4004,2025-05-01,122.8,122.8,119.8,120.6,69508,8401861.6,,,,historical_baseline,,fe33df9ae5456d8ee27133c42c244c81d150008ababc19399c7ed428638b57ea
4004,2025-05-04,119.8,121.0,119.2,119.8,19593,2349966.8,,,,historical_baseline,,fe33df9ae5456d8ee27133c42c244c81d150008ababc19399c7ed428638b57ea
4004,2025-05-05,119.4,120.6,118.2,118.8,118771,14161217.2,,,,historical_baseline,,fe33df9ae5456d8ee27133c42c244c81d150008ababc19399c7ed428638b57ea
4004,2025-05-06,119.4,120.4,117.8,119.8,107179,12765624.0,,,,historical_baseline,,fe33df9ae5456d8ee27133c42c244c81d150008ababc19399c7ed428638b57ea
4004,2025-05-07,119.8,120.0,117.2,117.4,60172,7106099.4,,,,historical_baseline,,fe33df9ae5456d8ee27133c42c244c81d150008ababc19399c7ed428638b57ea
4004,2025-05-08,118.0,118.6,116.0,118.6,70723,8274560.0,,,,historical_baseline,,fe33df9ae5456d8ee27133c42c244c81d150008ababc19399c7ed428638b57ea
4004,2025-05-11,120.0,120.0,118.0,118.8,57477,6834174.0,,,,historical_baseline,,fe33df9ae5456d8ee27133c42c244c81d150008ababc19399c7ed428638b57ea
4004,2025-05-12,118.8,121.0,118.8,120.0,110714,13292787.6,,,,historical_baseline,,fe33df9ae5456d8ee27133c42c244c81d150008ababc19399c7ed428638b57ea
4004,2025-05-13,121.8,121.8,119.8,120.6,102067,12325388.4,,,,historical_baseline,,fe33df9ae5456d8ee27133c42c244c81d150008ababc19399c7ed428638b57ea
4004,2025-05-14,121.6,122.0,118.6,118.6,109475,13119561.0,,,,historical_baseline,,fe33df9ae5456d8ee27133c42c244c81d150008ababc19399c7ed428638b57ea
4004,2025-05-15,119.0,119.4,117.0,117.0,86761,10259601.8,,,,historical_baseline,,fe33df9ae5456d8ee27133c42c244c81d150008ababc19399c7ed428638b57ea
4004,2025-05-18,117.2,119.4,117.2,119.4,23182,2733136.0,,,,historical_baseline,,fe33df9ae5456d8ee27133c42c244c81d150008ababc19399c7ed428638b57ea
4004,2025-05-19,119.2,120.6,117.4,118.8,69185,8204176.8,,,,historical_baseline,,fe33df9ae5456d8ee27133c42c244c81d150008ababc19399c7ed428638b57ea
4004,2025-05-20,117.8,118.8,116.6,116.6,84547,9916058.6,,,,historical_baseline,,fe33df9ae5456d8ee27133c42c244c81d150008ababc19399c7ed428638b57ea
4004,2025-05-21,117.8,118.0,116.0,116.2,66984,7819311.6,,,,historical_baseline,,fe33df9ae5456d8ee27133c42c244c81d150008ababc19399c7ed428638b57ea
4004,2025-05-22,116.2,118.4,115.0,118.0,83471,9796539.4,,,,historical_baseline,,fe33df9ae5456d8ee27133c42c244c81d150008ababc19399c7ed428638b57ea
4004,2025-05-25,118.0,121.0,117.0,120.0,136605,16299429.8,,,,historical_baseline,,fe33df9ae5456d8ee27133c42c244c81d150008ababc19399c7ed428638b57ea
4004,2025-05-26,119.6,120.4,117.8,120.4,95667,11411557.8,,,,historical_baseline,,fe33df9ae5456d8ee27133c42c244c81d150008ababc19399c7ed428638b57ea
4004,2025-05-27,119.8,119.8,116.6,117.0,60982,7209120.6,,,,historical_baseline,,fe33df9ae5456d8ee27133c42c244c81d150008ababc19399c7ed428638b57ea
4004,2025-05-28,117.0,118.2,116.4,117.4,117373,13793872.6,,,,historical_baseline,,fe33df9ae5456d8ee27133c42c244c81d150008ababc19399c7ed428638b57ea
4004,2025-05-29,119.0,120.0,117.4,118.6,195143,23185110.0,,,,historical_baseline,,fe33df9ae5456d8ee27133c42c244c81d150008ababc19399c7ed428638b57ea
4005,2025-05-01,149.4,149.4,147.0,147.4,49534,7333010.2,,,,historical_baseline,,fe33df9ae5456d8ee27133c42c244c81d150008ababc19399c7ed428638b57ea
4005,2025-05-04,146.8,148.6,145.4,146.2,31352,4594454.6,,,,historical_baseline,,fe33df9ae5456d8ee27133c42c244c81d150008ababc19399c7ed428638b57ea
4005,2025-05-05,145.2,147.2,142.0,145.2,138982,20002354.0,,,,historical_baseline,,fe33df9ae5456d8ee27133c42c244c81d150008ababc19399c7ed428638b57ea
4005,2025-05-06,145.2,147.6,144.8,147.0,27560,4030719.4,,,,historical_baseline,,fe33df9ae5456d8ee27133c42c244c81d150008ababc19399c7ed428638b57ea
4005,2025-05-07,147.2,147.2,144.0,145.4,35022,5070561.6,,,,historical_baseline,,fe33df9ae5456d8ee27133c42c244c81d150008ababc19399c7ed428638b57ea
4005,2025-05-08,145.2,145.2,139.4,142.0,109495,15470730.8,,,,historical_baseline,,fe33df9ae5456d8ee27133c42c244c81d150008ababc19399c7ed428638b57ea
4005,2025-05-11,148.0,150.6,144.6,149.0,197215,29149743.4,,,,historical_baseline,,fe33df9ae5456d8ee27133c42c244c81d150008ababc19399c7ed428638b57ea
4005,2025-05-12,149.0,158.0,149.0,157.2,399931,62149773.0,,,,historical_baseline,,fe33df9ae5456d8ee27133c42c244c81d150008ababc19399c7ed428638b57ea
4005,2025-05-13,158.2,164.8,158.2,163.8,250909,40599634.6,,,,historical_baseline,,fe33df9ae5456d8ee27133c42c244c81d150008ababc19399c7ed428638b57ea
4005,2025-05-14,165.8,167.4,159.0,162.4,193565,31429586.8,,,,historical_baseline,,fe33df9ae5456d8ee27133c42c244c81d150008ababc19399c7ed428638b57ea
4005,2025-05-15,168.0,168.0,162.4,166.2,188080,31197023.6,,,,historical_baseline,,fe33df9ae5456d8ee27133c42c244c81d150008ababc19399c7ed428638b57ea
4005,2025-05-18,166.0,168.8,165.0,165.4,88561,14742149.4,,,,historical_baseline,,fe33df9ae5456d8ee27133c42c244c81d150008ababc19399c7ed428638b57ea
4005,2025-05-19,165.4,167.6,163.8,164.6,72364,12010330.2,,,,historical_baseline,,fe33df9ae5456d8ee27133c42c244c81d150008ababc19399c7ed428638b57ea
4005,2025-05-20,161.0,170.0,161.0,168.0,153112,25414579.2,,,,historical_baseline,,fe33df9ae5456d8ee27133c42c244c81d150008ababc19399c7ed428638b57ea
4005,2025-05-21,167.0,168.8,162.6,166.4,73468,12190076.0,,,,historical_baseline,,fe33df9ae5456d8ee27133c42c244c81d150008ababc19399c7ed428638b57ea
4005,2025-05-22,168.0,168.0,161.8,163.8,63847,10433511.8,,,,historical_baseline,,fe33df9ae5456d8ee27133c42c244c81d150008ababc19399c7ed428638b57ea
4005,2025-05-25,166.8,166.8,159.2,159.2,38777,6242491.8,,,,historical_baseline,,fe33df9ae5456d8ee27133c42c244c81d150008ababc19399c7ed428638b57ea
4005,2025-05-26,164.2,164.2,159.2,159.2,15633,2515357.8,,,,historical_baseline,,fe33df9ae5456d8ee27133c42c244c81d150008ababc19399c7ed428638b57ea
4005,2025-05-27,161.0,161.0,156.2,158.0,36668,5783079.6,,,,historical_baseline,,fe33df9ae5456d8ee27133c42c244c81d150008ababc19399c7ed428638b57ea
4005,2025-05-28,158.0,162.8,156.8,161.0,49390,7932348.6,,,,historical_baseline,,fe33df9ae5456d8ee27133c42c244c81d150008ababc19399c7ed428638b57ea
4005,2025-05-29,161.0,165.0,159.6,165.0,48661,7924141.0,,,,historical_baseline,,fe33df9ae5456d8ee27133c42c244c81d150008ababc19399c7ed428638b57ea
4006,2025-05-01,20.46,20.46,20.18,20.32,75514,1530908.4,,,,historical_baseline,,fe33df9ae5456d8ee27133c42c244c81d150008ababc19399c7ed428638b57ea
4006,2025-05-04,20.32,20.44,20.12,20.12,56006,1138014.16,,,,historical_baseline,,fe33df9ae5456d8ee27133c42c244c81d150008ababc19399c7ed428638b57ea
4006,2025-05-05,20.0,20.28,19.92,20.28,59629,1200322.06,,,,historical_baseline,,fe33df9ae5456d8ee27133c42c244c81d150008ababc19399c7ed428638b57ea
4006,2025-05-06,20.28,20.28,19.98,20.06,35324,709832.44,,,,historical_baseline,,fe33df9ae5456d8ee27133c42c244c81d150008ababc19399c7ed428638b57ea
4006,2025-05-07,20.16,20.16,19.82,19.9,41288,824015.96,,,,historical_baseline,,fe33df9ae5456d8ee27133c42c244c81d150008ababc19399c7ed428638b57ea
4006,2025-05-08,19.98,19.98,19.6,19.6,38605,760949.18,,,,historical_baseline,,fe33df9ae5456d8ee27133c42c244c81d150008ababc19399c7ed428638b57ea
4006,2025-05-11,19.5,19.78,19.34,19.78,80221,1559459.48,,,,historical_baseline,,fe33df9ae5456d8ee27133c42c244c81d150008ababc19399c7ed428638b57ea
4006,2025-05-12,19.78,20.58,19.6,20.58,63789,1279261.42,,,,historical_baseline,,fe33df9ae5456d8ee27133c42c244c81d150008ababc19399c7ed428638b57ea
4006,2025-05-13,20.2,20.32,20.0,20.06,114554,2306082.88,,,,historical_baseline,,fe33df9ae5456d8ee27133c42c244c81d150008ababc19399c7ed428638b57ea
4006,2025-05-14,19.8,19.98,19.64,19.8,64490,1275606.8,,,,historical_baseline,,fe33df9ae5456d8ee27133c42c244c81d150008ababc19399c7ed428638b57ea
4006,2025-05-15,19.8,19.8,19.42,19.68,44645,872829.7,,,,historical_baseline,,fe33df9ae5456d8ee27133c42c244c81d150008ababc19399c7ed428638b57ea
4006,2025-05-18,19.8,19.8,19.48,19.48,36583,715655.24,,,,historical_baseline,,fe33df9ae5456d8ee27133c42c244c81d150008ababc19399c7ed428638b57ea
4006,2025-05-19,19.46,19.6,19.1,19.44,50366,978798.4,,,,historical_baseline,,fe33df9ae5456d8ee27133c42c244c81d150008ababc19399c7ed428638b57ea
4006,2025-05-20,19.38,19.48,19.24,19.36,25913,501902.22,,,,historical_baseline,,fe33df9ae5456d8ee27133c42c244c81d150008ababc19399c7ed428638b57ea
4006,2025-05-21,19.3,19.3,18.8,18.9,74717,1415427.9,,,,historical_baseline,,fe33df9ae5456d8ee27133c42c244c81d150008ababc19399c7ed428638b57ea
4006,2025-05-22,18.8,19.28,18.64,19.0,49030,934061.68,,,,historical_baseline,,fe33df9ae5456d8ee27133c42c244c81d150008ababc19399c7ed428638b57ea
4006,2025-05-25,19.0,19.0,18.8,18.98,22045,416227.54,,,,historical_baseline,,fe33df9ae5456d8ee27133c42c244c81d150008ababc19399c7ed428638b57ea
4006,2025-05-26,19.0,19.0,18.66,18.8,11147,209705.6,,,,historical_baseline,,fe33df9ae5456d8ee27133c42c244c81d150008ababc19399c7ed428638b57ea
4006,2025-05-27,18.9,18.9,18.24,18.6,37169,686019.62,,,,historical_baseline,,fe33df9ae5456d8ee27133c42c244c81d150008ababc19399c7ed428638b57ea
4006,2025-05-28,18.78,18.8,18.48,18.68,50239,934903.6,,,,historical_baseline,,fe33df9ae5456d8ee27133c42c244c81d150008ababc19399c7ed428638b57ea
4006,2025-05-29,18.74,18.82,18.54,18.54,33711,628553.1,,,,historical_baseline,,fe33df9ae5456d8ee27133c42c244c81d150008ababc19399c7ed428638b57ea
4007,2025-05-01,40.15,40.25,39.9,40.1,232802,9317979.7,,,,historical_baseline,,fe33df9ae5456d8ee27133c42c244c81d150008ababc19399c7ed428638b57ea
4007,2025-05-04,40.05,40.5,39.65,39.65,125416,5006661.8,,,,historical_baseline,,fe33df9ae5456d8ee27133c42c244c81d150008ababc19399c7ed428638b57ea
4007,2025-05-05,39.7,40.0,39.45,39.7,663267,26285835.6,,,,historical_baseline,,fe33df9ae5456d8ee27133c42c244c81d150008ababc19399c7ed428638b57ea
4007,2025-05-06,39.85,40.0,39.2,39.2,232455,9198604.1,,,,historical_baseline,,fe33df9ae5456d8ee27133c42c244c81d150008ababc19399c7ed428638b57ea
4007,2025-05-07,39.15,39.55,39.05,39.5,126863,4991202.65,,,,historical_baseline,,fe33df9ae5456d8ee27133c42c244c81d150008ababc19399c7ed428638b57ea
4007,2025-05-08,39.7,39.7,38.7,38.7,228174,8896176.45,,,,historical_baseline,,fe33df9ae5456d8ee27133c42c244c81d150008ababc19399c7ed428638b57ea
4007,2025-05-11,39.0,39.35,38.75,39.0,123260,4813138.8,,,,historical_baseline,,fe33df9ae5456d8ee27133c42c244c81d150008ababc19399c7ed428638b57ea
4007,2025-05-12,39.3,40.45,39.2,40.2,538348,21548742.75,,,,historical_baseline,,fe33df9ae5456d8ee27133c42c244c81d150008ababc19399c7ed428638b57ea
4007,2025-05-13,40.4,40.4,39.6,40.0,445064,17769146.65,,,,historical_baseline,,fe33df9ae5456d8ee27133c42c244c81d150008ababc19399c7ed428638b57ea
4007,2025-05-14,40.05,40.3,39.85,39.9,227998,9119940.65,,,,historical_baseline,,fe33df9ae5456d8ee27133c42c244c81d150008ababc19399c7ed428638b57ea
4007,2025-05-15,39.95,39.95,39.35,39.55,234300,9275294.5,,,,historical_baseline,,fe33df9ae5456d8ee27133c42c244c81d150008ababc19399c7ed428638b57ea
4007,2025-05-18,39.55,39.8,39.35,39.45,136644,5396946.15,,,,historical_baseline,,fe33df9ae5456d8ee27133c42c244c81d150008ababc19399c7ed428638b57ea
4007,2025-05-19,39.0,39.5,39.0,39.1,198502,7775866.6,,,,historical_baseline,,fe33df9ae5456d8ee27133c42c244c81d150008ababc19399c7ed428638b57ea
4007,2025-05-20,39.0,39.05,38.4,38.4,372867,14367801.9,,,,historical_baseline,,fe33df9ae5456d8ee27133c42c244c81d150008ababc19399c7ed428638b57ea
4007,2025-05-21,38.4,38.5,37.7,37.7,368074,13984709.1,,,,historical_baseline,,fe33df9ae5456d8ee27133c42c244c81d150008ababc19399c7ed428638b57ea
4007,2025-05-22,37.75,38.0,37.65,37.7,194112,7338162.9,,,,historical_baseline,,fe33df9ae5456d8ee27133c42c244c81d150008ababc19399c7ed428638b57ea
4007,2025-05-25,37.7,38.05,37.35,37.7,155996,5879316.1,,,,historical_baseline,,fe33df9ae5456d8ee27133c42c244c81d150008ababc19399c7ed428638b57ea
4007,2025-05-26,37.7,38.0,36.95,37.5,360894,13492096.4,,,,historical_baseline,,fe33df9ae5456d8ee27133c42c244c81d150008ababc19399c7ed428638b57ea
4007,2025-05-27,37.3,37.45,35.9,36.35,495472,18067532.9,,,,historical_baseline,,fe33df9ae5456d8ee27133c42c244c81d150008ababc19399c7ed428638b57ea
4007,2025-05-28,36.5,37.45,36.5,37.3,166836,6188054.2,,,,historical_baseline,,fe33df9ae5456d8ee27133c42c244c81d150008ababc19399c7ed428638b57ea
4007,2025-05-29,37.5,37.9,37.0,37.35,249603,9344299.7,,,,historical_baseline,,fe33df9ae5456d8ee27133c42c244c81d150008ababc19399c7ed428638b57ea
4008,2025-05-01,31.15,31.55,31.0,31.25,59923,1867777.1,,,,historical_baseline,,fe33df9ae5456d8ee27133c42c244c81d150008ababc19399c7ed428638b57ea
4008,2025-05-04,31.1,31.65,31.05,31.05,24146,754317.3,,,,historical_baseline,,fe33df9ae5456d8ee27133c42c244c81d150008ababc19399c7ed428638b57ea
4008,2025-05-05,31.1,32.0,30.95,31.9,113090,3566569.75,,,,historical_baseline,,fe33df9ae5456d8ee27133c42c244c81d150008ababc19399c7ed428638b57ea
4008,2025-05-06,31.9,32.0,31.1,31.5,61410,1934742.6,,,,historical_baseline,,fe33df9ae5456d8ee27133c42c244c81d150008ababc19399c7ed428638b57ea
4008,2025-05-07,31.2,31.45,30.8,30.9,53744,1670538.8,,,,historical_baseline,,fe33df9ae5456d8ee27133c42c244c81d150008ababc19399c7ed428638b57ea
4008,2025-05-08,30.85,31.0,30.6,30.95,57806,1779166.1,,,,historical_baseline,,fe33df9ae5456d8ee27133c42c244c81d150008ababc19399c7ed428638b57ea
4008,2025-05-11,31.1,31.25,30.0,30.6,80327,2449851.35,,,,historical_baseline,,fe33df9ae5456d8ee27133c42c244c81d150008ababc19399c7ed428638b57ea
4008,2025-05-12,30.75,31.55,30.6,31.4,92042,2853926.5,,,,historical_baseline,,fe33df9ae5456d8ee27133c42c244c81d150008ababc19399c7ed428638b57ea
4008,2025-05-13,31.5,31.5,30.9,31.2,74983,2333080.45,,,,historical_baseline,,fe33df9ae5456d8ee27133c42c244c81d150008ababc19399c7ed428638b57ea
4008,2025-05-14,31.2,31.95,31.05,31.8,106032,3346149.25,,,,historical_baseline,,fe33df9ae5456d8ee27133c42c244c81d150008ababc19399c7ed428638b57ea
4008,2025-05-15,31.9,32.6,31.3,32.2,491994,15748258.7,,,,historical_baseline,,fe33df9ae5456d8ee27133c42c244c81d150008ababc19399c7ed428638b57ea
4008,2025-05-18,33.05,34.4,32.25,32.3,1087460,36270122.35,,,,historical_baseline,,fe33df9ae5456d8ee27133c42c244c81d150008ababc19399c7ed428638b57ea
4008,2025-05-19,32.35,32.5,30.8,31.0,355529,11212036.35,,,,historical_baseline,,fe33df9ae5456d8ee27133c42c244c81d150008ababc19399c7ed428638b57ea
4008,2025-05-20,31.0,31.65,31.0,31.3,178442,5577194.35,,,,historical_baseline,,fe33df9ae5456d8ee27133c42c244c81d150008ababc19399c7ed428638b57ea
4008,2025-05-21,31.3,31.55,30.45,30.55,147873,4564709.95,,,,historical_baseline,,fe33df9ae5456d8ee27133c42c244c81d150008ababc19399c7ed428638b57ea
4008,2025-05-22,30.55,31.0,30.2,30.75,142993,4388057.15,,,,historical_baseline,,fe33df9ae5456d8ee27133c42c244c81d150008ababc19399c7ed428638b57ea
4008,2025-05-25,30.55,30.85,29.2,29.4,245886,7428184.45,,,,historical_baseline,,fe33df9ae5456d8ee27133c42c244c81d150008ababc19399c7ed428638b57ea
4008,2025-05-26,29.4,29.85,28.3,28.9,233675,6771097.75,,,,historical_baseline,,fe33df9ae5456d8ee27133c42c244c81d150008ababc19399c7ed428638b57ea
4008,2025-05-27,29.3,29.3,28.05,28.05,109973,3125641.45,,,,historical_baseline,,fe33df9ae5456d8ee27133c42c244c81d150008ababc19399c7ed428638b57ea
4008,2025-05-28,28.05,28.95,28.05,28.65,119761,3428446.9,,,,historical_baseline,,fe33df9ae5456d8ee27133c42c244c81d150008ababc19399c7ed428638b57ea
4008,2025-05-29,28.75,29.2,28.5,28.85,96107,2771917.3,,,,historical_baseline,,fe33df9ae5456d8ee27133c42c244c81d150008ababc19399c7ed428638b57ea
4009,2025-05-01,69.6,70.0,67.8,69.0,254519,17475495.3,,,,historical_baseline,,fe33df9ae5456d8ee27133c42c244c81d150008ababc19399c7ed428638b57ea
4009,2025-05-04,68.1,68.8,66.9,68.5,202396,13753313.7,,,,historical_baseline,,fe33df9ae5456d8ee27133c42c244c81d150008ababc19399c7ed428638b57ea
4009,2025-05-05,68.6,69.3,67.2,69.1,349160,23877898.4,,,,historical_baseline,,fe33df9ae5456d8ee27133c42c244c81d150008ababc19399c7ed428638b57ea
4009,2025-05-06,69.2,71.8,69.1,71.2,637807,45085045.9,,,,historical_baseline,,fe33df9ae5456d8ee27133c42c244c81d150008ababc19399c7ed428638b57ea
4009,2025-05-07,71.2,71.4,70.0,70.7,230634,16311529.0,,,,historical_baseline,,fe33df9ae5456d8ee27133c42c244c81d150008ababc19399c7ed428638b57ea
4009,2025-05-08,69.0,69.0,64.3,64.4,1205813,78853284.0,,,,historical_baseline,,fe33df9ae5456d8ee27133c42c244c81d150008ababc19399c7ed428638b57ea
4009,2025-05-11,64.3,65.2,63.4,63.6,356370,22911569.5,,,,historical_baseline,,fe33df9ae5456d8ee27133c42c244c81d150008ababc19399c7ed428638b57ea
4009,2025-05-12,64.2,65.0,63.7,64.0,438974,28195394.2,,,,historical_baseline,,fe33df9ae5456d8ee27133c42c244c81d150008ababc19399c7ed428638b57ea
4009,2025-05-13,64.3,65.4,64.0,65.0,320767,20783422.9,,,,historical_baseline,,fe33df9ae5456d8ee27133c42c244c81d150008ababc19399c7ed428638b57ea
4009,2025-05-14,65.3,65.4,63.9,64.0,255554,16438837.3,,,,historical_baseline,,fe33df9ae5456d8ee27133c42c244c81d150008ababc19399c7ed428638b57ea
4009,2025-05-15,64.0,64.0,62.7,63.3,215203,13587553.4,,,,historical_baseline,,fe33df9ae5456d8ee27133c42c244c81d150008ababc19399c7ed428638b57ea
4009,2025-05-18,63.1,63.5,62.4,62.7,122587,7700558.9,,,,historical_baseline,,fe33df9ae5456d8ee27133c42c244c81d150008ababc19399c7ed428638b57ea
4009,2025-05-19,62.1,62.5,61.5,62.4,163236,10142421.0,,,,historical_baseline,,fe33df9ae5456d8ee27133c42c244c81d150008ababc19399c7ed428638b57ea
4009,2025-05-20,62.6,62.6,61.7,62.2,191953,11894174.5,,,,historical_baseline,,fe33df9ae5456d8ee27133c42c244c81d150008ababc19399c7ed428638b57ea
4009,2025-05-21,62.8,62.8,60.8,61.1,317416,19464689.5,,,,historical_baseline,,fe33df9ae5456d8ee27133c42c244c81d150008ababc19399c7ed428638b57ea
4009,2025-05-22,60.4,60.9,59.9,60.6,226779,13686907.9,,,,historical_baseline,,fe33df9ae5456d8ee27133c42c244c81d150008ababc19399c7ed428638b57ea
4009,2025-05-25,60.2,60.5,58.9,59.8,271505,16128491.1,,,,historical_baseline,,fe33df9ae5456d8ee27133c42c244c81d150008ababc19399c7ed428638b57ea
4009,2025-05-26,59.7,60.1,58.3,59.0,228938,13519416.2,,,,historical_baseline,,fe33df9ae5456d8ee27133c42c244c81d150008ababc19399c7ed428638b57ea
4009,2025-05-27,58.8,58.8,57.0,57.0,129992,7509361.7,,,,historical_baseline,,fe33df9ae5456d8ee27133c42c244c81d150008ababc19399c7ed428638b57ea
4009,2025-05-28,57.5,60.1,56.8,59.5,201079,11874284.7,,,,historical_baseline,,fe33df9ae5456d8ee27133c42c244c81d150008ababc19399c7ed428638b57ea
4009,2025-05-29,59.7,60.7,59.4,60.4,102126,6139222.9,,,,historical_baseline,,fe33df9ae5456d8ee27133c42c244c81d150008ababc19399c7ed428638b57ea
4011,2025-05-01,13.14,13.22,12.96,13.08,212895,2782540.24,,,,historical_baseline,,fe33df9ae5456d8ee27133c42c244c81d150008ababc19399c7ed428638b57ea
4011,2025-05-04,13.08,13.12,12.84,12.9,176402,2284906.2,,,,historical_baseline,,fe33df9ae5456d8ee27133c42c244c81d150008ababc19399c7ed428638b57ea
4011,2025-05-05,12.9,13.22,12.76,13.12,198774,2585192.96,,,,historical_baseline,,fe33df9ae5456d8ee27133c42c244c81d150008ababc19399c7ed428638b57ea
4011,2025-05-06,13.16,13.2,12.84,12.88,113101,1469399.22,,,,historical_baseline,,fe33df9ae5456d8ee27133c42c244c81d150008ababc19399c7ed428638b57ea
4011,2025-05-07,12.96,12.96,12.76,12.8,107204,1376593.9,,,,historical_baseline,,fe33df9ae5456d8ee27133c42c244c81d150008ababc19399c7ed428638b57ea
4011,2025-05-08,12.72,12.84,12.72,12.78,57500,734310.66,,,,historical_baseline,,fe33df9ae5456d8ee27133c42c244c81d150008ababc19399c7ed428638b57ea
4011,2025-05-11,12.78,12.84,12.62,12.72,84019,1071352.32,,,,historical_baseline,,fe33df9ae5456d8ee27133c42c244c81d150008ababc19399c7ed428638b57ea
4011,2025-05-12,12.8,13.08,12.78,13.08,161520,2089518.58,,,,historical_baseline,,fe33df9ae5456d8ee27133c42c244c81d150008ababc19399c7ed428638b57ea
4011,2025-05-13,13.12,13.14,12.88,12.98,145890,1894749.88,,,,historical_baseline,,fe33df9ae5456d8ee27133c42c244c81d150008ababc19399c7ed428638b57ea
4011,2025-05-14,13.0,13.06,12.92,13.02,188941,2455884.7,,,,historical_baseline,,fe33df9ae5456d8ee27133c42c244c81d150008ababc19399c7ed428638b57ea
4011,2025-05-15,13.0,13.0,12.7,12.74,174083,2231847.68,,,,historical_baseline,,fe33df9ae5456d8ee27133c42c244c81d150008ababc19399c7ed428638b57ea
4011,2025-05-18,12.8,12.88,12.72,12.8,72067,919829.36,,,,historical_baseline,,fe33df9ae5456d8ee27133c42c244c81d150008ababc19399c7ed428638b57ea
4011,2025-05-19,12.8,13.02,12.7,12.96,237753,3055229.68,,,,historical_baseline,,fe33df9ae5456d8ee27133c42c244c81d150008ababc19399c7ed428638b57ea
4011,2025-05-20,12.94,12.94,12.76,12.86,183087,2351706.86,,,,historical_baseline,,fe33df9ae5456d8ee27133c42c244c81d150008ababc19399c7ed428638b57ea
4011,2025-05-21,12.86,12.92,12.72,12.8,91673,1172987.94,,,,historical_baseline,,fe33df9ae5456d8ee27133c42c244c81d150008ababc19399c7ed428638b57ea
4011,2025-05-22,12.8,12.82,12.5,12.56,155437,1968776.82,,,,historical_baseline,,fe33df9ae5456d8ee27133c42c244c81d150008ababc19399c7ed428638b57ea
4011,2025-05-25,12.52,12.6,12.4,12.4,83800,1046244.16,,,,historical_baseline,,fe33df9ae5456d8ee27133c42c244c81d150008ababc19399c7ed428638b57ea
4011,2025-05-26,12.4,12.46,12.12,12.44,139170,1711218.06,,,,historical_baseline,,fe33df9ae5456d8ee27133c42c244c81d150008ababc19399c7ed428638b57ea
4011,2025-05-27,12.54,12.54,12.2,12.36,61955,760862.76,,,,historical_baseline,,fe33df9ae5456d8ee27133c42c244c81d150008ababc19399c7ed428638b57ea
4011,2025-05-28,12.34,12.58,12.34,12.56,120618,1503113.24,,,,historical_baseline,,fe33df9ae5456d8ee27133c42c244c81d150008ababc19399c7ed428638b57ea
4011,2025-05-29,12.56,12.9,12.48,12.64,113697,1436634.18,,,,historical_baseline,,fe33df9ae5456d8ee27133c42c244c81d150008ababc19399c7ed428638b57ea
4012,2025-05-01,4.02,4.03,3.98,4.03,396290,1583589.97,,,,historical_baseline,,fe33df9ae5456d8ee27133c42c244c81d150008ababc19399c7ed428638b57ea
4012,2025-05-04,4.03,4.04,3.97,3.98,321821,1288161.54,,,,historical_baseline,,fe33df9ae5456d8ee27133c42c244c81d150008ababc19399c7ed428638b57ea
4012,2025-05-05,3.97,4.02,3.95,4.02,559137,2221903.78,,,,historical_baseline,,fe33df9ae5456d8ee27133c42c244c81d150008ababc19399c7ed428638b57ea
4012,2025-05-06,4.02,4.03,3.95,3.95,350694,1398138.14,,,,historical_baseline,,fe33df9ae5456d8ee27133c42c244c81d150008ababc19399c7ed428638b57ea
4012,2025-05-07,3.96,4.16,3.95,4.0,1809413,7351091.34,,,,historical_baseline,,fe33df9ae5456d8ee27133c42c244c81d150008ababc19399c7ed428638b57ea
4012,2025-05-08,4.0,4.04,3.96,3.96,534093,2134977.72,,,,historical_baseline,,fe33df9ae5456d8ee27133c42c244c81d150008ababc19399c7ed428638b57ea
4012,2025-05-11,4.27,4.27,4.06,4.13,3698249,15327006.52,,,,historical_baseline,,fe33df9ae5456d8ee27133c42c244c81d150008ababc19399c7ed428638b57ea
4012,2025-05-12,4.09,4.25,4.09,4.21,3081111,12915524.08,,,,historical_baseline,,fe33df9ae5456d8ee27133c42c244c81d150008ababc19399c7ed428638b57ea
4012,2025-05-13,4.21,4.23,4.18,4.19,949248,3983787.49,,,,historical_baseline,,fe33df9ae5456d8ee27133c42c244c81d150008ababc19399c7ed428638b57ea
4012,2025-05-14,4.21,4.3,4.2,4.25,2132221,9067694.46,,,,historical_baseline,,fe33df9ae5456d8ee27133c42c244c81d150008ababc19399c7ed428638b57ea
4012,2025-05-15,4.25,4.25,4.17,4.17,681492,2856379.26,,,,historical_baseline,,fe33df9ae5456d8ee27133c42c244c81d150008ababc19399c7ed428638b57ea
4012,2025-05-18,4.28,4.28,4.17,4.17,649873,2729956.11,,,,historical_baseline,,fe33df9ae5456d8ee27133c42c244c81d150008ababc19399c7ed428638b57ea
4012,2025-05-19,4.15,4.2,4.15,4.18,502765,2097785.22,,,,historical_baseline,,fe33df9ae5456d8ee27133c42c244c81d150008ababc19399c7ed428638b57ea
4012,2025-05-20,4.18,4.2,4.14,4.17,366914,1530675.92,,,,historical_baseline,,fe33df9ae5456d8ee27133c42c244c81d150008ababc19399c7ed428638b57ea
4012,2025-05-21,4.16,4.18,4.11,4.12,388400,1607556.38,,,,historical_baseline,,fe33df9ae5456d8ee27133c42c244c81d150008ababc19399c7ed428638b57ea
4012,2025-05-22,4.1,4.14,4.1,4.13,391651,1612765.57,,,,historical_baseline,,fe33df9ae5456d8ee27133c42c244c81d150008ababc19399c7ed428638b57ea
4012,2025-05-25,4.18,4.18,4.03,4.03,840593,3424175.23,,,,historical_baseline,,fe33df9ae5456d8ee27133c42c244c81d150008ababc19399c7ed428638b57ea
4012,2025-05-26,4.0,4.08,3.91,3.98,1423708,5668716.33,,,,historical_baseline,,fe33df9ae5456d8ee27133c42c244c81d150008ababc19399c7ed428638b57ea
4012,2025-05-27,3.98,4.01,3.92,3.96,514051,2037504.77,,,,historical_baseline,,fe33df9ae5456d8ee27133c42c244c81d150008ababc19399c7ed428638b57ea
4012,2025-05-28,4.0,4.03,3.97,3.98,501782,2007350.07,,,,historical_baseline,,fe33df9ae5456d8ee27133c42c244c81d150008ababc19399c7ed428638b57ea
4012,2025-05-29,4.0,4.05,3.96,4.02,675575,2701864.62,,,,historical_baseline,,fe33df9ae5456d8ee27133c42c244c81d150008ababc19399c7ed428638b57ea
4013,2025-05-01,287.4,289.8,285.4,289.0,274698,79133432.2,,,,historical_baseline,,fe33df9ae5456d8ee27133c42c244c81d150008ababc19399c7ed428638b57ea
4013,2025-05-04,289.0,289.0,281.0,282.8,132564,37489944.4,,,,historical_baseline,,fe33df9ae5456d8ee27133c42c244c81d150008ababc19399c7ed428638b57ea
4013,2025-05-05,282.0,282.0,274.4,278.8,223833,62015755.2,,,,historical_baseline,,fe33df9ae5456d8ee27133c42c244c81d150008ababc19399c7ed428638b57ea
4013,2025-05-06,278.8,284.0,276.8,278.6,122436,34291431.8,,,,historical_baseline,,fe33df9ae5456d8ee27133c42c244c81d150008ababc19399c7ed428638b57ea
4013,2025-05-07,278.4,279.2,275.6,276.2,134504,37231222.0,,,,historical_baseline,,fe33df9ae5456d8ee27133c42c244c81d150008ababc19399c7ed428638b57ea
4013,2025-05-08,276.0,276.2,268.4,269.4,239864,64942335.2,,,,historical_baseline,,fe33df9ae5456d8ee27133c42c244c81d150008ababc19399c7ed428638b57ea
4013,2025-05-11,269.6,273.4,267.8,273.0,89544,24272882.0,,,,historical_baseline,,fe33df9ae5456d8ee27133c42c244c81d150008ababc19399c7ed428638b57ea
4013,2025-05-12,270.0,277.0,267.6,270.0,262314,71274100.0,,,,historical_baseline,,fe33df9ae5456d8ee27133c42c244c81d150008ababc19399c7ed428638b57ea
4013,2025-05-13,270.8,272.8,270.2,270.6,169498,46015451.8,,,,historical_baseline,,fe33df9ae5456d8ee27133c42c244c81d150008ababc19399c7ed428638b57ea
4013,2025-05-14,274.0,274.0,269.4,270.0,157685,42672247.4,,,,historical_baseline,,fe33df9ae5456d8ee27133c42c244c81d150008ababc19399c7ed428638b57ea
4013,2025-05-15,270.0,270.4,267.6,268.0,204184,54999860.8,,,,historical_baseline,,fe33df9ae5456d8ee27133c42c244c81d150008ababc19399c7ed428638b57ea
4013,2025-05-18,270.6,272.0,269.8,272.0,58737,15909438.0,,,,historical_baseline,,fe33df9ae5456d8ee27133c42c244c81d150008ababc19399c7ed428638b57ea
4013,2025-05-19,271.0,273.0,269.6,271.8,138008,37314965.4,,,,historical_baseline,,fe33df9ae5456d8ee27133c42c244c81d150008ababc19399c7ed428638b57ea
4013,2025-05-20,270.0,271.6,269.0,269.0,124328,33533908.2,,,,historical_baseline,,fe33df9ae5456d8ee27133c42c244c81d150008ababc19399c7ed428638b57ea
4013,2025-05-21,270.0,272.0,269.8,270.4,216796,58658201.2,,,,historical_baseline,,fe33df9ae5456d8ee27133c42c244c81d150008ababc19399c7ed428638b57ea
4013,2025-05-22,270.6,270.8,268.4,268.4,170030,45819750.2,,,,historical_baseline,,fe33df9ae5456d8ee27133c42c244c81d150008ababc19399c7ed428638b57ea
4013,2025-05-25,272.0,272.0,268.0,268.0,66795,18004745.6,,,,historical_baseline,,fe33df9ae5456d8ee27133c42c244c81d150008ababc19399c7ed428638b57ea
4013,2025-05-26,269.2,270.6,264.4,267.4,201204,53730209.4,,,,historical_baseline,,fe33df9ae5456d8ee27133c42c244c81d150008ababc19399c7ed428638b57ea
4013,2025-05-27,268.0,268.0,259.6,259.8,239457,62483740.6,,,,historical_baseline,,fe33df9ae5456d8ee27133c42c244c81d150008ababc19399c7ed428638b57ea
4013,2025-05-28,260.8,267.0,260.6,262.0,306840,81134685.8,,,,historical_baseline,,fe33df9ae5456d8ee27133c42c244c81d150008ababc19399c7ed428638b57ea
4013,2025-05-29,266.6,269.0,261.8,261.8,1102321,289383681.2,,,,historical_baseline,,fe33df9ae5456d8ee27133c42c244c81d150008ababc19399c7ed428638b57ea
4014,2025-05-01,40.15,40.8,40.0,40.5,68564,2770721.5,,,,historical_baseline,,fe33df9ae5456d8ee27133c42c244c81d150008ababc19399c7ed428638b57ea
4014,2025-05-04,40.4,40.4,40.0,40.15,37306,1498108.65,,,,historical_baseline,,fe33df9ae5456d8ee27133c42c244c81d150008ababc19399c7ed428638b57ea
4014,2025-05-05,40.25,40.65,40.0,40.6,75891,3065625.55,,,,historical_baseline,,fe33df9ae5456d8ee27133c42c244c81d150008ababc19399c7ed428638b57ea
4014,2025-05-06,41.05,41.05,39.6,39.9,52654,2123846.5,,,,historical_baseline,,fe33df9ae5456d8ee27133c42c244c81d150008ababc19399c7ed428638b57ea
4014,2025-05-07,39.55,39.95,39.5,39.5,34038,1349062.6,,,,historical_baseline,,fe33df9ae5456d8ee27133c42c244c81d150008ababc19399c7ed428638b57ea
4014,2025-05-08,39.5,39.75,39.15,39.35,30756,1210586.1,,,,historical_baseline,,fe33df9ae5456d8ee27133c42c244c81d150008ababc19399c7ed428638b57ea
4014,2025-05-11,39.65,39.8,39.3,39.6,34666,1369311.9,,,,historical_baseline,,fe33df9ae5456d8ee27133c42c244c81d150008ababc19399c7ed428638b57ea
4014,2025-05-12,39.6,40.6,39.5,40.6,95407,3830530.25,,,,historical_baseline,,fe33df9ae5456d8ee27133c42c244c81d150008ababc19399c7ed428638b57ea
4014,2025-05-13,40.9,40.9,40.0,40.05,37932,1526576.8,,,,historical_baseline,,fe33df9ae5456d8ee27133c42c244c81d150008ababc19399c7ed428638b57ea
4014,2025-05-14,40.5,40.75,40.1,40.55,49472,1998923.3,,,,historical_baseline,,fe33df9ae5456d8ee27133c42c244c81d150008ababc19399c7ed428638b57ea
4014,2025-05-15,40.85,40.85,39.7,39.9,41999,1676621.15,,,,historical_baseline,,fe33df9ae5456d8ee27133c42c244c81d150008ababc19399c7ed428638b57ea
4014,2025-05-18,39.7,39.95,39.7,39.9,13416,534135.3,,,,historical_baseline,,fe33df9ae5456d8ee27133c42c244c81d150008ababc19399c7ed428638b57ea
4014,2025-05-19,39.9,39.9,39.15,39.2,45221,1785993.9,,,,historical_baseline,,fe33df9ae5456d8ee27133c42c244c81d150008ababc19399c7ed428638b57ea
4014,2025-05-20,39.05,39.9,39.05,39.4,35903,1411653.65,,,,historical_baseline,,fe33df9ae5456d8ee27133c42c244c81d150008ababc19399c7ed428638b57ea
4014,2025-05-21,39.4,39.4,38.3,38.8,57715,2235035.2,,,,historical_baseline,,fe33df9ae5456d8ee27133c42c244c81d150008ababc19399c7ed428638b57ea
4014,2025-05-22,38.25,38.9,38.1,38.8,27565,1063376.85,,,,historical_baseline,,fe33df9ae5456d8ee27133c42c244c81d150008ababc19399c7ed428638b57ea
4014,2025-05-25,38.8,38.8,38.0,38.0,24830,950498.5,,,,historical_baseline,,fe33df9ae5456d8ee27133c42c244c81d150008ababc19399c7ed428638b57ea
4014,2025-05-26,38.0,38.2,36.7,37.65,41700,1563466.3,,,,historical_baseline,,fe33df9ae5456d8ee27133c42c244c81d150008ababc19399c7ed428638b57ea
4014,2025-05-27,37.65,37.65,36.5,36.5,47425,1752272.4,,,,historical_baseline,,fe33df9ae5456d8ee27133c42c244c81d150008ababc19399c7ed428638b57ea
4014,2025-05-28,37.9,39.8,37.3,37.3,156395,6024156.7,,,,historical_baseline,,fe33df9ae5456d8ee27133c42c244c81d150008ababc19399c7ed428638b57ea
4014,2025-05-29,37.9,38.25,37.35,37.95,58553,2212554.7,,,,historical_baseline,,fe33df9ae5456d8ee27133c42c244c81d150008ababc19399c7ed428638b57ea
4015,2025-05-01,176.0,176.4,169.0,170.0,376455,64718659.6,,,,historical_baseline,,fe33df9ae5456d8ee27133c42c244c81d150008ababc19399c7ed428638b57ea
4015,2025-05-04,171.0,172.0,165.2,168.2,93023,15609042.6,,,,historical_baseline,,fe33df9ae5456d8ee27133c42c244c81d150008ababc19399c7ed428638b57ea
4015,2025-05-05,166.2,175.8,166.2,173.0,165097,28398526.0,,,,historical_baseline,,fe33df9ae5456d8ee27133c42c244c81d150008ababc19399c7ed428638b57ea
4015,2025-05-06,173.2,175.4,170.8,172.8,52092,8977960.0,,,,historical_baseline,,fe33df9ae5456d8ee27133c42c244c81d150008ababc19399c7ed428638b57ea
4015,2025-05-07,170.4,172.0,169.0,169.6,47769,8115615.0,,,,historical_baseline,,fe33df9ae5456d8ee27133c42c244c81d150008ababc19399c7ed428638b57ea
4015,2025-05-08,169.6,172.6,168.2,170.0,50299,8564699.0,,,,historical_baseline,,fe33df9ae5456d8ee27133c42c244c81d150008ababc19399c7ed428638b57ea
4015,2025-05-11,170.0,174.0,169.6,171.2,34501,5947670.0,,,,historical_baseline,,fe33df9ae5456d8ee27133c42c244c81d150008ababc19399c7ed428638b57ea
4015,2025-05-12,170.0,183.8,170.0,179.8,235090,41835827.6,,,,historical_baseline,,fe33df9ae5456d8ee27133c42c244c81d150008ababc19399c7ed428638b57ea
4015,2025-05-13,179.6,182.4,178.4,181.0,90398,16265547.8,,,,historical_baseline,,fe33df9ae5456d8ee27133c42c244c81d150008ababc19399c7ed428638b57ea
4015,2025-05-14,181.0,181.0,179.0,180.0,39749,7157136.8,,,,historical_baseline,,fe33df9ae5456d8ee27133c42c244c81d150008ababc19399c7ed428638b57ea
4015,2025-05-15,179.4,183.4,178.2,180.0,102045,18390797.6,,,,historical_baseline,,fe33df9ae5456d8ee27133c42c244c81d150008ababc19399c7ed428638b57ea
4015,2025-05-18,178.0,178.0,174.2,174.6,44567,7846287.4,,,,historical_baseline,,fe33df9ae5456d8ee27133c42c244c81d150008ababc19399c7ed428638b57ea
4015,2025-05-19,174.6,177.0,173.8,174.4,46398,8115598.6,,,,historical_baseline,,fe33df9ae5456d8ee27133c42c244c81d150008ababc19399c7ed428638b57ea
4015,2025-05-20,174.8,176.4,173.0,176.4,25399,4440156.4,,,,historical_baseline,,fe33df9ae5456d8ee27133c42c244c81d150008ababc19399c7ed428638b57ea
4015,2025-05-21,176.4,176.4,173.6,174.2,27310,4773400.2,,,,historical_baseline,,fe33df9ae5456d8ee27133c42c244c81d150008ababc19399c7ed428638b57ea
4015,2025-05-22,173.6,173.6,169.6,170.6,27462,4687637.0,,,,historical_baseline,,fe33df9ae5456d8ee27133c42c244c81d150008ababc19399c7ed428638b57ea
4015,2025-05-25,170.4,170.4,166.2,166.2,20017,3348457.4,,,,historical_baseline,,fe33df9ae5456d8ee27133c42c244c81d150008ababc19399c7ed428638b57ea
4015,2025-05-26,166.0,174.4,166.0,171.4,99120,16972721.2,,,,historical_baseline,,fe33df9ae5456d8ee27133c42c244c81d150008ababc19399c7ed428638b57ea
4015,2025-05-27,171.4,177.0,168.4,170.0,58831,10125748.0,,,,historical_baseline,,fe33df9ae5456d8ee27133c42c244c81d150008ababc19399c7ed428638b57ea
4015,2025-05-28,170.0,172.4,169.8,172.0,17575,3012134.0,,,,historical_baseline,,fe33df9ae5456d8ee27133c42c244c81d150008ababc19399c7ed428638b57ea
4015,2025-05-29,173.4,175.0,171.2,174.8,56528,9796511.2,,,,historical_baseline,,fe33df9ae5456d8ee27133c42c244c81d150008ababc19399c7ed428638b57ea
4016,2025-05-01,75.65,76.11,74.73,75.53,76918,5789808.6,,,,historical_baseline,,fe33df9ae5456d8ee27133c42c244c81d150008ababc19399c7ed428638b57ea
4016,2025-05-04,74.28,75.31,73.36,73.82,42017,3112031.0,,,,historical_baseline,,fe33df9ae5456d8ee27133c42c244c81d150008ababc19399c7ed428638b57ea
4016,2025-05-05,73.82,74.28,72.91,73.13,70691,5188909.6,,,,historical_baseline,,fe33df9ae5456d8ee27133c42c244c81d150008ababc19399c7ed428638b57ea
4016,2025-05-06,73.13,73.82,71.99,72.11,49166,3582486.2,,,,historical_baseline,,fe33df9ae5456d8ee27133c42c244c81d150008ababc19399c7ed428638b57ea
4016,2025-05-07,72.33,73.59,71.19,71.31,155327,11170139.2,,,,historical_baseline,,fe33df9ae5456d8ee27133c42c244c81d150008ababc19399c7ed428638b57ea
4016,2025-05-08,70.73,71.99,70.28,71.99,35126,2500037.8,,,,historical_baseline,,fe33df9ae5456d8ee27133c42c244c81d150008ababc19399c7ed428638b57ea
4016,2025-05-11,71.88,72.56,71.19,71.65,54566,3911579.0,,,,historical_baseline,,fe33df9ae5456d8ee27133c42c244c81d150008ababc19399c7ed428638b57ea
4016,2025-05-12,71.42,73.36,71.42,72.91,108409,7856318.2,,,,historical_baseline,,fe33df9ae5456d8ee27133c42c244c81d150008ababc19399c7ed428638b57ea
4016,2025-05-13,74.28,74.85,73.13,73.13,122976,9073419.2,,,,historical_baseline,,fe33df9ae5456d8ee27133c42c244c81d150008ababc19399c7ed428638b57ea
4016,2025-05-14,73.25,74.16,73.13,73.82,33163,2439751.0,,,,historical_baseline,,fe33df9ae5456d8ee27133c42c244c81d150008ababc19399c7ed428638b57ea
4016,2025-05-15,74.16,74.16,71.99,72.45,65074,4734571.0,,,,historical_baseline,,fe33df9ae5456d8ee27133c42c244c81d150008ababc19399c7ed428638b57ea
4016,2025-05-18,72.33,73.02,72.11,72.22,23795,1725870.6,,,,historical_baseline,,fe33df9ae5456d8ee27133c42c244c81d150008ababc19399c7ed428638b57ea
4016,2025-05-19,71.65,72.33,71.31,71.88,33705,2415329.2,,,,historical_baseline,,fe33df9ae5456d8ee27133c42c244c81d150008ababc19399c7ed428638b57ea
4016,2025-05-20,71.76,72.11,71.31,72.11,30679,2198197.2,,,,historical_baseline,,fe33df9ae5456d8ee27133c42c244c81d150008ababc19399c7ed428638b57ea
4016,2025-05-21,71.65,72.56,70.73,71.99,55416,3970292.2,,,,historical_baseline,,fe33df9ae5456d8ee27133c42c244c81d150008ababc19399c7ed428638b57ea
4016,2025-05-22,70.96,71.88,70.96,70.96,26342,1877693.4,,,,historical_baseline,,fe33df9ae5456d8ee27133c42c244c81d150008ababc19399c7ed428638b57ea
4016,2025-05-25,70.28,70.96,69.59,69.59,28297,1985160.4,,,,historical_baseline,,fe33df9ae5456d8ee27133c42c244c81d150008ababc19399c7ed428638b57ea
4016,2025-05-26,69.59,70.85,68.91,69.59,33030,2308727.8,,,,historical_baseline,,fe33df9ae5456d8ee27133c42c244c81d150008ababc19399c7ed428638b57ea
4016,2025-05-27,69.13,70.85,68.68,69.36,13742,952198.0,,,,historical_baseline,,fe33df9ae5456d8ee27133c42c244c81d150008ababc19399c7ed428638b57ea
4016,2025-05-28,69.59,70.73,69.59,70.16,22773,1598864.2,,,,historical_baseline,,fe33df9ae5456d8ee27133c42c244c81d150008ababc19399c7ed428638b57ea
4016,2025-05-29,70.28,71.19,68.91,69.93,48983,3431766.6,,,,historical_baseline,,fe33df9ae5456d8ee27133c42c244c81d150008ababc19399c7ed428638b57ea
4017,2025-05-01,46.0,46.0,45.45,45.65,211703,9658806.3,,,,historical_baseline,,fe33df9ae5456d8ee27133c42c244c81d150008ababc19399c7ed428638b57ea
4017,2025-05-04,45.45,45.75,44.85,44.9,277579,12549417.6,,,,historical_baseline,,fe33df9ae5456d8ee27133c42c244c81d150008ababc19399c7ed428638b57ea
4017,2025-05-05,45.0,45.1,44.5,44.8,424909,19049919.2,,,,historical_baseline,,fe33df9ae5456d8ee27133c42c244c81d150008ababc19399c7ed428638b57ea
4017,2025-05-06,44.8,44.95,44.4,44.5,357888,15967062.4,,,,historical_baseline,,fe33df9ae5456d8ee27133c42c244c81d150008ababc19399c7ed428638b57ea
4017,2025-05-07,44.5,44.5,43.8,43.85,472157,20769299.25,,,,historical_baseline,,fe33df9ae5456d8ee27133c42c244c81d150008ababc19399c7ed428638b57ea
4017,2025-05-08,44.0,45.5,43.2,45.1,1022768,45496746.75,,,,historical_baseline,,fe33df9ae5456d8ee27133c42c244c81d150008ababc19399c7ed428638b57ea
4017,2025-05-11,45.45,45.6,44.8,45.1,328461,14811717.55,,,,historical_baseline,,fe33df9ae5456d8ee27133c42c244c81d150008ababc19399c7ed428638b57ea
4017,2025-05-12,45.0,45.3,44.05,45.1,1202272,53699529.95,,,,historical_baseline,,fe33df9ae5456d8ee27133c42c244c81d150008ababc19399c7ed428638b57ea
4017,2025-05-13,45.1,47.15,44.8,46.7,1359651,62715403.2,,,,historical_baseline,,fe33df9ae5456d8ee27133c42c244c81d150008ababc19399c7ed428638b57ea
4017,2025-05-14,47.0,47.15,46.0,46.35,588380,27459373.35,,,,historical_baseline,,fe33df9ae5456d8ee27133c42c244c81d150008ababc19399c7ed428638b57ea
4017,2025-05-15,46.7,46.85,46.25,46.5,344717,16049030.25,,,,historical_baseline,,fe33df9ae5456d8ee27133c42c244c81d150008ababc19399c7ed428638b57ea
4017,2025-05-18,46.5,46.7,45.95,46.05,304253,14067522.35,,,,historical_baseline,,fe33df9ae5456d8ee27133c42c244c81d150008ababc19399c7ed428638b57ea
4017,2025-05-19,45.65,45.9,44.7,45.0,596197,26992567.15,,,,historical_baseline,,fe33df9ae5456d8ee27133c42c244c81d150008ababc19399c7ed428638b57ea
4017,2025-05-20,45.0,45.0,44.2,44.3,650549,28911253.2,,,,historical_baseline,,fe33df9ae5456d8ee27133c42c244c81d150008ababc19399c7ed428638b57ea
4017,2025-05-21,44.2,44.25,43.65,43.85,370212,16246814.1,,,,historical_baseline,,fe33df9ae5456d8ee27133c42c244c81d150008ababc19399c7ed428638b57ea
4017,2025-05-22,43.55,43.6,42.75,42.9,1204717,51820808.0,,,,historical_baseline,,fe33df9ae5456d8ee27133c42c244c81d150008ababc19399c7ed428638b57ea
4017,2025-05-25,42.85,43.15,42.5,42.75,551799,23665638.85,,,,historical_baseline,,fe33df9ae5456d8ee27133c42c244c81d150008ababc19399c7ed428638b57ea
4017,2025-05-26,42.8,42.9,41.85,42.2,649375,27490052.7,,,,historical_baseline,,fe33df9ae5456d8ee27133c42c244c81d150008ababc19399c7ed428638b57ea
4017,2025-05-27,42.15,42.25,40.55,40.95,545308,22443584.4,,,,historical_baseline,,fe33df9ae5456d8ee27133c42c244c81d150008ababc19399c7ed428638b57ea
4017,2025-05-28,40.95,41.85,40.95,41.6,238843,9917967.05,,,,historical_baseline,,fe33df9ae5456d8ee27133c42c244c81d150008ababc19399c7ed428638b57ea
4017,2025-05-29,41.7,42.35,41.45,42.2,244819,10268289.05,,,,historical_baseline,,fe33df9ae5456d8ee27133c42c244c81d150008ababc19399c7ed428638b57ea
4020,2025-05-01,23.0,23.06,22.14,22.7,1133297,25514915.76,,,,historical_baseline,,fe33df9ae5456d8ee27133c42c244c81d150008ababc19399c7ed428638b57ea
4020,2025-05-04,22.64,22.9,22.28,22.56,407744,9182437.94,,,,historical_baseline,,fe33df9ae5456d8ee27133c42c244c81d150008ababc19399c7ed428638b57ea
4020,2025-05-05,22.54,22.66,22.34,22.48,340416,7666071.58,,,,historical_baseline,,fe33df9ae5456d8ee27133c42c244c81d150008ababc19399c7ed428638b57ea
4020,2025-05-06,22.5,22.62,22.16,22.38,380902,8507561.34,,,,historical_baseline,,fe33df9ae5456d8ee27133c42c244c81d150008ababc19399c7ed428638b57ea
4020,2025-05-07,22.4,22.4,21.74,21.82,422889,9283331.1,,,,historical_baseline,,fe33df9ae5456d8ee27133c42c244c81d150008ababc19399c7ed428638b57ea
4020,2025-05-08,21.84,22.4,21.74,22.28,415746,9210307.72,,,,historical_baseline,,fe33df9ae5456d8ee27133c42c244c81d150008ababc19399c7ed428638b57ea
4020,2025-05-11,22.28,22.74,22.04,22.5,831030,18669110.3,,,,historical_baseline,,fe33df9ae5456d8ee27133c42c244c81d150008ababc19399c7ed428638b57ea
4020,2025-05-12,22.34,22.88,22.28,22.88,351881,7952538.2,,,,historical_baseline,,fe33df9ae5456d8ee27133c42c244c81d150008ababc19399c7ed428638b57ea
4020,2025-05-13,22.88,23.1,22.62,23.04,693174,15894476.16,,,,historical_baseline,,fe33df9ae5456d8ee27133c42c244c81d150008ababc19399c7ed428638b57ea
4020,2025-05-14,23.04,23.76,22.88,23.7,783556,18278057.46,,,,historical_baseline,,fe33df9ae5456d8ee27133c42c244c81d150008ababc19399c7ed428638b57ea
4020,2025-05-15,23.74,23.74,22.84,23.54,889988,20702930.02,,,,historical_baseline,,fe33df9ae5456d8ee27133c42c244c81d150008ababc19399c7ed428638b57ea
4020,2025-05-18,23.54,23.62,22.96,23.5,492813,11460348.34,,,,historical_baseline,,fe33df9ae5456d8ee27133c42c244c81d150008ababc19399c7ed428638b57ea
4020,2025-05-19,23.3,23.44,23.02,23.44,234692,5452815.44,,,,historical_baseline,,fe33df9ae5456d8ee27133c42c244c81d150008ababc19399c7ed428638b57ea
4020,2025-05-20,23.12,23.54,23.12,23.36,519424,12097076.12,,,,historical_baseline,,fe33df9ae5456d8ee27133c42c244c81d150008ababc19399c7ed428638b57ea
4020,2025-05-21,23.26,23.34,22.82,22.82,136800,3149793.92,,,,historical_baseline,,fe33df9ae5456d8ee27133c42c244c81d150008ababc19399c7ed428638b57ea
4020,2025-05-22,22.66,22.86,22.34,22.34,245335,5522540.64,,,,historical_baseline,,fe33df9ae5456d8ee27133c42c244c81d150008ababc19399c7ed428638b57ea
4020,2025-05-25,22.16,22.16,21.5,21.6,237013,5161879.24,,,,historical_baseline,,fe33df9ae5456d8ee27133c42c244c81d150008ababc19399c7ed428638b57ea
4020,2025-05-26,21.5,21.74,21.3,21.34,146908,3163180.48,,,,historical_baseline,,fe33df9ae5456d8ee27133c42c244c81d150008ababc19399c7ed428638b57ea
4020,2025-05-27,21.28,21.7,20.4,20.4,286491,5931110.9,,,,historical_baseline,,fe33df9ae5456d8ee27133c42c244c81d150008ababc19399c7ed428638b57ea
4020,2025-05-28,20.42,20.72,20.2,20.66,555695,11301272.3,,,,historical_baseline,,fe33df9ae5456d8ee27133c42c244c81d150008ababc19399c7ed428638b57ea
4020,2025-05-29,20.66,21.02,20.6,20.74,305187,6351514.24,,,,historical_baseline,,fe33df9ae5456d8ee27133c42c244c81d150008ababc19399c7ed428638b57ea
4030,2025-05-01,24.4,24.76,24.12,24.64,1028774,25303165.3,,,,historical_baseline,,fe33df9ae5456d8ee27133c42c244c81d150008ababc19399c7ed428638b57ea
4030,2025-05-04,24.64,24.96,24.56,24.88,933655,23125030.55,,,,historical_baseline,,fe33df9ae5456d8ee27133c42c244c81d150008ababc19399c7ed428638b57ea
4030,2025-05-05,24.8,24.88,24.4,24.76,1213185,29999359.75,,,,historical_baseline,,fe33df9ae5456d8ee27133c42c244c81d150008ababc19399c7ed428638b57ea
4030,2025-05-06,24.68,24.88,24.32,24.8,1723278,42476924.6,,,,historical_baseline,,fe33df9ae5456d8ee27133c42c244c81d150008ababc19399c7ed428638b57ea
4030,2025-05-07,24.8,24.84,24.48,24.8,576057,14227583.5,,,,historical_baseline,,fe33df9ae5456d8ee27133c42c244c81d150008ababc19399c7ed428638b57ea
4030,2025-05-08,24.64,24.64,23.84,23.92,1391459,33577107.1,,,,historical_baseline,,fe33df9ae5456d8ee27133c42c244c81d150008ababc19399c7ed428638b57ea
4030,2025-05-11,24.08,24.12,23.6,23.76,887874,21083354.35,,,,historical_baseline,,fe33df9ae5456d8ee27133c42c244c81d150008ababc19399c7ed428638b57ea
4030,2025-05-12,23.96,24.16,23.76,23.92,640033,15340893.05,,,,historical_baseline,,fe33df9ae5456d8ee27133c42c244c81d150008ababc19399c7ed428638b57ea
4030,2025-05-13,24.0,24.28,24.0,24.28,771034,18680584.65,,,,historical_baseline,,fe33df9ae5456d8ee27133c42c244c81d150008ababc19399c7ed428638b57ea
4030,2025-05-14,24.32,24.88,24.24,24.52,609252,14962061.2,,,,historical_baseline,,fe33df9ae5456d8ee27133c42c244c81d150008ababc19399c7ed428638b57ea
4030,2025-05-15,24.56,25.92,24.4,25.2,2426796,60788474.8,,,,historical_baseline,,fe33df9ae5456d8ee27133c42c244c81d150008ababc19399c7ed428638b57ea
4030,2025-05-18,25.24,25.52,24.76,24.96,709034,17750686.2,,,,historical_baseline,,fe33df9ae5456d8ee27133c42c244c81d150008ababc19399c7ed428638b57ea
4030,2025-05-19,24.64,25.0,24.4,24.8,675657,16712332.15,,,,historical_baseline,,fe33df9ae5456d8ee27133c42c244c81d150008ababc19399c7ed428638b57ea
4030,2025-05-20,24.84,25.04,24.68,24.96,698450,17396374.25,,,,historical_baseline,,fe33df9ae5456d8ee27133c42c244c81d150008ababc19399c7ed428638b57ea
4030,2025-05-21,24.88,25.16,24.72,25.08,265075,6623917.2,,,,historical_baseline,,fe33df9ae5456d8ee27133c42c244c81d150008ababc19399c7ed428638b57ea
4030,2025-05-22,25.12,25.2,24.76,24.76,702038,17515456.2,,,,historical_baseline,,fe33df9ae5456d8ee27133c42c244c81d150008ababc19399c7ed428638b57ea
4030,2025-05-25,24.68,25.0,24.64,24.76,344420,8556312.25,,,,historical_baseline,,fe33df9ae5456d8ee27133c42c244c81d150008ababc19399c7ed428638b57ea
4030,2025-05-26,24.76,25.0,24.64,24.68,469120,11631338.0,,,,historical_baseline,,fe33df9ae5456d8ee27133c42c244c81d150008ababc19399c7ed428638b57ea
4030,2025-05-27,24.88,24.92,24.04,24.2,345426,8432661.25,,,,historical_baseline,,fe33df9ae5456d8ee27133c42c244c81d150008ababc19399c7ed428638b57ea
4030,2025-05-28,24.24,24.72,24.2,24.72,123571,3023195.6,,,,historical_baseline,,fe33df9ae5456d8ee27133c42c244c81d150008ababc19399c7ed428638b57ea
4030,2025-05-29,24.72,24.76,24.2,24.4,525686,12868313.05,,,,historical_baseline,,fe33df9ae5456d8ee27133c42c244c81d150008ababc19399c7ed428638b57ea
4031,2025-05-01,49.55,49.8,48.9,49.3,351081,17298287.25,,,,historical_baseline,,fe33df9ae5456d8ee27133c42c244c81d150008ababc19399c7ed428638b57ea
4031,2025-05-04,49.55,49.55,48.65,49.0,139769,6838832.2,,,,historical_baseline,,fe33df9ae5456d8ee27133c42c244c81d150008ababc19399c7ed428638b57ea
4031,2025-05-05,48.85,49.6,48.65,49.5,225385,11069344.55,,,,historical_baseline,,fe33df9ae5456d8ee27133c42c244c81d150008ababc19399c7ed428638b57ea
4031,2025-05-06,49.4,49.7,48.9,49.2,161365,7952892.35,,,,historical_baseline,,fe33df9ae5456d8ee27133c42c244c81d150008ababc19399c7ed428638b57ea
4031,2025-05-07,49.0,49.45,48.7,49.2,157047,7710272.5,,,,historical_baseline,,fe33df9ae5456d8ee27133c42c244c81d150008ababc19399c7ed428638b57ea
4031,2025-05-08,49.0,49.4,48.7,49.0,191549,9389971.45,,,,historical_baseline,,fe33df9ae5456d8ee27133c42c244c81d150008ababc19399c7ed428638b57ea
4031,2025-05-11,49.0,49.5,47.85,48.25,327739,15929022.75,,,,historical_baseline,,fe33df9ae5456d8ee27133c42c244c81d150008ababc19399c7ed428638b57ea
4031,2025-05-12,48.25,48.85,48.25,48.6,289820,14067995.3,,,,historical_baseline,,fe33df9ae5456d8ee27133c42c244c81d150008ababc19399c7ed428638b57ea
4031,2025-05-13,48.6,50.6,48.55,50.4,610427,30301699.5,,,,historical_baseline,,fe33df9ae5456d8ee27133c42c244c81d150008ababc19399c7ed428638b57ea
4031,2025-05-14,50.4,50.9,50.1,50.1,240204,12099446.1,,,,historical_baseline,,fe33df9ae5456d8ee27133c42c244c81d150008ababc19399c7ed428638b57ea
4031,2025-05-15,50.1,50.2,49.35,49.75,307864,15308121.95,,,,historical_baseline,,fe33df9ae5456d8ee27133c42c244c81d150008ababc19399c7ed428638b57ea
4031,2025-05-18,48.9,49.7,48.65,48.7,362237,17713833.95,,,,historical_baseline,,fe33df9ae5456d8ee27133c42c244c81d150008ababc19399c7ed428638b57ea
4031,2025-05-19,48.65,48.65,47.95,48.2,466669,22518976.3,,,,historical_baseline,,fe33df9ae5456d8ee27133c42c244c81d150008ababc19399c7ed428638b57ea
4031,2025-05-20,48.05,48.7,48.05,48.1,213127,10301527.5,,,,historical_baseline,,fe33df9ae5456d8ee27133c42c244c81d150008ababc19399c7ed428638b57ea
4031,2025-05-21,48.25,48.45,47.7,48.2,220656,10592060.4,,,,historical_baseline,,fe33df9ae5456d8ee27133c42c244c81d150008ababc19399c7ed428638b57ea
4031,2025-05-22,48.0,48.15,47.0,48.0,221928,10595770.45,,,,historical_baseline,,fe33df9ae5456d8ee27133c42c244c81d150008ababc19399c7ed428638b57ea
4031,2025-05-25,48.0,48.4,47.35,47.35,136103,6524499.2,,,,historical_baseline,,fe33df9ae5456d8ee27133c42c244c81d150008ababc19399c7ed428638b57ea
4031,2025-05-26,47.45,47.7,46.85,47.7,218967,10369479.2,,,,historical_baseline,,fe33df9ae5456d8ee27133c42c244c81d150008ababc19399c7ed428638b57ea
4031,2025-05-27,47.85,47.85,46.35,46.5,209308,9798615.4,,,,historical_baseline,,fe33df9ae5456d8ee27133c42c244c81d150008ababc19399c7ed428638b57ea
4031,2025-05-28,46.6,47.55,46.6,47.0,281624,13250530.8,,,,historical_baseline,,fe33df9ae5456d8ee27133c42c244c81d150008ababc19399c7ed428638b57ea
4031,2025-05-29,47.3,47.3,46.2,46.7,633690,29508732.2,,,,historical_baseline,,fe33df9ae5456d8ee27133c42c244c81d150008ababc19399c7ed428638b57ea
4040,2025-05-01,16.4,16.6,16.22,16.54,286170,4689144.98,,,,historical_baseline,,fe33df9ae5456d8ee27133c42c244c81d150008ababc19399c7ed428638b57ea
4040,2025-05-04,16.56,16.72,16.26,16.3,210716,3462351.44,,,,historical_baseline,,fe33df9ae5456d8ee27133c42c244c81d150008ababc19399c7ed428638b57ea
4040,2025-05-05,16.32,16.68,16.2,16.68,211500,3469484.12,,,,historical_baseline,,fe33df9ae5456d8ee27133c42c244c81d150008ababc19399c7ed428638b57ea
4040,2025-05-06,16.68,16.68,16.4,16.56,131547,2171840.0,,,,historical_baseline,,fe33df9ae5456d8ee27133c42c244c81d150008ababc19399c7ed428638b57ea
4040,2025-05-07,16.4,16.54,16.24,16.24,136374,2233027.14,,,,historical_baseline,,fe33df9ae5456d8ee27133c42c244c81d150008ababc19399c7ed428638b57ea
4040,2025-05-08,16.2,16.2,15.5,15.6,640225,10061175.48,,,,historical_baseline,,fe33df9ae5456d8ee27133c42c244c81d150008ababc19399c7ed428638b57ea
4040,2025-05-11,15.5,15.58,15.02,15.08,434784,6649403.64,,,,historical_baseline,,fe33df9ae5456d8ee27133c42c244c81d150008ababc19399c7ed428638b57ea
4040,2025-05-12,15.1,15.5,15.06,15.22,533083,8123783.92,,,,historical_baseline,,fe33df9ae5456d8ee27133c42c244c81d150008ababc19399c7ed428638b57ea
4040,2025-05-13,15.22,15.28,14.98,15.0,531722,8022070.04,,,,historical_baseline,,fe33df9ae5456d8ee27133c42c244c81d150008ababc19399c7ed428638b57ea
4040,2025-05-14,15.04,15.32,14.98,15.26,402747,6098206.72,,,,historical_baseline,,fe33df9ae5456d8ee27133c42c244c81d150008ababc19399c7ed428638b57ea
4040,2025-05-15,15.3,15.3,14.84,14.86,475118,7129565.84,,,,historical_baseline,,fe33df9ae5456d8ee27133c42c244c81d150008ababc19399c7ed428638b57ea
4040,2025-05-18,14.86,14.98,14.68,14.94,359764,5346832.14,,,,historical_baseline,,fe33df9ae5456d8ee27133c42c244c81d150008ababc19399c7ed428638b57ea
4040,2025-05-19,14.94,14.94,14.36,14.4,779006,11380715.48,,,,historical_baseline,,fe33df9ae5456d8ee27133c42c244c81d150008ababc19399c7ed428638b57ea
4040,2025-05-20,14.48,14.62,14.3,14.58,361027,5230576.44,,,,historical_baseline,,fe33df9ae5456d8ee27133c42c244c81d150008ababc19399c7ed428638b57ea
4040,2025-05-21,14.48,14.52,14.34,14.4,230803,3326274.38,,,,historical_baseline,,fe33df9ae5456d8ee27133c42c244c81d150008ababc19399c7ed428638b57ea
4040,2025-05-22,14.3,14.44,14.1,14.26,241000,3453442.66,,,,historical_baseline,,fe33df9ae5456d8ee27133c42c244c81d150008ababc19399c7ed428638b57ea
4040,2025-05-25,14.26,14.4,13.96,14.04,326224,4627746.8,,,,historical_baseline,,fe33df9ae5456d8ee27133c42c244c81d150008ababc19399c7ed428638b57ea
4040,2025-05-26,14.0,14.14,13.82,14.1,231332,3233280.84,,,,historical_baseline,,fe33df9ae5456d8ee27133c42c244c81d150008ababc19399c7ed428638b57ea
4040,2025-05-27,14.1,14.12,13.86,13.88,219724,3059545.78,,,,historical_baseline,,fe33df9ae5456d8ee27133c42c244c81d150008ababc19399c7ed428638b57ea
4040,2025-05-28,13.94,14.2,13.94,14.08,269727,3798747.24,,,,historical_baseline,,fe33df9ae5456d8ee27133c42c244c81d150008ababc19399c7ed428638b57ea
4040,2025-05-29,14.1,14.4,14.06,14.26,238887,3398007.9,,,,historical_baseline,,fe33df9ae5456d8ee27133c42c244c81d150008ababc19399c7ed428638b57ea
4050,2025-05-01,66.1,66.1,64.6,65.2,106220,6920552.6,,,,historical_baseline,,fe33df9ae5456d8ee27133c42c244c81d150008ababc19399c7ed428638b57ea
4050,2025-05-04,63.1,64.0,61.4,61.5,230778,14320767.7,,,,historical_baseline,,fe33df9ae5456d8ee27133c42c244c81d150008ababc19399c7ed428638b57ea
4050,2025-05-05,61.5,63.4,60.3,62.3,247029,15388753.5,,,,historical_baseline,,fe33df9ae5456d8ee27133c42c244c81d150008ababc19399c7ed428638b57ea
4050,2025-05-06,62.7,63.0,61.7,62.6,105948,6619889.1,,,,historical_baseline,,fe33df9ae5456d8ee27133c42c244c81d150008ababc19399c7ed428638b57ea
4050,2025-05-07,62.6,62.6,60.8,60.9,81507,5007241.2,,,,historical_baseline,,fe33df9ae5456d8ee27133c42c244c81d150008ababc19399c7ed428638b57ea
4050,2025-05-08,61.0,61.3,58.2,58.2,138628,8240668.9,,,,historical_baseline,,fe33df9ae5456d8ee27133c42c244c81d150008ababc19399c7ed428638b57ea
4050,2025-05-11,58.5,61.5,58.0,60.6,132212,7973156.0,,,,historical_baseline,,fe33df9ae5456d8ee27133c42c244c81d150008ababc19399c7ed428638b57ea
4050,2025-05-12,60.9,61.6,59.7,60.2,156145,9453184.2,,,,historical_baseline,,fe33df9ae5456d8ee27133c42c244c81d150008ababc19399c7ed428638b57ea
4050,2025-05-13,60.1,60.9,59.2,60.0,250751,15036311.7,,,,historical_baseline,,fe33df9ae5456d8ee27133c42c244c81d150008ababc19399c7ed428638b57ea
4050,2025-05-14,60.1,60.5,59.2,59.9,112696,6747547.9,,,,historical_baseline,,fe33df9ae5456d8ee27133c42c244c81d150008ababc19399c7ed428638b57ea
4050,2025-05-15,60.1,60.2,59.1,59.6,103936,6195641.3,,,,historical_baseline,,fe33df9ae5456d8ee27133c42c244c81d150008ababc19399c7ed428638b57ea
4050,2025-05-18,59.6,61.4,59.5,60.9,168596,10256888.2,,,,historical_baseline,,fe33df9ae5456d8ee27133c42c244c81d150008ababc19399c7ed428638b57ea
4050,2025-05-19,60.3,60.7,58.9,59.5,123368,7356183.6,,,,historical_baseline,,fe33df9ae5456d8ee27133c42c244c81d150008ababc19399c7ed428638b57ea
4050,2025-05-20,59.7,59.7,59.1,59.7,58148,3454812.0,,,,historical_baseline,,fe33df9ae5456d8ee27133c42c244c81d150008ababc19399c7ed428638b57ea
4050,2025-05-21,59.8,59.8,58.2,59.2,74631,4394897.9,,,,historical_baseline,,fe33df9ae5456d8ee27133c42c244c81d150008ababc19399c7ed428638b57ea
4050,2025-05-22,58.9,59.0,58.3,58.8,32179,1888361.3,,,,historical_baseline,,fe33df9ae5456d8ee27133c42c244c81d150008ababc19399c7ed428638b57ea
4050,2025-05-25,58.7,58.7,57.7,57.7,57866,3355299.1,,,,historical_baseline,,fe33df9ae5456d8ee27133c42c244c81d150008ababc19399c7ed428638b57ea
4050,2025-05-26,57.7,58.2,57.3,57.5,72692,4199229.1,,,,historical_baseline,,fe33df9ae5456d8ee27133c42c244c81d150008ababc19399c7ed428638b57ea
4050,2025-05-27,57.5,57.9,55.7,56.4,91588,5166023.8,,,,historical_baseline,,fe33df9ae5456d8ee27133c42c244c81d150008ababc19399c7ed428638b57ea
4050,2025-05-28,56.9,59.0,56.6,58.6,94257,5470889.1,,,,historical_baseline,,fe33df9ae5456d8ee27133c42c244c81d150008ababc19399c7ed428638b57ea
4050,2025-05-29,58.6,59.6,58.2,59.6,68117,4027424.1,,,,historical_baseline,,fe33df9ae5456d8ee27133c42c244c81d150008ababc19399c7ed428638b57ea
4051,2025-05-01,6.11,6.11,6.04,6.07,189648,1150040.26,,,,historical_baseline,,fe33df9ae5456d8ee27133c42c244c81d150008ababc19399c7ed428638b57ea
4051,2025-05-04,6.07,6.09,6.0,6.02,168031,1012917.54,,,,historical_baseline,,fe33df9ae5456d8ee27133c42c244c81d150008ababc19399c7ed428638b57ea
4051,2025-05-05,6.04,6.29,5.97,6.04,1080151,6603222.44,,,,historical_baseline,,fe33df9ae5456d8ee27133c42c244c81d150008ababc19399c7ed428638b57ea
4051,2025-05-06,6.07,6.12,5.99,6.01,217192,1311203.66,,,,historical_baseline,,fe33df9ae5456d8ee27133c42c244c81d150008ababc19399c7ed428638b57ea
4051,2025-05-07,6.04,6.04,5.94,5.97,183701,1098962.3,,,,historical_baseline,,fe33df9ae5456d8ee27133c42c244c81d150008ababc19399c7ed428638b57ea
4051,2025-05-08,5.99,6.01,5.95,5.98,124425,744794.88,,,,historical_baseline,,fe33df9ae5456d8ee27133c42c244c81d150008ababc19399c7ed428638b57ea
4051,2025-05-11,5.97,6.0,5.95,5.98,74105,442311.56,,,,historical_baseline,,fe33df9ae5456d8ee27133c42c244c81d150008ababc19399c7ed428638b57ea
4051,2025-05-12,5.98,6.06,5.98,6.05,174986,1055580.22,,,,historical_baseline,,fe33df9ae5456d8ee27133c42c244c81d150008ababc19399c7ed428638b57ea
4051,2025-05-13,6.03,6.08,5.98,6.0,192235,1156634.34,,,,historical_baseline,,fe33df9ae5456d8ee27133c42c244c81d150008ababc19399c7ed428638b57ea
4051,2025-05-14,6.0,6.21,6.0,6.08,756138,4623332.22,,,,historical_baseline,,fe33df9ae5456d8ee27133c42c244c81d150008ababc19399c7ed428638b57ea
4051,2025-05-15,6.02,6.15,6.02,6.04,492598,2986425.78,,,,historical_baseline,,fe33df9ae5456d8ee27133c42c244c81d150008ababc19399c7ed428638b57ea
4051,2025-05-18,6.06,6.06,5.95,5.96,264631,1585594.32,,,,historical_baseline,,fe33df9ae5456d8ee27133c42c244c81d150008ababc19399c7ed428638b57ea
4051,2025-05-19,5.94,5.98,5.79,5.79,570323,3343357.87,,,,historical_baseline,,fe33df9ae5456d8ee27133c42c244c81d150008ababc19399c7ed428638b57ea
4051,2025-05-20,5.8,5.82,5.69,5.74,462659,2653290.15,,,,historical_baseline,,fe33df9ae5456d8ee27133c42c244c81d150008ababc19399c7ed428638b57ea
4051,2025-05-21,5.73,5.79,5.69,5.73,315585,1808588.87,,,,historical_baseline,,fe33df9ae5456d8ee27133c42c244c81d150008ababc19399c7ed428638b57ea
4051,2025-05-22,5.73,5.74,5.69,5.7,173095,988980.14,,,,historical_baseline,,fe33df9ae5456d8ee27133c42c244c81d150008ababc19399c7ed428638b57ea
4051,2025-05-25,5.7,5.74,5.6,5.61,279987,1585285.74,,,,historical_baseline,,fe33df9ae5456d8ee27133c42c244c81d150008ababc19399c7ed428638b57ea
4051,2025-05-26,5.67,5.67,5.5,5.54,269848,1503028.17,,,,historical_baseline,,fe33df9ae5456d8ee27133c42c244c81d150008ababc19399c7ed428638b57ea
4051,2025-05-27,5.55,5.57,5.39,5.39,246125,1343119.58,,,,historical_baseline,,fe33df9ae5456d8ee27133c42c244c81d150008ababc19399c7ed428638b57ea
4051,2025-05-28,5.48,5.49,5.4,5.47,294324,1602654.15,,,,historical_baseline,,fe33df9ae5456d8ee27133c42c244c81d150008ababc19399c7ed428638b57ea
4051,2025-05-29,5.48,5.54,5.45,5.52,187110,1029906.68,,,,historical_baseline,,fe33df9ae5456d8ee27133c42c244c81d150008ababc19399c7ed428638b57ea
4061,2025-05-01,17.52,17.78,17.32,17.44,608669,10676268.18,,,,historical_baseline,,fe33df9ae5456d8ee27133c42c244c81d150008ababc19399c7ed428638b57ea
4061,2025-05-04,17.56,17.78,17.12,17.12,536916,9367515.32,,,,historical_baseline,,fe33df9ae5456d8ee27133c42c244c81d150008ababc19399c7ed428638b57ea
4061,2025-05-05,17.18,17.46,16.96,17.34,574786,9896804.16,,,,historical_baseline,,fe33df9ae5456d8ee27133c42c244c81d150008ababc19399c7ed428638b57ea
4061,2025-05-06,17.4,17.52,17.02,17.08,518234,8954152.12,,,,historical_baseline,,fe33df9ae5456d8ee27133c42c244c81d150008ababc19399c7ed428638b57ea
4061,2025-05-07,17.08,17.14,16.64,16.66,343840,5789197.7,,,,historical_baseline,,fe33df9ae5456d8ee27133c42c244c81d150008ababc19399c7ed428638b57ea
4061,2025-05-08,16.68,16.92,16.48,16.5,463403,7715313.3,,,,historical_baseline,,fe33df9ae5456d8ee27133c42c244c81d150008ababc19399c7ed428638b57ea
4061,2025-05-11,16.56,16.74,16.32,16.32,224621,3709562.14,,,,historical_baseline,,fe33df9ae5456d8ee27133c42c244c81d150008ababc19399c7ed428638b57ea
4061,2025-05-12,16.4,17.44,16.4,16.94,1129124,19232660.98,,,,historical_baseline,,fe33df9ae5456d8ee27133c42c244c81d150008ababc19399c7ed428638b57ea
4061,2025-05-13,16.88,16.98,16.6,16.66,495895,8303233.24,,,,historical_baseline,,fe33df9ae5456d8ee27133c42c244c81d150008ababc19399c7ed428638b57ea
4061,2025-05-14,16.72,17.08,16.64,16.92,417163,7047706.1,,,,historical_baseline,,fe33df9ae5456d8ee27133c42c244c81d150008ababc19399c7ed428638b57ea
4061,2025-05-15,16.96,16.96,16.62,16.7,235251,3938207.32,,,,historical_baseline,,fe33df9ae5456d8ee27133c42c244c81d150008ababc19399c7ed428638b57ea
4061,2025-05-18,16.68,17.34,16.68,16.92,807858,13758332.22,,,,historical_baseline,,fe33df9ae5456d8ee27133c42c244c81d150008ababc19399c7ed428638b57ea
4061,2025-05-19,17.02,17.18,16.66,16.66,804795,13636217.86,,,,historical_baseline,,fe33df9ae5456d8ee27133c42c244c81d150008ababc19399c7ed428638b57ea
4061,2025-05-20,16.78,16.8,16.54,16.64,249832,4166572.0,,,,historical_baseline,,fe33df9ae5456d8ee27133c42c244c81d150008ababc19399c7ed428638b57ea
4061,2025-05-21,16.6,16.74,16.42,16.42,351216,5806966.36,,,,historical_baseline,,fe33df9ae5456d8ee27133c42c244c81d150008ababc19399c7ed428638b57ea
4061,2025-05-22,16.44,16.62,16.26,16.28,269090,4420177.9,,,,historical_baseline,,fe33df9ae5456d8ee27133c42c244c81d150008ababc19399c7ed428638b57ea
4061,2025-05-25,16.3,16.4,15.9,15.9,214899,3460979.52,,,,historical_baseline,,fe33df9ae5456d8ee27133c42c244c81d150008ababc19399c7ed428638b57ea
4061,2025-05-26,15.84,15.94,15.34,15.8,357514,5595755.16,,,,historical_baseline,,fe33df9ae5456d8ee27133c42c244c81d150008ababc19399c7ed428638b57ea
4061,2025-05-27,15.82,15.84,15.28,15.46,264502,4093337.08,,,,historical_baseline,,fe33df9ae5456d8ee27133c42c244c81d150008ababc19399c7ed428638b57ea
4061,2025-05-28,15.58,15.76,15.48,15.48,338921,5294747.1,,,,historical_baseline,,fe33df9ae5456d8ee27133c42c244c81d150008ababc19399c7ed428638b57ea
4061,2025-05-29,15.64,15.64,15.4,15.52,250665,3894799.62,,,,historical_baseline,,fe33df9ae5456d8ee27133c42c244c81d150008ababc19399c7ed428638b57ea
4070,2025-05-01,28.46,28.46,28.07,28.11,52193,1469013.48,,,,historical_baseline,,fe33df9ae5456d8ee27133c42c244c81d150008ababc19399c7ed428638b57ea
4070,2025-05-04,28.11,28.28,27.93,28.11,77728,2174414.4,,,,historical_baseline,,fe33df9ae5456d8ee27133c42c244c81d150008ababc19399c7ed428638b57ea
4070,2025-05-05,27.93,28.28,27.93,28.25,39868,1119021.9,,,,historical_baseline,,fe33df9ae5456d8ee27133c42c244c81d150008ababc19399c7ed428638b57ea
4070,2025-05-06,28.25,28.42,27.93,27.97,143558,4026101.92,,,,historical_baseline,,fe33df9ae5456d8ee27133c42c244c81d150008ababc19399c7ed428638b57ea
4070,2025-05-07,27.93,28.04,27.51,27.9,87695,2439870.34,,,,historical_baseline,,fe33df9ae5456d8ee27133c42c244c81d150008ababc19399c7ed428638b57ea
4070,2025-05-08,27.93,28.04,27.58,27.97,41622,1159196.16,,,,historical_baseline,,fe33df9ae5456d8ee27133c42c244c81d150008ababc19399c7ed428638b57ea
4070,2025-05-11,27.97,28.39,27.2,27.2,103309,2868974.22,,,,historical_baseline,,fe33df9ae5456d8ee27133c42c244c81d150008ababc19399c7ed428638b57ea
4070,2025-05-12,27.41,27.69,27.27,27.41,63066,1733885.96,,,,historical_baseline,,fe33df9ae5456d8ee27133c42c244c81d150008ababc19399c7ed428638b57ea
4070,2025-05-13,27.86,27.86,27.16,27.16,46044,1260777.28,,,,historical_baseline,,fe33df9ae5456d8ee27133c42c244c81d150008ababc19399c7ed428638b57ea
4070,2025-05-14,27.13,27.55,27.06,27.27,54540,1485774.46,,,,historical_baseline,,fe33df9ae5456d8ee27133c42c244c81d150008ababc19399c7ed428638b57ea
4070,2025-05-15,27.27,27.93,27.27,27.34,102988,2840238.7,,,,historical_baseline,,fe33df9ae5456d8ee27133c42c244c81d150008ababc19399c7ed428638b57ea
4070,2025-05-18,27.3,27.69,27.3,27.41,41830,1148883.54,,,,historical_baseline,,fe33df9ae5456d8ee27133c42c244c81d150008ababc19399c7ed428638b57ea
4070,2025-05-19,27.34,27.51,27.27,27.44,87278,2384537.44,,,,historical_baseline,,fe33df9ae5456d8ee27133c42c244c81d150008ababc19399c7ed428638b57ea
4070,2025-05-20,27.3,28.11,27.3,27.9,104112,2883361.36,,,,historical_baseline,,fe33df9ae5456d8ee27133c42c244c81d150008ababc19399c7ed428638b57ea
4070,2025-05-21,27.76,28.11,27.41,27.62,88898,2458142.4,,,,historical_baseline,,fe33df9ae5456d8ee27133c42c244c81d150008ababc19399c7ed428638b57ea
4070,2025-05-22,27.58,27.62,27.41,27.44,46768,1283193.92,,,,historical_baseline,,fe33df9ae5456d8ee27133c42c244c81d150008ababc19399c7ed428638b57ea
4070,2025-05-25,27.3,27.51,26.5,26.5,52041,1408934.82,,,,historical_baseline,,fe33df9ae5456d8ee27133c42c244c81d150008ababc19399c7ed428638b57ea
4070,2025-05-26,26.57,27.93,26.57,27.09,183114,4973540.94,,,,historical_baseline,,fe33df9ae5456d8ee27133c42c244c81d150008ababc19399c7ed428638b57ea
4070,2025-05-27,26.99,27.23,26.19,26.22,80138,2121788.34,,,,historical_baseline,,fe33df9ae5456d8ee27133c42c244c81d150008ababc19399c7ed428638b57ea
4070,2025-05-28,26.26,26.88,26.26,26.26,33415,886408.32,,,,historical_baseline,,fe33df9ae5456d8ee27133c42c244c81d150008ababc19399c7ed428638b57ea
4070,2025-05-29,26.4,26.64,26.19,26.33,34927,919831.6,,,,historical_baseline,,fe33df9ae5456d8ee27133c42c244c81d150008ababc19399c7ed428638b57ea
4071,2025-05-01,138.95,138.95,133.26,136.63,307299,41626186.0,,,,historical_baseline,,fe33df9ae5456d8ee27133c42c244c81d150008ababc19399c7ed428638b57ea
4071,2025-05-04,141.26,142.32,137.47,138.95,355091,49564682.0,,,,historical_baseline,,fe33df9ae5456d8ee27133c42c244c81d150008ababc19399c7ed428638b57ea
4071,2025-05-05,138.95,140.0,135.16,138.95,183743,25285027.0,,,,historical_baseline,,fe33df9ae5456d8ee27133c42c244c81d150008ababc19399c7ed428638b57ea
4071,2025-05-06,140.0,141.26,137.47,137.68,167684,23326621.4,,,,historical_baseline,,fe33df9ae5456d8ee27133c42c244c81d150008ababc19399c7ed428638b57ea
4071,2025-05-07,136.63,137.47,134.11,135.37,103551,14018716.8,,,,historical_baseline,,fe33df9ae5456d8ee27133c42c244c81d150008ababc19399c7ed428638b57ea
4071,2025-05-08,135.58,143.37,134.95,140.0,517436,72620332.0,,,,historical_baseline,,fe33df9ae5456d8ee27133c42c244c81d150008ababc19399c7ed428638b57ea
4071,2025-05-11,140.0,140.42,137.26,139.58,136733,18988875.8,,,,historical_baseline,,fe33df9ae5456d8ee27133c42c244c81d150008ababc19399c7ed428638b57ea
4071,2025-05-12,139.79,142.32,138.53,141.89,188770,26609995.0,,,,historical_baseline,,fe33df9ae5456d8ee27133c42c244c81d150008ababc19399c7ed428638b57ea
4071,2025-05-13,141.26,142.11,135.79,136.63,399654,55130313.4,,,,historical_baseline,,fe33df9ae5456d8ee27133c42c244c81d150008ababc19399c7ed428638b57ea
4071,2025-05-14,136.84,145.26,136.84,143.58,711944,100297080.8,,,,historical_baseline,,fe33df9ae5456d8ee27133c42c244c81d150008ababc19399c7ed428638b57ea
4071,2025-05-15,129.26,133.68,129.26,131.79,1479816,193129283.4,,,,historical_baseline,,fe33df9ae5456d8ee27133c42c244c81d150008ababc19399c7ed428638b57ea
4071,2025-05-18,132.21,132.63,128.63,130.74,191727,24993680.8,,,,historical_baseline,,fe33df9ae5456d8ee27133c42c244c81d150008ababc19399c7ed428638b57ea
4071,2025-05-19,130.95,130.95,127.37,127.79,281092,36221759.2,,,,historical_baseline,,fe33df9ae5456d8ee27133c42c244c81d150008ababc19399c7ed428638b57ea
4071,2025-05-20,127.79,129.05,127.58,127.79,197582,25354780.0,,,,historical_baseline,,fe33df9ae5456d8ee27133c42c244c81d150008ababc19399c7ed428638b57ea
4071,2025-05-21,128.42,128.42,123.79,124.21,262906,32909980.2,,,,historical_baseline,,fe33df9ae5456d8ee27133c42c244c81d150008ababc19399c7ed428638b57ea
4071,2025-05-22,123.16,125.05,121.68,122.11,224946,27685653.4,,,,historical_baseline,,fe33df9ae5456d8ee27133c42c244c81d150008ababc19399c7ed428638b57ea
4071,2025-05-25,123.16,123.16,118.53,119.16,245882,29608977.2,,,,historical_baseline,,fe33df9ae5456d8ee27133c42c244c81d150008ababc19399c7ed428638b57ea
4071,2025-05-26,119.16,122.11,117.26,117.89,231990,27701987.2,,,,historical_baseline,,fe33df9ae5456d8ee27133c42c244c81d150008ababc19399c7ed428638b57ea
4071,2025-05-27,118.32,118.53,112.0,113.47,378698,43382388.6,,,,historical_baseline,,fe33df9ae5456d8ee27133c42c244c81d150008ababc19399c7ed428638b57ea
4071,2025-05-28,114.11,115.79,113.47,114.74,128282,14722126.0,,,,historical_baseline,,fe33df9ae5456d8ee27133c42c244c81d150008ababc19399c7ed428638b57ea
4071,2025-05-29,115.79,117.47,114.53,115.58,106313,12356853.0,,,,historical_baseline,,fe33df9ae5456d8ee27133c42c244c81d150008ababc19399c7ed428638b57ea
4072,2025-05-01,41.2,41.25,40.45,41.0,229766,9361657.95,,,,historical_baseline,,fe33df9ae5456d8ee27133c42c244c81d150008ababc19399c7ed428638b57ea
4072,2025-05-04,41.1,41.2,40.2,40.95,189693,7714943.35,,,,historical_baseline,,fe33df9ae5456d8ee27133c42c244c81d150008ababc19399c7ed428638b57ea
4072,2025-05-05,40.9,40.9,40.15,40.5,243202,9838563.45,,,,historical_baseline,,fe33df9ae5456d8ee27133c42c244c81d150008ababc19399c7ed428638b57ea
4072,2025-05-06,40.6,41.2,40.2,40.4,347358,14102443.4,,,,historical_baseline,,fe33df9ae5456d8ee27133c42c244c81d150008ababc19399c7ed428638b57ea
4072,2025-05-07,40.5,40.9,39.85,40.9,258996,10443430.35,,,,historical_baseline,,fe33df9ae5456d8ee27133c42c244c81d150008ababc19399c7ed428638b57ea
4072,2025-05-08,40.8,42.45,40.2,42.45,680130,28055538.8,,,,historical_baseline,,fe33df9ae5456d8ee27133c42c244c81d150008ababc19399c7ed428638b57ea
4072,2025-05-11,43.9,44.15,41.9,42.65,672556,28765159.1,,,,historical_baseline,,fe33df9ae5456d8ee27133c42c244c81d150008ababc19399c7ed428638b57ea
4072,2025-05-12,42.8,44.4,42.7,43.85,625024,27339802.0,,,,historical_baseline,,fe33df9ae5456d8ee27133c42c244c81d150008ababc19399c7ed428638b57ea
4072,2025-05-13,44.3,44.3,43.1,43.65,243622,10643317.4,,,,historical_baseline,,fe33df9ae5456d8ee27133c42c244c81d150008ababc19399c7ed428638b57ea
4072,2025-05-14,43.65,44.0,43.15,43.45,286861,12493691.35,,,,historical_baseline,,fe33df9ae5456d8ee27133c42c244c81d150008ababc19399c7ed428638b57ea
4072,2025-05-15,43.45,43.95,43.35,43.65,273836,11938504.0,,,,historical_baseline,,fe33df9ae5456d8ee27133c42c244c81d150008ababc19399c7ed428638b57ea
4072,2025-05-18,43.85,44.15,43.4,43.55,133964,5839761.55,,,,historical_baseline,,fe33df9ae5456d8ee27133c42c244c81d150008ababc19399c7ed428638b57ea
4072,2025-05-19,43.4,43.4,42.1,42.45,344599,14739898.1,,,,historical_baseline,,fe33df9ae5456d8ee27133c42c244c81d150008ababc19399c7ed428638b57ea
4072,2025-05-20,42.6,45.65,42.6,45.0,1181991,52520268.2,,,,historical_baseline,,fe33df9ae5456d8ee27133c42c244c81d150008ababc19399c7ed428638b57ea
4072,2025-05-21,44.8,45.4,44.15,44.95,461621,20654425.75,,,,historical_baseline,,fe33df9ae5456d8ee27133c42c244c81d150008ababc19399c7ed428638b57ea
4072,2025-05-22,44.5,45.2,44.3,45.1,246580,11052598.85,,,,historical_baseline,,fe33df9ae5456d8ee27133c42c244c81d150008ababc19399c7ed428638b57ea
4072,2025-05-25,45.1,45.3,44.35,44.45,148210,6656260.6,,,,historical_baseline,,fe33df9ae5456d8ee27133c42c244c81d150008ababc19399c7ed428638b57ea
4072,2025-05-26,44.4,44.4,42.4,43.0,297248,12848289.5,,,,historical_baseline,,fe33df9ae5456d8ee27133c42c244c81d150008ababc19399c7ed428638b57ea
4072,2025-05-27,43.0,43.15,41.75,42.0,144917,6129938.15,,,,historical_baseline,,fe33df9ae5456d8ee27133c42c244c81d150008ababc19399c7ed428638b57ea
4072,2025-05-28,42.0,42.7,42.0,42.4,178706,7561272.65,,,,historical_baseline,,fe33df9ae5456d8ee27133c42c244c81d150008ababc19399c7ed428638b57ea
4072,2025-05-29,42.4,43.55,42.3,43.55,257673,11124033.75,,,,historical_baseline,,fe33df9ae5456d8ee27133c42c244c81d150008ababc19399c7ed428638b57ea
4080,2025-05-01,11.9,11.9,11.72,11.82,138058,1628087.68,,,,historical_baseline,,fe33df9ae5456d8ee27133c42c244c81d150008ababc19399c7ed428638b57ea
4080,2025-05-04,11.84,11.88,11.72,11.72,39324,463883.12,,,,historical_baseline,,fe33df9ae5456d8ee27133c42c244c81d150008ababc19399c7ed428638b57ea
4080,2025-05-05,11.8,11.86,11.68,11.8,89685,1055584.12,,,,historical_baseline,,fe33df9ae5456d8ee27133c42c244c81d150008ababc19399c7ed428638b57ea
4080,2025-05-06,11.68,11.86,11.64,11.78,105723,1244286.62,,,,historical_baseline,,fe33df9ae5456d8ee27133c42c244c81d150008ababc19399c7ed428638b57ea
4080,2025-05-07,11.8,11.8,11.56,11.7,154126,1796715.84,,,,historical_baseline,,fe33df9ae5456d8ee27133c42c244c81d150008ababc19399c7ed428638b57ea
4080,2025-05-08,11.68,11.82,11.58,11.64,175609,2055120.82,,,,historical_baseline,,fe33df9ae5456d8ee27133c42c244c81d150008ababc19399c7ed428638b57ea
4080,2025-05-11,11.74,11.82,11.52,11.62,155864,1813533.02,,,,historical_baseline,,fe33df9ae5456d8ee27133c42c244c81d150008ababc19399c7ed428638b57ea
4080,2025-05-12,11.48,11.7,11.46,11.6,281807,3260740.1,,,,historical_baseline,,fe33df9ae5456d8ee27133c42c244c81d150008ababc19399c7ed428638b57ea
4080,2025-05-13,11.62,11.66,11.46,11.54,124827,1444634.1,,,,historical_baseline,,fe33df9ae5456d8ee27133c42c244c81d150008ababc19399c7ed428638b57ea
4080,2025-05-14,11.46,11.58,11.44,11.46,186187,2139391.12,,,,historical_baseline,,fe33df9ae5456d8ee27133c42c244c81d150008ababc19399c7ed428638b57ea
4080,2025-05-15,11.4,11.4,11.08,11.12,316169,3550412.98,,,,historical_baseline,,fe33df9ae5456d8ee27133c42c244c81d150008ababc19399c7ed428638b57ea
4080,2025-05-18,11.08,11.5,11.08,11.4,186970,2114568.88,,,,historical_baseline,,fe33df9ae5456d8ee27133c42c244c81d150008ababc19399c7ed428638b57ea
4080,2025-05-19,11.54,11.6,11.18,11.28,312897,3572467.22,,,,historical_baseline,,fe33df9ae5456d8ee27133c42c244c81d150008ababc19399c7ed428638b57ea
4080,2025-05-20,11.18,11.36,11.08,11.08,339682,3795074.26,,,,historical_baseline,,fe33df9ae5456d8ee27133c42c244c81d150008ababc19399c7ed428638b57ea
4080,2025-05-21,11.04,11.1,10.72,10.82,412304,4479843.9,,,,historical_baseline,,fe33df9ae5456d8ee27133c42c244c81d150008ababc19399c7ed428638b57ea
4080,2025-05-22,10.7,11.0,10.62,10.84,326950,3535015.08,,,,historical_baseline,,fe33df9ae5456d8ee27133c42c244c81d150008ababc19399c7ed428638b57ea
4080,2025-05-25,10.6,10.84,10.6,10.68,165019,1768274.56,,,,historical_baseline,,fe33df9ae5456d8ee27133c42c244c81d150008ababc19399c7ed428638b57ea
4080,2025-05-26,10.62,10.8,10.4,10.46,156793,1655576.18,,,,historical_baseline,,fe33df9ae5456d8ee27133c42c244c81d150008ababc19399c7ed428638b57ea
4080,2025-05-27,10.42,10.54,10.2,10.3,219458,2268166.58,,,,historical_baseline,,fe33df9ae5456d8ee27133c42c244c81d150008ababc19399c7ed428638b57ea
4080,2025-05-28,10.4,10.54,10.36,10.38,138547,1445799.4,,,,historical_baseline,,fe33df9ae5456d8ee27133c42c244c81d150008ababc19399c7ed428638b57ea
4080,2025-05-29,11.0,11.2,10.16,10.16,2646974,27726970.6,,,,historical_baseline,,fe33df9ae5456d8ee27133c42c244c81d150008ababc19399c7ed428638b57ea
4081,2025-05-01,12.74,12.76,12.68,12.7,153087,1945606.12,,,,historical_baseline,,fe33df9ae5456d8ee27133c42c244c81d150008ababc19399c7ed428638b57ea
4081,2025-05-04,12.7,12.7,12.44,12.48,218028,2741822.76,,,,historical_baseline,,fe33df9ae5456d8ee27133c42c244c81d150008ababc19399c7ed428638b57ea
4081,2025-05-05,12.5,12.66,12.44,12.66,197826,2481755.08,,,,historical_baseline,,fe33df9ae5456d8ee27133c42c244c81d150008ababc19399c7ed428638b57ea
4081,2025-05-06,12.7,12.7,12.42,12.48,278237,3483105.38,,,,historical_baseline,,fe33df9ae5456d8ee27133c42c244c81d150008ababc19399c7ed428638b57ea
4081,2025-05-07,12.48,12.66,12.44,12.5,167994,2106375.0,,,,historical_baseline,,fe33df9ae5456d8ee27133c42c244c81d150008ababc19399c7ed428638b57ea
4081,2025-05-08,12.5,12.54,12.28,12.3,163402,2020138.84,,,,historical_baseline,,fe33df9ae5456d8ee27133c42c244c81d150008ababc19399c7ed428638b57ea
4081,2025-05-11,12.32,12.8,12.32,12.68,356826,4497091.62,,,,historical_baseline,,fe33df9ae5456d8ee27133c42c244c81d150008ababc19399c7ed428638b57ea
4081,2025-05-12,12.6,12.74,12.48,12.68,294223,3709505.18,,,,historical_baseline,,fe33df9ae5456d8ee27133c42c244c81d150008ababc19399c7ed428638b57ea
4081,2025-05-13,12.76,12.76,12.6,12.7,135652,1721369.24,,,,historical_baseline,,fe33df9ae5456d8ee27133c42c244c81d150008ababc19399c7ed428638b57ea
4081,2025-05-14,12.7,13.18,12.7,13.18,449351,5839544.7,,,,historical_baseline,,fe33df9ae5456d8ee27133c42c244c81d150008ababc19399c7ed428638b57ea
4081,2025-05-15,13.18,13.18,12.76,12.82,283810,3655538.9,,,,historical_baseline,,fe33df9ae5456d8ee27133c42c244c81d150008ababc19399c7ed428638b57ea
4081,2025-05-18,12.82,12.88,12.74,12.88,48235,617426.4,,,,historical_baseline,,fe33df9ae5456d8ee27133c42c244c81d150008ababc19399c7ed428638b57ea
4081,2025-05-19,12.88,12.88,12.54,12.56,163967,2069976.64,,,,historical_baseline,,fe33df9ae5456d8ee27133c42c244c81d150008ababc19399c7ed428638b57ea
4081,2025-05-20,12.56,12.6,12.42,12.54,182358,2275226.86,,,,historical_baseline,,fe33df9ae5456d8ee27133c42c244c81d150008ababc19399c7ed428638b57ea
4081,2025-05-21,12.54,12.56,12.36,12.5,174375,2177775.5,,,,historical_baseline,,fe33df9ae5456d8ee27133c42c244c81d150008ababc19399c7ed428638b57ea
4081,2025-05-22,12.4,12.52,12.36,12.38,110998,1378590.48,,,,historical_baseline,,fe33df9ae5456d8ee27133c42c244c81d150008ababc19399c7ed428638b57ea
4081,2025-05-25,12.38,12.76,12.34,12.52,210923,2653289.66,,,,historical_baseline,,fe33df9ae5456d8ee27133c42c244c81d150008ababc19399c7ed428638b57ea
4081,2025-05-26,12.5,12.62,12.38,12.46,149236,1863674.58,,,,historical_baseline,,fe33df9ae5456d8ee27133c42c244c81d150008ababc19399c7ed428638b57ea
4081,2025-05-27,12.46,12.58,12.38,12.5,173502,2164490.96,,,,historical_baseline,,fe33df9ae5456d8ee27133c42c244c81d150008ababc19399c7ed428638b57ea
4081,2025-05-28,12.46,12.66,12.44,12.48,209514,2636294.88,,,,historical_baseline,,fe33df9ae5456d8ee27133c42c244c81d150008ababc19399c7ed428638b57ea
4081,2025-05-29,12.48,12.64,12.42,12.64,142398,1783931.6,,,,historical_baseline,,fe33df9ae5456d8ee27133c42c244c81d150008ababc19399c7ed428638b57ea
4082,2025-05-01,11.12,11.16,11.02,11.06,25309,280369.48,,,,historical_baseline,,fe33df9ae5456d8ee27133c42c244c81d150008ababc19399c7ed428638b57ea
4082,2025-05-04,11.04,11.1,10.94,11.0,42490,468046.9,,,,historical_baseline,,fe33df9ae5456d8ee27133c42c244c81d150008ababc19399c7ed428638b57ea
4082,2025-05-05,10.96,11.06,10.94,10.94,65187,713952.02,,,,historical_baseline,,fe33df9ae5456d8ee27133c42c244c81d150008ababc19399c7ed428638b57ea
4082,2025-05-06,10.96,11.02,10.78,10.8,74810,816959.22,,,,historical_baseline,,fe33df9ae5456d8ee27133c42c244c81d150008ababc19399c7ed428638b57ea
4082,2025-05-07,10.8,10.96,10.8,10.88,9533,103491.48,,,,historical_baseline,,fe33df9ae5456d8ee27133c42c244c81d150008ababc19399c7ed428638b57ea
4082,2025-05-08,10.88,10.96,10.8,10.82,22674,245736.2,,,,historical_baseline,,fe33df9ae5456d8ee27133c42c244c81d150008ababc19399c7ed428638b57ea
4082,2025-05-11,10.82,11.1,10.78,10.98,62991,688342.38,,,,historical_baseline,,fe33df9ae5456d8ee27133c42c244c81d150008ababc19399c7ed428638b57ea
4082,2025-05-12,10.98,11.08,10.74,11.06,56608,617699.92,,,,historical_baseline,,fe33df9ae5456d8ee27133c42c244c81d150008ababc19399c7ed428638b57ea
4082,2025-05-13,11.08,11.08,10.9,11.02,49104,539328.46,,,,historical_baseline,,fe33df9ae5456d8ee27133c42c244c81d150008ababc19399c7ed428638b57ea
4082,2025-05-14,11.02,11.08,10.98,11.04,15972,176390.88,,,,historical_baseline,,fe33df9ae5456d8ee27133c42c244c81d150008ababc19399c7ed428638b57ea
4082,2025-05-15,11.04,11.06,10.9,11.06,49650,544543.14,,,,historical_baseline,,fe33df9ae5456d8ee27133c42c244c81d150008ababc19399c7ed428638b57ea
4082,2025-05-19,10.9,11.28,10.88,11.02,191490,2117688.84,,,,historical_baseline,,fe33df9ae5456d8ee27133c42c244c81d150008ababc19399c7ed428638b57ea
4082,2025-05-20,11.16,11.16,11.0,11.08,21234,235061.86,,,,historical_baseline,,fe33df9ae5456d8ee27133c42c244c81d150008ababc19399c7ed428638b57ea
4082,2025-05-21,11.08,11.14,10.98,10.98,182600,2021295.2,,,,historical_baseline,,fe33df9ae5456d8ee27133c42c244c81d150008ababc19399c7ed428638b57ea
4082,2025-05-22,10.98,11.16,10.96,11.1,66641,739358.32,,,,historical_baseline,,fe33df9ae5456d8ee27133c42c244c81d150008ababc19399c7ed428638b57ea
4082,2025-05-25,11.04,11.1,10.92,10.96,91412,1006754.94,,,,historical_baseline,,fe33df9ae5456d8ee27133c42c244c81d150008ababc19399c7ed428638b57ea
4082,2025-05-26,10.96,11.02,10.86,10.98,43171,471725.68,,,,historical_baseline,,fe33df9ae5456d8ee27133c42c244c81d150008ababc19399c7ed428638b57ea
4082,2025-05-27,10.96,10.96,10.78,10.88,73320,794982.18,,,,historical_baseline,,fe33df9ae5456d8ee27133c42c244c81d150008ababc19399c7ed428638b57ea
4082,2025-05-28,10.88,10.98,10.78,10.8,110071,1193559.72,,,,historical_baseline,,fe33df9ae5456d8ee27133c42c244c81d150008ababc19399c7ed428638b57ea
4082,2025-05-29,10.8,10.92,10.74,10.8,17531,188932.4,,,,historical_baseline,,fe33df9ae5456d8ee27133c42c244c81d150008ababc19399c7ed428638b57ea
4090,2025-05-01,22.53,22.58,22.09,22.17,443428,9888080.65,,,,historical_baseline,,fe33df9ae5456d8ee27133c42c244c81d150008ababc19399c7ed428638b57ea
4090,2025-05-04,22.19,22.24,21.98,22.19,177361,3930810.15,,,,historical_baseline,,fe33df9ae5456d8ee27133c42c244c81d150008ababc19399c7ed428638b57ea
4090,2025-05-05,22.01,22.3,21.98,22.14,1139979,25236514.1,,,,historical_baseline,,fe33df9ae5456d8ee27133c42c244c81d150008ababc19399c7ed428638b57ea
4090,2025-05-06,22.19,22.24,21.75,22.24,473243,10404960.5,,,,historical_baseline,,fe33df9ae5456d8ee27133c42c244c81d150008ababc19399c7ed428638b57ea
4090,2025-05-07,22.24,22.35,22.06,22.35,602378,13372718.8,,,,historical_baseline,,fe33df9ae5456d8ee27133c42c244c81d150008ababc19399c7ed428638b57ea
4090,2025-05-08,22.37,22.56,22.19,22.53,774985,17393211.0,,,,historical_baseline,,fe33df9ae5456d8ee27133c42c244c81d150008ababc19399c7ed428638b57ea
4090,2025-05-11,22.53,23.0,22.53,22.87,519307,11863680.55,,,,historical_baseline,,fe33df9ae5456d8ee27133c42c244c81d150008ababc19399c7ed428638b57ea
4090,2025-05-12,22.87,23.02,22.66,22.84,793289,18138138.9,,,,historical_baseline,,fe33df9ae5456d8ee27133c42c244c81d150008ababc19399c7ed428638b57ea
4090,2025-05-13,22.87,22.87,22.22,22.27,1039178,23301293.95,,,,historical_baseline,,fe33df9ae5456d8ee27133c42c244c81d150008ababc19399c7ed428638b57ea
4090,2025-05-14,21.77,21.77,21.05,21.07,1860955,39621277.6,,,,historical_baseline,,fe33df9ae5456d8ee27133c42c244c81d150008ababc19399c7ed428638b57ea
4090,2025-05-15,21.12,21.18,20.71,20.73,1077159,22470169.6,,,,historical_baseline,,fe33df9ae5456d8ee27133c42c244c81d150008ababc19399c7ed428638b57ea
4090,2025-05-18,20.76,20.78,20.32,20.32,527051,10772803.0,,,,historical_baseline,,fe33df9ae5456d8ee27133c42c244c81d150008ababc19399c7ed428638b57ea
4090,2025-05-19,20.13,20.6,19.85,20.13,715382,14433337.05,,,,historical_baseline,,fe33df9ae5456d8ee27133c42c244c81d150008ababc19399c7ed428638b57ea
4090,2025-05-20,20.13,20.26,20.0,20.21,662721,13348342.35,,,,historical_baseline,,fe33df9ae5456d8ee27133c42c244c81d150008ababc19399c7ed428638b57ea
4090,2025-05-21,20.11,20.11,19.69,19.85,613128,12183333.7,,,,historical_baseline,,fe33df9ae5456d8ee27133c42c244c81d150008ababc19399c7ed428638b57ea
4090,2025-05-22,19.69,20.32,19.61,20.11,621984,12491261.9,,,,historical_baseline,,fe33df9ae5456d8ee27133c42c244c81d150008ababc19399c7ed428638b57ea
4090,2025-05-25,20.0,20.11,19.56,19.72,209182,4121362.45,,,,historical_baseline,,fe33df9ae5456d8ee27133c42c244c81d150008ababc19399c7ed428638b57ea
4090,2025-05-26,19.59,19.74,19.3,19.4,773387,15058252.85,,,,historical_baseline,,fe33df9ae5456d8ee27133c42c244c81d150008ababc19399c7ed428638b57ea
4090,2025-05-27,19.4,19.51,18.49,18.62,1133668,21360387.45,,,,historical_baseline,,fe33df9ae5456d8ee27133c42c244c81d150008ababc19399c7ed428638b57ea
4090,2025-05-28,18.62,19.27,18.62,19.09,534864,10176066.15,,,,historical_baseline,,fe33df9ae5456d8ee27133c42c244c81d150008ababc19399c7ed428638b57ea
4090,2025-05-29,19.12,19.35,18.65,18.65,1450407,27436832.65,,,,historical_baseline,,fe33df9ae5456d8ee27133c42c244c81d150008ababc19399c7ed428638b57ea
4100,2025-05-01,110.0,110.0,106.4,107.8,154528,16656613.8,,,,historical_baseline,,fe33df9ae5456d8ee27133c42c244c81d150008ababc19399c7ed428638b57ea
4100,2025-05-04,106.2,109.0,106.0,106.6,50334,5396819.0,,,,historical_baseline,,fe33df9ae5456d8ee27133c42c244c81d150008ababc19399c7ed428638b57ea
4100,2025-05-05,108.2,108.4,105.6,108.2,270817,29076308.4,,,,historical_baseline,,fe33df9ae5456d8ee27133c42c244c81d150008ababc19399c7ed428638b57ea
4100,2025-05-06,107.0,109.4,107.0,108.0,171888,18602218.0,,,,historical_baseline,,fe33df9ae5456d8ee27133c42c244c81d150008ababc19399c7ed428638b57ea
4100,2025-05-07,109.0,111.0,108.0,111.0,229079,25124271.4,,,,historical_baseline,,fe33df9ae5456d8ee27133c42c244c81d150008ababc19399c7ed428638b57ea
4100,2025-05-08,111.0,111.0,108.2,110.0,112183,12263981.0,,,,historical_baseline,,fe33df9ae5456d8ee27133c42c244c81d150008ababc19399c7ed428638b57ea
4100,2025-05-11,110.0,110.0,107.2,107.2,55557,6030716.4,,,,historical_baseline,,fe33df9ae5456d8ee27133c42c244c81d150008ababc19399c7ed428638b57ea
4100,2025-05-12,106.4,108.2,105.8,107.4,134200,14409269.6,,,,historical_baseline,,fe33df9ae5456d8ee27133c42c244c81d150008ababc19399c7ed428638b57ea
4100,2025-05-13,106.6,108.4,106.2,107.6,150380,16166478.6,,,,historical_baseline,,fe33df9ae5456d8ee27133c42c244c81d150008ababc19399c7ed428638b57ea
4100,2025-05-14,108.2,108.8,103.2,103.6,674661,70518592.8,,,,historical_baseline,,fe33df9ae5456d8ee27133c42c244c81d150008ababc19399c7ed428638b57ea
4100,2025-05-15,103.6,104.8,103.4,104.0,545165,56687422.0,,,,historical_baseline,,fe33df9ae5456d8ee27133c42c244c81d150008ababc19399c7ed428638b57ea
4100,2025-05-18,104.8,105.2,103.8,104.0,183899,19194371.4,,,,historical_baseline,,fe33df9ae5456d8ee27133c42c244c81d150008ababc19399c7ed428638b57ea
4100,2025-05-19,104.2,105.0,103.8,103.8,455947,47513558.4,,,,historical_baseline,,fe33df9ae5456d8ee27133c42c244c81d150008ababc19399c7ed428638b57ea
4100,2025-05-20,102.8,104.4,102.4,103.8,249808,25803146.6,,,,historical_baseline,,fe33df9ae5456d8ee27133c42c244c81d150008ababc19399c7ed428638b57ea
4100,2025-05-21,103.4,104.4,103.2,104.0,403274,41863249.2,,,,historical_baseline,,fe33df9ae5456d8ee27133c42c244c81d150008ababc19399c7ed428638b57ea
4100,2025-05-22,104.2,107.8,103.4,105.8,548887,57690597.0,,,,historical_baseline,,fe33df9ae5456d8ee27133c42c244c81d150008ababc19399c7ed428638b57ea
4100,2025-05-25,105.8,106.0,103.0,104.8,71972,7541298.0,,,,historical_baseline,,fe33df9ae5456d8ee27133c42c244c81d150008ababc19399c7ed428638b57ea
4100,2025-05-26,104.4,105.0,100.2,101.6,296215,30117207.4,,,,historical_baseline,,fe33df9ae5456d8ee27133c42c244c81d150008ababc19399c7ed428638b57ea
4100,2025-05-27,101.8,103.8,99.9,102.6,538157,54804717.9,,,,historical_baseline,,fe33df9ae5456d8ee27133c42c244c81d150008ababc19399c7ed428638b57ea
4100,2025-05-28,101.8,105.4,100.2,102.6,949469,96886421.2,,,,historical_baseline,,fe33df9ae5456d8ee27133c42c244c81d150008ababc19399c7ed428638b57ea
4100,2025-05-29,102.2,103.2,96.8,96.8,8557619,831926214.4,,,,historical_baseline,,fe33df9ae5456d8ee27133c42c244c81d150008ababc19399c7ed428638b57ea
4110,2025-05-01,2.31,2.33,2.27,2.3,7224374,16577511.13,,,,historical_baseline,,fe33df9ae5456d8ee27133c42c244c81d150008ababc19399c7ed428638b57ea
4110,2025-05-04,2.29,2.3,2.21,2.21,7107851,15993481.52,,,,historical_baseline,,fe33df9ae5456d8ee27133c42c244c81d150008ababc19399c7ed428638b57ea
4110,2025-05-05,2.21,2.28,2.2,2.27,11654542,26231310.87,,,,historical_baseline,,fe33df9ae5456d8ee27133c42c244c81d150008ababc19399c7ed428638b57ea
4110,2025-05-06,2.28,2.34,2.27,2.3,15603509,36095668.62,,,,historical_baseline,,fe33df9ae5456d8ee27133c42c244c81d150008ababc19399c7ed428638b57ea
4110,2025-05-07,2.29,2.3,2.23,2.23,8444821,19069096.65,,,,historical_baseline,,fe33df9ae5456d8ee27133c42c244c81d150008ababc19399c7ed428638b57ea
4110,2025-05-08,2.23,2.26,2.19,2.22,8257133,18374401.82,,,,historical_baseline,,fe33df9ae5456d8ee27133c42c244c81d150008ababc19399c7ed428638b57ea
4110,2025-05-11,2.24,2.24,2.18,2.19,6481244,14267634.76,,,,historical_baseline,,fe33df9ae5456d8ee27133c42c244c81d150008ababc19399c7ed428638b57ea
4110,2025-05-12,2.21,2.4,2.21,2.36,52521811,123571434.22,,,,historical_baseline,,fe33df9ae5456d8ee27133c42c244c81d150008ababc19399c7ed428638b57ea
4110,2025-05-13,2.38,2.42,2.28,2.37,27574496,64642275.17,,,,historical_baseline,,fe33df9ae5456d8ee27133c42c244c81d150008ababc19399c7ed428638b57ea
4110,2025-05-14,2.38,2.52,2.36,2.48,36111684,88374749.9,,,,historical_baseline,,fe33df9ae5456d8ee27133c42c244c81d150008ababc19399c7ed428638b57ea
4110,2025-05-15,2.48,2.49,2.39,2.43,18624333,45321884.94,,,,historical_baseline,,fe33df9ae5456d8ee27133c42c244c81d150008ababc19399c7ed428638b57ea
4110,2025-05-18,2.45,2.46,2.37,2.39,13633918,32762840.09,,,,historical_baseline,,fe33df9ae5456d8ee27133c42c244c81d150008ababc19399c7ed428638b57ea
4110,2025-05-19,2.38,2.39,2.33,2.37,11572242,27300360.14,,,,historical_baseline,,fe33df9ae5456d8ee27133c42c244c81d150008ababc19399c7ed428638b57ea
4110,2025-05-20,2.36,2.39,2.35,2.37,9810420,23250932.46,,,,historical_baseline,,fe33df9ae5456d8ee27133c42c244c81d150008ababc19399c7ed428638b57ea
4110,2025-05-21,2.36,2.37,2.31,2.32,6802408,15892632.97,,,,historical_baseline,,fe33df9ae5456d8ee27133c42c244c81d150008ababc19399c7ed428638b57ea
4110,2025-05-22,2.31,2.35,2.3,2.31,6408669,14870149.0,,,,historical_baseline,,fe33df9ae5456d8ee27133c42c244c81d150008ababc19399c7ed428638b57ea
4110,2025-05-25,2.3,2.31,2.27,2.29,4508286,10333177.77,,,,historical_baseline,,fe33df9ae5456d8ee27133c42c244c81d150008ababc19399c7ed428638b57ea
4110,2025-05-26,2.28,2.31,2.23,2.27,8236688,18649260.16,,,,historical_baseline,,fe33df9ae5456d8ee27133c42c244c81d150008ababc19399c7ed428638b57ea
4110,2025-05-27,2.28,2.28,2.19,2.2,6780047,15051025.28,,,,historical_baseline,,fe33df9ae5456d8ee27133c42c244c81d150008ababc19399c7ed428638b57ea
4110,2025-05-28,2.21,2.25,2.21,2.23,3907039,8724206.83,,,,historical_baseline,,fe33df9ae5456d8ee27133c42c244c81d150008ababc19399c7ed428638b57ea
4110,2025-05-29,2.24,2.25,2.21,2.23,4210314,9376463.37,,,,historical_baseline,,fe33df9ae5456d8ee27133c42c244c81d150008ababc19399c7ed428638b57ea
4130,2025-05-01,4.19,4.22,4.07,4.08,22007733,90886416.28,,,,historical_baseline,,fe33df9ae5456d8ee27133c42c244c81d150008ababc19399c7ed428638b57ea
4130,2025-05-04,4.11,4.27,3.96,3.99,24645665,100744680.75,,,,historical_baseline,,fe33df9ae5456d8ee27133c42c244c81d150008ababc19399c7ed428638b57ea
4130,2025-05-05,4.03,4.14,3.79,4.05,38991575,155415326.89,,,,historical_baseline,,fe33df9ae5456d8ee27133c42c244c81d150008ababc19399c7ed428638b57ea
4130,2025-05-06,4.05,4.14,3.98,3.98,22543985,91787082.2,,,,historical_baseline,,fe33df9ae5456d8ee27133c42c244c81d150008ababc19399c7ed428638b57ea
4130,2025-05-07,3.98,4.0,3.86,3.89,12863411,50500359.05,,,,historical_baseline,,fe33df9ae5456d8ee27133c42c244c81d150008ababc19399c7ed428638b57ea
4130,2025-05-08,3.9,3.98,3.83,3.86,10239499,39874538.89,,,,historical_baseline,,fe33df9ae5456d8ee27133c42c244c81d150008ababc19399c7ed428638b57ea
4130,2025-05-11,3.9,3.98,3.88,3.88,8964077,35125281.67,,,,historical_baseline,,fe33df9ae5456d8ee27133c42c244c81d150008ababc19399c7ed428638b57ea
4130,2025-05-12,3.91,4.01,3.91,3.92,15428607,60929411.15,,,,historical_baseline,,fe33df9ae5456d8ee27133c42c244c81d150008ababc19399c7ed428638b57ea
4130,2025-05-13,3.94,3.95,3.84,3.84,7095083,27522026.46,,,,historical_baseline,,fe33df9ae5456d8ee27133c42c244c81d150008ababc19399c7ed428638b57ea
4130,2025-05-14,3.85,3.87,3.82,3.83,6654836,25565882.49,,,,historical_baseline,,fe33df9ae5456d8ee27133c42c244c81d150008ababc19399c7ed428638b57ea
4130,2025-05-15,3.83,3.9,3.75,3.78,10356588,39581300.23,,,,historical_baseline,,fe33df9ae5456d8ee27133c42c244c81d150008ababc19399c7ed428638b57ea
4130,2025-05-18,3.78,3.81,3.69,3.71,8694137,32445513.04,,,,historical_baseline,,fe33df9ae5456d8ee27133c42c244c81d150008ababc19399c7ed428638b57ea
4130,2025-05-19,3.72,4.05,3.69,3.96,51042279,201533520.83,,,,historical_baseline,,fe33df9ae5456d8ee27133c42c244c81d150008ababc19399c7ed428638b57ea
4130,2025-05-20,4.0,4.0,3.86,3.87,12920319,50516391.33,,,,historical_baseline,,fe33df9ae5456d8ee27133c42c244c81d150008ababc19399c7ed428638b57ea
4130,2025-05-21,3.87,3.99,3.85,3.86,15011388,58867551.94,,,,historical_baseline,,fe33df9ae5456d8ee27133c42c244c81d150008ababc19399c7ed428638b57ea
4130,2025-05-22,3.86,3.87,3.8,3.81,6779167,25942269.96,,,,historical_baseline,,fe33df9ae5456d8ee27133c42c244c81d150008ababc19399c7ed428638b57ea
4130,2025-05-25,3.83,3.92,3.82,3.82,9500279,36752067.16,,,,historical_baseline,,fe33df9ae5456d8ee27133c42c244c81d150008ababc19399c7ed428638b57ea
4130,2025-05-26,3.83,3.86,3.73,3.8,7549241,28659148.21,,,,historical_baseline,,fe33df9ae5456d8ee27133c42c244c81d150008ababc19399c7ed428638b57ea
4130,2025-05-27,3.8,3.81,3.67,3.68,6892823,25685226.86,,,,historical_baseline,,fe33df9ae5456d8ee27133c42c244c81d150008ababc19399c7ed428638b57ea
4130,2025-05-28,3.7,3.78,3.69,3.7,8629966,32211285.86,,,,historical_baseline,,fe33df9ae5456d8ee27133c42c244c81d150008ababc19399c7ed428638b57ea
4130,2025-05-29,3.72,3.75,3.68,3.69,4703684,17422177.48,,,,historical_baseline,,fe33df9ae5456d8ee27133c42c244c81d150008ababc19399c7ed428638b57ea
4140,2025-05-01,2.41,2.42,2.38,2.4,1202524,2880846.12,,,,historical_baseline,,fe33df9ae5456d8ee27133c42c244c81d150008ababc19399c7ed428638b57ea
4140,2025-05-04,2.41,2.43,2.38,2.38,613133,1471218.84,,,,historical_baseline,,fe33df9ae5456d8ee27133c42c244c81d150008ababc19399c7ed428638b57ea
4140,2025-05-05,2.38,2.42,2.38,2.38,1159876,2777198.21,,,,historical_baseline,,fe33df9ae5456d8ee27133c42c244c81d150008ababc19399c7ed428638b57ea
4140,2025-05-06,2.39,2.41,2.37,2.38,1007625,2406207.41,,,,historical_baseline,,fe33df9ae5456d8ee27133c42c244c81d150008ababc19399c7ed428638b57ea
4140,2025-05-07,2.38,2.38,2.35,2.36,933162,2204250.8,,,,historical_baseline,,fe33df9ae5456d8ee27133c42c244c81d150008ababc19399c7ed428638b57ea
4140,2025-05-08,2.36,2.38,2.32,2.33,903006,2112508.44,,,,historical_baseline,,fe33df9ae5456d8ee27133c42c244c81d150008ababc19399c7ed428638b57ea
4140,2025-05-11,2.34,2.36,2.31,2.32,482693,1125514.09,,,,historical_baseline,,fe33df9ae5456d8ee27133c42c244c81d150008ababc19399c7ed428638b57ea
4140,2025-05-12,2.32,2.39,2.32,2.37,1192401,2829092.37,,,,historical_baseline,,fe33df9ae5456d8ee27133c42c244c81d150008ababc19399c7ed428638b57ea
4140,2025-05-13,2.38,2.4,2.36,2.37,636214,1511825.8,,,,historical_baseline,,fe33df9ae5456d8ee27133c42c244c81d150008ababc19399c7ed428638b57ea
4140,2025-05-14,2.39,2.44,2.37,2.44,1091156,2632249.45,,,,historical_baseline,,fe33df9ae5456d8ee27133c42c244c81d150008ababc19399c7ed428638b57ea
4140,2025-05-15,2.46,2.46,2.39,2.42,788103,1909942.71,,,,historical_baseline,,fe33df9ae5456d8ee27133c42c244c81d150008ababc19399c7ed428638b57ea
4140,2025-05-18,2.43,2.45,2.41,2.41,1554661,3768647.78,,,,historical_baseline,,fe33df9ae5456d8ee27133c42c244c81d150008ababc19399c7ed428638b57ea
4140,2025-05-19,2.4,2.48,2.4,2.41,3340904,8139572.78,,,,historical_baseline,,fe33df9ae5456d8ee27133c42c244c81d150008ababc19399c7ed428638b57ea
4140,2025-05-20,2.41,2.42,2.36,2.36,1666181,3967603.31,,,,historical_baseline,,fe33df9ae5456d8ee27133c42c244c81d150008ababc19399c7ed428638b57ea
4140,2025-05-21,2.36,2.47,2.31,2.32,5549178,13281165.64,,,,historical_baseline,,fe33df9ae5456d8ee27133c42c244c81d150008ababc19399c7ed428638b57ea
4140,2025-05-22,2.32,2.34,2.3,2.31,1364841,3163316.75,,,,historical_baseline,,fe33df9ae5456d8ee27133c42c244c81d150008ababc19399c7ed428638b57ea
4140,2025-05-25,2.29,2.29,2.19,2.21,3808650,8521528.85,,,,historical_baseline,,fe33df9ae5456d8ee27133c42c244c81d150008ababc19399c7ed428638b57ea
4140,2025-05-26,2.22,2.25,2.15,2.25,2285726,5017246.8,,,,historical_baseline,,fe33df9ae5456d8ee27133c42c244c81d150008ababc19399c7ed428638b57ea
4140,2025-05-27,2.25,2.25,2.14,2.16,1699176,3689482.18,,,,historical_baseline,,fe33df9ae5456d8ee27133c42c244c81d150008ababc19399c7ed428638b57ea
4140,2025-05-28,2.17,2.19,2.15,2.15,661187,1436599.16,,,,historical_baseline,,fe33df9ae5456d8ee27133c42c244c81d150008ababc19399c7ed428638b57ea
4140,2025-05-29,2.15,2.19,2.14,2.15,866383,1872189.01,,,,historical_baseline,,fe33df9ae5456d8ee27133c42c244c81d150008ababc19399c7ed428638b57ea
4141,2025-05-01,34.0,34.2,33.55,33.95,56262,1902612.7,,,,historical_baseline,,fe33df9ae5456d8ee27133c42c244c81d150008ababc19399c7ed428638b57ea
4141,2025-05-04,33.95,34.05,33.5,33.55,34864,1176930.25,,,,historical_baseline,,fe33df9ae5456d8ee27133c42c244c81d150008ababc19399c7ed428638b57ea
4141,2025-05-05,33.6,33.9,33.25,33.5,20502,686860.0,,,,historical_baseline,,fe33df9ae5456d8ee27133c42c244c81d150008ababc19399c7ed428638b57ea
4141,2025-05-06,33.3,33.75,33.0,33.0,43790,1457231.65,,,,historical_baseline,,fe33df9ae5456d8ee27133c42c244c81d150008ababc19399c7ed428638b57ea
4141,2025-05-07,33.0,33.15,32.15,32.75,78270,2553059.1,,,,historical_baseline,,fe33df9ae5456d8ee27133c42c244c81d150008ababc19399c7ed428638b57ea
4141,2025-05-08,32.75,33.0,32.2,32.45,28674,931254.85,,,,historical_baseline,,fe33df9ae5456d8ee27133c42c244c81d150008ababc19399c7ed428638b57ea
4141,2025-05-11,32.1,32.6,31.45,31.7,59578,1891605.05,,,,historical_baseline,,fe33df9ae5456d8ee27133c42c244c81d150008ababc19399c7ed428638b57ea
4141,2025-05-12,31.7,32.6,31.7,32.5,33871,1095150.95,,,,historical_baseline,,fe33df9ae5456d8ee27133c42c244c81d150008ababc19399c7ed428638b57ea
4141,2025-05-13,32.5,32.55,32.05,32.2,16978,547239.95,,,,historical_baseline,,fe33df9ae5456d8ee27133c42c244c81d150008ababc19399c7ed428638b57ea
4141,2025-05-14,32.1,32.25,31.5,32.15,48869,1558906.85,,,,historical_baseline,,fe33df9ae5456d8ee27133c42c244c81d150008ababc19399c7ed428638b57ea
4141,2025-05-15,32.0,32.15,31.35,31.45,52842,1672065.8,,,,historical_baseline,,fe33df9ae5456d8ee27133c42c244c81d150008ababc19399c7ed428638b57ea
4141,2025-05-18,31.45,31.9,31.15,31.35,41328,1296972.9,,,,historical_baseline,,fe33df9ae5456d8ee27133c42c244c81d150008ababc19399c7ed428638b57ea
4141,2025-05-19,31.0,31.6,30.8,31.1,44586,1384341.0,,,,historical_baseline,,fe33df9ae5456d8ee27133c42c244c81d150008ababc19399c7ed428638b57ea
4141,2025-05-20,31.15,31.45,30.9,31.2,22716,706568.3,,,,historical_baseline,,fe33df9ae5456d8ee27133c42c244c81d150008ababc19399c7ed428638b57ea
4141,2025-05-21,31.0,31.2,30.4,30.5,51057,1567525.4,,,,historical_baseline,,fe33df9ae5456d8ee27133c42c244c81d150008ababc19399c7ed428638b57ea
4141,2025-05-22,30.3,31.5,30.3,30.85,39686,1217713.1,,,,historical_baseline,,fe33df9ae5456d8ee27133c42c244c81d150008ababc19399c7ed428638b57ea
4141,2025-05-25,30.8,31.0,30.2,30.2,16379,500042.65,,,,historical_baseline,,fe33df9ae5456d8ee27133c42c244c81d150008ababc19399c7ed428638b57ea
4141,2025-05-26,30.2,30.85,29.25,29.95,61050,1817869.3,,,,historical_baseline,,fe33df9ae5456d8ee27133c42c244c81d150008ababc19399c7ed428638b57ea
4141,2025-05-27,30.3,30.3,28.95,29.25,32384,950107.75,,,,historical_baseline,,fe33df9ae5456d8ee27133c42c244c81d150008ababc19399c7ed428638b57ea
4141,2025-05-28,29.25,29.6,28.95,29.35,43198,1265109.5,,,,historical_baseline,,fe33df9ae5456d8ee27133c42c244c81d150008ababc19399c7ed428638b57ea
4141,2025-05-29,29.5,29.95,29.3,29.9,65517,1934069.2,,,,historical_baseline,,fe33df9ae5456d8ee27133c42c244c81d150008ababc19399c7ed428638b57ea
4142,2025-05-01,126.6,126.6,124.2,126.0,73972,9272799.2,,,,historical_baseline,,fe33df9ae5456d8ee27133c42c244c81d150008ababc19399c7ed428638b57ea
4142,2025-05-04,128.0,128.0,122.6,123.0,94241,11716069.4,,,,historical_baseline,,fe33df9ae5456d8ee27133c42c244c81d150008ababc19399c7ed428638b57ea
4142,2025-05-05,123.0,125.6,121.0,124.6,152572,18752564.2,,,,historical_baseline,,fe33df9ae5456d8ee27133c42c244c81d150008ababc19399c7ed428638b57ea
4142,2025-05-06,123.2,126.8,123.2,125.8,79825,9998784.0,,,,historical_baseline,,fe33df9ae5456d8ee27133c42c244c81d150008ababc19399c7ed428638b57ea
4142,2025-05-07,129.0,131.0,125.8,127.0,362561,46477680.2,,,,historical_baseline,,fe33df9ae5456d8ee27133c42c244c81d150008ababc19399c7ed428638b57ea
4142,2025-05-08,127.0,128.6,125.2,127.6,187866,23781249.6,,,,historical_baseline,,fe33df9ae5456d8ee27133c42c244c81d150008ababc19399c7ed428638b57ea
4142,2025-05-11,127.8,128.8,124.6,125.0,103976,13095436.4,,,,historical_baseline,,fe33df9ae5456d8ee27133c42c244c81d150008ababc19399c7ed428638b57ea
4142,2025-05-12,125.2,129.2,125.0,128.6,158407,20266871.6,,,,historical_baseline,,fe33df9ae5456d8ee27133c42c244c81d150008ababc19399c7ed428638b57ea
4142,2025-05-13,128.0,134.4,128.0,131.4,525113,69130364.2,,,,historical_baseline,,fe33df9ae5456d8ee27133c42c244c81d150008ababc19399c7ed428638b57ea
4142,2025-05-14,133.8,140.0,132.8,139.6,790288,108291449.2,,,,historical_baseline,,fe33df9ae5456d8ee27133c42c244c81d150008ababc19399c7ed428638b57ea
4142,2025-05-15,139.6,142.2,137.2,137.8,240741,33470124.0,,,,historical_baseline,,fe33df9ae5456d8ee27133c42c244c81d150008ababc19399c7ed428638b57ea
4142,2025-05-18,139.8,139.8,135.0,135.8,118820,16311836.8,,,,historical_baseline,,fe33df9ae5456d8ee27133c42c244c81d150008ababc19399c7ed428638b57ea
4142,2025-05-19,133.0,137.0,133.0,135.0,167609,22614363.4,,,,historical_baseline,,fe33df9ae5456d8ee27133c42c244c81d150008ababc19399c7ed428638b57ea
4142,2025-05-20,133.4,136.0,133.4,135.0,305338,41200553.4,,,,historical_baseline,,fe33df9ae5456d8ee27133c42c244c81d150008ababc19399c7ed428638b57ea
4142,2025-05-21,135.0,139.0,134.4,136.0,269731,36836629.6,,,,historical_baseline,,fe33df9ae5456d8ee27133c42c244c81d150008ababc19399c7ed428638b57ea
4142,2025-05-22,136.2,137.6,133.0,136.0,285318,38667757.4,,,,historical_baseline,,fe33df9ae5456d8ee27133c42c244c81d150008ababc19399c7ed428638b57ea
4142,2025-05-25,136.0,136.0,133.4,134.0,92113,12363267.2,,,,historical_baseline,,fe33df9ae5456d8ee27133c42c244c81d150008ababc19399c7ed428638b57ea
4142,2025-05-26,133.0,139.8,131.8,138.0,405521,54834835.0,,,,historical_baseline,,fe33df9ae5456d8ee27133c42c244c81d150008ababc19399c7ed428638b57ea
4142,2025-05-27,138.0,139.0,133.2,134.4,190060,25639107.0,,,,historical_baseline,,fe33df9ae5456d8ee27133c42c244c81d150008ababc19399c7ed428638b57ea
4142,2025-05-28,135.8,138.0,135.0,135.4,155890,21308527.6,,,,historical_baseline,,fe33df9ae5456d8ee27133c42c244c81d150008ababc19399c7ed428638b57ea
4142,2025-05-29,136.6,140.6,135.8,139.0,247141,34302197.6,,,,historical_baseline,,fe33df9ae5456d8ee27133c42c244c81d150008ababc19399c7ed428638b57ea
4143,2025-05-01,46.9,46.95,46.4,46.65,53736,2508109.7,,,,historical_baseline,,fe33df9ae5456d8ee27133c42c244c81d150008ababc19399c7ed428638b57ea
4143,2025-05-04,46.55,47.0,46.0,46.35,46108,2146581.0,,,,historical_baseline,,fe33df9ae5456d8ee27133c42c244c81d150008ababc19399c7ed428638b57ea
4143,2025-05-05,46.0,46.6,45.85,46.5,55360,2562079.1,,,,historical_baseline,,fe33df9ae5456d8ee27133c42c244c81d150008ababc19399c7ed428638b57ea
4143,2025-05-06,46.5,46.95,45.8,45.8,59572,2753842.8,,,,historical_baseline,,fe33df9ae5456d8ee27133c42c244c81d150008ababc19399c7ed428638b57ea
4143,2025-05-07,45.8,46.0,45.25,45.3,82778,3776675.8,,,,historical_baseline,,fe33df9ae5456d8ee27133c42c244c81d150008ababc19399c7ed428638b57ea
4143,2025-05-08,45.25,45.6,44.8,45.05,74214,3342047.75,,,,historical_baseline,,fe33df9ae5456d8ee27133c42c244c81d150008ababc19399c7ed428638b57ea
4143,2025-05-11,45.0,45.2,44.45,44.45,36670,1641594.5,,,,historical_baseline,,fe33df9ae5456d8ee27133c42c244c81d150008ababc19399c7ed428638b57ea
4143,2025-05-12,44.45,45.25,44.45,45.05,56744,2555223.1,,,,historical_baseline,,fe33df9ae5456d8ee27133c42c244c81d150008ababc19399c7ed428638b57ea
4143,2025-05-13,45.15,45.6,45.0,45.25,93693,4241801.65,,,,historical_baseline,,fe33df9ae5456d8ee27133c42c244c81d150008ababc19399c7ed428638b57ea
4143,2025-05-14,45.25,45.85,45.25,45.7,89062,4063191.5,,,,historical_baseline,,fe33df9ae5456d8ee27133c42c244c81d150008ababc19399c7ed428638b57ea
4143,2025-05-15,45.9,47.3,45.8,46.55,300201,14036685.65,,,,historical_baseline,,fe33df9ae5456d8ee27133c42c244c81d150008ababc19399c7ed428638b57ea
4143,2025-05-18,46.5,46.65,45.8,45.95,119541,5517657.25,,,,historical_baseline,,fe33df9ae5456d8ee27133c42c244c81d150008ababc19399c7ed428638b57ea
4143,2025-05-19,45.95,45.95,45.05,45.15,82024,3729445.4,,,,historical_baseline,,fe33df9ae5456d8ee27133c42c244c81d150008ababc19399c7ed428638b57ea
4143,2025-05-20,45.2,45.85,44.95,45.7,47039,2129515.6,,,,historical_baseline,,fe33df9ae5456d8ee27133c42c244c81d150008ababc19399c7ed428638b57ea
4143,2025-05-21,45.8,45.95,44.95,45.1,69943,3174650.4,,,,historical_baseline,,fe33df9ae5456d8ee27133c42c244c81d150008ababc19399c7ed428638b57ea
4143,2025-05-22,45.0,45.0,44.0,44.15,86502,3852528.75,,,,historical_baseline,,fe33df9ae5456d8ee27133c42c244c81d150008ababc19399c7ed428638b57ea
4143,2025-05-25,44.1,44.55,43.7,43.85,49185,2173766.6,,,,historical_baseline,,fe33df9ae5456d8ee27133c42c244c81d150008ababc19399c7ed428638b57ea
4143,2025-05-26,44.0,44.2,43.0,43.9,83185,3630066.65,,,,historical_baseline,,fe33df9ae5456d8ee27133c42c244c81d150008ababc19399c7ed428638b57ea
4143,2025-05-27,44.0,44.0,42.0,42.35,132625,5676606.35,,,,historical_baseline,,fe33df9ae5456d8ee27133c42c244c81d150008ababc19399c7ed428638b57ea
4143,2025-05-28,42.9,43.2,42.35,43.1,74843,3204135.9,,,,historical_baseline,,fe33df9ae5456d8ee27133c42c244c81d150008ababc19399c7ed428638b57ea
4143,2025-05-29,43.2,43.55,42.95,43.15,67830,2936030.05,,,,historical_baseline,,fe33df9ae5456d8ee27133c42c244c81d150008ababc19399c7ed428638b57ea
4150,2025-05-01,34.05,34.3,33.45,33.65,245757,8327968.65,,,,historical_baseline,,fe33df9ae5456d8ee27133c42c244c81d150008ababc19399c7ed428638b57ea
4150,2025-05-04,33.8,34.2,33.75,33.8,79421,2697224.6,,,,historical_baseline,,fe33df9ae5456d8ee27133c42c244c81d150008ababc19399c7ed428638b57ea
4150,2025-05-05,33.8,34.05,33.2,33.95,490716,16614957.5,,,,historical_baseline,,fe33df9ae5456d8ee27133c42c244c81d150008ababc19399c7ed428638b57ea
4150,2025-05-06,33.2,34.45,33.2,33.7,266970,9066311.8,,,,historical_baseline,,fe33df9ae5456d8ee27133c42c244c81d150008ababc19399c7ed428638b57ea
4150,2025-05-07,33.7,33.9,32.3,32.7,274023,8971748.45,,,,historical_baseline,,fe33df9ae5456d8ee27133c42c244c81d150008ababc19399c7ed428638b57ea
4150,2025-05-08,32.55,33.45,32.5,32.5,222846,7343617.85,,,,historical_baseline,,fe33df9ae5456d8ee27133c42c244c81d150008ababc19399c7ed428638b57ea
4150,2025-05-11,31.95,33.5,31.95,33.1,169928,5591269.3,,,,historical_baseline,,fe33df9ae5456d8ee27133c42c244c81d150008ababc19399c7ed428638b57ea
4150,2025-05-12,32.5,33.05,32.4,32.75,373875,12246253.0,,,,historical_baseline,,fe33df9ae5456d8ee27133c42c244c81d150008ababc19399c7ed428638b57ea
4150,2025-05-13,32.75,33.15,32.65,33.0,150198,4957570.75,,,,historical_baseline,,fe33df9ae5456d8ee27133c42c244c81d150008ababc19399c7ed428638b57ea
4150,2025-05-14,33.0,33.3,32.7,33.0,168887,5585017.6,,,,historical_baseline,,fe33df9ae5456d8ee27133c42c244c81d150008ababc19399c7ed428638b57ea
4150,2025-05-15,33.0,33.3,32.7,33.1,311737,10273175.3,,,,historical_baseline,,fe33df9ae5456d8ee27133c42c244c81d150008ababc19399c7ed428638b57ea
4150,2025-05-18,33.1,33.2,32.5,33.0,121128,4000441.4,,,,historical_baseline,,fe33df9ae5456d8ee27133c42c244c81d150008ababc19399c7ed428638b57ea
4150,2025-05-19,33.0,33.35,32.8,32.95,245583,8117412.0,,,,historical_baseline,,fe33df9ae5456d8ee27133c42c244c81d150008ababc19399c7ed428638b57ea
4150,2025-05-20,33.0,33.95,32.95,33.8,262745,8795317.05,,,,historical_baseline,,fe33df9ae5456d8ee27133c42c244c81d150008ababc19399c7ed428638b57ea
4150,2025-05-21,33.2,34.25,33.2,33.3,241125,8112219.95,,,,historical_baseline,,fe33df9ae5456d8ee27133c42c244c81d150008ababc19399c7ed428638b57ea
4150,2025-05-22,32.9,33.7,32.9,33.45,165486,5516229.15,,,,historical_baseline,,fe33df9ae5456d8ee27133c42c244c81d150008ababc19399c7ed428638b57ea
4150,2025-05-25,33.45,34.25,33.45,33.7,142475,4834560.95,,,,historical_baseline,,fe33df9ae5456d8ee27133c42c244c81d150008ababc19399c7ed428638b57ea
4150,2025-05-26,33.8,34.1,32.5,32.85,408950,13505078.3,,,,historical_baseline,,fe33df9ae5456d8ee27133c42c244c81d150008ababc19399c7ed428638b57ea
4150,2025-05-27,32.9,32.95,31.7,32.0,183077,5883139.5,,,,historical_baseline,,fe33df9ae5456d8ee27133c42c244c81d150008ababc19399c7ed428638b57ea
4150,2025-05-28,32.2,32.3,31.65,31.9,160557,5122946.05,,,,historical_baseline,,fe33df9ae5456d8ee27133c42c244c81d150008ababc19399c7ed428638b57ea
4150,2025-05-29,32.15,33.65,32.15,32.35,629117,20481672.45,,,,historical_baseline,,fe33df9ae5456d8ee27133c42c244c81d150008ababc19399c7ed428638b57ea
4160,2025-05-01,44.9,45.2,44.35,44.9,46973,2103475.55,,,,historical_baseline,,fe33df9ae5456d8ee27133c42c244c81d150008ababc19399c7ed428638b57ea
4160,2025-05-04,45.5,45.85,43.4,43.6,90569,4045444.45,,,,historical_baseline,,fe33df9ae5456d8ee27133c42c244c81d150008ababc19399c7ed428638b57ea
4160,2025-05-05,43.0,44.7,43.0,44.65,95987,4236625.35,,,,historical_baseline,,fe33df9ae5456d8ee27133c42c244c81d150008ababc19399c7ed428638b57ea
4160,2025-05-06,45.05,45.05,43.85,44.3,72158,3203628.2,,,,historical_baseline,,fe33df9ae5456d8ee27133c42c244c81d150008ababc19399c7ed428638b57ea
4160,2025-05-07,43.55,44.2,42.9,42.9,60042,2610060.65,,,,historical_baseline,,fe33df9ae5456d8ee27133c42c244c81d150008ababc19399c7ed428638b57ea
4160,2025-05-08,43.35,43.35,42.0,42.15,63718,2710840.35,,,,historical_baseline,,fe33df9ae5456d8ee27133c42c244c81d150008ababc19399c7ed428638b57ea
4160,2025-05-11,42.15,42.9,40.7,41.25,108356,4538657.2,,,,historical_baseline,,fe33df9ae5456d8ee27133c42c244c81d150008ababc19399c7ed428638b57ea
4160,2025-05-12,42.25,43.2,41.65,42.65,157455,6670265.1,,,,historical_baseline,,fe33df9ae5456d8ee27133c42c244c81d150008ababc19399c7ed428638b57ea
4160,2025-05-13,43.3,43.4,42.25,42.5,75580,3231677.95,,,,historical_baseline,,fe33df9ae5456d8ee27133c42c244c81d150008ababc19399c7ed428638b57ea
4160,2025-05-14,42.55,43.0,42.3,42.3,59187,2516750.85,,,,historical_baseline,,fe33df9ae5456d8ee27133c42c244c81d150008ababc19399c7ed428638b57ea
4160,2025-05-15,42.3,42.3,39.8,40.95,219944,8929312.8,,,,historical_baseline,,fe33df9ae5456d8ee27133c42c244c81d150008ababc19399c7ed428638b57ea
4160,2025-05-18,41.0,41.5,39.85,40.1,96046,3891718.7,,,,historical_baseline,,fe33df9ae5456d8ee27133c42c244c81d150008ababc19399c7ed428638b57ea
4160,2025-05-19,39.1,40.45,39.1,40.0,78108,3131678.85,,,,historical_baseline,,fe33df9ae5456d8ee27133c42c244c81d150008ababc19399c7ed428638b57ea
4160,2025-05-20,39.7,40.75,39.7,40.6,108332,4358113.25,,,,historical_baseline,,fe33df9ae5456d8ee27133c42c244c81d150008ababc19399c7ed428638b57ea
4160,2025-05-21,40.65,40.7,39.3,39.55,106431,4235767.65,,,,historical_baseline,,fe33df9ae5456d8ee27133c42c244c81d150008ababc19399c7ed428638b57ea
4160,2025-05-22,39.4,39.75,38.95,39.2,54269,2129952.3,,,,historical_baseline,,fe33df9ae5456d8ee27133c42c244c81d150008ababc19399c7ed428638b57ea
4160,2025-05-25,39.5,39.5,38.5,38.6,39627,1543487.7,,,,historical_baseline,,fe33df9ae5456d8ee27133c42c244c81d150008ababc19399c7ed428638b57ea
4160,2025-05-26,38.6,39.3,38.1,38.65,63399,2447410.5,,,,historical_baseline,,fe33df9ae5456d8ee27133c42c244c81d150008ababc19399c7ed428638b57ea
4160,2025-05-27,39.0,39.0,37.4,37.8,71822,2723121.2,,,,historical_baseline,,fe33df9ae5456d8ee27133c42c244c81d150008ababc19399c7ed428638b57ea
4160,2025-05-28,37.45,38.45,37.35,37.45,101585,3834210.3,,,,historical_baseline,,fe33df9ae5456d8ee27133c42c244c81d150008ababc19399c7ed428638b57ea
4160,2025-05-29,37.85,38.1,37.45,37.95,56720,2144115.6,,,,historical_baseline,,fe33df9ae5456d8ee27133c42c244c81d150008ababc19399c7ed428638b57ea
4161,2025-05-01,6.29,6.29,6.21,6.24,568090,3548969.18,,,,historical_baseline,,fe33df9ae5456d8ee27133c42c244c81d150008ababc19399c7ed428638b57ea
4161,2025-05-04,6.22,6.26,6.19,6.19,334175,2072632.51,,,,historical_baseline,,fe33df9ae5456d8ee27133c42c244c81d150008ababc19399c7ed428638b57ea
4161,2025-05-05,6.19,6.22,6.13,6.16,393683,2434778.63,,,,historical_baseline,,fe33df9ae5456d8ee27133c42c244c81d150008ababc19399c7ed428638b57ea
4161,2025-05-06,6.16,6.2,6.14,6.14,480502,2957338.94,,,,historical_baseline,,fe33df9ae5456d8ee27133c42c244c81d150008ababc19399c7ed428638b57ea
4161,2025-05-07,6.15,6.18,6.12,6.18,366170,2252281.26,,,,historical_baseline,,fe33df9ae5456d8ee27133c42c244c81d150008ababc19399c7ed428638b57ea
4161,2025-05-08,6.15,6.18,6.15,6.18,266929,1644724.85,,,,historical_baseline,,fe33df9ae5456d8ee27133c42c244c81d150008ababc19399c7ed428638b57ea
4161,2025-05-11,6.18,6.21,6.16,6.18,231738,1433842.69,,,,historical_baseline,,fe33df9ae5456d8ee27133c42c244c81d150008ababc19399c7ed428638b57ea
4161,2025-05-12,6.18,6.22,6.16,6.2,435027,2692615.53,,,,historical_baseline,,fe33df9ae5456d8ee27133c42c244c81d150008ababc19399c7ed428638b57ea
4161,2025-05-13,6.22,6.23,6.14,6.18,527595,3254529.97,,,,historical_baseline,,fe33df9ae5456d8ee27133c42c244c81d150008ababc19399c7ed428638b57ea
4161,2025-05-14,6.22,6.65,6.21,6.43,6763807,43870347.51,,,,historical_baseline,,fe33df9ae5456d8ee27133c42c244c81d150008ababc19399c7ed428638b57ea
4161,2025-05-15,6.45,6.45,6.29,6.35,2078975,13226013.62,,,,historical_baseline,,fe33df9ae5456d8ee27133c42c244c81d150008ababc19399c7ed428638b57ea
4161,2025-05-18,6.32,6.34,6.21,6.25,862823,5418193.57,,,,historical_baseline,,fe33df9ae5456d8ee27133c42c244c81d150008ababc19399c7ed428638b57ea
4161,2025-05-19,6.24,6.3,6.19,6.24,917710,5715043.46,,,,historical_baseline,,fe33df9ae5456d8ee27133c42c244c81d150008ababc19399c7ed428638b57ea
4161,2025-05-20,6.21,6.4,6.21,6.37,953406,6021529.03,,,,historical_baseline,,fe33df9ae5456d8ee27133c42c244c81d150008ababc19399c7ed428638b57ea
4161,2025-05-21,6.36,6.43,6.28,6.36,1033737,6568507.06,,,,historical_baseline,,fe33df9ae5456d8ee27133c42c244c81d150008ababc19399c7ed428638b57ea
4161,2025-05-22,6.36,6.39,6.31,6.32,344869,2187084.97,,,,historical_baseline,,fe33df9ae5456d8ee27133c42c244c81d150008ababc19399c7ed428638b57ea
4161,2025-05-25,6.3,6.31,6.2,6.24,459980,2880494.81,,,,historical_baseline,,fe33df9ae5456d8ee27133c42c244c81d150008ababc19399c7ed428638b57ea
4161,2025-05-26,6.24,6.28,6.1,6.17,484342,2990861.29,,,,historical_baseline,,fe33df9ae5456d8ee27133c42c244c81d150008ababc19399c7ed428638b57ea
4161,2025-05-27,6.17,6.18,6.06,6.08,388203,2367364.97,,,,historical_baseline,,fe33df9ae5456d8ee27133c42c244c81d150008ababc19399c7ed428638b57ea
4161,2025-05-28,6.11,6.17,6.1,6.1,265371,1626508.24,,,,historical_baseline,,fe33df9ae5456d8ee27133c42c244c81d150008ababc19399c7ed428638b57ea
4161,2025-05-29,6.11,6.28,6.11,6.28,812802,5025652.28,,,,historical_baseline,,fe33df9ae5456d8ee27133c42c244c81d150008ababc19399c7ed428638b57ea
4162,2025-05-01,82.6,83.6,82.2,82.5,57750,4781781.5,,,,historical_baseline,,fe33df9ae5456d8ee27133c42c244c81d150008ababc19399c7ed428638b57ea
4162,2025-05-04,82.6,82.8,80.9,81.0,26076,2124720.7,,,,historical_baseline,,fe33df9ae5456d8ee27133c42c244c81d150008ababc19399c7ed428638b57ea
4162,2025-05-05,81.0,81.0,79.0,79.7,105330,8397654.8,,,,historical_baseline,,fe33df9ae5456d8ee27133c42c244c81d150008ababc19399c7ed428638b57ea
4162,2025-05-06,80.1,81.0,79.4,79.7,52320,4194547.9,,,,historical_baseline,,fe33df9ae5456d8ee27133c42c244c81d150008ababc19399c7ed428638b57ea
4162,2025-05-07,79.6,79.8,77.3,77.6,77227,6074727.8,,,,historical_baseline,,fe33df9ae5456d8ee27133c42c244c81d150008ababc19399c7ed428638b57ea
4162,2025-05-08,78.0,78.4,75.9,77.0,131026,10031387.5,,,,historical_baseline,,fe33df9ae5456d8ee27133c42c244c81d150008ababc19399c7ed428638b57ea
4162,2025-05-11,76.0,76.0,72.9,73.0,165852,12201387.8,,,,historical_baseline,,fe33df9ae5456d8ee27133c42c244c81d150008ababc19399c7ed428638b57ea
4162,2025-05-12,72.5,72.6,70.5,71.9,264181,18949830.2,,,,historical_baseline,,fe33df9ae5456d8ee27133c42c244c81d150008ababc19399c7ed428638b57ea
4162,2025-05-13,72.5,72.9,71.0,71.2,211912,15201446.3,,,,historical_baseline,,fe33df9ae5456d8ee27133c42c244c81d150008ababc19399c7ed428638b57ea
4162,2025-05-14,71.5,71.6,70.9,71.0,209703,14926277.6,,,,historical_baseline,,fe33df9ae5456d8ee27133c42c244c81d150008ababc19399c7ed428638b57ea
4162,2025-05-15,71.0,71.5,69.8,70.6,254996,17976253.7,,,,historical_baseline,,fe33df9ae5456d8ee27133c42c244c81d150008ababc19399c7ed428638b57ea
4162,2025-05-18,70.7,71.7,69.8,69.9,207829,14681260.3,,,,historical_baseline,,fe33df9ae5456d8ee27133c42c244c81d150008ababc19399c7ed428638b57ea
4162,2025-05-19,69.9,69.9,68.3,68.8,173185,11966091.4,,,,historical_baseline,,fe33df9ae5456d8ee27133c42c244c81d150008ababc19399c7ed428638b57ea
4162,2025-05-20,68.8,70.6,68.8,70.3,172531,12102036.9,,,,historical_baseline,,fe33df9ae5456d8ee27133c42c244c81d150008ababc19399c7ed428638b57ea
4162,2025-05-21,70.9,70.9,68.7,68.9,159034,11043911.8,,,,historical_baseline,,fe33df9ae5456d8ee27133c42c244c81d150008ababc19399c7ed428638b57ea
4162,2025-05-22,68.5,69.7,68.2,68.9,81971,5653918.1,,,,historical_baseline,,fe33df9ae5456d8ee27133c42c244c81d150008ababc19399c7ed428638b57ea
4162,2025-05-25,68.9,69.4,66.7,67.8,275616,18603546.5,,,,historical_baseline,,fe33df9ae5456d8ee27133c42c244c81d150008ababc19399c7ed428638b57ea
4162,2025-05-26,67.8,68.5,66.3,67.1,181413,12194547.5,,,,historical_baseline,,fe33df9ae5456d8ee27133c42c244c81d150008ababc19399c7ed428638b57ea
4162,2025-05-27,67.4,67.4,65.5,66.0,121428,8041518.2,,,,historical_baseline,,fe33df9ae5456d8ee27133c42c244c81d150008ababc19399c7ed428638b57ea
4162,2025-05-28,66.4,67.6,66.0,66.1,199926,13306775.5,,,,historical_baseline,,fe33df9ae5456d8ee27133c42c244c81d150008ababc19399c7ed428638b57ea
4162,2025-05-29,66.5,67.7,66.5,67.0,336659,22514799.7,,,,historical_baseline,,fe33df9ae5456d8ee27133c42c244c81d150008ababc19399c7ed428638b57ea
4163,2025-05-01,84.5,85.0,82.2,82.7,148745,12440652.0,,,,historical_baseline,,fe33df9ae5456d8ee27133c42c244c81d150008ababc19399c7ed428638b57ea
4163,2025-05-04,82.4,83.9,82.0,83.0,70931,5868889.5,,,,historical_baseline,,fe33df9ae5456d8ee27133c42c244c81d150008ababc19399c7ed428638b57ea
4163,2025-05-05,83.2,85.0,82.6,83.7,242201,20161792.3,,,,historical_baseline,,fe33df9ae5456d8ee27133c42c244c81d150008ababc19399c7ed428638b57ea
4163,2025-05-06,84.2,84.3,82.5,83.4,69260,5771006.0,,,,historical_baseline,,fe33df9ae5456d8ee27133c42c244c81d150008ababc19399c7ed428638b57ea
4163,2025-05-07,83.6,86.7,83.1,86.0,293388,25079005.0,,,,historical_baseline,,fe33df9ae5456d8ee27133c42c244c81d150008ababc19399c7ed428638b57ea
4163,2025-05-08,85.9,85.9,80.4,81.2,295499,24251838.3,,,,historical_baseline,,fe33df9ae5456d8ee27133c42c244c81d150008ababc19399c7ed428638b57ea
4163,2025-05-11,81.1,81.6,79.5,79.7,47737,3830033.1,,,,historical_baseline,,fe33df9ae5456d8ee27133c42c244c81d150008ababc19399c7ed428638b57ea
4163,2025-05-12,79.9,82.7,79.8,82.4,112411,9167358.1,,,,historical_baseline,,fe33df9ae5456d8ee27133c42c244c81d150008ababc19399c7ed428638b57ea
4163,2025-05-13,82.4,82.4,80.3,80.9,114470,9260351.2,,,,historical_baseline,,fe33df9ae5456d8ee27133c42c244c81d150008ababc19399c7ed428638b57ea
4163,2025-05-14,80.9,81.5,80.1,80.9,90656,7313438.0,,,,historical_baseline,,fe33df9ae5456d8ee27133c42c244c81d150008ababc19399c7ed428638b57ea
4163,2025-05-15,80.9,80.9,79.2,80.1,79088,6323560.8,,,,historical_baseline,,fe33df9ae5456d8ee27133c42c244c81d150008ababc19399c7ed428638b57ea
4163,2025-05-18,80.2,80.6,79.7,80.0,33470,2676016.3,,,,historical_baseline,,fe33df9ae5456d8ee27133c42c244c81d150008ababc19399c7ed428638b57ea
4163,2025-05-19,79.7,79.7,78.8,79.6,61095,4834959.1,,,,historical_baseline,,fe33df9ae5456d8ee27133c42c244c81d150008ababc19399c7ed428638b57ea
4163,2025-05-20,79.1,81.3,79.1,81.1,95155,7656584.4,,,,historical_baseline,,fe33df9ae5456d8ee27133c42c244c81d150008ababc19399c7ed428638b57ea
4163,2025-05-21,81.1,81.1,78.5,79.1,117753,9380055.3,,,,historical_baseline,,fe33df9ae5456d8ee27133c42c244c81d150008ababc19399c7ed428638b57ea
4163,2025-05-22,78.7,80.1,78.7,80.0,58884,4690325.8,,,,historical_baseline,,fe33df9ae5456d8ee27133c42c244c81d150008ababc19399c7ed428638b57ea
4163,2025-05-25,80.6,80.6,78.2,78.2,26246,2072220.2,,,,historical_baseline,,fe33df9ae5456d8ee27133c42c244c81d150008ababc19399c7ed428638b57ea
4163,2025-05-26,78.0,79.3,77.7,78.2,39036,3061995.3,,,,historical_baseline,,fe33df9ae5456d8ee27133c42c244c81d150008ababc19399c7ed428638b57ea
4163,2025-05-27,78.2,78.2,76.3,77.0,38151,2945367.4,,,,historical_baseline,,fe33df9ae5456d8ee27133c42c244c81d150008ababc19399c7ed428638b57ea
4163,2025-05-28,76.5,78.8,76.5,77.6,16525,1288893.1,,,,historical_baseline,,fe33df9ae5456d8ee27133c42c244c81d150008ababc19399c7ed428638b57ea
4163,2025-05-29,77.3,78.5,76.5,76.5,55416,4288462.5,,,,historical_baseline,,fe33df9ae5456d8ee27133c42c244c81d150008ababc19399c7ed428638b57ea
4164,2025-05-01,113.6,114.4,112.8,114.0,114871,13066011.2,,,,historical_baseline,,fe33df9ae5456d8ee27133c42c244c81d150008ababc19399c7ed428638b57ea
4164,2025-05-04,113.6,114.0,112.8,113.6,36203,4100772.6,,,,historical_baseline,,fe33df9ae5456d8ee27133c42c244c81d150008ababc19399c7ed428638b57ea
4164,2025-05-05,113.6,113.6,112.6,113.4,36827,4160724.4,,,,historical_baseline,,fe33df9ae5456d8ee27133c42c244c81d150008ababc19399c7ed428638b57ea
4164,2025-05-06,113.2,113.6,112.4,113.0,36851,4162920.2,,,,historical_baseline,,fe33df9ae5456d8ee27133c42c244c81d150008ababc19399c7ed428638b57ea
4164,2025-05-07,117.2,123.2,117.0,121.2,1258913,151710436.8,,,,historical_baseline,,fe33df9ae5456d8ee27133c42c244c81d150008ababc19399c7ed428638b57ea
4164,2025-05-08,120.8,122.8,119.2,121.0,300154,36300812.4,,,,historical_baseline,,fe33df9ae5456d8ee27133c42c244c81d150008ababc19399c7ed428638b57ea
4164,2025-05-11,120.8,121.0,119.2,120.6,131427,15789661.8,,,,historical_baseline,,fe33df9ae5456d8ee27133c42c244c81d150008ababc19399c7ed428638b57ea
4164,2025-05-12,120.0,122.6,119.0,122.2,242940,29332024.0,,,,historical_baseline,,fe33df9ae5456d8ee27133c42c244c81d150008ababc19399c7ed428638b57ea
4164,2025-05-13,122.4,123.6,121.6,123.0,312324,38279812.0,,,,historical_baseline,,fe33df9ae5456d8ee27133c42c244c81d150008ababc19399c7ed428638b57ea
4164,2025-05-14,123.0,123.4,120.8,121.8,201075,24565615.2,,,,historical_baseline,,fe33df9ae5456d8ee27133c42c244c81d150008ababc19399c7ed428638b57ea
4164,2025-05-15,121.0,122.4,120.0,122.2,273443,33203855.6,,,,historical_baseline,,fe33df9ae5456d8ee27133c42c244c81d150008ababc19399c7ed428638b57ea
4164,2025-05-18,122.8,122.8,119.4,120.6,125998,15195166.0,,,,historical_baseline,,fe33df9ae5456d8ee27133c42c244c81d150008ababc19399c7ed428638b57ea
4164,2025-05-19,118.8,121.0,118.8,119.4,120221,14397263.6,,,,historical_baseline,,fe33df9ae5456d8ee27133c42c244c81d150008ababc19399c7ed428638b57ea
4164,2025-05-20,119.4,120.2,119.0,119.6,85070,10175217.0,,,,historical_baseline,,fe33df9ae5456d8ee27133c42c244c81d150008ababc19399c7ed428638b57ea
4164,2025-05-21,120.0,120.2,118.0,118.8,94449,11216427.6,,,,historical_baseline,,fe33df9ae5456d8ee27133c42c244c81d150008ababc19399c7ed428638b57ea
4164,2025-05-22,118.0,120.4,118.0,120.4,138940,16545610.4,,,,historical_baseline,,fe33df9ae5456d8ee27133c42c244c81d150008ababc19399c7ed428638b57ea
4164,2025-05-25,120.6,120.6,118.4,119.2,55976,6676980.8,,,,historical_baseline,,fe33df9ae5456d8ee27133c42c244c81d150008ababc19399c7ed428638b57ea
4164,2025-05-26,118.6,120.0,117.8,119.8,122524,14536340.0,,,,historical_baseline,,fe33df9ae5456d8ee27133c42c244c81d150008ababc19399c7ed428638b57ea
4164,2025-05-27,119.6,120.6,118.0,118.6,135089,16121972.8,,,,historical_baseline,,fe33df9ae5456d8ee27133c42c244c81d150008ababc19399c7ed428638b57ea
4164,2025-05-28,118.8,120.8,118.6,120.8,95126,11416168.4,,,,historical_baseline,,fe33df9ae5456d8ee27133c42c244c81d150008ababc19399c7ed428638b57ea
4164,2025-05-29,122.0,122.6,119.6,122.0,412567,50169821.8,,,,historical_baseline,,fe33df9ae5456d8ee27133c42c244c81d150008ababc19399c7ed428638b57ea
4170,2025-05-01,17.2,17.4,17.0,17.0,563100,9671171.6,,,,historical_baseline,,fe33df9ae5456d8ee27133c42c244c81d150008ababc19399c7ed428638b57ea
4170,2025-05-04,17.2,17.4,17.0,17.2,435445,7476522.91,,,,historical_baseline,,fe33df9ae5456d8ee27133c42c244c81d150008ababc19399c7ed428638b57ea
4170,2025-05-05,17.2,17.2,16.8,17.2,663438,11302237.59,,,,historical_baseline,,fe33df9ae5456d8ee27133c42c244c81d150008ababc19399c7ed428638b57ea
4170,2025-05-06,17.2,17.4,17.0,17.0,610885,10529253.65,,,,historical_baseline,,fe33df9ae5456d8ee27133c42c244c81d150008ababc19399c7ed428638b57ea
4170,2025-05-07,17.0,17.2,16.8,16.8,320200,5423998.67,,,,historical_baseline,,fe33df9ae5456d8ee27133c42c244c81d150008ababc19399c7ed428638b57ea
4170,2025-05-08,16.8,17.0,16.8,16.8,301239,5088590.48,,,,historical_baseline,,fe33df9ae5456d8ee27133c42c244c81d150008ababc19399c7ed428638b57ea
4170,2025-05-11,17.0,17.2,16.8,16.8,475272,8061796.14,,,,historical_baseline,,fe33df9ae5456d8ee27133c42c244c81d150008ababc19399c7ed428638b57ea
4170,2025-05-12,16.8,17.2,16.8,17.0,380318,6493723.61,,,,historical_baseline,,fe33df9ae5456d8ee27133c42c244c81d150008ababc19399c7ed428638b57ea
4170,2025-05-13,17.0,17.4,17.0,17.2,668121,11425527.76,,,,historical_baseline,,fe33df9ae5456d8ee27133c42c244c81d150008ababc19399c7ed428638b57ea
4170,2025-05-14,17.2,17.2,17.0,17.2,222551,3813746.83,,,,historical_baseline,,fe33df9ae5456d8ee27133c42c244c81d150008ababc19399c7ed428638b57ea
4170,2025-05-15,17.0,17.2,16.8,16.8,475142,8061824.06,,,,historical_baseline,,fe33df9ae5456d8ee27133c42c244c81d150008ababc19399c7ed428638b57ea
4170,2025-05-18,16.8,17.0,16.8,16.8,348242,5864235.65,,,,historical_baseline,,fe33df9ae5456d8ee27133c42c244c81d150008ababc19399c7ed428638b57ea
4170,2025-05-19,16.8,17.0,16.6,16.8,346521,5827921.07,,,,historical_baseline,,fe33df9ae5456d8ee27133c42c244c81d150008ababc19399c7ed428638b57ea
4170,2025-05-20,16.8,17.0,16.8,16.8,334154,5619308.82,,,,historical_baseline,,fe33df9ae5456d8ee27133c42c244c81d150008ababc19399c7ed428638b57ea
4170,2025-05-21,16.8,17.0,16.6,16.6,376819,6290771.78,,,,historical_baseline,,fe33df9ae5456d8ee27133c42c244c81d150008ababc19399c7ed428638b57ea
4170,2025-05-22,16.6,16.8,16.0,16.0,1324671,21582415.66,,,,historical_baseline,,fe33df9ae5456d8ee27133c42c244c81d150008ababc19399c7ed428638b57ea
4170,2025-05-25,16.2,16.2,16.0,16.2,278049,4477032.57,,,,historical_baseline,,fe33df9ae5456d8ee27133c42c244c81d150008ababc19399c7ed428638b57ea
4170,2025-05-26,16.2,16.2,15.6,16.0,789918,12539068.36,,,,historical_baseline,,fe33df9ae5456d8ee27133c42c244c81d150008ababc19399c7ed428638b57ea
4170,2025-05-27,16.0,16.0,15.4,15.4,785101,12275479.81,,,,historical_baseline,,fe33df9ae5456d8ee27133c42c244c81d150008ababc19399c7ed428638b57ea
4170,2025-05-28,15.6,16.0,15.6,15.8,465689,7375500.41,,,,historical_baseline,,fe33df9ae5456d8ee27133c42c244c81d150008ababc19399c7ed428638b57ea
4170,2025-05-29,15.8,16.0,15.6,15.6,328123,5169614.88,,,,historical_baseline,,fe33df9ae5456d8ee27133c42c244c81d150008ababc19399c7ed428638b57ea
4180,2025-05-01,4.01,4.04,3.99,4.04,2271208,9114515.03,,,,historical_baseline,,fe33df9ae5456d8ee27133c42c244c81d150008ababc19399c7ed428638b57ea
4180,2025-05-04,4.04,4.26,4.02,4.1,12779206,53250437.4,,,,historical_baseline,,fe33df9ae5456d8ee27133c42c244c81d150008ababc19399c7ed428638b57ea
4180,2025-05-05,4.08,4.12,4.03,4.06,5054714,20528701.24,,,,historical_baseline,,fe33df9ae5456d8ee27133c42c244c81d150008ababc19399c7ed428638b57ea
4180,2025-05-06,4.06,4.09,4.01,4.06,2831191,11427351.96,,,,historical_baseline,,fe33df9ae5456d8ee27133c42c244c81d150008ababc19399c7ed428638b57ea
4180,2025-05-07,4.05,4.06,4.01,4.03,2373672,9567662.6,,,,historical_baseline,,fe33df9ae5456d8ee27133c42c244c81d150008ababc19399c7ed428638b57ea
4180,2025-05-08,4.04,4.12,4.01,4.02,3604570,14610797.93,,,,historical_baseline,,fe33df9ae5456d8ee27133c42c244c81d150008ababc19399c7ed428638b57ea
4180,2025-05-11,4.06,4.06,4.01,4.01,1256851,5059635.0,,,,historical_baseline,,fe33df9ae5456d8ee27133c42c244c81d150008ababc19399c7ed428638b57ea
4180,2025-05-12,4.02,4.1,4.02,4.07,2519821,10247527.73,,,,historical_baseline,,fe33df9ae5456d8ee27133c42c244c81d150008ababc19399c7ed428638b57ea
4180,2025-05-13,4.09,4.09,4.02,4.02,1923436,7775514.03,,,,historical_baseline,,fe33df9ae5456d8ee27133c42c244c81d150008ababc19399c7ed428638b57ea
4180,2025-05-14,4.04,4.09,4.02,4.06,1166690,4730964.26,,,,historical_baseline,,fe33df9ae5456d8ee27133c42c244c81d150008ababc19399c7ed428638b57ea
4180,2025-05-15,4.0,4.01,3.9,3.95,4266895,16876532.37,,,,historical_baseline,,fe33df9ae5456d8ee27133c42c244c81d150008ababc19399c7ed428638b57ea
4180,2025-05-18,3.97,3.98,3.85,3.85,2633269,10237425.64,,,,historical_baseline,,fe33df9ae5456d8ee27133c42c244c81d150008ababc19399c7ed428638b57ea
4180,2025-05-19,3.85,3.9,3.83,3.86,1924949,7434883.59,,,,historical_baseline,,fe33df9ae5456d8ee27133c42c244c81d150008ababc19399c7ed428638b57ea
4180,2025-05-20,3.88,3.89,3.79,3.84,1561105,5984620.72,,,,historical_baseline,,fe33df9ae5456d8ee27133c42c244c81d150008ababc19399c7ed428638b57ea
4180,2025-05-21,3.83,3.84,3.75,3.81,1718026,6514224.04,,,,historical_baseline,,fe33df9ae5456d8ee27133c42c244c81d150008ababc19399c7ed428638b57ea
4180,2025-05-22,3.77,3.84,3.68,3.68,2813256,10498992.56,,,,historical_baseline,,fe33df9ae5456d8ee27133c42c244c81d150008ababc19399c7ed428638b57ea
4180,2025-05-25,3.69,3.75,3.65,3.69,1390779,5146960.19,,,,historical_baseline,,fe33df9ae5456d8ee27133c42c244c81d150008ababc19399c7ed428638b57ea
4180,2025-05-26,3.69,3.71,3.57,3.66,1367188,4974505.48,,,,historical_baseline,,fe33df9ae5456d8ee27133c42c244c81d150008ababc19399c7ed428638b57ea
4180,2025-05-27,3.65,3.66,3.52,3.53,2200957,7838418.43,,,,historical_baseline,,fe33df9ae5456d8ee27133c42c244c81d150008ababc19399c7ed428638b57ea
4180,2025-05-28,3.53,3.65,3.53,3.6,1682094,6065801.91,,,,historical_baseline,,fe33df9ae5456d8ee27133c42c244c81d150008ababc19399c7ed428638b57ea
4180,2025-05-29,3.6,3.69,3.6,3.65,973421,3551977.85,,,,historical_baseline,,fe33df9ae5456d8ee27133c42c244c81d150008ababc19399c7ed428638b57ea
4190,2025-05-01,12.6,12.64,12.54,12.64,1023779,12883391.32,,,,historical_baseline,,fe33df9ae5456d8ee27133c42c244c81d150008ababc19399c7ed428638b57ea
4190,2025-05-04,12.64,12.64,12.52,12.6,631514,7931580.02,,,,historical_baseline,,fe33df9ae5456d8ee27133c42c244c81d150008ababc19399c7ed428638b57ea
4190,2025-05-05,12.58,12.58,12.52,12.52,799887,10037722.92,,,,historical_baseline,,fe33df9ae5456d8ee27133c42c244c81d150008ababc19399c7ed428638b57ea
4190,2025-05-06,12.5,12.6,12.5,12.6,1161150,14565914.46,,,,historical_baseline,,fe33df9ae5456d8ee27133c42c244c81d150008ababc19399c7ed428638b57ea
4190,2025-05-07,12.56,12.6,12.48,12.48,1563072,19567046.98,,,,historical_baseline,,fe33df9ae5456d8ee27133c42c244c81d150008ababc19399c7ed428638b57ea
4190,2025-05-08,12.5,12.56,12.38,12.38,1715796,21336677.56,,,,historical_baseline,,fe33df9ae5456d8ee27133c42c244c81d150008ababc19399c7ed428638b57ea
4190,2025-05-11,12.38,12.52,12.38,12.5,699436,8710715.98,,,,historical_baseline,,fe33df9ae5456d8ee27133c42c244c81d150008ababc19399c7ed428638b57ea
4190,2025-05-12,12.52,12.66,12.52,12.64,1607484,20269734.76,,,,historical_baseline,,fe33df9ae5456d8ee27133c42c244c81d150008ababc19399c7ed428638b57ea
4190,2025-05-13,12.52,12.54,12.4,12.5,1618901,20143195.88,,,,historical_baseline,,fe33df9ae5456d8ee27133c42c244c81d150008ababc19399c7ed428638b57ea
4190,2025-05-14,12.5,12.52,12.42,12.46,1043671,13005661.8,,,,historical_baseline,,fe33df9ae5456d8ee27133c42c244c81d150008ababc19399c7ed428638b57ea
4190,2025-05-15,12.44,12.52,12.4,12.5,1568556,19542855.76,,,,historical_baseline,,fe33df9ae5456d8ee27133c42c244c81d150008ababc19399c7ed428638b57ea
4190,2025-05-18,12.5,12.5,12.42,12.48,498765,6212708.22,,,,historical_baseline,,fe33df9ae5456d8ee27133c42c244c81d150008ababc19399c7ed428638b57ea
4190,2025-05-19,12.44,12.46,12.34,12.44,1528001,18964729.5,,,,historical_baseline,,fe33df9ae5456d8ee27133c42c244c81d150008ababc19399c7ed428638b57ea
4190,2025-05-20,12.4,12.44,12.36,12.38,755441,9361800.72,,,,historical_baseline,,fe33df9ae5456d8ee27133c42c244c81d150008ababc19399c7ed428638b57ea
4190,2025-05-21,12.4,12.44,12.36,12.38,974558,12087838.86,,,,historical_baseline,,fe33df9ae5456d8ee27133c42c244c81d150008ababc19399c7ed428638b57ea
4190,2025-05-22,12.38,12.48,12.32,12.48,1162378,14408122.78,,,,historical_baseline,,fe33df9ae5456d8ee27133c42c244c81d150008ababc19399c7ed428638b57ea
4190,2025-05-25,12.46,12.46,12.34,12.36,779165,9660408.88,,,,historical_baseline,,fe33df9ae5456d8ee27133c42c244c81d150008ababc19399c7ed428638b57ea
4190,2025-05-26,12.38,12.42,12.36,12.42,1355189,16784838.4,,,,historical_baseline,,fe33df9ae5456d8ee27133c42c244c81d150008ababc19399c7ed428638b57ea
4190,2025-05-27,12.4,12.42,12.32,12.32,1601816,19812490.04,,,,historical_baseline,,fe33df9ae5456d8ee27133c42c244c81d150008ababc19399c7ed428638b57ea
4190,2025-05-28,12.34,12.38,12.3,12.36,1197858,14781594.38,,,,historical_baseline,,fe33df9ae5456d8ee27133c42c244c81d150008ababc19399c7ed428638b57ea
4190,2025-05-29,12.38,12.86,12.3,12.86,4830632,61596816.64,,,,historical_baseline,,fe33df9ae5456d8ee27133c42c244c81d150008ababc19399c7ed428638b57ea
4191,2025-05-01,40.3,40.4,39.5,40.0,287139,11464433.5,,,,historical_baseline,,fe33df9ae5456d8ee27133c42c244c81d150008ababc19399c7ed428638b57ea
4191,2025-05-04,40.0,40.25,39.6,40.05,100229,3992178.1,,,,historical_baseline,,fe33df9ae5456d8ee27133c42c244c81d150008ababc19399c7ed428638b57ea
4191,2025-05-05,39.9,41.45,39.85,41.45,455492,18531756.35,,,,historical_baseline,,fe33df9ae5456d8ee27133c42c244c81d150008ababc19399c7ed428638b57ea
4191,2025-05-06,41.5,42.15,40.05,40.05,654188,27033822.95,,,,historical_baseline,,fe33df9ae5456d8ee27133c42c244c81d150008ababc19399c7ed428638b57ea
4191,2025-05-07,40.4,41.1,39.6,40.7,309989,12532947.45,,,,historical_baseline,,fe33df9ae5456d8ee27133c42c244c81d150008ababc19399c7ed428638b57ea
4191,2025-05-08,40.75,40.95,40.0,40.45,233058,9439744.55,,,,historical_baseline,,fe33df9ae5456d8ee27133c42c244c81d150008ababc19399c7ed428638b57ea
4191,2025-05-11,40.6,41.8,40.5,40.9,282026,11571828.2,,,,historical_baseline,,fe33df9ae5456d8ee27133c42c244c81d150008ababc19399c7ed428638b57ea
4191,2025-05-12,41.0,42.0,40.65,41.8,314545,13059300.6,,,,historical_baseline,,fe33df9ae5456d8ee27133c42c244c81d150008ababc19399c7ed428638b57ea
4191,2025-05-13,41.8,42.0,40.1,40.9,355432,14522761.5,,,,historical_baseline,,fe33df9ae5456d8ee27133c42c244c81d150008ababc19399c7ed428638b57ea
4191,2025-05-14,40.95,41.65,40.6,41.3,205531,8454648.0,,,,historical_baseline,,fe33df9ae5456d8ee27133c42c244c81d150008ababc19399c7ed428638b57ea
4191,2025-05-15,41.3,41.3,40.35,41.0,133784,5450158.95,,,,historical_baseline,,fe33df9ae5456d8ee27133c42c244c81d150008ababc19399c7ed428638b57ea
4191,2025-05-18,41.15,41.6,40.6,40.85,160800,6603385.25,,,,historical_baseline,,fe33df9ae5456d8ee27133c42c244c81d150008ababc19399c7ed428638b57ea
4191,2025-05-19,40.75,40.95,39.6,40.05,168268,6768783.4,,,,historical_baseline,,fe33df9ae5456d8ee27133c42c244c81d150008ababc19399c7ed428638b57ea
4191,2025-05-20,40.1,40.5,39.5,40.45,133594,5333810.4,,,,historical_baseline,,fe33df9ae5456d8ee27133c42c244c81d150008ababc19399c7ed428638b57ea
4191,2025-05-21,40.4,40.4,39.35,39.75,128478,5100351.1,,,,historical_baseline,,fe33df9ae5456d8ee27133c42c244c81d150008ababc19399c7ed428638b57ea
4191,2025-05-22,39.1,39.9,39.1,39.6,69211,2734976.75,,,,historical_baseline,,fe33df9ae5456d8ee27133c42c244c81d150008ababc19399c7ed428638b57ea
4191,2025-05-25,39.6,39.7,39.2,39.3,55988,2207843.35,,,,historical_baseline,,fe33df9ae5456d8ee27133c42c244c81d150008ababc19399c7ed428638b57ea
4191,2025-05-26,39.2,39.4,37.3,38.95,235171,8984222.0,,,,historical_baseline,,fe33df9ae5456d8ee27133c42c244c81d150008ababc19399c7ed428638b57ea
4191,2025-05-27,39.4,39.4,37.7,38.0,70214,2672276.55,,,,historical_baseline,,fe33df9ae5456d8ee27133c42c244c81d150008ababc19399c7ed428638b57ea
4191,2025-05-28,37.85,38.4,37.7,38.05,92214,3512556.35,,,,historical_baseline,,fe33df9ae5456d8ee27133c42c244c81d150008ababc19399c7ed428638b57ea
4191,2025-05-29,37.5,38.4,36.65,37.7,139999,5277116.8,,,,historical_baseline,,fe33df9ae5456d8ee27133c42c244c81d150008ababc19399c7ed428638b57ea
4192,2025-05-01,7.25,7.25,7.13,7.18,248139,1779514.46,,,,historical_baseline,,fe33df9ae5456d8ee27133c42c244c81d150008ababc19399c7ed428638b57ea
4192,2025-05-04,7.19,7.23,7.16,7.17,181228,1301066.86,,,,historical_baseline,,fe33df9ae5456d8ee27133c42c244c81d150008ababc19399c7ed428638b57ea
4192,2025-05-05,7.17,7.52,7.13,7.29,1372879,10095185.33,,,,historical_baseline,,fe33df9ae5456d8ee27133c42c244c81d150008ababc19399c7ed428638b57ea
4192,2025-05-06,7.33,7.34,7.11,7.11,343440,2487040.9,,,,historical_baseline,,fe33df9ae5456d8ee27133c42c244c81d150008ababc19399c7ed428638b57ea
4192,2025-05-07,7.11,7.19,7.07,7.16,285413,2036113.01,,,,historical_baseline,,fe33df9ae5456d8ee27133c42c244c81d150008ababc19399c7ed428638b57ea
4192,2025-05-08,7.13,7.21,7.12,7.16,204789,1464175.21,,,,historical_baseline,,fe33df9ae5456d8ee27133c42c244c81d150008ababc19399c7ed428638b57ea
4192,2025-05-11,7.19,7.2,7.13,7.18,163498,1170705.31,,,,historical_baseline,,fe33df9ae5456d8ee27133c42c244c81d150008ababc19399c7ed428638b57ea
4192,2025-05-12,7.18,7.3,7.17,7.27,209899,1520286.73,,,,historical_baseline,,fe33df9ae5456d8ee27133c42c244c81d150008ababc19399c7ed428638b57ea
4192,2025-05-13,7.28,7.33,7.22,7.25,212744,1549766.36,,,,historical_baseline,,fe33df9ae5456d8ee27133c42c244c81d150008ababc19399c7ed428638b57ea
4192,2025-05-14,7.3,7.3,7.24,7.28,143805,1044354.79,,,,historical_baseline,,fe33df9ae5456d8ee27133c42c244c81d150008ababc19399c7ed428638b57ea
4192,2025-05-15,7.28,7.28,7.15,7.15,201890,1456186.71,,,,historical_baseline,,fe33df9ae5456d8ee27133c42c244c81d150008ababc19399c7ed428638b57ea
4192,2025-05-18,7.22,7.24,7.18,7.22,111416,802521.27,,,,historical_baseline,,fe33df9ae5456d8ee27133c42c244c81d150008ababc19399c7ed428638b57ea
4192,2025-05-19,7.18,7.22,7.16,7.18,120514,866075.43,,,,historical_baseline,,fe33df9ae5456d8ee27133c42c244c81d150008ababc19399c7ed428638b57ea
4192,2025-05-20,7.18,7.25,7.17,7.2,100048,720245.16,,,,historical_baseline,,fe33df9ae5456d8ee27133c42c244c81d150008ababc19399c7ed428638b57ea
4192,2025-05-21,7.2,7.21,7.16,7.2,99366,713345.07,,,,historical_baseline,,fe33df9ae5456d8ee27133c42c244c81d150008ababc19399c7ed428638b57ea
4192,2025-05-22,7.2,7.2,7.11,7.19,87194,626497.6,,,,historical_baseline,,fe33df9ae5456d8ee27133c42c244c81d150008ababc19399c7ed428638b57ea
4192,2025-05-25,7.19,7.22,7.15,7.2,77828,558282.21,,,,historical_baseline,,fe33df9ae5456d8ee27133c42c244c81d150008ababc19399c7ed428638b57ea
4192,2025-05-26,7.19,7.26,7.13,7.17,227942,1635917.73,,,,historical_baseline,,fe33df9ae5456d8ee27133c42c244c81d150008ababc19399c7ed428638b57ea
4192,2025-05-27,7.17,7.17,7.0,7.11,292238,2077206.03,,,,historical_baseline,,fe33df9ae5456d8ee27133c42c244c81d150008ababc19399c7ed428638b57ea
4192,2025-05-28,7.08,7.2,7.08,7.19,77865,558152.52,,,,historical_baseline,,fe33df9ae5456d8ee27133c42c244c81d150008ababc19399c7ed428638b57ea
4192,2025-05-29,7.2,7.44,7.2,7.44,965322,7076698.46,,,,historical_baseline,,fe33df9ae5456d8ee27133c42c244c81d150008ababc19399c7ed428638b57ea
4200,2025-05-01,137.6,137.6,134.4,134.6,161226,21762723.0,,,,historical_baseline,,fe33df9ae5456d8ee27133c42c244c81d150008ababc19399c7ed428638b57ea
4200,2025-05-04,134.2,135.0,132.2,134.0,196953,26257939.8,,,,historical_baseline,,fe33df9ae5456d8ee27133c42c244c81d150008ababc19399c7ed428638b57ea
4200,2025-05-05,134.0,134.0,130.4,132.8,253858,33671506.2,,,,historical_baseline,,fe33df9ae5456d8ee27133c42c244c81d150008ababc19399c7ed428638b57ea
4200,2025-05-06,132.8,135.2,132.0,134.0,250629,33495495.6,,,,historical_baseline,,fe33df9ae5456d8ee27133c42c244c81d150008ababc19399c7ed428638b57ea
4200,2025-05-07,133.2,133.6,131.0,131.4,197018,25981542.2,,,,historical_baseline,,fe33df9ae5456d8ee27133c42c244c81d150008ababc19399c7ed428638b57ea
4200,2025-05-08,131.8,131.8,126.4,126.4,563140,71914392.6,,,,historical_baseline,,fe33df9ae5456d8ee27133c42c244c81d150008ababc19399c7ed428638b57ea
4200,2025-05-11,127.2,129.2,126.6,128.4,165142,21147458.0,,,,historical_baseline,,fe33df9ae5456d8ee27133c42c244c81d150008ababc19399c7ed428638b57ea
4200,2025-05-12,128.4,130.0,125.6,128.0,551862,70545457.0,,,,historical_baseline,,fe33df9ae5456d8ee27133c42c244c81d150008ababc19399c7ed428638b57ea
4200,2025-05-13,128.2,132.8,128.2,131.4,520728,68191446.6,,,,historical_baseline,,fe33df9ae5456d8ee27133c42c244c81d150008ababc19399c7ed428638b57ea
4200,2025-05-14,131.4,132.4,130.0,130.2,215356,28238859.6,,,,historical_baseline,,fe33df9ae5456d8ee27133c42c244c81d150008ababc19399c7ed428638b57ea
4200,2025-05-15,130.2,131.2,129.4,129.4,239869,31288849.2,,,,historical_baseline,,fe33df9ae5456d8ee27133c42c244c81d150008ababc19399c7ed428638b57ea
4200,2025-05-18,129.4,131.6,129.0,129.6,114182,14899719.4,,,,historical_baseline,,fe33df9ae5456d8ee27133c42c244c81d150008ababc19399c7ed428638b57ea
4200,2025-05-19,129.8,129.8,127.0,128.2,177593,22713474.6,,,,historical_baseline,,fe33df9ae5456d8ee27133c42c244c81d150008ababc19399c7ed428638b57ea
4200,2025-05-20,128.0,128.8,126.8,126.8,241787,30793055.8,,,,historical_baseline,,fe33df9ae5456d8ee27133c42c244c81d150008ababc19399c7ed428638b57ea
4200,2025-05-21,126.8,128.4,126.2,126.6,187323,23814624.0,,,,historical_baseline,,fe33df9ae5456d8ee27133c42c244c81d150008ababc19399c7ed428638b57ea
4200,2025-05-22,126.6,127.6,124.8,126.0,278728,35199766.4,,,,historical_baseline,,fe33df9ae5456d8ee27133c42c244c81d150008ababc19399c7ed428638b57ea
4200,2025-05-25,126.0,126.4,124.4,126.0,156715,19689379.6,,,,historical_baseline,,fe33df9ae5456d8ee27133c42c244c81d150008ababc19399c7ed428638b57ea
4200,2025-05-26,126.2,126.2,122.0,123.0,227992,28153264.8,,,,historical_baseline,,fe33df9ae5456d8ee27133c42c244c81d150008ababc19399c7ed428638b57ea
4200,2025-05-27,123.8,123.8,119.0,120.0,267300,32168435.8,,,,historical_baseline,,fe33df9ae5456d8ee27133c42c244c81d150008ababc19399c7ed428638b57ea
4200,2025-05-28,120.0,123.4,120.0,122.2,191399,23391184.6,,,,historical_baseline,,fe33df9ae5456d8ee27133c42c244c81d150008ababc19399c7ed428638b57ea
4200,2025-05-29,122.2,123.8,121.2,122.2,269159,32956999.8,,,,historical_baseline,,fe33df9ae5456d8ee27133c42c244c81d150008ababc19399c7ed428638b57ea
4210,2025-05-01,173.2,173.2,166.6,167.2,60581,10228213.6,,,,historical_baseline,,fe33df9ae5456d8ee27133c42c244c81d150008ababc19399c7ed428638b57ea
4210,2025-05-04,167.6,168.4,162.0,162.8,40621,6698242.6,,,,historical_baseline,,fe33df9ae5456d8ee27133c42c244c81d150008ababc19399c7ed428638b57ea
4210,2025-05-05,162.2,165.4,160.0,161.2,69211,11247496.4,,,,historical_baseline,,fe33df9ae5456d8ee27133c42c244c81d150008ababc19399c7ed428638b57ea
4210,2025-05-06,162.4,163.2,160.0,162.6,84954,13726820.4,,,,historical_baseline,,fe33df9ae5456d8ee27133c42c244c81d150008ababc19399c7ed428638b57ea
4210,2025-05-07,161.0,163.0,160.8,162.0,46044,7453925.6,,,,historical_baseline,,fe33df9ae5456d8ee27133c42c244c81d150008ababc19399c7ed428638b57ea
4210,2025-05-08,161.4,161.6,154.6,155.0,100488,15792864.2,,,,historical_baseline,,fe33df9ae5456d8ee27133c42c244c81d150008ababc19399c7ed428638b57ea
4210,2025-05-11,156.0,156.8,151.0,152.8,47607,7286417.4,,,,historical_baseline,,fe33df9ae5456d8ee27133c42c244c81d150008ababc19399c7ed428638b57ea
4210,2025-05-12,147.8,155.8,146.0,155.0,111367,17008528.0,,,,historical_baseline,,fe33df9ae5456d8ee27133c42c244c81d150008ababc19399c7ed428638b57ea
4210,2025-05-13,155.6,157.0,150.4,151.8,89450,13660871.6,,,,historical_baseline,,fe33df9ae5456d8ee27133c42c244c81d150008ababc19399c7ed428638b57ea
4210,2025-05-14,151.8,154.2,151.2,151.2,61678,9407291.4,,,,historical_baseline,,fe33df9ae5456d8ee27133c42c244c81d150008ababc19399c7ed428638b57ea
4210,2025-05-15,152.8,160.0,152.6,152.6,210330,32840712.8,,,,historical_baseline,,fe33df9ae5456d8ee27133c42c244c81d150008ababc19399c7ed428638b57ea
4210,2025-05-18,153.0,154.6,152.0,153.2,33894,5193307.8,,,,historical_baseline,,fe33df9ae5456d8ee27133c42c244c81d150008ababc19399c7ed428638b57ea
4210,2025-05-19,152.8,153.2,148.8,150.2,49105,7406007.4,,,,historical_baseline,,fe33df9ae5456d8ee27133c42c244c81d150008ababc19399c7ed428638b57ea
4210,2025-05-20,152.0,152.8,146.2,147.0,112483,16663002.6,,,,historical_baseline,,fe33df9ae5456d8ee27133c42c244c81d150008ababc19399c7ed428638b57ea
4210,2025-05-21,146.8,149.8,146.0,146.0,59825,8811958.6,,,,historical_baseline,,fe33df9ae5456d8ee27133c42c244c81d150008ababc19399c7ed428638b57ea
4210,2025-05-22,149.0,149.0,141.2,141.6,101559,14479273.4,,,,historical_baseline,,fe33df9ae5456d8ee27133c42c244c81d150008ababc19399c7ed428638b57ea
4210,2025-05-25,141.6,141.6,138.8,139.2,41791,5841717.4,,,,historical_baseline,,fe33df9ae5456d8ee27133c42c244c81d150008ababc19399c7ed428638b57ea
4210,2025-05-26,139.0,143.4,138.2,142.8,46192,6518453.4,,,,historical_baseline,,fe33df9ae5456d8ee27133c42c244c81d150008ababc19399c7ed428638b57ea
4210,2025-05-27,143.2,143.2,136.4,137.0,63081,8728312.0,,,,historical_baseline,,fe33df9ae5456d8ee27133c42c244c81d150008ababc19399c7ed428638b57ea
4210,2025-05-28,136.2,140.0,136.2,138.2,48345,6690058.6,,,,historical_baseline,,fe33df9ae5456d8ee27133c42c244c81d150008ababc19399c7ed428638b57ea
4210,2025-05-29,138.2,143.4,136.4,143.4,132194,18703834.6,,,,historical_baseline,,fe33df9ae5456d8ee27133c42c244c81d150008ababc19399c7ed428638b57ea
4220,2025-05-01,14.92,15.12,14.58,14.66,180949,2672851.46,,,,historical_baseline,,fe33df9ae5456d8ee27133c42c244c81d150008ababc19399c7ed428638b57ea
4220,2025-05-04,14.66,14.88,14.0,14.0,108290,1565563.78,,,,historical_baseline,,fe33df9ae5456d8ee27133c42c244c81d150008ababc19399c7ed428638b57ea
4220,2025-05-05,13.9,14.2,13.7,13.92,187124,2623614.6,,,,historical_baseline,,fe33df9ae5456d8ee27133c42c244c81d150008ababc19399c7ed428638b57ea
4220,2025-05-06,14.16,14.3,13.7,13.86,384138,5329205.18,,,,historical_baseline,,fe33df9ae5456d8ee27133c42c244c81d150008ababc19399c7ed428638b57ea
4220,2025-05-07,13.68,13.78,13.36,13.48,253066,3414353.56,,,,historical_baseline,,fe33df9ae5456d8ee27133c42c244c81d150008ababc19399c7ed428638b57ea
4220,2025-05-08,13.4,13.58,13.28,13.58,109735,1472391.06,,,,historical_baseline,,fe33df9ae5456d8ee27133c42c244c81d150008ababc19399c7ed428638b57ea
4220,2025-05-11,13.58,13.68,13.34,13.5,117963,1590050.08,,,,historical_baseline,,fe33df9ae5456d8ee27133c42c244c81d150008ababc19399c7ed428638b57ea
4220,2025-05-12,13.48,13.74,13.46,13.74,156594,2128246.56,,,,historical_baseline,,fe33df9ae5456d8ee27133c42c244c81d150008ababc19399c7ed428638b57ea
4220,2025-05-13,13.84,13.84,13.48,13.72,218256,2981012.9,,,,historical_baseline,,fe33df9ae5456d8ee27133c42c244c81d150008ababc19399c7ed428638b57ea
4220,2025-05-14,13.72,13.86,13.6,13.78,199155,2733157.14,,,,historical_baseline,,fe33df9ae5456d8ee27133c42c244c81d150008ababc19399c7ed428638b57ea
4220,2025-05-15,13.5,14.36,13.38,13.64,902334,12540992.88,,,,historical_baseline,,fe33df9ae5456d8ee27133c42c244c81d150008ababc19399c7ed428638b57ea
4220,2025-05-18,13.7,13.82,13.44,13.5,116315,1578427.46,,,,historical_baseline,,fe33df9ae5456d8ee27133c42c244c81d150008ababc19399c7ed428638b57ea
4220,2025-05-19,13.6,13.7,13.46,13.66,55016,748236.7,,,,historical_baseline,,fe33df9ae5456d8ee27133c42c244c81d150008ababc19399c7ed428638b57ea
4220,2025-05-20,13.6,13.68,13.4,13.4,198648,2685079.84,,,,historical_baseline,,fe33df9ae5456d8ee27133c42c244c81d150008ababc19399c7ed428638b57ea
4220,2025-05-21,13.44,13.48,13.24,13.44,96350,1287106.06,,,,historical_baseline,,fe33df9ae5456d8ee27133c42c244c81d150008ababc19399c7ed428638b57ea
4220,2025-05-22,13.24,13.38,13.0,13.26,144107,1906498.34,,,,historical_baseline,,fe33df9ae5456d8ee27133c42c244c81d150008ababc19399c7ed428638b57ea
4220,2025-05-25,13.26,13.3,12.8,13.08,220186,2848835.2,,,,historical_baseline,,fe33df9ae5456d8ee27133c42c244c81d150008ababc19399c7ed428638b57ea
4220,2025-05-26,12.82,12.98,12.66,12.86,114359,1465131.02,,,,historical_baseline,,fe33df9ae5456d8ee27133c42c244c81d150008ababc19399c7ed428638b57ea
4220,2025-05-27,12.86,12.86,12.48,12.58,140370,1762756.16,,,,historical_baseline,,fe33df9ae5456d8ee27133c42c244c81d150008ababc19399c7ed428638b57ea
4220,2025-05-28,12.58,12.76,12.5,12.74,125896,1596577.98,,,,historical_baseline,,fe33df9ae5456d8ee27133c42c244c81d150008ababc19399c7ed428638b57ea
4220,2025-05-29,12.68,12.84,12.6,12.78,109060,1390597.38,,,,historical_baseline,,fe33df9ae5456d8ee27133c42c244c81d150008ababc19399c7ed428638b57ea
4230,2025-05-01,44.5,44.8,43.2,43.7,248631,10901966.75,,,,historical_baseline,,fe33df9ae5456d8ee27133c42c244c81d150008ababc19399c7ed428638b57ea
4230,2025-05-04,43.75,46.25,43.05,43.05,686996,30766524.75,,,,historical_baseline,,fe33df9ae5456d8ee27133c42c244c81d150008ababc19399c7ed428638b57ea
4230,2025-05-05,43.35,43.8,42.7,43.5,435413,18853233.4,,,,historical_baseline,,fe33df9ae5456d8ee27133c42c244c81d150008ababc19399c7ed428638b57ea
4230,2025-05-06,43.05,44.6,43.05,43.5,412561,18097699.6,,,,historical_baseline,,fe33df9ae5456d8ee27133c42c244c81d150008ababc19399c7ed428638b57ea
4230,2025-05-07,43.5,43.5,42.35,42.6,255408,10950363.75,,,,historical_baseline,,fe33df9ae5456d8ee27133c42c244c81d150008ababc19399c7ed428638b57ea
4230,2025-05-08,42.05,42.85,41.55,42.0,168498,7087006.95,,,,historical_baseline,,fe33df9ae5456d8ee27133c42c244c81d150008ababc19399c7ed428638b57ea
4230,2025-05-11,42.3,42.5,41.3,41.4,130955,5464687.75,,,,historical_baseline,,fe33df9ae5456d8ee27133c42c244c81d150008ababc19399c7ed428638b57ea
4230,2025-05-12,41.9,43.7,41.65,43.6,547770,23579985.45,,,,historical_baseline,,fe33df9ae5456d8ee27133c42c244c81d150008ababc19399c7ed428638b57ea
4230,2025-05-13,43.85,43.85,42.85,43.15,234427,10150617.7,,,,historical_baseline,,fe33df9ae5456d8ee27133c42c244c81d150008ababc19399c7ed428638b57ea
4230,2025-05-14,43.4,44.6,42.3,42.6,498996,21498741.5,,,,historical_baseline,,fe33df9ae5456d8ee27133c42c244c81d150008ababc19399c7ed428638b57ea
4230,2025-05-15,42.95,43.4,41.85,42.8,310014,13210289.8,,,,historical_baseline,,fe33df9ae5456d8ee27133c42c244c81d150008ababc19399c7ed428638b57ea
4230,2025-05-18,42.8,44.65,42.8,43.2,677586,29637946.65,,,,historical_baseline,,fe33df9ae5456d8ee27133c42c244c81d150008ababc19399c7ed428638b57ea
4230,2025-05-19,43.5,43.5,41.15,41.4,529617,22124441.3,,,,historical_baseline,,fe33df9ae5456d8ee27133c42c244c81d150008ababc19399c7ed428638b57ea
4230,2025-05-20,41.4,41.8,41.1,41.4,211088,8746206.05,,,,historical_baseline,,fe33df9ae5456d8ee27133c42c244c81d150008ababc19399c7ed428638b57ea
4230,2025-05-21,41.3,41.35,39.9,40.15,285223,11535548.9,,,,historical_baseline,,fe33df9ae5456d8ee27133c42c244c81d150008ababc19399c7ed428638b57ea
4230,2025-05-22,39.05,40.2,39.0,39.75,245853,9759770.6,,,,historical_baseline,,fe33df9ae5456d8ee27133c42c244c81d150008ababc19399c7ed428638b57ea
4230,2025-05-25,39.75,40.6,39.3,39.4,217811,8693827.8,,,,historical_baseline,,fe33df9ae5456d8ee27133c42c244c81d150008ababc19399c7ed428638b57ea
4230,2025-05-26,39.55,39.9,38.0,38.45,227872,8844401.25,,,,historical_baseline,,fe33df9ae5456d8ee27133c42c244c81d150008ababc19399c7ed428638b57ea
4230,2025-05-27,38.55,38.75,37.0,37.05,177394,6668176.95,,,,historical_baseline,,fe33df9ae5456d8ee27133c42c244c81d150008ababc19399c7ed428638b57ea
4230,2025-05-28,37.15,38.2,37.0,37.85,254867,9623571.85,,,,historical_baseline,,fe33df9ae5456d8ee27133c42c244c81d150008ababc19399c7ed428638b57ea
4230,2025-05-29,37.85,38.45,37.5,38.1,186905,7104215.55,,,,historical_baseline,,fe33df9ae5456d8ee27133c42c244c81d150008ababc19399c7ed428638b57ea
4240,2025-05-01,13.78,13.8,13.18,13.36,1101147,14711013.92,,,,historical_baseline,,fe33df9ae5456d8ee27133c42c244c81d150008ababc19399c7ed428638b57ea
4240,2025-05-04,13.34,13.4,12.9,12.9,535964,7046477.88,,,,historical_baseline,,fe33df9ae5456d8ee27133c42c244c81d150008ababc19399c7ed428638b57ea
4240,2025-05-05,12.88,14.18,12.76,14.18,1587549,21726299.08,,,,historical_baseline,,fe33df9ae5456d8ee27133c42c244c81d150008ababc19399c7ed428638b57ea
4240,2025-05-06,14.6,15.58,14.44,15.58,5272927,80001938.24,,,,historical_baseline,,fe33df9ae5456d8ee27133c42c244c81d150008ababc19399c7ed428638b57ea
4240,2025-05-07,15.72,16.5,15.0,15.44,5256246,84129425.86,,,,historical_baseline,,fe33df9ae5456d8ee27133c42c244c81d150008ababc19399c7ed428638b57ea
4240,2025-05-08,15.48,16.64,15.46,16.0,7685329,121245299.68,,,,historical_baseline,,fe33df9ae5456d8ee27133c42c244c81d150008ababc19399c7ed428638b57ea
4240,2025-05-11,16.06,16.3,14.82,14.94,2495734,38654496.64,,,,historical_baseline,,fe33df9ae5456d8ee27133c42c244c81d150008ababc19399c7ed428638b57ea
4240,2025-05-12,15.38,16.42,15.2,15.52,6523438,103584696.6,,,,historical_baseline,,fe33df9ae5456d8ee27133c42c244c81d150008ababc19399c7ed428638b57ea
4240,2025-05-13,15.64,16.3,15.46,15.94,3595054,57298972.54,,,,historical_baseline,,fe33df9ae5456d8ee27133c42c244c81d150008ababc19399c7ed428638b57ea
4240,2025-05-14,16.1,17.52,16.02,17.38,5878844,99684706.28,,,,historical_baseline,,fe33df9ae5456d8ee27133c42c244c81d150008ababc19399c7ed428638b57ea
4240,2025-05-15,17.5,17.66,16.92,17.18,4334713,74155442.46,,,,historical_baseline,,fe33df9ae5456d8ee27133c42c244c81d150008ababc19399c7ed428638b57ea
4240,2025-05-18,17.5,17.92,16.7,16.8,3089553,53747485.84,,,,historical_baseline,,fe33df9ae5456d8ee27133c42c244c81d150008ababc19399c7ed428638b57ea
4240,2025-05-19,16.84,17.74,16.64,17.54,3392823,58620407.32,,,,historical_baseline,,fe33df9ae5456d8ee27133c42c244c81d150008ababc19399c7ed428638b57ea
4240,2025-05-20,17.72,17.78,17.2,17.26,1847392,32233811.06,,,,historical_baseline,,fe33df9ae5456d8ee27133c42c244c81d150008ababc19399c7ed428638b57ea
4240,2025-05-21,17.36,17.66,17.04,17.32,2175445,37722894.9,,,,historical_baseline,,fe33df9ae5456d8ee27133c42c244c81d150008ababc19399c7ed428638b57ea
4240,2025-05-22,17.36,17.5,16.72,16.72,1412625,24185662.12,,,,historical_baseline,,fe33df9ae5456d8ee27133c42c244c81d150008ababc19399c7ed428638b57ea
4240,2025-05-25,16.9,17.28,16.5,16.74,1576254,26764453.8,,,,historical_baseline,,fe33df9ae5456d8ee27133c42c244c81d150008ababc19399c7ed428638b57ea
4240,2025-05-26,16.9,17.08,16.2,16.2,1960329,32526715.1,,,,historical_baseline,,fe33df9ae5456d8ee27133c42c244c81d150008ababc19399c7ed428638b57ea
4240,2025-05-27,16.28,16.34,15.5,15.6,1567732,24802438.48,,,,historical_baseline,,fe33df9ae5456d8ee27133c42c244c81d150008ababc19399c7ed428638b57ea
4240,2025-05-28,15.66,17.08,15.66,16.5,4766091,78767738.94,,,,historical_baseline,,fe33df9ae5456d8ee27133c42c244c81d150008ababc19399c7ed428638b57ea
4240,2025-05-29,16.8,16.84,16.16,16.22,1498451,24577538.04,,,,historical_baseline,,fe33df9ae5456d8ee27133c42c244c81d150008ababc19399c7ed428638b57ea
4250,2025-05-01,25.55,25.6,24.96,25.15,2001097,50291638.11,,,,historical_baseline,,fe33df9ae5456d8ee27133c42c244c81d150008ababc19399c7ed428638b57ea
4250,2025-05-04,25.05,25.35,24.9,25.1,1496843,37634105.11,,,,historical_baseline,,fe33df9ae5456d8ee27133c42c244c81d150008ababc19399c7ed428638b57ea
4250,2025-05-05,24.94,25.65,24.82,25.55,2362817,59829211.32,,,,historical_baseline,,fe33df9ae5456d8ee27133c42c244c81d150008ababc19399c7ed428638b57ea
4250,2025-05-06,25.6,25.7,25.25,25.3,1407719,35762941.0,,,,historical_baseline,,fe33df9ae5456d8ee27133c42c244c81d150008ababc19399c7ed428638b57ea
4250,2025-05-07,25.1,25.5,24.5,25.5,3742255,93222435.22,,,,historical_baseline,,fe33df9ae5456d8ee27133c42c244c81d150008ababc19399c7ed428638b57ea
4250,2025-05-08,25.35,25.45,24.92,25.15,1941660,48858583.93,,,,historical_baseline,,fe33df9ae5456d8ee27133c42c244c81d150008ababc19399c7ed428638b57ea
4250,2025-05-11,24.9,24.9,23.88,24.44,5056997,122680495.32,,,,historical_baseline,,fe33df9ae5456d8ee27133c42c244c81d150008ababc19399c7ed428638b57ea
4250,2025-05-12,24.42,25.0,24.38,24.92,2032206,50494531.36,,,,historical_baseline,,fe33df9ae5456d8ee27133c42c244c81d150008ababc19399c7ed428638b57ea
4250,2025-05-13,24.94,25.45,24.72,25.4,3113243,78391714.38,,,,historical_baseline,,fe33df9ae5456d8ee27133c42c244c81d150008ababc19399c7ed428638b57ea
4250,2025-05-14,25.45,25.5,24.82,24.9,5820187,145435837.65,,,,historical_baseline,,fe33df9ae5456d8ee27133c42c244c81d150008ababc19399c7ed428638b57ea
4250,2025-05-15,24.9,25.1,24.78,24.84,2986514,74382213.92,,,,historical_baseline,,fe33df9ae5456d8ee27133c42c244c81d150008ababc19399c7ed428638b57ea
4250,2025-05-18,24.82,24.84,24.0,24.0,3322893,80787101.8,,,,historical_baseline,,fe33df9ae5456d8ee27133c42c244c81d150008ababc19399c7ed428638b57ea
4250,2025-05-19,23.96,24.26,23.5,23.56,6642441,158876821.92,,,,historical_baseline,,fe33df9ae5456d8ee27133c42c244c81d150008ababc19399c7ed428638b57ea
4250,2025-05-20,23.58,24.24,23.58,24.1,4603612,110538818.1,,,,historical_baseline,,fe33df9ae5456d8ee27133c42c244c81d150008ababc19399c7ed428638b57ea
4250,2025-05-21,24.2,24.2,23.78,23.94,2575173,61648109.02,,,,historical_baseline,,fe33df9ae5456d8ee27133c42c244c81d150008ababc19399c7ed428638b57ea
4250,2025-05-22,23.86,24.24,23.6,23.74,4976038,118967686.96,,,,historical_baseline,,fe33df9ae5456d8ee27133c42c244c81d150008ababc19399c7ed428638b57ea
4250,2025-05-25,23.74,23.98,23.5,23.68,2670862,63314687.24,,,,historical_baseline,,fe33df9ae5456d8ee27133c42c244c81d150008ababc19399c7ed428638b57ea
4250,2025-05-26,23.9,23.9,22.52,22.7,6508326,149927146.16,,,,historical_baseline,,fe33df9ae5456d8ee27133c42c244c81d150008ababc19399c7ed428638b57ea
4250,2025-05-27,22.9,22.92,21.84,21.96,7308011,161795183.26,,,,historical_baseline,,fe33df9ae5456d8ee27133c42c244c81d150008ababc19399c7ed428638b57ea
4250,2025-05-28,22.14,22.56,21.58,22.56,6833480,151263707.5,,,,historical_baseline,,fe33df9ae5456d8ee27133c42c244c81d150008ababc19399c7ed428638b57ea
4250,2025-05-29,22.58,22.76,21.54,21.54,58750401,1272197590.74,,,,historical_baseline,,fe33df9ae5456d8ee27133c42c244c81d150008ababc19399c7ed428638b57ea
4260,2025-05-01,55.19,55.19,53.32,53.99,731493,39769024.4,,,,historical_baseline,,fe33df9ae5456d8ee27133c42c244c81d150008ababc19399c7ed428638b57ea
4260,2025-05-04,54.14,54.14,52.34,52.78,467283,24779108.0,,,,historical_baseline,,fe33df9ae5456d8ee27133c42c244c81d150008ababc19399c7ed428638b57ea
4260,2025-05-05,52.42,53.53,51.89,52.93,756888,40003714.4,,,,historical_baseline,,fe33df9ae5456d8ee27133c42c244c81d150008ababc19399c7ed428638b57ea
4260,2025-05-06,52.93,53.76,52.72,53.02,465737,24728687.1,,,,historical_baseline,,fe33df9ae5456d8ee27133c42c244c81d150008ababc19399c7ed428638b57ea
4260,2025-05-07,53.47,54.44,52.78,54.21,698433,37402596.2,,,,historical_baseline,,fe33df9ae5456d8ee27133c42c244c81d150008ababc19399c7ed428638b57ea
4260,2025-05-08,54.44,54.59,53.47,54.44,274365,14840365.8,,,,historical_baseline,,fe33df9ae5456d8ee27133c42c244c81d150008ababc19399c7ed428638b57ea
4260,2025-05-11,54.65,54.89,53.76,54.06,437720,23731780.4,,,,historical_baseline,,fe33df9ae5456d8ee27133c42c244c81d150008ababc19399c7ed428638b57ea
4260,2025-05-12,54.14,56.07,54.14,55.48,464844,25733616.8,,,,historical_baseline,,fe33df9ae5456d8ee27133c42c244c81d150008ababc19399c7ed428638b57ea
4260,2025-05-13,54.65,56.01,54.5,55.71,632300,35020939.9,,,,historical_baseline,,fe33df9ae5456d8ee27133c42c244c81d150008ababc19399c7ed428638b57ea
4260,2025-05-14,56.01,56.01,54.44,54.95,660911,36469055.3,,,,historical_baseline,,fe33df9ae5456d8ee27133c42c244c81d150008ababc19399c7ed428638b57ea
4260,2025-05-15,54.89,55.19,54.65,54.95,160528,8820081.9,,,,historical_baseline,,fe33df9ae5456d8ee27133c42c244c81d150008ababc19399c7ed428638b57ea
4260,2025-05-18,54.95,55.41,54.74,54.8,166554,9175543.7,,,,historical_baseline,,fe33df9ae5456d8ee27133c42c244c81d150008ababc19399c7ed428638b57ea
4260,2025-05-19,54.89,54.89,52.93,53.38,364568,19574582.1,,,,historical_baseline,,fe33df9ae5456d8ee27133c42c244c81d150008ababc19399c7ed428638b57ea
4260,2025-05-20,53.38,53.76,52.93,53.53,237928,12694174.1,,,,historical_baseline,,fe33df9ae5456d8ee27133c42c244c81d150008ababc19399c7ed428638b57ea
4260,2025-05-21,53.53,53.84,52.42,52.42,541147,28691893.7,,,,historical_baseline,,fe33df9ae5456d8ee27133c42c244c81d150008ababc19399c7ed428638b57ea
4260,2025-05-22,52.49,53.32,52.42,52.72,332898,17617434.8,,,,historical_baseline,,fe33df9ae5456d8ee27133c42c244c81d150008ababc19399c7ed428638b57ea
4260,2025-05-25,52.72,53.32,52.42,52.42,106174,5600068.5,,,,historical_baseline,,fe33df9ae5456d8ee27133c42c244c81d150008ababc19399c7ed428638b57ea
4260,2025-05-26,52.42,52.72,51.36,52.19,148276,7734605.8,,,,historical_baseline,,fe33df9ae5456d8ee27133c42c244c81d150008ababc19399c7ed428638b57ea
4260,2025-05-27,52.04,52.72,50.55,50.85,272391,13980618.7,,,,historical_baseline,,fe33df9ae5456d8ee27133c42c244c81d150008ababc19399c7ed428638b57ea
4260,2025-05-28,51.06,52.93,51.06,52.34,385040,20095956.2,,,,historical_baseline,,fe33df9ae5456d8ee27133c42c244c81d150008ababc19399c7ed428638b57ea
4260,2025-05-29,52.34,53.02,51.66,53.02,257787,13502348.7,,,,historical_baseline,,fe33df9ae5456d8ee27133c42c244c81d150008ababc19399c7ed428638b57ea
4261,2025-05-01,43.53,43.92,43.01,43.6,140197,6087993.2,,,,historical_baseline,,fe33df9ae5456d8ee27133c42c244c81d150008ababc19399c7ed428638b57ea
4261,2025-05-04,43.4,43.4,42.75,42.88,63913,2744050.0,,,,historical_baseline,,fe33df9ae5456d8ee27133c42c244c81d150008ababc19399c7ed428638b57ea
4261,2025-05-05,42.88,42.88,42.03,42.55,193846,8222576.8,,,,historical_baseline,,fe33df9ae5456d8ee27133c42c244c81d150008ababc19399c7ed428638b57ea
4261,2025-05-06,42.88,43.53,42.49,43.14,101375,4359841.5,,,,historical_baseline,,fe33df9ae5456d8ee27133c42c244c81d150008ababc19399c7ed428638b57ea
4261,2025-05-07,43.01,43.86,42.81,43.6,93151,4045055.2,,,,historical_baseline,,fe33df9ae5456d8ee27133c42c244c81d150008ababc19399c7ed428638b57ea
4261,2025-05-08,43.66,43.79,42.23,42.49,191903,8177844.5,,,,historical_baseline,,fe33df9ae5456d8ee27133c42c244c81d150008ababc19399c7ed428638b57ea
4261,2025-05-11,42.55,43.14,42.36,43.01,82037,3508409.0,,,,historical_baseline,,fe33df9ae5456d8ee27133c42c244c81d150008ababc19399c7ed428638b57ea
4261,2025-05-12,43.01,43.33,42.75,43.33,142801,6155584.4,,,,historical_baseline,,fe33df9ae5456d8ee27133c42c244c81d150008ababc19399c7ed428638b57ea
4261,2025-05-13,43.33,43.66,42.81,43.6,159985,6921772.4,,,,historical_baseline,,fe33df9ae5456d8ee27133c42c244c81d150008ababc19399c7ed428638b57ea
4261,2025-05-14,43.79,44.05,43.01,43.33,180659,7842814.2,,,,historical_baseline,,fe33df9ae5456d8ee27133c42c244c81d150008ababc19399c7ed428638b57ea
4261,2025-05-15,43.27,43.27,42.81,43.07,71970,3092095.6,,,,historical_baseline,,fe33df9ae5456d8ee27133c42c244c81d150008ababc19399c7ed428638b57ea
4261,2025-05-18,43.07,43.33,42.94,42.94,53148,2290094.5,,,,historical_baseline,,fe33df9ae5456d8ee27133c42c244c81d150008ababc19399c7ed428638b57ea
4261,2025-05-19,43.01,43.07,42.55,42.75,83910,3597540.1,,,,historical_baseline,,fe33df9ae5456d8ee27133c42c244c81d150008ababc19399c7ed428638b57ea
4261,2025-05-20,42.94,43.73,42.75,43.6,182556,7905780.1,,,,historical_baseline,,fe33df9ae5456d8ee27133c42c244c81d150008ababc19399c7ed428638b57ea
4261,2025-05-21,43.66,43.66,42.62,42.81,50892,2187780.5,,,,historical_baseline,,fe33df9ae5456d8ee27133c42c244c81d150008ababc19399c7ed428638b57ea
4261,2025-05-22,42.88,42.88,41.84,41.97,111557,4708966.9,,,,historical_baseline,,fe33df9ae5456d8ee27133c42c244c81d150008ababc19399c7ed428638b57ea
4261,2025-05-25,42.03,42.42,41.71,42.03,67048,2819027.2,,,,historical_baseline,,fe33df9ae5456d8ee27133c42c244c81d150008ababc19399c7ed428638b57ea
4261,2025-05-26,42.03,42.36,41.51,41.84,78594,3290788.6,,,,historical_baseline,,fe33df9ae5456d8ee27133c42c244c81d150008ababc19399c7ed428638b57ea
4261,2025-05-27,41.84,42.03,40.99,41.18,119500,4942457.7,,,,historical_baseline,,fe33df9ae5456d8ee27133c42c244c81d150008ababc19399c7ed428638b57ea
4261,2025-05-28,41.38,42.68,41.38,42.55,101590,4279079.8,,,,historical_baseline,,fe33df9ae5456d8ee27133c42c244c81d150008ababc19399c7ed428638b57ea
4261,2025-05-29,42.75,43.27,42.36,43.2,121079,5211496.4,,,,historical_baseline,,fe33df9ae5456d8ee27133c42c244c81d150008ababc19399c7ed428638b57ea
4262,2025-05-01,61.9,61.9,61.1,61.4,107494,6602713.6,,,,historical_baseline,,fe33df9ae5456d8ee27133c42c244c81d150008ababc19399c7ed428638b57ea
4262,2025-05-04,62.1,62.1,60.7,60.8,67336,4135619.7,,,,historical_baseline,,fe33df9ae5456d8ee27133c42c244c81d150008ababc19399c7ed428638b57ea
4262,2025-05-05,60.8,61.8,60.0,61.8,118153,7178508.1,,,,historical_baseline,,fe33df9ae5456d8ee27133c42c244c81d150008ababc19399c7ed428638b57ea
4262,2025-05-06,61.8,62.7,61.0,61.6,113807,7053109.8,,,,historical_baseline,,fe33df9ae5456d8ee27133c42c244c81d150008ababc19399c7ed428638b57ea
4262,2025-05-07,63.1,64.2,61.7,62.0,470904,29689567.2,,,,historical_baseline,,fe33df9ae5456d8ee27133c42c244c81d150008ababc19399c7ed428638b57ea
4262,2025-05-08,62.4,62.9,61.6,62.0,139907,8686309.0,,,,historical_baseline,,fe33df9ae5456d8ee27133c42c244c81d150008ababc19399c7ed428638b57ea
4262,2025-05-11,62.0,62.4,61.3,62.0,103098,6375868.7,,,,historical_baseline,,fe33df9ae5456d8ee27133c42c244c81d150008ababc19399c7ed428638b57ea
4262,2025-05-12,62.0,64.0,62.0,63.3,275340,17474938.9,,,,historical_baseline,,fe33df9ae5456d8ee27133c42c244c81d150008ababc19399c7ed428638b57ea
4262,2025-05-13,63.7,65.8,63.5,64.9,336631,21691107.1,,,,historical_baseline,,fe33df9ae5456d8ee27133c42c244c81d150008ababc19399c7ed428638b57ea
4262,2025-05-14,64.9,66.2,64.4,66.2,209232,13697027.7,,,,historical_baseline,,fe33df9ae5456d8ee27133c42c244c81d150008ababc19399c7ed428638b57ea
4262,2025-05-15,66.4,67.4,65.7,67.0,240704,16017635.6,,,,historical_baseline,,fe33df9ae5456d8ee27133c42c244c81d150008ababc19399c7ed428638b57ea
4262,2025-05-18,67.0,67.7,65.7,66.0,179059,11945499.1,,,,historical_baseline,,fe33df9ae5456d8ee27133c42c244c81d150008ababc19399c7ed428638b57ea
4262,2025-05-19,66.2,66.2,64.0,65.1,301240,19527601.9,,,,historical_baseline,,fe33df9ae5456d8ee27133c42c244c81d150008ababc19399c7ed428638b57ea
4262,2025-05-20,65.9,65.9,64.4,64.5,160232,10380350.4,,,,historical_baseline,,fe33df9ae5456d8ee27133c42c244c81d150008ababc19399c7ed428638b57ea
4262,2025-05-21,64.7,65.3,63.0,63.0,83254,5339861.0,,,,historical_baseline,,fe33df9ae5456d8ee27133c42c244c81d150008ababc19399c7ed428638b57ea
4262,2025-05-22,62.8,64.2,62.8,63.6,59309,3764812.5,,,,historical_baseline,,fe33df9ae5456d8ee27133c42c244c81d150008ababc19399c7ed428638b57ea
4262,2025-05-25,63.7,64.1,63.0,64.1,65377,4156761.0,,,,historical_baseline,,fe33df9ae5456d8ee27133c42c244c81d150008ababc19399c7ed428638b57ea
4262,2025-05-26,64.1,64.3,61.3,62.1,169555,10578720.6,,,,historical_baseline,,fe33df9ae5456d8ee27133c42c244c81d150008ababc19399c7ed428638b57ea
4262,2025-05-27,62.0,62.1,59.8,60.5,189504,11434589.9,,,,historical_baseline,,fe33df9ae5456d8ee27133c42c244c81d150008ababc19399c7ed428638b57ea
4262,2025-05-28,60.8,61.3,60.5,60.7,84410,5135442.1,,,,historical_baseline,,fe33df9ae5456d8ee27133c42c244c81d150008ababc19399c7ed428638b57ea
4262,2025-05-29,61.3,62.8,61.1,62.0,161244,10015900.0,,,,historical_baseline,,fe33df9ae5456d8ee27133c42c244c81d150008ababc19399c7ed428638b57ea
4263,2025-05-01,183.0,183.0,178.6,180.8,111471,20052547.4,,,,historical_baseline,,fe33df9ae5456d8ee27133c42c244c81d150008ababc19399c7ed428638b57ea
4263,2025-05-04,180.8,180.8,177.8,178.4,56267,10071890.6,,,,historical_baseline,,fe33df9ae5456d8ee27133c42c244c81d150008ababc19399c7ed428638b57ea
4263,2025-05-05,180.0,180.4,176.8,178.8,144075,25729547.2,,,,historical_baseline,,fe33df9ae5456d8ee27133c42c244c81d150008ababc19399c7ed428638b57ea
4263,2025-05-06,179.8,180.4,177.4,178.8,88435,15815744.6,,,,historical_baseline,,fe33df9ae5456d8ee27133c42c244c81d150008ababc19399c7ed428638b57ea
4263,2025-05-07,178.8,179.0,176.6,176.8,135504,24060815.4,,,,historical_baseline,,fe33df9ae5456d8ee27133c42c244c81d150008ababc19399c7ed428638b57ea
4263,2025-05-08,177.2,180.2,176.6,179.0,137646,24595460.2,,,,historical_baseline,,fe33df9ae5456d8ee27133c42c244c81d150008ababc19399c7ed428638b57ea
4263,2025-05-11,179.2,180.4,176.8,177.2,112789,20082052.4,,,,historical_baseline,,fe33df9ae5456d8ee27133c42c244c81d150008ababc19399c7ed428638b57ea
4263,2025-05-12,178.6,180.0,177.8,179.0,120025,21501563.0,,,,historical_baseline,,fe33df9ae5456d8ee27133c42c244c81d150008ababc19399c7ed428638b57ea
4263,2025-05-13,179.6,183.4,178.8,181.2,311088,56675348.2,,,,historical_baseline,,fe33df9ae5456d8ee27133c42c244c81d150008ababc19399c7ed428638b57ea
4263,2025-05-14,181.0,181.0,178.4,179.2,182360,32772623.0,,,,historical_baseline,,fe33df9ae5456d8ee27133c42c244c81d150008ababc19399c7ed428638b57ea
4263,2025-05-15,178.8,180.0,177.0,178.8,119234,21312120.2,,,,historical_baseline,,fe33df9ae5456d8ee27133c42c244c81d150008ababc19399c7ed428638b57ea
4263,2025-05-18,179.0,181.0,179.0,180.8,132290,23852455.8,,,,historical_baseline,,fe33df9ae5456d8ee27133c42c244c81d150008ababc19399c7ed428638b57ea
4263,2025-05-19,181.2,184.4,180.2,180.4,220002,39998411.6,,,,historical_baseline,,fe33df9ae5456d8ee27133c42c244c81d150008ababc19399c7ed428638b57ea
4263,2025-05-20,180.4,182.0,179.8,180.8,166602,30119862.2,,,,historical_baseline,,fe33df9ae5456d8ee27133c42c244c81d150008ababc19399c7ed428638b57ea
4263,2025-05-21,180.8,182.4,179.2,179.2,125871,22694768.0,,,,historical_baseline,,fe33df9ae5456d8ee27133c42c244c81d150008ababc19399c7ed428638b57ea
4263,2025-05-22,178.4,180.0,177.4,177.8,121673,21731067.2,,,,historical_baseline,,fe33df9ae5456d8ee27133c42c244c81d150008ababc19399c7ed428638b57ea
4263,2025-05-25,179.6,179.6,175.0,176.0,89139,15760354.6,,,,historical_baseline,,fe33df9ae5456d8ee27133c42c244c81d150008ababc19399c7ed428638b57ea
4263,2025-05-26,177.0,178.4,170.0,176.4,149177,26281040.4,,,,historical_baseline,,fe33df9ae5456d8ee27133c42c244c81d150008ababc19399c7ed428638b57ea
4263,2025-05-27,176.6,176.6,172.8,174.8,125138,21871336.6,,,,historical_baseline,,fe33df9ae5456d8ee27133c42c244c81d150008ababc19399c7ed428638b57ea
4263,2025-05-28,175.2,177.2,174.0,174.0,132936,23409198.6,,,,historical_baseline,,fe33df9ae5456d8ee27133c42c244c81d150008ababc19399c7ed428638b57ea
4263,2025-05-29,176.0,178.8,175.2,178.0,842494,149869265.4,,,,historical_baseline,,fe33df9ae5456d8ee27133c42c244c81d150008ababc19399c7ed428638b57ea
4270,2025-05-01,12.38,13.52,12.22,13.06,3148681,41244398.16,,,,historical_baseline,,fe33df9ae5456d8ee27133c42c244c81d150008ababc19399c7ed428638b57ea
4270,2025-05-04,13.42,13.5,12.6,12.66,1323090,17337561.56,,,,historical_baseline,,fe33df9ae5456d8ee27133c42c244c81d150008ababc19399c7ed428638b57ea
4270,2025-05-05,12.74,13.06,12.6,12.7,635387,8112372.3,,,,historical_baseline,,fe33df9ae5456d8ee27133c42c244c81d150008ababc19399c7ed428638b57ea
4270,2025-05-06,12.68,13.04,12.2,12.34,713622,8996317.88,,,,historical_baseline,,fe33df9ae5456d8ee27133c42c244c81d150008ababc19399c7ed428638b57ea
4270,2025-05-07,12.6,12.98,12.18,12.52,904114,11372357.0,,,,historical_baseline,,fe33df9ae5456d8ee27133c42c244c81d150008ababc19399c7ed428638b57ea
4270,2025-05-08,12.52,12.7,12.04,12.08,308760,3794541.94,,,,historical_baseline,,fe33df9ae5456d8ee27133c42c244c81d150008ababc19399c7ed428638b57ea
4270,2025-05-11,12.2,12.24,11.7,11.76,582667,6927995.06,,,,historical_baseline,,fe33df9ae5456d8ee27133c42c244c81d150008ababc19399c7ed428638b57ea
4270,2025-05-12,11.84,12.02,11.74,11.86,383816,4549632.46,,,,historical_baseline,,fe33df9ae5456d8ee27133c42c244c81d150008ababc19399c7ed428638b57ea
4270,2025-05-13,11.98,12.6,11.72,12.08,1247923,15267506.4,,,,historical_baseline,,fe33df9ae5456d8ee27133c42c244c81d150008ababc19399c7ed428638b57ea
4270,2025-05-14,12.0,12.32,11.84,11.88,493203,5925863.1,,,,historical_baseline,,fe33df9ae5456d8ee27133c42c244c81d150008ababc19399c7ed428638b57ea
4270,2025-05-15,11.76,11.8,11.4,11.52,449403,5202753.16,,,,historical_baseline,,fe33df9ae5456d8ee27133c42c244c81d150008ababc19399c7ed428638b57ea
4270,2025-05-18,11.42,11.7,11.24,11.28,238837,2732436.24,,,,historical_baseline,,fe33df9ae5456d8ee27133c42c244c81d150008ababc19399c7ed428638b57ea
4270,2025-05-19,11.3,12.04,11.3,11.86,829838,9815249.72,,,,historical_baseline,,fe33df9ae5456d8ee27133c42c244c81d150008ababc19399c7ed428638b57ea
4270,2025-05-20,12.0,12.04,11.6,11.72,379522,4453339.88,,,,historical_baseline,,fe33df9ae5456d8ee27133c42c244c81d150008ababc19399c7ed428638b57ea
4270,2025-05-21,11.72,11.88,11.58,11.64,264166,3099658.76,,,,historical_baseline,,fe33df9ae5456d8ee27133c42c244c81d150008ababc19399c7ed428638b57ea
4270,2025-05-22,11.64,11.64,11.3,11.44,216989,2492088.68,,,,historical_baseline,,fe33df9ae5456d8ee27133c42c244c81d150008ababc19399c7ed428638b57ea
4270,2025-05-25,11.64,11.64,11.06,11.12,249338,2795832.72,,,,historical_baseline,,fe33df9ae5456d8ee27133c42c244c81d150008ababc19399c7ed428638b57ea
4270,2025-05-26,11.0,11.16,10.82,11.08,169360,1867289.86,,,,historical_baseline,,fe33df9ae5456d8ee27133c42c244c81d150008ababc19399c7ed428638b57ea
4270,2025-05-27,11.0,11.16,10.54,10.74,125769,1351941.02,,,,historical_baseline,,fe33df9ae5456d8ee27133c42c244c81d150008ababc19399c7ed428638b57ea
4270,2025-05-28,10.88,11.22,10.62,10.84,245249,2685984.66,,,,historical_baseline,,fe33df9ae5456d8ee27133c42c244c81d150008ababc19399c7ed428638b57ea
4270,2025-05-29,11.0,11.0,10.78,10.84,75937,826363.94,,,,historical_baseline,,fe33df9ae5456d8ee27133c42c244c81d150008ababc19399c7ed428638b57ea
4280,2025-05-01,8.9,8.9,8.45,8.76,306224,2677072.85,,,,historical_baseline,,fe33df9ae5456d8ee27133c42c244c81d150008ababc19399c7ed428638b57ea
4280,2025-05-04,8.76,8.76,8.58,8.61,152593,1318311.7,,,,historical_baseline,,fe33df9ae5456d8ee27133c42c244c81d150008ababc19399c7ed428638b57ea
4280,2025-05-05,8.76,8.76,8.53,8.59,103441,891066.49,,,,historical_baseline,,fe33df9ae5456d8ee27133c42c244c81d150008ababc19399c7ed428638b57ea
4280,2025-05-06,8.8,9.14,8.8,8.84,1837174,16438434.29,,,,historical_baseline,,fe33df9ae5456d8ee27133c42c244c81d150008ababc19399c7ed428638b57ea
4280,2025-05-07,8.88,8.88,8.61,8.71,529765,4618281.36,,,,historical_baseline,,fe33df9ae5456d8ee27133c42c244c81d150008ababc19399c7ed428638b57ea
4280,2025-05-08,8.75,8.75,8.54,8.62,606986,5239457.87,,,,historical_baseline,,fe33df9ae5456d8ee27133c42c244c81d150008ababc19399c7ed428638b57ea
4280,2025-05-11,8.7,8.72,8.54,8.6,208538,1801786.43,,,,historical_baseline,,fe33df9ae5456d8ee27133c42c244c81d150008ababc19399c7ed428638b57ea
4280,2025-05-12,8.7,8.98,8.67,8.92,629347,5549490.8,,,,historical_baseline,,fe33df9ae5456d8ee27133c42c244c81d150008ababc19399c7ed428638b57ea
4280,2025-05-13,8.97,8.98,8.72,8.82,245686,2165502.22,,,,historical_baseline,,fe33df9ae5456d8ee27133c42c244c81d150008ababc19399c7ed428638b57ea
4280,2025-05-14,8.82,8.85,8.75,8.75,224938,1977084.64,,,,historical_baseline,,fe33df9ae5456d8ee27133c42c244c81d150008ababc19399c7ed428638b57ea
4280,2025-05-15,9.0,9.1,8.84,8.84,1046064,9403053.62,,,,historical_baseline,,fe33df9ae5456d8ee27133c42c244c81d150008ababc19399c7ed428638b57ea
4280,2025-05-18,8.8,8.85,8.71,8.79,294635,2583336.46,,,,historical_baseline,,fe33df9ae5456d8ee27133c42c244c81d150008ababc19399c7ed428638b57ea
4280,2025-05-19,8.79,8.79,8.7,8.75,753846,6444564.73,,,,historical_baseline,,fe33df9ae5456d8ee27133c42c244c81d150008ababc19399c7ed428638b57ea
4280,2025-05-20,8.8,8.8,8.7,8.8,156423,1368901.78,,,,historical_baseline,,fe33df9ae5456d8ee27133c42c244c81d150008ababc19399c7ed428638b57ea
4280,2025-05-21,8.8,8.9,8.71,8.76,283560,2495249.27,,,,historical_baseline,,fe33df9ae5456d8ee27133c42c244c81d150008ababc19399c7ed428638b57ea
4280,2025-05-22,8.79,8.8,8.51,8.55,676516,5851095.2,,,,historical_baseline,,fe33df9ae5456d8ee27133c42c244c81d150008ababc19399c7ed428638b57ea
4280,2025-05-25,8.53,8.63,8.22,8.27,898622,7518576.5,,,,historical_baseline,,fe33df9ae5456d8ee27133c42c244c81d150008ababc19399c7ed428638b57ea
4280,2025-05-26,8.37,8.39,8.1,8.27,1419170,11658383.19,,,,historical_baseline,,fe33df9ae5456d8ee27133c42c244c81d150008ababc19399c7ed428638b57ea
4280,2025-05-27,8.3,8.3,8.16,8.23,276754,2272838.01,,,,historical_baseline,,fe33df9ae5456d8ee27133c42c244c81d150008ababc19399c7ed428638b57ea
4280,2025-05-28,8.3,8.8,8.3,8.66,776613,6679709.95,,,,historical_baseline,,fe33df9ae5456d8ee27133c42c244c81d150008ababc19399c7ed428638b57ea
4280,2025-05-29,8.67,8.87,8.56,8.8,722852,6317916.87,,,,historical_baseline,,fe33df9ae5456d8ee27133c42c244c81d150008ababc19399c7ed428638b57ea
4290,2025-05-01,27.95,27.95,27.4,27.55,174950,4824427.8,,,,historical_baseline,,fe33df9ae5456d8ee27133c42c244c81d150008ababc19399c7ed428638b57ea
4290,2025-05-04,27.6,28.0,27.4,27.7,169638,4697988.5,,,,historical_baseline,,fe33df9ae5456d8ee27133c42c244c81d150008ababc19399c7ed428638b57ea
4290,2025-05-05,27.7,28.45,27.4,28.3,259404,7249063.15,,,,historical_baseline,,fe33df9ae5456d8ee27133c42c244c81d150008ababc19399c7ed428638b57ea
4290,2025-05-06,28.6,28.6,27.65,28.0,239113,6692135.25,,,,historical_baseline,,fe33df9ae5456d8ee27133c42c244c81d150008ababc19399c7ed428638b57ea
4290,2025-05-07,28.0,28.0,27.4,27.6,112688,3117851.1,,,,historical_baseline,,fe33df9ae5456d8ee27133c42c244c81d150008ababc19399c7ed428638b57ea
4290,2025-05-08,27.65,27.7,27.15,27.6,118104,3233793.6,,,,historical_baseline,,fe33df9ae5456d8ee27133c42c244c81d150008ababc19399c7ed428638b57ea
4290,2025-05-11,27.6,27.8,27.4,27.4,136523,3766067.95,,,,historical_baseline,,fe33df9ae5456d8ee27133c42c244c81d150008ababc19399c7ed428638b57ea
4290,2025-05-12,27.6,28.55,27.6,28.35,274671,7742201.3,,,,historical_baseline,,fe33df9ae5456d8ee27133c42c244c81d150008ababc19399c7ed428638b57ea
4290,2025-05-13,27.95,27.95,26.6,26.9,895632,24152703.45,,,,historical_baseline,,fe33df9ae5456d8ee27133c42c244c81d150008ababc19399c7ed428638b57ea
4290,2025-05-14,26.95,27.15,26.7,26.9,301619,8131959.1,,,,historical_baseline,,fe33df9ae5456d8ee27133c42c244c81d150008ababc19399c7ed428638b57ea
4290,2025-05-15,26.9,26.9,25.65,25.95,463938,12126721.65,,,,historical_baseline,,fe33df9ae5456d8ee27133c42c244c81d150008ababc19399c7ed428638b57ea
4290,2025-05-18,25.95,26.0,25.35,25.4,323203,8264662.5,,,,historical_baseline,,fe33df9ae5456d8ee27133c42c244c81d150008ababc19399c7ed428638b57ea
4290,2025-05-19,25.4,26.2,25.4,26.05,319241,8270112.3,,,,historical_baseline,,fe33df9ae5456d8ee27133c42c244c81d150008ababc19399c7ed428638b57ea
4290,2025-05-20,26.05,26.05,25.45,25.6,275680,7082196.1,,,,historical_baseline,,fe33df9ae5456d8ee27133c42c244c81d150008ababc19399c7ed428638b57ea
4290,2025-05-21,25.55,25.55,24.7,25.0,317149,7942333.28,,,,historical_baseline,,fe33df9ae5456d8ee27133c42c244c81d150008ababc19399c7ed428638b57ea
4290,2025-05-22,24.8,25.1,24.68,25.05,176050,4384344.44,,,,historical_baseline,,fe33df9ae5456d8ee27133c42c244c81d150008ababc19399c7ed428638b57ea
4290,2025-05-25,25.0,25.05,24.54,24.74,222633,5500202.08,,,,historical_baseline,,fe33df9ae5456d8ee27133c42c244c81d150008ababc19399c7ed428638b57ea
4290,2025-05-26,24.76,24.82,24.06,24.36,220831,5384029.18,,,,historical_baseline,,fe33df9ae5456d8ee27133c42c244c81d150008ababc19399c7ed428638b57ea
4290,2025-05-27,24.32,24.4,23.5,23.76,327950,7837178.48,,,,historical_baseline,,fe33df9ae5456d8ee27133c42c244c81d150008ababc19399c7ed428638b57ea
4290,2025-05-28,23.74,24.36,23.74,24.18,143730,3466983.5,,,,historical_baseline,,fe33df9ae5456d8ee27133c42c244c81d150008ababc19399c7ed428638b57ea
4290,2025-05-29,24.32,24.8,24.2,24.8,187484,4609403.92,,,,historical_baseline,,fe33df9ae5456d8ee27133c42c244c81d150008ababc19399c7ed428638b57ea
4291,2025-05-01,156.8,157.0,153.0,154.2,34069,5263789.8,,,,historical_baseline,,fe33df9ae5456d8ee27133c42c244c81d150008ababc19399c7ed428638b57ea
4291,2025-05-04,154.2,154.2,151.0,152.6,14848,2263326.6,,,,historical_baseline,,fe33df9ae5456d8ee27133c42c244c81d150008ababc19399c7ed428638b57ea
4291,2025-05-05,152.6,154.0,150.8,152.0,17509,2668776.6,,,,historical_baseline,,fe33df9ae5456d8ee27133c42c244c81d150008ababc19399c7ed428638b57ea
4291,2025-05-06,151.2,155.6,151.2,153.8,29579,4519745.2,,,,historical_baseline,,fe33df9ae5456d8ee27133c42c244c81d150008ababc19399c7ed428638b57ea
4291,2025-05-07,152.6,154.2,152.2,152.6,17021,2606933.4,,,,historical_baseline,,fe33df9ae5456d8ee27133c42c244c81d150008ababc19399c7ed428638b57ea
4291,2025-05-08,153.0,153.0,149.0,150.2,22446,3386444.0,,,,historical_baseline,,fe33df9ae5456d8ee27133c42c244c81d150008ababc19399c7ed428638b57ea
4291,2025-05-11,150.0,150.0,147.0,148.2,9073,1346840.0,,,,historical_baseline,,fe33df9ae5456d8ee27133c42c244c81d150008ababc19399c7ed428638b57ea
4291,2025-05-12,148.8,152.0,148.8,151.2,26130,3935420.2,,,,historical_baseline,,fe33df9ae5456d8ee27133c42c244c81d150008ababc19399c7ed428638b57ea
4291,2025-05-13,153.0,153.2,148.2,148.6,31711,4731572.2,,,,historical_baseline,,fe33df9ae5456d8ee27133c42c244c81d150008ababc19399c7ed428638b57ea
4291,2025-05-14,148.6,150.4,147.2,150.0,28666,4269873.6,,,,historical_baseline,,fe33df9ae5456d8ee27133c42c244c81d150008ababc19399c7ed428638b57ea
4291,2025-05-15,151.0,151.0,146.0,147.4,23540,3477902.4,,,,historical_baseline,,fe33df9ae5456d8ee27133c42c244c81d150008ababc19399c7ed428638b57ea
4291,2025-05-18,148.0,151.0,147.0,149.4,25553,3802238.8,,,,historical_baseline,,fe33df9ae5456d8ee27133c42c244c81d150008ababc19399c7ed428638b57ea
4291,2025-05-19,151.0,161.6,148.6,156.6,177129,27753064.8,,,,historical_baseline,,fe33df9ae5456d8ee27133c42c244c81d150008ababc19399c7ed428638b57ea
4291,2025-05-20,157.2,162.6,156.4,157.0,81180,12927996.0,,,,historical_baseline,,fe33df9ae5456d8ee27133c42c244c81d150008ababc19399c7ed428638b57ea
4291,2025-05-21,161.0,161.0,155.6,158.2,34084,5353534.0,,,,historical_baseline,,fe33df9ae5456d8ee27133c42c244c81d150008ababc19399c7ed428638b57ea
4291,2025-05-22,157.8,160.6,155.8,156.0,37897,6003367.8,,,,historical_baseline,,fe33df9ae5456d8ee27133c42c244c81d150008ababc19399c7ed428638b57ea
4291,2025-05-25,160.4,160.4,156.2,156.2,24526,3870505.2,,,,historical_baseline,,fe33df9ae5456d8ee27133c42c244c81d150008ababc19399c7ed428638b57ea
4291,2025-05-26,157.0,157.8,154.0,154.0,30427,4714410.4,,,,historical_baseline,,fe33df9ae5456d8ee27133c42c244c81d150008ababc19399c7ed428638b57ea
4291,2025-05-27,153.2,163.0,153.2,153.8,73469,11609977.8,,,,historical_baseline,,fe33df9ae5456d8ee27133c42c244c81d150008ababc19399c7ed428638b57ea
4291,2025-05-28,154.2,159.6,154.2,158.2,37582,5920441.8,,,,historical_baseline,,fe33df9ae5456d8ee27133c42c244c81d150008ababc19399c7ed428638b57ea
4291,2025-05-29,158.6,162.2,157.6,160.8,65561,10532804.4,,,,historical_baseline,,fe33df9ae5456d8ee27133c42c244c81d150008ababc19399c7ed428638b57ea
4292,2025-05-01,66.5,66.6,65.0,65.1,40116,2623336.4,,,,historical_baseline,,fe33df9ae5456d8ee27133c42c244c81d150008ababc19399c7ed428638b57ea
4292,2025-05-04,65.1,65.3,63.8,63.8,17065,1099555.2,,,,historical_baseline,,fe33df9ae5456d8ee27133c42c244c81d150008ababc19399c7ed428638b57ea
4292,2025-05-05,63.1,64.8,63.1,63.8,13828,886046.6,,,,historical_baseline,,fe33df9ae5456d8ee27133c42c244c81d150008ababc19399c7ed428638b57ea
4292,2025-05-06,64.0,65.5,64.0,64.4,25161,1633866.2,,,,historical_baseline,,fe33df9ae5456d8ee27133c42c244c81d150008ababc19399c7ed428638b57ea
4292,2025-05-07,65.0,65.0,63.4,63.5,13672,872488.8,,,,historical_baseline,,fe33df9ae5456d8ee27133c42c244c81d150008ababc19399c7ed428638b57ea
4292,2025-05-08,63.5,63.7,62.3,62.3,30759,1929509.1,,,,historical_baseline,,fe33df9ae5456d8ee27133c42c244c81d150008ababc19399c7ed428638b57ea
4292,2025-05-11,62.7,63.7,61.0,61.9,35747,2234333.1,,,,historical_baseline,,fe33df9ae5456d8ee27133c42c244c81d150008ababc19399c7ed428638b57ea
4292,2025-05-12,62.0,64.9,62.0,64.2,110913,7095050.9,,,,historical_baseline,,fe33df9ae5456d8ee27133c42c244c81d150008ababc19399c7ed428638b57ea
4292,2025-05-13,65.0,65.1,63.4,63.4,23666,1522872.8,,,,historical_baseline,,fe33df9ae5456d8ee27133c42c244c81d150008ababc19399c7ed428638b57ea
4292,2025-05-14,64.5,64.5,63.6,64.4,23891,1532640.8,,,,historical_baseline,,fe33df9ae5456d8ee27133c42c244c81d150008ababc19399c7ed428638b57ea
4292,2025-05-15,64.4,64.4,62.5,62.5,29744,1872836.7,,,,historical_baseline,,fe33df9ae5456d8ee27133c42c244c81d150008ababc19399c7ed428638b57ea
4292,2025-05-18,62.5,63.3,62.3,62.3,38396,2401000.2,,,,historical_baseline,,fe33df9ae5456d8ee27133c42c244c81d150008ababc19399c7ed428638b57ea
4292,2025-05-19,62.9,64.5,62.3,62.5,81244,5152471.5,,,,historical_baseline,,fe33df9ae5456d8ee27133c42c244c81d150008ababc19399c7ed428638b57ea
4292,2025-05-20,62.4,63.6,62.4,63.0,18692,1178874.6,,,,historical_baseline,,fe33df9ae5456d8ee27133c42c244c81d150008ababc19399c7ed428638b57ea
4292,2025-05-21,63.7,63.7,62.3,62.5,14764,924836.3,,,,historical_baseline,,fe33df9ae5456d8ee27133c42c244c81d150008ababc19399c7ed428638b57ea
4292,2025-05-22,62.6,63.1,61.7,62.6,20098,1254851.4,,,,historical_baseline,,fe33df9ae5456d8ee27133c42c244c81d150008ababc19399c7ed428638b57ea
4292,2025-05-25,62.7,63.0,61.0,61.1,20455,1264214.8,,,,historical_baseline,,fe33df9ae5456d8ee27133c42c244c81d150008ababc19399c7ed428638b57ea
4292,2025-05-26,61.1,61.3,59.4,60.3,21670,1308305.5,,,,historical_baseline,,fe33df9ae5456d8ee27133c42c244c81d150008ababc19399c7ed428638b57ea
4292,2025-05-27,60.5,61.9,58.2,58.6,68416,4104250.3,,,,historical_baseline,,fe33df9ae5456d8ee27133c42c244c81d150008ababc19399c7ed428638b57ea
4292,2025-05-28,58.0,61.8,58.0,61.8,42754,2589890.9,,,,historical_baseline,,fe33df9ae5456d8ee27133c42c244c81d150008ababc19399c7ed428638b57ea
4292,2025-05-29,62.0,63.8,61.6,63.8,41508,2599625.3,,,,historical_baseline,,fe33df9ae5456d8ee27133c42c244c81d150008ababc19399c7ed428638b57ea
4300,2025-05-01,21.9,21.9,20.62,21.02,2983318,62817284.54,,,,historical_baseline,,fe33df9ae5456d8ee27133c42c244c81d150008ababc19399c7ed428638b57ea
4300,2025-05-04,21.04,21.4,20.56,20.8,1815632,38035653.36,,,,historical_baseline,,fe33df9ae5456d8ee27133c42c244c81d150008ababc19399c7ed428638b57ea
4300,2025-05-05,20.82,21.26,20.3,20.96,1721437,35906771.76,,,,historical_baseline,,fe33df9ae5456d8ee27133c42c244c81d150008ababc19399c7ed428638b57ea
4300,2025-05-06,20.96,21.14,20.62,20.9,809563,16900679.04,,,,historical_baseline,,fe33df9ae5456d8ee27133c42c244c81d150008ababc19399c7ed428638b57ea
4300,2025-05-07,21.0,21.6,20.68,21.4,1749456,37101114.78,,,,historical_baseline,,fe33df9ae5456d8ee27133c42c244c81d150008ababc19399c7ed428638b57ea
4300,2025-05-08,21.22,21.72,21.04,21.12,1291357,27466801.32,,,,historical_baseline,,fe33df9ae5456d8ee27133c42c244c81d150008ababc19399c7ed428638b57ea
4300,2025-05-11,21.08,21.14,20.68,20.74,587894,12282528.16,,,,historical_baseline,,fe33df9ae5456d8ee27133c42c244c81d150008ababc19399c7ed428638b57ea
4300,2025-05-12,21.0,21.3,20.84,21.26,1114204,23533266.06,,,,historical_baseline,,fe33df9ae5456d8ee27133c42c244c81d150008ababc19399c7ed428638b57ea
4300,2025-05-13,21.28,21.28,20.88,21.24,1056946,22293872.84,,,,historical_baseline,,fe33df9ae5456d8ee27133c42c244c81d150008ababc19399c7ed428638b57ea
4300,2025-05-14,21.2,21.22,20.74,20.8,1212382,25422118.04,,,,historical_baseline,,fe33df9ae5456d8ee27133c42c244c81d150008ababc19399c7ed428638b57ea
4300,2025-05-15,20.82,20.84,20.42,20.42,1024261,21136532.58,,,,historical_baseline,,fe33df9ae5456d8ee27133c42c244c81d150008ababc19399c7ed428638b57ea
4300,2025-05-18,20.58,20.6,19.88,20.0,851451,17090657.48,,,,historical_baseline,,fe33df9ae5456d8ee27133c42c244c81d150008ababc19399c7ed428638b57ea
4300,2025-05-19,20.04,20.22,19.58,19.88,1007265,20036269.2,,,,historical_baseline,,fe33df9ae5456d8ee27133c42c244c81d150008ababc19399c7ed428638b57ea
4300,2025-05-20,19.72,20.84,19.6,20.34,1645660,33417120.76,,,,historical_baseline,,fe33df9ae5456d8ee27133c42c244c81d150008ababc19399c7ed428638b57ea
4300,2025-05-21,20.4,20.6,19.96,19.96,1054929,21329642.34,,,,historical_baseline,,fe33df9ae5456d8ee27133c42c244c81d150008ababc19399c7ed428638b57ea
4300,2025-05-22,19.94,20.4,19.8,20.3,1036864,20864050.08,,,,historical_baseline,,fe33df9ae5456d8ee27133c42c244c81d150008ababc19399c7ed428638b57ea
4300,2025-05-25,20.34,20.36,19.74,19.74,640055,12755042.56,,,,historical_baseline,,fe33df9ae5456d8ee27133c42c244c81d150008ababc19399c7ed428638b57ea
4300,2025-05-26,19.96,20.78,19.96,20.44,2966881,60649513.08,,,,historical_baseline,,fe33df9ae5456d8ee27133c42c244c81d150008ababc19399c7ed428638b57ea
4300,2025-05-27,20.74,20.74,18.98,19.5,3721960,73633070.4,,,,historical_baseline,,fe33df9ae5456d8ee27133c42c244c81d150008ababc19399c7ed428638b57ea
4300,2025-05-28,19.42,20.08,19.28,19.52,2752036,53926329.28,,,,historical_baseline,,fe33df9ae5456d8ee27133c42c244c81d150008ababc19399c7ed428638b57ea
4300,2025-05-29,19.54,20.02,19.22,20.02,2690285,53073551.02,,,,historical_baseline,,fe33df9ae5456d8ee27133c42c244c81d150008ababc19399c7ed428638b57ea
4310,2025-05-01,15.14,15.42,15.04,15.42,1035723,15714159.9,,,,historical_baseline,,fe33df9ae5456d8ee27133c42c244c81d150008ababc19399c7ed428638b57ea
4310,2025-05-04,15.36,15.42,15.0,15.04,442155,6751973.72,,,,historical_baseline,,fe33df9ae5456d8ee27133c42c244c81d150008ababc19399c7ed428638b57ea
4310,2025-05-05,15.08,15.34,14.9,15.12,351827,5333918.74,,,,historical_baseline,,fe33df9ae5456d8ee27133c42c244c81d150008ababc19399c7ed428638b57ea
4310,2025-05-06,15.08,15.42,15.08,15.4,900032,13714745.22,,,,historical_baseline,,fe33df9ae5456d8ee27133c42c244c81d150008ababc19399c7ed428638b57ea
4310,2025-05-07,15.42,15.5,15.18,15.4,910459,14006780.96,,,,historical_baseline,,fe33df9ae5456d8ee27133c42c244c81d150008ababc19399c7ed428638b57ea
4310,2025-05-08,15.4,15.76,15.4,15.58,1273887,19895546.78,,,,historical_baseline,,fe33df9ae5456d8ee27133c42c244c81d150008ababc19399c7ed428638b57ea
4310,2025-05-11,15.58,15.78,15.0,15.5,365509,5666542.24,,,,historical_baseline,,fe33df9ae5456d8ee27133c42c244c81d150008ababc19399c7ed428638b57ea
4310,2025-05-12,15.5,15.72,15.46,15.6,660977,10331225.0,,,,historical_baseline,,fe33df9ae5456d8ee27133c42c244c81d150008ababc19399c7ed428638b57ea
4310,2025-05-13,15.6,15.6,15.26,15.36,310726,4793849.46,,,,historical_baseline,,fe33df9ae5456d8ee27133c42c244c81d150008ababc19399c7ed428638b57ea
4310,2025-05-14,15.38,15.52,15.3,15.48,198521,3063092.4,,,,historical_baseline,,fe33df9ae5456d8ee27133c42c244c81d150008ababc19399c7ed428638b57ea
4310,2025-05-15,14.82,15.16,14.56,15.0,447696,6662334.74,,,,historical_baseline,,fe33df9ae5456d8ee27133c42c244c81d150008ababc19399c7ed428638b57ea
4310,2025-05-18,15.0,15.1,14.88,15.04,121718,1822749.08,,,,historical_baseline,,fe33df9ae5456d8ee27133c42c244c81d150008ababc19399c7ed428638b57ea
4310,2025-05-19,15.0,15.0,14.78,14.8,142602,2114702.58,,,,historical_baseline,,fe33df9ae5456d8ee27133c42c244c81d150008ababc19399c7ed428638b57ea
4310,2025-05-20,14.72,14.9,14.52,14.66,317174,4668535.98,,,,historical_baseline,,fe33df9ae5456d8ee27133c42c244c81d150008ababc19399c7ed428638b57ea
4310,2025-05-21,14.66,14.66,14.02,14.2,392424,5582418.56,,,,historical_baseline,,fe33df9ae5456d8ee27133c42c244c81d150008ababc19399c7ed428638b57ea
4310,2025-05-22,14.0,14.32,13.9,14.16,154611,2175857.94,,,,historical_baseline,,fe33df9ae5456d8ee27133c42c244c81d150008ababc19399c7ed428638b57ea
4310,2025-05-25,14.1,14.34,14.02,14.14,79532,1123851.44,,,,historical_baseline,,fe33df9ae5456d8ee27133c42c244c81d150008ababc19399c7ed428638b57ea
4310,2025-05-26,14.08,14.14,13.84,13.94,230323,3215719.96,,,,historical_baseline,,fe33df9ae5456d8ee27133c42c244c81d150008ababc19399c7ed428638b57ea
4310,2025-05-27,13.88,13.94,13.56,13.64,223571,3066205.1,,,,historical_baseline,,fe33df9ae5456d8ee27133c42c244c81d150008ababc19399c7ed428638b57ea
4310,2025-05-28,13.58,13.94,13.52,13.86,193676,2666434.58,,,,historical_baseline,,fe33df9ae5456d8ee27133c42c244c81d150008ababc19399c7ed428638b57ea
4310,2025-05-29,13.98,14.1,13.52,13.52,1594149,21692037.54,,,,historical_baseline,,fe33df9ae5456d8ee27133c42c244c81d150008ababc19399c7ed428638b57ea
4320,2025-05-01,21.82,22.12,21.8,21.88,43015,942300.24,,,,historical_baseline,,fe33df9ae5456d8ee27133c42c244c81d150008ababc19399c7ed428638b57ea
4320,2025-05-04,21.88,21.88,21.32,21.6,28745,621815.34,,,,historical_baseline,,fe33df9ae5456d8ee27133c42c244c81d150008ababc19399c7ed428638b57ea
4320,2025-05-05,21.6,21.6,21.16,21.5,35044,749970.32,,,,historical_baseline,,fe33df9ae5456d8ee27133c42c244c81d150008ababc19399c7ed428638b57ea
4320,2025-05-06,21.5,21.84,21.34,21.38,45810,989039.9,,,,historical_baseline,,fe33df9ae5456d8ee27133c42c244c81d150008ababc19399c7ed428638b57ea
4320,2025-05-07,21.38,21.5,20.72,21.0,62956,1327447.2,,,,historical_baseline,,fe33df9ae5456d8ee27133c42c244c81d150008ababc19399c7ed428638b57ea
4320,2025-05-08,21.32,21.32,20.76,20.84,26032,545593.9,,,,historical_baseline,,fe33df9ae5456d8ee27133c42c244c81d150008ababc19399c7ed428638b57ea
4320,2025-05-11,20.8,20.96,20.74,20.82,14776,307950.16,,,,historical_baseline,,fe33df9ae5456d8ee27133c42c244c81d150008ababc19399c7ed428638b57ea
4320,2025-05-12,20.8,21.2,20.8,20.88,20454,428632.4,,,,historical_baseline,,fe33df9ae5456d8ee27133c42c244c81d150008ababc19399c7ed428638b57ea
4320,2025-05-13,20.92,21.2,20.54,21.16,96138,2002776.58,,,,historical_baseline,,fe33df9ae5456d8ee27133c42c244c81d150008ababc19399c7ed428638b57ea
4320,2025-05-14,21.32,22.4,21.26,22.22,95228,2084091.02,,,,historical_baseline,,fe33df9ae5456d8ee27133c42c244c81d150008ababc19399c7ed428638b57ea
4320,2025-05-15,22.22,22.22,21.62,21.98,46657,1024380.26,,,,historical_baseline,,fe33df9ae5456d8ee27133c42c244c81d150008ababc19399c7ed428638b57ea
4320,2025-05-18,21.82,22.16,21.82,22.16,19475,428136.7,,,,historical_baseline,,fe33df9ae5456d8ee27133c42c244c81d150008ababc19399c7ed428638b57ea
4320,2025-05-19,22.16,22.16,21.52,21.8,65150,1421832.8,,,,historical_baseline,,fe33df9ae5456d8ee27133c42c244c81d150008ababc19399c7ed428638b57ea
4320,2025-05-20,22.06,22.6,21.9,22.5,36036,804216.94,,,,historical_baseline,,fe33df9ae5456d8ee27133c42c244c81d150008ababc19399c7ed428638b57ea
4320,2025-05-21,22.62,22.92,22.2,22.5,63043,1416056.16,,,,historical_baseline,,fe33df9ae5456d8ee27133c42c244c81d150008ababc19399c7ed428638b57ea
4320,2025-05-22,22.16,22.42,21.98,22.0,11414,252381.22,,,,historical_baseline,,fe33df9ae5456d8ee27133c42c244c81d150008ababc19399c7ed428638b57ea
4320,2025-05-25,21.9,22.2,21.88,22.1,66949,1469104.86,,,,historical_baseline,,fe33df9ae5456d8ee27133c42c244c81d150008ababc19399c7ed428638b57ea
4320,2025-05-26,21.82,22.2,21.8,22.1,49287,1081688.06,,,,historical_baseline,,fe33df9ae5456d8ee27133c42c244c81d150008ababc19399c7ed428638b57ea
4320,2025-05-27,22.16,22.16,21.54,22.0,91676,2003335.26,,,,historical_baseline,,fe33df9ae5456d8ee27133c42c244c81d150008ababc19399c7ed428638b57ea
4320,2025-05-28,22.0,22.2,21.82,22.1,42637,940727.68,,,,historical_baseline,,fe33df9ae5456d8ee27133c42c244c81d150008ababc19399c7ed428638b57ea
4320,2025-05-29,22.26,22.74,22.1,22.74,72525,1638652.24,,,,historical_baseline,,fe33df9ae5456d8ee27133c42c244c81d150008ababc19399c7ed428638b57ea
4321,2025-05-01,19.8,19.9,19.76,19.9,655643,12987851.18,,,,historical_baseline,,fe33df9ae5456d8ee27133c42c244c81d150008ababc19399c7ed428638b57ea
4321,2025-05-04,19.98,19.98,19.82,19.98,410691,8162212.04,,,,historical_baseline,,fe33df9ae5456d8ee27133c42c244c81d150008ababc19399c7ed428638b57ea
4321,2025-05-05,19.98,20.06,19.7,20.0,925620,18400689.56,,,,historical_baseline,,fe33df9ae5456d8ee27133c42c244c81d150008ababc19399c7ed428638b57ea
4321,2025-05-06,20.0,20.06,19.86,20.0,365169,7284347.8,,,,historical_baseline,,fe33df9ae5456d8ee27133c42c244c81d150008ababc19399c7ed428638b57ea
4321,2025-05-07,19.98,19.98,19.82,19.96,509465,10128149.42,,,,historical_baseline,,fe33df9ae5456d8ee27133c42c244c81d150008ababc19399c7ed428638b57ea
4321,2025-05-08,19.9,20.12,19.86,20.06,814525,16289818.76,,,,historical_baseline,,fe33df9ae5456d8ee27133c42c244c81d150008ababc19399c7ed428638b57ea
4321,2025-05-11,20.12,20.16,19.96,20.12,305784,6128132.84,,,,historical_baseline,,fe33df9ae5456d8ee27133c42c244c81d150008ababc19399c7ed428638b57ea
4321,2025-05-12,20.18,20.26,20.02,20.08,1651114,33222792.58,,,,historical_baseline,,fe33df9ae5456d8ee27133c42c244c81d150008ababc19399c7ed428638b57ea
4321,2025-05-13,20.02,20.12,19.96,20.04,1652332,33073192.86,,,,historical_baseline,,fe33df9ae5456d8ee27133c42c244c81d150008ababc19399c7ed428638b57ea
4321,2025-05-14,20.04,20.04,19.92,20.04,1389037,27744213.46,,,,historical_baseline,,fe33df9ae5456d8ee27133c42c244c81d150008ababc19399c7ed428638b57ea
4321,2025-05-15,19.98,20.0,19.86,19.96,1054793,21009578.48,,,,historical_baseline,,fe33df9ae5456d8ee27133c42c244c81d150008ababc19399c7ed428638b57ea
4321,2025-05-18,19.88,20.08,19.88,20.0,1094502,21860178.0,,,,historical_baseline,,fe33df9ae5456d8ee27133c42c244c81d150008ababc19399c7ed428638b57ea
4321,2025-05-19,20.0,20.2,19.86,20.0,2000025,40027766.18,,,,historical_baseline,,fe33df9ae5456d8ee27133c42c244c81d150008ababc19399c7ed428638b57ea
4321,2025-05-20,20.0,20.06,19.9,19.94,1094758,21858579.66,,,,historical_baseline,,fe33df9ae5456d8ee27133c42c244c81d150008ababc19399c7ed428638b57ea
4321,2025-05-21,19.96,20.02,19.78,19.8,1142278,22688315.36,,,,historical_baseline,,fe33df9ae5456d8ee27133c42c244c81d150008ababc19399c7ed428638b57ea
4321,2025-05-22,19.8,19.8,19.5,19.72,1121566,22078807.74,,,,historical_baseline,,fe33df9ae5456d8ee27133c42c244c81d150008ababc19399c7ed428638b57ea
4321,2025-05-25,19.6,19.7,19.5,19.6,775298,15174734.56,,,,historical_baseline,,fe33df9ae5456d8ee27133c42c244c81d150008ababc19399c7ed428638b57ea
4321,2025-05-26,19.68,19.68,19.36,19.48,1108148,21562428.3,,,,historical_baseline,,fe33df9ae5456d8ee27133c42c244c81d150008ababc19399c7ed428638b57ea
4321,2025-05-27,19.54,19.56,19.26,19.3,988350,19141880.54,,,,historical_baseline,,fe33df9ae5456d8ee27133c42c244c81d150008ababc19399c7ed428638b57ea
4321,2025-05-28,19.4,19.6,19.32,19.54,1139522,22119999.1,,,,historical_baseline,,fe33df9ae5456d8ee27133c42c244c81d150008ababc19399c7ed428638b57ea
4321,2025-05-29,19.62,19.78,19.46,19.78,1083577,21232972.26,,,,historical_baseline,,fe33df9ae5456d8ee27133c42c244c81d150008ababc19399c7ed428638b57ea
4322,2025-05-01,16.84,16.84,16.22,16.3,483208,7936120.2,,,,historical_baseline,,fe33df9ae5456d8ee27133c42c244c81d150008ababc19399c7ed428638b57ea
4322,2025-05-04,16.94,16.96,16.22,16.34,295217,4842706.94,,,,historical_baseline,,fe33df9ae5456d8ee27133c42c244c81d150008ababc19399c7ed428638b57ea
4322,2025-05-05,16.34,17.44,16.14,17.28,1476959,25119570.84,,,,historical_baseline,,fe33df9ae5456d8ee27133c42c244c81d150008ababc19399c7ed428638b57ea
4322,2025-05-06,17.28,17.48,16.74,17.04,388364,6595790.12,,,,historical_baseline,,fe33df9ae5456d8ee27133c42c244c81d150008ababc19399c7ed428638b57ea
4322,2025-05-07,17.0,17.18,16.8,17.1,213947,3637230.3,,,,historical_baseline,,fe33df9ae5456d8ee27133c42c244c81d150008ababc19399c7ed428638b57ea
4322,2025-05-08,16.98,17.14,16.64,16.68,339415,5685392.68,,,,historical_baseline,,fe33df9ae5456d8ee27133c42c244c81d150008ababc19399c7ed428638b57ea
4322,2025-05-11,17.0,17.14,16.72,17.04,231019,3912028.58,,,,historical_baseline,,fe33df9ae5456d8ee27133c42c244c81d150008ababc19399c7ed428638b57ea
4322,2025-05-12,17.04,17.38,16.72,17.04,1282738,21786734.1,,,,historical_baseline,,fe33df9ae5456d8ee27133c42c244c81d150008ababc19399c7ed428638b57ea
4322,2025-05-13,17.02,17.02,16.72,16.78,202744,3417046.18,,,,historical_baseline,,fe33df9ae5456d8ee27133c42c244c81d150008ababc19399c7ed428638b57ea
4322,2025-05-14,16.88,16.9,16.46,16.9,326779,5465875.28,,,,historical_baseline,,fe33df9ae5456d8ee27133c42c244c81d150008ababc19399c7ed428638b57ea
4322,2025-05-15,16.68,16.7,15.66,15.72,2108227,33575021.94,,,,historical_baseline,,fe33df9ae5456d8ee27133c42c244c81d150008ababc19399c7ed428638b57ea
4322,2025-05-18,15.74,16.1,15.18,15.28,1295176,20189124.66,,,,historical_baseline,,fe33df9ae5456d8ee27133c42c244c81d150008ababc19399c7ed428638b57ea
4322,2025-05-19,15.06,15.24,14.56,14.6,2448945,36173970.24,,,,historical_baseline,,fe33df9ae5456d8ee27133c42c244c81d150008ababc19399c7ed428638b57ea
4322,2025-05-20,14.66,14.98,14.6,14.8,1230135,18193341.04,,,,historical_baseline,,fe33df9ae5456d8ee27133c42c244c81d150008ababc19399c7ed428638b57ea
4322,2025-05-21,14.88,14.94,14.62,14.68,868696,12810927.8,,,,historical_baseline,,fe33df9ae5456d8ee27133c42c244c81d150008ababc19399c7ed428638b57ea
4322,2025-05-22,15.02,15.52,15.02,15.18,2619971,39970220.12,,,,historical_baseline,,fe33df9ae5456d8ee27133c42c244c81d150008ababc19399c7ed428638b57ea
4322,2025-05-25,15.2,15.34,14.66,14.7,1045269,15608174.18,,,,historical_baseline,,fe33df9ae5456d8ee27133c42c244c81d150008ababc19399c7ed428638b57ea
4322,2025-05-26,14.7,15.08,14.1,14.3,2329344,33827161.58,,,,historical_baseline,,fe33df9ae5456d8ee27133c42c244c81d150008ababc19399c7ed428638b57ea
4322,2025-05-27,14.3,14.9,14.0,14.38,1690327,24464127.52,,,,historical_baseline,,fe33df9ae5456d8ee27133c42c244c81d150008ababc19399c7ed428638b57ea
4322,2025-05-28,14.38,14.72,14.0,14.16,2932261,41910157.9,,,,historical_baseline,,fe33df9ae5456d8ee27133c42c244c81d150008ababc19399c7ed428638b57ea
4322,2025-05-29,14.2,14.64,14.1,14.58,1744521,25238342.32,,,,historical_baseline,,fe33df9ae5456d8ee27133c42c244c81d150008ababc19399c7ed428638b57ea
4323,2025-05-01,44.6,45.75,44.45,45.1,247237,11157490.0,,,,historical_baseline,,fe33df9ae5456d8ee27133c42c244c81d150008ababc19399c7ed428638b57ea
4323,2025-05-04,45.1,45.4,44.4,45.05,134925,6048589.95,,,,historical_baseline,,fe33df9ae5456d8ee27133c42c244c81d150008ababc19399c7ed428638b57ea
4323,2025-05-05,44.8,45.0,44.15,44.25,136902,6095419.1,,,,historical_baseline,,fe33df9ae5456d8ee27133c42c244c81d150008ababc19399c7ed428638b57ea
4323,2025-05-06,44.3,45.8,44.15,44.6,421238,18951423.05,,,,historical_baseline,,fe33df9ae5456d8ee27133c42c244c81d150008ababc19399c7ed428638b57ea
4323,2025-05-07,44.4,44.9,43.75,43.75,167381,7398674.8,,,,historical_baseline,,fe33df9ae5456d8ee27133c42c244c81d150008ababc19399c7ed428638b57ea
4323,2025-05-08,43.75,44.2,43.2,43.9,187314,8173222.95,,,,historical_baseline,,fe33df9ae5456d8ee27133c42c244c81d150008ababc19399c7ed428638b57ea
4323,2025-05-11,43.9,43.9,43.05,43.35,95783,4152936.35,,,,historical_baseline,,fe33df9ae5456d8ee27133c42c244c81d150008ababc19399c7ed428638b57ea
4323,2025-05-12,43.7,44.1,43.2,43.3,214804,9351535.6,,,,historical_baseline,,fe33df9ae5456d8ee27133c42c244c81d150008ababc19399c7ed428638b57ea
4323,2025-05-13,43.35,43.35,43.0,43.1,158752,6842261.95,,,,historical_baseline,,fe33df9ae5456d8ee27133c42c244c81d150008ababc19399c7ed428638b57ea
4323,2025-05-14,43.5,43.85,43.2,43.25,152778,6639055.45,,,,historical_baseline,,fe33df9ae5456d8ee27133c42c244c81d150008ababc19399c7ed428638b57ea
4323,2025-05-15,43.4,43.4,42.1,42.95,240816,10298813.8,,,,historical_baseline,,fe33df9ae5456d8ee27133c42c244c81d150008ababc19399c7ed428638b57ea
4323,2025-05-18,43.0,43.5,42.7,42.9,140756,6049265.85,,,,historical_baseline,,fe33df9ae5456d8ee27133c42c244c81d150008ababc19399c7ed428638b57ea
4323,2025-05-19,43.0,43.0,42.1,42.2,103147,4373914.4,,,,historical_baseline,,fe33df9ae5456d8ee27133c42c244c81d150008ababc19399c7ed428638b57ea
4323,2025-05-20,42.2,42.85,42.15,42.6,85652,3639805.6,,,,historical_baseline,,fe33df9ae5456d8ee27133c42c244c81d150008ababc19399c7ed428638b57ea
4323,2025-05-21,42.3,43.1,42.2,42.2,119023,5079713.35,,,,historical_baseline,,fe33df9ae5456d8ee27133c42c244c81d150008ababc19399c7ed428638b57ea
4323,2025-05-22,42.1,42.85,42.1,42.65,83231,3538101.95,,,,historical_baseline,,fe33df9ae5456d8ee27133c42c244c81d150008ababc19399c7ed428638b57ea
4323,2025-05-25,44.0,44.7,42.15,42.15,530188,22985014.25,,,,historical_baseline,,fe33df9ae5456d8ee27133c42c244c81d150008ababc19399c7ed428638b57ea
4323,2025-05-26,42.15,42.4,40.35,40.55,351232,14419269.5,,,,historical_baseline,,fe33df9ae5456d8ee27133c42c244c81d150008ababc19399c7ed428638b57ea
4323,2025-05-27,41.45,41.45,39.55,39.65,216149,8679207.3,,,,historical_baseline,,fe33df9ae5456d8ee27133c42c244c81d150008ababc19399c7ed428638b57ea
4323,2025-05-28,39.65,40.65,39.65,40.05,87396,3511154.8,,,,historical_baseline,,fe33df9ae5456d8ee27133c42c244c81d150008ababc19399c7ed428638b57ea
4323,2025-05-29,40.1,41.0,40.0,41.0,165812,6709407.0,,,,historical_baseline,,fe33df9ae5456d8ee27133c42c244c81d150008ababc19399c7ed428638b57ea
4330,2025-05-01,5.96,5.96,5.87,5.9,150947,892733.23,,,,historical_baseline,,fe33df9ae5456d8ee27133c42c244c81d150008ababc19399c7ed428638b57ea
4330,2025-05-04,5.9,5.94,5.88,5.9,98882,584457.91,,,,historical_baseline,,fe33df9ae5456d8ee27133c42c244c81d150008ababc19399c7ed428638b57ea
4330,2025-05-05,5.93,5.93,5.89,5.92,35277,208361.45,,,,historical_baseline,,fe33df9ae5456d8ee27133c42c244c81d150008ababc19399c7ed428638b57ea
4330,2025-05-06,5.89,5.91,5.88,5.88,97917,576629.36,,,,historical_baseline,,fe33df9ae5456d8ee27133c42c244c81d150008ababc19399c7ed428638b57ea
4330,2025-05-07,5.87,5.89,5.86,5.89,38257,224729.13,,,,historical_baseline,,fe33df9ae5456d8ee27133c42c244c81d150008ababc19399c7ed428638b57ea
4330,2025-05-08,5.89,5.89,5.86,5.86,58935,346459.01,,,,historical_baseline,,fe33df9ae5456d8ee27133c42c244c81d150008ababc19399c7ed428638b57ea
4330,2025-05-11,5.89,5.93,5.87,5.93,67870,400365.0,,,,historical_baseline,,fe33df9ae5456d8ee27133c42c244c81d150008ababc19399c7ed428638b57ea
4330,2025-05-12,5.93,5.94,5.9,5.94,56853,336966.33,,,,historical_baseline,,fe33df9ae5456d8ee27133c42c244c81d150008ababc19399c7ed428638b57ea
4330,2025-05-13,5.94,5.94,5.87,5.9,107216,632639.55,,,,historical_baseline,,fe33df9ae5456d8ee27133c42c244c81d150008ababc19399c7ed428638b57ea
4330,2025-05-14,5.9,5.93,5.88,5.89,46528,274652.63,,,,historical_baseline,,fe33df9ae5456d8ee27133c42c244c81d150008ababc19399c7ed428638b57ea
4330,2025-05-15,5.93,5.93,5.87,5.89,149956,885173.33,,,,historical_baseline,,fe33df9ae5456d8ee27133c42c244c81d150008ababc19399c7ed428638b57ea
4330,2025-05-18,5.89,5.89,5.86,5.86,47682,280009.31,,,,historical_baseline,,fe33df9ae5456d8ee27133c42c244c81d150008ababc19399c7ed428638b57ea
4330,2025-05-19,5.86,5.87,5.72,5.78,125781,729970.81,,,,historical_baseline,,fe33df9ae5456d8ee27133c42c244c81d150008ababc19399c7ed428638b57ea
4330,2025-05-20,5.78,5.84,5.77,5.84,63232,366668.25,,,,historical_baseline,,fe33df9ae5456d8ee27133c42c244c81d150008ababc19399c7ed428638b57ea
4330,2025-05-21,5.83,5.83,5.79,5.83,47058,273189.65,,,,historical_baseline,,fe33df9ae5456d8ee27133c42c244c81d150008ababc19399c7ed428638b57ea
4330,2025-05-22,5.83,5.83,5.77,5.78,79950,462747.34,,,,historical_baseline,,fe33df9ae5456d8ee27133c42c244c81d150008ababc19399c7ed428638b57ea
4330,2025-05-25,5.78,5.79,5.72,5.77,111433,642305.39,,,,historical_baseline,,fe33df9ae5456d8ee27133c42c244c81d150008ababc19399c7ed428638b57ea
4330,2025-05-26,5.72,5.75,5.67,5.69,128660,734537.68,,,,historical_baseline,,fe33df9ae5456d8ee27133c42c244c81d150008ababc19399c7ed428638b57ea
4330,2025-05-27,5.69,5.71,5.63,5.64,118994,673189.89,,,,historical_baseline,,fe33df9ae5456d8ee27133c42c244c81d150008ababc19399c7ed428638b57ea
4330,2025-05-28,5.64,5.68,5.63,5.67,49499,279881.04,,,,historical_baseline,,fe33df9ae5456d8ee27133c42c244c81d150008ababc19399c7ed428638b57ea
4330,2025-05-29,5.67,5.77,5.65,5.71,101797,581720.13,,,,historical_baseline,,fe33df9ae5456d8ee27133c42c244c81d150008ababc19399c7ed428638b57ea
4331,2025-05-01,14.76,14.96,14.4,14.54,175339,2567448.66,,,,historical_baseline,,fe33df9ae5456d8ee27133c42c244c81d150008ababc19399c7ed428638b57ea
4331,2025-05-04,14.5,14.9,14.5,14.56,115914,1699928.22,,,,historical_baseline,,fe33df9ae5456d8ee27133c42c244c81d150008ababc19399c7ed428638b57ea
4331,2025-05-05,14.56,14.74,14.46,14.6,67881,990795.08,,,,historical_baseline,,fe33df9ae5456d8ee27133c42c244c81d150008ababc19399c7ed428638b57ea
4331,2025-05-06,14.54,15.14,14.54,14.66,238713,3543987.6,,,,historical_baseline,,fe33df9ae5456d8ee27133c42c244c81d150008ababc19399c7ed428638b57ea
4331,2025-05-07,14.7,15.1,14.64,14.74,218897,3252975.34,,,,historical_baseline,,fe33df9ae5456d8ee27133c42c244c81d150008ababc19399c7ed428638b57ea
4331,2025-05-08,14.86,14.86,14.5,14.5,67163,979792.02,,,,historical_baseline,,fe33df9ae5456d8ee27133c42c244c81d150008ababc19399c7ed428638b57ea
4331,2025-05-11,14.66,14.68,14.32,14.36,105973,1531822.88,,,,historical_baseline,,fe33df9ae5456d8ee27133c42c244c81d150008ababc19399c7ed428638b57ea
4331,2025-05-12,14.4,14.7,14.3,14.7,163780,2390812.4,,,,historical_baseline,,fe33df9ae5456d8ee27133c42c244c81d150008ababc19399c7ed428638b57ea
4331,2025-05-13,14.7,14.76,14.46,14.46,100741,1470724.42,,,,historical_baseline,,fe33df9ae5456d8ee27133c42c244c81d150008ababc19399c7ed428638b57ea
4331,2025-05-14,14.56,14.64,14.52,14.58,47161,686841.2,,,,historical_baseline,,fe33df9ae5456d8ee27133c42c244c81d150008ababc19399c7ed428638b57ea
4331,2025-05-15,14.58,14.9,14.52,14.6,186923,2742431.16,,,,historical_baseline,,fe33df9ae5456d8ee27133c42c244c81d150008ababc19399c7ed428638b57ea
4331,2025-05-18,14.56,14.58,14.38,14.4,73829,1068872.3,,,,historical_baseline,,fe33df9ae5456d8ee27133c42c244c81d150008ababc19399c7ed428638b57ea
4331,2025-05-19,14.4,14.44,14.04,14.1,121219,1722610.84,,,,historical_baseline,,fe33df9ae5456d8ee27133c42c244c81d150008ababc19399c7ed428638b57ea
4331,2025-05-20,14.08,14.14,13.78,13.78,165281,2299697.08,,,,historical_baseline,,fe33df9ae5456d8ee27133c42c244c81d150008ababc19399c7ed428638b57ea
4331,2025-05-21,13.8,13.86,13.46,13.46,115245,1567060.18,,,,historical_baseline,,fe33df9ae5456d8ee27133c42c244c81d150008ababc19399c7ed428638b57ea
4331,2025-05-22,13.46,13.66,13.46,13.5,52530,712085.8,,,,historical_baseline,,fe33df9ae5456d8ee27133c42c244c81d150008ababc19399c7ed428638b57ea
4331,2025-05-25,13.54,13.86,13.3,13.46,187526,2541775.16,,,,historical_baseline,,fe33df9ae5456d8ee27133c42c244c81d150008ababc19399c7ed428638b57ea
4331,2025-05-26,13.5,13.6,13.46,13.6,79569,1074693.04,,,,historical_baseline,,fe33df9ae5456d8ee27133c42c244c81d150008ababc19399c7ed428638b57ea
4331,2025-05-27,13.68,13.68,13.46,13.62,88239,1190905.96,,,,historical_baseline,,fe33df9ae5456d8ee27133c42c244c81d150008ababc19399c7ed428638b57ea
4331,2025-05-28,13.58,13.9,13.48,13.48,65927,896916.68,,,,historical_baseline,,fe33df9ae5456d8ee27133c42c244c81d150008ababc19399c7ed428638b57ea
4331,2025-05-29,13.5,13.62,13.48,13.54,9570,129659.84,,,,historical_baseline,,fe33df9ae5456d8ee27133c42c244c81d150008ababc19399c7ed428638b57ea
4332,2025-05-01,6.26,6.26,6.14,6.17,87687,541775.79,,,,historical_baseline,,fe33df9ae5456d8ee27133c42c244c81d150008ababc19399c7ed428638b57ea
4332,2025-05-04,6.14,6.19,6.05,6.11,91935,560417.14,,,,historical_baseline,,fe33df9ae5456d8ee27133c42c244c81d150008ababc19399c7ed428638b57ea
4332,2025-05-05,6.11,6.18,6.11,6.17,51699,317600.9,,,,historical_baseline,,fe33df9ae5456d8ee27133c42c244c81d150008ababc19399c7ed428638b57ea
4332,2025-05-06,6.17,6.21,6.1,6.1,71110,436978.79,,,,historical_baseline,,fe33df9ae5456d8ee27133c42c244c81d150008ababc19399c7ed428638b57ea
4332,2025-05-07,6.11,6.17,6.1,6.16,33085,203039.53,,,,historical_baseline,,fe33df9ae5456d8ee27133c42c244c81d150008ababc19399c7ed428638b57ea
4332,2025-05-08,6.16,6.16,6.07,6.08,106963,651767.62,,,,historical_baseline,,fe33df9ae5456d8ee27133c42c244c81d150008ababc19399c7ed428638b57ea
4332,2025-05-11,6.01,6.14,5.99,6.04,259765,1567725.97,,,,historical_baseline,,fe33df9ae5456d8ee27133c42c244c81d150008ababc19399c7ed428638b57ea
4332,2025-05-12,6.08,6.08,6.0,6.07,43423,262949.03,,,,historical_baseline,,fe33df9ae5456d8ee27133c42c244c81d150008ababc19399c7ed428638b57ea
4332,2025-05-13,6.18,6.18,6.07,6.11,80175,490623.19,,,,historical_baseline,,fe33df9ae5456d8ee27133c42c244c81d150008ababc19399c7ed428638b57ea
4332,2025-05-14,6.15,6.15,6.08,6.13,23705,144855.33,,,,historical_baseline,,fe33df9ae5456d8ee27133c42c244c81d150008ababc19399c7ed428638b57ea
4332,2025-05-15,6.1,6.13,6.07,6.08,19811,120567.4,,,,historical_baseline,,fe33df9ae5456d8ee27133c42c244c81d150008ababc19399c7ed428638b57ea
4332,2025-05-18,6.08,6.12,6.08,6.1,32927,201002.63,,,,historical_baseline,,fe33df9ae5456d8ee27133c42c244c81d150008ababc19399c7ed428638b57ea
4332,2025-05-19,6.08,6.1,5.93,5.97,193815,1162319.26,,,,historical_baseline,,fe33df9ae5456d8ee27133c42c244c81d150008ababc19399c7ed428638b57ea
4332,2025-05-20,5.97,6.0,5.93,5.98,30519,182293.84,,,,historical_baseline,,fe33df9ae5456d8ee27133c42c244c81d150008ababc19399c7ed428638b57ea
4332,2025-05-21,6.02,6.02,5.92,5.95,35378,210190.9,,,,historical_baseline,,fe33df9ae5456d8ee27133c42c244c81d150008ababc19399c7ed428638b57ea
4332,2025-05-22,5.92,5.94,5.9,5.92,81508,481198.7,,,,historical_baseline,,fe33df9ae5456d8ee27133c42c244c81d150008ababc19399c7ed428638b57ea
4332,2025-05-25,5.94,5.94,5.86,5.91,28417,167581.44,,,,historical_baseline,,fe33df9ae5456d8ee27133c42c244c81d150008ababc19399c7ed428638b57ea
4332,2025-05-26,5.88,5.93,5.81,5.87,53468,313023.36,,,,historical_baseline,,fe33df9ae5456d8ee27133c42c244c81d150008ababc19399c7ed428638b57ea
4332,2025-05-27,5.89,5.99,5.8,5.9,81074,474909.47,,,,historical_baseline,,fe33df9ae5456d8ee27133c42c244c81d150008ababc19399c7ed428638b57ea
4332,2025-05-28,5.9,5.98,5.85,5.88,38056,224179.17,,,,historical_baseline,,fe33df9ae5456d8ee27133c42c244c81d150008ababc19399c7ed428638b57ea
4332,2025-05-29,5.88,5.94,5.87,5.94,42333,250779.92,,,,historical_baseline,,fe33df9ae5456d8ee27133c42c244c81d150008ababc19399c7ed428638b57ea
4333,2025-05-01,10.4,10.4,10.12,10.16,55646,568545.2,,,,historical_baseline,,fe33df9ae5456d8ee27133c42c244c81d150008ababc19399c7ed428638b57ea
4333,2025-05-04,10.14,10.24,10.08,10.1,80307,815902.18,,,,historical_baseline,,fe33df9ae5456d8ee27133c42c244c81d150008ababc19399c7ed428638b57ea
4333,2025-05-05,10.2,10.26,10.14,10.2,115870,1180143.42,,,,historical_baseline,,fe33df9ae5456d8ee27133c42c244c81d150008ababc19399c7ed428638b57ea
4333,2025-05-06,10.2,10.22,10.14,10.18,22052,224620.66,,,,historical_baseline,,fe33df9ae5456d8ee27133c42c244c81d150008ababc19399c7ed428638b57ea
4333,2025-05-07,10.14,10.16,10.06,10.06,77138,779136.44,,,,historical_baseline,,fe33df9ae5456d8ee27133c42c244c81d150008ababc19399c7ed428638b57ea
4333,2025-05-08,10.06,10.16,10.06,10.12,21545,217297.5,,,,historical_baseline,,fe33df9ae5456d8ee27133c42c244c81d150008ababc19399c7ed428638b57ea
4333,2025-05-11,10.1,10.12,10.06,10.06,28476,287057.74,,,,historical_baseline,,fe33df9ae5456d8ee27133c42c244c81d150008ababc19399c7ed428638b57ea
4333,2025-05-12,10.06,10.12,10.06,10.08,61275,617841.94,,,,historical_baseline,,fe33df9ae5456d8ee27133c42c244c81d150008ababc19399c7ed428638b57ea
4333,2025-05-13,10.22,10.22,10.08,10.1,24810,251144.44,,,,historical_baseline,,fe33df9ae5456d8ee27133c42c244c81d150008ababc19399c7ed428638b57ea
4333,2025-05-14,10.18,10.18,10.08,10.1,17660,178479.32,,,,historical_baseline,,fe33df9ae5456d8ee27133c42c244c81d150008ababc19399c7ed428638b57ea
4333,2025-05-15,10.08,10.12,10.06,10.08,12173,122801.36,,,,historical_baseline,,fe33df9ae5456d8ee27133c42c244c81d150008ababc19399c7ed428638b57ea
4333,2025-05-18,10.08,10.12,10.06,10.08,11241,113305.88,,,,historical_baseline,,fe33df9ae5456d8ee27133c42c244c81d150008ababc19399c7ed428638b57ea
4333,2025-05-19,10.08,10.08,10.02,10.06,54449,547111.58,,,,historical_baseline,,fe33df9ae5456d8ee27133c42c244c81d150008ababc19399c7ed428638b57ea
4333,2025-05-20,10.02,10.08,9.99,10.04,121602,1217191.35,,,,historical_baseline,,fe33df9ae5456d8ee27133c42c244c81d150008ababc19399c7ed428638b57ea
4333,2025-05-21,10.04,10.08,10.0,10.06,29026,290806.82,,,,historical_baseline,,fe33df9ae5456d8ee27133c42c244c81d150008ababc19399c7ed428638b57ea
4333,2025-05-22,10.0,10.04,9.97,10.0,48387,483181.15,,,,historical_baseline,,fe33df9ae5456d8ee27133c42c244c81d150008ababc19399c7ed428638b57ea
4333,2025-05-25,10.0,10.0,9.89,9.94,174769,1733361.41,,,,historical_baseline,,fe33df9ae5456d8ee27133c42c244c81d150008ababc19399c7ed428638b57ea
4333,2025-05-26,9.95,9.97,9.88,9.9,30648,303715.12,,,,historical_baseline,,fe33df9ae5456d8ee27133c42c244c81d150008ababc19399c7ed428638b57ea
4333,2025-05-27,9.89,9.9,9.78,9.8,139337,1366698.85,,,,historical_baseline,,fe33df9ae5456d8ee27133c42c244c81d150008ababc19399c7ed428638b57ea
4333,2025-05-28,9.79,9.94,9.79,9.93,20962,206933.49,,,,historical_baseline,,fe33df9ae5456d8ee27133c42c244c81d150008ababc19399c7ed428638b57ea
4333,2025-05-29,9.94,9.99,9.91,9.96,59945,595789.22,,,,historical_baseline,,fe33df9ae5456d8ee27133c42c244c81d150008ababc19399c7ed428638b57ea
4334,2025-05-01,9.26,10.0,9.26,9.38,171139,1651720.23,,,,historical_baseline,,fe33df9ae5456d8ee27133c42c244c81d150008ababc19399c7ed428638b57ea
4334,2025-05-04,9.38,9.38,9.21,9.29,32870,304912.53,,,,historical_baseline,,fe33df9ae5456d8ee27133c42c244c81d150008ababc19399c7ed428638b57ea
4334,2025-05-05,9.47,9.99,9.3,9.37,159848,1550465.61,,,,historical_baseline,,fe33df9ae5456d8ee27133c42c244c81d150008ababc19399c7ed428638b57ea
4334,2025-05-06,9.41,9.6,9.31,9.6,20747,195491.67,,,,historical_baseline,,fe33df9ae5456d8ee27133c42c244c81d150008ababc19399c7ed428638b57ea
4334,2025-05-07,9.58,9.58,9.34,9.37,26118,246815.9,,,,historical_baseline,,fe33df9ae5456d8ee27133c42c244c81d150008ababc19399c7ed428638b57ea
4334,2025-05-08,9.35,9.35,9.17,9.2,66854,616136.06,,,,historical_baseline,,fe33df9ae5456d8ee27133c42c244c81d150008ababc19399c7ed428638b57ea
4334,2025-05-11,9.21,9.3,9.01,9.12,94777,863253.88,,,,historical_baseline,,fe33df9ae5456d8ee27133c42c244c81d150008ababc19399c7ed428638b57ea
4334,2025-05-12,9.2,9.2,9.1,9.1,257783,2351489.3,,,,historical_baseline,,fe33df9ae5456d8ee27133c42c244c81d150008ababc19399c7ed428638b57ea
4334,2025-05-13,9.1,9.24,9.1,9.13,26500,242449.3,,,,historical_baseline,,fe33df9ae5456d8ee27133c42c244c81d150008ababc19399c7ed428638b57ea
4334,2025-05-14,9.29,9.29,9.17,9.2,30674,282652.48,,,,historical_baseline,,fe33df9ae5456d8ee27133c42c244c81d150008ababc19399c7ed428638b57ea
4334,2025-05-15,9.17,9.31,9.17,9.27,32595,300746.14,,,,historical_baseline,,fe33df9ae5456d8ee27133c42c244c81d150008ababc19399c7ed428638b57ea
4334,2025-05-18,9.23,9.27,9.17,9.17,46613,429625.28,,,,historical_baseline,,fe33df9ae5456d8ee27133c42c244c81d150008ababc19399c7ed428638b57ea
4334,2025-05-19,9.17,9.2,9.08,9.14,23973,218561.91,,,,historical_baseline,,fe33df9ae5456d8ee27133c42c244c81d150008ababc19399c7ed428638b57ea
4334,2025-05-20,9.1,9.12,9.08,9.1,18589,169085.19,,,,historical_baseline,,fe33df9ae5456d8ee27133c42c244c81d150008ababc19399c7ed428638b57ea
4334,2025-05-21,9.11,9.13,9.05,9.07,34608,313755.09,,,,historical_baseline,,fe33df9ae5456d8ee27133c42c244c81d150008ababc19399c7ed428638b57ea
4334,2025-05-22,9.04,9.21,9.04,9.09,48254,441566.69,,,,historical_baseline,,fe33df9ae5456d8ee27133c42c244c81d150008ababc19399c7ed428638b57ea
4334,2025-05-25,9.07,9.14,8.93,9.03,147947,1326225.4,,,,historical_baseline,,fe33df9ae5456d8ee27133c42c244c81d150008ababc19399c7ed428638b57ea
4334,2025-05-26,9.02,9.08,9.0,9.04,7131,64452.53,,,,historical_baseline,,fe33df9ae5456d8ee27133c42c244c81d150008ababc19399c7ed428638b57ea
4334,2025-05-27,9.03,9.06,9.0,9.03,24551,222105.37,,,,historical_baseline,,fe33df9ae5456d8ee27133c42c244c81d150008ababc19399c7ed428638b57ea
4334,2025-05-28,9.01,9.2,9.01,9.12,28540,261042.8,,,,historical_baseline,,fe33df9ae5456d8ee27133c42c244c81d150008ababc19399c7ed428638b57ea
4334,2025-05-29,9.28,9.28,9.15,9.25,39869,367135.73,,,,historical_baseline,,fe33df9ae5456d8ee27133c42c244c81d150008ababc19399c7ed428638b57ea
4335,2025-05-01,4.55,4.83,4.47,4.47,629862,2926610.0,,,,historical_baseline,,fe33df9ae5456d8ee27133c42c244c81d150008ababc19399c7ed428638b57ea
4335,2025-05-04,4.53,4.53,4.42,4.47,138076,617353.09,,,,historical_baseline,,fe33df9ae5456d8ee27133c42c244c81d150008ababc19399c7ed428638b57ea
4335,2025-05-05,4.41,4.54,4.41,4.47,257385,1152429.0,,,,historical_baseline,,fe33df9ae5456d8ee27133c42c244c81d150008ababc19399c7ed428638b57ea
4335,2025-05-06,4.47,4.49,4.43,4.48,69999,311518.62,,,,historical_baseline,,fe33df9ae5456d8ee27133c42c244c81d150008ababc19399c7ed428638b57ea
4335,2025-05-07,4.48,4.48,4.41,4.43,136220,603635.98,,,,historical_baseline,,fe33df9ae5456d8ee27133c42c244c81d150008ababc19399c7ed428638b57ea
4335,2025-05-08,4.42,4.42,4.36,4.4,142243,623393.8,,,,historical_baseline,,fe33df9ae5456d8ee27133c42c244c81d150008ababc19399c7ed428638b57ea
4335,2025-05-11,4.4,4.66,4.4,4.45,921068,4167670.94,,,,historical_baseline,,fe33df9ae5456d8ee27133c42c244c81d150008ababc19399c7ed428638b57ea
4335,2025-05-12,4.45,4.59,4.4,4.5,239609,1075273.5,,,,historical_baseline,,fe33df9ae5456d8ee27133c42c244c81d150008ababc19399c7ed428638b57ea
4335,2025-05-13,4.5,4.56,4.47,4.52,106994,481660.58,,,,historical_baseline,,fe33df9ae5456d8ee27133c42c244c81d150008ababc19399c7ed428638b57ea
4335,2025-05-14,4.52,4.56,4.48,4.54,78623,355374.94,,,,historical_baseline,,fe33df9ae5456d8ee27133c42c244c81d150008ababc19399c7ed428638b57ea
4335,2025-05-15,4.51,4.52,4.49,4.49,162765,732640.9,,,,historical_baseline,,fe33df9ae5456d8ee27133c42c244c81d150008ababc19399c7ed428638b57ea
4335,2025-05-18,4.48,4.5,4.45,4.46,135950,605833.01,,,,historical_baseline,,fe33df9ae5456d8ee27133c42c244c81d150008ababc19399c7ed428638b57ea
4335,2025-05-19,4.45,4.46,4.39,4.43,89825,397733.5,,,,historical_baseline,,fe33df9ae5456d8ee27133c42c244c81d150008ababc19399c7ed428638b57ea
4335,2025-05-20,4.4,4.43,4.37,4.4,88548,388922.54,,,,historical_baseline,,fe33df9ae5456d8ee27133c42c244c81d150008ababc19399c7ed428638b57ea
4335,2025-05-21,4.35,4.38,4.29,4.33,176513,764363.29,,,,historical_baseline,,fe33df9ae5456d8ee27133c42c244c81d150008ababc19399c7ed428638b57ea
4335,2025-05-22,4.3,4.35,4.27,4.32,56039,240891.37,,,,historical_baseline,,fe33df9ae5456d8ee27133c42c244c81d150008ababc19399c7ed428638b57ea
4335,2025-05-25,4.27,4.29,4.25,4.26,102996,439481.16,,,,historical_baseline,,fe33df9ae5456d8ee27133c42c244c81d150008ababc19399c7ed428638b57ea
4335,2025-05-26,4.26,4.29,4.23,4.25,64914,276375.66,,,,historical_baseline,,fe33df9ae5456d8ee27133c42c244c81d150008ababc19399c7ed428638b57ea
4335,2025-05-27,4.24,4.4,4.24,4.27,130858,559441.14,,,,historical_baseline,,fe33df9ae5456d8ee27133c42c244c81d150008ababc19399c7ed428638b57ea
4335,2025-05-28,4.26,4.34,4.24,4.26,61545,262231.58,,,,historical_baseline,,fe33df9ae5456d8ee27133c42c244c81d150008ababc19399c7ed428638b57ea
4335,2025-05-29,4.28,4.36,4.27,4.28,91855,393512.4,,,,historical_baseline,,fe33df9ae5456d8ee27133c42c244c81d150008ababc19399c7ed428638b57ea
4336,2025-05-01,5.04,5.15,5.0,5.02,349410,1765482.49,,,,historical_baseline,,fe33df9ae5456d8ee27133c42c244c81d150008ababc19399c7ed428638b57ea
4336,2025-05-04,5.02,5.04,5.0,5.01,161064,807510.83,,,,historical_baseline,,fe33df9ae5456d8ee27133c42c244c81d150008ababc19399c7ed428638b57ea
4336,2025-05-05,5.01,5.02,4.94,4.95,167629,834987.54,,,,historical_baseline,,fe33df9ae5456d8ee27133c42c244c81d150008ababc19399c7ed428638b57ea
4336,2025-05-06,4.98,5.0,4.9,4.94,91105,449260.36,,,,historical_baseline,,fe33df9ae5456d8ee27133c42c244c81d150008ababc19399c7ed428638b57ea
4336,2025-05-07,4.94,4.98,4.9,4.95,70702,348769.67,,,,historical_baseline,,fe33df9ae5456d8ee27133c42c244c81d150008ababc19399c7ed428638b57ea
4336,2025-05-08,4.95,4.95,4.9,4.93,77390,381234.4,,,,historical_baseline,,fe33df9ae5456d8ee27133c42c244c81d150008ababc19399c7ed428638b57ea
4336,2025-05-11,4.93,5.01,4.91,4.95,161818,801188.0,,,,historical_baseline,,fe33df9ae5456d8ee27133c42c244c81d150008ababc19399c7ed428638b57ea
4336,2025-05-12,4.96,4.98,4.92,4.98,70201,347572.14,,,,historical_baseline,,fe33df9ae5456d8ee27133c42c244c81d150008ababc19399c7ed428638b57ea
4336,2025-05-13,4.98,4.99,4.96,4.98,38063,189531.35,,,,historical_baseline,,fe33df9ae5456d8ee27133c42c244c81d150008ababc19399c7ed428638b57ea
4336,2025-05-14,4.98,5.0,4.95,5.0,120895,601974.74,,,,historical_baseline,,fe33df9ae5456d8ee27133c42c244c81d150008ababc19399c7ed428638b57ea
4336,2025-05-15,4.99,5.02,4.95,4.96,59090,294345.19,,,,historical_baseline,,fe33df9ae5456d8ee27133c42c244c81d150008ababc19399c7ed428638b57ea
4336,2025-05-18,4.95,4.96,4.93,4.94,49111,242644.23,,,,historical_baseline,,fe33df9ae5456d8ee27133c42c244c81d150008ababc19399c7ed428638b57ea
4336,2025-05-19,4.95,4.95,4.9,4.93,57798,284489.18,,,,historical_baseline,,fe33df9ae5456d8ee27133c42c244c81d150008ababc19399c7ed428638b57ea
4336,2025-05-20,4.93,4.94,4.88,4.91,103281,506029.2,,,,historical_baseline,,fe33df9ae5456d8ee27133c42c244c81d150008ababc19399c7ed428638b57ea
4336,2025-05-21,4.92,4.92,4.86,4.89,55241,269755.84,,,,historical_baseline,,fe33df9ae5456d8ee27133c42c244c81d150008ababc19399c7ed428638b57ea
4336,2025-05-22,4.86,4.87,4.81,4.82,189038,912824.86,,,,historical_baseline,,fe33df9ae5456d8ee27133c42c244c81d150008ababc19399c7ed428638b57ea
4336,2025-05-25,4.81,4.82,4.76,4.78,94624,452811.41,,,,historical_baseline,,fe33df9ae5456d8ee27133c42c244c81d150008ababc19399c7ed428638b57ea
4336,2025-05-26,4.78,4.78,4.74,4.76,85233,406019.01,,,,historical_baseline,,fe33df9ae5456d8ee27133c42c244c81d150008ababc19399c7ed428638b57ea
4336,2025-05-27,4.74,4.77,4.71,4.73,96559,458548.6,,,,historical_baseline,,fe33df9ae5456d8ee27133c42c244c81d150008ababc19399c7ed428638b57ea
4336,2025-05-28,4.73,4.78,4.73,4.78,68069,324122.75,,,,historical_baseline,,fe33df9ae5456d8ee27133c42c244c81d150008ababc19399c7ed428638b57ea
4336,2025-05-29,4.78,4.87,4.78,4.84,139015,668889.42,,,,historical_baseline,,fe33df9ae5456d8ee27133c42c244c81d150008ababc19399c7ed428638b57ea
4337,2025-05-01,4.04,4.05,3.99,4.03,180561,723012.67,,,,historical_baseline,,fe33df9ae5456d8ee27133c42c244c81d150008ababc19399c7ed428638b57ea
4337,2025-05-04,4.03,4.04,4.0,4.02,179739,723468.75,,,,historical_baseline,,fe33df9ae5456d8ee27133c42c244c81d150008ababc19399c7ed428638b57ea
4337,2025-05-05,3.96,4.04,3.96,4.01,82223,329243.56,,,,historical_baseline,,fe33df9ae5456d8ee27133c42c244c81d150008ababc19399c7ed428638b57ea
4337,2025-05-06,4.04,4.11,4.01,4.08,14120834,59989979.52,,,,historical_baseline,,fe33df9ae5456d8ee27133c42c244c81d150008ababc19399c7ed428638b57ea
4337,2025-05-07,4.06,4.19,4.0,4.07,1108501,4652727.09,,,,historical_baseline,,fe33df9ae5456d8ee27133c42c244c81d150008ababc19399c7ed428638b57ea
4337,2025-05-08,4.05,4.17,4.04,4.13,239341,983976.58,,,,historical_baseline,,fe33df9ae5456d8ee27133c42c244c81d150008ababc19399c7ed428638b57ea
4337,2025-05-11,4.25,4.54,4.25,4.4,6447407,28777512.95,,,,historical_baseline,,fe33df9ae5456d8ee27133c42c244c81d150008ababc19399c7ed428638b57ea
4337,2025-05-12,4.4,4.43,4.33,4.37,1035300,4535956.21,,,,historical_baseline,,fe33df9ae5456d8ee27133c42c244c81d150008ababc19399c7ed428638b57ea
4337,2025-05-13,4.37,4.73,4.35,4.54,2316460,10559715.15,,,,historical_baseline,,fe33df9ae5456d8ee27133c42c244c81d150008ababc19399c7ed428638b57ea
4337,2025-05-14,4.54,4.69,4.5,4.6,817415,3747162.6,,,,historical_baseline,,fe33df9ae5456d8ee27133c42c244c81d150008ababc19399c7ed428638b57ea
4337,2025-05-15,4.6,4.78,4.55,4.72,1147488,5359812.8,,,,historical_baseline,,fe33df9ae5456d8ee27133c42c244c81d150008ababc19399c7ed428638b57ea
4337,2025-05-18,4.72,4.72,4.42,4.45,1086874,4904363.88,,,,historical_baseline,,fe33df9ae5456d8ee27133c42c244c81d150008ababc19399c7ed428638b57ea
4337,2025-05-19,4.45,4.5,4.36,4.4,454097,2009443.19,,,,historical_baseline,,fe33df9ae5456d8ee27133c42c244c81d150008ababc19399c7ed428638b57ea
4337,2025-05-20,4.38,4.46,4.29,4.45,436523,1923778.94,,,,historical_baseline,,fe33df9ae5456d8ee27133c42c244c81d150008ababc19399c7ed428638b57ea
4337,2025-05-21,4.45,4.46,4.3,4.37,224359,980429.12,,,,historical_baseline,,fe33df9ae5456d8ee27133c42c244c81d150008ababc19399c7ed428638b57ea
4337,2025-05-22,4.35,4.46,4.32,4.32,504195,2208060.74,,,,historical_baseline,,fe33df9ae5456d8ee27133c42c244c81d150008ababc19399c7ed428638b57ea
4337,2025-05-25,4.32,4.37,4.3,4.3,163466,707423.2,,,,historical_baseline,,fe33df9ae5456d8ee27133c42c244c81d150008ababc19399c7ed428638b57ea
4337,2025-05-26,4.3,4.45,4.25,4.35,393527,1707803.04,,,,historical_baseline,,fe33df9ae5456d8ee27133c42c244c81d150008ababc19399c7ed428638b57ea
4337,2025-05-27,4.36,4.36,4.23,4.34,193071,828112.34,,,,historical_baseline,,fe33df9ae5456d8ee27133c42c244c81d150008ababc19399c7ed428638b57ea
4337,2025-05-28,4.28,4.35,4.28,4.34,229419,990503.39,,,,historical_baseline,,fe33df9ae5456d8ee27133c42c244c81d150008ababc19399c7ed428638b57ea
4337,2025-05-29,4.29,4.4,4.29,4.32,259585,1128817.01,,,,historical_baseline,,fe33df9ae5456d8ee27133c42c244c81d150008ababc19399c7ed428638b57ea
4338,2025-05-01,7.03,7.04,7.0,7.01,88854,623451.72,,,,historical_baseline,,fe33df9ae5456d8ee27133c42c244c81d150008ababc19399c7ed428638b57ea
4338,2025-05-04,7.0,7.01,6.96,6.99,103218,720853.74,,,,historical_baseline,,fe33df9ae5456d8ee27133c42c244c81d150008ababc19399c7ed428638b57ea
4338,2025-05-05,7.04,7.04,6.86,6.88,153388,1060312.97,,,,historical_baseline,,fe33df9ae5456d8ee27133c42c244c81d150008ababc19399c7ed428638b57ea
4338,2025-05-06,6.88,6.9,6.78,6.87,227372,1553902.99,,,,historical_baseline,,fe33df9ae5456d8ee27133c42c244c81d150008ababc19399c7ed428638b57ea
4338,2025-05-07,6.89,6.98,6.88,6.93,31899,221206.14,,,,historical_baseline,,fe33df9ae5456d8ee27133c42c244c81d150008ababc19399c7ed428638b57ea
4338,2025-05-08,6.95,6.99,6.92,6.92,27531,191780.27,,,,historical_baseline,,fe33df9ae5456d8ee27133c42c244c81d150008ababc19399c7ed428638b57ea
4338,2025-05-11,6.93,6.96,6.9,6.94,32912,228019.8,,,,historical_baseline,,fe33df9ae5456d8ee27133c42c244c81d150008ababc19399c7ed428638b57ea
4338,2025-05-12,6.96,6.99,6.94,6.95,43031,299569.13,,,,historical_baseline,,fe33df9ae5456d8ee27133c42c244c81d150008ababc19399c7ed428638b57ea
4338,2025-05-13,7.01,7.01,6.97,6.98,7347,51396.81,,,,historical_baseline,,fe33df9ae5456d8ee27133c42c244c81d150008ababc19399c7ed428638b57ea
4338,2025-05-14,6.98,6.99,6.95,6.96,33734,234826.37,,,,historical_baseline,,fe33df9ae5456d8ee27133c42c244c81d150008ababc19399c7ed428638b57ea
4338,2025-05-15,6.96,6.96,6.9,6.9,34426,238066.29,,,,historical_baseline,,fe33df9ae5456d8ee27133c42c244c81d150008ababc19399c7ed428638b57ea
4338,2025-05-18,6.94,6.94,6.89,6.91,29051,200888.57,,,,historical_baseline,,fe33df9ae5456d8ee27133c42c244c81d150008ababc19399c7ed428638b57ea
4338,2025-05-19,6.86,6.91,6.86,6.9,17613,121132.28,,,,historical_baseline,,fe33df9ae5456d8ee27133c42c244c81d150008ababc19399c7ed428638b57ea
4338,2025-05-20,6.9,6.92,6.86,6.87,54757,377427.39,,,,historical_baseline,,fe33df9ae5456d8ee27133c42c244c81d150008ababc19399c7ed428638b57ea
4338,2025-05-21,6.9,7.06,6.85,6.98,104031,723545.89,,,,historical_baseline,,fe33df9ae5456d8ee27133c42c244c81d150008ababc19399c7ed428638b57ea
4338,2025-05-22,6.98,6.99,6.9,6.9,34980,243318.65,,,,historical_baseline,,fe33df9ae5456d8ee27133c42c244c81d150008ababc19399c7ed428638b57ea
4338,2025-05-25,6.97,6.99,6.9,6.98,27067,188317.48,,,,historical_baseline,,fe33df9ae5456d8ee27133c42c244c81d150008ababc19399c7ed428638b57ea
4338,2025-05-26,6.98,6.98,6.88,6.92,12251,84940.36,,,,historical_baseline,,fe33df9ae5456d8ee27133c42c244c81d150008ababc19399c7ed428638b57ea
4338,2025-05-27,6.9,6.96,6.89,6.93,11233,77845.72,,,,historical_baseline,,fe33df9ae5456d8ee27133c42c244c81d150008ababc19399c7ed428638b57ea
4338,2025-05-28,6.93,6.97,6.93,6.96,20666,143687.58,,,,historical_baseline,,fe33df9ae5456d8ee27133c42c244c81d150008ababc19399c7ed428638b57ea
4338,2025-05-29,6.97,6.99,6.95,6.97,28670,199996.97,,,,historical_baseline,,fe33df9ae5456d8ee27133c42c244c81d150008ababc19399c7ed428638b57ea
4339,2025-05-01,5.61,5.64,5.56,5.62,59942,335501.84,,,,historical_baseline,,fe33df9ae5456d8ee27133c42c244c81d150008ababc19399c7ed428638b57ea
4339,2025-05-04,5.62,5.66,5.56,5.57,47615,266083.94,,,,historical_baseline,,fe33df9ae5456d8ee27133c42c244c81d150008ababc19399c7ed428638b57ea
4339,2025-05-05,5.6,5.6,5.52,5.58,35116,195388.89,,,,historical_baseline,,fe33df9ae5456d8ee27133c42c244c81d150008ababc19399c7ed428638b57ea
4339,2025-05-06,5.58,5.64,5.54,5.6,28836,161171.18,,,,historical_baseline,,fe33df9ae5456d8ee27133c42c244c81d150008ababc19399c7ed428638b57ea
4339,2025-05-07,5.62,5.65,5.57,5.62,57259,320634.36,,,,historical_baseline,,fe33df9ae5456d8ee27133c42c244c81d150008ababc19399c7ed428638b57ea
4339,2025-05-08,5.6,5.65,5.56,5.56,41409,231783.2,,,,historical_baseline,,fe33df9ae5456d8ee27133c42c244c81d150008ababc19399c7ed428638b57ea
4339,2025-05-11,5.58,5.63,5.54,5.57,64848,362004.7,,,,historical_baseline,,fe33df9ae5456d8ee27133c42c244c81d150008ababc19399c7ed428638b57ea
4339,2025-05-12,5.57,5.62,5.55,5.61,44369,247654.39,,,,historical_baseline,,fe33df9ae5456d8ee27133c42c244c81d150008ababc19399c7ed428638b57ea
4339,2025-05-13,5.61,5.62,5.57,5.58,112541,629496.38,,,,historical_baseline,,fe33df9ae5456d8ee27133c42c244c81d150008ababc19399c7ed428638b57ea
4339,2025-05-14,5.58,5.62,5.58,5.62,58313,326315.61,,,,historical_baseline,,fe33df9ae5456d8ee27133c42c244c81d150008ababc19399c7ed428638b57ea
4339,2025-05-15,5.62,5.63,5.55,5.55,67964,379221.02,,,,historical_baseline,,fe33df9ae5456d8ee27133c42c244c81d150008ababc19399c7ed428638b57ea
4339,2025-05-18,5.57,5.6,5.55,5.55,65233,363109.83,,,,historical_baseline,,fe33df9ae5456d8ee27133c42c244c81d150008ababc19399c7ed428638b57ea
4339,2025-05-19,5.56,5.63,5.56,5.61,86283,482832.16,,,,historical_baseline,,fe33df9ae5456d8ee27133c42c244c81d150008ababc19399c7ed428638b57ea
4339,2025-05-20,5.62,5.63,5.58,5.61,45911,257237.98,,,,historical_baseline,,fe33df9ae5456d8ee27133c42c244c81d150008ababc19399c7ed428638b57ea
4339,2025-05-21,5.6,5.61,5.55,5.55,43906,244716.31,,,,historical_baseline,,fe33df9ae5456d8ee27133c42c244c81d150008ababc19399c7ed428638b57ea
4339,2025-05-22,5.55,5.6,5.55,5.59,49484,275147.38,,,,historical_baseline,,fe33df9ae5456d8ee27133c42c244c81d150008ababc19399c7ed428638b57ea
4339,2025-05-25,5.62,5.62,5.4,5.41,246622,1356131.99,,,,historical_baseline,,fe33df9ae5456d8ee27133c42c244c81d150008ababc19399c7ed428638b57ea
4339,2025-05-26,5.4,5.55,5.39,5.5,226313,1239236.37,,,,historical_baseline,,fe33df9ae5456d8ee27133c42c244c81d150008ababc19399c7ed428638b57ea
4339,2025-05-27,5.5,5.72,5.46,5.54,585626,3288066.9,,,,historical_baseline,,fe33df9ae5456d8ee27133c42c244c81d150008ababc19399c7ed428638b57ea
4339,2025-05-28,5.56,5.61,5.54,5.59,159900,892389.63,,,,historical_baseline,,fe33df9ae5456d8ee27133c42c244c81d150008ababc19399c7ed428638b57ea
4339,2025-05-29,5.59,5.71,5.59,5.62,148557,841894.93,,,,historical_baseline,,fe33df9ae5456d8ee27133c42c244c81d150008ababc19399c7ed428638b57ea
4340,2025-05-01,8.43,8.44,8.35,8.35,91545,766657.32,,,,historical_baseline,,fe33df9ae5456d8ee27133c42c244c81d150008ababc19399c7ed428638b57ea
4340,2025-05-04,8.35,8.39,8.32,8.36,109389,913842.25,,,,historical_baseline,,fe33df9ae5456d8ee27133c42c244c81d150008ababc19399c7ed428638b57ea
4340,2025-05-05,8.36,8.42,8.31,8.42,156660,1313731.48,,,,historical_baseline,,fe33df9ae5456d8ee27133c42c244c81d150008ababc19399c7ed428638b57ea
4340,2025-05-06,8.45,8.45,8.37,8.42,205855,1730304.83,,,,historical_baseline,,fe33df9ae5456d8ee27133c42c244c81d150008ababc19399c7ed428638b57ea
4340,2025-05-07,8.33,8.37,8.31,8.36,157405,1312339.36,,,,historical_baseline,,fe33df9ae5456d8ee27133c42c244c81d150008ababc19399c7ed428638b57ea
4340,2025-05-08,8.32,8.41,8.32,8.4,167092,1400213.44,,,,historical_baseline,,fe33df9ae5456d8ee27133c42c244c81d150008ababc19399c7ed428638b57ea
4340,2025-05-11,8.34,8.35,8.29,8.3,228109,1897127.08,,,,historical_baseline,,fe33df9ae5456d8ee27133c42c244c81d150008ababc19399c7ed428638b57ea
4340,2025-05-12,8.3,8.35,8.3,8.32,176915,1473674.54,,,,historical_baseline,,fe33df9ae5456d8ee27133c42c244c81d150008ababc19399c7ed428638b57ea
4340,2025-05-13,8.32,8.35,8.3,8.35,108832,906843.92,,,,historical_baseline,,fe33df9ae5456d8ee27133c42c244c81d150008ababc19399c7ed428638b57ea
4340,2025-05-14,8.35,8.36,8.33,8.36,77233,644930.5,,,,historical_baseline,,fe33df9ae5456d8ee27133c42c244c81d150008ababc19399c7ed428638b57ea
4340,2025-05-15,8.35,8.39,8.35,8.36,280216,2343601.4,,,,historical_baseline,,fe33df9ae5456d8ee27133c42c244c81d150008ababc19399c7ed428638b57ea
4340,2025-05-18,8.36,8.36,8.29,8.29,133963,1114230.02,,,,historical_baseline,,fe33df9ae5456d8ee27133c42c244c81d150008ababc19399c7ed428638b57ea
4340,2025-05-19,8.29,8.4,8.29,8.37,279798,2339757.74,,,,historical_baseline,,fe33df9ae5456d8ee27133c42c244c81d150008ababc19399c7ed428638b57ea
4340,2025-05-20,8.37,8.4,8.36,8.4,156583,1311734.64,,,,historical_baseline,,fe33df9ae5456d8ee27133c42c244c81d150008ababc19399c7ed428638b57ea
4340,2025-05-21,8.39,8.39,8.32,8.39,245705,2054656.42,,,,historical_baseline,,fe33df9ae5456d8ee27133c42c244c81d150008ababc19399c7ed428638b57ea
4340,2025-05-22,8.36,8.4,8.33,8.38,153325,1282637.42,,,,historical_baseline,,fe33df9ae5456d8ee27133c42c244c81d150008ababc19399c7ed428638b57ea
4340,2025-05-25,8.38,8.38,8.28,8.28,213572,1780600.86,,,,historical_baseline,,fe33df9ae5456d8ee27133c42c244c81d150008ababc19399c7ed428638b57ea
4340,2025-05-26,8.28,8.33,8.28,8.32,111150,923487.71,,,,historical_baseline,,fe33df9ae5456d8ee27133c42c244c81d150008ababc19399c7ed428638b57ea
4340,2025-05-27,8.31,8.32,8.23,8.26,182032,1506705.58,,,,historical_baseline,,fe33df9ae5456d8ee27133c42c244c81d150008ababc19399c7ed428638b57ea
4340,2025-05-28,8.26,8.3,8.23,8.25,142478,1176075.44,,,,historical_baseline,,fe33df9ae5456d8ee27133c42c244c81d150008ababc19399c7ed428638b57ea
4340,2025-05-29,8.28,8.33,8.27,8.29,393049,3261454.75,,,,historical_baseline,,fe33df9ae5456d8ee27133c42c244c81d150008ababc19399c7ed428638b57ea
4342,2025-05-01,10.26,10.68,10.18,10.22,254759,2621676.14,,,,historical_baseline,,fe33df9ae5456d8ee27133c42c244c81d150008ababc19399c7ed428638b57ea
4342,2025-05-04,10.32,10.32,10.22,10.28,122441,1256179.44,,,,historical_baseline,,fe33df9ae5456d8ee27133c42c244c81d150008ababc19399c7ed428638b57ea
4342,2025-05-05,10.26,10.3,10.16,10.3,115214,1175741.16,,,,historical_baseline,,fe33df9ae5456d8ee27133c42c244c81d150008ababc19399c7ed428638b57ea
4342,2025-05-06,10.3,10.3,10.2,10.3,125518,1283773.46,,,,historical_baseline,,fe33df9ae5456d8ee27133c42c244c81d150008ababc19399c7ed428638b57ea
4342,2025-05-07,10.28,10.3,10.22,10.3,21517,221145.12,,,,historical_baseline,,fe33df9ae5456d8ee27133c42c244c81d150008ababc19399c7ed428638b57ea
4342,2025-05-08,10.3,10.3,10.24,10.26,45527,467567.76,,,,historical_baseline,,fe33df9ae5456d8ee27133c42c244c81d150008ababc19399c7ed428638b57ea
4342,2025-05-11,10.26,10.28,10.1,10.18,178805,1820231.28,,,,historical_baseline,,fe33df9ae5456d8ee27133c42c244c81d150008ababc19399c7ed428638b57ea
4342,2025-05-12,10.24,10.24,10.14,10.16,40048,407520.4,,,,historical_baseline,,fe33df9ae5456d8ee27133c42c244c81d150008ababc19399c7ed428638b57ea
4342,2025-05-13,10.2,10.32,10.16,10.32,178999,1839915.98,,,,historical_baseline,,fe33df9ae5456d8ee27133c42c244c81d150008ababc19399c7ed428638b57ea
4342,2025-05-14,10.34,10.34,10.22,10.3,161210,1658855.72,,,,historical_baseline,,fe33df9ae5456d8ee27133c42c244c81d150008ababc19399c7ed428638b57ea
4342,2025-05-15,10.3,10.32,10.2,10.28,73485,754432.46,,,,historical_baseline,,fe33df9ae5456d8ee27133c42c244c81d150008ababc19399c7ed428638b57ea
4342,2025-05-18,10.28,10.5,10.26,10.32,231845,2402017.74,,,,historical_baseline,,fe33df9ae5456d8ee27133c42c244c81d150008ababc19399c7ed428638b57ea
4342,2025-05-19,10.34,10.34,10.2,10.2,107595,1104871.74,,,,historical_baseline,,fe33df9ae5456d8ee27133c42c244c81d150008ababc19399c7ed428638b57ea
4342,2025-05-20,10.2,10.26,10.2,10.22,49352,504454.06,,,,historical_baseline,,fe33df9ae5456d8ee27133c42c244c81d150008ababc19399c7ed428638b57ea
4342,2025-05-21,10.22,10.26,10.1,10.12,146312,1487840.14,,,,historical_baseline,,fe33df9ae5456d8ee27133c42c244c81d150008ababc19399c7ed428638b57ea
4342,2025-05-22,10.14,10.18,10.1,10.14,87389,885787.52,,,,historical_baseline,,fe33df9ae5456d8ee27133c42c244c81d150008ababc19399c7ed428638b57ea
4342,2025-05-25,10.14,10.22,10.12,10.2,67581,687462.4,,,,historical_baseline,,fe33df9ae5456d8ee27133c42c244c81d150008ababc19399c7ed428638b57ea
4342,2025-05-26,10.1,10.24,10.1,10.16,196966,2002372.92,,,,historical_baseline,,fe33df9ae5456d8ee27133c42c244c81d150008ababc19399c7ed428638b57ea
4342,2025-05-27,10.2,10.36,10.18,10.18,168282,1725770.96,,,,historical_baseline,,fe33df9ae5456d8ee27133c42c244c81d150008ababc19399c7ed428638b57ea
4342,2025-05-28,10.18,10.28,10.18,10.22,85378,873492.64,,,,historical_baseline,,fe33df9ae5456d8ee27133c42c244c81d150008ababc19399c7ed428638b57ea
4342,2025-05-29,10.24,10.36,10.2,10.2,188790,1938171.96,,,,historical_baseline,,fe33df9ae5456d8ee27133c42c244c81d150008ababc19399c7ed428638b57ea
4344,2025-05-01,7.13,7.17,7.08,7.1,347782,2472756.21,,,,historical_baseline,,fe33df9ae5456d8ee27133c42c244c81d150008ababc19399c7ed428638b57ea
4344,2025-05-04,7.05,7.05,6.92,6.98,366552,2558222.23,,,,historical_baseline,,fe33df9ae5456d8ee27133c42c244c81d150008ababc19399c7ed428638b57ea
4344,2025-05-05,6.99,6.99,6.9,6.94,234368,1624652.15,,,,historical_baseline,,fe33df9ae5456d8ee27133c42c244c81d150008ababc19399c7ed428638b57ea
4344,2025-05-06,6.94,6.97,6.92,6.94,115151,799189.04,,,,historical_baseline,,fe33df9ae5456d8ee27133c42c244c81d150008ababc19399c7ed428638b57ea
4344,2025-05-07,6.93,6.95,6.86,6.88,181290,1248720.5,,,,historical_baseline,,fe33df9ae5456d8ee27133c42c244c81d150008ababc19399c7ed428638b57ea
4344,2025-05-08,6.89,6.92,6.87,6.91,131739,907568.09,,,,historical_baseline,,fe33df9ae5456d8ee27133c42c244c81d150008ababc19399c7ed428638b57ea
4344,2025-05-11,6.91,6.91,6.87,6.89,95479,657946.17,,,,historical_baseline,,fe33df9ae5456d8ee27133c42c244c81d150008ababc19399c7ed428638b57ea
4344,2025-05-12,6.9,6.92,6.87,6.92,160105,1103454.23,,,,historical_baseline,,fe33df9ae5456d8ee27133c42c244c81d150008ababc19399c7ed428638b57ea
4344,2025-05-13,6.89,6.92,6.86,6.89,174868,1204526.26,,,,historical_baseline,,fe33df9ae5456d8ee27133c42c244c81d150008ababc19399c7ed428638b57ea
4344,2025-05-14,6.9,6.93,6.88,6.92,131828,909736.04,,,,historical_baseline,,fe33df9ae5456d8ee27133c42c244c81d150008ababc19399c7ed428638b57ea
4344,2025-05-15,6.9,6.97,6.9,6.94,176409,1223264.56,,,,historical_baseline,,fe33df9ae5456d8ee27133c42c244c81d150008ababc19399c7ed428638b57ea
4344,2025-05-18,6.93,6.94,6.85,6.9,240724,1656810.42,,,,historical_baseline,,fe33df9ae5456d8ee27133c42c244c81d150008ababc19399c7ed428638b57ea
4344,2025-05-19,6.9,6.9,6.85,6.86,43755,300644.58,,,,historical_baseline,,fe33df9ae5456d8ee27133c42c244c81d150008ababc19399c7ed428638b57ea
4344,2025-05-20,6.86,6.89,6.85,6.88,100957,693546.56,,,,historical_baseline,,fe33df9ae5456d8ee27133c42c244c81d150008ababc19399c7ed428638b57ea
4344,2025-05-21,6.88,6.89,6.78,6.87,223803,1528685.94,,,,historical_baseline,,fe33df9ae5456d8ee27133c42c244c81d150008ababc19399c7ed428638b57ea
4344,2025-05-22,6.82,6.88,6.79,6.83,90917,619664.44,,,,historical_baseline,,fe33df9ae5456d8ee27133c42c244c81d150008ababc19399c7ed428638b57ea
4344,2025-05-25,6.88,6.88,6.71,6.8,229991,1560687.15,,,,historical_baseline,,fe33df9ae5456d8ee27133c42c244c81d150008ababc19399c7ed428638b57ea
4344,2025-05-26,6.8,6.8,6.77,6.77,64608,437874.43,,,,historical_baseline,,fe33df9ae5456d8ee27133c42c244c81d150008ababc19399c7ed428638b57ea
4344,2025-05-27,6.77,6.79,6.75,6.77,109140,739138.66,,,,historical_baseline,,fe33df9ae5456d8ee27133c42c244c81d150008ababc19399c7ed428638b57ea
4344,2025-05-28,6.77,6.8,6.76,6.78,97594,661093.75,,,,historical_baseline,,fe33df9ae5456d8ee27133c42c244c81d150008ababc19399c7ed428638b57ea
4344,2025-05-29,6.78,6.85,6.78,6.85,167597,1140654.43,,,,historical_baseline,,fe33df9ae5456d8ee27133c42c244c81d150008ababc19399c7ed428638b57ea
4345,2025-05-01,4.72,4.73,4.63,4.65,68680,320452.57,,,,historical_baseline,,fe33df9ae5456d8ee27133c42c244c81d150008ababc19399c7ed428638b57ea
4345,2025-05-04,4.63,4.66,4.6,4.65,38506,178227.47,,,,historical_baseline,,fe33df9ae5456d8ee27133c42c244c81d150008ababc19399c7ed428638b57ea
4345,2025-05-05,4.65,4.65,4.55,4.64,200050,915388.21,,,,historical_baseline,,fe33df9ae5456d8ee27133c42c244c81d150008ababc19399c7ed428638b57ea
4345,2025-05-06,4.67,4.67,4.59,4.67,90370,418218.0,,,,historical_baseline,,fe33df9ae5456d8ee27133c42c244c81d150008ababc19399c7ed428638b57ea
4345,2025-05-07,4.7,4.7,4.6,4.7,146436,683826.84,,,,historical_baseline,,fe33df9ae5456d8ee27133c42c244c81d150008ababc19399c7ed428638b57ea
4345,2025-05-08,4.63,4.68,4.59,4.65,69975,323135.61,,,,historical_baseline,,fe33df9ae5456d8ee27133c42c244c81d150008ababc19399c7ed428638b57ea
4345,2025-05-11,4.66,4.69,4.57,4.61,219061,1007232.08,,,,historical_baseline,,fe33df9ae5456d8ee27133c42c244c81d150008ababc19399c7ed428638b57ea
4345,2025-05-12,4.59,4.64,4.59,4.64,80169,370303.84,,,,historical_baseline,,fe33df9ae5456d8ee27133c42c244c81d150008ababc19399c7ed428638b57ea
4345,2025-05-13,4.65,4.65,4.61,4.61,136884,635105.61,,,,historical_baseline,,fe33df9ae5456d8ee27133c42c244c81d150008ababc19399c7ed428638b57ea
4345,2025-05-14,4.61,4.65,4.6,4.64,172093,794814.3,,,,historical_baseline,,fe33df9ae5456d8ee27133c42c244c81d150008ababc19399c7ed428638b57ea
4345,2025-05-15,4.64,4.64,4.57,4.61,117753,540737.15,,,,historical_baseline,,fe33df9ae5456d8ee27133c42c244c81d150008ababc19399c7ed428638b57ea
4345,2025-05-18,4.6,4.62,4.58,4.58,117838,542163.08,,,,historical_baseline,,fe33df9ae5456d8ee27133c42c244c81d150008ababc19399c7ed428638b57ea
4345,2025-05-19,4.59,4.62,4.57,4.62,93066,426727.55,,,,historical_baseline,,fe33df9ae5456d8ee27133c42c244c81d150008ababc19399c7ed428638b57ea
4345,2025-05-20,4.6,4.63,4.6,4.63,16480,76043.59,,,,historical_baseline,,fe33df9ae5456d8ee27133c42c244c81d150008ababc19399c7ed428638b57ea
4345,2025-05-21,4.62,4.63,4.55,4.58,120519,551738.68,,,,historical_baseline,,fe33df9ae5456d8ee27133c42c244c81d150008ababc19399c7ed428638b57ea
4345,2025-05-22,4.56,4.58,4.5,4.54,247151,1115075.63,,,,historical_baseline,,fe33df9ae5456d8ee27133c42c244c81d150008ababc19399c7ed428638b57ea
4345,2025-05-25,4.55,4.56,4.51,4.52,94834,430075.49,,,,historical_baseline,,fe33df9ae5456d8ee27133c42c244c81d150008ababc19399c7ed428638b57ea
4345,2025-05-26,4.52,4.56,4.46,4.49,101204,454187.84,,,,historical_baseline,,fe33df9ae5456d8ee27133c42c244c81d150008ababc19399c7ed428638b57ea
4345,2025-05-27,4.5,4.55,4.48,4.51,247936,1115748.0,,,,historical_baseline,,fe33df9ae5456d8ee27133c42c244c81d150008ababc19399c7ed428638b57ea
4345,2025-05-28,4.51,4.55,4.5,4.52,161992,732312.64,,,,historical_baseline,,fe33df9ae5456d8ee27133c42c244c81d150008ababc19399c7ed428638b57ea
4345,2025-05-29,4.53,4.59,4.52,4.53,84618,384487.35,,,,historical_baseline,,fe33df9ae5456d8ee27133c42c244c81d150008ababc19399c7ed428638b57ea
4346,2025-05-01,3.91,3.91,3.84,3.85,297533,1148384.95,,,,historical_baseline,,fe33df9ae5456d8ee27133c42c244c81d150008ababc19399c7ed428638b57ea
4346,2025-05-04,3.85,3.89,3.82,3.88,206311,793819.91,,,,historical_baseline,,fe33df9ae5456d8ee27133c42c244c81d150008ababc19399c7ed428638b57ea
4346,2025-05-05,3.88,3.88,3.82,3.87,154740,593553.01,,,,historical_baseline,,fe33df9ae5456d8ee27133c42c244c81d150008ababc19399c7ed428638b57ea
4346,2025-05-06,3.87,3.87,3.81,3.85,85607,328323.74,,,,historical_baseline,,fe33df9ae5456d8ee27133c42c244c81d150008ababc19399c7ed428638b57ea
4346,2025-05-07,3.85,3.87,3.8,3.83,200003,766370.81,,,,historical_baseline,,fe33df9ae5456d8ee27133c42c244c81d150008ababc19399c7ed428638b57ea
4346,2025-05-08,3.82,3.87,3.81,3.87,67138,257933.57,,,,historical_baseline,,fe33df9ae5456d8ee27133c42c244c81d150008ababc19399c7ed428638b57ea
4346,2025-05-11,3.86,3.98,3.86,3.9,461183,1805970.91,,,,historical_baseline,,fe33df9ae5456d8ee27133c42c244c81d150008ababc19399c7ed428638b57ea
4346,2025-05-12,3.9,3.9,3.86,3.88,173388,674159.16,,,,historical_baseline,,fe33df9ae5456d8ee27133c42c244c81d150008ababc19399c7ed428638b57ea
4346,2025-05-13,3.89,4.04,3.87,4.01,626729,2488855.12,,,,historical_baseline,,fe33df9ae5456d8ee27133c42c244c81d150008ababc19399c7ed428638b57ea
4346,2025-05-14,4.0,4.0,3.94,3.97,272488,1080283.67,,,,historical_baseline,,fe33df9ae5456d8ee27133c42c244c81d150008ababc19399c7ed428638b57ea
4346,2025-05-15,3.97,4.02,3.94,3.99,325291,1296753.04,,,,historical_baseline,,fe33df9ae5456d8ee27133c42c244c81d150008ababc19399c7ed428638b57ea
4346,2025-05-18,4.01,4.01,3.9,3.95,304317,1206170.51,,,,historical_baseline,,fe33df9ae5456d8ee27133c42c244c81d150008ababc19399c7ed428638b57ea
4346,2025-05-19,3.95,3.95,3.89,3.93,226302,884247.83,,,,historical_baseline,,fe33df9ae5456d8ee27133c42c244c81d150008ababc19399c7ed428638b57ea
4346,2025-05-20,3.9,3.92,3.89,3.9,60187,234563.16,,,,historical_baseline,,fe33df9ae5456d8ee27133c42c244c81d150008ababc19399c7ed428638b57ea
4346,2025-05-21,3.9,3.9,3.88,3.89,29585,114993.69,,,,historical_baseline,,fe33df9ae5456d8ee27133c42c244c81d150008ababc19399c7ed428638b57ea
4346,2025-05-22,3.9,3.9,3.85,3.89,85140,329179.96,,,,historical_baseline,,fe33df9ae5456d8ee27133c42c244c81d150008ababc19399c7ed428638b57ea
4346,2025-05-25,3.85,3.9,3.82,3.87,20522,79294.6,,,,historical_baseline,,fe33df9ae5456d8ee27133c42c244c81d150008ababc19399c7ed428638b57ea
4346,2025-05-26,3.8,3.87,3.8,3.84,166145,633565.11,,,,historical_baseline,,fe33df9ae5456d8ee27133c42c244c81d150008ababc19399c7ed428638b57ea
4346,2025-05-27,3.79,3.85,3.77,3.83,105989,402961.05,,,,historical_baseline,,fe33df9ae5456d8ee27133c42c244c81d150008ababc19399c7ed428638b57ea
4346,2025-05-28,3.84,3.84,3.81,3.84,26358,100736.93,,,,historical_baseline,,fe33df9ae5456d8ee27133c42c244c81d150008ababc19399c7ed428638b57ea
4346,2025-05-29,3.84,3.86,3.81,3.85,59402,228342.44,,,,historical_baseline,,fe33df9ae5456d8ee27133c42c244c81d150008ababc19399c7ed428638b57ea
4347,2025-05-01,9.34,9.4,9.3,9.31,76921,717357.24,,,,historical_baseline,,fe33df9ae5456d8ee27133c42c244c81d150008ababc19399c7ed428638b57ea
4347,2025-05-04,9.31,9.35,9.27,9.29,23269,216285.0,,,,historical_baseline,,fe33df9ae5456d8ee27133c42c244c81d150008ababc19399c7ed428638b57ea
4347,2025-05-05,9.29,9.3,9.26,9.28,48210,447571.69,,,,historical_baseline,,fe33df9ae5456d8ee27133c42c244c81d150008ababc19399c7ed428638b57ea
4347,2025-05-06,9.28,9.3,9.26,9.26,53313,494740.35,,,,historical_baseline,,fe33df9ae5456d8ee27133c42c244c81d150008ababc19399c7ed428638b57ea
4347,2025-05-07,9.26,9.34,9.26,9.29,20103,186456.73,,,,historical_baseline,,fe33df9ae5456d8ee27133c42c244c81d150008ababc19399c7ed428638b57ea
4347,2025-05-08,9.28,9.33,9.28,9.33,7399,68868.11,,,,historical_baseline,,fe33df9ae5456d8ee27133c42c244c81d150008ababc19399c7ed428638b57ea
4347,2025-05-11,9.3,9.36,9.3,9.36,23513,219434.05,,,,historical_baseline,,fe33df9ae5456d8ee27133c42c244c81d150008ababc19399c7ed428638b57ea
4347,2025-05-12,9.36,9.37,9.32,9.37,25905,242299.96,,,,historical_baseline,,fe33df9ae5456d8ee27133c42c244c81d150008ababc19399c7ed428638b57ea
4347,2025-05-13,9.36,9.41,9.33,9.4,63590,596146.43,,,,historical_baseline,,fe33df9ae5456d8ee27133c42c244c81d150008ababc19399c7ed428638b57ea
4347,2025-05-14,9.4,9.42,9.35,9.36,51447,483204.17,,,,historical_baseline,,fe33df9ae5456d8ee27133c42c244c81d150008ababc19399c7ed428638b57ea
4347,2025-05-15,9.34,9.41,9.32,9.32,39389,368451.27,,,,historical_baseline,,fe33df9ae5456d8ee27133c42c244c81d150008ababc19399c7ed428638b57ea
4347,2025-05-18,9.37,9.41,9.35,9.4,12649,118567.34,,,,historical_baseline,,fe33df9ae5456d8ee27133c42c244c81d150008ababc19399c7ed428638b57ea
4347,2025-05-19,9.35,9.45,9.35,9.45,39541,371810.25,,,,historical_baseline,,fe33df9ae5456d8ee27133c42c244c81d150008ababc19399c7ed428638b57ea
4347,2025-05-20,9.45,9.45,9.3,9.36,124391,1161927.38,,,,historical_baseline,,fe33df9ae5456d8ee27133c42c244c81d150008ababc19399c7ed428638b57ea
4347,2025-05-21,9.4,9.41,9.31,9.39,18362,171708.09,,,,historical_baseline,,fe33df9ae5456d8ee27133c42c244c81d150008ababc19399c7ed428638b57ea
4347,2025-05-22,9.34,9.38,9.3,9.31,46830,436974.59,,,,historical_baseline,,fe33df9ae5456d8ee27133c42c244c81d150008ababc19399c7ed428638b57ea
4347,2025-05-25,9.31,9.35,9.22,9.28,196627,1822286.94,,,,historical_baseline,,fe33df9ae5456d8ee27133c42c244c81d150008ababc19399c7ed428638b57ea
4347,2025-05-26,9.35,9.36,9.16,9.2,126744,1171257.37,,,,historical_baseline,,fe33df9ae5456d8ee27133c42c244c81d150008ababc19399c7ed428638b57ea
4347,2025-05-27,9.29,9.59,9.28,9.35,215551,2030417.03,,,,historical_baseline,,fe33df9ae5456d8ee27133c42c244c81d150008ababc19399c7ed428638b57ea
4347,2025-05-28,9.35,9.46,9.35,9.44,81431,767711.79,,,,historical_baseline,,fe33df9ae5456d8ee27133c42c244c81d150008ababc19399c7ed428638b57ea
4347,2025-05-29,9.23,9.3,9.15,9.27,223160,2060433.71,,,,historical_baseline,,fe33df9ae5456d8ee27133c42c244c81d150008ababc19399c7ed428638b57ea
4348,2025-05-01,5.98,5.98,5.88,5.88,94759,561225.61,,,,historical_baseline,,fe33df9ae5456d8ee27133c42c244c81d150008ababc19399c7ed428638b57ea
4348,2025-05-04,5.88,5.88,5.83,5.87,75341,441922.49,,,,historical_baseline,,fe33df9ae5456d8ee27133c42c244c81d150008ababc19399c7ed428638b57ea
4348,2025-05-05,5.88,5.9,5.84,5.86,48869,286450.16,,,,historical_baseline,,fe33df9ae5456d8ee27133c42c244c81d150008ababc19399c7ed428638b57ea
4348,2025-05-06,5.87,5.9,5.85,5.87,48786,286365.1,,,,historical_baseline,,fe33df9ae5456d8ee27133c42c244c81d150008ababc19399c7ed428638b57ea
4348,2025-05-07,5.9,5.95,5.9,5.95,124179,734391.21,,,,historical_baseline,,fe33df9ae5456d8ee27133c42c244c81d150008ababc19399c7ed428638b57ea
4348,2025-05-08,5.95,5.95,5.88,5.88,56187,331598.87,,,,historical_baseline,,fe33df9ae5456d8ee27133c42c244c81d150008ababc19399c7ed428638b57ea
4348,2025-05-11,5.9,5.93,5.88,5.93,92151,543335.8,,,,historical_baseline,,fe33df9ae5456d8ee27133c42c244c81d150008ababc19399c7ed428638b57ea
4348,2025-05-12,5.92,5.98,5.91,5.96,333038,1981227.91,,,,historical_baseline,,fe33df9ae5456d8ee27133c42c244c81d150008ababc19399c7ed428638b57ea
4348,2025-05-13,5.89,5.89,5.84,5.85,172046,1008876.36,,,,historical_baseline,,fe33df9ae5456d8ee27133c42c244c81d150008ababc19399c7ed428638b57ea
4348,2025-05-14,5.85,5.9,5.84,5.88,55250,323850.83,,,,historical_baseline,,fe33df9ae5456d8ee27133c42c244c81d150008ababc19399c7ed428638b57ea
4348,2025-05-15,5.86,5.86,5.77,5.8,238518,1387461.97,,,,historical_baseline,,fe33df9ae5456d8ee27133c42c244c81d150008ababc19399c7ed428638b57ea
4348,2025-05-18,5.82,5.85,5.79,5.8,31815,184508.63,,,,historical_baseline,,fe33df9ae5456d8ee27133c42c244c81d150008ababc19399c7ed428638b57ea
4348,2025-05-19,5.76,5.87,5.76,5.86,377106,2201062.86,,,,historical_baseline,,fe33df9ae5456d8ee27133c42c244c81d150008ababc19399c7ed428638b57ea
4348,2025-05-20,5.86,5.89,5.81,5.81,161215,946264.15,,,,historical_baseline,,fe33df9ae5456d8ee27133c42c244c81d150008ababc19399c7ed428638b57ea
4348,2025-05-21,5.82,5.84,5.77,5.77,69835,405315.92,,,,historical_baseline,,fe33df9ae5456d8ee27133c42c244c81d150008ababc19399c7ed428638b57ea
4348,2025-05-22,5.77,5.78,5.75,5.75,67156,387061.14,,,,historical_baseline,,fe33df9ae5456d8ee27133c42c244c81d150008ababc19399c7ed428638b57ea
4348,2025-05-25,5.75,5.79,5.73,5.75,27952,160830.73,,,,historical_baseline,,fe33df9ae5456d8ee27133c42c244c81d150008ababc19399c7ed428638b57ea
4348,2025-05-26,5.74,5.77,5.73,5.74,17209,98772.85,,,,historical_baseline,,fe33df9ae5456d8ee27133c42c244c81d150008ababc19399c7ed428638b57ea
4348,2025-05-27,5.73,5.75,5.72,5.74,112502,645730.89,,,,historical_baseline,,fe33df9ae5456d8ee27133c42c244c81d150008ababc19399c7ed428638b57ea
4348,2025-05-28,5.73,5.8,5.73,5.75,112223,645966.26,,,,historical_baseline,,fe33df9ae5456d8ee27133c42c244c81d150008ababc19399c7ed428638b57ea
4348,2025-05-29,5.75,5.75,5.7,5.7,524330,3002658.09,,,,historical_baseline,,fe33df9ae5456d8ee27133c42c244c81d150008ababc19399c7ed428638b57ea
4349,2025-05-01,8.26,8.31,8.24,8.24,44435,368045.98,,,,historical_baseline,,fe33df9ae5456d8ee27133c42c244c81d150008ababc19399c7ed428638b57ea
4349,2025-05-04,8.24,8.3,8.19,8.19,88523,727340.96,,,,historical_baseline,,fe33df9ae5456d8ee27133c42c244c81d150008ababc19399c7ed428638b57ea
4349,2025-05-05,8.2,8.27,8.18,8.18,86430,708712.03,,,,historical_baseline,,fe33df9ae5456d8ee27133c42c244c81d150008ababc19399c7ed428638b57ea
4349,2025-05-06,8.19,8.22,8.15,8.16,148125,1209849.26,,,,historical_baseline,,fe33df9ae5456d8ee27133c42c244c81d150008ababc19399c7ed428638b57ea
4349,2025-05-07,8.17,8.22,8.17,8.18,57057,467854.8,,,,historical_baseline,,fe33df9ae5456d8ee27133c42c244c81d150008ababc19399c7ed428638b57ea
4349,2025-05-08,8.18,8.22,8.16,8.2,81147,664939.46,,,,historical_baseline,,fe33df9ae5456d8ee27133c42c244c81d150008ababc19399c7ed428638b57ea
4349,2025-05-11,8.2,8.22,8.14,8.18,206948,1689222.95,,,,historical_baseline,,fe33df9ae5456d8ee27133c42c244c81d150008ababc19399c7ed428638b57ea
4349,2025-05-12,8.18,8.2,8.13,8.18,259811,2118043.78,,,,historical_baseline,,fe33df9ae5456d8ee27133c42c244c81d150008ababc19399c7ed428638b57ea
4349,2025-05-13,8.18,8.23,8.16,8.19,147446,1208892.52,,,,historical_baseline,,fe33df9ae5456d8ee27133c42c244c81d150008ababc19399c7ed428638b57ea
4349,2025-05-14,8.19,8.24,8.18,8.19,77853,638699.59,,,,historical_baseline,,fe33df9ae5456d8ee27133c42c244c81d150008ababc19399c7ed428638b57ea
4349,2025-05-15,8.19,8.25,8.18,8.21,81458,670137.67,,,,historical_baseline,,fe33df9ae5456d8ee27133c42c244c81d150008ababc19399c7ed428638b57ea
4349,2025-05-18,8.21,8.23,8.19,8.19,35573,291662.15,,,,historical_baseline,,fe33df9ae5456d8ee27133c42c244c81d150008ababc19399c7ed428638b57ea
4349,2025-05-19,8.17,8.21,8.17,8.17,67527,553085.15,,,,historical_baseline,,fe33df9ae5456d8ee27133c42c244c81d150008ababc19399c7ed428638b57ea
4349,2025-05-20,8.15,8.18,8.15,8.18,88562,722629.43,,,,historical_baseline,,fe33df9ae5456d8ee27133c42c244c81d150008ababc19399c7ed428638b57ea
4349,2025-05-21,8.18,8.21,8.15,8.21,122939,1003313.75,,,,historical_baseline,,fe33df9ae5456d8ee27133c42c244c81d150008ababc19399c7ed428638b57ea
4349,2025-05-22,8.19,8.21,8.14,8.15,131377,1072199.6,,,,historical_baseline,,fe33df9ae5456d8ee27133c42c244c81d150008ababc19399c7ed428638b57ea
4349,2025-05-25,8.16,8.2,8.15,8.18,26053,212895.8,,,,historical_baseline,,fe33df9ae5456d8ee27133c42c244c81d150008ababc19399c7ed428638b57ea
4349,2025-05-26,8.2,8.2,8.13,8.16,19311,157401.81,,,,historical_baseline,,fe33df9ae5456d8ee27133c42c244c81d150008ababc19399c7ed428638b57ea
4349,2025-05-27,8.16,8.19,8.14,8.14,47064,383684.64,,,,historical_baseline,,fe33df9ae5456d8ee27133c42c244c81d150008ababc19399c7ed428638b57ea
4349,2025-05-28,8.13,8.18,8.13,8.14,44514,362808.76,,,,historical_baseline,,fe33df9ae5456d8ee27133c42c244c81d150008ababc19399c7ed428638b57ea
4349,2025-05-29,8.14,8.2,8.14,8.2,67877,554505.11,,,,historical_baseline,,fe33df9ae5456d8ee27133c42c244c81d150008ababc19399c7ed428638b57ea
5110,2025-05-01,14.92,15.02,14.88,14.96,1754238,26200808.96,,,,historical_baseline,,fe33df9ae5456d8ee27133c42c244c81d150008ababc19399c7ed428638b57ea
5110,2025-05-04,15.0,15.06,14.96,14.96,1238561,18568238.84,,,,historical_baseline,,fe33df9ae5456d8ee27133c42c244c81d150008ababc19399c7ed428638b57ea
5110,2025-05-05,14.94,14.96,14.84,14.9,2613649,38964123.44,,,,historical_baseline,,fe33df9ae5456d8ee27133c42c244c81d150008ababc19399c7ed428638b57ea
5110,2025-05-06,14.9,15.0,14.9,14.98,1496152,22384789.48,,,,historical_baseline,,fe33df9ae5456d8ee27133c42c244c81d150008ababc19399c7ed428638b57ea
5110,2025-05-07,14.98,15.0,14.82,14.82,2541296,37837270.92,,,,historical_baseline,,fe33df9ae5456d8ee27133c42c244c81d150008ababc19399c7ed428638b57ea
5110,2025-05-08,14.86,14.94,14.8,14.88,2067651,30724808.48,,,,historical_baseline,,fe33df9ae5456d8ee27133c42c244c81d150008ababc19399c7ed428638b57ea
5110,2025-05-11,14.96,15.06,14.9,15.04,1410175,21157282.6,,,,historical_baseline,,fe33df9ae5456d8ee27133c42c244c81d150008ababc19399c7ed428638b57ea
5110,2025-05-12,15.06,15.14,15.0,15.14,2189478,33051940.26,,,,historical_baseline,,fe33df9ae5456d8ee27133c42c244c81d150008ababc19399c7ed428638b57ea
5110,2025-05-13,15.16,15.18,15.04,15.18,3877408,58589778.36,,,,historical_baseline,,fe33df9ae5456d8ee27133c42c244c81d150008ababc19399c7ed428638b57ea
5110,2025-05-14,14.48,14.56,14.4,14.44,3986678,57778172.62,,,,historical_baseline,,fe33df9ae5456d8ee27133c42c244c81d150008ababc19399c7ed428638b57ea
5110,2025-05-15,14.48,14.5,14.2,14.36,2998699,43076112.94,,,,historical_baseline,,fe33df9ae5456d8ee27133c42c244c81d150008ababc19399c7ed428638b57ea
5110,2025-05-18,14.36,14.4,14.24,14.38,1302015,18644430.96,,,,historical_baseline,,fe33df9ae5456d8ee27133c42c244c81d150008ababc19399c7ed428638b57ea
5110,2025-05-19,14.38,14.4,14.26,14.34,1243836,17814135.56,,,,historical_baseline,,fe33df9ae5456d8ee27133c42c244c81d150008ababc19399c7ed428638b57ea
5110,2025-05-20,14.32,14.34,14.2,14.28,2284552,32610922.08,,,,historical_baseline,,fe33df9ae5456d8ee27133c42c244c81d150008ababc19399c7ed428638b57ea
5110,2025-05-21,14.34,14.44,14.24,14.36,2223659,31881131.3,,,,historical_baseline,,fe33df9ae5456d8ee27133c42c244c81d150008ababc19399c7ed428638b57ea
5110,2025-05-22,14.36,14.46,14.26,14.46,2913826,41809559.88,,,,historical_baseline,,fe33df9ae5456d8ee27133c42c244c81d150008ababc19399c7ed428638b57ea
5110,2025-05-25,14.46,14.48,14.3,14.38,1024453,14738736.24,,,,historical_baseline,,fe33df9ae5456d8ee27133c42c244c81d150008ababc19399c7ed428638b57ea
5110,2025-05-26,14.36,14.52,14.34,14.44,1905466,27491414.9,,,,historical_baseline,,fe33df9ae5456d8ee27133c42c244c81d150008ababc19399c7ed428638b57ea
5110,2025-05-27,14.44,14.46,14.14,14.22,1777900,25369845.04,,,,historical_baseline,,fe33df9ae5456d8ee27133c42c244c81d150008ababc19399c7ed428638b57ea
5110,2025-05-28,14.26,14.3,14.14,14.14,1554445,22089242.88,,,,historical_baseline,,fe33df9ae5456d8ee27133c42c244c81d150008ababc19399c7ed428638b57ea
5110,2025-05-29,14.2,14.24,14.12,14.16,3641785,51577970.4,,,,historical_baseline,,fe33df9ae5456d8ee27133c42c244c81d150008ababc19399c7ed428638b57ea
6001,2025-05-01,47.95,48.2,47.05,47.55,64095,3043420.95,,,,historical_baseline,,fe33df9ae5456d8ee27133c42c244c81d150008ababc19399c7ed428638b57ea
6001,2025-05-04,47.55,47.6,46.85,47.1,22127,1041811.7,,,,historical_baseline,,fe33df9ae5456d8ee27133c42c244c81d150008ababc19399c7ed428638b57ea
6001,2025-05-05,47.45,47.8,47.0,47.8,54085,2563589.8,,,,historical_baseline,,fe33df9ae5456d8ee27133c42c244c81d150008ababc19399c7ed428638b57ea
6001,2025-05-06,47.6,48.3,47.55,48.0,48263,2314834.3,,,,historical_baseline,,fe33df9ae5456d8ee27133c42c244c81d150008ababc19399c7ed428638b57ea
6001,2025-05-07,48.0,48.0,47.1,47.8,29244,1387053.1,,,,historical_baseline,,fe33df9ae5456d8ee27133c42c244c81d150008ababc19399c7ed428638b57ea
6001,2025-05-08,47.25,47.65,47.25,47.35,13544,641932.85,,,,historical_baseline,,fe33df9ae5456d8ee27133c42c244c81d150008ababc19399c7ed428638b57ea
6001,2025-05-11,47.4,47.5,46.2,46.45,54872,2558022.4,,,,historical_baseline,,fe33df9ae5456d8ee27133c42c244c81d150008ababc19399c7ed428638b57ea
6001,2025-05-12,46.6,46.95,46.5,46.95,59822,2796215.45,,,,historical_baseline,,fe33df9ae5456d8ee27133c42c244c81d150008ababc19399c7ed428638b57ea
6001,2025-05-13,47.0,47.0,46.6,46.85,25196,1178199.45,,,,historical_baseline,,fe33df9ae5456d8ee27133c42c244c81d150008ababc19399c7ed428638b57ea
6001,2025-05-14,46.95,48.2,46.85,47.4,147955,7046631.35,,,,historical_baseline,,fe33df9ae5456d8ee27133c42c244c81d150008ababc19399c7ed428638b57ea
6001,2025-05-15,47.4,47.4,46.6,46.95,42990,2021354.15,,,,historical_baseline,,fe33df9ae5456d8ee27133c42c244c81d150008ababc19399c7ed428638b57ea
6001,2025-05-18,47.05,47.15,46.25,46.35,25451,1183525.15,,,,historical_baseline,,fe33df9ae5456d8ee27133c42c244c81d150008ababc19399c7ed428638b57ea
6001,2025-05-19,46.45,46.45,45.3,45.7,25777,1179514.3,,,,historical_baseline,,fe33df9ae5456d8ee27133c42c244c81d150008ababc19399c7ed428638b57ea
6001,2025-05-20,45.7,46.8,45.35,46.5,60662,2789726.1,,,,historical_baseline,,fe33df9ae5456d8ee27133c42c244c81d150008ababc19399c7ed428638b57ea
6001,2025-05-21,46.65,46.65,45.45,46.0,32522,1490167.6,,,,historical_baseline,,fe33df9ae5456d8ee27133c42c244c81d150008ababc19399c7ed428638b57ea
6001,2025-05-22,45.25,46.8,45.25,46.8,88300,4072536.55,,,,historical_baseline,,fe33df9ae5456d8ee27133c42c244c81d150008ababc19399c7ed428638b57ea
6001,2025-05-25,47.5,47.5,46.1,46.75,59212,2771873.5,,,,historical_baseline,,fe33df9ae5456d8ee27133c42c244c81d150008ababc19399c7ed428638b57ea
6001,2025-05-26,46.55,46.75,45.0,45.35,31304,1430179.35,,,,historical_baseline,,fe33df9ae5456d8ee27133c42c244c81d150008ababc19399c7ed428638b57ea
6001,2025-05-27,45.35,45.45,43.0,44.1,49328,2178683.5,,,,historical_baseline,,fe33df9ae5456d8ee27133c42c244c81d150008ababc19399c7ed428638b57ea
6001,2025-05-28,44.65,44.65,44.1,44.2,17442,774337.75,,,,historical_baseline,,fe33df9ae5456d8ee27133c42c244c81d150008ababc19399c7ed428638b57ea
6001,2025-05-29,44.7,45.15,44.0,45.15,37317,1670229.15,,,,historical_baseline,,fe33df9ae5456d8ee27133c42c244c81d150008ababc19399c7ed428638b57ea
6002,2025-05-01,24.44,25.05,24.12,24.34,476841,11727489.25,,,,historical_baseline,,fe33df9ae5456d8ee27133c42c244c81d150008ababc19399c7ed428638b57ea
6002,2025-05-04,24.3,25.5,24.3,24.74,524483,13104328.4,,,,historical_baseline,,fe33df9ae5456d8ee27133c42c244c81d150008ababc19399c7ed428638b57ea
6002,2025-05-05,24.72,26.75,24.5,26.3,1598521,41509770.8,,,,historical_baseline,,fe33df9ae5456d8ee27133c42c244c81d150008ababc19399c7ed428638b57ea
6002,2025-05-06,25.0,26.35,25.0,25.85,536182,13781449.55,,,,historical_baseline,,fe33df9ae5456d8ee27133c42c244c81d150008ababc19399c7ed428638b57ea
6002,2025-05-07,25.6,26.5,25.1,25.4,488940,12590825.75,,,,historical_baseline,,fe33df9ae5456d8ee27133c42c244c81d150008ababc19399c7ed428638b57ea
6002,2025-05-08,25.4,25.8,24.9,25.1,447586,11321227.58,,,,historical_baseline,,fe33df9ae5456d8ee27133c42c244c81d150008ababc19399c7ed428638b57ea
6002,2025-05-11,24.96,25.15,24.58,24.66,87931,2177448.44,,,,historical_baseline,,fe33df9ae5456d8ee27133c42c244c81d150008ababc19399c7ed428638b57ea
6002,2025-05-12,24.58,24.92,24.58,24.66,95981,2376941.64,,,,historical_baseline,,fe33df9ae5456d8ee27133c42c244c81d150008ababc19399c7ed428638b57ea
6002,2025-05-13,24.66,24.76,24.24,24.26,105959,2587808.82,,,,historical_baseline,,fe33df9ae5456d8ee27133c42c244c81d150008ababc19399c7ed428638b57ea
6002,2025-05-14,24.26,24.74,24.24,24.5,143128,3512321.94,,,,historical_baseline,,fe33df9ae5456d8ee27133c42c244c81d150008ababc19399c7ed428638b57ea
6002,2025-05-15,24.48,24.48,23.9,24.14,118683,2856556.12,,,,historical_baseline,,fe33df9ae5456d8ee27133c42c244c81d150008ababc19399c7ed428638b57ea
6002,2025-05-18,24.14,24.8,24.14,24.54,245676,6018980.58,,,,historical_baseline,,fe33df9ae5456d8ee27133c42c244c81d150008ababc19399c7ed428638b57ea
6002,2025-05-19,24.2,24.26,23.68,23.74,136067,3261756.22,,,,historical_baseline,,fe33df9ae5456d8ee27133c42c244c81d150008ababc19399c7ed428638b57ea
6002,2025-05-20,23.76,23.76,23.2,23.28,126060,2946599.42,,,,historical_baseline,,fe33df9ae5456d8ee27133c42c244c81d150008ababc19399c7ed428638b57ea
6002,2025-05-21,23.26,23.32,23.0,23.0,103564,2396180.52,,,,historical_baseline,,fe33df9ae5456d8ee27133c42c244c81d150008ababc19399c7ed428638b57ea
6002,2025-05-22,23.02,23.22,22.72,22.94,137700,3154386.18,,,,historical_baseline,,fe33df9ae5456d8ee27133c42c244c81d150008ababc19399c7ed428638b57ea
6002,2025-05-25,22.88,23.02,22.4,23.0,106393,2411381.88,,,,historical_baseline,,fe33df9ae5456d8ee27133c42c244c81d150008ababc19399c7ed428638b57ea
6002,2025-05-26,23.06,23.06,22.3,22.54,288017,6522416.48,,,,historical_baseline,,fe33df9ae5456d8ee27133c42c244c81d150008ababc19399c7ed428638b57ea
6002,2025-05-27,22.5,22.74,22.2,22.32,82294,1838096.88,,,,historical_baseline,,fe33df9ae5456d8ee27133c42c244c81d150008ababc19399c7ed428638b57ea
6002,2025-05-28,22.3,22.72,22.3,22.48,84310,1899125.4,,,,historical_baseline,,fe33df9ae5456d8ee27133c42c244c81d150008ababc19399c7ed428638b57ea
6002,2025-05-29,22.46,22.7,21.7,21.7,954006,20752812.92,,,,historical_baseline,,fe33df9ae5456d8ee27133c42c244c81d150008ababc19399c7ed428638b57ea
6004,2025-05-01,118.2,119.2,117.0,118.6,139326,16422681.2,,,,historical_baseline,,fe33df9ae5456d8ee27133c42c244c81d150008ababc19399c7ed428638b57ea
6004,2025-05-04,118.6,120.2,118.6,120.0,134587,16060027.2,,,,historical_baseline,,fe33df9ae5456d8ee27133c42c244c81d150008ababc19399c7ed428638b57ea
6004,2025-05-05,119.0,121.4,118.4,121.0,96443,11606794.4,,,,historical_baseline,,fe33df9ae5456d8ee27133c42c244c81d150008ababc19399c7ed428638b57ea
6004,2025-05-06,121.2,123.4,119.6,122.0,253744,30981620.2,,,,historical_baseline,,fe33df9ae5456d8ee27133c42c244c81d150008ababc19399c7ed428638b57ea
6004,2025-05-07,121.8,122.6,119.0,120.8,113977,13772313.0,,,,historical_baseline,,fe33df9ae5456d8ee27133c42c244c81d150008ababc19399c7ed428638b57ea
6004,2025-05-08,120.0,121.8,119.4,120.2,104509,12620227.2,,,,historical_baseline,,fe33df9ae5456d8ee27133c42c244c81d150008ababc19399c7ed428638b57ea
6004,2025-05-11,120.2,122.0,120.2,121.8,90126,10914069.8,,,,historical_baseline,,fe33df9ae5456d8ee27133c42c244c81d150008ababc19399c7ed428638b57ea
6004,2025-05-12,120.4,122.0,119.6,120.6,296106,35768356.8,,,,historical_baseline,,fe33df9ae5456d8ee27133c42c244c81d150008ababc19399c7ed428638b57ea
6004,2025-05-13,120.6,121.8,120.2,121.0,162685,19674470.0,,,,historical_baseline,,fe33df9ae5456d8ee27133c42c244c81d150008ababc19399c7ed428638b57ea
6004,2025-05-14,121.6,123.2,121.2,122.6,114701,14020787.0,,,,historical_baseline,,fe33df9ae5456d8ee27133c42c244c81d150008ababc19399c7ed428638b57ea
6004,2025-05-15,122.6,124.4,121.6,121.6,163791,20163092.0,,,,historical_baseline,,fe33df9ae5456d8ee27133c42c244c81d150008ababc19399c7ed428638b57ea
6004,2025-05-18,121.6,123.8,121.6,123.0,92624,11390588.0,,,,historical_baseline,,fe33df9ae5456d8ee27133c42c244c81d150008ababc19399c7ed428638b57ea
6004,2025-05-19,123.6,123.8,121.8,121.8,101754,12492915.8,,,,historical_baseline,,fe33df9ae5456d8ee27133c42c244c81d150008ababc19399c7ed428638b57ea
6004,2025-05-20,121.6,123.6,121.6,122.4,137187,16865975.4,,,,historical_baseline,,fe33df9ae5456d8ee27133c42c244c81d150008ababc19399c7ed428638b57ea
6004,2025-05-21,122.4,125.8,122.4,124.0,203205,25337310.2,,,,historical_baseline,,fe33df9ae5456d8ee27133c42c244c81d150008ababc19399c7ed428638b57ea
6004,2025-05-22,123.0,123.6,122.0,123.0,169819,20893869.0,,,,historical_baseline,,fe33df9ae5456d8ee27133c42c244c81d150008ababc19399c7ed428638b57ea
6004,2025-05-25,124.2,124.2,119.6,119.6,73587,9021108.8,,,,historical_baseline,,fe33df9ae5456d8ee27133c42c244c81d150008ababc19399c7ed428638b57ea
6004,2025-05-26,119.6,122.0,119.6,122.0,95301,11542022.8,,,,historical_baseline,,fe33df9ae5456d8ee27133c42c244c81d150008ababc19399c7ed428638b57ea
6004,2025-05-27,122.2,123.0,119.6,120.0,48152,5812645.2,,,,historical_baseline,,fe33df9ae5456d8ee27133c42c244c81d150008ababc19399c7ed428638b57ea
6004,2025-05-28,120.0,124.2,119.8,122.2,78378,9615186.2,,,,historical_baseline,,fe33df9ae5456d8ee27133c42c244c81d150008ababc19399c7ed428638b57ea
6004,2025-05-29,123.4,124.2,117.8,118.4,195333,23281253.0,,,,historical_baseline,,fe33df9ae5456d8ee27133c42c244c81d150008ababc19399c7ed428638b57ea
6010,2025-05-01,22.3,22.32,21.94,22.02,2645399,58433126.7,,,,historical_baseline,,fe33df9ae5456d8ee27133c42c244c81d150008ababc19399c7ed428638b57ea
6010,2025-05-04,22.2,22.28,21.66,21.68,1510981,33224311.3,,,,historical_baseline,,fe33df9ae5456d8ee27133c42c244c81d150008ababc19399c7ed428638b57ea
6010,2025-05-05,21.7,21.9,21.6,21.6,2136932,46458151.42,,,,historical_baseline,,fe33df9ae5456d8ee27133c42c244c81d150008ababc19399c7ed428638b57ea
6010,2025-05-06,21.64,21.66,21.22,21.36,2187916,46940122.86,,,,historical_baseline,,fe33df9ae5456d8ee27133c42c244c81d150008ababc19399c7ed428638b57ea
6010,2025-05-07,21.38,21.64,21.24,21.48,1284339,27566478.62,,,,historical_baseline,,fe33df9ae5456d8ee27133c42c244c81d150008ababc19399c7ed428638b57ea
6010,2025-05-08,21.58,21.58,21.18,21.2,1090570,23229663.94,,,,historical_baseline,,fe33df9ae5456d8ee27133c42c244c81d150008ababc19399c7ed428638b57ea
6010,2025-05-11,21.18,21.3,20.82,20.86,1340547,28196097.38,,,,historical_baseline,,fe33df9ae5456d8ee27133c42c244c81d150008ababc19399c7ed428638b57ea
6010,2025-05-12,20.92,21.6,20.92,21.5,3854522,82000612.48,,,,historical_baseline,,fe33df9ae5456d8ee27133c42c244c81d150008ababc19399c7ed428638b57ea
6010,2025-05-13,21.6,21.9,21.36,21.8,1449922,31382899.1,,,,historical_baseline,,fe33df9ae5456d8ee27133c42c244c81d150008ababc19399c7ed428638b57ea
6010,2025-05-14,21.84,21.9,21.7,21.84,1471469,32074004.42,,,,historical_baseline,,fe33df9ae5456d8ee27133c42c244c81d150008ababc19399c7ed428638b57ea
6010,2025-05-15,21.96,21.96,21.54,21.58,1038764,22509265.44,,,,historical_baseline,,fe33df9ae5456d8ee27133c42c244c81d150008ababc19399c7ed428638b57ea
6010,2025-05-18,21.6,21.64,21.3,21.44,584115,12521531.24,,,,historical_baseline,,fe33df9ae5456d8ee27133c42c244c81d150008ababc19399c7ed428638b57ea
6010,2025-05-19,21.4,21.66,21.22,21.24,688231,14723747.96,,,,historical_baseline,,fe33df9ae5456d8ee27133c42c244c81d150008ababc19399c7ed428638b57ea
6010,2025-05-20,21.24,21.42,21.14,21.3,515975,10989375.02,,,,historical_baseline,,fe33df9ae5456d8ee27133c42c244c81d150008ababc19399c7ed428638b57ea
6010,2025-05-21,21.3,21.4,21.04,21.1,520619,11028567.0,,,,historical_baseline,,fe33df9ae5456d8ee27133c42c244c81d150008ababc19399c7ed428638b57ea
6010,2025-05-22,21.02,21.22,21.0,21.06,590174,12457101.0,,,,historical_baseline,,fe33df9ae5456d8ee27133c42c244c81d150008ababc19399c7ed428638b57ea
6010,2025-05-25,21.02,21.08,20.66,20.68,982540,20495502.28,,,,historical_baseline,,fe33df9ae5456d8ee27133c42c244c81d150008ababc19399c7ed428638b57ea
6010,2025-05-26,20.74,20.8,20.24,20.72,1202150,24728221.04,,,,historical_baseline,,fe33df9ae5456d8ee27133c42c244c81d150008ababc19399c7ed428638b57ea
6010,2025-05-27,20.76,20.76,20.3,20.34,569781,11635971.76,,,,historical_baseline,,fe33df9ae5456d8ee27133c42c244c81d150008ababc19399c7ed428638b57ea
6010,2025-05-28,20.42,20.64,20.34,20.34,869264,17758351.48,,,,historical_baseline,,fe33df9ae5456d8ee27133c42c244c81d150008ababc19399c7ed428638b57ea
6010,2025-05-29,20.4,21.32,20.38,21.3,2553220,53481115.58,,,,historical_baseline,,fe33df9ae5456d8ee27133c42c244c81d150008ababc19399c7ed428638b57ea
6012,2025-05-01,38.72,38.72,38.03,38.03,14247,545361.36,,,,historical_baseline,,fe33df9ae5456d8ee27133c42c244c81d150008ababc19399c7ed428638b57ea
6012,2025-05-04,38.77,38.77,38.03,38.25,10271,392981.78,,,,historical_baseline,,fe33df9ae5456d8ee27133c42c244c81d150008ababc19399c7ed428638b57ea
6012,2025-05-05,38.16,38.68,37.82,38.51,25363,970147.44,,,,historical_baseline,,fe33df9ae5456d8ee27133c42c244c81d150008ababc19399c7ed428638b57ea
6012,2025-05-06,38.51,39.07,38.03,38.03,27626,1068328.9,,,,historical_baseline,,fe33df9ae5456d8ee27133c42c244c81d150008ababc19399c7ed428638b57ea
6012,2025-05-07,38.07,38.2,37.51,37.6,20644,781789.08,,,,historical_baseline,,fe33df9ae5456d8ee27133c42c244c81d150008ababc19399c7ed428638b57ea
6012,2025-05-08,37.94,37.94,36.78,36.86,17948,667933.34,,,,historical_baseline,,fe33df9ae5456d8ee27133c42c244c81d150008ababc19399c7ed428638b57ea
6012,2025-05-11,36.78,37.56,36.73,36.95,17037,628940.06,,,,historical_baseline,,fe33df9ae5456d8ee27133c42c244c81d150008ababc19399c7ed428638b57ea
6012,2025-05-12,37.17,37.69,36.91,37.47,25747,962204.62,,,,historical_baseline,,fe33df9ae5456d8ee27133c42c244c81d150008ababc19399c7ed428638b57ea
6012,2025-05-13,37.64,37.73,36.91,36.91,31970,1189614.6,,,,historical_baseline,,fe33df9ae5456d8ee27133c42c244c81d150008ababc19399c7ed428638b57ea
6012,2025-05-14,36.91,37.38,36.78,36.78,38947,1443246.36,,,,historical_baseline,,fe33df9ae5456d8ee27133c42c244c81d150008ababc19399c7ed428638b57ea
6012,2025-05-15,36.73,36.73,35.05,35.31,84902,3013939.5,,,,historical_baseline,,fe33df9ae5456d8ee27133c42c244c81d150008ababc19399c7ed428638b57ea
6012,2025-05-18,34.7,35.61,34.7,35.35,36043,1271228.42,,,,historical_baseline,,fe33df9ae5456d8ee27133c42c244c81d150008ababc19399c7ed428638b57ea
6012,2025-05-19,35.65,35.7,34.96,35.44,34787,1231065.16,,,,historical_baseline,,fe33df9ae5456d8ee27133c42c244c81d150008ababc19399c7ed428638b57ea
6012,2025-05-20,35.4,35.4,34.88,34.96,27729,970527.54,,,,historical_baseline,,fe33df9ae5456d8ee27133c42c244c81d150008ababc19399c7ed428638b57ea
6012,2025-05-21,35.22,35.22,34.01,34.14,60411,2085943.02,,,,historical_baseline,,fe33df9ae5456d8ee27133c42c244c81d150008ababc19399c7ed428638b57ea
6012,2025-05-22,34.1,34.27,33.71,33.88,40337,1368799.6,,,,historical_baseline,,fe33df9ae5456d8ee27133c42c244c81d150008ababc19399c7ed428638b57ea
6012,2025-05-25,33.88,35.22,33.45,33.67,47784,1622242.68,,,,historical_baseline,,fe33df9ae5456d8ee27133c42c244c81d150008ababc19399c7ed428638b57ea
6012,2025-05-26,34.18,34.18,32.67,32.89,24579,815254.08,,,,historical_baseline,,fe33df9ae5456d8ee27133c42c244c81d150008ababc19399c7ed428638b57ea
6012,2025-05-27,33.28,33.41,32.2,32.41,57920,1881730.92,,,,historical_baseline,,fe33df9ae5456d8ee27133c42c244c81d150008ababc19399c7ed428638b57ea
6012,2025-05-28,32.46,33.02,32.2,32.41,15652,509718.7,,,,historical_baseline,,fe33df9ae5456d8ee27133c42c244c81d150008ababc19399c7ed428638b57ea
6012,2025-05-29,32.24,32.67,31.72,31.72,66555,2137563.3,,,,historical_baseline,,fe33df9ae5456d8ee27133c42c244c81d150008ababc19399c7ed428638b57ea
6013,2025-05-01,119.6,119.6,117.4,118.8,29928,3535845.2,,,,historical_baseline,,fe33df9ae5456d8ee27133c42c244c81d150008ababc19399c7ed428638b57ea
6013,2025-05-04,122.0,123.6,115.6,116.0,106417,12803287.2,,,,historical_baseline,,fe33df9ae5456d8ee27133c42c244c81d150008ababc19399c7ed428638b57ea
6013,2025-05-05,115.0,118.0,114.2,118.0,27927,3244174.8,,,,historical_baseline,,fe33df9ae5456d8ee27133c42c244c81d150008ababc19399c7ed428638b57ea
6013,2025-05-06,117.0,118.2,115.0,115.4,20594,2386603.2,,,,historical_baseline,,fe33df9ae5456d8ee27133c42c244c81d150008ababc19399c7ed428638b57ea
6013,2025-05-07,114.8,115.0,112.6,113.4,19648,2230883.6,,,,historical_baseline,,fe33df9ae5456d8ee27133c42c244c81d150008ababc19399c7ed428638b57ea
6013,2025-05-08,112.2,113.4,112.0,112.4,11164,1257331.2,,,,historical_baseline,,fe33df9ae5456d8ee27133c42c244c81d150008ababc19399c7ed428638b57ea
6013,2025-05-11,112.8,116.0,112.8,115.2,38329,4410890.8,,,,historical_baseline,,fe33df9ae5456d8ee27133c42c244c81d150008ababc19399c7ed428638b57ea
6013,2025-05-12,115.6,118.8,115.4,116.2,50704,5942627.0,,,,historical_baseline,,fe33df9ae5456d8ee27133c42c244c81d150008ababc19399c7ed428638b57ea
6013,2025-05-13,117.6,117.6,116.0,117.0,21813,2544490.4,,,,historical_baseline,,fe33df9ae5456d8ee27133c42c244c81d150008ababc19399c7ed428638b57ea
6013,2025-05-14,117.0,118.8,116.8,117.6,24163,2845111.4,,,,historical_baseline,,fe33df9ae5456d8ee27133c42c244c81d150008ababc19399c7ed428638b57ea
6013,2025-05-15,117.6,117.6,115.2,116.4,16539,1916758.0,,,,historical_baseline,,fe33df9ae5456d8ee27133c42c244c81d150008ababc19399c7ed428638b57ea
6013,2025-05-18,119.2,121.0,116.8,116.8,60225,7173576.8,,,,historical_baseline,,fe33df9ae5456d8ee27133c42c244c81d150008ababc19399c7ed428638b57ea
6013,2025-05-19,116.8,117.0,112.6,112.8,33660,3844860.6,,,,historical_baseline,,fe33df9ae5456d8ee27133c42c244c81d150008ababc19399c7ed428638b57ea
6013,2025-05-20,113.4,114.0,112.4,112.6,23834,2691090.2,,,,historical_baseline,,fe33df9ae5456d8ee27133c42c244c81d150008ababc19399c7ed428638b57ea
6013,2025-05-21,112.2,112.6,110.0,110.4,26244,2912945.0,,,,historical_baseline,,fe33df9ae5456d8ee27133c42c244c81d150008ababc19399c7ed428638b57ea
6013,2025-05-22,109.0,112.4,108.6,111.4,17073,1886500.2,,,,historical_baseline,,fe33df9ae5456d8ee27133c42c244c81d150008ababc19399c7ed428638b57ea
6013,2025-05-25,111.4,112.2,107.6,107.8,31653,3463692.4,,,,historical_baseline,,fe33df9ae5456d8ee27133c42c244c81d150008ababc19399c7ed428638b57ea
6013,2025-05-26,109.0,109.2,105.2,106.8,23148,2486559.2,,,,historical_baseline,,fe33df9ae5456d8ee27133c42c244c81d150008ababc19399c7ed428638b57ea
6013,2025-05-27,107.8,109.2,103.4,104.4,30729,3249158.6,,,,historical_baseline,,fe33df9ae5456d8ee27133c42c244c81d150008ababc19399c7ed428638b57ea
6013,2025-05-28,105.0,106.8,104.8,106.0,14382,1524153.8,,,,historical_baseline,,fe33df9ae5456d8ee27133c42c244c81d150008ababc19399c7ed428638b57ea
6013,2025-05-29,106.4,107.2,105.0,106.2,18894,2005340.2,,,,historical_baseline,,fe33df9ae5456d8ee27133c42c244c81d150008ababc19399c7ed428638b57ea
6014,2025-05-01,67.0,69.0,67.0,69.0,73970,5016411.0,,,,historical_baseline,,fe33df9ae5456d8ee27133c42c244c81d150008ababc19399c7ed428638b57ea
6014,2025-05-04,69.0,71.8,68.5,69.1,141538,9940280.1,,,,historical_baseline,,fe33df9ae5456d8ee27133c42c244c81d150008ababc19399c7ed428638b57ea
6014,2025-05-05,68.8,69.0,67.0,67.9,92545,6286997.8,,,,historical_baseline,,fe33df9ae5456d8ee27133c42c244c81d150008ababc19399c7ed428638b57ea
6014,2025-05-06,68.0,68.4,67.4,67.4,51044,3459659.3,,,,historical_baseline,,fe33df9ae5456d8ee27133c42c244c81d150008ababc19399c7ed428638b57ea
6014,2025-05-07,67.1,67.6,66.5,66.6,38087,2550089.0,,,,historical_baseline,,fe33df9ae5456d8ee27133c42c244c81d150008ababc19399c7ed428638b57ea
6014,2025-05-08,66.4,67.1,66.0,66.0,25185,1680367.5,,,,historical_baseline,,fe33df9ae5456d8ee27133c42c244c81d150008ababc19399c7ed428638b57ea
6014,2025-05-11,66.0,67.5,66.0,66.6,14698,981544.1,,,,historical_baseline,,fe33df9ae5456d8ee27133c42c244c81d150008ababc19399c7ed428638b57ea
6014,2025-05-12,66.7,67.6,66.1,66.7,118116,7897133.3,,,,historical_baseline,,fe33df9ae5456d8ee27133c42c244c81d150008ababc19399c7ed428638b57ea
6014,2025-05-13,67.0,67.0,65.1,65.6,80350,5281717.5,,,,historical_baseline,,fe33df9ae5456d8ee27133c42c244c81d150008ababc19399c7ed428638b57ea
6014,2025-05-14,65.6,66.3,65.4,66.0,69666,4589995.9,,,,historical_baseline,,fe33df9ae5456d8ee27133c42c244c81d150008ababc19399c7ed428638b57ea
6014,2025-05-15,66.0,66.0,65.0,65.2,41004,2676106.6,,,,historical_baseline,,fe33df9ae5456d8ee27133c42c244c81d150008ababc19399c7ed428638b57ea
6014,2025-05-18,65.2,65.7,64.1,64.1,88092,5727999.7,,,,historical_baseline,,fe33df9ae5456d8ee27133c42c244c81d150008ababc19399c7ed428638b57ea
6014,2025-05-19,64.2,64.4,63.5,64.0,41469,2648555.4,,,,historical_baseline,,fe33df9ae5456d8ee27133c42c244c81d150008ababc19399c7ed428638b57ea
6014,2025-05-20,64.6,64.6,63.7,64.3,26441,1695385.6,,,,historical_baseline,,fe33df9ae5456d8ee27133c42c244c81d150008ababc19399c7ed428638b57ea
6014,2025-05-21,64.4,64.7,63.4,63.8,25628,1633275.5,,,,historical_baseline,,fe33df9ae5456d8ee27133c42c244c81d150008ababc19399c7ed428638b57ea
6014,2025-05-22,63.9,64.1,63.0,63.6,17415,1102253.3,,,,historical_baseline,,fe33df9ae5456d8ee27133c42c244c81d150008ababc19399c7ed428638b57ea
6014,2025-05-25,63.7,64.1,62.6,62.9,25156,1589518.2,,,,historical_baseline,,fe33df9ae5456d8ee27133c42c244c81d150008ababc19399c7ed428638b57ea
6014,2025-05-26,62.9,63.2,61.2,61.7,34244,2121491.3,,,,historical_baseline,,fe33df9ae5456d8ee27133c42c244c81d150008ababc19399c7ed428638b57ea
6014,2025-05-27,61.9,62.0,60.2,60.8,38839,2354660.6,,,,historical_baseline,,fe33df9ae5456d8ee27133c42c244c81d150008ababc19399c7ed428638b57ea
6014,2025-05-28,60.8,61.7,60.6,61.1,35556,2175883.7,,,,historical_baseline,,fe33df9ae5456d8ee27133c42c244c81d150008ababc19399c7ed428638b57ea
6014,2025-05-29,61.2,61.9,60.7,61.9,54146,3316734.8,,,,historical_baseline,,fe33df9ae5456d8ee27133c42c244c81d150008ababc19399c7ed428638b57ea
6015,2025-05-01,2.24,2.26,2.2,2.22,22503506,49983589.09,,,,historical_baseline,,fe33df9ae5456d8ee27133c42c244c81d150008ababc19399c7ed428638b57ea
6015,2025-05-04,2.21,2.23,2.12,2.13,19856176,42909831.27,,,,historical_baseline,,fe33df9ae5456d8ee27133c42c244c81d150008ababc19399c7ed428638b57ea
6015,2025-05-05,2.12,2.19,2.1,2.15,31310951,67016697.26,,,,historical_baseline,,fe33df9ae5456d8ee27133c42c244c81d150008ababc19399c7ed428638b57ea
6015,2025-05-06,2.15,2.18,2.14,2.15,17585691,37963533.52,,,,historical_baseline,,fe33df9ae5456d8ee27133c42c244c81d150008ababc19399c7ed428638b57ea
6015,2025-05-07,2.15,2.16,2.13,2.16,13685904,29434391.51,,,,historical_baseline,,fe33df9ae5456d8ee27133c42c244c81d150008ababc19399c7ed428638b57ea
6015,2025-05-08,2.11,2.14,2.1,2.11,17835773,37689097.14,,,,historical_baseline,,fe33df9ae5456d8ee27133c42c244c81d150008ababc19399c7ed428638b57ea
6015,2025-05-11,2.12,2.17,2.11,2.14,10143150,21764186.94,,,,historical_baseline,,fe33df9ae5456d8ee27133c42c244c81d150008ababc19399c7ed428638b57ea
6015,2025-05-12,2.16,2.19,2.15,2.18,17204642,37345503.11,,,,historical_baseline,,fe33df9ae5456d8ee27133c42c244c81d150008ababc19399c7ed428638b57ea
6015,2025-05-13,2.18,2.2,2.15,2.2,15859074,34468049.48,,,,historical_baseline,,fe33df9ae5456d8ee27133c42c244c81d150008ababc19399c7ed428638b57ea
6015,2025-05-14,2.2,2.26,2.19,2.23,27384185,61257144.3,,,,historical_baseline,,fe33df9ae5456d8ee27133c42c244c81d150008ababc19399c7ed428638b57ea
6015,2025-05-15,2.23,2.25,2.21,2.24,13221793,29459859.84,,,,historical_baseline,,fe33df9ae5456d8ee27133c42c244c81d150008ababc19399c7ed428638b57ea
6015,2025-05-18,2.25,2.25,2.2,2.21,7044756,15632328.21,,,,historical_baseline,,fe33df9ae5456d8ee27133c42c244c81d150008ababc19399c7ed428638b57ea
6015,2025-05-19,2.21,2.21,2.17,2.2,11936009,26187391.93,,,,historical_baseline,,fe33df9ae5456d8ee27133c42c244c81d150008ababc19399c7ed428638b57ea
6015,2025-05-20,2.19,2.25,2.19,2.24,12074307,26907583.5,,,,historical_baseline,,fe33df9ae5456d8ee27133c42c244c81d150008ababc19399c7ed428638b57ea
6015,2025-05-21,2.25,2.25,2.2,2.2,8776315,19541907.45,,,,historical_baseline,,fe33df9ae5456d8ee27133c42c244c81d150008ababc19399c7ed428638b57ea
6015,2025-05-22,2.19,2.22,2.16,2.18,17315897,37915080.69,,,,historical_baseline,,fe33df9ae5456d8ee27133c42c244c81d150008ababc19399c7ed428638b57ea
6015,2025-05-25,2.18,2.18,2.14,2.15,9035928,19485400.69,,,,historical_baseline,,fe33df9ae5456d8ee27133c42c244c81d150008ababc19399c7ed428638b57ea
6015,2025-05-26,2.15,2.17,2.09,2.12,23691893,50421317.99,,,,historical_baseline,,fe33df9ae5456d8ee27133c42c244c81d150008ababc19399c7ed428638b57ea
6015,2025-05-27,2.13,2.14,2.09,2.1,20778315,43882031.96,,,,historical_baseline,,fe33df9ae5456d8ee27133c42c244c81d150008ababc19399c7ed428638b57ea
6015,2025-05-28,2.11,2.16,2.11,2.16,7592907,16311736.95,,,,historical_baseline,,fe33df9ae5456d8ee27133c42c244c81d150008ababc19399c7ed428638b57ea
6015,2025-05-29,2.16,2.16,2.12,2.13,8240426,17638046.17,,,,historical_baseline,,fe33df9ae5456d8ee27133c42c244c81d150008ababc19399c7ed428638b57ea
6020,2025-05-01,17.6,17.72,17.5,17.56,42039,738065.46,,,,historical_baseline,,fe33df9ae5456d8ee27133c42c244c81d150008ababc19399c7ed428638b57ea
6020,2025-05-04,17.48,17.54,17.12,17.12,28692,496601.06,,,,historical_baseline,,fe33df9ae5456d8ee27133c42c244c81d150008ababc19399c7ed428638b57ea
6020,2025-05-05,17.0,17.3,16.9,17.14,43821,749669.56,,,,historical_baseline,,fe33df9ae5456d8ee27133c42c244c81d150008ababc19399c7ed428638b57ea
6020,2025-05-06,17.14,17.32,16.98,16.98,49157,841337.46,,,,historical_baseline,,fe33df9ae5456d8ee27133c42c244c81d150008ababc19399c7ed428638b57ea
6020,2025-05-07,17.0,17.22,16.92,17.12,53222,908819.72,,,,historical_baseline,,fe33df9ae5456d8ee27133c42c244c81d150008ababc19399c7ed428638b57ea
6020,2025-05-08,17.24,17.32,17.02,17.02,51126,877696.9,,,,historical_baseline,,fe33df9ae5456d8ee27133c42c244c81d150008ababc19399c7ed428638b57ea
6020,2025-05-11,17.04,17.1,16.88,16.88,34991,593786.2,,,,historical_baseline,,fe33df9ae5456d8ee27133c42c244c81d150008ababc19399c7ed428638b57ea
6020,2025-05-12,16.88,17.26,16.88,17.2,30982,530170.76,,,,historical_baseline,,fe33df9ae5456d8ee27133c42c244c81d150008ababc19399c7ed428638b57ea
6020,2025-05-13,17.3,17.52,17.3,17.52,92972,1623264.02,,,,historical_baseline,,fe33df9ae5456d8ee27133c42c244c81d150008ababc19399c7ed428638b57ea
6020,2025-05-14,17.7,18.34,17.62,17.94,301526,5466849.26,,,,historical_baseline,,fe33df9ae5456d8ee27133c42c244c81d150008ababc19399c7ed428638b57ea
6020,2025-05-15,17.6,18.08,17.6,17.68,107370,1907205.3,,,,historical_baseline,,fe33df9ae5456d8ee27133c42c244c81d150008ababc19399c7ed428638b57ea
6020,2025-05-18,17.54,17.98,17.54,17.54,47534,841140.64,,,,historical_baseline,,fe33df9ae5456d8ee27133c42c244c81d150008ababc19399c7ed428638b57ea
6020,2025-05-19,17.54,17.76,17.26,17.28,57787,1009649.7,,,,historical_baseline,,fe33df9ae5456d8ee27133c42c244c81d150008ababc19399c7ed428638b57ea
6020,2025-05-20,17.5,17.5,17.22,17.3,77333,1342350.44,,,,historical_baseline,,fe33df9ae5456d8ee27133c42c244c81d150008ababc19399c7ed428638b57ea
6020,2025-05-21,17.32,17.42,17.0,17.0,43973,754963.78,,,,historical_baseline,,fe33df9ae5456d8ee27133c42c244c81d150008ababc19399c7ed428638b57ea
6020,2025-05-22,16.9,17.4,16.88,17.1,45343,772898.84,,,,historical_baseline,,fe33df9ae5456d8ee27133c42c244c81d150008ababc19399c7ed428638b57ea
6020,2025-05-25,17.0,17.16,16.8,16.88,26099,442883.22,,,,historical_baseline,,fe33df9ae5456d8ee27133c42c244c81d150008ababc19399c7ed428638b57ea
6020,2025-05-26,16.9,17.04,16.72,16.92,33117,557507.98,,,,historical_baseline,,fe33df9ae5456d8ee27133c42c244c81d150008ababc19399c7ed428638b57ea
6020,2025-05-27,17.0,17.0,16.74,16.8,27343,460225.22,,,,historical_baseline,,fe33df9ae5456d8ee27133c42c244c81d150008ababc19399c7ed428638b57ea
6020,2025-05-28,16.76,16.96,16.74,16.78,37032,621405.0,,,,historical_baseline,,fe33df9ae5456d8ee27133c42c244c81d150008ababc19399c7ed428638b57ea
6020,2025-05-29,16.84,17.0,16.84,16.98,41566,704973.9,,,,historical_baseline,,fe33df9ae5456d8ee27133c42c244c81d150008ababc19399c7ed428638b57ea
6040,2025-05-01,12.18,12.3,12.02,12.26,144462,1750506.92,,,,historical_baseline,,fe33df9ae5456d8ee27133c42c244c81d150008ababc19399c7ed428638b57ea
6040,2025-05-04,12.28,12.28,12.04,12.06,48978,592912.96,,,,historical_baseline,,fe33df9ae5456d8ee27133c42c244c81d150008ababc19399c7ed428638b57ea
6040,2025-05-05,12.12,12.16,12.02,12.1,35949,434331.62,,,,historical_baseline,,fe33df9ae5456d8ee27133c42c244c81d150008ababc19399c7ed428638b57ea
6040,2025-05-06,12.1,12.22,11.98,11.98,96062,1162851.66,,,,historical_baseline,,fe33df9ae5456d8ee27133c42c244c81d150008ababc19399c7ed428638b57ea
6040,2025-05-07,11.98,12.04,11.62,11.64,80516,949824.28,,,,historical_baseline,,fe33df9ae5456d8ee27133c42c244c81d150008ababc19399c7ed428638b57ea
6040,2025-05-08,11.8,11.8,11.46,11.5,70165,813703.96,,,,historical_baseline,,fe33df9ae5456d8ee27133c42c244c81d150008ababc19399c7ed428638b57ea
6040,2025-05-11,11.54,11.7,11.5,11.56,51827,598280.68,,,,historical_baseline,,fe33df9ae5456d8ee27133c42c244c81d150008ababc19399c7ed428638b57ea
6040,2025-05-12,11.6,12.06,11.6,11.92,104247,1235354.52,,,,historical_baseline,,fe33df9ae5456d8ee27133c42c244c81d150008ababc19399c7ed428638b57ea
6040,2025-05-13,11.92,12.1,11.92,12.02,59947,720806.62,,,,historical_baseline,,fe33df9ae5456d8ee27133c42c244c81d150008ababc19399c7ed428638b57ea
6040,2025-05-14,12.06,12.14,11.86,12.0,89181,1071971.16,,,,historical_baseline,,fe33df9ae5456d8ee27133c42c244c81d150008ababc19399c7ed428638b57ea
6040,2025-05-15,12.0,12.0,11.78,11.8,80373,952946.96,,,,historical_baseline,,fe33df9ae5456d8ee27133c42c244c81d150008ababc19399c7ed428638b57ea
6040,2025-05-18,11.8,11.84,11.72,11.78,42646,502653.5,,,,historical_baseline,,fe33df9ae5456d8ee27133c42c244c81d150008ababc19399c7ed428638b57ea
6040,2025-05-19,11.82,11.82,11.0,11.4,54260,621982.78,,,,historical_baseline,,fe33df9ae5456d8ee27133c42c244c81d150008ababc19399c7ed428638b57ea
6040,2025-05-20,11.48,11.48,11.24,11.28,84184,951019.56,,,,historical_baseline,,fe33df9ae5456d8ee27133c42c244c81d150008ababc19399c7ed428638b57ea
6040,2025-05-21,11.3,11.34,11.04,11.1,60490,675176.46,,,,historical_baseline,,fe33df9ae5456d8ee27133c42c244c81d150008ababc19399c7ed428638b57ea
6040,2025-05-22,11.2,11.22,10.82,10.9,137835,1508767.86,,,,historical_baseline,,fe33df9ae5456d8ee27133c42c244c81d150008ababc19399c7ed428638b57ea
6040,2025-05-25,10.9,11.0,10.72,10.72,48061,523034.36,,,,historical_baseline,,fe33df9ae5456d8ee27133c42c244c81d150008ababc19399c7ed428638b57ea
6040,2025-05-26,10.74,10.82,10.4,10.54,110629,1165253.08,,,,historical_baseline,,fe33df9ae5456d8ee27133c42c244c81d150008ababc19399c7ed428638b57ea
6040,2025-05-27,10.74,10.74,10.3,10.32,60270,629743.34,,,,historical_baseline,,fe33df9ae5456d8ee27133c42c244c81d150008ababc19399c7ed428638b57ea
6040,2025-05-28,10.34,10.52,10.34,10.4,35955,375641.2,,,,historical_baseline,,fe33df9ae5456d8ee27133c42c244c81d150008ababc19399c7ed428638b57ea
6040,2025-05-29,10.52,10.88,10.4,10.52,190165,2015417.48,,,,historical_baseline,,fe33df9ae5456d8ee27133c42c244c81d150008ababc19399c7ed428638b57ea
6050,2025-05-01,113.6,113.6,109.6,111.0,53543,5943584.8,,,,historical_baseline,,fe33df9ae5456d8ee27133c42c244c81d150008ababc19399c7ed428638b57ea
6050,2025-05-04,111.2,112.2,106.4,107.0,58613,6357790.0,,,,historical_baseline,,fe33df9ae5456d8ee27133c42c244c81d150008ababc19399c7ed428638b57ea
6050,2025-05-05,105.4,108.2,105.0,107.0,52687,5630683.8,,,,historical_baseline,,fe33df9ae5456d8ee27133c42c244c81d150008ababc19399c7ed428638b57ea
6050,2025-05-06,107.8,108.4,104.4,105.0,71819,7627746.0,,,,historical_baseline,,fe33df9ae5456d8ee27133c42c244c81d150008ababc19399c7ed428638b57ea
6050,2025-05-07,104.4,105.0,102.0,103.0,50633,5241109.8,,,,historical_baseline,,fe33df9ae5456d8ee27133c42c244c81d150008ababc19399c7ed428638b57ea
6050,2025-05-08,103.8,109.4,103.0,106.6,196715,20988778.2,,,,historical_baseline,,fe33df9ae5456d8ee27133c42c244c81d150008ababc19399c7ed428638b57ea
6050,2025-05-11,110.0,112.6,108.0,109.6,217578,24123554.0,,,,historical_baseline,,fe33df9ae5456d8ee27133c42c244c81d150008ababc19399c7ed428638b57ea
6050,2025-05-12,109.0,111.6,107.8,108.6,110192,12063966.8,,,,historical_baseline,,fe33df9ae5456d8ee27133c42c244c81d150008ababc19399c7ed428638b57ea
6050,2025-05-13,110.0,110.6,107.4,107.6,92285,10068968.0,,,,historical_baseline,,fe33df9ae5456d8ee27133c42c244c81d150008ababc19399c7ed428638b57ea
6050,2025-05-14,107.6,110.6,107.6,108.6,128439,14009648.4,,,,historical_baseline,,fe33df9ae5456d8ee27133c42c244c81d150008ababc19399c7ed428638b57ea
6050,2025-05-15,108.0,109.2,107.4,107.8,36155,3905232.0,,,,historical_baseline,,fe33df9ae5456d8ee27133c42c244c81d150008ababc19399c7ed428638b57ea
6050,2025-05-18,108.0,108.2,105.6,106.0,54151,5770983.4,,,,historical_baseline,,fe33df9ae5456d8ee27133c42c244c81d150008ababc19399c7ed428638b57ea
6050,2025-05-19,106.0,107.4,103.8,104.6,61122,6468291.2,,,,historical_baseline,,fe33df9ae5456d8ee27133c42c244c81d150008ababc19399c7ed428638b57ea
6050,2025-05-20,104.6,105.4,103.0,104.4,46439,4838179.8,,,,historical_baseline,,fe33df9ae5456d8ee27133c42c244c81d150008ababc19399c7ed428638b57ea
6050,2025-05-21,103.4,104.4,101.8,102.6,56536,5800285.0,,,,historical_baseline,,fe33df9ae5456d8ee27133c42c244c81d150008ababc19399c7ed428638b57ea
6050,2025-05-22,102.4,104.0,101.6,103.0,65194,6698346.4,,,,historical_baseline,,fe33df9ae5456d8ee27133c42c244c81d150008ababc19399c7ed428638b57ea
6050,2025-05-25,103.2,103.2,100.8,100.8,32819,3335098.0,,,,historical_baseline,,fe33df9ae5456d8ee27133c42c244c81d150008ababc19399c7ed428638b57ea
6050,2025-05-26,100.8,103.0,98.2,100.8,50337,5063508.7,,,,historical_baseline,,fe33df9ae5456d8ee27133c42c244c81d150008ababc19399c7ed428638b57ea
6050,2025-05-27,101.2,101.6,98.0,98.2,38393,3823634.9,,,,historical_baseline,,fe33df9ae5456d8ee27133c42c244c81d150008ababc19399c7ed428638b57ea
6050,2025-05-28,98.3,99.7,98.3,98.5,26191,2594160.9,,,,historical_baseline,,fe33df9ae5456d8ee27133c42c244c81d150008ababc19399c7ed428638b57ea
6050,2025-05-29,98.6,101.4,98.4,101.0,58530,5864980.9,,,,historical_baseline,,fe33df9ae5456d8ee27133c42c244c81d150008ababc19399c7ed428638b57ea
6060,2025-05-01,18.5,18.6,18.1,18.22,154814,2823458.9,,,,historical_baseline,,fe33df9ae5456d8ee27133c42c244c81d150008ababc19399c7ed428638b57ea
6060,2025-05-04,18.1,18.46,18.04,18.04,141669,2589782.3,,,,historical_baseline,,fe33df9ae5456d8ee27133c42c244c81d150008ababc19399c7ed428638b57ea
6060,2025-05-05,18.04,18.28,18.0,18.16,86120,1562076.58,,,,historical_baseline,,fe33df9ae5456d8ee27133c42c244c81d150008ababc19399c7ed428638b57ea
6060,2025-05-06,18.2,18.34,17.92,18.04,94937,1720850.74,,,,historical_baseline,,fe33df9ae5456d8ee27133c42c244c81d150008ababc19399c7ed428638b57ea
6060,2025-05-07,18.0,18.08,17.28,17.28,298996,5299081.94,,,,historical_baseline,,fe33df9ae5456d8ee27133c42c244c81d150008ababc19399c7ed428638b57ea
6060,2025-05-08,17.48,17.76,17.0,17.52,174067,3046884.34,,,,historical_baseline,,fe33df9ae5456d8ee27133c42c244c81d150008ababc19399c7ed428638b57ea
6060,2025-05-11,17.52,17.76,17.3,17.32,143197,2504167.24,,,,historical_baseline,,fe33df9ae5456d8ee27133c42c244c81d150008ababc19399c7ed428638b57ea
6060,2025-05-12,17.32,17.72,17.32,17.72,101982,1793238.72,,,,historical_baseline,,fe33df9ae5456d8ee27133c42c244c81d150008ababc19399c7ed428638b57ea
6060,2025-05-13,17.82,18.34,17.74,17.94,451948,8174408.76,,,,historical_baseline,,fe33df9ae5456d8ee27133c42c244c81d150008ababc19399c7ed428638b57ea
6060,2025-05-14,18.0,18.0,17.5,17.66,242642,4294129.82,,,,historical_baseline,,fe33df9ae5456d8ee27133c42c244c81d150008ababc19399c7ed428638b57ea
6060,2025-05-15,17.56,17.64,17.4,17.42,116908,2045745.76,,,,historical_baseline,,fe33df9ae5456d8ee27133c42c244c81d150008ababc19399c7ed428638b57ea
6060,2025-05-18,17.42,17.58,17.18,17.3,220248,3816557.28,,,,historical_baseline,,fe33df9ae5456d8ee27133c42c244c81d150008ababc19399c7ed428638b57ea
6060,2025-05-19,17.22,17.38,17.1,17.12,95135,1637900.74,,,,historical_baseline,,fe33df9ae5456d8ee27133c42c244c81d150008ababc19399c7ed428638b57ea
6060,2025-05-20,17.1,17.38,17.04,17.3,242280,4167152.58,,,,historical_baseline,,fe33df9ae5456d8ee27133c42c244c81d150008ababc19399c7ed428638b57ea
6060,2025-05-21,17.32,17.32,16.94,17.0,157358,2687462.34,,,,historical_baseline,,fe33df9ae5456d8ee27133c42c244c81d150008ababc19399c7ed428638b57ea
6060,2025-05-22,16.92,17.4,16.86,17.04,83824,1433032.42,,,,historical_baseline,,fe33df9ae5456d8ee27133c42c244c81d150008ababc19399c7ed428638b57ea
6060,2025-05-25,17.04,17.04,16.76,16.86,83918,1417102.2,,,,historical_baseline,,fe33df9ae5456d8ee27133c42c244c81d150008ababc19399c7ed428638b57ea
6060,2025-05-26,16.72,17.0,16.52,16.78,156270,2611252.12,,,,historical_baseline,,fe33df9ae5456d8ee27133c42c244c81d150008ababc19399c7ed428638b57ea
6060,2025-05-27,16.9,16.9,16.4,16.5,128797,2132261.96,,,,historical_baseline,,fe33df9ae5456d8ee27133c42c244c81d150008ababc19399c7ed428638b57ea
6060,2025-05-28,16.7,16.7,16.52,16.54,79387,1317670.26,,,,historical_baseline,,fe33df9ae5456d8ee27133c42c244c81d150008ababc19399c7ed428638b57ea
6060,2025-05-29,16.6,16.9,16.56,16.6,106447,1772648.2,,,,historical_baseline,,fe33df9ae5456d8ee27133c42c244c81d150008ababc19399c7ed428638b57ea
6070,2025-05-01,47.25,47.55,46.65,47.55,205971,9675224.95,,,,historical_baseline,,fe33df9ae5456d8ee27133c42c244c81d150008ababc19399c7ed428638b57ea
6070,2025-05-04,47.55,47.55,46.85,47.4,77634,3660151.3,,,,historical_baseline,,fe33df9ae5456d8ee27133c42c244c81d150008ababc19399c7ed428638b57ea
6070,2025-05-05,47.35,47.45,46.8,47.15,98222,4621650.1,,,,historical_baseline,,fe33df9ae5456d8ee27133c42c244c81d150008ababc19399c7ed428638b57ea
6070,2025-05-06,47.05,47.3,46.4,47.1,247748,11598997.7,,,,historical_baseline,,fe33df9ae5456d8ee27133c42c244c81d150008ababc19399c7ed428638b57ea
6070,2025-05-07,47.1,47.2,46.35,47.0,93551,4382387.65,,,,historical_baseline,,fe33df9ae5456d8ee27133c42c244c81d150008ababc19399c7ed428638b57ea
6070,2025-05-08,47.0,47.55,46.8,47.1,72044,3398682.95,,,,historical_baseline,,fe33df9ae5456d8ee27133c42c244c81d150008ababc19399c7ed428638b57ea
6070,2025-05-11,47.55,47.55,46.75,47.2,41275,1940367.85,,,,historical_baseline,,fe33df9ae5456d8ee27133c42c244c81d150008ababc19399c7ed428638b57ea
6070,2025-05-12,46.85,48.3,46.85,48.3,162646,7769694.45,,,,historical_baseline,,fe33df9ae5456d8ee27133c42c244c81d150008ababc19399c7ed428638b57ea
6070,2025-05-13,50.4,50.9,48.6,49.15,522210,25814604.9,,,,historical_baseline,,fe33df9ae5456d8ee27133c42c244c81d150008ababc19399c7ed428638b57ea
6070,2025-05-14,49.0,49.7,48.65,49.45,245493,12057308.55,,,,historical_baseline,,fe33df9ae5456d8ee27133c42c244c81d150008ababc19399c7ed428638b57ea
6070,2025-05-15,49.45,49.6,48.75,49.15,105376,5170224.8,,,,historical_baseline,,fe33df9ae5456d8ee27133c42c244c81d150008ababc19399c7ed428638b57ea
6070,2025-05-18,49.15,49.25,48.7,49.0,83059,4067237.45,,,,historical_baseline,,fe33df9ae5456d8ee27133c42c244c81d150008ababc19399c7ed428638b57ea
6070,2025-05-19,49.0,49.25,48.3,48.85,113608,5552312.1,,,,historical_baseline,,fe33df9ae5456d8ee27133c42c244c81d150008ababc19399c7ed428638b57ea
6070,2025-05-20,48.95,49.2,48.2,48.5,52743,2561469.15,,,,historical_baseline,,fe33df9ae5456d8ee27133c42c244c81d150008ababc19399c7ed428638b57ea
6070,2025-05-21,48.25,48.5,47.25,48.5,114957,5501886.7,,,,historical_baseline,,fe33df9ae5456d8ee27133c42c244c81d150008ababc19399c7ed428638b57ea
6070,2025-05-22,48.3,48.3,47.75,48.1,83055,3987655.35,,,,historical_baseline,,fe33df9ae5456d8ee27133c42c244c81d150008ababc19399c7ed428638b57ea
6070,2025-05-25,47.8,48.4,47.7,48.05,48966,2352074.95,,,,historical_baseline,,fe33df9ae5456d8ee27133c42c244c81d150008ababc19399c7ed428638b57ea
6070,2025-05-26,47.9,47.95,46.9,47.95,116408,5506434.95,,,,historical_baseline,,fe33df9ae5456d8ee27133c42c244c81d150008ababc19399c7ed428638b57ea
6070,2025-05-27,47.95,47.95,46.5,47.0,57617,2697087.55,,,,historical_baseline,,fe33df9ae5456d8ee27133c42c244c81d150008ababc19399c7ed428638b57ea
6070,2025-05-28,47.1,47.3,46.6,46.9,124781,5838315.4,,,,historical_baseline,,fe33df9ae5456d8ee27133c42c244c81d150008ababc19399c7ed428638b57ea
6070,2025-05-29,46.9,47.15,45.85,45.85,529706,24378124.15,,,,historical_baseline,,fe33df9ae5456d8ee27133c42c244c81d150008ababc19399c7ed428638b57ea
6090,2025-05-01,11.74,11.78,11.3,11.54,100030,1153725.26,,,,historical_baseline,,fe33df9ae5456d8ee27133c42c244c81d150008ababc19399c7ed428638b57ea
6090,2025-05-04,11.34,11.62,11.28,11.28,54062,612633.14,,,,historical_baseline,,fe33df9ae5456d8ee27133c42c244c81d150008ababc19399c7ed428638b57ea
6090,2025-05-05,11.26,11.4,11.12,11.3,81313,915823.2,,,,historical_baseline,,fe33df9ae5456d8ee27133c42c244c81d150008ababc19399c7ed428638b57ea
6090,2025-05-06,11.3,11.44,11.28,11.44,71901,816325.4,,,,historical_baseline,,fe33df9ae5456d8ee27133c42c244c81d150008ababc19399c7ed428638b57ea
6090,2025-05-07,11.3,11.44,11.22,11.26,61606,699054.52,,,,historical_baseline,,fe33df9ae5456d8ee27133c42c244c81d150008ababc19399c7ed428638b57ea
6090,2025-05-08,11.28,11.6,11.24,11.46,111669,1278179.82,,,,historical_baseline,,fe33df9ae5456d8ee27133c42c244c81d150008ababc19399c7ed428638b57ea
6090,2025-05-11,11.46,11.54,11.4,11.44,94160,1078291.56,,,,historical_baseline,,fe33df9ae5456d8ee27133c42c244c81d150008ababc19399c7ed428638b57ea
6090,2025-05-12,11.34,11.62,11.34,11.58,108849,1255046.74,,,,historical_baseline,,fe33df9ae5456d8ee27133c42c244c81d150008ababc19399c7ed428638b57ea
6090,2025-05-13,12.2,12.3,11.66,11.66,1049900,12660965.3,,,,historical_baseline,,fe33df9ae5456d8ee27133c42c244c81d150008ababc19399c7ed428638b57ea
6090,2025-05-14,11.58,11.84,11.58,11.8,199122,2336753.42,,,,historical_baseline,,fe33df9ae5456d8ee27133c42c244c81d150008ababc19399c7ed428638b57ea
6090,2025-05-15,11.8,11.8,11.56,11.68,148685,1732657.2,,,,historical_baseline,,fe33df9ae5456d8ee27133c42c244c81d150008ababc19399c7ed428638b57ea
6090,2025-05-18,11.64,11.74,11.54,11.62,71937,838226.64,,,,historical_baseline,,fe33df9ae5456d8ee27133c42c244c81d150008ababc19399c7ed428638b57ea
6090,2025-05-19,11.56,11.64,11.4,11.44,158622,1824983.6,,,,historical_baseline,,fe33df9ae5456d8ee27133c42c244c81d150008ababc19399c7ed428638b57ea
6090,2025-05-20,11.44,11.56,11.28,11.52,164082,1872618.0,,,,historical_baseline,,fe33df9ae5456d8ee27133c42c244c81d150008ababc19399c7ed428638b57ea
6090,2025-05-21,11.5,11.5,11.26,11.28,59818,678775.0,,,,historical_baseline,,fe33df9ae5456d8ee27133c42c244c81d150008ababc19399c7ed428638b57ea
6090,2025-05-22,11.26,11.36,11.18,11.24,71610,804479.82,,,,historical_baseline,,fe33df9ae5456d8ee27133c42c244c81d150008ababc19399c7ed428638b57ea
6090,2025-05-25,11.14,11.2,10.94,10.94,75310,832988.62,,,,historical_baseline,,fe33df9ae5456d8ee27133c42c244c81d150008ababc19399c7ed428638b57ea
6090,2025-05-26,11.0,11.0,10.4,10.74,110968,1187872.0,,,,historical_baseline,,fe33df9ae5456d8ee27133c42c244c81d150008ababc19399c7ed428638b57ea
6090,2025-05-27,10.74,10.78,10.24,10.4,235501,2454875.16,,,,historical_baseline,,fe33df9ae5456d8ee27133c42c244c81d150008ababc19399c7ed428638b57ea
6090,2025-05-28,10.36,10.6,10.32,10.34,103130,1072779.06,,,,historical_baseline,,fe33df9ae5456d8ee27133c42c244c81d150008ababc19399c7ed428638b57ea
6090,2025-05-29,10.36,10.48,10.2,10.36,149697,1543179.08,,,,historical_baseline,,fe33df9ae5456d8ee27133c42c244c81d150008ababc19399c7ed428638b57ea
7010,2025-05-01,47.6,47.6,46.8,47.0,4269293,200695424.8,,,,historical_baseline,,fe33df9ae5456d8ee27133c42c244c81d150008ababc19399c7ed428638b57ea
7010,2025-05-04,46.9,46.9,45.9,45.9,2939292,136255714.1,,,,historical_baseline,,fe33df9ae5456d8ee27133c42c244c81d150008ababc19399c7ed428638b57ea
7010,2025-05-05,46.0,46.7,45.45,46.2,3018186,139405458.7,,,,historical_baseline,,fe33df9ae5456d8ee27133c42c244c81d150008ababc19399c7ed428638b57ea
7010,2025-05-06,46.2,46.4,45.7,46.0,2186500,100562986.1,,,,historical_baseline,,fe33df9ae5456d8ee27133c42c244c81d150008ababc19399c7ed428638b57ea
7010,2025-05-07,45.95,46.2,45.6,45.95,2999293,137680064.75,,,,historical_baseline,,fe33df9ae5456d8ee27133c42c244c81d150008ababc19399c7ed428638b57ea
7010,2025-05-08,45.9,46.05,45.5,45.5,3163486,144552400.5,,,,historical_baseline,,fe33df9ae5456d8ee27133c42c244c81d150008ababc19399c7ed428638b57ea
7010,2025-05-11,46.0,46.05,45.6,45.85,2572761,117853087.8,,,,historical_baseline,,fe33df9ae5456d8ee27133c42c244c81d150008ababc19399c7ed428638b57ea
7010,2025-05-12,46.0,46.1,45.65,45.95,5565408,255512926.85,,,,historical_baseline,,fe33df9ae5456d8ee27133c42c244c81d150008ababc19399c7ed428638b57ea
7010,2025-05-13,46.25,46.25,45.55,46.0,6121957,280607996.45,,,,historical_baseline,,fe33df9ae5456d8ee27133c42c244c81d150008ababc19399c7ed428638b57ea
7010,2025-05-14,43.85,43.95,43.5,43.5,8450060,368969174.5,,,,historical_baseline,,fe33df9ae5456d8ee27133c42c244c81d150008ababc19399c7ed428638b57ea
7010,2025-05-15,43.55,43.65,42.9,43.25,5337698,230300568.6,,,,historical_baseline,,fe33df9ae5456d8ee27133c42c244c81d150008ababc19399c7ed428638b57ea
7010,2025-05-18,43.35,43.5,42.75,42.95,4561355,196140879.75,,,,historical_baseline,,fe33df9ae5456d8ee27133c42c244c81d150008ababc19399c7ed428638b57ea
7010,2025-05-19,43.0,43.4,42.7,43.15,5999207,258445523.25,,,,historical_baseline,,fe33df9ae5456d8ee27133c42c244c81d150008ababc19399c7ed428638b57ea
7010,2025-05-20,43.3,43.6,43.2,43.35,5888270,255926363.25,,,,historical_baseline,,fe33df9ae5456d8ee27133c42c244c81d150008ababc19399c7ed428638b57ea
7010,2025-05-21,43.35,43.5,42.85,42.95,4067576,175152781.1,,,,historical_baseline,,fe33df9ae5456d8ee27133c42c244c81d150008ababc19399c7ed428638b57ea
7010,2025-05-22,42.9,42.9,42.45,42.6,3139158,133895850.25,,,,historical_baseline,,fe33df9ae5456d8ee27133c42c244c81d150008ababc19399c7ed428638b57ea
7010,2025-05-25,42.6,42.7,41.95,42.1,2859372,120606791.0,,,,historical_baseline,,fe33df9ae5456d8ee27133c42c244c81d150008ababc19399c7ed428638b57ea
7010,2025-05-26,42.3,42.35,41.95,42.2,2957515,124552443.3,,,,historical_baseline,,fe33df9ae5456d8ee27133c42c244c81d150008ababc19399c7ed428638b57ea
7010,2025-05-27,42.25,42.3,41.55,42.0,3903120,163567306.1,,,,historical_baseline,,fe33df9ae5456d8ee27133c42c244c81d150008ababc19399c7ed428638b57ea
7010,2025-05-28,42.05,42.75,42.05,42.25,4204804,178232129.45,,,,historical_baseline,,fe33df9ae5456d8ee27133c42c244c81d150008ababc19399c7ed428638b57ea
7010,2025-05-29,42.3,42.35,41.8,41.9,6690427,280689779.25,,,,historical_baseline,,fe33df9ae5456d8ee27133c42c244c81d150008ababc19399c7ed428638b57ea
7020,2025-05-01,63.0,63.1,62.0,63.0,870529,54479150.3,,,,historical_baseline,,fe33df9ae5456d8ee27133c42c244c81d150008ababc19399c7ed428638b57ea
7020,2025-05-04,62.1,62.6,61.0,61.0,311471,19235235.2,,,,historical_baseline,,fe33df9ae5456d8ee27133c42c244c81d150008ababc19399c7ed428638b57ea
7020,2025-05-05,61.0,61.5,60.3,60.6,464983,28252307.9,,,,historical_baseline,,fe33df9ae5456d8ee27133c42c244c81d150008ababc19399c7ed428638b57ea
7020,2025-05-06,60.5,61.3,59.7,59.8,460213,27715746.0,,,,historical_baseline,,fe33df9ae5456d8ee27133c42c244c81d150008ababc19399c7ed428638b57ea
7020,2025-05-07,60.1,61.1,59.6,60.0,668309,40241444.4,,,,historical_baseline,,fe33df9ae5456d8ee27133c42c244c81d150008ababc19399c7ed428638b57ea
7020,2025-05-08,60.0,60.6,58.4,58.4,990085,58521288.4,,,,historical_baseline,,fe33df9ae5456d8ee27133c42c244c81d150008ababc19399c7ed428638b57ea
7020,2025-05-11,59.0,60.7,58.9,60.0,519408,31148697.0,,,,historical_baseline,,fe33df9ae5456d8ee27133c42c244c81d150008ababc19399c7ed428638b57ea
7020,2025-05-12,60.1,61.0,60.0,60.6,839755,50851356.2,,,,historical_baseline,,fe33df9ae5456d8ee27133c42c244c81d150008ababc19399c7ed428638b57ea
7020,2025-05-13,60.6,60.6,59.0,59.8,736518,43949095.9,,,,historical_baseline,,fe33df9ae5456d8ee27133c42c244c81d150008ababc19399c7ed428638b57ea
7020,2025-05-14,59.7,59.7,57.6,57.7,971592,56562945.9,,,,historical_baseline,,fe33df9ae5456d8ee27133c42c244c81d150008ababc19399c7ed428638b57ea
7020,2025-05-15,57.8,58.6,57.0,58.5,1242277,71937972.6,,,,historical_baseline,,fe33df9ae5456d8ee27133c42c244c81d150008ababc19399c7ed428638b57ea
7020,2025-05-18,58.6,59.5,58.5,59.2,280007,16543946.7,,,,historical_baseline,,fe33df9ae5456d8ee27133c42c244c81d150008ababc19399c7ed428638b57ea
7020,2025-05-19,59.2,59.4,58.5,58.9,375901,22135504.1,,,,historical_baseline,,fe33df9ae5456d8ee27133c42c244c81d150008ababc19399c7ed428638b57ea
7020,2025-05-20,58.6,58.9,57.8,58.1,948223,55239803.0,,,,historical_baseline,,fe33df9ae5456d8ee27133c42c244c81d150008ababc19399c7ed428638b57ea
7020,2025-05-21,57.8,59.2,57.8,57.9,594424,34739417.0,,,,historical_baseline,,fe33df9ae5456d8ee27133c42c244c81d150008ababc19399c7ed428638b57ea
7020,2025-05-22,57.2,57.7,56.2,56.8,1004374,57068030.5,,,,historical_baseline,,fe33df9ae5456d8ee27133c42c244c81d150008ababc19399c7ed428638b57ea
7020,2025-05-25,56.8,57.2,55.6,56.0,580250,32731316.2,,,,historical_baseline,,fe33df9ae5456d8ee27133c42c244c81d150008ababc19399c7ed428638b57ea
7020,2025-05-26,56.1,57.5,55.5,57.2,1009853,57310641.3,,,,historical_baseline,,fe33df9ae5456d8ee27133c42c244c81d150008ababc19399c7ed428638b57ea
7020,2025-05-27,57.0,58.2,56.7,57.0,1096494,62889936.3,,,,historical_baseline,,fe33df9ae5456d8ee27133c42c244c81d150008ababc19399c7ed428638b57ea
7020,2025-05-28,57.0,58.8,57.0,58.0,1078692,62870260.6,,,,historical_baseline,,fe33df9ae5456d8ee27133c42c244c81d150008ababc19399c7ed428638b57ea
7020,2025-05-29,58.6,59.6,57.5,59.6,2800638,165688548.4,,,,historical_baseline,,fe33df9ae5456d8ee27133c42c244c81d150008ababc19399c7ed428638b57ea
7030,2025-05-01,12.7,12.74,12.46,12.48,3162804,39686267.4,,,,historical_baseline,,fe33df9ae5456d8ee27133c42c244c81d150008ababc19399c7ed428638b57ea
7030,2025-05-04,12.48,12.52,12.08,12.08,2251450,27642245.22,,,,historical_baseline,,fe33df9ae5456d8ee27133c42c244c81d150008ababc19399c7ed428638b57ea
7030,2025-05-05,12.08,12.7,12.02,12.62,5975073,74257087.5,,,,historical_baseline,,fe33df9ae5456d8ee27133c42c244c81d150008ababc19399c7ed428638b57ea
7030,2025-05-06,12.6,12.78,12.4,12.54,2882628,36240951.26,,,,historical_baseline,,fe33df9ae5456d8ee27133c42c244c81d150008ababc19399c7ed428638b57ea
7030,2025-05-07,11.88,11.88,11.36,11.5,17907150,206816047.6,,,,historical_baseline,,fe33df9ae5456d8ee27133c42c244c81d150008ababc19399c7ed428638b57ea
7030,2025-05-08,11.5,11.58,11.08,11.08,6384207,71986816.3,,,,historical_baseline,,fe33df9ae5456d8ee27133c42c244c81d150008ababc19399c7ed428638b57ea
7030,2025-05-11,11.1,11.32,11.02,11.32,4431119,49538474.12,,,,historical_baseline,,fe33df9ae5456d8ee27133c42c244c81d150008ababc19399c7ed428638b57ea
7030,2025-05-12,11.34,11.56,11.32,11.52,4450822,51155940.98,,,,historical_baseline,,fe33df9ae5456d8ee27133c42c244c81d150008ababc19399c7ed428638b57ea
7030,2025-05-13,11.56,11.58,11.3,11.32,4280319,48819891.6,,,,historical_baseline,,fe33df9ae5456d8ee27133c42c244c81d150008ababc19399c7ed428638b57ea
7030,2025-05-14,11.36,11.36,11.2,11.24,3272227,36815434.48,,,,historical_baseline,,fe33df9ae5456d8ee27133c42c244c81d150008ababc19399c7ed428638b57ea
7030,2025-05-15,11.26,11.26,10.82,11.0,9114368,100489245.06,,,,historical_baseline,,fe33df9ae5456d8ee27133c42c244c81d150008ababc19399c7ed428638b57ea
7030,2025-05-18,11.04,11.1,11.0,11.04,1548130,17092630.98,,,,historical_baseline,,fe33df9ae5456d8ee27133c42c244c81d150008ababc19399c7ed428638b57ea
7030,2025-05-19,11.06,11.26,11.0,11.06,3461259,38501231.28,,,,historical_baseline,,fe33df9ae5456d8ee27133c42c244c81d150008ababc19399c7ed428638b57ea
7030,2025-05-20,11.06,11.1,11.0,11.04,2412814,26669321.78,,,,historical_baseline,,fe33df9ae5456d8ee27133c42c244c81d150008ababc19399c7ed428638b57ea
7030,2025-05-21,11.04,11.12,11.02,11.06,2711824,29943696.3,,,,historical_baseline,,fe33df9ae5456d8ee27133c42c244c81d150008ababc19399c7ed428638b57ea
7030,2025-05-22,11.02,11.06,10.96,11.04,2422228,26696203.0,,,,historical_baseline,,fe33df9ae5456d8ee27133c42c244c81d150008ababc19399c7ed428638b57ea
7030,2025-05-25,11.02,11.04,10.84,10.86,1738771,19003323.14,,,,historical_baseline,,fe33df9ae5456d8ee27133c42c244c81d150008ababc19399c7ed428638b57ea
7030,2025-05-26,10.86,10.96,10.78,10.84,2415448,26220631.7,,,,historical_baseline,,fe33df9ae5456d8ee27133c42c244c81d150008ababc19399c7ed428638b57ea
7030,2025-05-27,10.84,10.88,10.68,10.74,2042946,21962617.6,,,,historical_baseline,,fe33df9ae5456d8ee27133c42c244c81d150008ababc19399c7ed428638b57ea
7030,2025-05-28,10.72,10.82,10.7,10.8,1608537,17319420.08,,,,historical_baseline,,fe33df9ae5456d8ee27133c42c244c81d150008ababc19399c7ed428638b57ea
7030,2025-05-29,10.82,10.9,10.74,10.9,2418004,26224780.88,,,,historical_baseline,,fe33df9ae5456d8ee27133c42c244c81d150008ababc19399c7ed428638b57ea
7040,2025-05-01,100.8,101.2,98.6,99.3,217889,21791258.6,,,,historical_baseline,,fe33df9ae5456d8ee27133c42c244c81d150008ababc19399c7ed428638b57ea
7040,2025-05-04,99.5,100.0,97.7,98.0,174566,17190874.4,,,,historical_baseline,,fe33df9ae5456d8ee27133c42c244c81d150008ababc19399c7ed428638b57ea
7040,2025-05-05,97.6,99.5,96.5,99.1,190791,18712909.9,,,,historical_baseline,,fe33df9ae5456d8ee27133c42c244c81d150008ababc19399c7ed428638b57ea
7040,2025-05-06,99.1,99.1,96.3,96.5,124065,12110367.8,,,,historical_baseline,,fe33df9ae5456d8ee27133c42c244c81d150008ababc19399c7ed428638b57ea
7040,2025-05-07,96.2,97.7,95.0,95.0,133147,12797284.2,,,,historical_baseline,,fe33df9ae5456d8ee27133c42c244c81d150008ababc19399c7ed428638b57ea
7040,2025-05-08,95.0,96.0,94.0,95.0,84824,8026223.0,,,,historical_baseline,,fe33df9ae5456d8ee27133c42c244c81d150008ababc19399c7ed428638b57ea
7040,2025-05-11,95.0,97.2,95.0,95.4,144774,13920299.1,,,,historical_baseline,,fe33df9ae5456d8ee27133c42c244c81d150008ababc19399c7ed428638b57ea
7040,2025-05-12,96.1,97.7,96.1,96.9,143378,13913440.1,,,,historical_baseline,,fe33df9ae5456d8ee27133c42c244c81d150008ababc19399c7ed428638b57ea
7040,2025-05-13,97.0,99.5,96.6,99.0,314278,30835735.3,,,,historical_baseline,,fe33df9ae5456d8ee27133c42c244c81d150008ababc19399c7ed428638b57ea
7040,2025-05-14,99.0,99.0,97.2,97.7,154933,15199853.7,,,,historical_baseline,,fe33df9ae5456d8ee27133c42c244c81d150008ababc19399c7ed428638b57ea
7040,2025-05-15,97.0,97.7,96.2,96.2,143901,13927941.4,,,,historical_baseline,,fe33df9ae5456d8ee27133c42c244c81d150008ababc19399c7ed428638b57ea
7040,2025-05-18,97.1,103.8,97.1,102.4,1470287,149429697.0,,,,historical_baseline,,fe33df9ae5456d8ee27133c42c244c81d150008ababc19399c7ed428638b57ea
7040,2025-05-19,102.8,105.6,102.4,105.6,1126730,117286878.0,,,,historical_baseline,,fe33df9ae5456d8ee27133c42c244c81d150008ababc19399c7ed428638b57ea
7040,2025-05-20,105.0,105.0,99.9,100.8,979003,99320632.5,,,,historical_baseline,,fe33df9ae5456d8ee27133c42c244c81d150008ababc19399c7ed428638b57ea
7040,2025-05-21,101.0,102.8,99.6,100.6,415853,42038123.5,,,,historical_baseline,,fe33df9ae5456d8ee27133c42c244c81d150008ababc19399c7ed428638b57ea
7040,2025-05-22,101.4,103.4,98.0,98.3,433299,43684714.7,,,,historical_baseline,,fe33df9ae5456d8ee27133c42c244c81d150008ababc19399c7ed428638b57ea
7040,2025-05-25,99.0,99.1,95.4,95.5,236338,22859711.9,,,,historical_baseline,,fe33df9ae5456d8ee27133c42c244c81d150008ababc19399c7ed428638b57ea
7040,2025-05-26,95.7,96.3,92.8,95.3,200875,18975888.7,,,,historical_baseline,,fe33df9ae5456d8ee27133c42c244c81d150008ababc19399c7ed428638b57ea
7040,2025-05-27,96.6,96.6,93.1,94.5,178446,16778239.0,,,,historical_baseline,,fe33df9ae5456d8ee27133c42c244c81d150008ababc19399c7ed428638b57ea
7040,2025-05-28,94.8,96.1,94.4,95.1,188499,17941096.5,,,,historical_baseline,,fe33df9ae5456d8ee27133c42c244c81d150008ababc19399c7ed428638b57ea
7040,2025-05-29,96.0,96.9,95.6,96.9,239569,23100905.5,,,,historical_baseline,,fe33df9ae5456d8ee27133c42c244c81d150008ababc19399c7ed428638b57ea
7200,2025-05-01,132.2,132.2,129.2,130.0,40385,5258981.8,,,,historical_baseline,,fe33df9ae5456d8ee27133c42c244c81d150008ababc19399c7ed428638b57ea
7200,2025-05-04,129.0,131.4,129.0,130.0,35227,4577757.6,,,,historical_baseline,,fe33df9ae5456d8ee27133c42c244c81d150008ababc19399c7ed428638b57ea
7200,2025-05-05,130.4,134.8,128.8,134.4,75000,9947257.8,,,,historical_baseline,,fe33df9ae5456d8ee27133c42c244c81d150008ababc19399c7ed428638b57ea
7200,2025-05-06,134.6,135.6,131.0,131.0,37077,4926865.4,,,,historical_baseline,,fe33df9ae5456d8ee27133c42c244c81d150008ababc19399c7ed428638b57ea
7200,2025-05-07,130.4,133.4,130.2,132.4,40242,5306873.6,,,,historical_baseline,,fe33df9ae5456d8ee27133c42c244c81d150008ababc19399c7ed428638b57ea
7200,2025-05-08,132.0,132.6,130.2,132.0,36530,4797401.0,,,,historical_baseline,,fe33df9ae5456d8ee27133c42c244c81d150008ababc19399c7ed428638b57ea
7200,2025-05-11,132.2,134.2,131.2,132.6,53068,7035659.0,,,,historical_baseline,,fe33df9ae5456d8ee27133c42c244c81d150008ababc19399c7ed428638b57ea
7200,2025-05-12,132.8,134.6,132.6,134.6,65262,8747992.8,,,,historical_baseline,,fe33df9ae5456d8ee27133c42c244c81d150008ababc19399c7ed428638b57ea
7200,2025-05-13,132.2,133.0,130.6,132.8,99961,13202576.4,,,,historical_baseline,,fe33df9ae5456d8ee27133c42c244c81d150008ababc19399c7ed428638b57ea
7200,2025-05-14,133.6,135.0,132.8,135.0,83962,11262141.4,,,,historical_baseline,,fe33df9ae5456d8ee27133c42c244c81d150008ababc19399c7ed428638b57ea
7200,2025-05-15,135.0,136.8,134.0,136.0,124393,16875843.0,,,,historical_baseline,,fe33df9ae5456d8ee27133c42c244c81d150008ababc19399c7ed428638b57ea
7200,2025-05-18,136.8,139.0,135.0,136.4,115100,15778155.6,,,,historical_baseline,,fe33df9ae5456d8ee27133c42c244c81d150008ababc19399c7ed428638b57ea
7200,2025-05-19,136.8,136.8,134.6,136.0,58572,7935905.8,,,,historical_baseline,,fe33df9ae5456d8ee27133c42c244c81d150008ababc19399c7ed428638b57ea
7200,2025-05-20,136.0,139.4,135.0,139.4,89615,12358722.6,,,,historical_baseline,,fe33df9ae5456d8ee27133c42c244c81d150008ababc19399c7ed428638b57ea
7200,2025-05-21,139.4,139.6,137.0,137.4,58578,8097023.2,,,,historical_baseline,,fe33df9ae5456d8ee27133c42c244c81d150008ababc19399c7ed428638b57ea
7200,2025-05-22,137.4,138.4,136.0,138.0,43661,6004970.4,,,,historical_baseline,,fe33df9ae5456d8ee27133c42c244c81d150008ababc19399c7ed428638b57ea
7200,2025-05-25,139.2,139.2,135.4,135.4,48282,6607304.4,,,,historical_baseline,,fe33df9ae5456d8ee27133c42c244c81d150008ababc19399c7ed428638b57ea
7200,2025-05-26,135.0,136.2,132.6,135.0,50561,6786432.2,,,,historical_baseline,,fe33df9ae5456d8ee27133c42c244c81d150008ababc19399c7ed428638b57ea
7200,2025-05-27,135.0,135.0,131.2,131.6,36123,4788629.0,,,,historical_baseline,,fe33df9ae5456d8ee27133c42c244c81d150008ababc19399c7ed428638b57ea
7200,2025-05-28,131.4,133.8,131.4,132.6,27260,3622052.6,,,,historical_baseline,,fe33df9ae5456d8ee27133c42c244c81d150008ababc19399c7ed428638b57ea
7200,2025-05-29,132.8,136.4,132.6,134.8,58097,7843554.0,,,,historical_baseline,,fe33df9ae5456d8ee27133c42c244c81d150008ababc19399c7ed428638b57ea
7201,2025-05-01,5.94,5.95,5.8,5.87,549908,3238131.64,,,,historical_baseline,,fe33df9ae5456d8ee27133c42c244c81d150008ababc19399c7ed428638b57ea
7201,2025-05-04,5.9,5.9,5.7,5.7,422875,2436664.17,,,,historical_baseline,,fe33df9ae5456d8ee27133c42c244c81d150008ababc19399c7ed428638b57ea
7201,2025-05-05,5.74,6.27,5.74,6.03,8033710,49237824.28,,,,historical_baseline,,fe33df9ae5456d8ee27133c42c244c81d150008ababc19399c7ed428638b57ea
7201,2025-05-06,6.03,6.08,5.88,5.93,1146862,6854366.19,,,,historical_baseline,,fe33df9ae5456d8ee27133c42c244c81d150008ababc19399c7ed428638b57ea
7201,2025-05-07,5.89,5.91,5.76,5.76,985584,5752012.64,,,,historical_baseline,,fe33df9ae5456d8ee27133c42c244c81d150008ababc19399c7ed428638b57ea
7201,2025-05-08,5.77,6.06,5.7,5.78,2012083,11861565.07,,,,historical_baseline,,fe33df9ae5456d8ee27133c42c244c81d150008ababc19399c7ed428638b57ea
7201,2025-05-11,5.96,5.96,5.78,5.78,519964,3029792.31,,,,historical_baseline,,fe33df9ae5456d8ee27133c42c244c81d150008ababc19399c7ed428638b57ea
7201,2025-05-12,5.82,5.87,5.8,5.81,566934,3310069.04,,,,historical_baseline,,fe33df9ae5456d8ee27133c42c244c81d150008ababc19399c7ed428638b57ea
7201,2025-05-13,5.84,5.89,5.81,5.83,457987,2676409.17,,,,historical_baseline,,fe33df9ae5456d8ee27133c42c244c81d150008ababc19399c7ed428638b57ea
7201,2025-05-14,5.85,5.92,5.85,5.9,807352,4751839.54,,,,historical_baseline,,fe33df9ae5456d8ee27133c42c244c81d150008ababc19399c7ed428638b57ea
7201,2025-05-15,5.91,5.91,5.74,5.75,751308,4346958.42,,,,historical_baseline,,fe33df9ae5456d8ee27133c42c244c81d150008ababc19399c7ed428638b57ea
7201,2025-05-18,5.75,5.8,5.7,5.72,390645,2244732.26,,,,historical_baseline,,fe33df9ae5456d8ee27133c42c244c81d150008ababc19399c7ed428638b57ea
7201,2025-05-19,5.65,5.71,5.61,5.62,593472,3354921.3,,,,historical_baseline,,fe33df9ae5456d8ee27133c42c244c81d150008ababc19399c7ed428638b57ea
7201,2025-05-20,5.6,5.66,5.59,5.6,409066,2300567.86,,,,historical_baseline,,fe33df9ae5456d8ee27133c42c244c81d150008ababc19399c7ed428638b57ea
7201,2025-05-21,5.61,5.83,5.59,5.64,2176805,12472663.89,,,,historical_baseline,,fe33df9ae5456d8ee27133c42c244c81d150008ababc19399c7ed428638b57ea
7201,2025-05-22,5.6,5.65,5.55,5.6,486916,2727976.26,,,,historical_baseline,,fe33df9ae5456d8ee27133c42c244c81d150008ababc19399c7ed428638b57ea
7201,2025-05-25,5.6,5.6,5.48,5.49,526025,2907051.35,,,,historical_baseline,,fe33df9ae5456d8ee27133c42c244c81d150008ababc19399c7ed428638b57ea
7201,2025-05-26,5.49,5.53,5.32,5.42,498082,2704388.8,,,,historical_baseline,,fe33df9ae5456d8ee27133c42c244c81d150008ababc19399c7ed428638b57ea
7201,2025-05-27,5.48,5.48,5.3,5.35,521829,2804829.9,,,,historical_baseline,,fe33df9ae5456d8ee27133c42c244c81d150008ababc19399c7ed428638b57ea
7201,2025-05-28,5.42,5.43,5.36,5.39,548693,2955744.12,,,,historical_baseline,,fe33df9ae5456d8ee27133c42c244c81d150008ababc19399c7ed428638b57ea
7201,2025-05-29,5.36,5.41,5.31,5.37,392812,2114394.05,,,,historical_baseline,,fe33df9ae5456d8ee27133c42c244c81d150008ababc19399c7ed428638b57ea
7202,2025-05-01,286.4,286.4,278.8,282.0,160930,45257822.8,,,,historical_baseline,,fe33df9ae5456d8ee27133c42c244c81d150008ababc19399c7ed428638b57ea
7202,2025-05-04,282.0,285.0,282.0,282.8,83225,23580970.0,,,,historical_baseline,,fe33df9ae5456d8ee27133c42c244c81d150008ababc19399c7ed428638b57ea
7202,2025-05-05,282.8,284.2,280.0,281.2,141419,39854052.0,,,,historical_baseline,,fe33df9ae5456d8ee27133c42c244c81d150008ababc19399c7ed428638b57ea
7202,2025-05-06,282.8,284.6,281.6,283.8,138135,39170116.6,,,,historical_baseline,,fe33df9ae5456d8ee27133c42c244c81d150008ababc19399c7ed428638b57ea
7202,2025-05-07,271.2,276.6,271.2,275.4,116036,31855315.4,,,,historical_baseline,,fe33df9ae5456d8ee27133c42c244c81d150008ababc19399c7ed428638b57ea
7202,2025-05-08,276.0,276.8,273.0,274.2,72844,19969752.0,,,,historical_baseline,,fe33df9ae5456d8ee27133c42c244c81d150008ababc19399c7ed428638b57ea
7202,2025-05-11,274.2,277.8,274.2,277.8,43408,11979266.8,,,,historical_baseline,,fe33df9ae5456d8ee27133c42c244c81d150008ababc19399c7ed428638b57ea
7202,2025-05-12,277.8,280.8,277.0,277.4,115674,32244193.8,,,,historical_baseline,,fe33df9ae5456d8ee27133c42c244c81d150008ababc19399c7ed428638b57ea
7202,2025-05-13,280.0,282.0,278.0,282.0,147017,41287646.6,,,,historical_baseline,,fe33df9ae5456d8ee27133c42c244c81d150008ababc19399c7ed428638b57ea
7202,2025-05-14,282.6,284.8,281.2,283.4,132264,37407466.8,,,,historical_baseline,,fe33df9ae5456d8ee27133c42c244c81d150008ababc19399c7ed428638b57ea
7202,2025-05-15,283.0,283.0,277.0,278.6,80635,22524523.8,,,,historical_baseline,,fe33df9ae5456d8ee27133c42c244c81d150008ababc19399c7ed428638b57ea
7202,2025-05-18,278.6,278.6,275.0,276.8,41615,11481195.0,,,,historical_baseline,,fe33df9ae5456d8ee27133c42c244c81d150008ababc19399c7ed428638b57ea
7202,2025-05-19,280.0,280.2,273.4,274.2,105013,28986971.0,,,,historical_baseline,,fe33df9ae5456d8ee27133c42c244c81d150008ababc19399c7ed428638b57ea
7202,2025-05-20,274.0,275.4,272.0,273.4,90119,24631538.8,,,,historical_baseline,,fe33df9ae5456d8ee27133c42c244c81d150008ababc19399c7ed428638b57ea
7202,2025-05-21,272.4,276.2,271.8,274.2,76645,21046202.6,,,,historical_baseline,,fe33df9ae5456d8ee27133c42c244c81d150008ababc19399c7ed428638b57ea
7202,2025-05-22,274.0,274.0,271.4,273.0,60101,16369242.6,,,,historical_baseline,,fe33df9ae5456d8ee27133c42c244c81d150008ababc19399c7ed428638b57ea
7202,2025-05-25,273.4,273.4,264.4,264.6,120080,32116326.2,,,,historical_baseline,,fe33df9ae5456d8ee27133c42c244c81d150008ababc19399c7ed428638b57ea
7202,2025-05-26,269.0,271.2,263.2,268.0,159059,42672379.6,,,,historical_baseline,,fe33df9ae5456d8ee27133c42c244c81d150008ababc19399c7ed428638b57ea
7202,2025-05-27,269.0,269.0,263.2,265.0,92029,24427557.8,,,,historical_baseline,,fe33df9ae5456d8ee27133c42c244c81d150008ababc19399c7ed428638b57ea
7202,2025-05-28,266.0,269.0,264.0,264.0,93307,24867183.6,,,,historical_baseline,,fe33df9ae5456d8ee27133c42c244c81d150008ababc19399c7ed428638b57ea
7202,2025-05-29,266.8,267.6,263.2,263.2,225809,59754248.4,,,,historical_baseline,,fe33df9ae5456d8ee27133c42c244c81d150008ababc19399c7ed428638b57ea
7203,2025-05-01,1034.8,1041.8,1020.0,1026.0,67440,69354732.6,,,,historical_baseline,,fe33df9ae5456d8ee27133c42c244c81d150008ababc19399c7ed428638b57ea
7203,2025-05-04,1025.0,1034.6,1012.8,1015.0,25104,25706251.8,,,,historical_baseline,,fe33df9ae5456d8ee27133c42c244c81d150008ababc19399c7ed428638b57ea
7203,2025-05-05,1015.0,1022.4,1005.0,1015.8,43515,44147825.0,,,,historical_baseline,,fe33df9ae5456d8ee27133c42c244c81d150008ababc19399c7ed428638b57ea
7203,2025-05-06,1014.0,1028.8,1009.6,1015.4,57337,58289208.0,,,,historical_baseline,,fe33df9ae5456d8ee27133c42c244c81d150008ababc19399c7ed428638b57ea
7203,2025-05-07,1015.2,1040.0,1013.0,1040.0,57562,59425520.2,,,,historical_baseline,,fe33df9ae5456d8ee27133c42c244c81d150008ababc19399c7ed428638b57ea
7203,2025-05-08,1040.0,1042.6,1030.6,1040.0,34858,36129612.2,,,,historical_baseline,,fe33df9ae5456d8ee27133c42c244c81d150008ababc19399c7ed428638b57ea
7203,2025-05-11,1040.2,1055.0,1032.0,1037.0,31495,32886928.8,,,,historical_baseline,,fe33df9ae5456d8ee27133c42c244c81d150008ababc19399c7ed428638b57ea
7203,2025-05-12,1037.0,1049.0,1031.0,1031.4,68101,70734729.0,,,,historical_baseline,,fe33df9ae5456d8ee27133c42c244c81d150008ababc19399c7ed428638b57ea
7203,2025-05-13,1035.4,1077.8,1028.8,1073.2,145784,153999942.8,,,,historical_baseline,,fe33df9ae5456d8ee27133c42c244c81d150008ababc19399c7ed428638b57ea
7203,2025-05-14,1073.2,1090.0,1055.0,1063.0,95694,102208808.6,,,,historical_baseline,,fe33df9ae5456d8ee27133c42c244c81d150008ababc19399c7ed428638b57ea
7203,2025-05-15,1056.0,1063.0,1053.0,1057.8,63512,67187348.8,,,,historical_baseline,,fe33df9ae5456d8ee27133c42c244c81d150008ababc19399c7ed428638b57ea
7203,2025-05-18,1055.0,1070.8,1055.0,1058.6,14073,14964996.6,,,,historical_baseline,,fe33df9ae5456d8ee27133c42c244c81d150008ababc19399c7ed428638b57ea
7203,2025-05-19,1059.0,1067.8,1046.8,1050.0,61335,64663980.6,,,,historical_baseline,,fe33df9ae5456d8ee27133c42c244c81d150008ababc19399c7ed428638b57ea
7203,2025-05-20,1050.0,1089.0,1046.8,1081.2,103285,110641317.4,,,,historical_baseline,,fe33df9ae5456d8ee27133c42c244c81d150008ababc19399c7ed428638b57ea
7203,2025-05-21,1080.0,1088.6,1072.0,1073.0,39536,42614845.0,,,,historical_baseline,,fe33df9ae5456d8ee27133c42c244c81d150008ababc19399c7ed428638b57ea
7203,2025-05-22,1072.0,1077.0,1056.2,1060.0,54542,58019703.0,,,,historical_baseline,,fe33df9ae5456d8ee27133c42c244c81d150008ababc19399c7ed428638b57ea
7203,2025-05-25,1060.0,1072.0,1036.0,1040.0,33849,35561429.6,,,,historical_baseline,,fe33df9ae5456d8ee27133c42c244c81d150008ababc19399c7ed428638b57ea
7203,2025-05-26,1040.0,1068.0,1040.0,1068.0,33124,34967607.0,,,,historical_baseline,,fe33df9ae5456d8ee27133c42c244c81d150008ababc19399c7ed428638b57ea
7203,2025-05-27,1067.0,1070.0,1040.6,1041.8,77389,81246027.2,,,,historical_baseline,,fe33df9ae5456d8ee27133c42c244c81d150008ababc19399c7ed428638b57ea
7203,2025-05-28,1042.0,1080.0,1042.0,1069.4,69460,73871329.8,,,,historical_baseline,,fe33df9ae5456d8ee27133c42c244c81d150008ababc19399c7ed428638b57ea
7203,2025-05-29,1065.6,1065.8,1011.6,1024.2,125056,128850976.2,,,,historical_baseline,,fe33df9ae5456d8ee27133c42c244c81d150008ababc19399c7ed428638b57ea
7204,2025-05-01,11.35,11.35,10.45,10.85,2400323,25991302.78,,,,historical_baseline,,fe33df9ae5456d8ee27133c42c244c81d150008ababc19399c7ed428638b57ea
7204,2025-05-04,10.85,10.91,10.58,10.82,735480,7901134.18,,,,historical_baseline,,fe33df9ae5456d8ee27133c42c244c81d150008ababc19399c7ed428638b57ea
7204,2025-05-05,10.8,10.87,10.62,10.82,388670,4189534.62,,,,historical_baseline,,fe33df9ae5456d8ee27133c42c244c81d150008ababc19399c7ed428638b57ea
7204,2025-05-06,10.8,10.91,10.62,10.64,475033,5102338.3,,,,historical_baseline,,fe33df9ae5456d8ee27133c42c244c81d150008ababc19399c7ed428638b57ea
7204,2025-05-07,10.65,10.73,10.47,10.56,394154,4180239.72,,,,historical_baseline,,fe33df9ae5456d8ee27133c42c244c81d150008ababc19399c7ed428638b57ea
7204,2025-05-08,10.65,10.67,10.44,10.44,464700,4881978.68,,,,historical_baseline,,fe33df9ae5456d8ee27133c42c244c81d150008ababc19399c7ed428638b57ea
7204,2025-05-11,10.49,10.55,10.27,10.33,537971,5597846.5,,,,historical_baseline,,fe33df9ae5456d8ee27133c42c244c81d150008ababc19399c7ed428638b57ea
7204,2025-05-12,10.33,10.51,10.33,10.45,740798,7730320.86,,,,historical_baseline,,fe33df9ae5456d8ee27133c42c244c81d150008ababc19399c7ed428638b57ea
7204,2025-05-13,10.51,10.51,10.27,10.35,609110,6304448.9,,,,historical_baseline,,fe33df9ae5456d8ee27133c42c244c81d150008ababc19399c7ed428638b57ea
7204,2025-05-14,10.36,10.4,10.31,10.36,595346,6168425.52,,,,historical_baseline,,fe33df9ae5456d8ee27133c42c244c81d150008ababc19399c7ed428638b57ea
7204,2025-05-15,10.36,10.36,10.24,10.31,340837,3508061.96,,,,historical_baseline,,fe33df9ae5456d8ee27133c42c244c81d150008ababc19399c7ed428638b57ea
7204,2025-05-18,10.33,10.36,10.15,10.2,384864,3938878.54,,,,historical_baseline,,fe33df9ae5456d8ee27133c42c244c81d150008ababc19399c7ed428638b57ea
7204,2025-05-19,10.36,10.47,10.11,10.16,986356,10109635.08,,,,historical_baseline,,fe33df9ae5456d8ee27133c42c244c81d150008ababc19399c7ed428638b57ea
7204,2025-05-20,10.33,10.45,10.16,10.25,1587162,16357714.66,,,,historical_baseline,,fe33df9ae5456d8ee27133c42c244c81d150008ababc19399c7ed428638b57ea
7204,2025-05-21,10.35,11.16,10.27,10.6,5484935,59431497.32,,,,historical_baseline,,fe33df9ae5456d8ee27133c42c244c81d150008ababc19399c7ed428638b57ea
7204,2025-05-22,10.6,11.15,10.44,10.93,2121618,22829719.04,,,,historical_baseline,,fe33df9ae5456d8ee27133c42c244c81d150008ababc19399c7ed428638b57ea
7204,2025-05-25,10.95,11.09,10.58,10.65,1099674,11841787.92,,,,historical_baseline,,fe33df9ae5456d8ee27133c42c244c81d150008ababc19399c7ed428638b57ea
7204,2025-05-26,10.82,10.82,10.38,10.56,819512,8646115.64,,,,historical_baseline,,fe33df9ae5456d8ee27133c42c244c81d150008ababc19399c7ed428638b57ea
7204,2025-05-27,10.56,10.62,10.25,10.33,575391,5953368.82,,,,historical_baseline,,fe33df9ae5456d8ee27133c42c244c81d150008ababc19399c7ed428638b57ea
7204,2025-05-28,10.36,10.69,10.36,10.62,602004,6355743.08,,,,historical_baseline,,fe33df9ae5456d8ee27133c42c244c81d150008ababc19399c7ed428638b57ea
7204,2025-05-29,10.67,10.69,10.53,10.67,420031,4455851.78,,,,historical_baseline,,fe33df9ae5456d8ee27133c42c244c81d150008ababc19399c7ed428638b57ea
8010,2025-05-01,143.0,151.4,142.2,146.0,978587,144354158.8,,,,historical_baseline,,fe33df9ae5456d8ee27133c42c244c81d150008ababc19399c7ed428638b57ea
8010,2025-05-04,146.0,147.4,144.2,146.0,111607,16279347.2,,,,historical_baseline,,fe33df9ae5456d8ee27133c42c244c81d150008ababc19399c7ed428638b57ea
8010,2025-05-05,146.0,146.0,142.4,144.2,164871,23736106.0,,,,historical_baseline,,fe33df9ae5456d8ee27133c42c244c81d150008ababc19399c7ed428638b57ea
8010,2025-05-06,147.0,147.2,141.6,142.6,250545,36053430.4,,,,historical_baseline,,fe33df9ae5456d8ee27133c42c244c81d150008ababc19399c7ed428638b57ea
8010,2025-05-07,142.0,143.4,140.6,143.4,185711,26396000.8,,,,historical_baseline,,fe33df9ae5456d8ee27133c42c244c81d150008ababc19399c7ed428638b57ea
8010,2025-05-08,143.4,143.4,138.8,140.8,223385,31343307.8,,,,historical_baseline,,fe33df9ae5456d8ee27133c42c244c81d150008ababc19399c7ed428638b57ea
8010,2025-05-11,140.8,142.0,138.4,141.0,136067,19162989.6,,,,historical_baseline,,fe33df9ae5456d8ee27133c42c244c81d150008ababc19399c7ed428638b57ea
8010,2025-05-12,141.8,147.8,141.8,146.0,517975,75649045.2,,,,historical_baseline,,fe33df9ae5456d8ee27133c42c244c81d150008ababc19399c7ed428638b57ea
8010,2025-05-13,146.6,148.0,144.2,147.0,287730,42140035.8,,,,historical_baseline,,fe33df9ae5456d8ee27133c42c244c81d150008ababc19399c7ed428638b57ea
8010,2025-05-14,147.0,147.4,144.6,144.6,151188,22036316.4,,,,historical_baseline,,fe33df9ae5456d8ee27133c42c244c81d150008ababc19399c7ed428638b57ea
8010,2025-05-15,144.6,144.8,141.8,143.6,186782,26720644.8,,,,historical_baseline,,fe33df9ae5456d8ee27133c42c244c81d150008ababc19399c7ed428638b57ea
8010,2025-05-18,144.0,147.4,141.8,147.0,225788,32767922.8,,,,historical_baseline,,fe33df9ae5456d8ee27133c42c244c81d150008ababc19399c7ed428638b57ea
8010,2025-05-19,145.8,147.2,143.2,143.4,234452,33821675.8,,,,historical_baseline,,fe33df9ae5456d8ee27133c42c244c81d150008ababc19399c7ed428638b57ea
8010,2025-05-20,143.4,145.6,141.6,145.6,202926,29095341.6,,,,historical_baseline,,fe33df9ae5456d8ee27133c42c244c81d150008ababc19399c7ed428638b57ea
8010,2025-05-21,145.6,145.6,141.0,141.0,185156,26374973.2,,,,historical_baseline,,fe33df9ae5456d8ee27133c42c244c81d150008ababc19399c7ed428638b57ea
8010,2025-05-22,140.0,142.0,138.2,139.4,197100,27556824.6,,,,historical_baseline,,fe33df9ae5456d8ee27133c42c244c81d150008ababc19399c7ed428638b57ea
8010,2025-05-25,138.4,139.6,137.0,137.2,112491,15541051.2,,,,historical_baseline,,fe33df9ae5456d8ee27133c42c244c81d150008ababc19399c7ed428638b57ea
8010,2025-05-26,139.6,139.6,136.0,137.6,116324,15953036.6,,,,historical_baseline,,fe33df9ae5456d8ee27133c42c244c81d150008ababc19399c7ed428638b57ea
8010,2025-05-27,138.0,139.0,133.2,133.2,135940,18358076.2,,,,historical_baseline,,fe33df9ae5456d8ee27133c42c244c81d150008ababc19399c7ed428638b57ea
8010,2025-05-28,133.0,137.8,133.0,136.0,246209,33615203.0,,,,historical_baseline,,fe33df9ae5456d8ee27133c42c244c81d150008ababc19399c7ed428638b57ea
8010,2025-05-29,139.0,139.0,136.6,138.6,690919,95593773.0,,,,historical_baseline,,fe33df9ae5456d8ee27133c42c244c81d150008ababc19399c7ed428638b57ea
8012,2025-05-01,13.94,14.08,13.82,13.9,109858,1530880.9,,,,historical_baseline,,fe33df9ae5456d8ee27133c42c244c81d150008ababc19399c7ed428638b57ea
8012,2025-05-04,13.9,13.94,13.74,13.76,61180,848030.9,,,,historical_baseline,,fe33df9ae5456d8ee27133c42c244c81d150008ababc19399c7ed428638b57ea
8012,2025-05-05,13.78,13.82,13.7,13.78,65694,904908.9,,,,historical_baseline,,fe33df9ae5456d8ee27133c42c244c81d150008ababc19399c7ed428638b57ea
8012,2025-05-06,13.8,13.88,13.6,13.7,89745,1232787.96,,,,historical_baseline,,fe33df9ae5456d8ee27133c42c244c81d150008ababc19399c7ed428638b57ea
8012,2025-05-07,13.7,13.74,13.6,13.6,47420,647662.26,,,,historical_baseline,,fe33df9ae5456d8ee27133c42c244c81d150008ababc19399c7ed428638b57ea
8012,2025-05-08,13.6,13.76,13.34,13.58,315289,4242359.78,,,,historical_baseline,,fe33df9ae5456d8ee27133c42c244c81d150008ababc19399c7ed428638b57ea
8012,2025-05-11,13.72,13.8,13.6,13.66,83294,1140579.92,,,,historical_baseline,,fe33df9ae5456d8ee27133c42c244c81d150008ababc19399c7ed428638b57ea
8012,2025-05-12,13.68,14.14,13.68,14.1,170761,2381250.2,,,,historical_baseline,,fe33df9ae5456d8ee27133c42c244c81d150008ababc19399c7ed428638b57ea
8012,2025-05-13,14.14,14.16,13.84,13.86,124262,1733258.36,,,,historical_baseline,,fe33df9ae5456d8ee27133c42c244c81d150008ababc19399c7ed428638b57ea
8012,2025-05-14,13.9,14.1,13.88,13.98,85773,1198227.2,,,,historical_baseline,,fe33df9ae5456d8ee27133c42c244c81d150008ababc19399c7ed428638b57ea
8012,2025-05-15,13.96,13.96,13.8,13.9,68374,947714.46,,,,historical_baseline,,fe33df9ae5456d8ee27133c42c244c81d150008ababc19399c7ed428638b57ea
8012,2025-05-18,13.86,14.08,13.84,14.02,110481,1538674.42,,,,historical_baseline,,fe33df9ae5456d8ee27133c42c244c81d150008ababc19399c7ed428638b57ea
8012,2025-05-19,14.02,14.02,13.82,13.88,203179,2824664.38,,,,historical_baseline,,fe33df9ae5456d8ee27133c42c244c81d150008ababc19399c7ed428638b57ea
8012,2025-05-20,13.88,13.9,13.78,13.84,42208,583515.56,,,,historical_baseline,,fe33df9ae5456d8ee27133c42c244c81d150008ababc19399c7ed428638b57ea
8012,2025-05-21,13.86,13.86,13.54,13.7,94941,1299110.22,,,,historical_baseline,,fe33df9ae5456d8ee27133c42c244c81d150008ababc19399c7ed428638b57ea
8012,2025-05-22,13.76,13.76,13.5,13.58,58052,791578.16,,,,historical_baseline,,fe33df9ae5456d8ee27133c42c244c81d150008ababc19399c7ed428638b57ea
8012,2025-05-25,13.52,13.7,13.46,13.58,158783,2155841.18,,,,historical_baseline,,fe33df9ae5456d8ee27133c42c244c81d150008ababc19399c7ed428638b57ea
8012,2025-05-26,13.46,13.62,13.12,13.24,65685,877309.06,,,,historical_baseline,,fe33df9ae5456d8ee27133c42c244c81d150008ababc19399c7ed428638b57ea
8012,2025-05-27,13.28,13.42,12.84,12.84,187295,2461819.78,,,,historical_baseline,,fe33df9ae5456d8ee27133c42c244c81d150008ababc19399c7ed428638b57ea
8012,2025-05-28,13.06,13.26,12.96,13.22,43637,573862.4,,,,historical_baseline,,fe33df9ae5456d8ee27133c42c244c81d150008ababc19399c7ed428638b57ea
8012,2025-05-29,13.22,13.38,13.12,13.34,90475,1199406.16,,,,historical_baseline,,fe33df9ae5456d8ee27133c42c244c81d150008ababc19399c7ed428638b57ea
8020,2025-05-01,13.9,14.2,13.78,13.98,314904,4407636.28,,,,historical_baseline,,fe33df9ae5456d8ee27133c42c244c81d150008ababc19399c7ed428638b57ea
8020,2025-05-04,14.0,14.0,13.5,13.62,144697,1985173.36,,,,historical_baseline,,fe33df9ae5456d8ee27133c42c244c81d150008ababc19399c7ed428638b57ea
8020,2025-05-05,13.8,13.86,13.64,13.82,126701,1741600.72,,,,historical_baseline,,fe33df9ae5456d8ee27133c42c244c81d150008ababc19399c7ed428638b57ea
8020,2025-05-06,13.82,13.92,13.54,13.7,194956,2670985.48,,,,historical_baseline,,fe33df9ae5456d8ee27133c42c244c81d150008ababc19399c7ed428638b57ea
8020,2025-05-07,13.72,13.74,13.52,13.6,220075,2997383.82,,,,historical_baseline,,fe33df9ae5456d8ee27133c42c244c81d150008ababc19399c7ed428638b57ea
8020,2025-05-08,13.5,13.88,13.42,13.76,478606,6524949.44,,,,historical_baseline,,fe33df9ae5456d8ee27133c42c244c81d150008ababc19399c7ed428638b57ea
8020,2025-05-11,13.7,13.86,13.58,13.7,152474,2085431.26,,,,historical_baseline,,fe33df9ae5456d8ee27133c42c244c81d150008ababc19399c7ed428638b57ea
8020,2025-05-12,13.66,13.9,13.66,13.88,206935,2860670.44,,,,historical_baseline,,fe33df9ae5456d8ee27133c42c244c81d150008ababc19399c7ed428638b57ea
8020,2025-05-13,13.88,13.94,13.74,13.74,97886,1356834.0,,,,historical_baseline,,fe33df9ae5456d8ee27133c42c244c81d150008ababc19399c7ed428638b57ea
8020,2025-05-14,13.76,13.94,13.76,13.92,55427,769472.72,,,,historical_baseline,,fe33df9ae5456d8ee27133c42c244c81d150008ababc19399c7ed428638b57ea
8020,2025-05-15,13.82,14.04,13.72,13.94,200828,2787791.1,,,,historical_baseline,,fe33df9ae5456d8ee27133c42c244c81d150008ababc19399c7ed428638b57ea
8020,2025-05-18,13.94,14.2,13.8,14.18,203041,2846420.1,,,,historical_baseline,,fe33df9ae5456d8ee27133c42c244c81d150008ababc19399c7ed428638b57ea
8020,2025-05-19,14.18,14.18,13.94,13.98,248541,3481644.1,,,,historical_baseline,,fe33df9ae5456d8ee27133c42c244c81d150008ababc19399c7ed428638b57ea
8020,2025-05-20,13.96,14.06,13.92,14.02,181799,2541430.1,,,,historical_baseline,,fe33df9ae5456d8ee27133c42c244c81d150008ababc19399c7ed428638b57ea
8020,2025-05-21,14.04,14.04,13.72,13.88,150716,2089197.04,,,,historical_baseline,,fe33df9ae5456d8ee27133c42c244c81d150008ababc19399c7ed428638b57ea
8020,2025-05-22,13.7,13.96,13.66,13.76,204939,2834794.34,,,,historical_baseline,,fe33df9ae5456d8ee27133c42c244c81d150008ababc19399c7ed428638b57ea
8020,2025-05-25,13.76,13.88,13.52,13.52,146725,2006376.34,,,,historical_baseline,,fe33df9ae5456d8ee27133c42c244c81d150008ababc19399c7ed428638b57ea
8020,2025-05-26,13.7,13.7,13.18,13.3,200898,2695241.9,,,,historical_baseline,,fe33df9ae5456d8ee27133c42c244c81d150008ababc19399c7ed428638b57ea
8020,2025-05-27,13.44,13.44,13.16,13.16,89467,1183645.08,,,,historical_baseline,,fe33df9ae5456d8ee27133c42c244c81d150008ababc19399c7ed428638b57ea
8020,2025-05-28,13.46,13.46,13.18,13.28,143703,1910042.5,,,,historical_baseline,,fe33df9ae5456d8ee27133c42c244c81d150008ababc19399c7ed428638b57ea
8020,2025-05-29,13.28,13.48,13.28,13.32,143295,1916092.62,,,,historical_baseline,,fe33df9ae5456d8ee27133c42c244c81d150008ababc19399c7ed428638b57ea
8030,2025-05-01,22.52,23.18,22.3,22.5,992604,22612558.96,,,,historical_baseline,,fe33df9ae5456d8ee27133c42c244c81d150008ababc19399c7ed428638b57ea
8030,2025-05-04,22.42,22.68,22.1,22.1,250368,5577904.18,,,,historical_baseline,,fe33df9ae5456d8ee27133c42c244c81d150008ababc19399c7ed428638b57ea
8030,2025-05-05,22.12,23.04,22.0,23.0,613219,13849324.94,,,,historical_baseline,,fe33df9ae5456d8ee27133c42c244c81d150008ababc19399c7ed428638b57ea
8030,2025-05-06,23.06,23.2,22.4,22.42,709612,16115476.98,,,,historical_baseline,,fe33df9ae5456d8ee27133c42c244c81d150008ababc19399c7ed428638b57ea
8030,2025-05-07,22.38,22.44,22.02,22.16,383585,8509340.62,,,,historical_baseline,,fe33df9ae5456d8ee27133c42c244c81d150008ababc19399c7ed428638b57ea
8030,2025-05-08,21.9,22.14,21.46,21.58,581562,12661073.88,,,,historical_baseline,,fe33df9ae5456d8ee27133c42c244c81d150008ababc19399c7ed428638b57ea
8030,2025-05-11,21.4,21.72,21.34,21.44,296742,6360804.5,,,,historical_baseline,,fe33df9ae5456d8ee27133c42c244c81d150008ababc19399c7ed428638b57ea
8030,2025-05-12,21.46,21.84,21.16,21.6,507893,10950705.18,,,,historical_baseline,,fe33df9ae5456d8ee27133c42c244c81d150008ababc19399c7ed428638b57ea
8030,2025-05-13,21.7,21.8,21.44,21.62,273016,5904290.14,,,,historical_baseline,,fe33df9ae5456d8ee27133c42c244c81d150008ababc19399c7ed428638b57ea
8030,2025-05-14,21.58,21.8,21.56,21.74,346838,7504765.32,,,,historical_baseline,,fe33df9ae5456d8ee27133c42c244c81d150008ababc19399c7ed428638b57ea
8030,2025-05-15,21.74,21.74,20.88,21.1,693204,14704724.6,,,,historical_baseline,,fe33df9ae5456d8ee27133c42c244c81d150008ababc19399c7ed428638b57ea
8030,2025-05-18,20.98,21.28,20.98,21.1,270665,5712372.86,,,,historical_baseline,,fe33df9ae5456d8ee27133c42c244c81d150008ababc19399c7ed428638b57ea
8030,2025-05-19,21.0,21.08,20.5,20.68,293830,6123256.38,,,,historical_baseline,,fe33df9ae5456d8ee27133c42c244c81d150008ababc19399c7ed428638b57ea
8030,2025-05-20,20.88,20.92,20.56,20.72,258612,5365230.12,,,,historical_baseline,,fe33df9ae5456d8ee27133c42c244c81d150008ababc19399c7ed428638b57ea
8030,2025-05-21,20.7,20.82,20.2,20.24,409329,8376621.0,,,,historical_baseline,,fe33df9ae5456d8ee27133c42c244c81d150008ababc19399c7ed428638b57ea
8030,2025-05-22,20.0,20.7,20.0,20.3,330811,6749125.96,,,,historical_baseline,,fe33df9ae5456d8ee27133c42c244c81d150008ababc19399c7ed428638b57ea
8030,2025-05-25,20.48,20.48,19.96,20.08,328518,6598742.92,,,,historical_baseline,,fe33df9ae5456d8ee27133c42c244c81d150008ababc19399c7ed428638b57ea
8030,2025-05-26,20.18,20.28,19.52,20.06,454411,9073990.96,,,,historical_baseline,,fe33df9ae5456d8ee27133c42c244c81d150008ababc19399c7ed428638b57ea
8030,2025-05-27,20.06,20.2,19.48,19.74,317113,6271419.74,,,,historical_baseline,,fe33df9ae5456d8ee27133c42c244c81d150008ababc19399c7ed428638b57ea
8030,2025-05-28,19.66,20.0,19.66,19.82,368226,7312089.5,,,,historical_baseline,,fe33df9ae5456d8ee27133c42c244c81d150008ababc19399c7ed428638b57ea
8030,2025-05-29,19.84,20.26,19.66,19.68,545447,10862073.78,,,,historical_baseline,,fe33df9ae5456d8ee27133c42c244c81d150008ababc19399c7ed428638b57ea
8040,2025-05-01,17.1,17.4,16.92,17.36,65711,1127651.74,,,,historical_baseline,,fe33df9ae5456d8ee27133c42c244c81d150008ababc19399c7ed428638b57ea
8040,2025-05-04,17.36,17.52,17.0,17.48,87145,1509131.86,,,,historical_baseline,,fe33df9ae5456d8ee27133c42c244c81d150008ababc19399c7ed428638b57ea
8040,2025-05-05,17.46,17.56,17.1,17.44,101440,1765274.38,,,,historical_baseline,,fe33df9ae5456d8ee27133c42c244c81d150008ababc19399c7ed428638b57ea
8040,2025-05-06,17.5,17.52,16.68,16.68,94788,1605221.58,,,,historical_baseline,,fe33df9ae5456d8ee27133c42c244c81d150008ababc19399c7ed428638b57ea
8040,2025-05-07,16.78,16.78,16.0,16.18,63119,1023540.2,,,,historical_baseline,,fe33df9ae5456d8ee27133c42c244c81d150008ababc19399c7ed428638b57ea
8040,2025-05-08,16.16,16.3,15.52,15.62,78844,1242327.6,,,,historical_baseline,,fe33df9ae5456d8ee27133c42c244c81d150008ababc19399c7ed428638b57ea
8040,2025-05-11,15.26,15.9,15.26,15.86,60461,946308.68,,,,historical_baseline,,fe33df9ae5456d8ee27133c42c244c81d150008ababc19399c7ed428638b57ea
8040,2025-05-12,15.7,16.36,15.7,16.3,57341,928514.38,,,,historical_baseline,,fe33df9ae5456d8ee27133c42c244c81d150008ababc19399c7ed428638b57ea
8040,2025-05-13,16.3,16.66,16.12,16.24,75304,1236260.44,,,,historical_baseline,,fe33df9ae5456d8ee27133c42c244c81d150008ababc19399c7ed428638b57ea
8040,2025-05-14,16.2,16.56,16.18,16.3,41822,682900.08,,,,historical_baseline,,fe33df9ae5456d8ee27133c42c244c81d150008ababc19399c7ed428638b57ea
8040,2025-05-15,16.32,16.4,16.12,16.26,13187,213883.56,,,,historical_baseline,,fe33df9ae5456d8ee27133c42c244c81d150008ababc19399c7ed428638b57ea
8040,2025-05-18,16.3,16.46,16.0,16.0,22374,361620.98,,,,historical_baseline,,fe33df9ae5456d8ee27133c42c244c81d150008ababc19399c7ed428638b57ea
8040,2025-05-19,16.34,16.34,15.7,15.88,15836,253140.26,,,,historical_baseline,,fe33df9ae5456d8ee27133c42c244c81d150008ababc19399c7ed428638b57ea
8040,2025-05-20,16.0,16.02,15.76,15.82,15162,240223.02,,,,historical_baseline,,fe33df9ae5456d8ee27133c42c244c81d150008ababc19399c7ed428638b57ea
8040,2025-05-21,15.9,15.9,15.16,15.46,28166,437124.66,,,,historical_baseline,,fe33df9ae5456d8ee27133c42c244c81d150008ababc19399c7ed428638b57ea
8040,2025-05-22,15.3,15.62,15.14,15.14,25400,390148.1,,,,historical_baseline,,fe33df9ae5456d8ee27133c42c244c81d150008ababc19399c7ed428638b57ea
8040,2025-05-25,15.02,15.12,14.66,14.86,49816,746456.86,,,,historical_baseline,,fe33df9ae5456d8ee27133c42c244c81d150008ababc19399c7ed428638b57ea
8040,2025-05-26,14.86,15.18,14.5,14.8,51864,760861.44,,,,historical_baseline,,fe33df9ae5456d8ee27133c42c244c81d150008ababc19399c7ed428638b57ea
8040,2025-05-27,14.9,14.9,14.08,14.3,46695,673455.1,,,,historical_baseline,,fe33df9ae5456d8ee27133c42c244c81d150008ababc19399c7ed428638b57ea
8040,2025-05-28,14.68,14.7,14.4,14.5,44237,643586.32,,,,historical_baseline,,fe33df9ae5456d8ee27133c42c244c81d150008ababc19399c7ed428638b57ea
8040,2025-05-29,14.5,15.6,14.5,15.02,170518,2574437.16,,,,historical_baseline,,fe33df9ae5456d8ee27133c42c244c81d150008ababc19399c7ed428638b57ea
8050,2025-05-01,14.24,14.54,14.02,14.18,527997,7545671.44,,,,historical_baseline,,fe33df9ae5456d8ee27133c42c244c81d150008ababc19399c7ed428638b57ea
8050,2025-05-04,14.3,14.32,13.96,14.0,235207,3306115.88,,,,historical_baseline,,fe33df9ae5456d8ee27133c42c244c81d150008ababc19399c7ed428638b57ea
8050,2025-05-05,14.0,14.24,13.94,14.18,406232,5727650.64,,,,historical_baseline,,fe33df9ae5456d8ee27133c42c244c81d150008ababc19399c7ed428638b57ea
8050,2025-05-06,14.26,14.28,13.82,14.0,453939,6356696.62,,,,historical_baseline,,fe33df9ae5456d8ee27133c42c244c81d150008ababc19399c7ed428638b57ea
8050,2025-05-07,13.98,13.98,13.6,13.64,239682,3304270.74,,,,historical_baseline,,fe33df9ae5456d8ee27133c42c244c81d150008ababc19399c7ed428638b57ea
8050,2025-05-08,12.52,13.16,12.5,12.92,948920,12159489.04,,,,historical_baseline,,fe33df9ae5456d8ee27133c42c244c81d150008ababc19399c7ed428638b57ea
8050,2025-05-11,12.96,13.3,12.96,13.14,281327,3686603.68,,,,historical_baseline,,fe33df9ae5456d8ee27133c42c244c81d150008ababc19399c7ed428638b57ea
8050,2025-05-12,13.26,13.68,13.16,13.64,456916,6145734.3,,,,historical_baseline,,fe33df9ae5456d8ee27133c42c244c81d150008ababc19399c7ed428638b57ea
8050,2025-05-13,13.6,13.74,13.44,13.54,104804,1421508.72,,,,historical_baseline,,fe33df9ae5456d8ee27133c42c244c81d150008ababc19399c7ed428638b57ea
8050,2025-05-14,13.54,14.4,13.54,13.86,726292,10204510.74,,,,historical_baseline,,fe33df9ae5456d8ee27133c42c244c81d150008ababc19399c7ed428638b57ea
8050,2025-05-15,13.84,13.84,13.5,13.62,266277,3624760.34,,,,historical_baseline,,fe33df9ae5456d8ee27133c42c244c81d150008ababc19399c7ed428638b57ea
8050,2025-05-18,13.62,13.76,13.5,13.6,95306,1296675.32,,,,historical_baseline,,fe33df9ae5456d8ee27133c42c244c81d150008ababc19399c7ed428638b57ea
8050,2025-05-19,13.5,13.66,13.36,13.48,146371,1977661.88,,,,historical_baseline,,fe33df9ae5456d8ee27133c42c244c81d150008ababc19399c7ed428638b57ea
8050,2025-05-20,13.48,13.56,13.34,13.4,69113,930260.04,,,,historical_baseline,,fe33df9ae5456d8ee27133c42c244c81d150008ababc19399c7ed428638b57ea
8050,2025-05-21,13.36,13.5,13.16,13.22,94482,1252511.9,,,,historical_baseline,,fe33df9ae5456d8ee27133c42c244c81d150008ababc19399c7ed428638b57ea
8050,2025-05-22,13.22,13.48,13.14,13.38,165523,2209275.56,,,,historical_baseline,,fe33df9ae5456d8ee27133c42c244c81d150008ababc19399c7ed428638b57ea
8050,2025-05-25,13.14,13.36,13.0,13.02,140184,1835268.44,,,,historical_baseline,,fe33df9ae5456d8ee27133c42c244c81d150008ababc19399c7ed428638b57ea
8050,2025-05-26,13.0,13.12,12.64,12.7,174807,2248081.18,,,,historical_baseline,,fe33df9ae5456d8ee27133c42c244c81d150008ababc19399c7ed428638b57ea
8050,2025-05-27,12.7,12.88,12.5,12.6,96193,1212091.36,,,,historical_baseline,,fe33df9ae5456d8ee27133c42c244c81d150008ababc19399c7ed428638b57ea
8050,2025-05-28,12.52,12.88,12.52,12.8,77617,989910.52,,,,historical_baseline,,fe33df9ae5456d8ee27133c42c244c81d150008ababc19399c7ed428638b57ea
8050,2025-05-29,12.92,13.04,12.82,12.82,170347,2199980.48,,,,historical_baseline,,fe33df9ae5456d8ee27133c42c244c81d150008ababc19399c7ed428638b57ea
8060,2025-05-01,19.16,19.3,18.9,18.94,611572,11645760.48,,,,historical_baseline,,fe33df9ae5456d8ee27133c42c244c81d150008ababc19399c7ed428638b57ea
8060,2025-05-04,19.0,19.1,18.88,18.94,272978,5160981.94,,,,historical_baseline,,fe33df9ae5456d8ee27133c42c244c81d150008ababc19399c7ed428638b57ea
8060,2025-05-05,19.0,19.3,18.8,19.08,451495,8629376.36,,,,historical_baseline,,fe33df9ae5456d8ee27133c42c244c81d150008ababc19399c7ed428638b57ea
8060,2025-05-06,19.08,19.34,19.0,19.16,679058,13010607.94,,,,historical_baseline,,fe33df9ae5456d8ee27133c42c244c81d150008ababc19399c7ed428638b57ea
8060,2025-05-07,19.2,19.2,18.88,18.96,320891,6076521.54,,,,historical_baseline,,fe33df9ae5456d8ee27133c42c244c81d150008ababc19399c7ed428638b57ea
8060,2025-05-08,18.96,19.0,18.74,18.8,177289,3346140.34,,,,historical_baseline,,fe33df9ae5456d8ee27133c42c244c81d150008ababc19399c7ed428638b57ea
8060,2025-05-11,17.0,18.18,17.0,18.0,702759,12400963.48,,,,historical_baseline,,fe33df9ae5456d8ee27133c42c244c81d150008ababc19399c7ed428638b57ea
8060,2025-05-12,18.12,19.0,18.1,18.86,568413,10669774.9,,,,historical_baseline,,fe33df9ae5456d8ee27133c42c244c81d150008ababc19399c7ed428638b57ea
8060,2025-05-13,18.94,19.14,18.74,19.0,430178,8155735.3,,,,historical_baseline,,fe33df9ae5456d8ee27133c42c244c81d150008ababc19399c7ed428638b57ea
8060,2025-05-14,19.0,19.22,18.96,19.08,423161,8073985.14,,,,historical_baseline,,fe33df9ae5456d8ee27133c42c244c81d150008ababc19399c7ed428638b57ea
8060,2025-05-15,19.08,19.14,18.88,19.1,302169,5743022.24,,,,historical_baseline,,fe33df9ae5456d8ee27133c42c244c81d150008ababc19399c7ed428638b57ea
8060,2025-05-18,19.0,19.16,18.96,19.08,212956,4055362.98,,,,historical_baseline,,fe33df9ae5456d8ee27133c42c244c81d150008ababc19399c7ed428638b57ea
8060,2025-05-19,19.02,19.04,18.66,18.94,575662,10874070.06,,,,historical_baseline,,fe33df9ae5456d8ee27133c42c244c81d150008ababc19399c7ed428638b57ea
8060,2025-05-20,18.9,18.96,18.78,18.9,278626,5256727.06,,,,historical_baseline,,fe33df9ae5456d8ee27133c42c244c81d150008ababc19399c7ed428638b57ea
8060,2025-05-21,18.8,18.84,18.52,18.64,194659,3633966.96,,,,historical_baseline,,fe33df9ae5456d8ee27133c42c244c81d150008ababc19399c7ed428638b57ea
8060,2025-05-22,18.6,18.88,18.54,18.8,90815,1699638.7,,,,historical_baseline,,fe33df9ae5456d8ee27133c42c244c81d150008ababc19399c7ed428638b57ea
8060,2025-05-25,18.66,18.7,18.22,18.3,139389,2561604.64,,,,historical_baseline,,fe33df9ae5456d8ee27133c42c244c81d150008ababc19399c7ed428638b57ea
8060,2025-05-26,18.46,18.46,17.66,17.88,157618,2826595.76,,,,historical_baseline,,fe33df9ae5456d8ee27133c42c244c81d150008ababc19399c7ed428638b57ea
8060,2025-05-27,17.8,17.88,17.26,17.56,282376,4928159.84,,,,historical_baseline,,fe33df9ae5456d8ee27133c42c244c81d150008ababc19399c7ed428638b57ea
8060,2025-05-28,17.56,17.8,17.46,17.52,110089,1940622.34,,,,historical_baseline,,fe33df9ae5456d8ee27133c42c244c81d150008ababc19399c7ed428638b57ea
8060,2025-05-29,17.4,17.76,17.4,17.76,298142,5255337.06,,,,historical_baseline,,fe33df9ae5456d8ee27133c42c244c81d150008ababc19399c7ed428638b57ea
8070,2025-05-01,17.66,17.84,17.46,17.54,177402,3130116.0,,,,historical_baseline,,fe33df9ae5456d8ee27133c42c244c81d150008ababc19399c7ed428638b57ea
8070,2025-05-04,17.54,17.64,17.32,17.36,141516,2473189.74,,,,historical_baseline,,fe33df9ae5456d8ee27133c42c244c81d150008ababc19399c7ed428638b57ea
8070,2025-05-05,17.56,17.56,17.14,17.52,222310,3864957.58,,,,historical_baseline,,fe33df9ae5456d8ee27133c42c244c81d150008ababc19399c7ed428638b57ea
8070,2025-05-06,17.56,17.64,17.26,17.38,219585,3841421.86,,,,historical_baseline,,fe33df9ae5456d8ee27133c42c244c81d150008ababc19399c7ed428638b57ea
8070,2025-05-07,17.3,17.4,17.0,17.04,315740,5414936.04,,,,historical_baseline,,fe33df9ae5456d8ee27133c42c244c81d150008ababc19399c7ed428638b57ea
8070,2025-05-08,17.0,17.1,16.36,16.44,416869,6922105.78,,,,historical_baseline,,fe33df9ae5456d8ee27133c42c244c81d150008ababc19399c7ed428638b57ea
8070,2025-05-11,16.44,16.64,16.36,16.38,141141,2319533.2,,,,historical_baseline,,fe33df9ae5456d8ee27133c42c244c81d150008ababc19399c7ed428638b57ea
8070,2025-05-12,16.4,16.84,16.4,16.8,410223,6839714.56,,,,historical_baseline,,fe33df9ae5456d8ee27133c42c244c81d150008ababc19399c7ed428638b57ea
8070,2025-05-13,16.9,16.92,16.44,16.52,178687,2970360.58,,,,historical_baseline,,fe33df9ae5456d8ee27133c42c244c81d150008ababc19399c7ed428638b57ea
8070,2025-05-14,16.52,16.72,16.46,16.64,189584,3147733.46,,,,historical_baseline,,fe33df9ae5456d8ee27133c42c244c81d150008ababc19399c7ed428638b57ea
8070,2025-05-15,16.7,16.7,16.2,16.22,212292,3473593.88,,,,historical_baseline,,fe33df9ae5456d8ee27133c42c244c81d150008ababc19399c7ed428638b57ea
8070,2025-05-18,16.26,16.4,16.14,16.26,106780,1734858.8,,,,historical_baseline,,fe33df9ae5456d8ee27133c42c244c81d150008ababc19399c7ed428638b57ea
8070,2025-05-19,16.2,16.26,15.92,16.0,281453,4528222.48,,,,historical_baseline,,fe33df9ae5456d8ee27133c42c244c81d150008ababc19399c7ed428638b57ea
8070,2025-05-20,16.04,16.3,15.92,16.12,226639,3653028.44,,,,historical_baseline,,fe33df9ae5456d8ee27133c42c244c81d150008ababc19399c7ed428638b57ea
8070,2025-05-21,16.12,16.14,15.86,16.0,174844,2796649.82,,,,historical_baseline,,fe33df9ae5456d8ee27133c42c244c81d150008ababc19399c7ed428638b57ea
8070,2025-05-22,16.0,16.12,15.82,15.96,152265,2433806.38,,,,historical_baseline,,fe33df9ae5456d8ee27133c42c244c81d150008ababc19399c7ed428638b57ea
8070,2025-05-25,15.9,15.96,15.72,15.72,112711,1784505.6,,,,historical_baseline,,fe33df9ae5456d8ee27133c42c244c81d150008ababc19399c7ed428638b57ea
8070,2025-05-26,15.8,15.86,15.32,15.64,186762,2912712.26,,,,historical_baseline,,fe33df9ae5456d8ee27133c42c244c81d150008ababc19399c7ed428638b57ea
8070,2025-05-27,15.7,15.76,15.32,15.4,114393,1772446.3,,,,historical_baseline,,fe33df9ae5456d8ee27133c42c244c81d150008ababc19399c7ed428638b57ea
8070,2025-05-28,15.4,15.66,15.4,15.54,65153,1014066.02,,,,historical_baseline,,fe33df9ae5456d8ee27133c42c244c81d150008ababc19399c7ed428638b57ea
8070,2025-05-29,15.6,15.72,15.48,15.52,275891,4302261.56,,,,historical_baseline,,fe33df9ae5456d8ee27133c42c244c81d150008ababc19399c7ed428638b57ea
8100,2025-05-01,15.5,15.8,15.38,15.4,94819,1469973.5,,,,historical_baseline,,fe33df9ae5456d8ee27133c42c244c81d150008ababc19399c7ed428638b57ea
8100,2025-05-04,15.32,15.4,15.22,15.32,60973,932533.94,,,,historical_baseline,,fe33df9ae5456d8ee27133c42c244c81d150008ababc19399c7ed428638b57ea
8100,2025-05-05,15.4,15.4,15.16,15.3,33561,514140.96,,,,historical_baseline,,fe33df9ae5456d8ee27133c42c244c81d150008ababc19399c7ed428638b57ea
8100,2025-05-06,15.4,15.4,14.94,15.08,114097,1727639.14,,,,historical_baseline,,fe33df9ae5456d8ee27133c42c244c81d150008ababc19399c7ed428638b57ea
8100,2025-05-07,15.0,15.08,14.54,14.6,155952,2301101.48,,,,historical_baseline,,fe33df9ae5456d8ee27133c42c244c81d150008ababc19399c7ed428638b57ea
8100,2025-05-08,15.5,16.06,15.24,15.24,601461,9399024.32,,,,historical_baseline,,fe33df9ae5456d8ee27133c42c244c81d150008ababc19399c7ed428638b57ea
8100,2025-05-11,15.24,15.54,15.2,15.4,133896,2056912.06,,,,historical_baseline,,fe33df9ae5456d8ee27133c42c244c81d150008ababc19399c7ed428638b57ea
8100,2025-05-12,15.4,15.74,15.4,15.54,106608,1661578.64,,,,historical_baseline,,fe33df9ae5456d8ee27133c42c244c81d150008ababc19399c7ed428638b57ea
8100,2025-05-13,15.62,15.92,15.48,15.62,147922,2319131.6,,,,historical_baseline,,fe33df9ae5456d8ee27133c42c244c81d150008ababc19399c7ed428638b57ea
8100,2025-05-14,15.9,15.94,15.68,15.72,73608,1158583.5,,,,historical_baseline,,fe33df9ae5456d8ee27133c42c244c81d150008ababc19399c7ed428638b57ea
8100,2025-05-15,15.72,15.78,15.42,15.56,84177,1308714.26,,,,historical_baseline,,fe33df9ae5456d8ee27133c42c244c81d150008ababc19399c7ed428638b57ea
8100,2025-05-18,15.46,15.98,15.46,15.8,160782,2541288.7,,,,historical_baseline,,fe33df9ae5456d8ee27133c42c244c81d150008ababc19399c7ed428638b57ea
8100,2025-05-19,15.8,15.8,15.46,15.5,54250,846060.7,,,,historical_baseline,,fe33df9ae5456d8ee27133c42c244c81d150008ababc19399c7ed428638b57ea
8100,2025-05-20,15.48,15.54,15.3,15.36,45988,708933.84,,,,historical_baseline,,fe33df9ae5456d8ee27133c42c244c81d150008ababc19399c7ed428638b57ea
8100,2025-05-21,15.3,15.4,15.02,15.04,51550,781535.74,,,,historical_baseline,,fe33df9ae5456d8ee27133c42c244c81d150008ababc19399c7ed428638b57ea
8100,2025-05-22,15.16,15.16,14.92,14.96,48608,729820.28,,,,historical_baseline,,fe33df9ae5456d8ee27133c42c244c81d150008ababc19399c7ed428638b57ea
8100,2025-05-25,14.96,15.18,14.7,14.7,46299,690953.48,,,,historical_baseline,,fe33df9ae5456d8ee27133c42c244c81d150008ababc19399c7ed428638b57ea
8100,2025-05-26,14.7,14.84,14.22,14.54,86945,1265198.18,,,,historical_baseline,,fe33df9ae5456d8ee27133c42c244c81d150008ababc19399c7ed428638b57ea
8100,2025-05-27,14.68,14.68,14.18,14.2,55259,791155.66,,,,historical_baseline,,fe33df9ae5456d8ee27133c42c244c81d150008ababc19399c7ed428638b57ea
8100,2025-05-28,14.2,14.56,14.2,14.52,34513,498320.42,,,,historical_baseline,,fe33df9ae5456d8ee27133c42c244c81d150008ababc19399c7ed428638b57ea
8100,2025-05-29,14.6,15.12,14.54,15.06,95055,1413122.6,,,,historical_baseline,,fe33df9ae5456d8ee27133c42c244c81d150008ababc19399c7ed428638b57ea
8120,2025-05-01,14.24,14.3,14.1,14.14,239966,3404445.44,,,,historical_baseline,,fe33df9ae5456d8ee27133c42c244c81d150008ababc19399c7ed428638b57ea
8120,2025-05-04,14.18,14.28,14.04,14.16,883765,12960496.54,,,,historical_baseline,,fe33df9ae5456d8ee27133c42c244c81d150008ababc19399c7ed428638b57ea
8120,2025-05-05,14.26,14.46,14.08,14.42,155926,2237467.98,,,,historical_baseline,,fe33df9ae5456d8ee27133c42c244c81d150008ababc19399c7ed428638b57ea
8120,2025-05-06,14.5,14.78,14.34,14.56,306413,4479547.9,,,,historical_baseline,,fe33df9ae5456d8ee27133c42c244c81d150008ababc19399c7ed428638b57ea
8120,2025-05-07,14.52,14.52,14.16,14.46,198161,2848064.66,,,,historical_baseline,,fe33df9ae5456d8ee27133c42c244c81d150008ababc19399c7ed428638b57ea
8120,2025-05-08,13.7,14.18,13.32,14.1,796858,10848211.1,,,,historical_baseline,,fe33df9ae5456d8ee27133c42c244c81d150008ababc19399c7ed428638b57ea
8120,2025-05-11,14.3,14.3,13.94,14.3,108309,1533986.14,,,,historical_baseline,,fe33df9ae5456d8ee27133c42c244c81d150008ababc19399c7ed428638b57ea
8120,2025-05-12,14.32,14.6,14.0,14.46,168727,2421498.52,,,,historical_baseline,,fe33df9ae5456d8ee27133c42c244c81d150008ababc19399c7ed428638b57ea
8120,2025-05-13,14.52,14.56,14.16,14.48,122681,1765797.48,,,,historical_baseline,,fe33df9ae5456d8ee27133c42c244c81d150008ababc19399c7ed428638b57ea
8120,2025-05-14,14.5,14.86,14.32,14.8,127640,1880560.54,,,,historical_baseline,,fe33df9ae5456d8ee27133c42c244c81d150008ababc19399c7ed428638b57ea
8120,2025-05-15,14.76,14.98,14.62,14.96,220721,3272916.2,,,,historical_baseline,,fe33df9ae5456d8ee27133c42c244c81d150008ababc19399c7ed428638b57ea
8120,2025-05-18,14.98,15.16,14.6,14.98,184073,2723575.76,,,,historical_baseline,,fe33df9ae5456d8ee27133c42c244c81d150008ababc19399c7ed428638b57ea
8120,2025-05-19,14.98,15.0,14.72,14.96,142515,2122435.3,,,,historical_baseline,,fe33df9ae5456d8ee27133c42c244c81d150008ababc19399c7ed428638b57ea
8120,2025-05-20,14.98,15.0,14.76,15.0,58245,866571.2,,,,historical_baseline,,fe33df9ae5456d8ee27133c42c244c81d150008ababc19399c7ed428638b57ea
8120,2025-05-21,14.92,15.0,14.72,14.9,53155,790209.96,,,,historical_baseline,,fe33df9ae5456d8ee27133c42c244c81d150008ababc19399c7ed428638b57ea
8120,2025-05-22,14.74,15.04,14.6,14.98,134591,2011262.5,,,,historical_baseline,,fe33df9ae5456d8ee27133c42c244c81d150008ababc19399c7ed428638b57ea
8120,2025-05-25,14.96,14.98,14.72,14.88,225968,3348520.72,,,,historical_baseline,,fe33df9ae5456d8ee27133c42c244c81d150008ababc19399c7ed428638b57ea
8120,2025-05-26,14.84,14.98,14.68,14.98,133745,1985673.96,,,,historical_baseline,,fe33df9ae5456d8ee27133c42c244c81d150008ababc19399c7ed428638b57ea
8120,2025-05-27,14.98,14.98,14.7,14.94,139627,2074689.64,,,,historical_baseline,,fe33df9ae5456d8ee27133c42c244c81d150008ababc19399c7ed428638b57ea
8120,2025-05-28,14.96,15.14,14.86,14.96,128942,1940321.56,,,,historical_baseline,,fe33df9ae5456d8ee27133c42c244c81d150008ababc19399c7ed428638b57ea
8120,2025-05-29,14.94,15.14,14.9,14.9,90524,1358804.82,,,,historical_baseline,,fe33df9ae5456d8ee27133c42c244c81d150008ababc19399c7ed428638b57ea
8150,2025-05-01,14.18,14.92,14.16,14.16,898300,13143850.66,,,,historical_baseline,,fe33df9ae5456d8ee27133c42c244c81d150008ababc19399c7ed428638b57ea
8150,2025-05-04,14.24,14.84,14.24,14.26,466780,6753193.82,,,,historical_baseline,,fe33df9ae5456d8ee27133c42c244c81d150008ababc19399c7ed428638b57ea
8150,2025-05-05,14.26,14.46,14.04,14.26,286838,4089026.86,,,,historical_baseline,,fe33df9ae5456d8ee27133c42c244c81d150008ababc19399c7ed428638b57ea
8150,2025-05-06,14.34,14.38,14.0,14.02,233347,3299065.92,,,,historical_baseline,,fe33df9ae5456d8ee27133c42c244c81d150008ababc19399c7ed428638b57ea
8150,2025-05-07,14.12,14.14,13.64,13.72,212455,2936519.88,,,,historical_baseline,,fe33df9ae5456d8ee27133c42c244c81d150008ababc19399c7ed428638b57ea
8150,2025-05-08,13.4,13.7,13.08,13.14,550032,7306932.2,,,,historical_baseline,,fe33df9ae5456d8ee27133c42c244c81d150008ababc19399c7ed428638b57ea
8150,2025-05-11,13.5,13.9,13.44,13.56,513499,7006932.66,,,,historical_baseline,,fe33df9ae5456d8ee27133c42c244c81d150008ababc19399c7ed428638b57ea
8150,2025-05-12,13.52,14.06,13.52,13.94,335513,4638678.62,,,,historical_baseline,,fe33df9ae5456d8ee27133c42c244c81d150008ababc19399c7ed428638b57ea
8150,2025-05-13,13.94,14.16,13.58,13.78,775489,10755906.74,,,,historical_baseline,,fe33df9ae5456d8ee27133c42c244c81d150008ababc19399c7ed428638b57ea
8150,2025-05-14,13.78,13.86,13.5,13.6,290829,3974799.86,,,,historical_baseline,,fe33df9ae5456d8ee27133c42c244c81d150008ababc19399c7ed428638b57ea
8150,2025-05-15,13.52,13.64,13.26,13.26,304260,4092420.14,,,,historical_baseline,,fe33df9ae5456d8ee27133c42c244c81d150008ababc19399c7ed428638b57ea
8150,2025-05-18,13.28,13.38,12.7,12.9,697151,9073397.54,,,,historical_baseline,,fe33df9ae5456d8ee27133c42c244c81d150008ababc19399c7ed428638b57ea
8150,2025-05-19,12.88,13.56,12.78,13.08,889128,11754134.96,,,,historical_baseline,,fe33df9ae5456d8ee27133c42c244c81d150008ababc19399c7ed428638b57ea
8150,2025-05-20,13.24,13.28,12.96,13.1,196438,2577311.68,,,,historical_baseline,,fe33df9ae5456d8ee27133c42c244c81d150008ababc19399c7ed428638b57ea
8150,2025-05-21,13.06,13.1,12.88,13.0,174779,2267939.36,,,,historical_baseline,,fe33df9ae5456d8ee27133c42c244c81d150008ababc19399c7ed428638b57ea
8150,2025-05-22,12.92,13.28,12.92,13.16,219299,2870220.62,,,,historical_baseline,,fe33df9ae5456d8ee27133c42c244c81d150008ababc19399c7ed428638b57ea
8150,2025-05-25,13.04,13.2,12.92,12.96,206103,2685043.98,,,,historical_baseline,,fe33df9ae5456d8ee27133c42c244c81d150008ababc19399c7ed428638b57ea
8150,2025-05-26,12.96,13.02,12.44,12.7,177418,2251507.44,,,,historical_baseline,,fe33df9ae5456d8ee27133c42c244c81d150008ababc19399c7ed428638b57ea
8150,2025-05-27,12.8,12.8,12.28,12.34,143075,1779977.88,,,,historical_baseline,,fe33df9ae5456d8ee27133c42c244c81d150008ababc19399c7ed428638b57ea
8150,2025-05-28,12.38,12.62,12.38,12.44,174616,2179983.42,,,,historical_baseline,,fe33df9ae5456d8ee27133c42c244c81d150008ababc19399c7ed428638b57ea
8150,2025-05-29,12.38,12.72,12.38,12.48,157093,1971079.54,,,,historical_baseline,,fe33df9ae5456d8ee27133c42c244c81d150008ababc19399c7ed428638b57ea
8160,2025-05-01,12.74,12.74,12.5,12.58,82671,1038126.82,,,,historical_baseline,,fe33df9ae5456d8ee27133c42c244c81d150008ababc19399c7ed428638b57ea
8160,2025-05-04,12.52,12.64,12.42,12.44,86632,1082613.64,,,,historical_baseline,,fe33df9ae5456d8ee27133c42c244c81d150008ababc19399c7ed428638b57ea
8160,2025-05-05,12.4,12.62,12.34,12.44,48577,602890.62,,,,historical_baseline,,fe33df9ae5456d8ee27133c42c244c81d150008ababc19399c7ed428638b57ea
8160,2025-05-06,12.4,12.58,12.34,12.54,119739,1486870.72,,,,historical_baseline,,fe33df9ae5456d8ee27133c42c244c81d150008ababc19399c7ed428638b57ea
8160,2025-05-07,12.54,12.54,12.32,12.32,75865,936986.68,,,,historical_baseline,,fe33df9ae5456d8ee27133c42c244c81d150008ababc19399c7ed428638b57ea
8160,2025-05-08,12.32,12.42,12.22,12.22,54270,664087.28,,,,historical_baseline,,fe33df9ae5456d8ee27133c42c244c81d150008ababc19399c7ed428638b57ea
8160,2025-05-11,12.22,12.58,12.22,12.22,57901,708253.18,,,,historical_baseline,,fe33df9ae5456d8ee27133c42c244c81d150008ababc19399c7ed428638b57ea
8160,2025-05-12,12.5,12.5,12.26,12.3,120418,1486742.2,,,,historical_baseline,,fe33df9ae5456d8ee27133c42c244c81d150008ababc19399c7ed428638b57ea
8160,2025-05-13,12.46,12.46,12.22,12.3,99293,1222088.3,,,,historical_baseline,,fe33df9ae5456d8ee27133c42c244c81d150008ababc19399c7ed428638b57ea
8160,2025-05-14,12.46,12.46,12.3,12.32,37910,468160.02,,,,historical_baseline,,fe33df9ae5456d8ee27133c42c244c81d150008ababc19399c7ed428638b57ea
8160,2025-05-15,12.32,12.36,12.24,12.34,108926,1334279.14,,,,historical_baseline,,fe33df9ae5456d8ee27133c42c244c81d150008ababc19399c7ed428638b57ea
8160,2025-05-18,12.22,12.5,12.22,12.36,66890,829094.2,,,,historical_baseline,,fe33df9ae5456d8ee27133c42c244c81d150008ababc19399c7ed428638b57ea
8160,2025-05-19,12.36,12.38,12.28,12.3,90873,1118432.9,,,,historical_baseline,,fe33df9ae5456d8ee27133c42c244c81d150008ababc19399c7ed428638b57ea
8160,2025-05-20,12.3,12.32,12.26,12.28,28662,352086.54,,,,historical_baseline,,fe33df9ae5456d8ee27133c42c244c81d150008ababc19399c7ed428638b57ea
8160,2025-05-21,12.26,12.26,12.2,12.2,105256,1284258.96,,,,historical_baseline,,fe33df9ae5456d8ee27133c42c244c81d150008ababc19399c7ed428638b57ea
8160,2025-05-22,12.18,12.24,12.04,12.08,110195,1339259.58,,,,historical_baseline,,fe33df9ae5456d8ee27133c42c244c81d150008ababc19399c7ed428638b57ea
8160,2025-05-25,12.08,12.1,11.96,11.96,72091,865538.0,,,,historical_baseline,,fe33df9ae5456d8ee27133c42c244c81d150008ababc19399c7ed428638b57ea
8160,2025-05-26,11.98,12.1,11.82,12.0,157775,1880167.2,,,,historical_baseline,,fe33df9ae5456d8ee27133c42c244c81d150008ababc19399c7ed428638b57ea
8160,2025-05-27,12.12,12.12,11.9,12.0,76114,906852.08,,,,historical_baseline,,fe33df9ae5456d8ee27133c42c244c81d150008ababc19399c7ed428638b57ea
8160,2025-05-28,11.9,12.12,11.9,12.06,38854,467242.68,,,,historical_baseline,,fe33df9ae5456d8ee27133c42c244c81d150008ababc19399c7ed428638b57ea
8160,2025-05-29,12.16,12.16,11.96,11.98,50010,601651.0,,,,historical_baseline,,fe33df9ae5456d8ee27133c42c244c81d150008ababc19399c7ed428638b57ea
8170,2025-05-01,15.3,15.34,15.0,15.12,117953,1791126.8,,,,historical_baseline,,fe33df9ae5456d8ee27133c42c244c81d150008ababc19399c7ed428638b57ea
8170,2025-05-04,15.24,15.36,14.5,14.92,145089,2178551.42,,,,historical_baseline,,fe33df9ae5456d8ee27133c42c244c81d150008ababc19399c7ed428638b57ea
8170,2025-05-05,14.84,15.1,14.76,15.08,78673,1176604.08,,,,historical_baseline,,fe33df9ae5456d8ee27133c42c244c81d150008ababc19399c7ed428638b57ea
8170,2025-05-06,14.3,14.3,13.84,13.92,861142,12075354.8,,,,historical_baseline,,fe33df9ae5456d8ee27133c42c244c81d150008ababc19399c7ed428638b57ea
8170,2025-05-07,13.94,13.94,13.58,13.66,342810,4712476.92,,,,historical_baseline,,fe33df9ae5456d8ee27133c42c244c81d150008ababc19399c7ed428638b57ea
8170,2025-05-08,13.66,13.76,13.48,13.68,233654,3169684.12,,,,historical_baseline,,fe33df9ae5456d8ee27133c42c244c81d150008ababc19399c7ed428638b57ea
8170,2025-05-11,13.76,13.92,13.66,13.74,115781,1595762.0,,,,historical_baseline,,fe33df9ae5456d8ee27133c42c244c81d150008ababc19399c7ed428638b57ea
8170,2025-05-12,13.78,14.12,13.78,14.1,175763,2450149.8,,,,historical_baseline,,fe33df9ae5456d8ee27133c42c244c81d150008ababc19399c7ed428638b57ea
8170,2025-05-13,14.04,14.08,13.7,13.72,229085,3171191.08,,,,historical_baseline,,fe33df9ae5456d8ee27133c42c244c81d150008ababc19399c7ed428638b57ea
8170,2025-05-14,13.78,13.92,13.76,13.84,133205,1841102.18,,,,historical_baseline,,fe33df9ae5456d8ee27133c42c244c81d150008ababc19399c7ed428638b57ea
8170,2025-05-15,13.8,13.8,13.56,13.66,140746,1928896.74,,,,historical_baseline,,fe33df9ae5456d8ee27133c42c244c81d150008ababc19399c7ed428638b57ea
8170,2025-05-18,13.7,14.58,13.7,14.1,471947,6689601.58,,,,historical_baseline,,fe33df9ae5456d8ee27133c42c244c81d150008ababc19399c7ed428638b57ea
8170,2025-05-19,14.06,14.1,13.82,13.98,223743,3119213.12,,,,historical_baseline,,fe33df9ae5456d8ee27133c42c244c81d150008ababc19399c7ed428638b57ea
8170,2025-05-20,13.92,14.1,13.76,14.1,186147,2600712.5,,,,historical_baseline,,fe33df9ae5456d8ee27133c42c244c81d150008ababc19399c7ed428638b57ea
8170,2025-05-21,14.1,14.1,13.88,13.98,185015,2586985.18,,,,historical_baseline,,fe33df9ae5456d8ee27133c42c244c81d150008ababc19399c7ed428638b57ea
8170,2025-05-22,13.42,13.5,13.3,13.44,235744,3164115.34,,,,historical_baseline,,fe33df9ae5456d8ee27133c42c244c81d150008ababc19399c7ed428638b57ea
8170,2025-05-25,13.46,13.46,13.1,13.28,167522,2222120.14,,,,historical_baseline,,fe33df9ae5456d8ee27133c42c244c81d150008ababc19399c7ed428638b57ea
8170,2025-05-26,13.12,13.36,13.0,13.2,124509,1640940.44,,,,historical_baseline,,fe33df9ae5456d8ee27133c42c244c81d150008ababc19399c7ed428638b57ea
8170,2025-05-27,13.16,13.18,12.0,12.96,121914,1561685.0,,,,historical_baseline,,fe33df9ae5456d8ee27133c42c244c81d150008ababc19399c7ed428638b57ea
8170,2025-05-28,12.9,13.26,12.9,13.02,110836,1456780.52,,,,historical_baseline,,fe33df9ae5456d8ee27133c42c244c81d150008ababc19399c7ed428638b57ea
8170,2025-05-29,13.36,13.36,13.14,13.22,151738,2012483.8,,,,historical_baseline,,fe33df9ae5456d8ee27133c42c244c81d150008ababc19399c7ed428638b57ea
8180,2025-05-01,14.5,14.68,14.34,14.46,138011,2002473.36,,,,historical_baseline,,fe33df9ae5456d8ee27133c42c244c81d150008ababc19399c7ed428638b57ea
8180,2025-05-04,14.46,14.5,14.04,14.1,142846,2040559.96,,,,historical_baseline,,fe33df9ae5456d8ee27133c42c244c81d150008ababc19399c7ed428638b57ea
8180,2025-05-05,14.26,14.26,14.0,14.16,204864,2891230.7,,,,historical_baseline,,fe33df9ae5456d8ee27133c42c244c81d150008ababc19399c7ed428638b57ea
8180,2025-05-06,14.26,14.26,13.86,14.02,299650,4207391.96,,,,historical_baseline,,fe33df9ae5456d8ee27133c42c244c81d150008ababc19399c7ed428638b57ea
8180,2025-05-07,13.92,14.0,13.58,13.58,360883,4980670.1,,,,historical_baseline,,fe33df9ae5456d8ee27133c42c244c81d150008ababc19399c7ed428638b57ea
8180,2025-05-08,13.3,13.46,12.76,12.8,685927,8898865.36,,,,historical_baseline,,fe33df9ae5456d8ee27133c42c244c81d150008ababc19399c7ed428638b57ea
8180,2025-05-11,12.82,13.1,12.82,12.88,269332,3489395.5,,,,historical_baseline,,fe33df9ae5456d8ee27133c42c244c81d150008ababc19399c7ed428638b57ea
8180,2025-05-12,12.8,13.4,12.8,13.32,345085,4560043.82,,,,historical_baseline,,fe33df9ae5456d8ee27133c42c244c81d150008ababc19399c7ed428638b57ea
8180,2025-05-13,13.34,13.44,13.24,13.38,153566,2048126.2,,,,historical_baseline,,fe33df9ae5456d8ee27133c42c244c81d150008ababc19399c7ed428638b57ea
8180,2025-05-14,13.4,13.6,13.3,13.46,290812,3900991.2,,,,historical_baseline,,fe33df9ae5456d8ee27133c42c244c81d150008ababc19399c7ed428638b57ea
8180,2025-05-15,13.4,13.48,13.3,13.46,159556,2137477.44,,,,historical_baseline,,fe33df9ae5456d8ee27133c42c244c81d150008ababc19399c7ed428638b57ea
8180,2025-05-18,13.42,13.52,13.36,13.48,111238,1493325.4,,,,historical_baseline,,fe33df9ae5456d8ee27133c42c244c81d150008ababc19399c7ed428638b57ea
8180,2025-05-19,13.5,13.5,13.14,13.18,129589,1716663.98,,,,historical_baseline,,fe33df9ae5456d8ee27133c42c244c81d150008ababc19399c7ed428638b57ea
8180,2025-05-20,13.1,13.28,13.1,13.16,125009,1647698.04,,,,historical_baseline,,fe33df9ae5456d8ee27133c42c244c81d150008ababc19399c7ed428638b57ea
8180,2025-05-21,13.14,13.2,12.9,12.96,106875,1389666.28,,,,historical_baseline,,fe33df9ae5456d8ee27133c42c244c81d150008ababc19399c7ed428638b57ea
8180,2025-05-22,12.98,13.1,12.82,12.82,350687,4539179.74,,,,historical_baseline,,fe33df9ae5456d8ee27133c42c244c81d150008ababc19399c7ed428638b57ea
8180,2025-05-25,12.82,12.9,12.68,12.7,155572,1992399.16,,,,historical_baseline,,fe33df9ae5456d8ee27133c42c244c81d150008ababc19399c7ed428638b57ea
8180,2025-05-26,12.76,12.8,12.3,12.54,292135,3658796.9,,,,historical_baseline,,fe33df9ae5456d8ee27133c42c244c81d150008ababc19399c7ed428638b57ea
8180,2025-05-27,12.5,12.54,12.32,12.34,121635,1513146.44,,,,historical_baseline,,fe33df9ae5456d8ee27133c42c244c81d150008ababc19399c7ed428638b57ea
8180,2025-05-28,12.34,12.54,12.34,12.46,136836,1701180.22,,,,historical_baseline,,fe33df9ae5456d8ee27133c42c244c81d150008ababc19399c7ed428638b57ea
8180,2025-05-29,12.5,12.66,12.4,12.5,112903,1417427.36,,,,historical_baseline,,fe33df9ae5456d8ee27133c42c244c81d150008ababc19399c7ed428638b57ea
8190,2025-05-01,8.83,8.92,8.8,8.9,73954,654180.51,,,,historical_baseline,,fe33df9ae5456d8ee27133c42c244c81d150008ababc19399c7ed428638b57ea
8190,2025-05-04,8.92,8.92,8.8,8.87,61703,545891.32,,,,historical_baseline,,fe33df9ae5456d8ee27133c42c244c81d150008ababc19399c7ed428638b57ea
8190,2025-05-05,8.88,8.93,8.84,8.88,69214,615048.38,,,,historical_baseline,,fe33df9ae5456d8ee27133c42c244c81d150008ababc19399c7ed428638b57ea
8190,2025-05-06,8.88,9.02,8.66,8.68,496237,4341970.57,,,,historical_baseline,,fe33df9ae5456d8ee27133c42c244c81d150008ababc19399c7ed428638b57ea
8190,2025-05-07,8.7,8.88,8.66,8.88,112600,977366.94,,,,historical_baseline,,fe33df9ae5456d8ee27133c42c244c81d150008ababc19399c7ed428638b57ea
8190,2025-05-08,8.5,8.52,8.0,8.06,1560990,12620845.7,,,,historical_baseline,,fe33df9ae5456d8ee27133c42c244c81d150008ababc19399c7ed428638b57ea
8190,2025-05-11,8.04,8.04,7.69,7.71,562686,4368472.49,,,,historical_baseline,,fe33df9ae5456d8ee27133c42c244c81d150008ababc19399c7ed428638b57ea
8190,2025-05-12,7.72,7.8,7.71,7.8,275639,2140147.6,,,,historical_baseline,,fe33df9ae5456d8ee27133c42c244c81d150008ababc19399c7ed428638b57ea
8190,2025-05-13,7.82,7.84,7.62,7.69,255856,1968013.38,,,,historical_baseline,,fe33df9ae5456d8ee27133c42c244c81d150008ababc19399c7ed428638b57ea
8190,2025-05-14,7.7,7.72,7.65,7.7,140559,1081064.58,,,,historical_baseline,,fe33df9ae5456d8ee27133c42c244c81d150008ababc19399c7ed428638b57ea
8190,2025-05-15,7.72,7.72,7.52,7.58,194326,1476872.33,,,,historical_baseline,,fe33df9ae5456d8ee27133c42c244c81d150008ababc19399c7ed428638b57ea
8190,2025-05-18,7.52,7.66,7.51,7.6,146203,1106072.26,,,,historical_baseline,,fe33df9ae5456d8ee27133c42c244c81d150008ababc19399c7ed428638b57ea
8190,2025-05-19,7.54,7.63,7.25,7.3,383037,2838913.69,,,,historical_baseline,,fe33df9ae5456d8ee27133c42c244c81d150008ababc19399c7ed428638b57ea
8190,2025-05-20,7.45,7.87,7.25,7.53,1128753,8552528.03,,,,historical_baseline,,fe33df9ae5456d8ee27133c42c244c81d150008ababc19399c7ed428638b57ea
8190,2025-05-21,7.46,7.6,7.4,7.45,375176,2802460.28,,,,historical_baseline,,fe33df9ae5456d8ee27133c42c244c81d150008ababc19399c7ed428638b57ea
8190,2025-05-22,7.36,7.5,7.36,7.4,140406,1046780.32,,,,historical_baseline,,fe33df9ae5456d8ee27133c42c244c81d150008ababc19399c7ed428638b57ea
8190,2025-05-25,7.4,7.42,7.31,7.32,82537,607869.51,,,,historical_baseline,,fe33df9ae5456d8ee27133c42c244c81d150008ababc19399c7ed428638b57ea
8190,2025-05-26,7.32,7.42,7.24,7.27,96658,708948.96,,,,historical_baseline,,fe33df9ae5456d8ee27133c42c244c81d150008ababc19399c7ed428638b57ea
8190,2025-05-27,7.25,7.57,7.24,7.5,330606,2439059.13,,,,historical_baseline,,fe33df9ae5456d8ee27133c42c244c81d150008ababc19399c7ed428638b57ea
8190,2025-05-28,7.5,7.58,7.35,7.39,176052,1310627.25,,,,historical_baseline,,fe33df9ae5456d8ee27133c42c244c81d150008ababc19399c7ed428638b57ea
8190,2025-05-29,7.49,7.49,7.39,7.4,108507,806477.38,,,,historical_baseline,,fe33df9ae5456d8ee27133c42c244c81d150008ababc19399c7ed428638b57ea
8200,2025-05-01,33.6,34.52,32.78,33.09,917556,30772979.05,,,,historical_baseline,,fe33df9ae5456d8ee27133c42c244c81d150008ababc19399c7ed428638b57ea
8200,2025-05-04,33.12,33.46,32.74,33.02,360890,11926812.65,,,,historical_baseline,,fe33df9ae5456d8ee27133c42c244c81d150008ababc19399c7ed428638b57ea
8200,2025-05-05,33.49,36.29,33.19,36.22,2965026,103667652.95,,,,historical_baseline,,fe33df9ae5456d8ee27133c42c244c81d150008ababc19399c7ed428638b57ea
8200,2025-05-06,36.16,37.25,35.54,35.81,2434646,88786211.0,,,,historical_baseline,,fe33df9ae5456d8ee27133c42c244c81d150008ababc19399c7ed428638b57ea
8200,2025-05-07,35.88,36.16,34.45,34.59,694257,24450932.2,,,,historical_baseline,,fe33df9ae5456d8ee27133c42c244c81d150008ababc19399c7ed428638b57ea
8200,2025-05-08,34.93,36.63,34.59,34.59,2146256,76877408.9,,,,historical_baseline,,fe33df9ae5456d8ee27133c42c244c81d150008ababc19399c7ed428638b57ea
8200,2025-05-11,34.79,35.4,34.45,34.79,476159,16626784.5,,,,historical_baseline,,fe33df9ae5456d8ee27133c42c244c81d150008ababc19399c7ed428638b57ea
8200,2025-05-12,34.59,35.61,34.59,35.06,624440,21941571.3,,,,historical_baseline,,fe33df9ae5456d8ee27133c42c244c81d150008ababc19399c7ed428638b57ea
8200,2025-05-13,35.4,35.4,33.56,33.73,1494143,50962935.15,,,,historical_baseline,,fe33df9ae5456d8ee27133c42c244c81d150008ababc19399c7ed428638b57ea
8200,2025-05-14,33.8,34.24,33.7,34.04,1105383,37631042.7,,,,historical_baseline,,fe33df9ae5456d8ee27133c42c244c81d150008ababc19399c7ed428638b57ea
8200,2025-05-15,34.04,34.24,33.46,34.04,534476,18078123.35,,,,historical_baseline,,fe33df9ae5456d8ee27133c42c244c81d150008ababc19399c7ed428638b57ea
8200,2025-05-18,34.11,34.65,33.8,34.01,1307198,44646829.1,,,,historical_baseline,,fe33df9ae5456d8ee27133c42c244c81d150008ababc19399c7ed428638b57ea
8200,2025-05-19,34.11,34.24,33.56,33.8,495808,16785780.6,,,,historical_baseline,,fe33df9ae5456d8ee27133c42c244c81d150008ababc19399c7ed428638b57ea
8200,2025-05-20,33.6,34.01,33.05,33.36,621353,20725196.6,,,,historical_baseline,,fe33df9ae5456d8ee27133c42c244c81d150008ababc19399c7ed428638b57ea
8200,2025-05-21,33.26,33.84,32.23,32.23,655343,21557620.05,,,,historical_baseline,,fe33df9ae5456d8ee27133c42c244c81d150008ababc19399c7ed428638b57ea
8200,2025-05-22,32.4,34.24,32.27,33.43,1300312,43550409.1,,,,historical_baseline,,fe33df9ae5456d8ee27133c42c244c81d150008ababc19399c7ed428638b57ea
8200,2025-05-25,33.43,33.43,32.3,32.37,580648,19010159.85,,,,historical_baseline,,fe33df9ae5456d8ee27133c42c244c81d150008ababc19399c7ed428638b57ea
8200,2025-05-26,32.4,33.39,31.04,31.31,1085611,34494365.0,,,,historical_baseline,,fe33df9ae5456d8ee27133c42c244c81d150008ababc19399c7ed428638b57ea
8200,2025-05-27,31.38,31.58,30.56,30.66,843187,26098863.55,,,,historical_baseline,,fe33df9ae5456d8ee27133c42c244c81d150008ababc19399c7ed428638b57ea
8200,2025-05-28,30.66,31.99,30.66,31.52,822067,25884145.95,,,,historical_baseline,,fe33df9ae5456d8ee27133c42c244c81d150008ababc19399c7ed428638b57ea
8200,2025-05-29,33.29,34.45,31.99,34.45,2455290,82208776.5,,,,historical_baseline,,fe33df9ae5456d8ee27133c42c244c81d150008ababc19399c7ed428638b57ea
8210,2025-05-01,167.8,172.6,165.0,171.0,284578,48253931.4,,,,historical_baseline,,fe33df9ae5456d8ee27133c42c244c81d150008ababc19399c7ed428638b57ea
8210,2025-05-04,171.2,172.0,169.2,171.2,110674,18914228.6,,,,historical_baseline,,fe33df9ae5456d8ee27133c42c244c81d150008ababc19399c7ed428638b57ea
8210,2025-05-05,170.0,172.8,167.0,172.6,174063,29623997.0,,,,historical_baseline,,fe33df9ae5456d8ee27133c42c244c81d150008ababc19399c7ed428638b57ea
8210,2025-05-06,171.4,180.8,171.4,178.8,528874,94241867.0,,,,historical_baseline,,fe33df9ae5456d8ee27133c42c244c81d150008ababc19399c7ed428638b57ea
8210,2025-05-07,178.8,180.2,176.6,179.2,144585,25787305.4,,,,historical_baseline,,fe33df9ae5456d8ee27133c42c244c81d150008ababc19399c7ed428638b57ea
8210,2025-05-08,182.0,182.8,177.0,178.2,283050,50758329.0,,,,historical_baseline,,fe33df9ae5456d8ee27133c42c244c81d150008ababc19399c7ed428638b57ea
8210,2025-05-11,180.8,181.0,176.0,178.2,76565,13564042.0,,,,historical_baseline,,fe33df9ae5456d8ee27133c42c244c81d150008ababc19399c7ed428638b57ea
8210,2025-05-12,179.8,186.2,177.0,184.2,259214,47516331.0,,,,historical_baseline,,fe33df9ae5456d8ee27133c42c244c81d150008ababc19399c7ed428638b57ea
8210,2025-05-13,184.0,185.2,181.8,184.0,162116,29678314.6,,,,historical_baseline,,fe33df9ae5456d8ee27133c42c244c81d150008ababc19399c7ed428638b57ea
8210,2025-05-14,184.0,184.0,177.2,178.6,155598,27859616.0,,,,historical_baseline,,fe33df9ae5456d8ee27133c42c244c81d150008ababc19399c7ed428638b57ea
8210,2025-05-15,178.6,181.0,177.2,178.8,104885,18770780.6,,,,historical_baseline,,fe33df9ae5456d8ee27133c42c244c81d150008ababc19399c7ed428638b57ea
8210,2025-05-18,178.8,182.2,178.8,181.2,96669,17512362.6,,,,historical_baseline,,fe33df9ae5456d8ee27133c42c244c81d150008ababc19399c7ed428638b57ea
8210,2025-05-19,182.0,183.8,175.6,177.4,116504,20754037.4,,,,historical_baseline,,fe33df9ae5456d8ee27133c42c244c81d150008ababc19399c7ed428638b57ea
8210,2025-05-20,177.0,177.8,173.0,174.2,97017,16944623.0,,,,historical_baseline,,fe33df9ae5456d8ee27133c42c244c81d150008ababc19399c7ed428638b57ea
8210,2025-05-21,174.2,175.2,170.6,170.6,74437,12791841.2,,,,historical_baseline,,fe33df9ae5456d8ee27133c42c244c81d150008ababc19399c7ed428638b57ea
8210,2025-05-22,171.2,171.8,168.8,171.8,100299,17125714.6,,,,historical_baseline,,fe33df9ae5456d8ee27133c42c244c81d150008ababc19399c7ed428638b57ea
8210,2025-05-25,170.0,170.8,166.4,166.4,47362,7963737.8,,,,historical_baseline,,fe33df9ae5456d8ee27133c42c244c81d150008ababc19399c7ed428638b57ea
8210,2025-05-26,167.4,170.0,164.6,168.8,75567,12586563.4,,,,historical_baseline,,fe33df9ae5456d8ee27133c42c244c81d150008ababc19399c7ed428638b57ea
8210,2025-05-27,168.8,169.0,162.4,162.4,107180,17580785.8,,,,historical_baseline,,fe33df9ae5456d8ee27133c42c244c81d150008ababc19399c7ed428638b57ea
8210,2025-05-28,162.4,166.6,162.4,165.8,91227,15097777.8,,,,historical_baseline,,fe33df9ae5456d8ee27133c42c244c81d150008ababc19399c7ed428638b57ea
8210,2025-05-29,167.0,169.0,164.0,167.0,238599,39857884.2,,,,historical_baseline,,fe33df9ae5456d8ee27133c42c244c81d150008ababc19399c7ed428638b57ea
8230,2025-05-01,65.5,67.5,65.0,65.8,329998,21858373.8,,,,historical_baseline,,fe33df9ae5456d8ee27133c42c244c81d150008ababc19399c7ed428638b57ea
8230,2025-05-04,65.5,65.8,64.0,64.0,131738,8510826.8,,,,historical_baseline,,fe33df9ae5456d8ee27133c42c244c81d150008ababc19399c7ed428638b57ea
8230,2025-05-05,64.5,64.5,62.7,63.7,170636,10809247.8,,,,historical_baseline,,fe33df9ae5456d8ee27133c42c244c81d150008ababc19399c7ed428638b57ea
8230,2025-05-06,63.7,65.2,63.7,64.4,216966,13986669.4,,,,historical_baseline,,fe33df9ae5456d8ee27133c42c244c81d150008ababc19399c7ed428638b57ea
8230,2025-05-07,64.7,64.7,62.3,62.4,218502,13722895.8,,,,historical_baseline,,fe33df9ae5456d8ee27133c42c244c81d150008ababc19399c7ed428638b57ea
8230,2025-05-08,62.7,63.2,61.4,61.7,237916,14723843.4,,,,historical_baseline,,fe33df9ae5456d8ee27133c42c244c81d150008ababc19399c7ed428638b57ea
8230,2025-05-11,61.7,62.0,60.0,60.0,152766,9271318.0,,,,historical_baseline,,fe33df9ae5456d8ee27133c42c244c81d150008ababc19399c7ed428638b57ea
8230,2025-05-12,60.5,63.0,60.5,62.0,329714,20499242.4,,,,historical_baseline,,fe33df9ae5456d8ee27133c42c244c81d150008ababc19399c7ed428638b57ea
8230,2025-05-13,62.5,62.5,61.1,62.5,172242,10676478.2,,,,historical_baseline,,fe33df9ae5456d8ee27133c42c244c81d150008ababc19399c7ed428638b57ea
8230,2025-05-14,63.0,63.0,62.0,62.0,97594,6090417.8,,,,historical_baseline,,fe33df9ae5456d8ee27133c42c244c81d150008ababc19399c7ed428638b57ea
8230,2025-05-15,62.0,62.0,61.0,61.9,111874,6871424.2,,,,historical_baseline,,fe33df9ae5456d8ee27133c42c244c81d150008ababc19399c7ed428638b57ea
8230,2025-05-18,62.0,62.3,61.6,61.9,62560,3872731.0,,,,historical_baseline,,fe33df9ae5456d8ee27133c42c244c81d150008ababc19399c7ed428638b57ea
8230,2025-05-19,62.1,62.1,60.5,60.6,89442,5455098.6,,,,historical_baseline,,fe33df9ae5456d8ee27133c42c244c81d150008ababc19399c7ed428638b57ea
8230,2025-05-20,60.6,60.7,59.7,60.0,184352,11067247.2,,,,historical_baseline,,fe33df9ae5456d8ee27133c42c244c81d150008ababc19399c7ed428638b57ea
8230,2025-05-21,59.9,59.9,57.5,57.5,367230,21373176.4,,,,historical_baseline,,fe33df9ae5456d8ee27133c42c244c81d150008ababc19399c7ed428638b57ea
8230,2025-05-22,57.7,60.0,56.6,59.6,334190,19697746.8,,,,historical_baseline,,fe33df9ae5456d8ee27133c42c244c81d150008ababc19399c7ed428638b57ea
8230,2025-05-25,58.5,59.3,58.0,58.3,129946,7603020.8,,,,historical_baseline,,fe33df9ae5456d8ee27133c42c244c81d150008ababc19399c7ed428638b57ea
8230,2025-05-26,58.3,59.2,57.3,57.9,142058,8286975.2,,,,historical_baseline,,fe33df9ae5456d8ee27133c42c244c81d150008ababc19399c7ed428638b57ea
8230,2025-05-27,57.5,57.9,55.8,56.4,166024,9396394.6,,,,historical_baseline,,fe33df9ae5456d8ee27133c42c244c81d150008ababc19399c7ed428638b57ea
8230,2025-05-28,56.4,57.4,56.0,57.4,228358,12984565.2,,,,historical_baseline,,fe33df9ae5456d8ee27133c42c244c81d150008ababc19399c7ed428638b57ea
8230,2025-05-29,57.4,58.4,56.2,56.5,427238,24319913.4,,,,historical_baseline,,fe33df9ae5456d8ee27133c42c244c81d150008ababc19399c7ed428638b57ea
8240,2025-05-01,31.58,31.95,30.83,31.01,149680,4704612.1,,,,historical_baseline,,fe33df9ae5456d8ee27133c42c244c81d150008ababc19399c7ed428638b57ea
8240,2025-05-04,31.05,31.46,30.34,30.34,114520,3520426.35,,,,historical_baseline,,fe33df9ae5456d8ee27133c42c244c81d150008ababc19399c7ed428638b57ea
8240,2025-05-05,30.08,31.42,30.08,31.28,195187,6030390.9,,,,historical_baseline,,fe33df9ae5456d8ee27133c42c244c81d150008ababc19399c7ed428638b57ea
8240,2025-05-06,31.28,31.61,30.34,30.34,204819,6315941.4,,,,historical_baseline,,fe33df9ae5456d8ee27133c42c244c81d150008ababc19399c7ed428638b57ea
8240,2025-05-07,30.04,30.34,29.7,29.7,172992,5175630.45,,,,historical_baseline,,fe33df9ae5456d8ee27133c42c244c81d150008ababc19399c7ed428638b57ea
8240,2025-05-08,29.74,30.08,29.44,29.92,96787,2880763.25,,,,historical_baseline,,fe33df9ae5456d8ee27133c42c244c81d150008ababc19399c7ed428638b57ea
8240,2025-05-11,30.6,30.67,28.5,28.84,133060,3910810.4,,,,historical_baseline,,fe33df9ae5456d8ee27133c42c244c81d150008ababc19399c7ed428638b57ea
8240,2025-05-12,28.65,29.66,28.65,29.59,109028,3199385.75,,,,historical_baseline,,fe33df9ae5456d8ee27133c42c244c81d150008ababc19399c7ed428638b57ea
8240,2025-05-13,29.78,29.85,28.88,29.06,218048,6354818.65,,,,historical_baseline,,fe33df9ae5456d8ee27133c42c244c81d150008ababc19399c7ed428638b57ea
8240,2025-05-14,29.25,29.36,28.35,28.61,314009,9026924.15,,,,historical_baseline,,fe33df9ae5456d8ee27133c42c244c81d150008ababc19399c7ed428638b57ea
8240,2025-05-15,28.65,28.84,28.28,28.5,108351,3088486.7,,,,historical_baseline,,fe33df9ae5456d8ee27133c42c244c81d150008ababc19399c7ed428638b57ea
8240,2025-05-18,28.99,28.99,28.28,28.39,103133,2934306.05,,,,historical_baseline,,fe33df9ae5456d8ee27133c42c244c81d150008ababc19399c7ed428638b57ea
8240,2025-05-19,28.5,28.5,27.83,28.16,79024,2218925.65,,,,historical_baseline,,fe33df9ae5456d8ee27133c42c244c81d150008ababc19399c7ed428638b57ea
8240,2025-05-20,28.28,28.28,27.22,27.45,279128,7706222.9,,,,historical_baseline,,fe33df9ae5456d8ee27133c42c244c81d150008ababc19399c7ed428638b57ea
8240,2025-05-21,27.41,27.41,26.55,26.7,223848,6010972.8,,,,historical_baseline,,fe33df9ae5456d8ee27133c42c244c81d150008ababc19399c7ed428638b57ea
8240,2025-05-22,27.45,28.5,26.92,26.92,862133,24030411.75,,,,historical_baseline,,fe33df9ae5456d8ee27133c42c244c81d150008ababc19399c7ed428638b57ea
8240,2025-05-25,27.56,28.09,26.92,27.22,449853,12390037.1,,,,historical_baseline,,fe33df9ae5456d8ee27133c42c244c81d150008ababc19399c7ed428638b57ea
8240,2025-05-26,27.53,27.97,26.36,27.0,180309,4922510.95,,,,historical_baseline,,fe33df9ae5456d8ee27133c42c244c81d150008ababc19399c7ed428638b57ea
8240,2025-05-27,27.11,27.15,25.95,26.03,135147,3554160.65,,,,historical_baseline,,fe33df9ae5456d8ee27133c42c244c81d150008ababc19399c7ed428638b57ea
8240,2025-05-28,26.25,26.96,26.21,26.59,106835,2837978.45,,,,historical_baseline,,fe33df9ae5456d8ee27133c42c244c81d150008ababc19399c7ed428638b57ea
8240,2025-05-29,26.55,27.45,26.47,26.62,138529,3742226.1,,,,historical_baseline,,fe33df9ae5456d8ee27133c42c244c81d150008ababc19399c7ed428638b57ea
8250,2025-05-01,26.05,26.1,25.5,25.65,107070,2760506.85,,,,historical_baseline,,fe33df9ae5456d8ee27133c42c244c81d150008ababc19399c7ed428638b57ea
8250,2025-05-04,25.95,25.95,25.0,25.25,77356,1965982.25,,,,historical_baseline,,fe33df9ae5456d8ee27133c42c244c81d150008ababc19399c7ed428638b57ea
8250,2025-05-05,25.35,25.55,25.2,25.5,42921,1091245.65,,,,historical_baseline,,fe33df9ae5456d8ee27133c42c244c81d150008ababc19399c7ed428638b57ea
8250,2025-05-06,25.6,25.7,25.2,25.25,108529,2763244.15,,,,historical_baseline,,fe33df9ae5456d8ee27133c42c244c81d150008ababc19399c7ed428638b57ea
8250,2025-05-07,25.6,26.5,25.35,25.85,379203,9850244.85,,,,historical_baseline,,fe33df9ae5456d8ee27133c42c244c81d150008ababc19399c7ed428638b57ea
8250,2025-05-08,26.1,26.1,25.65,25.75,94989,2449218.2,,,,historical_baseline,,fe33df9ae5456d8ee27133c42c244c81d150008ababc19399c7ed428638b57ea
8250,2025-05-11,25.75,26.05,25.75,25.95,81007,2096151.55,,,,historical_baseline,,fe33df9ae5456d8ee27133c42c244c81d150008ababc19399c7ed428638b57ea
8250,2025-05-12,26.0,26.3,26.0,26.15,113675,2974483.4,,,,historical_baseline,,fe33df9ae5456d8ee27133c42c244c81d150008ababc19399c7ed428638b57ea
8250,2025-05-13,26.25,26.3,25.95,26.2,71080,1858162.3,,,,historical_baseline,,fe33df9ae5456d8ee27133c42c244c81d150008ababc19399c7ed428638b57ea
8250,2025-05-14,26.2,26.35,25.95,26.1,91527,2389760.1,,,,historical_baseline,,fe33df9ae5456d8ee27133c42c244c81d150008ababc19399c7ed428638b57ea
8250,2025-05-15,26.35,26.35,25.55,25.75,203703,5263598.25,,,,historical_baseline,,fe33df9ae5456d8ee27133c42c244c81d150008ababc19399c7ed428638b57ea
8250,2025-05-18,25.7,26.1,25.7,26.0,49890,1292098.55,,,,historical_baseline,,fe33df9ae5456d8ee27133c42c244c81d150008ababc19399c7ed428638b57ea
8250,2025-05-19,26.0,26.1,25.6,25.75,156302,4028728.2,,,,historical_baseline,,fe33df9ae5456d8ee27133c42c244c81d150008ababc19399c7ed428638b57ea
8250,2025-05-20,25.65,25.9,25.55,25.9,72135,1855703.55,,,,historical_baseline,,fe33df9ae5456d8ee27133c42c244c81d150008ababc19399c7ed428638b57ea
8250,2025-05-21,25.7,25.85,25.35,25.4,160946,4097318.45,,,,historical_baseline,,fe33df9ae5456d8ee27133c42c244c81d150008ababc19399c7ed428638b57ea
8250,2025-05-22,25.35,25.8,25.2,25.5,142836,3658005.7,,,,historical_baseline,,fe33df9ae5456d8ee27133c42c244c81d150008ababc19399c7ed428638b57ea
8250,2025-05-25,25.45,25.8,25.4,25.6,115580,2955055.05,,,,historical_baseline,,fe33df9ae5456d8ee27133c42c244c81d150008ababc19399c7ed428638b57ea
8250,2025-05-26,25.6,25.7,25.1,25.45,92671,2350653.55,,,,historical_baseline,,fe33df9ae5456d8ee27133c42c244c81d150008ababc19399c7ed428638b57ea
8250,2025-05-27,25.35,25.4,24.9,24.98,155404,3901391.99,,,,historical_baseline,,fe33df9ae5456d8ee27133c42c244c81d150008ababc19399c7ed428638b57ea
8250,2025-05-28,24.98,25.75,24.92,25.7,159168,4055858.5,,,,historical_baseline,,fe33df9ae5456d8ee27133c42c244c81d150008ababc19399c7ed428638b57ea
8250,2025-05-29,25.8,26.1,25.5,25.7,192849,4978048.05,,,,historical_baseline,,fe33df9ae5456d8ee27133c42c244c81d150008ababc19399c7ed428638b57ea
8260,2025-05-01,8.74,8.75,8.56,8.7,144602,1252791.83,,,,historical_baseline,,fe33df9ae5456d8ee27133c42c244c81d150008ababc19399c7ed428638b57ea
8260,2025-05-04,8.7,8.73,8.5,8.51,61168,522394.82,,,,historical_baseline,,fe33df9ae5456d8ee27133c42c244c81d150008ababc19399c7ed428638b57ea
8260,2025-05-05,8.59,8.83,8.5,8.75,110170,955732.72,,,,historical_baseline,,fe33df9ae5456d8ee27133c42c244c81d150008ababc19399c7ed428638b57ea
8260,2025-05-06,8.8,8.8,8.65,8.71,103270,899888.65,,,,historical_baseline,,fe33df9ae5456d8ee27133c42c244c81d150008ababc19399c7ed428638b57ea
8260,2025-05-07,8.71,8.74,8.59,8.62,119622,1039571.99,,,,historical_baseline,,fe33df9ae5456d8ee27133c42c244c81d150008ababc19399c7ed428638b57ea
8260,2025-05-08,8.5,8.61,7.76,7.76,1039355,8181607.26,,,,historical_baseline,,fe33df9ae5456d8ee27133c42c244c81d150008ababc19399c7ed428638b57ea
8260,2025-05-11,7.81,7.85,7.5,7.6,270156,2048312.19,,,,historical_baseline,,fe33df9ae5456d8ee27133c42c244c81d150008ababc19399c7ed428638b57ea
8260,2025-05-12,7.42,7.73,7.42,7.6,385662,2932332.23,,,,historical_baseline,,fe33df9ae5456d8ee27133c42c244c81d150008ababc19399c7ed428638b57ea
8260,2025-05-13,7.61,7.65,7.07,7.11,962077,6980723.09,,,,historical_baseline,,fe33df9ae5456d8ee27133c42c244c81d150008ababc19399c7ed428638b57ea
8260,2025-05-14,7.14,7.25,7.08,7.23,521743,3730879.77,,,,historical_baseline,,fe33df9ae5456d8ee27133c42c244c81d150008ababc19399c7ed428638b57ea
8260,2025-05-15,7.22,7.25,7.13,7.25,330275,2377809.26,,,,historical_baseline,,fe33df9ae5456d8ee27133c42c244c81d150008ababc19399c7ed428638b57ea
8260,2025-05-18,7.25,7.3,7.16,7.18,154488,1115997.2,,,,historical_baseline,,fe33df9ae5456d8ee27133c42c244c81d150008ababc19399c7ed428638b57ea
8260,2025-05-19,7.22,7.24,7.0,7.08,403073,2857723.1,,,,historical_baseline,,fe33df9ae5456d8ee27133c42c244c81d150008ababc19399c7ed428638b57ea
8260,2025-05-20,7.09,7.16,6.88,7.0,724162,5075697.06,,,,historical_baseline,,fe33df9ae5456d8ee27133c42c244c81d150008ababc19399c7ed428638b57ea
8260,2025-05-21,7.0,7.0,6.8,6.83,364628,2504500.08,,,,historical_baseline,,fe33df9ae5456d8ee27133c42c244c81d150008ababc19399c7ed428638b57ea
8260,2025-05-22,6.86,6.92,6.75,6.75,295264,2016796.24,,,,historical_baseline,,fe33df9ae5456d8ee27133c42c244c81d150008ababc19399c7ed428638b57ea
8260,2025-05-25,6.75,6.79,6.66,6.74,151149,1013941.4,,,,historical_baseline,,fe33df9ae5456d8ee27133c42c244c81d150008ababc19399c7ed428638b57ea
8260,2025-05-26,6.81,6.81,6.5,6.58,162747,1074926.81,,,,historical_baseline,,fe33df9ae5456d8ee27133c42c244c81d150008ababc19399c7ed428638b57ea
8260,2025-05-27,6.6,6.64,6.3,6.37,161008,1042035.83,,,,historical_baseline,,fe33df9ae5456d8ee27133c42c244c81d150008ababc19399c7ed428638b57ea
8260,2025-05-28,6.42,6.52,6.41,6.46,141310,913194.41,,,,historical_baseline,,fe33df9ae5456d8ee27133c42c244c81d150008ababc19399c7ed428638b57ea
8260,2025-05-29,6.5,6.56,6.43,6.45,181407,1178525.43,,,,historical_baseline,,fe33df9ae5456d8ee27133c42c244c81d150008ababc19399c7ed428638b57ea
8280,2025-05-01,15.06,15.18,14.78,14.9,78859,1179733.9,,,,historical_baseline,,fe33df9ae5456d8ee27133c42c244c81d150008ababc19399c7ed428638b57ea
8280,2025-05-04,14.72,14.88,14.7,14.8,19923,294285.78,,,,historical_baseline,,fe33df9ae5456d8ee27133c42c244c81d150008ababc19399c7ed428638b57ea
8280,2025-05-05,14.72,14.96,14.7,14.8,93112,1380129.1,,,,historical_baseline,,fe33df9ae5456d8ee27133c42c244c81d150008ababc19399c7ed428638b57ea
8280,2025-05-06,14.92,14.92,14.42,14.44,138360,2025299.22,,,,historical_baseline,,fe33df9ae5456d8ee27133c42c244c81d150008ababc19399c7ed428638b57ea
8280,2025-05-07,14.48,14.48,13.68,13.68,140600,1964873.4,,,,historical_baseline,,fe33df9ae5456d8ee27133c42c244c81d150008ababc19399c7ed428638b57ea
8280,2025-05-08,13.54,14.0,13.4,13.52,107594,1463778.9,,,,historical_baseline,,fe33df9ae5456d8ee27133c42c244c81d150008ababc19399c7ed428638b57ea
8280,2025-05-11,13.64,13.74,13.3,13.48,48994,659929.8,,,,historical_baseline,,fe33df9ae5456d8ee27133c42c244c81d150008ababc19399c7ed428638b57ea
8280,2025-05-12,13.7,13.74,13.54,13.74,98517,1344630.12,,,,historical_baseline,,fe33df9ae5456d8ee27133c42c244c81d150008ababc19399c7ed428638b57ea
8280,2025-05-13,13.84,13.84,13.58,13.64,111209,1520254.78,,,,historical_baseline,,fe33df9ae5456d8ee27133c42c244c81d150008ababc19399c7ed428638b57ea
8280,2025-05-14,13.62,13.74,13.62,13.64,31458,429976.54,,,,historical_baseline,,fe33df9ae5456d8ee27133c42c244c81d150008ababc19399c7ed428638b57ea
8280,2025-05-15,13.78,13.78,13.32,13.48,110952,1493348.6,,,,historical_baseline,,fe33df9ae5456d8ee27133c42c244c81d150008ababc19399c7ed428638b57ea
8280,2025-05-18,13.4,13.5,13.36,13.46,40540,543988.08,,,,historical_baseline,,fe33df9ae5456d8ee27133c42c244c81d150008ababc19399c7ed428638b57ea
8280,2025-05-19,13.46,13.46,13.12,13.2,87893,1164620.0,,,,historical_baseline,,fe33df9ae5456d8ee27133c42c244c81d150008ababc19399c7ed428638b57ea
8280,2025-05-20,13.32,13.38,13.14,13.3,60894,806621.24,,,,historical_baseline,,fe33df9ae5456d8ee27133c42c244c81d150008ababc19399c7ed428638b57ea
8280,2025-05-21,13.3,13.3,12.96,12.96,78475,1026571.1,,,,historical_baseline,,fe33df9ae5456d8ee27133c42c244c81d150008ababc19399c7ed428638b57ea
8280,2025-05-22,12.94,13.34,12.84,13.12,124056,1627467.92,,,,historical_baseline,,fe33df9ae5456d8ee27133c42c244c81d150008ababc19399c7ed428638b57ea
8280,2025-05-25,13.12,13.14,12.9,12.9,55154,716257.84,,,,historical_baseline,,fe33df9ae5456d8ee27133c42c244c81d150008ababc19399c7ed428638b57ea
8280,2025-05-26,12.94,13.16,12.6,13.0,124562,1609098.96,,,,historical_baseline,,fe33df9ae5456d8ee27133c42c244c81d150008ababc19399c7ed428638b57ea
8280,2025-05-27,13.1,13.1,12.66,12.66,83050,1059950.12,,,,historical_baseline,,fe33df9ae5456d8ee27133c42c244c81d150008ababc19399c7ed428638b57ea
8280,2025-05-28,12.94,12.94,12.7,12.82,41316,531100.62,,,,historical_baseline,,fe33df9ae5456d8ee27133c42c244c81d150008ababc19399c7ed428638b57ea
8280,2025-05-29,12.84,13.1,12.8,12.84,57124,736119.52,,,,historical_baseline,,fe33df9ae5456d8ee27133c42c244c81d150008ababc19399c7ed428638b57ea
8300,2025-05-01,21.24,21.6,20.92,21.08,300979,6407151.9,,,,historical_baseline,,fe33df9ae5456d8ee27133c42c244c81d150008ababc19399c7ed428638b57ea
8300,2025-05-04,21.52,21.52,20.6,20.8,144301,3017242.22,,,,historical_baseline,,fe33df9ae5456d8ee27133c42c244c81d150008ababc19399c7ed428638b57ea
8300,2025-05-05,20.8,21.1,20.5,20.98,137830,2868903.44,,,,historical_baseline,,fe33df9ae5456d8ee27133c42c244c81d150008ababc19399c7ed428638b57ea
8300,2025-05-06,21.1,21.12,20.28,20.3,190658,3936447.4,,,,historical_baseline,,fe33df9ae5456d8ee27133c42c244c81d150008ababc19399c7ed428638b57ea
8300,2025-05-07,19.0,19.2,18.3,18.72,1250930,23282146.62,,,,historical_baseline,,fe33df9ae5456d8ee27133c42c244c81d150008ababc19399c7ed428638b57ea
8300,2025-05-08,18.68,18.68,18.32,18.46,321553,5941108.0,,,,historical_baseline,,fe33df9ae5456d8ee27133c42c244c81d150008ababc19399c7ed428638b57ea
8300,2025-05-11,18.48,18.7,18.14,18.28,218680,4011955.64,,,,historical_baseline,,fe33df9ae5456d8ee27133c42c244c81d150008ababc19399c7ed428638b57ea
8300,2025-05-12,18.22,18.5,18.2,18.48,699637,12843303.68,,,,historical_baseline,,fe33df9ae5456d8ee27133c42c244c81d150008ababc19399c7ed428638b57ea
8300,2025-05-13,18.54,18.54,18.28,18.3,288612,5299538.88,,,,historical_baseline,,fe33df9ae5456d8ee27133c42c244c81d150008ababc19399c7ed428638b57ea
8300,2025-05-14,18.34,18.46,18.26,18.34,284013,5208589.58,,,,historical_baseline,,fe33df9ae5456d8ee27133c42c244c81d150008ababc19399c7ed428638b57ea
8300,2025-05-15,18.38,18.38,17.82,18.0,388980,7018973.26,,,,historical_baseline,,fe33df9ae5456d8ee27133c42c244c81d150008ababc19399c7ed428638b57ea
8300,2025-05-18,18.0,18.04,17.9,17.98,152769,2744776.14,,,,historical_baseline,,fe33df9ae5456d8ee27133c42c244c81d150008ababc19399c7ed428638b57ea
8300,2025-05-19,17.98,18.04,17.42,17.68,255661,4557959.42,,,,historical_baseline,,fe33df9ae5456d8ee27133c42c244c81d150008ababc19399c7ed428638b57ea
8300,2025-05-20,17.88,17.88,17.6,17.7,194586,3445708.86,,,,historical_baseline,,fe33df9ae5456d8ee27133c42c244c81d150008ababc19399c7ed428638b57ea
8300,2025-05-21,17.74,17.78,17.26,17.34,405138,7067944.94,,,,historical_baseline,,fe33df9ae5456d8ee27133c42c244c81d150008ababc19399c7ed428638b57ea
8300,2025-05-22,17.26,17.84,17.24,17.64,266422,4684577.78,,,,historical_baseline,,fe33df9ae5456d8ee27133c42c244c81d150008ababc19399c7ed428638b57ea
8300,2025-05-25,17.64,17.64,17.38,17.48,124478,2176336.14,,,,historical_baseline,,fe33df9ae5456d8ee27133c42c244c81d150008ababc19399c7ed428638b57ea
8300,2025-05-26,17.5,17.54,17.04,17.4,167354,2886853.3,,,,historical_baseline,,fe33df9ae5456d8ee27133c42c244c81d150008ababc19399c7ed428638b57ea
8300,2025-05-27,17.36,17.42,16.88,16.88,142084,2422498.9,,,,historical_baseline,,fe33df9ae5456d8ee27133c42c244c81d150008ababc19399c7ed428638b57ea
8300,2025-05-28,17.18,17.24,17.0,17.18,134597,2304575.36,,,,historical_baseline,,fe33df9ae5456d8ee27133c42c244c81d150008ababc19399c7ed428638b57ea
8300,2025-05-29,17.2,17.58,17.2,17.34,96798,1686659.54,,,,historical_baseline,,fe33df9ae5456d8ee27133c42c244c81d150008ababc19399c7ed428638b57ea
8310,2025-05-01,9.3,9.37,9.12,9.23,254379,2355371.94,,,,historical_baseline,,fe33df9ae5456d8ee27133c42c244c81d150008ababc19399c7ed428638b57ea
8310,2025-05-04,9.23,9.32,9.1,9.2,120054,1102656.47,,,,historical_baseline,,fe33df9ae5456d8ee27133c42c244c81d150008ababc19399c7ed428638b57ea
8310,2025-05-05,9.19,9.35,9.15,9.28,172448,1601106.63,,,,historical_baseline,,fe33df9ae5456d8ee27133c42c244c81d150008ababc19399c7ed428638b57ea
8310,2025-05-06,9.24,9.36,9.1,9.12,107386,989136.25,,,,historical_baseline,,fe33df9ae5456d8ee27133c42c244c81d150008ababc19399c7ed428638b57ea
8310,2025-05-07,9.2,9.2,8.91,8.91,257760,2323033.04,,,,historical_baseline,,fe33df9ae5456d8ee27133c42c244c81d150008ababc19399c7ed428638b57ea
8310,2025-05-08,8.92,9.04,8.6,8.92,226812,1996043.03,,,,historical_baseline,,fe33df9ae5456d8ee27133c42c244c81d150008ababc19399c7ed428638b57ea
8310,2025-05-11,8.98,9.04,8.75,8.8,98003,869461.89,,,,historical_baseline,,fe33df9ae5456d8ee27133c42c244c81d150008ababc19399c7ed428638b57ea
8310,2025-05-12,8.5,8.94,8.5,8.92,254152,2248818.35,,,,historical_baseline,,fe33df9ae5456d8ee27133c42c244c81d150008ababc19399c7ed428638b57ea
8310,2025-05-13,8.98,8.98,8.78,8.82,244909,2164371.31,,,,historical_baseline,,fe33df9ae5456d8ee27133c42c244c81d150008ababc19399c7ed428638b57ea
8310,2025-05-14,8.88,8.96,8.83,8.92,106463,948036.44,,,,historical_baseline,,fe33df9ae5456d8ee27133c42c244c81d150008ababc19399c7ed428638b57ea
8310,2025-05-15,8.93,8.93,8.81,8.87,140718,1245708.93,,,,historical_baseline,,fe33df9ae5456d8ee27133c42c244c81d150008ababc19399c7ed428638b57ea
8310,2025-05-18,8.8,8.87,8.76,8.77,134419,1182690.96,,,,historical_baseline,,fe33df9ae5456d8ee27133c42c244c81d150008ababc19399c7ed428638b57ea
8310,2025-05-19,8.71,8.82,8.58,8.61,152501,1326610.5,,,,historical_baseline,,fe33df9ae5456d8ee27133c42c244c81d150008ababc19399c7ed428638b57ea
8310,2025-05-20,8.77,8.83,8.64,8.74,213207,1862724.6,,,,historical_baseline,,fe33df9ae5456d8ee27133c42c244c81d150008ababc19399c7ed428638b57ea
8310,2025-05-21,8.74,8.77,8.56,8.63,81032,701321.7,,,,historical_baseline,,fe33df9ae5456d8ee27133c42c244c81d150008ababc19399c7ed428638b57ea
8310,2025-05-22,8.64,8.98,8.58,8.71,358996,3154520.7,,,,historical_baseline,,fe33df9ae5456d8ee27133c42c244c81d150008ababc19399c7ed428638b57ea
8310,2025-05-25,8.79,8.79,8.57,8.65,97547,841619.43,,,,historical_baseline,,fe33df9ae5456d8ee27133c42c244c81d150008ababc19399c7ed428638b57ea
8310,2025-05-26,8.63,8.69,8.31,8.4,215320,1820345.76,,,,historical_baseline,,fe33df9ae5456d8ee27133c42c244c81d150008ababc19399c7ed428638b57ea
8310,2025-05-27,8.43,8.48,8.21,8.3,95701,795114.44,,,,historical_baseline,,fe33df9ae5456d8ee27133c42c244c81d150008ababc19399c7ed428638b57ea
8310,2025-05-28,8.43,8.55,8.39,8.42,45875,387902.77,,,,historical_baseline,,fe33df9ae5456d8ee27133c42c244c81d150008ababc19399c7ed428638b57ea
8310,2025-05-29,8.42,8.6,8.42,8.51,187884,1602355.06,,,,historical_baseline,,fe33df9ae5456d8ee27133c42c244c81d150008ababc19399c7ed428638b57ea
8311,2025-05-01,10.6,10.76,10.46,10.58,214549,2271686.62,,,,historical_baseline,,fe33df9ae5456d8ee27133c42c244c81d150008ababc19399c7ed428638b57ea
8311,2025-05-04,10.56,10.68,10.26,10.32,94835,988514.34,,,,historical_baseline,,fe33df9ae5456d8ee27133c42c244c81d150008ababc19399c7ed428638b57ea
8311,2025-05-05,10.5,10.5,10.12,10.44,243616,2518541.94,,,,historical_baseline,,fe33df9ae5456d8ee27133c42c244c81d150008ababc19399c7ed428638b57ea
8311,2025-05-06,10.42,10.48,10.22,10.28,155303,1610083.38,,,,historical_baseline,,fe33df9ae5456d8ee27133c42c244c81d150008ababc19399c7ed428638b57ea
8311,2025-05-07,10.28,10.32,10.06,10.1,137709,1400771.02,,,,historical_baseline,,fe33df9ae5456d8ee27133c42c244c81d150008ababc19399c7ed428638b57ea
8311,2025-05-08,10.1,10.18,9.96,9.97,226900,2272423.88,,,,historical_baseline,,fe33df9ae5456d8ee27133c42c244c81d150008ababc19399c7ed428638b57ea
8311,2025-05-11,10.16,10.16,9.99,10.02,91439,919285.45,,,,historical_baseline,,fe33df9ae5456d8ee27133c42c244c81d150008ababc19399c7ed428638b57ea
8311,2025-05-12,10.04,10.32,10.04,10.24,253168,2592983.14,,,,historical_baseline,,fe33df9ae5456d8ee27133c42c244c81d150008ababc19399c7ed428638b57ea
8311,2025-05-13,10.26,10.34,10.06,10.1,111771,1134306.86,,,,historical_baseline,,fe33df9ae5456d8ee27133c42c244c81d150008ababc19399c7ed428638b57ea
8311,2025-05-14,10.48,10.48,10.18,10.24,418143,4310853.24,,,,historical_baseline,,fe33df9ae5456d8ee27133c42c244c81d150008ababc19399c7ed428638b57ea
8311,2025-05-15,10.24,10.24,10.1,10.18,122055,1238679.94,,,,historical_baseline,,fe33df9ae5456d8ee27133c42c244c81d150008ababc19399c7ed428638b57ea
8311,2025-05-18,9.91,10.22,9.91,10.16,368917,3692100.32,,,,historical_baseline,,fe33df9ae5456d8ee27133c42c244c81d150008ababc19399c7ed428638b57ea
8311,2025-05-19,10.1,10.18,9.87,9.9,197383,1972478.46,,,,historical_baseline,,fe33df9ae5456d8ee27133c42c244c81d150008ababc19399c7ed428638b57ea
8311,2025-05-20,9.91,10.0,9.7,9.91,273412,2689753.03,,,,historical_baseline,,fe33df9ae5456d8ee27133c42c244c81d150008ababc19399c7ed428638b57ea
8311,2025-05-21,9.9,9.98,9.69,9.7,177218,1728372.31,,,,historical_baseline,,fe33df9ae5456d8ee27133c42c244c81d150008ababc19399c7ed428638b57ea
8311,2025-05-22,9.52,9.97,9.52,9.63,427616,4188153.21,,,,historical_baseline,,fe33df9ae5456d8ee27133c42c244c81d150008ababc19399c7ed428638b57ea
8311,2025-05-25,9.7,9.75,9.55,9.58,131254,1263302.38,,,,historical_baseline,,fe33df9ae5456d8ee27133c42c244c81d150008ababc19399c7ed428638b57ea
8311,2025-05-26,9.55,9.62,9.35,9.55,121435,1151993.74,,,,historical_baseline,,fe33df9ae5456d8ee27133c42c244c81d150008ababc19399c7ed428638b57ea
8311,2025-05-27,9.4,9.48,9.28,9.33,147820,1384774.78,,,,historical_baseline,,fe33df9ae5456d8ee27133c42c244c81d150008ababc19399c7ed428638b57ea
8311,2025-05-28,9.34,9.46,9.31,9.31,110987,1039959.56,,,,historical_baseline,,fe33df9ae5456d8ee27133c42c244c81d150008ababc19399c7ed428638b57ea
8311,2025-05-29,9.35,9.47,9.35,9.41,139851,1316842.01,,,,historical_baseline,,fe33df9ae5456d8ee27133c42c244c81d150008ababc19399c7ed428638b57ea
8313,2025-05-01,85.1,85.4,82.7,83.5,538523,45156219.2,,,,historical_baseline,,fe33df9ae5456d8ee27133c42c244c81d150008ababc19399c7ed428638b57ea
8313,2025-05-04,83.5,83.9,82.3,82.3,320934,26642808.4,,,,historical_baseline,,fe33df9ae5456d8ee27133c42c244c81d150008ababc19399c7ed428638b57ea
8313,2025-05-05,82.4,84.6,81.5,84.0,344841,28717894.5,,,,historical_baseline,,fe33df9ae5456d8ee27133c42c244c81d150008ababc19399c7ed428638b57ea
8313,2025-05-06,84.0,85.6,83.5,83.8,341875,28860904.8,,,,historical_baseline,,fe33df9ae5456d8ee27133c42c244c81d150008ababc19399c7ed428638b57ea
8313,2025-05-07,83.8,83.8,82.1,83.5,153593,12706378.1,,,,historical_baseline,,fe33df9ae5456d8ee27133c42c244c81d150008ababc19399c7ed428638b57ea
8313,2025-05-08,83.5,83.5,82.3,82.3,241460,19971775.6,,,,historical_baseline,,fe33df9ae5456d8ee27133c42c244c81d150008ababc19399c7ed428638b57ea
8313,2025-05-11,83.3,83.5,82.4,82.6,125274,10379283.5,,,,historical_baseline,,fe33df9ae5456d8ee27133c42c244c81d150008ababc19399c7ed428638b57ea
8313,2025-05-12,82.6,84.5,82.6,83.0,648981,54229549.8,,,,historical_baseline,,fe33df9ae5456d8ee27133c42c244c81d150008ababc19399c7ed428638b57ea
8313,2025-05-13,83.1,86.0,83.0,85.3,825089,70193758.8,,,,historical_baseline,,fe33df9ae5456d8ee27133c42c244c81d150008ababc19399c7ed428638b57ea
8313,2025-05-14,85.4,88.4,85.4,86.3,1021150,89165603.4,,,,historical_baseline,,fe33df9ae5456d8ee27133c42c244c81d150008ababc19399c7ed428638b57ea
8313,2025-05-15,86.3,87.3,84.9,85.5,3146128,264591703.1,,,,historical_baseline,,fe33df9ae5456d8ee27133c42c244c81d150008ababc19399c7ed428638b57ea
8313,2025-05-18,85.7,86.7,85.1,86.0,393012,33855552.3,,,,historical_baseline,,fe33df9ae5456d8ee27133c42c244c81d150008ababc19399c7ed428638b57ea
8313,2025-05-19,86.0,86.0,83.4,83.8,259933,21891160.4,,,,historical_baseline,,fe33df9ae5456d8ee27133c42c244c81d150008ababc19399c7ed428638b57ea
8313,2025-05-20,83.8,85.6,83.6,85.6,294801,25031583.2,,,,historical_baseline,,fe33df9ae5456d8ee27133c42c244c81d150008ababc19399c7ed428638b57ea
8313,2025-05-21,85.6,86.3,84.8,84.8,634594,54396626.2,,,,historical_baseline,,fe33df9ae5456d8ee27133c42c244c81d150008ababc19399c7ed428638b57ea
8313,2025-05-22,85.0,85.3,83.0,83.6,320170,26929128.7,,,,historical_baseline,,fe33df9ae5456d8ee27133c42c244c81d150008ababc19399c7ed428638b57ea
8313,2025-05-25,83.0,84.3,81.9,82.4,232142,19348102.9,,,,historical_baseline,,fe33df9ae5456d8ee27133c42c244c81d150008ababc19399c7ed428638b57ea
8313,2025-05-26,82.4,83.0,79.3,80.8,427232,34400637.2,,,,historical_baseline,,fe33df9ae5456d8ee27133c42c244c81d150008ababc19399c7ed428638b57ea
8313,2025-05-27,80.8,80.8,76.9,78.1,422004,32980759.7,,,,historical_baseline,,fe33df9ae5456d8ee27133c42c244c81d150008ababc19399c7ed428638b57ea
8313,2025-05-28,78.1,80.7,78.0,79.3,498510,39626042.4,,,,historical_baseline,,fe33df9ae5456d8ee27133c42c244c81d150008ababc19399c7ed428638b57ea
8313,2025-05-29,79.9,82.8,79.1,82.6,395326,32235606.0,,,,historical_baseline,,fe33df9ae5456d8ee27133c42c244c81d150008ababc19399c7ed428638b57ea
