symbol,date,open,high,low,close,volume,value_traded,trades_count,is_final,partial,source_layer,source_run_id,source_file_sha256
1010,2019-09-01,25.6,25.7,24.74,24.86,813120,,,,,historical_baseline,,fe33df9ae5456d8ee27133c42c244c81d150008ababc19399c7ed428638b57ea
1010,2019-09-02,24.3,24.8,23.78,24.8,1936370,,,,,historical_baseline,,fe33df9ae5456d8ee27133c42c244c81d150008ababc19399c7ed428638b57ea
1010,2019-09-03,24.88,24.88,24.2,24.2,1781555,,,,,historical_baseline,,fe33df9ae5456d8ee27133c42c244c81d150008ababc19399c7ed428638b57ea
1010,2019-09-04,24.02,24.5,24.02,24.5,2831990,,,,,historical_baseline,,fe33df9ae5456d8ee27133c42c244c81d150008ababc19399c7ed428638b57ea
1010,2019-09-05,24.74,25.05,24.58,24.78,2438357,,,,,historical_baseline,,fe33df9ae5456d8ee27133c42c244c81d150008ababc19399c7ed428638b57ea
1010,2019-09-08,24.98,24.98,24.6,24.6,625685,,,,,historical_baseline,,fe33df9ae5456d8ee27133c42c244c81d150008ababc19399c7ed428638b57ea
1010,2019-09-09,24.62,24.98,24.4,24.98,1623505,,,,,historical_baseline,,fe33df9ae5456d8ee27133c42c244c81d150008ababc19399c7ed428638b57ea
1010,2019-09-10,24.9,25.1,24.72,25.1,1192122,,,,,historical_baseline,,fe33df9ae5456d8ee27133c42c244c81d150008ababc19399c7ed428638b57ea
1010,2019-09-11,25.0,25.0,24.3,24.7,1906798,,,,,historical_baseline,,fe33df9ae5456d8ee27133c42c244c81d150008ababc19399c7ed428638b57ea
1010,2019-09-12,24.5,24.62,24.26,24.26,1017163,,,,,historical_baseline,,fe33df9ae5456d8ee27133c42c244c81d150008ababc19399c7ed428638b57ea
1010,2019-09-15,23.4,24.28,23.4,24.26,1103670,,,,,historical_baseline,,fe33df9ae5456d8ee27133c42c244c81d150008ababc19399c7ed428638b57ea
1010,2019-09-16,24.28,24.58,23.4,23.94,2828780,,,,,historical_baseline,,fe33df9ae5456d8ee27133c42c244c81d150008ababc19399c7ed428638b57ea
1010,2019-09-17,23.86,23.88,23.06,23.06,3446898,,,,,historical_baseline,,fe33df9ae5456d8ee27133c42c244c81d150008ababc19399c7ed428638b57ea
1010,2019-09-18,23.2,23.48,22.94,23.18,1553341,,,,,historical_baseline,,fe33df9ae5456d8ee27133c42c244c81d150008ababc19399c7ed428638b57ea
1010,2019-09-19,23.2,23.44,22.88,23.4,12545446,,,,,historical_baseline,,fe33df9ae5456d8ee27133c42c244c81d150008ababc19399c7ed428638b57ea
1010,2019-09-22,23.26,23.58,23.2,23.46,442009,,,,,historical_baseline,,fe33df9ae5456d8ee27133c42c244c81d150008ababc19399c7ed428638b57ea
1010,2019-09-24,23.46,24.12,23.46,24.12,1280121,,,,,historical_baseline,,fe33df9ae5456d8ee27133c42c244c81d150008ababc19399c7ed428638b57ea
1010,2019-09-25,24.0,24.5,23.76,24.44,1097047,,,,,historical_baseline,,fe33df9ae5456d8ee27133c42c244c81d150008ababc19399c7ed428638b57ea
1010,2019-09-26,24.46,24.54,24.28,24.34,974601,,,,,historical_baseline,,fe33df9ae5456d8ee27133c42c244c81d150008ababc19399c7ed428638b57ea
1010,2019-09-29,24.3,24.54,24.3,24.52,349517,,,,,historical_baseline,,fe33df9ae5456d8ee27133c42c244c81d150008ababc19399c7ed428638b57ea
1010,2019-09-30,24.56,24.62,24.4,24.4,2359335,,,,,historical_baseline,,fe33df9ae5456d8ee27133c42c244c81d150008ababc19399c7ed428638b57ea
1020,2019-09-01,13.5,13.64,13.36,13.6,2071554,,,,,historical_baseline,,fe33df9ae5456d8ee27133c42c244c81d150008ababc19399c7ed428638b57ea
1020,2019-09-02,13.66,13.78,13.46,13.7,5942446,,,,,historical_baseline,,fe33df9ae5456d8ee27133c42c244c81d150008ababc19399c7ed428638b57ea
1020,2019-09-03,13.72,13.74,13.56,13.56,3629829,,,,,historical_baseline,,fe33df9ae5456d8ee27133c42c244c81d150008ababc19399c7ed428638b57ea
1020,2019-09-04,13.6,13.78,13.58,13.78,4424318,,,,,historical_baseline,,fe33df9ae5456d8ee27133c42c244c81d150008ababc19399c7ed428638b57ea
1020,2019-09-05,13.8,13.88,13.64,13.86,5188097,,,,,historical_baseline,,fe33df9ae5456d8ee27133c42c244c81d150008ababc19399c7ed428638b57ea
1020,2019-09-08,13.88,13.96,13.78,13.94,1528563,,,,,historical_baseline,,fe33df9ae5456d8ee27133c42c244c81d150008ababc19399c7ed428638b57ea
1020,2019-09-09,13.84,13.86,13.72,13.8,1816436,,,,,historical_baseline,,fe33df9ae5456d8ee27133c42c244c81d150008ababc19399c7ed428638b57ea
1020,2019-09-10,13.8,13.82,13.56,13.66,3199300,,,,,historical_baseline,,fe33df9ae5456d8ee27133c42c244c81d150008ababc19399c7ed428638b57ea
1020,2019-09-11,13.56,13.6,13.4,13.52,3335934,,,,,historical_baseline,,fe33df9ae5456d8ee27133c42c244c81d150008ababc19399c7ed428638b57ea
1020,2019-09-12,13.54,13.6,13.42,13.46,5128677,,,,,historical_baseline,,fe33df9ae5456d8ee27133c42c244c81d150008ababc19399c7ed428638b57ea
1020,2019-09-15,13.3,13.48,13.12,13.4,1898853,,,,,historical_baseline,,fe33df9ae5456d8ee27133c42c244c81d150008ababc19399c7ed428638b57ea
1020,2019-09-16,13.48,13.54,13.16,13.5,3478422,,,,,historical_baseline,,fe33df9ae5456d8ee27133c42c244c81d150008ababc19399c7ed428638b57ea
1020,2019-09-17,13.5,13.68,13.42,13.6,3359645,,,,,historical_baseline,,fe33df9ae5456d8ee27133c42c244c81d150008ababc19399c7ed428638b57ea
1020,2019-09-18,13.62,13.68,13.52,13.6,1647013,,,,,historical_baseline,,fe33df9ae5456d8ee27133c42c244c81d150008ababc19399c7ed428638b57ea
1020,2019-09-19,13.58,13.76,13.38,13.76,9422492,,,,,historical_baseline,,fe33df9ae5456d8ee27133c42c244c81d150008ababc19399c7ed428638b57ea
1020,2019-09-22,13.68,13.82,13.62,13.66,3982761,,,,,historical_baseline,,fe33df9ae5456d8ee27133c42c244c81d150008ababc19399c7ed428638b57ea
1020,2019-09-24,13.66,13.76,13.66,13.7,3324889,,,,,historical_baseline,,fe33df9ae5456d8ee27133c42c244c81d150008ababc19399c7ed428638b57ea
1020,2019-09-25,13.66,13.74,13.52,13.58,4707293,,,,,historical_baseline,,fe33df9ae5456d8ee27133c42c244c81d150008ababc19399c7ed428638b57ea
1020,2019-09-26,13.58,13.68,13.46,13.48,3411050,,,,,historical_baseline,,fe33df9ae5456d8ee27133c42c244c81d150008ababc19399c7ed428638b57ea
1020,2019-09-29,13.48,13.52,13.44,13.5,2342792,,,,,historical_baseline,,fe33df9ae5456d8ee27133c42c244c81d150008ababc19399c7ed428638b57ea
1020,2019-09-30,13.56,13.72,13.52,13.52,4324664,,,,,historical_baseline,,fe33df9ae5456d8ee27133c42c244c81d150008ababc19399c7ed428638b57ea
1030,2019-09-01,12.08,12.14,11.85,11.85,428182,,,,,historical_baseline,,fe33df9ae5456d8ee27133c42c244c81d150008ababc19399c7ed428638b57ea
1030,2019-09-02,11.85,11.88,11.79,11.88,143509,,,,,historical_baseline,,fe33df9ae5456d8ee27133c42c244c81d150008ababc19399c7ed428638b57ea
1030,2019-09-03,12.0,12.0,11.93,11.93,91501,,,,,historical_baseline,,fe33df9ae5456d8ee27133c42c244c81d150008ababc19399c7ed428638b57ea
1030,2019-09-04,11.94,12.0,11.94,12.0,51833,,,,,historical_baseline,,fe33df9ae5456d8ee27133c42c244c81d150008ababc19399c7ed428638b57ea
1030,2019-09-05,12.03,12.08,11.9,11.93,49855,,,,,historical_baseline,,fe33df9ae5456d8ee27133c42c244c81d150008ababc19399c7ed428638b57ea
1030,2019-09-08,12.03,12.03,11.94,11.94,22090,,,,,historical_baseline,,fe33df9ae5456d8ee27133c42c244c81d150008ababc19399c7ed428638b57ea
1030,2019-09-09,11.93,11.94,11.85,11.87,77856,,,,,historical_baseline,,fe33df9ae5456d8ee27133c42c244c81d150008ababc19399c7ed428638b57ea
1030,2019-09-10,11.78,11.85,11.75,11.84,69353,,,,,historical_baseline,,fe33df9ae5456d8ee27133c42c244c81d150008ababc19399c7ed428638b57ea
1030,2019-09-11,11.7,11.78,11.64,11.64,101717,,,,,historical_baseline,,fe33df9ae5456d8ee27133c42c244c81d150008ababc19399c7ed428638b57ea
1030,2019-09-12,11.7,11.78,11.61,11.61,66699,,,,,historical_baseline,,fe33df9ae5456d8ee27133c42c244c81d150008ababc19399c7ed428638b57ea
1030,2019-09-15,11.4,11.78,11.34,11.63,365528,,,,,historical_baseline,,fe33df9ae5456d8ee27133c42c244c81d150008ababc19399c7ed428638b57ea
1030,2019-09-16,11.55,11.7,11.55,11.63,39931,,,,,historical_baseline,,fe33df9ae5456d8ee27133c42c244c81d150008ababc19399c7ed428638b57ea
1030,2019-09-17,11.93,11.93,11.6,11.7,35048,,,,,historical_baseline,,fe33df9ae5456d8ee27133c42c244c81d150008ababc19399c7ed428638b57ea
1030,2019-09-18,11.63,11.63,11.55,11.63,53721,,,,,historical_baseline,,fe33df9ae5456d8ee27133c42c244c81d150008ababc19399c7ed428638b57ea
1030,2019-09-19,11.55,11.63,11.54,11.61,429496,,,,,historical_baseline,,fe33df9ae5456d8ee27133c42c244c81d150008ababc19399c7ed428638b57ea
1030,2019-09-22,11.61,11.69,11.61,11.63,14992,,,,,historical_baseline,,fe33df9ae5456d8ee27133c42c244c81d150008ababc19399c7ed428638b57ea
1030,2019-09-24,11.67,11.7,11.64,11.7,58542,,,,,historical_baseline,,fe33df9ae5456d8ee27133c42c244c81d150008ababc19399c7ed428638b57ea
1030,2019-09-25,11.7,11.73,11.61,11.63,74229,,,,,historical_baseline,,fe33df9ae5456d8ee27133c42c244c81d150008ababc19399c7ed428638b57ea
1030,2019-09-26,11.66,11.7,11.63,11.63,82731,,,,,historical_baseline,,fe33df9ae5456d8ee27133c42c244c81d150008ababc19399c7ed428638b57ea
1030,2019-09-29,11.69,11.73,11.63,11.66,209238,,,,,historical_baseline,,fe33df9ae5456d8ee27133c42c244c81d150008ababc19399c7ed428638b57ea
1030,2019-09-30,11.7,11.85,11.7,11.82,104520,,,,,historical_baseline,,fe33df9ae5456d8ee27133c42c244c81d150008ababc19399c7ed428638b57ea
1050,2019-09-01,35.0,35.0,33.75,33.75,208086,,,,,historical_baseline,,fe33df9ae5456d8ee27133c42c244c81d150008ababc19399c7ed428638b57ea
1050,2019-09-02,33.7,33.7,32.85,33.3,952413,,,,,historical_baseline,,fe33df9ae5456d8ee27133c42c244c81d150008ababc19399c7ed428638b57ea
1050,2019-09-03,33.25,33.25,32.35,32.35,699062,,,,,historical_baseline,,fe33df9ae5456d8ee27133c42c244c81d150008ababc19399c7ed428638b57ea
1050,2019-09-04,32.35,33.15,32.35,32.75,825656,,,,,historical_baseline,,fe33df9ae5456d8ee27133c42c244c81d150008ababc19399c7ed428638b57ea
1050,2019-09-05,32.75,33.45,32.75,33.4,832951,,,,,historical_baseline,,fe33df9ae5456d8ee27133c42c244c81d150008ababc19399c7ed428638b57ea
1050,2019-09-08,33.85,34.1,33.15,33.25,193350,,,,,historical_baseline,,fe33df9ae5456d8ee27133c42c244c81d150008ababc19399c7ed428638b57ea
1050,2019-09-09,33.15,33.4,32.3,33.1,683745,,,,,historical_baseline,,fe33df9ae5456d8ee27133c42c244c81d150008ababc19399c7ed428638b57ea
1050,2019-09-10,33.15,33.4,32.65,33.4,990889,,,,,historical_baseline,,fe33df9ae5456d8ee27133c42c244c81d150008ababc19399c7ed428638b57ea
1050,2019-09-11,33.1,33.3,32.2,33.3,383467,,,,,historical_baseline,,fe33df9ae5456d8ee27133c42c244c81d150008ababc19399c7ed428638b57ea
1050,2019-09-12,32.95,33.45,32.65,33.25,847257,,,,,historical_baseline,,fe33df9ae5456d8ee27133c42c244c81d150008ababc19399c7ed428638b57ea
1050,2019-09-15,31.4,33.3,31.4,33.2,471807,,,,,historical_baseline,,fe33df9ae5456d8ee27133c42c244c81d150008ababc19399c7ed428638b57ea
1050,2019-09-16,33.05,34.7,33.05,34.7,1125855,,,,,historical_baseline,,fe33df9ae5456d8ee27133c42c244c81d150008ababc19399c7ed428638b57ea
1050,2019-09-17,34.25,34.25,33.4,34.25,1524118,,,,,historical_baseline,,fe33df9ae5456d8ee27133c42c244c81d150008ababc19399c7ed428638b57ea
1050,2019-09-18,34.25,35.25,34.15,35.15,1141461,,,,,historical_baseline,,fe33df9ae5456d8ee27133c42c244c81d150008ababc19399c7ed428638b57ea
1050,2019-09-19,34.75,35.15,33.85,34.2,1967544,,,,,historical_baseline,,fe33df9ae5456d8ee27133c42c244c81d150008ababc19399c7ed428638b57ea
1050,2019-09-22,33.8,34.65,33.8,34.6,100255,,,,,historical_baseline,,fe33df9ae5456d8ee27133c42c244c81d150008ababc19399c7ed428638b57ea
1050,2019-09-24,34.6,34.9,34.3,34.5,520163,,,,,historical_baseline,,fe33df9ae5456d8ee27133c42c244c81d150008ababc19399c7ed428638b57ea
1050,2019-09-25,34.55,34.55,33.15,33.3,807948,,,,,historical_baseline,,fe33df9ae5456d8ee27133c42c244c81d150008ababc19399c7ed428638b57ea
1050,2019-09-26,33.35,33.4,32.65,33.0,627182,,,,,historical_baseline,,fe33df9ae5456d8ee27133c42c244c81d150008ababc19399c7ed428638b57ea
1050,2019-09-29,32.65,33.0,32.65,32.9,96519,,,,,historical_baseline,,fe33df9ae5456d8ee27133c42c244c81d150008ababc19399c7ed428638b57ea
1050,2019-09-30,32.75,33.05,32.25,32.25,1789599,,,,,historical_baseline,,fe33df9ae5456d8ee27133c42c244c81d150008ababc19399c7ed428638b57ea
1060,2019-09-01,32.1,32.15,30.6,30.9,311924,,,,,historical_baseline,,fe33df9ae5456d8ee27133c42c244c81d150008ababc19399c7ed428638b57ea
1060,2019-09-02,30.9,31.95,30.0,31.6,1705801,,,,,historical_baseline,,fe33df9ae5456d8ee27133c42c244c81d150008ababc19399c7ed428638b57ea
1060,2019-09-03,31.95,32.3,31.3,32.15,663603,,,,,historical_baseline,,fe33df9ae5456d8ee27133c42c244c81d150008ababc19399c7ed428638b57ea
1060,2019-09-04,32.0,32.9,32.0,32.5,939587,,,,,historical_baseline,,fe33df9ae5456d8ee27133c42c244c81d150008ababc19399c7ed428638b57ea
1060,2019-09-05,32.65,33.2,32.55,33.0,953208,,,,,historical_baseline,,fe33df9ae5456d8ee27133c42c244c81d150008ababc19399c7ed428638b57ea
1060,2019-09-08,32.75,33.1,32.1,32.2,331604,,,,,historical_baseline,,fe33df9ae5456d8ee27133c42c244c81d150008ababc19399c7ed428638b57ea
1060,2019-09-09,32.3,32.3,31.25,31.55,1079642,,,,,historical_baseline,,fe33df9ae5456d8ee27133c42c244c81d150008ababc19399c7ed428638b57ea
1060,2019-09-10,31.5,31.5,30.9,31.1,1220706,,,,,historical_baseline,,fe33df9ae5456d8ee27133c42c244c81d150008ababc19399c7ed428638b57ea
1060,2019-09-11,31.0,31.4,29.95,31.4,1081632,,,,,historical_baseline,,fe33df9ae5456d8ee27133c42c244c81d150008ababc19399c7ed428638b57ea
1060,2019-09-12,31.25,31.65,30.8,30.8,637164,,,,,historical_baseline,,fe33df9ae5456d8ee27133c42c244c81d150008ababc19399c7ed428638b57ea
1060,2019-09-15,30.8,30.8,29.5,30.05,403151,,,,,historical_baseline,,fe33df9ae5456d8ee27133c42c244c81d150008ababc19399c7ed428638b57ea
1060,2019-09-16,30.2,30.4,29.75,30.0,1388456,,,,,historical_baseline,,fe33df9ae5456d8ee27133c42c244c81d150008ababc19399c7ed428638b57ea
1060,2019-09-17,30.0,30.0,29.85,30.0,2078969,,,,,historical_baseline,,fe33df9ae5456d8ee27133c42c244c81d150008ababc19399c7ed428638b57ea
1060,2019-09-18,30.0,30.2,29.95,30.2,706163,,,,,historical_baseline,,fe33df9ae5456d8ee27133c42c244c81d150008ababc19399c7ed428638b57ea
1060,2019-09-19,30.05,30.5,29.9,30.0,1755186,,,,,historical_baseline,,fe33df9ae5456d8ee27133c42c244c81d150008ababc19399c7ed428638b57ea
1060,2019-09-22,30.05,31.05,30.05,30.95,309819,,,,,historical_baseline,,fe33df9ae5456d8ee27133c42c244c81d150008ababc19399c7ed428638b57ea
1060,2019-09-24,30.6,31.45,30.6,31.3,758269,,,,,historical_baseline,,fe33df9ae5456d8ee27133c42c244c81d150008ababc19399c7ed428638b57ea
1060,2019-09-25,31.15,31.15,30.3,30.3,433811,,,,,historical_baseline,,fe33df9ae5456d8ee27133c42c244c81d150008ababc19399c7ed428638b57ea
1060,2019-09-26,30.3,30.4,30.05,30.05,700351,,,,,historical_baseline,,fe33df9ae5456d8ee27133c42c244c81d150008ababc19399c7ed428638b57ea
1060,2019-09-29,30.1,30.5,30.1,30.5,358448,,,,,historical_baseline,,fe33df9ae5456d8ee27133c42c244c81d150008ababc19399c7ed428638b57ea
1060,2019-09-30,30.5,30.85,30.35,30.45,1870832,,,,,historical_baseline,,fe33df9ae5456d8ee27133c42c244c81d150008ababc19399c7ed428638b57ea
1080,2019-09-01,23.2,23.34,22.8,22.86,362689,,,,,historical_baseline,,fe33df9ae5456d8ee27133c42c244c81d150008ababc19399c7ed428638b57ea
1080,2019-09-02,22.96,22.98,22.44,22.78,1345081,,,,,historical_baseline,,fe33df9ae5456d8ee27133c42c244c81d150008ababc19399c7ed428638b57ea
1080,2019-09-03,22.58,22.7,22.54,22.54,524568,,,,,historical_baseline,,fe33df9ae5456d8ee27133c42c244c81d150008ababc19399c7ed428638b57ea
1080,2019-09-04,22.62,22.8,22.46,22.7,1175897,,,,,historical_baseline,,fe33df9ae5456d8ee27133c42c244c81d150008ababc19399c7ed428638b57ea
1080,2019-09-05,22.74,22.86,22.64,22.72,349346,,,,,historical_baseline,,fe33df9ae5456d8ee27133c42c244c81d150008ababc19399c7ed428638b57ea
1080,2019-09-08,22.74,22.86,22.6,22.76,1142771,,,,,historical_baseline,,fe33df9ae5456d8ee27133c42c244c81d150008ababc19399c7ed428638b57ea
1080,2019-09-09,22.76,22.76,22.46,22.54,1130018,,,,,historical_baseline,,fe33df9ae5456d8ee27133c42c244c81d150008ababc19399c7ed428638b57ea
1080,2019-09-10,22.54,22.54,22.3,22.36,581689,,,,,historical_baseline,,fe33df9ae5456d8ee27133c42c244c81d150008ababc19399c7ed428638b57ea
1080,2019-09-11,22.4,22.4,22.02,22.4,704874,,,,,historical_baseline,,fe33df9ae5456d8ee27133c42c244c81d150008ababc19399c7ed428638b57ea
1080,2019-09-12,22.4,22.4,22.02,22.18,1549147,,,,,historical_baseline,,fe33df9ae5456d8ee27133c42c244c81d150008ababc19399c7ed428638b57ea
1080,2019-09-15,22.0,22.0,21.8,22.0,274855,,,,,historical_baseline,,fe33df9ae5456d8ee27133c42c244c81d150008ababc19399c7ed428638b57ea
1080,2019-09-16,22.06,22.18,21.94,22.12,1122031,,,,,historical_baseline,,fe33df9ae5456d8ee27133c42c244c81d150008ababc19399c7ed428638b57ea
1080,2019-09-17,22.08,22.42,21.96,22.2,576018,,,,,historical_baseline,,fe33df9ae5456d8ee27133c42c244c81d150008ababc19399c7ed428638b57ea
1080,2019-09-18,22.24,22.4,22.16,22.4,387876,,,,,historical_baseline,,fe33df9ae5456d8ee27133c42c244c81d150008ababc19399c7ed428638b57ea
1080,2019-09-19,22.3,22.54,22.26,22.48,135964,,,,,historical_baseline,,fe33df9ae5456d8ee27133c42c244c81d150008ababc19399c7ed428638b57ea
1080,2019-09-22,22.52,22.7,22.36,22.7,48370,,,,,historical_baseline,,fe33df9ae5456d8ee27133c42c244c81d150008ababc19399c7ed428638b57ea
1080,2019-09-24,22.72,22.96,22.72,22.84,199409,,,,,historical_baseline,,fe33df9ae5456d8ee27133c42c244c81d150008ababc19399c7ed428638b57ea
1080,2019-09-25,22.8,22.8,22.5,22.74,98646,,,,,historical_baseline,,fe33df9ae5456d8ee27133c42c244c81d150008ababc19399c7ed428638b57ea
1080,2019-09-26,22.78,23.0,22.6,22.68,766745,,,,,historical_baseline,,fe33df9ae5456d8ee27133c42c244c81d150008ababc19399c7ed428638b57ea
1080,2019-09-29,22.82,23.32,22.82,23.26,485760,,,,,historical_baseline,,fe33df9ae5456d8ee27133c42c244c81d150008ababc19399c7ed428638b57ea
1080,2019-09-30,23.26,24.16,23.26,24.0,1709695,,,,,historical_baseline,,fe33df9ae5456d8ee27133c42c244c81d150008ababc19399c7ed428638b57ea
1120,2019-09-01,37.75,38.12,36.38,36.81,20538476,,,,,historical_baseline,,fe33df9ae5456d8ee27133c42c244c81d150008ababc19399c7ed428638b57ea
1120,2019-09-02,36.94,37.5,36.62,37.38,19188688,,,,,historical_baseline,,fe33df9ae5456d8ee27133c42c244c81d150008ababc19399c7ed428638b57ea
1120,2019-09-03,37.44,37.69,37.0,37.0,13940811,,,,,historical_baseline,,fe33df9ae5456d8ee27133c42c244c81d150008ababc19399c7ed428638b57ea
1120,2019-09-04,37.06,38.0,37.06,38.0,14622995,,,,,historical_baseline,,fe33df9ae5456d8ee27133c42c244c81d150008ababc19399c7ed428638b57ea
1120,2019-09-05,38.12,38.56,37.5,38.0,16586384,,,,,historical_baseline,,fe33df9ae5456d8ee27133c42c244c81d150008ababc19399c7ed428638b57ea
1120,2019-09-08,38.25,38.38,37.88,38.12,7180065,,,,,historical_baseline,,fe33df9ae5456d8ee27133c42c244c81d150008ababc19399c7ed428638b57ea
1120,2019-09-09,38.12,38.38,37.69,38.38,9881212,,,,,historical_baseline,,fe33df9ae5456d8ee27133c42c244c81d150008ababc19399c7ed428638b57ea
1120,2019-09-10,38.19,38.31,37.5,37.62,10667617,,,,,historical_baseline,,fe33df9ae5456d8ee27133c42c244c81d150008ababc19399c7ed428638b57ea
1120,2019-09-11,37.56,37.62,36.38,37.19,13919400,,,,,historical_baseline,,fe33df9ae5456d8ee27133c42c244c81d150008ababc19399c7ed428638b57ea
1120,2019-09-12,36.94,37.44,36.81,37.31,6543080,,,,,historical_baseline,,fe33df9ae5456d8ee27133c42c244c81d150008ababc19399c7ed428638b57ea
1120,2019-09-15,36.25,37.06,35.5,36.88,11580976,,,,,historical_baseline,,fe33df9ae5456d8ee27133c42c244c81d150008ababc19399c7ed428638b57ea
1120,2019-09-16,37.19,37.5,36.75,37.38,12068953,,,,,historical_baseline,,fe33df9ae5456d8ee27133c42c244c81d150008ababc19399c7ed428638b57ea
1120,2019-09-17,37.44,37.81,37.06,37.5,10181870,,,,,historical_baseline,,fe33df9ae5456d8ee27133c42c244c81d150008ababc19399c7ed428638b57ea
1120,2019-09-18,37.81,38.25,37.62,38.19,12361187,,,,,historical_baseline,,fe33df9ae5456d8ee27133c42c244c81d150008ababc19399c7ed428638b57ea
1120,2019-09-19,38.19,38.94,37.94,38.94,30774270,,,,,historical_baseline,,fe33df9ae5456d8ee27133c42c244c81d150008ababc19399c7ed428638b57ea
1120,2019-09-22,38.81,39.38,38.75,38.81,5093060,,,,,historical_baseline,,fe33df9ae5456d8ee27133c42c244c81d150008ababc19399c7ed428638b57ea
1120,2019-09-24,38.88,39.38,38.88,39.31,6767915,,,,,historical_baseline,,fe33df9ae5456d8ee27133c42c244c81d150008ababc19399c7ed428638b57ea
1120,2019-09-25,39.38,39.38,38.88,39.19,10636475,,,,,historical_baseline,,fe33df9ae5456d8ee27133c42c244c81d150008ababc19399c7ed428638b57ea
1120,2019-09-26,39.06,39.62,39.0,39.38,13649017,,,,,historical_baseline,,fe33df9ae5456d8ee27133c42c244c81d150008ababc19399c7ed428638b57ea
1120,2019-09-29,39.5,39.62,39.25,39.31,5339416,,,,,historical_baseline,,fe33df9ae5456d8ee27133c42c244c81d150008ababc19399c7ed428638b57ea
1120,2019-09-30,39.38,39.75,39.38,39.56,10069638,,,,,historical_baseline,,fe33df9ae5456d8ee27133c42c244c81d150008ababc19399c7ed428638b57ea
1140,2019-09-01,19.54,19.69,19.24,19.35,424217,,,,,historical_baseline,,fe33df9ae5456d8ee27133c42c244c81d150008ababc19399c7ed428638b57ea
1140,2019-09-02,19.43,19.8,19.05,19.8,1004123,,,,,historical_baseline,,fe33df9ae5456d8ee27133c42c244c81d150008ababc19399c7ed428638b57ea
1140,2019-09-03,19.61,20.14,19.61,19.8,923593,,,,,historical_baseline,,fe33df9ae5456d8ee27133c42c244c81d150008ababc19399c7ed428638b57ea
1140,2019-09-04,20.03,20.14,19.61,19.95,883843,,,,,historical_baseline,,fe33df9ae5456d8ee27133c42c244c81d150008ababc19399c7ed428638b57ea
1140,2019-09-05,20.1,20.14,19.35,19.76,1992570,,,,,historical_baseline,,fe33df9ae5456d8ee27133c42c244c81d150008ababc19399c7ed428638b57ea
1140,2019-09-08,19.76,19.76,19.43,19.43,936735,,,,,historical_baseline,,fe33df9ae5456d8ee27133c42c244c81d150008ababc19399c7ed428638b57ea
1140,2019-09-09,19.43,19.5,19.24,19.46,1081873,,,,,historical_baseline,,fe33df9ae5456d8ee27133c42c244c81d150008ababc19399c7ed428638b57ea
1140,2019-09-10,19.43,19.43,18.72,18.74,1488174,,,,,historical_baseline,,fe33df9ae5456d8ee27133c42c244c81d150008ababc19399c7ed428638b57ea
1140,2019-09-11,18.6,18.6,18.0,18.23,1355234,,,,,historical_baseline,,fe33df9ae5456d8ee27133c42c244c81d150008ababc19399c7ed428638b57ea
1140,2019-09-12,18.11,18.5,18.11,18.36,708150,,,,,historical_baseline,,fe33df9ae5456d8ee27133c42c244c81d150008ababc19399c7ed428638b57ea
1140,2019-09-15,18.0,18.41,17.85,18.38,1389280,,,,,historical_baseline,,fe33df9ae5456d8ee27133c42c244c81d150008ababc19399c7ed428638b57ea
1140,2019-09-16,18.45,18.75,18.15,18.75,992223,,,,,historical_baseline,,fe33df9ae5456d8ee27133c42c244c81d150008ababc19399c7ed428638b57ea
1140,2019-09-17,18.74,18.83,18.23,18.6,1124583,,,,,historical_baseline,,fe33df9ae5456d8ee27133c42c244c81d150008ababc19399c7ed428638b57ea
1140,2019-09-18,18.66,18.75,18.54,18.68,649961,,,,,historical_baseline,,fe33df9ae5456d8ee27133c42c244c81d150008ababc19399c7ed428638b57ea
1140,2019-09-19,18.62,20.18,18.47,20.18,3960467,,,,,historical_baseline,,fe33df9ae5456d8ee27133c42c244c81d150008ababc19399c7ed428638b57ea
1140,2019-09-22,19.88,19.91,19.5,19.73,770798,,,,,historical_baseline,,fe33df9ae5456d8ee27133c42c244c81d150008ababc19399c7ed428638b57ea
1140,2019-09-24,19.69,19.99,19.69,19.8,992027,,,,,historical_baseline,,fe33df9ae5456d8ee27133c42c244c81d150008ababc19399c7ed428638b57ea
1140,2019-09-25,19.84,19.99,19.69,19.8,1405380,,,,,historical_baseline,,fe33df9ae5456d8ee27133c42c244c81d150008ababc19399c7ed428638b57ea
1140,2019-09-26,19.95,19.99,19.73,19.91,565103,,,,,historical_baseline,,fe33df9ae5456d8ee27133c42c244c81d150008ababc19399c7ed428638b57ea
1140,2019-09-29,19.91,20.03,19.76,19.88,222219,,,,,historical_baseline,,fe33df9ae5456d8ee27133c42c244c81d150008ababc19399c7ed428638b57ea
1140,2019-09-30,19.88,20.06,19.88,19.88,1103246,,,,,historical_baseline,,fe33df9ae5456d8ee27133c42c244c81d150008ababc19399c7ed428638b57ea
1150,2019-09-01,16.5,16.58,16.2,16.35,12831260,,,,,historical_baseline,,fe33df9ae5456d8ee27133c42c244c81d150008ababc19399c7ed428638b57ea
1150,2019-09-02,16.37,16.64,16.32,16.56,15522318,,,,,historical_baseline,,fe33df9ae5456d8ee27133c42c244c81d150008ababc19399c7ed428638b57ea
1150,2019-09-03,16.55,16.64,16.4,16.43,12109258,,,,,historical_baseline,,fe33df9ae5456d8ee27133c42c244c81d150008ababc19399c7ed428638b57ea
1150,2019-09-04,16.46,16.68,16.46,16.62,14936686,,,,,historical_baseline,,fe33df9ae5456d8ee27133c42c244c81d150008ababc19399c7ed428638b57ea
1150,2019-09-05,16.67,16.74,16.46,16.55,17862778,,,,,historical_baseline,,fe33df9ae5456d8ee27133c42c244c81d150008ababc19399c7ed428638b57ea
1150,2019-09-08,16.59,16.67,16.53,16.59,9163497,,,,,historical_baseline,,fe33df9ae5456d8ee27133c42c244c81d150008ababc19399c7ed428638b57ea
1150,2019-09-09,16.58,16.59,16.47,16.56,11741927,,,,,historical_baseline,,fe33df9ae5456d8ee27133c42c244c81d150008ababc19399c7ed428638b57ea
1150,2019-09-10,16.56,16.56,16.26,16.34,14682106,,,,,historical_baseline,,fe33df9ae5456d8ee27133c42c244c81d150008ababc19399c7ed428638b57ea
1150,2019-09-11,16.34,16.34,15.8,15.92,22084098,,,,,historical_baseline,,fe33df9ae5456d8ee27133c42c244c81d150008ababc19399c7ed428638b57ea
1150,2019-09-12,15.89,16.13,15.83,16.01,14311595,,,,,historical_baseline,,fe33df9ae5456d8ee27133c42c244c81d150008ababc19399c7ed428638b57ea
1150,2019-09-15,15.68,16.13,15.53,16.05,14420827,,,,,historical_baseline,,fe33df9ae5456d8ee27133c42c244c81d150008ababc19399c7ed428638b57ea
1150,2019-09-16,16.08,16.29,15.98,16.2,12718903,,,,,historical_baseline,,fe33df9ae5456d8ee27133c42c244c81d150008ababc19399c7ed428638b57ea
1150,2019-09-17,16.2,16.52,16.14,16.25,14873705,,,,,historical_baseline,,fe33df9ae5456d8ee27133c42c244c81d150008ababc19399c7ed428638b57ea
1150,2019-09-18,16.35,16.44,16.1,16.1,15861380,,,,,historical_baseline,,fe33df9ae5456d8ee27133c42c244c81d150008ababc19399c7ed428638b57ea
1150,2019-09-19,16.07,16.41,15.93,16.41,27374078,,,,,historical_baseline,,fe33df9ae5456d8ee27133c42c244c81d150008ababc19399c7ed428638b57ea
1150,2019-09-22,16.41,16.5,16.34,16.43,6980124,,,,,historical_baseline,,fe33df9ae5456d8ee27133c42c244c81d150008ababc19399c7ed428638b57ea
1150,2019-09-24,16.44,16.64,16.41,16.64,10001933,,,,,historical_baseline,,fe33df9ae5456d8ee27133c42c244c81d150008ababc19399c7ed428638b57ea
1150,2019-09-25,16.65,16.67,16.49,16.52,10969810,,,,,historical_baseline,,fe33df9ae5456d8ee27133c42c244c81d150008ababc19399c7ed428638b57ea
1150,2019-09-26,16.52,16.61,16.46,16.55,8913972,,,,,historical_baseline,,fe33df9ae5456d8ee27133c42c244c81d150008ababc19399c7ed428638b57ea
1150,2019-09-29,16.56,16.77,16.52,16.71,9946878,,,,,historical_baseline,,fe33df9ae5456d8ee27133c42c244c81d150008ababc19399c7ed428638b57ea
1150,2019-09-30,16.77,17.03,16.74,16.86,14036108,,,,,historical_baseline,,fe33df9ae5456d8ee27133c42c244c81d150008ababc19399c7ed428638b57ea
1180,2019-09-01,35.62,35.96,34.5,34.5,1755725,,,,,historical_baseline,,fe33df9ae5456d8ee27133c42c244c81d150008ababc19399c7ed428638b57ea
1180,2019-09-02,34.54,34.84,34.01,34.61,2895271,,,,,historical_baseline,,fe33df9ae5456d8ee27133c42c244c81d150008ababc19399c7ed428638b57ea
1180,2019-09-03,34.54,34.84,34.24,34.24,1621503,,,,,historical_baseline,,fe33df9ae5456d8ee27133c42c244c81d150008ababc19399c7ed428638b57ea
1180,2019-09-04,34.42,35.85,34.35,35.85,3336173,,,,,historical_baseline,,fe33df9ae5456d8ee27133c42c244c81d150008ababc19399c7ed428638b57ea
1180,2019-09-05,35.92,36.15,35.25,35.74,3927286,,,,,historical_baseline,,fe33df9ae5456d8ee27133c42c244c81d150008ababc19399c7ed428638b57ea
1180,2019-09-08,35.96,35.96,35.51,35.7,376499,,,,,historical_baseline,,fe33df9ae5456d8ee27133c42c244c81d150008ababc19399c7ed428638b57ea
1180,2019-09-09,35.78,35.78,34.95,35.21,2423910,,,,,historical_baseline,,fe33df9ae5456d8ee27133c42c244c81d150008ababc19399c7ed428638b57ea
1180,2019-09-10,35.25,35.25,34.61,35.1,4003493,,,,,historical_baseline,,fe33df9ae5456d8ee27133c42c244c81d150008ababc19399c7ed428638b57ea
1180,2019-09-11,34.76,34.88,33.19,34.16,2642533,,,,,historical_baseline,,fe33df9ae5456d8ee27133c42c244c81d150008ababc19399c7ed428638b57ea
1180,2019-09-12,34.01,34.28,33.64,33.75,2051690,,,,,historical_baseline,,fe33df9ae5456d8ee27133c42c244c81d150008ababc19399c7ed428638b57ea
1180,2019-09-15,33.0,33.75,32.85,33.41,1567405,,,,,historical_baseline,,fe33df9ae5456d8ee27133c42c244c81d150008ababc19399c7ed428638b57ea
1180,2019-09-16,33.41,34.8,33.41,34.8,3435206,,,,,historical_baseline,,fe33df9ae5456d8ee27133c42c244c81d150008ababc19399c7ed428638b57ea
1180,2019-09-17,34.72,34.72,33.9,34.5,2227170,,,,,historical_baseline,,fe33df9ae5456d8ee27133c42c244c81d150008ababc19399c7ed428638b57ea
1180,2019-09-18,34.42,34.72,33.97,34.16,2241366,,,,,historical_baseline,,fe33df9ae5456d8ee27133c42c244c81d150008ababc19399c7ed428638b57ea
1180,2019-09-19,34.42,34.54,33.86,34.5,16005715,,,,,historical_baseline,,fe33df9ae5456d8ee27133c42c244c81d150008ababc19399c7ed428638b57ea
1180,2019-09-22,34.35,34.72,34.28,34.61,604830,,,,,historical_baseline,,fe33df9ae5456d8ee27133c42c244c81d150008ababc19399c7ed428638b57ea
1180,2019-09-24,34.42,35.14,34.42,35.1,1716513,,,,,historical_baseline,,fe33df9ae5456d8ee27133c42c244c81d150008ababc19399c7ed428638b57ea
1180,2019-09-25,35.1,35.1,34.42,34.65,2265458,,,,,historical_baseline,,fe33df9ae5456d8ee27133c42c244c81d150008ababc19399c7ed428638b57ea
1180,2019-09-26,34.54,34.76,34.39,34.76,3520167,,,,,historical_baseline,,fe33df9ae5456d8ee27133c42c244c81d150008ababc19399c7ed428638b57ea
1180,2019-09-29,34.65,34.72,34.54,34.69,435827,,,,,historical_baseline,,fe33df9ae5456d8ee27133c42c244c81d150008ababc19399c7ed428638b57ea
1180,2019-09-30,34.69,34.8,34.54,34.54,4092193,,,,,historical_baseline,,fe33df9ae5456d8ee27133c42c244c81d150008ababc19399c7ed428638b57ea
1201,2019-09-01,15.34,15.4,15.3,15.4,24191,,,,,historical_baseline,,fe33df9ae5456d8ee27133c42c244c81d150008ababc19399c7ed428638b57ea
1201,2019-09-02,15.42,15.91,15.38,15.91,138180,,,,,historical_baseline,,fe33df9ae5456d8ee27133c42c244c81d150008ababc19399c7ed428638b57ea
1201,2019-09-03,15.79,15.89,15.68,15.68,126106,,,,,historical_baseline,,fe33df9ae5456d8ee27133c42c244c81d150008ababc19399c7ed428638b57ea
1201,2019-09-04,15.79,15.83,15.73,15.83,48316,,,,,historical_baseline,,fe33df9ae5456d8ee27133c42c244c81d150008ababc19399c7ed428638b57ea
1201,2019-09-05,15.79,15.81,15.71,15.75,64846,,,,,historical_baseline,,fe33df9ae5456d8ee27133c42c244c81d150008ababc19399c7ed428638b57ea
1201,2019-09-08,15.83,15.89,15.75,15.75,57812,,,,,historical_baseline,,fe33df9ae5456d8ee27133c42c244c81d150008ababc19399c7ed428638b57ea
1201,2019-09-09,15.75,16.03,15.75,15.91,131970,,,,,historical_baseline,,fe33df9ae5456d8ee27133c42c244c81d150008ababc19399c7ed428638b57ea
1201,2019-09-10,15.93,15.93,15.56,15.56,132041,,,,,historical_baseline,,fe33df9ae5456d8ee27133c42c244c81d150008ababc19399c7ed428638b57ea
1201,2019-09-11,15.56,15.56,15.13,15.36,129728,,,,,historical_baseline,,fe33df9ae5456d8ee27133c42c244c81d150008ababc19399c7ed428638b57ea
1201,2019-09-12,15.34,15.42,15.34,15.34,34895,,,,,historical_baseline,,fe33df9ae5456d8ee27133c42c244c81d150008ababc19399c7ed428638b57ea
1201,2019-09-15,15.13,15.23,15.01,15.23,57682,,,,,historical_baseline,,fe33df9ae5456d8ee27133c42c244c81d150008ababc19399c7ed428638b57ea
1201,2019-09-16,15.28,15.34,15.13,15.15,41499,,,,,historical_baseline,,fe33df9ae5456d8ee27133c42c244c81d150008ababc19399c7ed428638b57ea
1201,2019-09-17,15.15,15.32,15.15,15.15,46405,,,,,historical_baseline,,fe33df9ae5456d8ee27133c42c244c81d150008ababc19399c7ed428638b57ea
1201,2019-09-18,15.17,15.19,15.11,15.11,107459,,,,,historical_baseline,,fe33df9ae5456d8ee27133c42c244c81d150008ababc19399c7ed428638b57ea
1201,2019-09-19,15.13,15.21,15.05,15.17,51342,,,,,historical_baseline,,fe33df9ae5456d8ee27133c42c244c81d150008ababc19399c7ed428638b57ea
1201,2019-09-22,15.26,15.5,15.26,15.34,207581,,,,,historical_baseline,,fe33df9ae5456d8ee27133c42c244c81d150008ababc19399c7ed428638b57ea
1201,2019-09-24,15.46,15.68,15.44,15.62,215127,,,,,historical_baseline,,fe33df9ae5456d8ee27133c42c244c81d150008ababc19399c7ed428638b57ea
1201,2019-09-25,15.68,16.71,15.58,16.22,1328978,,,,,historical_baseline,,fe33df9ae5456d8ee27133c42c244c81d150008ababc19399c7ed428638b57ea
1201,2019-09-26,16.36,16.48,16.22,16.34,430504,,,,,historical_baseline,,fe33df9ae5456d8ee27133c42c244c81d150008ababc19399c7ed428638b57ea
1201,2019-09-29,16.32,16.5,16.32,16.32,189514,,,,,historical_baseline,,fe33df9ae5456d8ee27133c42c244c81d150008ababc19399c7ed428638b57ea
1201,2019-09-30,16.34,16.34,16.07,16.2,342525,,,,,historical_baseline,,fe33df9ae5456d8ee27133c42c244c81d150008ababc19399c7ed428638b57ea
1202,2019-09-01,9.36,9.59,9.35,9.38,2182235,,,,,historical_baseline,,fe33df9ae5456d8ee27133c42c244c81d150008ababc19399c7ed428638b57ea
1202,2019-09-02,9.45,9.57,9.45,9.57,1328283,,,,,historical_baseline,,fe33df9ae5456d8ee27133c42c244c81d150008ababc19399c7ed428638b57ea
1202,2019-09-03,9.54,9.63,9.49,9.49,1118030,,,,,historical_baseline,,fe33df9ae5456d8ee27133c42c244c81d150008ababc19399c7ed428638b57ea
1202,2019-09-04,9.54,9.63,9.45,9.54,1306887,,,,,historical_baseline,,fe33df9ae5456d8ee27133c42c244c81d150008ababc19399c7ed428638b57ea
1202,2019-09-05,9.57,9.66,9.52,9.52,645663,,,,,historical_baseline,,fe33df9ae5456d8ee27133c42c244c81d150008ababc19399c7ed428638b57ea
1202,2019-09-08,9.6,9.65,9.57,9.6,844926,,,,,historical_baseline,,fe33df9ae5456d8ee27133c42c244c81d150008ababc19399c7ed428638b57ea
1202,2019-09-09,9.63,9.9,9.63,9.81,1615617,,,,,historical_baseline,,fe33df9ae5456d8ee27133c42c244c81d150008ababc19399c7ed428638b57ea
1202,2019-09-10,9.82,9.87,9.65,9.68,945911,,,,,historical_baseline,,fe33df9ae5456d8ee27133c42c244c81d150008ababc19399c7ed428638b57ea
1202,2019-09-11,9.61,9.61,9.4,9.52,585306,,,,,historical_baseline,,fe33df9ae5456d8ee27133c42c244c81d150008ababc19399c7ed428638b57ea
1202,2019-09-12,9.47,9.6,9.4,9.51,354833,,,,,historical_baseline,,fe33df9ae5456d8ee27133c42c244c81d150008ababc19399c7ed428638b57ea
1202,2019-09-15,9.42,9.49,9.35,9.4,475229,,,,,historical_baseline,,fe33df9ae5456d8ee27133c42c244c81d150008ababc19399c7ed428638b57ea
1202,2019-09-16,9.47,9.57,9.36,9.44,568303,,,,,historical_baseline,,fe33df9ae5456d8ee27133c42c244c81d150008ababc19399c7ed428638b57ea
1202,2019-09-17,9.44,9.48,9.3,9.33,625257,,,,,historical_baseline,,fe33df9ae5456d8ee27133c42c244c81d150008ababc19399c7ed428638b57ea
1202,2019-09-18,9.36,9.44,9.36,9.38,298190,,,,,historical_baseline,,fe33df9ae5456d8ee27133c42c244c81d150008ababc19399c7ed428638b57ea
1202,2019-09-19,9.38,9.39,9.21,9.23,445338,,,,,historical_baseline,,fe33df9ae5456d8ee27133c42c244c81d150008ababc19399c7ed428638b57ea
1202,2019-09-22,9.3,9.39,9.26,9.35,313465,,,,,historical_baseline,,fe33df9ae5456d8ee27133c42c244c81d150008ababc19399c7ed428638b57ea
1202,2019-09-24,9.4,9.63,9.38,9.61,885141,,,,,historical_baseline,,fe33df9ae5456d8ee27133c42c244c81d150008ababc19399c7ed428638b57ea
1202,2019-09-25,9.68,10.05,9.68,9.85,2775146,,,,,historical_baseline,,fe33df9ae5456d8ee27133c42c244c81d150008ababc19399c7ed428638b57ea
1202,2019-09-26,9.9,10.05,9.85,9.94,1024147,,,,,historical_baseline,,fe33df9ae5456d8ee27133c42c244c81d150008ababc19399c7ed428638b57ea
1202,2019-09-29,9.98,10.15,9.98,10.03,1599925,,,,,historical_baseline,,fe33df9ae5456d8ee27133c42c244c81d150008ababc19399c7ed428638b57ea
1202,2019-09-30,10.05,10.19,9.98,10.03,680809,,,,,historical_baseline,,fe33df9ae5456d8ee27133c42c244c81d150008ababc19399c7ed428638b57ea
1210,2019-09-01,21.0,21.2,21.0,21.2,20243,,,,,historical_baseline,,fe33df9ae5456d8ee27133c42c244c81d150008ababc19399c7ed428638b57ea
1210,2019-09-02,20.9,21.08,20.9,21.04,29152,,,,,historical_baseline,,fe33df9ae5456d8ee27133c42c244c81d150008ababc19399c7ed428638b57ea
1210,2019-09-03,21.0,21.12,20.94,20.98,50349,,,,,historical_baseline,,fe33df9ae5456d8ee27133c42c244c81d150008ababc19399c7ed428638b57ea
1210,2019-09-04,20.9,21.14,20.9,21.0,39448,,,,,historical_baseline,,fe33df9ae5456d8ee27133c42c244c81d150008ababc19399c7ed428638b57ea
1210,2019-09-05,21.02,21.2,21.0,21.0,39054,,,,,historical_baseline,,fe33df9ae5456d8ee27133c42c244c81d150008ababc19399c7ed428638b57ea
1210,2019-09-08,21.14,21.2,21.1,21.2,38157,,,,,historical_baseline,,fe33df9ae5456d8ee27133c42c244c81d150008ababc19399c7ed428638b57ea
1210,2019-09-09,21.18,21.18,21.04,21.06,37736,,,,,historical_baseline,,fe33df9ae5456d8ee27133c42c244c81d150008ababc19399c7ed428638b57ea
1210,2019-09-10,21.14,21.14,21.02,21.02,37393,,,,,historical_baseline,,fe33df9ae5456d8ee27133c42c244c81d150008ababc19399c7ed428638b57ea
1210,2019-09-11,20.02,20.5,20.02,20.5,88024,,,,,historical_baseline,,fe33df9ae5456d8ee27133c42c244c81d150008ababc19399c7ed428638b57ea
1210,2019-09-12,20.48,20.64,20.48,20.5,26061,,,,,historical_baseline,,fe33df9ae5456d8ee27133c42c244c81d150008ababc19399c7ed428638b57ea
1210,2019-09-15,20.48,21.28,20.48,21.1,132779,,,,,historical_baseline,,fe33df9ae5456d8ee27133c42c244c81d150008ababc19399c7ed428638b57ea
1210,2019-09-16,21.06,21.06,20.54,20.54,39287,,,,,historical_baseline,,fe33df9ae5456d8ee27133c42c244c81d150008ababc19399c7ed428638b57ea
1210,2019-09-17,20.5,20.84,20.44,20.54,27977,,,,,historical_baseline,,fe33df9ae5456d8ee27133c42c244c81d150008ababc19399c7ed428638b57ea
1210,2019-09-18,20.56,20.6,20.5,20.5,26363,,,,,historical_baseline,,fe33df9ae5456d8ee27133c42c244c81d150008ababc19399c7ed428638b57ea
1210,2019-09-19,20.5,20.5,20.3,20.3,22635,,,,,historical_baseline,,fe33df9ae5456d8ee27133c42c244c81d150008ababc19399c7ed428638b57ea
1210,2019-09-22,20.7,20.7,20.5,20.5,13396,,,,,historical_baseline,,fe33df9ae5456d8ee27133c42c244c81d150008ababc19399c7ed428638b57ea
1210,2019-09-24,20.7,20.84,20.4,20.8,51858,,,,,historical_baseline,,fe33df9ae5456d8ee27133c42c244c81d150008ababc19399c7ed428638b57ea
1210,2019-09-25,20.8,21.1,20.7,21.0,91854,,,,,historical_baseline,,fe33df9ae5456d8ee27133c42c244c81d150008ababc19399c7ed428638b57ea
1210,2019-09-26,21.02,21.14,21.0,21.02,30451,,,,,historical_baseline,,fe33df9ae5456d8ee27133c42c244c81d150008ababc19399c7ed428638b57ea
1210,2019-09-29,20.9,21.32,20.9,21.14,66020,,,,,historical_baseline,,fe33df9ae5456d8ee27133c42c244c81d150008ababc19399c7ed428638b57ea
1210,2019-09-30,21.0,21.16,20.92,21.16,34613,,,,,historical_baseline,,fe33df9ae5456d8ee27133c42c244c81d150008ababc19399c7ed428638b57ea
1211,2019-09-01,14.83,14.9,14.5,14.63,1772781,,,,,historical_baseline,,fe33df9ae5456d8ee27133c42c244c81d150008ababc19399c7ed428638b57ea
1211,2019-09-02,14.6,14.93,14.6,14.93,1526745,,,,,historical_baseline,,fe33df9ae5456d8ee27133c42c244c81d150008ababc19399c7ed428638b57ea
1211,2019-09-03,14.95,15.15,14.87,15.0,1612887,,,,,historical_baseline,,fe33df9ae5456d8ee27133c42c244c81d150008ababc19399c7ed428638b57ea
1211,2019-09-04,15.07,15.3,15.0,15.3,2062332,,,,,historical_baseline,,fe33df9ae5456d8ee27133c42c244c81d150008ababc19399c7ed428638b57ea
1211,2019-09-05,15.27,15.48,15.0,15.15,2617863,,,,,historical_baseline,,fe33df9ae5456d8ee27133c42c244c81d150008ababc19399c7ed428638b57ea
1211,2019-09-08,15.3,15.3,15.12,15.22,401904,,,,,historical_baseline,,fe33df9ae5456d8ee27133c42c244c81d150008ababc19399c7ed428638b57ea
1211,2019-09-09,15.03,15.22,15.03,15.17,1605294,,,,,historical_baseline,,fe33df9ae5456d8ee27133c42c244c81d150008ababc19399c7ed428638b57ea
1211,2019-09-10,15.13,15.25,15.05,15.12,1742364,,,,,historical_baseline,,fe33df9ae5456d8ee27133c42c244c81d150008ababc19399c7ed428638b57ea
1211,2019-09-11,15.03,15.03,14.73,14.78,2115087,,,,,historical_baseline,,fe33df9ae5456d8ee27133c42c244c81d150008ababc19399c7ed428638b57ea
1211,2019-09-12,14.8,14.93,14.48,14.48,1507470,,,,,historical_baseline,,fe33df9ae5456d8ee27133c42c244c81d150008ababc19399c7ed428638b57ea
1211,2019-09-15,14.33,14.48,13.67,14.35,1220133,,,,,historical_baseline,,fe33df9ae5456d8ee27133c42c244c81d150008ababc19399c7ed428638b57ea
1211,2019-09-16,14.35,14.75,14.22,14.75,2731362,,,,,historical_baseline,,fe33df9ae5456d8ee27133c42c244c81d150008ababc19399c7ed428638b57ea
1211,2019-09-17,14.72,14.82,14.25,14.52,1645377,,,,,historical_baseline,,fe33df9ae5456d8ee27133c42c244c81d150008ababc19399c7ed428638b57ea
1211,2019-09-18,14.57,14.8,14.52,14.67,1397865,,,,,historical_baseline,,fe33df9ae5456d8ee27133c42c244c81d150008ababc19399c7ed428638b57ea
1211,2019-09-19,14.77,15.17,14.63,15.17,13675665,,,,,historical_baseline,,fe33df9ae5456d8ee27133c42c244c81d150008ababc19399c7ed428638b57ea
1211,2019-09-22,15.0,15.27,14.97,15.23,973317,,,,,historical_baseline,,fe33df9ae5456d8ee27133c42c244c81d150008ababc19399c7ed428638b57ea
1211,2019-09-24,15.27,15.4,15.2,15.4,1977402,,,,,historical_baseline,,fe33df9ae5456d8ee27133c42c244c81d150008ababc19399c7ed428638b57ea
1211,2019-09-25,15.33,15.38,15.17,15.32,1663683,,,,,historical_baseline,,fe33df9ae5456d8ee27133c42c244c81d150008ababc19399c7ed428638b57ea
1211,2019-09-26,15.23,15.27,15.13,15.25,1400313,,,,,historical_baseline,,fe33df9ae5456d8ee27133c42c244c81d150008ababc19399c7ed428638b57ea
1211,2019-09-29,15.25,15.25,15.05,15.07,908721,,,,,historical_baseline,,fe33df9ae5456d8ee27133c42c244c81d150008ababc19399c7ed428638b57ea
1211,2019-09-30,15.1,15.18,15.08,15.13,2662083,,,,,historical_baseline,,fe33df9ae5456d8ee27133c42c244c81d150008ababc19399c7ed428638b57ea
1212,2019-09-01,14.9,15.0,14.9,15.0,29321,,,,,historical_baseline,,fe33df9ae5456d8ee27133c42c244c81d150008ababc19399c7ed428638b57ea
1212,2019-09-02,14.82,15.0,14.8,15.0,145328,,,,,historical_baseline,,fe33df9ae5456d8ee27133c42c244c81d150008ababc19399c7ed428638b57ea
1212,2019-09-03,15.0,15.3,15.0,15.3,22027,,,,,historical_baseline,,fe33df9ae5456d8ee27133c42c244c81d150008ababc19399c7ed428638b57ea
1212,2019-09-04,15.2,15.2,15.1,15.14,33863,,,,,historical_baseline,,fe33df9ae5456d8ee27133c42c244c81d150008ababc19399c7ed428638b57ea
1212,2019-09-05,15.26,15.26,15.22,15.22,15129,,,,,historical_baseline,,fe33df9ae5456d8ee27133c42c244c81d150008ababc19399c7ed428638b57ea
1212,2019-09-08,15.22,15.3,15.22,15.3,78672,,,,,historical_baseline,,fe33df9ae5456d8ee27133c42c244c81d150008ababc19399c7ed428638b57ea
1212,2019-09-09,15.28,15.5,15.28,15.5,64436,,,,,historical_baseline,,fe33df9ae5456d8ee27133c42c244c81d150008ababc19399c7ed428638b57ea
1212,2019-09-10,15.46,15.46,15.14,15.14,75658,,,,,historical_baseline,,fe33df9ae5456d8ee27133c42c244c81d150008ababc19399c7ed428638b57ea
1212,2019-09-11,15.04,15.04,15.0,15.0,26781,,,,,historical_baseline,,fe33df9ae5456d8ee27133c42c244c81d150008ababc19399c7ed428638b57ea
1212,2019-09-12,14.86,15.1,14.86,15.0,28268,,,,,historical_baseline,,fe33df9ae5456d8ee27133c42c244c81d150008ababc19399c7ed428638b57ea
1212,2019-09-15,14.9,15.1,14.9,15.02,57823,,,,,historical_baseline,,fe33df9ae5456d8ee27133c42c244c81d150008ababc19399c7ed428638b57ea
1212,2019-09-16,15.02,15.02,15.02,15.02,6850,,,,,historical_baseline,,fe33df9ae5456d8ee27133c42c244c81d150008ababc19399c7ed428638b57ea
1212,2019-09-17,15.02,15.02,15.02,15.02,18853,,,,,historical_baseline,,fe33df9ae5456d8ee27133c42c244c81d150008ababc19399c7ed428638b57ea
1212,2019-09-18,15.18,15.96,15.12,15.4,215856,,,,,historical_baseline,,fe33df9ae5456d8ee27133c42c244c81d150008ababc19399c7ed428638b57ea
1212,2019-09-19,15.4,15.44,15.3,15.44,161213,,,,,historical_baseline,,fe33df9ae5456d8ee27133c42c244c81d150008ababc19399c7ed428638b57ea
1212,2019-09-22,15.2,15.36,15.12,15.26,52011,,,,,historical_baseline,,fe33df9ae5456d8ee27133c42c244c81d150008ababc19399c7ed428638b57ea
1212,2019-09-24,15.24,15.4,15.2,15.4,91493,,,,,historical_baseline,,fe33df9ae5456d8ee27133c42c244c81d150008ababc19399c7ed428638b57ea
1212,2019-09-25,15.4,15.62,15.3,15.32,70238,,,,,historical_baseline,,fe33df9ae5456d8ee27133c42c244c81d150008ababc19399c7ed428638b57ea
1212,2019-09-26,15.52,15.64,15.46,15.46,97353,,,,,historical_baseline,,fe33df9ae5456d8ee27133c42c244c81d150008ababc19399c7ed428638b57ea
1212,2019-09-29,15.6,15.6,15.4,15.48,49859,,,,,historical_baseline,,fe33df9ae5456d8ee27133c42c244c81d150008ababc19399c7ed428638b57ea
1212,2019-09-30,15.42,15.46,15.4,15.42,33771,,,,,historical_baseline,,fe33df9ae5456d8ee27133c42c244c81d150008ababc19399c7ed428638b57ea
1213,2019-09-01,64.69,64.69,64.69,64.69,0,,,,,historical_baseline,,fe33df9ae5456d8ee27133c42c244c81d150008ababc19399c7ed428638b57ea
1213,2019-09-02,70.97,71.13,69.07,71.13,550604,,,,,historical_baseline,,fe33df9ae5456d8ee27133c42c244c81d150008ababc19399c7ed428638b57ea
1213,2019-09-03,74.94,77.01,68.35,68.35,1556140,,,,,historical_baseline,,fe33df9ae5456d8ee27133c42c244c81d150008ababc19399c7ed428638b57ea
1213,2019-09-04,68.35,69.47,65.1,65.1,1061400,,,,,historical_baseline,,fe33df9ae5456d8ee27133c42c244c81d150008ababc19399c7ed428638b57ea
1213,2019-09-05,65.5,67.72,64.54,65.5,967095,,,,,historical_baseline,,fe33df9ae5456d8ee27133c42c244c81d150008ababc19399c7ed428638b57ea
1213,2019-09-08,66.69,66.69,64.07,64.78,810131,,,,,historical_baseline,,fe33df9ae5456d8ee27133c42c244c81d150008ababc19399c7ed428638b57ea
1213,2019-09-09,65.26,65.73,63.75,64.07,401321,,,,,historical_baseline,,fe33df9ae5456d8ee27133c42c244c81d150008ababc19399c7ed428638b57ea
1213,2019-09-10,63.75,66.05,63.75,65.5,667331,,,,,historical_baseline,,fe33df9ae5456d8ee27133c42c244c81d150008ababc19399c7ed428638b57ea
1213,2019-09-11,65.89,65.97,59.07,61.61,1293562,,,,,historical_baseline,,fe33df9ae5456d8ee27133c42c244c81d150008ababc19399c7ed428638b57ea
1213,2019-09-12,61.53,62.72,57.95,58.75,670192,,,,,historical_baseline,,fe33df9ae5456d8ee27133c42c244c81d150008ababc19399c7ed428638b57ea
1213,2019-09-15,56.37,59.86,56.37,58.99,569418,,,,,historical_baseline,,fe33df9ae5456d8ee27133c42c244c81d150008ababc19399c7ed428638b57ea
1213,2019-09-16,59.54,60.02,56.52,56.76,494346,,,,,historical_baseline,,fe33df9ae5456d8ee27133c42c244c81d150008ababc19399c7ed428638b57ea
1213,2019-09-17,57.0,57.64,55.57,55.89,467753,,,,,historical_baseline,,fe33df9ae5456d8ee27133c42c244c81d150008ababc19399c7ed428638b57ea
1213,2019-09-18,56.29,61.13,56.29,58.83,1213044,,,,,historical_baseline,,fe33df9ae5456d8ee27133c42c244c81d150008ababc19399c7ed428638b57ea
1213,2019-09-19,58.91,59.54,56.45,56.52,407811,,,,,historical_baseline,,fe33df9ae5456d8ee27133c42c244c81d150008ababc19399c7ed428638b57ea
1213,2019-09-22,57.16,57.95,55.1,55.25,514488,,,,,historical_baseline,,fe33df9ae5456d8ee27133c42c244c81d150008ababc19399c7ed428638b57ea
1213,2019-09-24,55.25,55.97,54.94,55.73,367021,,,,,historical_baseline,,fe33df9ae5456d8ee27133c42c244c81d150008ababc19399c7ed428638b57ea
1213,2019-09-25,57.95,58.67,55.65,55.65,817114,,,,,historical_baseline,,fe33df9ae5456d8ee27133c42c244c81d150008ababc19399c7ed428638b57ea
1213,2019-09-26,55.89,56.05,54.3,54.3,331935,,,,,historical_baseline,,fe33df9ae5456d8ee27133c42c244c81d150008ababc19399c7ed428638b57ea
1213,2019-09-29,54.22,54.78,53.59,53.83,464628,,,,,historical_baseline,,fe33df9ae5456d8ee27133c42c244c81d150008ababc19399c7ed428638b57ea
1213,2019-09-30,53.83,54.06,52.24,52.71,323809,,,,,historical_baseline,,fe33df9ae5456d8ee27133c42c244c81d150008ababc19399c7ed428638b57ea
1214,2019-09-01,10.38,10.38,10.31,10.34,42997,,,,,historical_baseline,,fe33df9ae5456d8ee27133c42c244c81d150008ababc19399c7ed428638b57ea
1214,2019-09-02,10.31,10.48,10.31,10.47,94444,,,,,historical_baseline,,fe33df9ae5456d8ee27133c42c244c81d150008ababc19399c7ed428638b57ea
1214,2019-09-03,10.44,10.46,10.34,10.34,79781,,,,,historical_baseline,,fe33df9ae5456d8ee27133c42c244c81d150008ababc19399c7ed428638b57ea
1214,2019-09-04,10.44,10.5,10.44,10.47,116849,,,,,historical_baseline,,fe33df9ae5456d8ee27133c42c244c81d150008ababc19399c7ed428638b57ea
1214,2019-09-05,10.46,10.51,10.43,10.47,141503,,,,,historical_baseline,,fe33df9ae5456d8ee27133c42c244c81d150008ababc19399c7ed428638b57ea
1214,2019-09-08,10.44,10.68,10.44,10.6,205380,,,,,historical_baseline,,fe33df9ae5456d8ee27133c42c244c81d150008ababc19399c7ed428638b57ea
1214,2019-09-09,10.55,10.77,10.54,10.7,231724,,,,,historical_baseline,,fe33df9ae5456d8ee27133c42c244c81d150008ababc19399c7ed428638b57ea
1214,2019-09-10,10.81,10.85,10.44,10.44,449051,,,,,historical_baseline,,fe33df9ae5456d8ee27133c42c244c81d150008ababc19399c7ed428638b57ea
1214,2019-09-11,10.44,10.44,10.12,10.4,212283,,,,,historical_baseline,,fe33df9ae5456d8ee27133c42c244c81d150008ababc19399c7ed428638b57ea
1214,2019-09-12,10.5,10.5,10.26,10.48,152984,,,,,historical_baseline,,fe33df9ae5456d8ee27133c42c244c81d150008ababc19399c7ed428638b57ea
1214,2019-09-15,10.29,10.39,10.29,10.34,118579,,,,,historical_baseline,,fe33df9ae5456d8ee27133c42c244c81d150008ababc19399c7ed428638b57ea
1214,2019-09-16,10.31,10.31,10.17,10.26,173832,,,,,historical_baseline,,fe33df9ae5456d8ee27133c42c244c81d150008ababc19399c7ed428638b57ea
1214,2019-09-17,10.26,10.29,10.18,10.27,70576,,,,,historical_baseline,,fe33df9ae5456d8ee27133c42c244c81d150008ababc19399c7ed428638b57ea
1214,2019-09-18,10.21,10.23,10.21,10.21,124956,,,,,historical_baseline,,fe33df9ae5456d8ee27133c42c244c81d150008ababc19399c7ed428638b57ea
1214,2019-09-19,10.22,10.26,10.01,10.01,730278,,,,,historical_baseline,,fe33df9ae5456d8ee27133c42c244c81d150008ababc19399c7ed428638b57ea
1214,2019-09-22,10.14,10.87,10.14,10.57,2335363,,,,,historical_baseline,,fe33df9ae5456d8ee27133c42c244c81d150008ababc19399c7ed428638b57ea
1214,2019-09-24,10.64,10.69,10.51,10.64,584296,,,,,historical_baseline,,fe33df9ae5456d8ee27133c42c244c81d150008ababc19399c7ed428638b57ea
1214,2019-09-25,10.65,11.07,10.6,10.86,1492195,,,,,historical_baseline,,fe33df9ae5456d8ee27133c42c244c81d150008ababc19399c7ed428638b57ea
1214,2019-09-26,11.1,11.61,11.02,11.2,2506427,,,,,historical_baseline,,fe33df9ae5456d8ee27133c42c244c81d150008ababc19399c7ed428638b57ea
1214,2019-09-29,11.25,11.5,11.07,11.07,1000833,,,,,historical_baseline,,fe33df9ae5456d8ee27133c42c244c81d150008ababc19399c7ed428638b57ea
1214,2019-09-30,11.04,11.16,10.99,11.06,502577,,,,,historical_baseline,,fe33df9ae5456d8ee27133c42c244c81d150008ababc19399c7ed428638b57ea
1301,2019-09-01,22.19,22.22,22.0,22.22,33443,,,,,historical_baseline,,fe33df9ae5456d8ee27133c42c244c81d150008ababc19399c7ed428638b57ea
1301,2019-09-02,22.22,23.03,22.22,23.03,74533,,,,,historical_baseline,,fe33df9ae5456d8ee27133c42c244c81d150008ababc19399c7ed428638b57ea
1301,2019-09-03,22.81,23.25,22.66,22.97,71210,,,,,historical_baseline,,fe33df9ae5456d8ee27133c42c244c81d150008ababc19399c7ed428638b57ea
1301,2019-09-04,22.97,23.44,22.97,23.41,119992,,,,,historical_baseline,,fe33df9ae5456d8ee27133c42c244c81d150008ababc19399c7ed428638b57ea
1301,2019-09-05,23.41,23.69,23.41,23.5,148952,,,,,historical_baseline,,fe33df9ae5456d8ee27133c42c244c81d150008ababc19399c7ed428638b57ea
1301,2019-09-08,23.59,23.84,23.5,23.84,127460,,,,,historical_baseline,,fe33df9ae5456d8ee27133c42c244c81d150008ababc19399c7ed428638b57ea
1301,2019-09-09,23.91,24.38,23.91,23.97,294124,,,,,historical_baseline,,fe33df9ae5456d8ee27133c42c244c81d150008ababc19399c7ed428638b57ea
1301,2019-09-10,23.91,24.0,23.62,23.62,75187,,,,,historical_baseline,,fe33df9ae5456d8ee27133c42c244c81d150008ababc19399c7ed428638b57ea
1301,2019-09-11,23.59,23.59,23.16,23.28,50960,,,,,historical_baseline,,fe33df9ae5456d8ee27133c42c244c81d150008ababc19399c7ed428638b57ea
1301,2019-09-12,23.44,23.44,23.41,23.41,21834,,,,,historical_baseline,,fe33df9ae5456d8ee27133c42c244c81d150008ababc19399c7ed428638b57ea
1301,2019-09-15,22.97,23.41,22.97,23.19,32650,,,,,historical_baseline,,fe33df9ae5456d8ee27133c42c244c81d150008ababc19399c7ed428638b57ea
1301,2019-09-16,23.34,23.41,22.91,22.91,59568,,,,,historical_baseline,,fe33df9ae5456d8ee27133c42c244c81d150008ababc19399c7ed428638b57ea
1301,2019-09-17,22.91,23.25,22.69,22.91,54880,,,,,historical_baseline,,fe33df9ae5456d8ee27133c42c244c81d150008ababc19399c7ed428638b57ea
1301,2019-09-18,23.06,23.06,22.78,22.78,26858,,,,,historical_baseline,,fe33df9ae5456d8ee27133c42c244c81d150008ababc19399c7ed428638b57ea
1301,2019-09-19,22.97,22.97,22.38,22.66,36311,,,,,historical_baseline,,fe33df9ae5456d8ee27133c42c244c81d150008ababc19399c7ed428638b57ea
1301,2019-09-22,22.84,23.0,22.84,22.94,27112,,,,,historical_baseline,,fe33df9ae5456d8ee27133c42c244c81d150008ababc19399c7ed428638b57ea
1301,2019-09-24,22.94,23.44,22.91,23.38,65942,,,,,historical_baseline,,fe33df9ae5456d8ee27133c42c244c81d150008ababc19399c7ed428638b57ea
1301,2019-09-25,23.44,23.75,23.28,23.28,123031,,,,,historical_baseline,,fe33df9ae5456d8ee27133c42c244c81d150008ababc19399c7ed428638b57ea
1301,2019-09-26,23.56,23.56,23.34,23.41,62472,,,,,historical_baseline,,fe33df9ae5456d8ee27133c42c244c81d150008ababc19399c7ed428638b57ea
1301,2019-09-29,23.44,23.59,23.41,23.59,106163,,,,,historical_baseline,,fe33df9ae5456d8ee27133c42c244c81d150008ababc19399c7ed428638b57ea
1301,2019-09-30,23.59,23.69,23.44,23.59,47333,,,,,historical_baseline,,fe33df9ae5456d8ee27133c42c244c81d150008ababc19399c7ed428638b57ea
1302,2019-09-01,13.8,14.08,13.8,13.92,115895,,,,,historical_baseline,,fe33df9ae5456d8ee27133c42c244c81d150008ababc19399c7ed428638b57ea
1302,2019-09-02,13.9,14.22,13.9,14.16,497971,,,,,historical_baseline,,fe33df9ae5456d8ee27133c42c244c81d150008ababc19399c7ed428638b57ea
1302,2019-09-03,14.2,14.3,14.1,14.2,161734,,,,,historical_baseline,,fe33df9ae5456d8ee27133c42c244c81d150008ababc19399c7ed428638b57ea
1302,2019-09-04,14.12,14.5,14.1,14.46,166911,,,,,historical_baseline,,fe33df9ae5456d8ee27133c42c244c81d150008ababc19399c7ed428638b57ea
1302,2019-09-05,14.58,14.6,14.5,14.5,207913,,,,,historical_baseline,,fe33df9ae5456d8ee27133c42c244c81d150008ababc19399c7ed428638b57ea
1302,2019-09-08,14.48,14.58,14.36,14.38,121228,,,,,historical_baseline,,fe33df9ae5456d8ee27133c42c244c81d150008ababc19399c7ed428638b57ea
1302,2019-09-09,14.38,14.52,14.38,14.52,123050,,,,,historical_baseline,,fe33df9ae5456d8ee27133c42c244c81d150008ababc19399c7ed428638b57ea
1302,2019-09-10,14.52,14.52,14.22,14.3,100071,,,,,historical_baseline,,fe33df9ae5456d8ee27133c42c244c81d150008ababc19399c7ed428638b57ea
1302,2019-09-11,14.0,14.18,13.8,14.18,121488,,,,,historical_baseline,,fe33df9ae5456d8ee27133c42c244c81d150008ababc19399c7ed428638b57ea
1302,2019-09-12,14.2,14.24,13.9,13.9,84411,,,,,historical_baseline,,fe33df9ae5456d8ee27133c42c244c81d150008ababc19399c7ed428638b57ea
1302,2019-09-15,13.7,13.88,13.62,13.74,40675,,,,,historical_baseline,,fe33df9ae5456d8ee27133c42c244c81d150008ababc19399c7ed428638b57ea
1302,2019-09-16,13.96,13.96,13.7,13.7,39658,,,,,historical_baseline,,fe33df9ae5456d8ee27133c42c244c81d150008ababc19399c7ed428638b57ea
1302,2019-09-17,13.72,13.72,13.68,13.7,53081,,,,,historical_baseline,,fe33df9ae5456d8ee27133c42c244c81d150008ababc19399c7ed428638b57ea
1302,2019-09-18,13.7,13.94,13.7,13.94,62247,,,,,historical_baseline,,fe33df9ae5456d8ee27133c42c244c81d150008ababc19399c7ed428638b57ea
1302,2019-09-19,13.82,14.06,13.82,14.06,325366,,,,,historical_baseline,,fe33df9ae5456d8ee27133c42c244c81d150008ababc19399c7ed428638b57ea
1302,2019-09-22,14.3,14.3,14.2,14.2,61770,,,,,historical_baseline,,fe33df9ae5456d8ee27133c42c244c81d150008ababc19399c7ed428638b57ea
1302,2019-09-24,14.4,14.4,14.34,14.36,32464,,,,,historical_baseline,,fe33df9ae5456d8ee27133c42c244c81d150008ababc19399c7ed428638b57ea
1302,2019-09-25,14.42,14.9,14.42,14.62,635028,,,,,historical_baseline,,fe33df9ae5456d8ee27133c42c244c81d150008ababc19399c7ed428638b57ea
1302,2019-09-26,14.4,14.88,14.32,14.4,297246,,,,,historical_baseline,,fe33df9ae5456d8ee27133c42c244c81d150008ababc19399c7ed428638b57ea
1302,2019-09-29,14.5,14.74,14.5,14.6,163925,,,,,historical_baseline,,fe33df9ae5456d8ee27133c42c244c81d150008ababc19399c7ed428638b57ea
1302,2019-09-30,14.68,14.8,14.6,14.8,204199,,,,,historical_baseline,,fe33df9ae5456d8ee27133c42c244c81d150008ababc19399c7ed428638b57ea
1303,2019-09-01,0.59,0.6,0.59,0.6,2006400,,,,,historical_baseline,,fe33df9ae5456d8ee27133c42c244c81d150008ababc19399c7ed428638b57ea
1303,2019-09-02,0.6,0.61,0.6,0.61,2230550,,,,,historical_baseline,,fe33df9ae5456d8ee27133c42c244c81d150008ababc19399c7ed428638b57ea
1303,2019-09-03,0.6,0.62,0.6,0.6,3738125,,,,,historical_baseline,,fe33df9ae5456d8ee27133c42c244c81d150008ababc19399c7ed428638b57ea
1303,2019-09-04,0.6,0.61,0.6,0.6,467100,,,,,historical_baseline,,fe33df9ae5456d8ee27133c42c244c81d150008ababc19399c7ed428638b57ea
1303,2019-09-05,0.62,0.63,0.61,0.62,4703300,,,,,historical_baseline,,fe33df9ae5456d8ee27133c42c244c81d150008ababc19399c7ed428638b57ea
1303,2019-09-08,0.62,0.62,0.62,0.62,1359450,,,,,historical_baseline,,fe33df9ae5456d8ee27133c42c244c81d150008ababc19399c7ed428638b57ea
1303,2019-09-09,0.62,0.62,0.62,0.62,1356275,,,,,historical_baseline,,fe33df9ae5456d8ee27133c42c244c81d150008ababc19399c7ed428638b57ea
1303,2019-09-10,0.62,0.62,0.61,0.61,2132825,,,,,historical_baseline,,fe33df9ae5456d8ee27133c42c244c81d150008ababc19399c7ed428638b57ea
1303,2019-09-11,0.61,0.61,0.58,0.59,4569025,,,,,historical_baseline,,fe33df9ae5456d8ee27133c42c244c81d150008ababc19399c7ed428638b57ea
1303,2019-09-12,0.59,0.6,0.59,0.59,2601575,,,,,historical_baseline,,fe33df9ae5456d8ee27133c42c244c81d150008ababc19399c7ed428638b57ea
1303,2019-09-15,0.59,0.6,0.59,0.6,1516400,,,,,historical_baseline,,fe33df9ae5456d8ee27133c42c244c81d150008ababc19399c7ed428638b57ea
1303,2019-09-16,0.6,0.6,0.59,0.59,1445625,,,,,historical_baseline,,fe33df9ae5456d8ee27133c42c244c81d150008ababc19399c7ed428638b57ea
1303,2019-09-17,0.59,0.59,0.58,0.58,1399075,,,,,historical_baseline,,fe33df9ae5456d8ee27133c42c244c81d150008ababc19399c7ed428638b57ea
1303,2019-09-18,0.59,0.59,0.59,0.59,828850,,,,,historical_baseline,,fe33df9ae5456d8ee27133c42c244c81d150008ababc19399c7ed428638b57ea
1303,2019-09-19,0.58,0.59,0.58,0.59,892850,,,,,historical_baseline,,fe33df9ae5456d8ee27133c42c244c81d150008ababc19399c7ed428638b57ea
1303,2019-09-22,0.59,0.6,0.59,0.6,1452775,,,,,historical_baseline,,fe33df9ae5456d8ee27133c42c244c81d150008ababc19399c7ed428638b57ea
1303,2019-09-24,0.6,0.61,0.6,0.61,2934450,,,,,historical_baseline,,fe33df9ae5456d8ee27133c42c244c81d150008ababc19399c7ed428638b57ea
1303,2019-09-25,0.61,0.63,0.61,0.61,9507250,,,,,historical_baseline,,fe33df9ae5456d8ee27133c42c244c81d150008ababc19399c7ed428638b57ea
1303,2019-09-26,0.61,0.62,0.61,0.61,6561450,,,,,historical_baseline,,fe33df9ae5456d8ee27133c42c244c81d150008ababc19399c7ed428638b57ea
1303,2019-09-29,0.61,0.62,0.61,0.61,6848925,,,,,historical_baseline,,fe33df9ae5456d8ee27133c42c244c81d150008ababc19399c7ed428638b57ea
1303,2019-09-30,0.62,0.62,0.61,0.61,2288200,,,,,historical_baseline,,fe33df9ae5456d8ee27133c42c244c81d150008ababc19399c7ed428638b57ea
1304,2019-09-01,16.56,16.56,16.2,16.2,168053,,,,,historical_baseline,,fe33df9ae5456d8ee27133c42c244c81d150008ababc19399c7ed428638b57ea
1304,2019-09-02,16.24,16.5,16.22,16.5,502745,,,,,historical_baseline,,fe33df9ae5456d8ee27133c42c244c81d150008ababc19399c7ed428638b57ea
1304,2019-09-03,16.6,16.6,16.44,16.46,243012,,,,,historical_baseline,,fe33df9ae5456d8ee27133c42c244c81d150008ababc19399c7ed428638b57ea
1304,2019-09-04,16.4,16.52,16.0,16.5,284919,,,,,historical_baseline,,fe33df9ae5456d8ee27133c42c244c81d150008ababc19399c7ed428638b57ea
1304,2019-09-05,16.52,16.96,16.52,16.74,363433,,,,,historical_baseline,,fe33df9ae5456d8ee27133c42c244c81d150008ababc19399c7ed428638b57ea
1304,2019-09-08,16.88,16.9,16.74,16.9,211086,,,,,historical_baseline,,fe33df9ae5456d8ee27133c42c244c81d150008ababc19399c7ed428638b57ea
1304,2019-09-09,16.94,17.3,16.86,17.3,711113,,,,,historical_baseline,,fe33df9ae5456d8ee27133c42c244c81d150008ababc19399c7ed428638b57ea
1304,2019-09-10,17.48,17.7,17.4,17.42,474852,,,,,historical_baseline,,fe33df9ae5456d8ee27133c42c244c81d150008ababc19399c7ed428638b57ea
1304,2019-09-11,17.32,17.32,16.7,16.94,302997,,,,,historical_baseline,,fe33df9ae5456d8ee27133c42c244c81d150008ababc19399c7ed428638b57ea
1304,2019-09-12,16.94,17.16,16.88,17.1,108098,,,,,historical_baseline,,fe33df9ae5456d8ee27133c42c244c81d150008ababc19399c7ed428638b57ea
1304,2019-09-15,16.8,16.9,16.7,16.74,142545,,,,,historical_baseline,,fe33df9ae5456d8ee27133c42c244c81d150008ababc19399c7ed428638b57ea
1304,2019-09-16,16.76,16.82,16.6,16.6,198094,,,,,historical_baseline,,fe33df9ae5456d8ee27133c42c244c81d150008ababc19399c7ed428638b57ea
1304,2019-09-17,16.6,16.66,16.46,16.5,154917,,,,,historical_baseline,,fe33df9ae5456d8ee27133c42c244c81d150008ababc19399c7ed428638b57ea
1304,2019-09-18,16.6,16.68,16.5,16.68,94396,,,,,historical_baseline,,fe33df9ae5456d8ee27133c42c244c81d150008ababc19399c7ed428638b57ea
1304,2019-09-19,16.52,16.52,16.3,16.34,154327,,,,,historical_baseline,,fe33df9ae5456d8ee27133c42c244c81d150008ababc19399c7ed428638b57ea
1304,2019-09-22,16.46,16.74,16.36,16.74,201847,,,,,historical_baseline,,fe33df9ae5456d8ee27133c42c244c81d150008ababc19399c7ed428638b57ea
1304,2019-09-24,16.8,17.1,16.8,17.08,187315,,,,,historical_baseline,,fe33df9ae5456d8ee27133c42c244c81d150008ababc19399c7ed428638b57ea
1304,2019-09-25,17.1,17.36,16.94,17.0,340806,,,,,historical_baseline,,fe33df9ae5456d8ee27133c42c244c81d150008ababc19399c7ed428638b57ea
1304,2019-09-26,17.0,17.1,16.8,16.8,153077,,,,,historical_baseline,,fe33df9ae5456d8ee27133c42c244c81d150008ababc19399c7ed428638b57ea
1304,2019-09-29,16.9,17.28,16.86,17.08,214702,,,,,historical_baseline,,fe33df9ae5456d8ee27133c42c244c81d150008ababc19399c7ed428638b57ea
1304,2019-09-30,17.2,17.4,17.2,17.3,514032,,,,,historical_baseline,,fe33df9ae5456d8ee27133c42c244c81d150008ababc19399c7ed428638b57ea
1320,2019-09-01,20.02,20.3,20.0,20.02,66530,,,,,historical_baseline,,fe33df9ae5456d8ee27133c42c244c81d150008ababc19399c7ed428638b57ea
1320,2019-09-02,20.02,20.24,20.02,20.16,47302,,,,,historical_baseline,,fe33df9ae5456d8ee27133c42c244c81d150008ababc19399c7ed428638b57ea
1320,2019-09-03,20.28,20.54,20.16,20.2,218557,,,,,historical_baseline,,fe33df9ae5456d8ee27133c42c244c81d150008ababc19399c7ed428638b57ea
1320,2019-09-04,20.18,20.6,20.1,20.6,139992,,,,,historical_baseline,,fe33df9ae5456d8ee27133c42c244c81d150008ababc19399c7ed428638b57ea
1320,2019-09-05,20.7,21.1,20.5,20.7,382049,,,,,historical_baseline,,fe33df9ae5456d8ee27133c42c244c81d150008ababc19399c7ed428638b57ea
1320,2019-09-08,20.76,21.2,20.76,20.76,271575,,,,,historical_baseline,,fe33df9ae5456d8ee27133c42c244c81d150008ababc19399c7ed428638b57ea
1320,2019-09-09,20.78,21.46,20.6,21.28,487988,,,,,historical_baseline,,fe33df9ae5456d8ee27133c42c244c81d150008ababc19399c7ed428638b57ea
1320,2019-09-10,21.34,21.62,21.12,21.2,544137,,,,,historical_baseline,,fe33df9ae5456d8ee27133c42c244c81d150008ababc19399c7ed428638b57ea
1320,2019-09-11,21.2,21.2,20.4,20.5,266796,,,,,historical_baseline,,fe33df9ae5456d8ee27133c42c244c81d150008ababc19399c7ed428638b57ea
1320,2019-09-12,20.52,20.74,20.42,20.58,99703,,,,,historical_baseline,,fe33df9ae5456d8ee27133c42c244c81d150008ababc19399c7ed428638b57ea
1320,2019-09-15,20.36,20.68,20.02,20.58,192153,,,,,historical_baseline,,fe33df9ae5456d8ee27133c42c244c81d150008ababc19399c7ed428638b57ea
1320,2019-09-16,20.62,20.8,20.1,20.14,109955,,,,,historical_baseline,,fe33df9ae5456d8ee27133c42c244c81d150008ababc19399c7ed428638b57ea
1320,2019-09-17,20.22,20.58,20.1,20.12,140192,,,,,historical_baseline,,fe33df9ae5456d8ee27133c42c244c81d150008ababc19399c7ed428638b57ea
1320,2019-09-18,20.3,20.3,20.0,20.14,108094,,,,,historical_baseline,,fe33df9ae5456d8ee27133c42c244c81d150008ababc19399c7ed428638b57ea
1320,2019-09-19,20.14,20.14,19.5,19.94,86021,,,,,historical_baseline,,fe33df9ae5456d8ee27133c42c244c81d150008ababc19399c7ed428638b57ea
1320,2019-09-22,19.9,20.56,19.9,20.34,232052,,,,,historical_baseline,,fe33df9ae5456d8ee27133c42c244c81d150008ababc19399c7ed428638b57ea
1320,2019-09-24,20.66,21.8,20.66,21.3,876278,,,,,historical_baseline,,fe33df9ae5456d8ee27133c42c244c81d150008ababc19399c7ed428638b57ea
1320,2019-09-25,21.6,21.66,20.96,20.96,617772,,,,,historical_baseline,,fe33df9ae5456d8ee27133c42c244c81d150008ababc19399c7ed428638b57ea
1320,2019-09-26,21.0,21.2,20.9,21.0,345504,,,,,historical_baseline,,fe33df9ae5456d8ee27133c42c244c81d150008ababc19399c7ed428638b57ea
1320,2019-09-29,21.12,21.12,20.92,20.96,164637,,,,,historical_baseline,,fe33df9ae5456d8ee27133c42c244c81d150008ababc19399c7ed428638b57ea
1320,2019-09-30,20.98,21.3,20.96,21.18,256476,,,,,historical_baseline,,fe33df9ae5456d8ee27133c42c244c81d150008ababc19399c7ed428638b57ea
1810,2019-09-01,17.2,17.2,16.76,16.9,792379,,,,,historical_baseline,,fe33df9ae5456d8ee27133c42c244c81d150008ababc19399c7ed428638b57ea
1810,2019-09-02,16.9,17.06,16.8,17.0,1407297,,,,,historical_baseline,,fe33df9ae5456d8ee27133c42c244c81d150008ababc19399c7ed428638b57ea
1810,2019-09-03,17.0,17.0,16.84,16.86,978209,,,,,historical_baseline,,fe33df9ae5456d8ee27133c42c244c81d150008ababc19399c7ed428638b57ea
1810,2019-09-04,16.88,16.98,16.8,16.96,1194997,,,,,historical_baseline,,fe33df9ae5456d8ee27133c42c244c81d150008ababc19399c7ed428638b57ea
1810,2019-09-05,16.96,17.2,16.96,17.1,1473460,,,,,historical_baseline,,fe33df9ae5456d8ee27133c42c244c81d150008ababc19399c7ed428638b57ea
1810,2019-09-08,17.22,17.32,17.12,17.22,1041174,,,,,historical_baseline,,fe33df9ae5456d8ee27133c42c244c81d150008ababc19399c7ed428638b57ea
1810,2019-09-09,17.22,17.32,17.16,17.24,1314522,,,,,historical_baseline,,fe33df9ae5456d8ee27133c42c244c81d150008ababc19399c7ed428638b57ea
1810,2019-09-10,17.3,17.44,17.06,17.14,1981058,,,,,historical_baseline,,fe33df9ae5456d8ee27133c42c244c81d150008ababc19399c7ed428638b57ea
1810,2019-09-11,17.08,17.08,16.5,16.66,1393673,,,,,historical_baseline,,fe33df9ae5456d8ee27133c42c244c81d150008ababc19399c7ed428638b57ea
1810,2019-09-12,16.72,16.92,16.62,16.84,1038942,,,,,historical_baseline,,fe33df9ae5456d8ee27133c42c244c81d150008ababc19399c7ed428638b57ea
1810,2019-09-15,16.34,17.0,16.18,16.86,819718,,,,,historical_baseline,,fe33df9ae5456d8ee27133c42c244c81d150008ababc19399c7ed428638b57ea
1810,2019-09-16,16.9,16.94,16.46,16.66,1087095,,,,,historical_baseline,,fe33df9ae5456d8ee27133c42c244c81d150008ababc19399c7ed428638b57ea
1810,2019-09-17,16.6,16.84,16.5,16.84,1614319,,,,,historical_baseline,,fe33df9ae5456d8ee27133c42c244c81d150008ababc19399c7ed428638b57ea
1810,2019-09-18,16.84,16.92,16.68,16.78,1120129,,,,,historical_baseline,,fe33df9ae5456d8ee27133c42c244c81d150008ababc19399c7ed428638b57ea
1810,2019-09-19,16.8,16.82,16.62,16.8,1842631,,,,,historical_baseline,,fe33df9ae5456d8ee27133c42c244c81d150008ababc19399c7ed428638b57ea
1810,2019-09-22,16.8,17.4,16.8,17.34,1831293,,,,,historical_baseline,,fe33df9ae5456d8ee27133c42c244c81d150008ababc19399c7ed428638b57ea
1810,2019-09-24,17.34,18.0,17.34,17.9,2809207,,,,,historical_baseline,,fe33df9ae5456d8ee27133c42c244c81d150008ababc19399c7ed428638b57ea
1810,2019-09-25,17.98,17.98,17.5,17.56,930181,,,,,historical_baseline,,fe33df9ae5456d8ee27133c42c244c81d150008ababc19399c7ed428638b57ea
1810,2019-09-26,17.58,17.8,17.24,17.24,1205307,,,,,historical_baseline,,fe33df9ae5456d8ee27133c42c244c81d150008ababc19399c7ed428638b57ea
1810,2019-09-29,17.96,18.72,17.86,18.62,6601009,,,,,historical_baseline,,fe33df9ae5456d8ee27133c42c244c81d150008ababc19399c7ed428638b57ea
1810,2019-09-30,18.62,18.9,18.42,18.6,3140777,,,,,historical_baseline,,fe33df9ae5456d8ee27133c42c244c81d150008ababc19399c7ed428638b57ea
1820,2019-09-01,3.3,3.35,3.29,3.35,283931,,,,,historical_baseline,,fe33df9ae5456d8ee27133c42c244c81d150008ababc19399c7ed428638b57ea
1820,2019-09-02,3.29,3.4,3.29,3.35,509935,,,,,historical_baseline,,fe33df9ae5456d8ee27133c42c244c81d150008ababc19399c7ed428638b57ea
1820,2019-09-03,3.34,3.37,3.32,3.34,668283,,,,,historical_baseline,,fe33df9ae5456d8ee27133c42c244c81d150008ababc19399c7ed428638b57ea
1820,2019-09-04,3.34,3.35,3.33,3.35,705325,,,,,historical_baseline,,fe33df9ae5456d8ee27133c42c244c81d150008ababc19399c7ed428638b57ea
1820,2019-09-05,3.37,3.37,3.35,3.36,214722,,,,,historical_baseline,,fe33df9ae5456d8ee27133c42c244c81d150008ababc19399c7ed428638b57ea
1820,2019-09-08,3.36,3.42,3.35,3.4,578350,,,,,historical_baseline,,fe33df9ae5456d8ee27133c42c244c81d150008ababc19399c7ed428638b57ea
1820,2019-09-09,3.4,3.48,3.4,3.47,969459,,,,,historical_baseline,,fe33df9ae5456d8ee27133c42c244c81d150008ababc19399c7ed428638b57ea
1820,2019-09-10,3.47,3.47,3.4,3.4,775650,,,,,historical_baseline,,fe33df9ae5456d8ee27133c42c244c81d150008ababc19399c7ed428638b57ea
1820,2019-09-11,3.4,3.4,3.37,3.38,301842,,,,,historical_baseline,,fe33df9ae5456d8ee27133c42c244c81d150008ababc19399c7ed428638b57ea
1820,2019-09-12,3.4,3.45,3.38,3.38,562011,,,,,historical_baseline,,fe33df9ae5456d8ee27133c42c244c81d150008ababc19399c7ed428638b57ea
1820,2019-09-15,3.37,3.45,3.34,3.44,689452,,,,,historical_baseline,,fe33df9ae5456d8ee27133c42c244c81d150008ababc19399c7ed428638b57ea
1820,2019-09-16,3.45,3.52,3.44,3.52,3008979,,,,,historical_baseline,,fe33df9ae5456d8ee27133c42c244c81d150008ababc19399c7ed428638b57ea
1820,2019-09-17,3.52,3.54,3.45,3.49,1359427,,,,,historical_baseline,,fe33df9ae5456d8ee27133c42c244c81d150008ababc19399c7ed428638b57ea
1820,2019-09-18,3.5,3.52,3.45,3.47,942081,,,,,historical_baseline,,fe33df9ae5456d8ee27133c42c244c81d150008ababc19399c7ed428638b57ea
1820,2019-09-19,3.47,3.49,3.4,3.4,1613856,,,,,historical_baseline,,fe33df9ae5456d8ee27133c42c244c81d150008ababc19399c7ed428638b57ea
1820,2019-09-22,3.42,3.49,3.42,3.46,690300,,,,,historical_baseline,,fe33df9ae5456d8ee27133c42c244c81d150008ababc19399c7ed428638b57ea
1820,2019-09-24,3.46,3.56,3.46,3.52,3149913,,,,,historical_baseline,,fe33df9ae5456d8ee27133c42c244c81d150008ababc19399c7ed428638b57ea
1820,2019-09-25,3.53,3.6,3.5,3.55,3004680,,,,,historical_baseline,,fe33df9ae5456d8ee27133c42c244c81d150008ababc19399c7ed428638b57ea
1820,2019-09-26,3.56,3.57,3.5,3.52,977859,,,,,historical_baseline,,fe33df9ae5456d8ee27133c42c244c81d150008ababc19399c7ed428638b57ea
1820,2019-09-29,3.56,3.69,3.56,3.62,9405765,,,,,historical_baseline,,fe33df9ae5456d8ee27133c42c244c81d150008ababc19399c7ed428638b57ea
1820,2019-09-30,3.65,3.66,3.58,3.61,2316546,,,,,historical_baseline,,fe33df9ae5456d8ee27133c42c244c81d150008ababc19399c7ed428638b57ea
1830,2019-09-01,80.4,80.4,76.1,77.5,102130,,,,,historical_baseline,,fe33df9ae5456d8ee27133c42c244c81d150008ababc19399c7ed428638b57ea
1830,2019-09-02,77.5,80.0,76.9,79.8,425888,,,,,historical_baseline,,fe33df9ae5456d8ee27133c42c244c81d150008ababc19399c7ed428638b57ea
1830,2019-09-03,79.7,80.5,79.0,79.5,85981,,,,,historical_baseline,,fe33df9ae5456d8ee27133c42c244c81d150008ababc19399c7ed428638b57ea
1830,2019-09-04,80.0,80.4,79.8,80.0,115519,,,,,historical_baseline,,fe33df9ae5456d8ee27133c42c244c81d150008ababc19399c7ed428638b57ea
1830,2019-09-05,80.0,81.5,80.0,80.9,82401,,,,,historical_baseline,,fe33df9ae5456d8ee27133c42c244c81d150008ababc19399c7ed428638b57ea
1830,2019-09-08,81.0,85.0,81.0,84.0,134987,,,,,historical_baseline,,fe33df9ae5456d8ee27133c42c244c81d150008ababc19399c7ed428638b57ea
1830,2019-09-09,84.1,89.2,84.0,84.7,294091,,,,,historical_baseline,,fe33df9ae5456d8ee27133c42c244c81d150008ababc19399c7ed428638b57ea
1830,2019-09-10,84.8,84.8,82.8,83.0,88676,,,,,historical_baseline,,fe33df9ae5456d8ee27133c42c244c81d150008ababc19399c7ed428638b57ea
1830,2019-09-11,82.0,82.5,80.9,81.7,143230,,,,,historical_baseline,,fe33df9ae5456d8ee27133c42c244c81d150008ababc19399c7ed428638b57ea
1830,2019-09-12,81.8,84.0,81.8,83.8,125682,,,,,historical_baseline,,fe33df9ae5456d8ee27133c42c244c81d150008ababc19399c7ed428638b57ea
1830,2019-09-15,82.1,85.0,82.0,85.0,50608,,,,,historical_baseline,,fe33df9ae5456d8ee27133c42c244c81d150008ababc19399c7ed428638b57ea
1830,2019-09-16,85.0,87.4,84.1,86.0,158369,,,,,historical_baseline,,fe33df9ae5456d8ee27133c42c244c81d150008ababc19399c7ed428638b57ea
1830,2019-09-17,86.3,86.3,85.0,85.4,188410,,,,,historical_baseline,,fe33df9ae5456d8ee27133c42c244c81d150008ababc19399c7ed428638b57ea
1830,2019-09-18,85.5,86.3,84.6,85.0,86047,,,,,historical_baseline,,fe33df9ae5456d8ee27133c42c244c81d150008ababc19399c7ed428638b57ea
1830,2019-09-19,84.0,86.0,84.0,85.8,586477,,,,,historical_baseline,,fe33df9ae5456d8ee27133c42c244c81d150008ababc19399c7ed428638b57ea
1830,2019-09-22,85.5,85.8,85.2,85.2,32716,,,,,historical_baseline,,fe33df9ae5456d8ee27133c42c244c81d150008ababc19399c7ed428638b57ea
1830,2019-09-24,85.3,85.5,84.9,85.3,34977,,,,,historical_baseline,,fe33df9ae5456d8ee27133c42c244c81d150008ababc19399c7ed428638b57ea
1830,2019-09-25,85.0,85.1,83.6,84.0,29501,,,,,historical_baseline,,fe33df9ae5456d8ee27133c42c244c81d150008ababc19399c7ed428638b57ea
1830,2019-09-26,84.2,84.3,82.4,82.5,95890,,,,,historical_baseline,,fe33df9ae5456d8ee27133c42c244c81d150008ababc19399c7ed428638b57ea
1830,2019-09-29,82.5,83.5,82.0,83.0,53950,,,,,historical_baseline,,fe33df9ae5456d8ee27133c42c244c81d150008ababc19399c7ed428638b57ea
1830,2019-09-30,83.2,83.6,81.6,81.6,192762,,,,,historical_baseline,,fe33df9ae5456d8ee27133c42c244c81d150008ababc19399c7ed428638b57ea
2001,2019-09-01,14.25,14.25,14.0,14.16,327587,,,,,historical_baseline,,fe33df9ae5456d8ee27133c42c244c81d150008ababc19399c7ed428638b57ea
2001,2019-09-02,14.16,14.27,14.12,14.27,262560,,,,,historical_baseline,,fe33df9ae5456d8ee27133c42c244c81d150008ababc19399c7ed428638b57ea
2001,2019-09-03,14.27,14.38,14.16,14.29,459905,,,,,historical_baseline,,fe33df9ae5456d8ee27133c42c244c81d150008ababc19399c7ed428638b57ea
2001,2019-09-04,14.27,14.39,14.27,14.32,183039,,,,,historical_baseline,,fe33df9ae5456d8ee27133c42c244c81d150008ababc19399c7ed428638b57ea
2001,2019-09-05,14.34,14.64,14.32,14.57,1036051,,,,,historical_baseline,,fe33df9ae5456d8ee27133c42c244c81d150008ababc19399c7ed428638b57ea
2001,2019-09-08,14.57,14.59,14.46,14.48,410006,,,,,historical_baseline,,fe33df9ae5456d8ee27133c42c244c81d150008ababc19399c7ed428638b57ea
2001,2019-09-09,14.48,14.48,14.39,14.39,298212,,,,,historical_baseline,,fe33df9ae5456d8ee27133c42c244c81d150008ababc19399c7ed428638b57ea
2001,2019-09-10,14.36,14.36,14.21,14.21,382447,,,,,historical_baseline,,fe33df9ae5456d8ee27133c42c244c81d150008ababc19399c7ed428638b57ea
2001,2019-09-11,14.21,14.23,13.95,14.09,455261,,,,,historical_baseline,,fe33df9ae5456d8ee27133c42c244c81d150008ababc19399c7ed428638b57ea
2001,2019-09-12,14.09,14.12,13.95,14.07,204901,,,,,historical_baseline,,fe33df9ae5456d8ee27133c42c244c81d150008ababc19399c7ed428638b57ea
2001,2019-09-15,13.77,14.0,13.7,13.84,339793,,,,,historical_baseline,,fe33df9ae5456d8ee27133c42c244c81d150008ababc19399c7ed428638b57ea
2001,2019-09-16,13.89,13.95,13.8,13.86,296764,,,,,historical_baseline,,fe33df9ae5456d8ee27133c42c244c81d150008ababc19399c7ed428638b57ea
2001,2019-09-17,13.86,13.95,13.86,13.91,228941,,,,,historical_baseline,,fe33df9ae5456d8ee27133c42c244c81d150008ababc19399c7ed428638b57ea
2001,2019-09-18,13.98,14.07,13.91,13.95,256712,,,,,historical_baseline,,fe33df9ae5456d8ee27133c42c244c81d150008ababc19399c7ed428638b57ea
2001,2019-09-19,13.8,13.89,13.8,13.84,394945,,,,,historical_baseline,,fe33df9ae5456d8ee27133c42c244c81d150008ababc19399c7ed428638b57ea
2001,2019-09-22,13.91,14.12,13.89,14.07,215177,,,,,historical_baseline,,fe33df9ae5456d8ee27133c42c244c81d150008ababc19399c7ed428638b57ea
2001,2019-09-24,14.12,14.25,14.09,14.25,317656,,,,,historical_baseline,,fe33df9ae5456d8ee27133c42c244c81d150008ababc19399c7ed428638b57ea
2001,2019-09-25,14.27,14.43,14.25,14.34,597719,,,,,historical_baseline,,fe33df9ae5456d8ee27133c42c244c81d150008ababc19399c7ed428638b57ea
2001,2019-09-26,14.39,14.59,14.38,14.45,542206,,,,,historical_baseline,,fe33df9ae5456d8ee27133c42c244c81d150008ababc19399c7ed428638b57ea
2001,2019-09-29,14.45,14.59,14.41,14.48,304170,,,,,historical_baseline,,fe33df9ae5456d8ee27133c42c244c81d150008ababc19399c7ed428638b57ea
2001,2019-09-30,14.46,14.57,14.39,14.39,443496,,,,,historical_baseline,,fe33df9ae5456d8ee27133c42c244c81d150008ababc19399c7ed428638b57ea
2010,2019-09-01,99.9,100.0,99.0,99.7,1167202,,,,,historical_baseline,,fe33df9ae5456d8ee27133c42c244c81d150008ababc19399c7ed428638b57ea
2010,2019-09-02,100.0,101.4,99.0,100.2,2065230,,,,,historical_baseline,,fe33df9ae5456d8ee27133c42c244c81d150008ababc19399c7ed428638b57ea
2010,2019-09-03,100.0,100.8,99.7,99.7,1870825,,,,,historical_baseline,,fe33df9ae5456d8ee27133c42c244c81d150008ababc19399c7ed428638b57ea
2010,2019-09-04,100.0,100.8,99.9,100.8,3342446,,,,,historical_baseline,,fe33df9ae5456d8ee27133c42c244c81d150008ababc19399c7ed428638b57ea
2010,2019-09-05,100.8,101.2,99.5,99.9,3431039,,,,,historical_baseline,,fe33df9ae5456d8ee27133c42c244c81d150008ababc19399c7ed428638b57ea
2010,2019-09-08,100.6,100.6,99.9,100.2,1434506,,,,,historical_baseline,,fe33df9ae5456d8ee27133c42c244c81d150008ababc19399c7ed428638b57ea
2010,2019-09-09,100.2,100.4,99.3,99.3,3657585,,,,,historical_baseline,,fe33df9ae5456d8ee27133c42c244c81d150008ababc19399c7ed428638b57ea
2010,2019-09-10,99.3,99.3,96.4,96.5,3446368,,,,,historical_baseline,,fe33df9ae5456d8ee27133c42c244c81d150008ababc19399c7ed428638b57ea
2010,2019-09-11,96.5,96.7,92.6,94.4,5747957,,,,,historical_baseline,,fe33df9ae5456d8ee27133c42c244c81d150008ababc19399c7ed428638b57ea
2010,2019-09-12,93.4,94.4,92.8,93.4,3978073,,,,,historical_baseline,,fe33df9ae5456d8ee27133c42c244c81d150008ababc19399c7ed428638b57ea
2010,2019-09-15,90.0,92.0,88.7,91.0,3354913,,,,,historical_baseline,,fe33df9ae5456d8ee27133c42c244c81d150008ababc19399c7ed428638b57ea
2010,2019-09-16,91.6,93.4,90.7,92.8,4229530,,,,,historical_baseline,,fe33df9ae5456d8ee27133c42c244c81d150008ababc19399c7ed428638b57ea
2010,2019-09-17,91.2,91.5,88.9,89.8,4958113,,,,,historical_baseline,,fe33df9ae5456d8ee27133c42c244c81d150008ababc19399c7ed428638b57ea
2010,2019-09-18,91.0,91.5,89.6,90.0,3455216,,,,,historical_baseline,,fe33df9ae5456d8ee27133c42c244c81d150008ababc19399c7ed428638b57ea
2010,2019-09-19,90.0,91.8,87.7,91.8,14214078,,,,,historical_baseline,,fe33df9ae5456d8ee27133c42c244c81d150008ababc19399c7ed428638b57ea
2010,2019-09-22,91.4,92.7,91.1,92.4,1095719,,,,,historical_baseline,,fe33df9ae5456d8ee27133c42c244c81d150008ababc19399c7ed428638b57ea
2010,2019-09-24,92.6,93.9,92.1,93.5,3007391,,,,,historical_baseline,,fe33df9ae5456d8ee27133c42c244c81d150008ababc19399c7ed428638b57ea
2010,2019-09-25,93.5,93.5,92.4,92.8,2631052,,,,,historical_baseline,,fe33df9ae5456d8ee27133c42c244c81d150008ababc19399c7ed428638b57ea
2010,2019-09-26,92.7,93.1,92.0,92.8,2239340,,,,,historical_baseline,,fe33df9ae5456d8ee27133c42c244c81d150008ababc19399c7ed428638b57ea
2010,2019-09-29,93.0,93.0,91.7,92.0,2411079,,,,,historical_baseline,,fe33df9ae5456d8ee27133c42c244c81d150008ababc19399c7ed428638b57ea
2010,2019-09-30,92.1,92.5,91.8,92.0,3796285,,,,,historical_baseline,,fe33df9ae5456d8ee27133c42c244c81d150008ababc19399c7ed428638b57ea
2020,2019-09-01,79.1,79.6,78.6,79.3,43069,,,,,historical_baseline,,fe33df9ae5456d8ee27133c42c244c81d150008ababc19399c7ed428638b57ea
2020,2019-09-02,79.3,80.5,78.6,79.5,137330,,,,,historical_baseline,,fe33df9ae5456d8ee27133c42c244c81d150008ababc19399c7ed428638b57ea
2020,2019-09-03,79.3,82.0,79.3,80.7,205775,,,,,historical_baseline,,fe33df9ae5456d8ee27133c42c244c81d150008ababc19399c7ed428638b57ea
2020,2019-09-04,81.7,82.0,81.3,81.9,187360,,,,,historical_baseline,,fe33df9ae5456d8ee27133c42c244c81d150008ababc19399c7ed428638b57ea
2020,2019-09-05,81.1,82.0,80.9,81.3,276344,,,,,historical_baseline,,fe33df9ae5456d8ee27133c42c244c81d150008ababc19399c7ed428638b57ea
2020,2019-09-08,82.0,82.0,81.0,81.1,57493,,,,,historical_baseline,,fe33df9ae5456d8ee27133c42c244c81d150008ababc19399c7ed428638b57ea
2020,2019-09-09,81.0,81.0,80.2,80.5,438100,,,,,historical_baseline,,fe33df9ae5456d8ee27133c42c244c81d150008ababc19399c7ed428638b57ea
2020,2019-09-10,80.5,80.5,78.7,80.0,234257,,,,,historical_baseline,,fe33df9ae5456d8ee27133c42c244c81d150008ababc19399c7ed428638b57ea
2020,2019-09-11,79.8,79.8,78.5,79.7,150809,,,,,historical_baseline,,fe33df9ae5456d8ee27133c42c244c81d150008ababc19399c7ed428638b57ea
2020,2019-09-12,79.0,79.8,78.5,78.5,143704,,,,,historical_baseline,,fe33df9ae5456d8ee27133c42c244c81d150008ababc19399c7ed428638b57ea
2020,2019-09-15,76.5,78.5,76.0,76.5,396782,,,,,historical_baseline,,fe33df9ae5456d8ee27133c42c244c81d150008ababc19399c7ed428638b57ea
2020,2019-09-16,76.3,77.0,75.0,76.8,487913,,,,,historical_baseline,,fe33df9ae5456d8ee27133c42c244c81d150008ababc19399c7ed428638b57ea
2020,2019-09-17,76.1,77.1,74.7,76.2,397837,,,,,historical_baseline,,fe33df9ae5456d8ee27133c42c244c81d150008ababc19399c7ed428638b57ea
2020,2019-09-18,76.3,77.7,75.6,77.7,413656,,,,,historical_baseline,,fe33df9ae5456d8ee27133c42c244c81d150008ababc19399c7ed428638b57ea
2020,2019-09-19,76.9,82.0,76.0,82.0,2654747,,,,,historical_baseline,,fe33df9ae5456d8ee27133c42c244c81d150008ababc19399c7ed428638b57ea
2020,2019-09-22,81.5,81.8,80.8,81.7,70632,,,,,historical_baseline,,fe33df9ae5456d8ee27133c42c244c81d150008ababc19399c7ed428638b57ea
2020,2019-09-24,82.0,83.4,80.6,83.1,245713,,,,,historical_baseline,,fe33df9ae5456d8ee27133c42c244c81d150008ababc19399c7ed428638b57ea
2020,2019-09-25,82.1,83.9,82.1,82.5,256631,,,,,historical_baseline,,fe33df9ae5456d8ee27133c42c244c81d150008ababc19399c7ed428638b57ea
2020,2019-09-26,83.0,83.0,81.6,81.7,170057,,,,,historical_baseline,,fe33df9ae5456d8ee27133c42c244c81d150008ababc19399c7ed428638b57ea
2020,2019-09-29,81.7,81.9,81.0,81.3,38986,,,,,historical_baseline,,fe33df9ae5456d8ee27133c42c244c81d150008ababc19399c7ed428638b57ea
2020,2019-09-30,81.2,81.4,80.3,80.3,398341,,,,,historical_baseline,,fe33df9ae5456d8ee27133c42c244c81d150008ababc19399c7ed428638b57ea
2030,2019-09-01,43.0,43.55,42.45,43.25,413147,,,,,historical_baseline,,fe33df9ae5456d8ee27133c42c244c81d150008ababc19399c7ed428638b57ea
2030,2019-09-02,43.05,44.2,43.0,44.1,560839,,,,,historical_baseline,,fe33df9ae5456d8ee27133c42c244c81d150008ababc19399c7ed428638b57ea
2030,2019-09-03,44.2,44.45,43.6,44.3,499428,,,,,historical_baseline,,fe33df9ae5456d8ee27133c42c244c81d150008ababc19399c7ed428638b57ea
2030,2019-09-04,44.1,44.4,43.85,44.35,318654,,,,,historical_baseline,,fe33df9ae5456d8ee27133c42c244c81d150008ababc19399c7ed428638b57ea
2030,2019-09-05,44.45,44.5,43.5,43.5,427016,,,,,historical_baseline,,fe33df9ae5456d8ee27133c42c244c81d150008ababc19399c7ed428638b57ea
2030,2019-09-08,43.9,44.75,43.65,44.0,604905,,,,,historical_baseline,,fe33df9ae5456d8ee27133c42c244c81d150008ababc19399c7ed428638b57ea
2030,2019-09-09,44.0,44.0,43.05,43.1,312078,,,,,historical_baseline,,fe33df9ae5456d8ee27133c42c244c81d150008ababc19399c7ed428638b57ea
2030,2019-09-10,43.05,43.1,41.5,41.5,435178,,,,,historical_baseline,,fe33df9ae5456d8ee27133c42c244c81d150008ababc19399c7ed428638b57ea
2030,2019-09-11,41.05,41.6,40.7,41.15,391771,,,,,historical_baseline,,fe33df9ae5456d8ee27133c42c244c81d150008ababc19399c7ed428638b57ea
2030,2019-09-12,41.45,42.3,41.3,41.3,416507,,,,,historical_baseline,,fe33df9ae5456d8ee27133c42c244c81d150008ababc19399c7ed428638b57ea
2030,2019-09-15,40.7,41.4,40.4,41.0,260198,,,,,historical_baseline,,fe33df9ae5456d8ee27133c42c244c81d150008ababc19399c7ed428638b57ea
2030,2019-09-16,41.5,41.5,39.8,40.15,439409,,,,,historical_baseline,,fe33df9ae5456d8ee27133c42c244c81d150008ababc19399c7ed428638b57ea
2030,2019-09-17,40.25,40.6,39.3,39.35,576823,,,,,historical_baseline,,fe33df9ae5456d8ee27133c42c244c81d150008ababc19399c7ed428638b57ea
2030,2019-09-18,39.9,40.3,39.4,40.0,371172,,,,,historical_baseline,,fe33df9ae5456d8ee27133c42c244c81d150008ababc19399c7ed428638b57ea
2030,2019-09-19,39.95,40.3,39.5,39.8,286595,,,,,historical_baseline,,fe33df9ae5456d8ee27133c42c244c81d150008ababc19399c7ed428638b57ea
2030,2019-09-22,40.0,42.8,39.8,42.4,898743,,,,,historical_baseline,,fe33df9ae5456d8ee27133c42c244c81d150008ababc19399c7ed428638b57ea
2030,2019-09-24,42.7,42.95,42.1,42.4,500396,,,,,historical_baseline,,fe33df9ae5456d8ee27133c42c244c81d150008ababc19399c7ed428638b57ea
2030,2019-09-25,42.5,43.75,42.25,43.0,651082,,,,,historical_baseline,,fe33df9ae5456d8ee27133c42c244c81d150008ababc19399c7ed428638b57ea
2030,2019-09-26,43.0,43.6,42.75,42.9,408078,,,,,historical_baseline,,fe33df9ae5456d8ee27133c42c244c81d150008ababc19399c7ed428638b57ea
2030,2019-09-29,43.1,43.7,42.85,43.0,549934,,,,,historical_baseline,,fe33df9ae5456d8ee27133c42c244c81d150008ababc19399c7ed428638b57ea
2030,2019-09-30,43.2,43.4,42.85,42.95,290199,,,,,historical_baseline,,fe33df9ae5456d8ee27133c42c244c81d150008ababc19399c7ed428638b57ea
2040,2019-09-01,16.88,16.88,16.65,16.82,88259,,,,,historical_baseline,,fe33df9ae5456d8ee27133c42c244c81d150008ababc19399c7ed428638b57ea
2040,2019-09-02,16.88,17.55,16.88,17.46,424163,,,,,historical_baseline,,fe33df9ae5456d8ee27133c42c244c81d150008ababc19399c7ed428638b57ea
2040,2019-09-03,17.48,17.58,17.27,17.27,242224,,,,,historical_baseline,,fe33df9ae5456d8ee27133c42c244c81d150008ababc19399c7ed428638b57ea
2040,2019-09-04,17.33,17.48,17.28,17.48,109904,,,,,historical_baseline,,fe33df9ae5456d8ee27133c42c244c81d150008ababc19399c7ed428638b57ea
2040,2019-09-05,17.49,17.49,17.03,17.15,315762,,,,,historical_baseline,,fe33df9ae5456d8ee27133c42c244c81d150008ababc19399c7ed428638b57ea
2040,2019-09-08,17.15,17.58,17.12,17.4,275957,,,,,historical_baseline,,fe33df9ae5456d8ee27133c42c244c81d150008ababc19399c7ed428638b57ea
2040,2019-09-09,17.37,17.37,17.18,17.18,302738,,,,,historical_baseline,,fe33df9ae5456d8ee27133c42c244c81d150008ababc19399c7ed428638b57ea
2040,2019-09-10,17.12,17.15,16.56,16.56,318153,,,,,historical_baseline,,fe33df9ae5456d8ee27133c42c244c81d150008ababc19399c7ed428638b57ea
2040,2019-09-11,16.49,16.5,16.13,16.43,382633,,,,,historical_baseline,,fe33df9ae5456d8ee27133c42c244c81d150008ababc19399c7ed428638b57ea
2040,2019-09-12,16.43,16.64,16.43,16.49,118695,,,,,historical_baseline,,fe33df9ae5456d8ee27133c42c244c81d150008ababc19399c7ed428638b57ea
2040,2019-09-15,16.43,16.58,16.13,16.43,128623,,,,,historical_baseline,,fe33df9ae5456d8ee27133c42c244c81d150008ababc19399c7ed428638b57ea
2040,2019-09-16,16.44,16.62,16.34,16.44,196936,,,,,historical_baseline,,fe33df9ae5456d8ee27133c42c244c81d150008ababc19399c7ed428638b57ea
2040,2019-09-17,16.31,16.35,16.14,16.35,117835,,,,,historical_baseline,,fe33df9ae5456d8ee27133c42c244c81d150008ababc19399c7ed428638b57ea
2040,2019-09-18,16.47,16.47,16.23,16.28,88807,,,,,historical_baseline,,fe33df9ae5456d8ee27133c42c244c81d150008ababc19399c7ed428638b57ea
2040,2019-09-19,16.28,16.59,16.25,16.59,500177,,,,,historical_baseline,,fe33df9ae5456d8ee27133c42c244c81d150008ababc19399c7ed428638b57ea
2040,2019-09-22,16.59,18.14,16.59,17.85,852472,,,,,historical_baseline,,fe33df9ae5456d8ee27133c42c244c81d150008ababc19399c7ed428638b57ea
2040,2019-09-24,18.0,19.35,18.0,19.13,1125462,,,,,historical_baseline,,fe33df9ae5456d8ee27133c42c244c81d150008ababc19399c7ed428638b57ea
2040,2019-09-25,19.35,20.03,18.9,19.05,848355,,,,,historical_baseline,,fe33df9ae5456d8ee27133c42c244c81d150008ababc19399c7ed428638b57ea
2040,2019-09-26,19.02,19.35,18.68,18.83,792575,,,,,historical_baseline,,fe33df9ae5456d8ee27133c42c244c81d150008ababc19399c7ed428638b57ea
2040,2019-09-29,18.98,19.05,18.45,18.45,379105,,,,,historical_baseline,,fe33df9ae5456d8ee27133c42c244c81d150008ababc19399c7ed428638b57ea
2040,2019-09-30,18.45,19.2,18.45,19.05,601820,,,,,historical_baseline,,fe33df9ae5456d8ee27133c42c244c81d150008ababc19399c7ed428638b57ea
2050,2019-09-01,30.85,31.5,30.0,30.4,447848,,,,,historical_baseline,,fe33df9ae5456d8ee27133c42c244c81d150008ababc19399c7ed428638b57ea
2050,2019-09-02,30.4,30.6,30.2,30.5,564228,,,,,historical_baseline,,fe33df9ae5456d8ee27133c42c244c81d150008ababc19399c7ed428638b57ea
2050,2019-09-03,30.35,30.8,30.2,30.2,518065,,,,,historical_baseline,,fe33df9ae5456d8ee27133c42c244c81d150008ababc19399c7ed428638b57ea
2050,2019-09-04,30.3,30.75,30.2,30.3,394910,,,,,historical_baseline,,fe33df9ae5456d8ee27133c42c244c81d150008ababc19399c7ed428638b57ea
2050,2019-09-05,30.5,30.6,29.75,30.0,816553,,,,,historical_baseline,,fe33df9ae5456d8ee27133c42c244c81d150008ababc19399c7ed428638b57ea
2050,2019-09-08,30.0,30.15,29.7,29.7,183319,,,,,historical_baseline,,fe33df9ae5456d8ee27133c42c244c81d150008ababc19399c7ed428638b57ea
2050,2019-09-09,29.75,30.0,29.4,29.75,645604,,,,,historical_baseline,,fe33df9ae5456d8ee27133c42c244c81d150008ababc19399c7ed428638b57ea
2050,2019-09-10,29.7,29.95,29.45,29.95,451199,,,,,historical_baseline,,fe33df9ae5456d8ee27133c42c244c81d150008ababc19399c7ed428638b57ea
2050,2019-09-11,29.8,29.8,29.35,29.65,439131,,,,,historical_baseline,,fe33df9ae5456d8ee27133c42c244c81d150008ababc19399c7ed428638b57ea
2050,2019-09-12,29.65,30.1,29.5,30.1,241712,,,,,historical_baseline,,fe33df9ae5456d8ee27133c42c244c81d150008ababc19399c7ed428638b57ea
2050,2019-09-15,29.05,30.2,29.05,29.95,177256,,,,,historical_baseline,,fe33df9ae5456d8ee27133c42c244c81d150008ababc19399c7ed428638b57ea
2050,2019-09-16,30.05,30.6,29.6,30.45,832300,,,,,historical_baseline,,fe33df9ae5456d8ee27133c42c244c81d150008ababc19399c7ed428638b57ea
2050,2019-09-17,30.35,30.5,29.9,30.1,756629,,,,,historical_baseline,,fe33df9ae5456d8ee27133c42c244c81d150008ababc19399c7ed428638b57ea
2050,2019-09-18,30.1,30.35,30.0,30.3,476421,,,,,historical_baseline,,fe33df9ae5456d8ee27133c42c244c81d150008ababc19399c7ed428638b57ea
2050,2019-09-19,30.4,31.15,30.3,31.15,3949154,,,,,historical_baseline,,fe33df9ae5456d8ee27133c42c244c81d150008ababc19399c7ed428638b57ea
2050,2019-09-22,30.7,31.1,30.7,31.1,90782,,,,,historical_baseline,,fe33df9ae5456d8ee27133c42c244c81d150008ababc19399c7ed428638b57ea
2050,2019-09-24,31.1,31.55,30.9,31.15,572073,,,,,historical_baseline,,fe33df9ae5456d8ee27133c42c244c81d150008ababc19399c7ed428638b57ea
2050,2019-09-25,31.0,31.25,30.7,30.9,551916,,,,,historical_baseline,,fe33df9ae5456d8ee27133c42c244c81d150008ababc19399c7ed428638b57ea
2050,2019-09-26,30.95,31.2,30.8,30.95,270086,,,,,historical_baseline,,fe33df9ae5456d8ee27133c42c244c81d150008ababc19399c7ed428638b57ea
2050,2019-09-29,31.0,31.15,30.8,31.0,77301,,,,,historical_baseline,,fe33df9ae5456d8ee27133c42c244c81d150008ababc19399c7ed428638b57ea
2050,2019-09-30,31.0,31.15,30.85,30.85,722690,,,,,historical_baseline,,fe33df9ae5456d8ee27133c42c244c81d150008ababc19399c7ed428638b57ea
2060,2019-09-01,13.7,13.7,13.42,13.46,2913848,,,,,historical_baseline,,fe33df9ae5456d8ee27133c42c244c81d150008ababc19399c7ed428638b57ea
2060,2019-09-02,13.46,13.68,13.44,13.56,3218926,,,,,historical_baseline,,fe33df9ae5456d8ee27133c42c244c81d150008ababc19399c7ed428638b57ea
2060,2019-09-03,13.6,13.62,13.4,13.48,2574168,,,,,historical_baseline,,fe33df9ae5456d8ee27133c42c244c81d150008ababc19399c7ed428638b57ea
2060,2019-09-04,13.44,13.6,13.44,13.6,2416381,,,,,historical_baseline,,fe33df9ae5456d8ee27133c42c244c81d150008ababc19399c7ed428638b57ea
2060,2019-09-05,13.68,13.7,13.5,13.56,2278843,,,,,historical_baseline,,fe33df9ae5456d8ee27133c42c244c81d150008ababc19399c7ed428638b57ea
2060,2019-09-08,13.62,13.7,13.58,13.62,1281845,,,,,historical_baseline,,fe33df9ae5456d8ee27133c42c244c81d150008ababc19399c7ed428638b57ea
2060,2019-09-09,13.7,13.78,13.62,13.76,1953029,,,,,historical_baseline,,fe33df9ae5456d8ee27133c42c244c81d150008ababc19399c7ed428638b57ea
2060,2019-09-10,13.76,13.78,13.18,13.24,3431779,,,,,historical_baseline,,fe33df9ae5456d8ee27133c42c244c81d150008ababc19399c7ed428638b57ea
2060,2019-09-11,13.24,13.24,12.84,12.98,4021050,,,,,historical_baseline,,fe33df9ae5456d8ee27133c42c244c81d150008ababc19399c7ed428638b57ea
2060,2019-09-12,12.98,13.16,12.96,12.98,2165492,,,,,historical_baseline,,fe33df9ae5456d8ee27133c42c244c81d150008ababc19399c7ed428638b57ea
2060,2019-09-15,12.5,12.78,12.42,12.76,2236172,,,,,historical_baseline,,fe33df9ae5456d8ee27133c42c244c81d150008ababc19399c7ed428638b57ea
2060,2019-09-16,12.76,12.8,12.36,12.7,3051375,,,,,historical_baseline,,fe33df9ae5456d8ee27133c42c244c81d150008ababc19399c7ed428638b57ea
2060,2019-09-17,12.72,12.72,12.4,12.42,1733550,,,,,historical_baseline,,fe33df9ae5456d8ee27133c42c244c81d150008ababc19399c7ed428638b57ea
2060,2019-09-18,12.72,12.8,12.62,12.64,1605574,,,,,historical_baseline,,fe33df9ae5456d8ee27133c42c244c81d150008ababc19399c7ed428638b57ea
2060,2019-09-19,12.64,12.88,12.56,12.88,4740388,,,,,historical_baseline,,fe33df9ae5456d8ee27133c42c244c81d150008ababc19399c7ed428638b57ea
2060,2019-09-22,12.8,13.06,12.76,13.02,1936857,,,,,historical_baseline,,fe33df9ae5456d8ee27133c42c244c81d150008ababc19399c7ed428638b57ea
2060,2019-09-24,13.08,13.18,13.0,13.16,2039307,,,,,historical_baseline,,fe33df9ae5456d8ee27133c42c244c81d150008ababc19399c7ed428638b57ea
2060,2019-09-25,13.2,13.36,13.08,13.22,2764689,,,,,historical_baseline,,fe33df9ae5456d8ee27133c42c244c81d150008ababc19399c7ed428638b57ea
2060,2019-09-26,13.24,13.46,13.22,13.24,2868249,,,,,historical_baseline,,fe33df9ae5456d8ee27133c42c244c81d150008ababc19399c7ed428638b57ea
2060,2019-09-29,13.26,13.3,13.18,13.3,1225341,,,,,historical_baseline,,fe33df9ae5456d8ee27133c42c244c81d150008ababc19399c7ed428638b57ea
2060,2019-09-30,13.34,13.42,13.3,13.34,2001138,,,,,historical_baseline,,fe33df9ae5456d8ee27133c42c244c81d150008ababc19399c7ed428638b57ea
2070,2019-09-01,25.55,26.0,25.55,26.0,19791,,,,,historical_baseline,,fe33df9ae5456d8ee27133c42c244c81d150008ababc19399c7ed428638b57ea
2070,2019-09-02,25.6,25.8,25.6,25.75,16946,,,,,historical_baseline,,fe33df9ae5456d8ee27133c42c244c81d150008ababc19399c7ed428638b57ea
2070,2019-09-03,25.8,25.9,25.7,25.7,32610,,,,,historical_baseline,,fe33df9ae5456d8ee27133c42c244c81d150008ababc19399c7ed428638b57ea
2070,2019-09-04,25.65,26.0,25.65,26.0,38673,,,,,historical_baseline,,fe33df9ae5456d8ee27133c42c244c81d150008ababc19399c7ed428638b57ea
2070,2019-09-05,26.1,26.1,25.7,25.8,39139,,,,,historical_baseline,,fe33df9ae5456d8ee27133c42c244c81d150008ababc19399c7ed428638b57ea
2070,2019-09-08,25.8,25.8,25.75,25.8,17186,,,,,historical_baseline,,fe33df9ae5456d8ee27133c42c244c81d150008ababc19399c7ed428638b57ea
2070,2019-09-09,25.9,25.9,25.6,25.85,33069,,,,,historical_baseline,,fe33df9ae5456d8ee27133c42c244c81d150008ababc19399c7ed428638b57ea
2070,2019-09-10,25.9,25.9,25.6,25.6,154252,,,,,historical_baseline,,fe33df9ae5456d8ee27133c42c244c81d150008ababc19399c7ed428638b57ea
2070,2019-09-11,25.5,25.65,25.4,25.5,95999,,,,,historical_baseline,,fe33df9ae5456d8ee27133c42c244c81d150008ababc19399c7ed428638b57ea
2070,2019-09-12,25.5,25.55,25.5,25.5,53471,,,,,historical_baseline,,fe33df9ae5456d8ee27133c42c244c81d150008ababc19399c7ed428638b57ea
2070,2019-09-15,25.5,25.7,25.5,25.65,141665,,,,,historical_baseline,,fe33df9ae5456d8ee27133c42c244c81d150008ababc19399c7ed428638b57ea
2070,2019-09-16,25.6,25.75,25.55,25.65,64121,,,,,historical_baseline,,fe33df9ae5456d8ee27133c42c244c81d150008ababc19399c7ed428638b57ea
2070,2019-09-17,25.6,25.65,25.4,25.4,81407,,,,,historical_baseline,,fe33df9ae5456d8ee27133c42c244c81d150008ababc19399c7ed428638b57ea
2070,2019-09-18,25.4,25.6,25.4,25.55,48267,,,,,historical_baseline,,fe33df9ae5456d8ee27133c42c244c81d150008ababc19399c7ed428638b57ea
2070,2019-09-19,25.6,26.05,25.4,26.05,272677,,,,,historical_baseline,,fe33df9ae5456d8ee27133c42c244c81d150008ababc19399c7ed428638b57ea
2070,2019-09-22,26.05,26.05,26.05,26.05,0,,,,,historical_baseline,,fe33df9ae5456d8ee27133c42c244c81d150008ababc19399c7ed428638b57ea
2070,2019-09-24,25.75,25.95,25.7,25.95,101888,,,,,historical_baseline,,fe33df9ae5456d8ee27133c42c244c81d150008ababc19399c7ed428638b57ea
2070,2019-09-25,25.95,26.05,25.8,26.0,102816,,,,,historical_baseline,,fe33df9ae5456d8ee27133c42c244c81d150008ababc19399c7ed428638b57ea
2070,2019-09-26,25.9,26.15,25.9,26.1,246707,,,,,historical_baseline,,fe33df9ae5456d8ee27133c42c244c81d150008ababc19399c7ed428638b57ea
2070,2019-09-29,25.9,26.0,25.9,25.95,12865,,,,,historical_baseline,,fe33df9ae5456d8ee27133c42c244c81d150008ababc19399c7ed428638b57ea
2070,2019-09-30,26.0,26.3,25.9,26.3,164262,,,,,historical_baseline,,fe33df9ae5456d8ee27133c42c244c81d150008ababc19399c7ed428638b57ea
2080,2019-09-01,29.35,29.45,29.25,29.35,68686,,,,,historical_baseline,,fe33df9ae5456d8ee27133c42c244c81d150008ababc19399c7ed428638b57ea
2080,2019-09-02,29.3,29.4,29.25,29.4,120770,,,,,historical_baseline,,fe33df9ae5456d8ee27133c42c244c81d150008ababc19399c7ed428638b57ea
2080,2019-09-03,29.3,29.55,29.3,29.55,145960,,,,,historical_baseline,,fe33df9ae5456d8ee27133c42c244c81d150008ababc19399c7ed428638b57ea
2080,2019-09-04,29.55,29.55,29.35,29.55,56901,,,,,historical_baseline,,fe33df9ae5456d8ee27133c42c244c81d150008ababc19399c7ed428638b57ea
2080,2019-09-05,29.6,29.6,29.45,29.6,182006,,,,,historical_baseline,,fe33df9ae5456d8ee27133c42c244c81d150008ababc19399c7ed428638b57ea
2080,2019-09-08,29.45,29.7,29.45,29.7,101326,,,,,historical_baseline,,fe33df9ae5456d8ee27133c42c244c81d150008ababc19399c7ed428638b57ea
2080,2019-09-09,29.7,30.1,29.7,29.9,208454,,,,,historical_baseline,,fe33df9ae5456d8ee27133c42c244c81d150008ababc19399c7ed428638b57ea
2080,2019-09-10,30.0,30.0,29.65,29.65,90737,,,,,historical_baseline,,fe33df9ae5456d8ee27133c42c244c81d150008ababc19399c7ed428638b57ea
2080,2019-09-11,29.7,29.8,29.3,29.5,199462,,,,,historical_baseline,,fe33df9ae5456d8ee27133c42c244c81d150008ababc19399c7ed428638b57ea
2080,2019-09-12,29.6,29.7,29.6,29.65,34342,,,,,historical_baseline,,fe33df9ae5456d8ee27133c42c244c81d150008ababc19399c7ed428638b57ea
2080,2019-09-15,29.3,29.65,29.25,29.55,157017,,,,,historical_baseline,,fe33df9ae5456d8ee27133c42c244c81d150008ababc19399c7ed428638b57ea
2080,2019-09-16,29.4,29.55,29.35,29.45,151795,,,,,historical_baseline,,fe33df9ae5456d8ee27133c42c244c81d150008ababc19399c7ed428638b57ea
2080,2019-09-17,29.45,29.5,29.25,29.25,99009,,,,,historical_baseline,,fe33df9ae5456d8ee27133c42c244c81d150008ababc19399c7ed428638b57ea
2080,2019-09-18,29.4,29.4,29.1,29.3,103109,,,,,historical_baseline,,fe33df9ae5456d8ee27133c42c244c81d150008ababc19399c7ed428638b57ea
2080,2019-09-19,29.3,29.4,29.25,29.4,414847,,,,,historical_baseline,,fe33df9ae5456d8ee27133c42c244c81d150008ababc19399c7ed428638b57ea
2080,2019-09-22,29.35,29.5,29.35,29.5,131826,,,,,historical_baseline,,fe33df9ae5456d8ee27133c42c244c81d150008ababc19399c7ed428638b57ea
2080,2019-09-24,29.55,29.85,29.5,29.8,165428,,,,,historical_baseline,,fe33df9ae5456d8ee27133c42c244c81d150008ababc19399c7ed428638b57ea
2080,2019-09-25,29.85,29.85,29.65,29.65,191878,,,,,historical_baseline,,fe33df9ae5456d8ee27133c42c244c81d150008ababc19399c7ed428638b57ea
2080,2019-09-26,29.65,29.7,29.55,29.65,56185,,,,,historical_baseline,,fe33df9ae5456d8ee27133c42c244c81d150008ababc19399c7ed428638b57ea
2080,2019-09-29,29.55,29.75,29.55,29.6,74481,,,,,historical_baseline,,fe33df9ae5456d8ee27133c42c244c81d150008ababc19399c7ed428638b57ea
2080,2019-09-30,29.7,29.9,29.7,29.85,123322,,,,,historical_baseline,,fe33df9ae5456d8ee27133c42c244c81d150008ababc19399c7ed428638b57ea
2090,2019-09-01,11.52,11.56,11.4,11.56,56414,,,,,historical_baseline,,fe33df9ae5456d8ee27133c42c244c81d150008ababc19399c7ed428638b57ea
2090,2019-09-02,11.54,11.6,11.4,11.6,298154,,,,,historical_baseline,,fe33df9ae5456d8ee27133c42c244c81d150008ababc19399c7ed428638b57ea
2090,2019-09-03,11.64,11.66,11.6,11.6,142580,,,,,historical_baseline,,fe33df9ae5456d8ee27133c42c244c81d150008ababc19399c7ed428638b57ea
2090,2019-09-04,11.64,11.7,11.6,11.7,142731,,,,,historical_baseline,,fe33df9ae5456d8ee27133c42c244c81d150008ababc19399c7ed428638b57ea
2090,2019-09-05,11.7,11.7,11.64,11.66,156365,,,,,historical_baseline,,fe33df9ae5456d8ee27133c42c244c81d150008ababc19399c7ed428638b57ea
2090,2019-09-08,11.7,11.74,11.66,11.66,40202,,,,,historical_baseline,,fe33df9ae5456d8ee27133c42c244c81d150008ababc19399c7ed428638b57ea
2090,2019-09-09,11.68,11.84,11.68,11.78,191203,,,,,historical_baseline,,fe33df9ae5456d8ee27133c42c244c81d150008ababc19399c7ed428638b57ea
2090,2019-09-10,11.7,11.7,11.68,11.68,48837,,,,,historical_baseline,,fe33df9ae5456d8ee27133c42c244c81d150008ababc19399c7ed428638b57ea
2090,2019-09-11,11.52,11.6,11.46,11.6,46122,,,,,historical_baseline,,fe33df9ae5456d8ee27133c42c244c81d150008ababc19399c7ed428638b57ea
2090,2019-09-12,11.6,11.6,11.52,11.58,24641,,,,,historical_baseline,,fe33df9ae5456d8ee27133c42c244c81d150008ababc19399c7ed428638b57ea
2090,2019-09-15,11.36,11.42,11.36,11.4,87326,,,,,historical_baseline,,fe33df9ae5456d8ee27133c42c244c81d150008ababc19399c7ed428638b57ea
2090,2019-09-16,11.44,11.44,11.38,11.4,65137,,,,,historical_baseline,,fe33df9ae5456d8ee27133c42c244c81d150008ababc19399c7ed428638b57ea
2090,2019-09-17,11.38,11.4,11.22,11.22,35169,,,,,historical_baseline,,fe33df9ae5456d8ee27133c42c244c81d150008ababc19399c7ed428638b57ea
2090,2019-09-18,11.24,11.26,11.24,11.24,19462,,,,,historical_baseline,,fe33df9ae5456d8ee27133c42c244c81d150008ababc19399c7ed428638b57ea
2090,2019-09-19,11.26,11.32,11.26,11.32,42586,,,,,historical_baseline,,fe33df9ae5456d8ee27133c42c244c81d150008ababc19399c7ed428638b57ea
2090,2019-09-22,11.42,11.44,11.4,11.44,33879,,,,,historical_baseline,,fe33df9ae5456d8ee27133c42c244c81d150008ababc19399c7ed428638b57ea
2090,2019-09-24,11.48,11.74,11.48,11.7,235196,,,,,historical_baseline,,fe33df9ae5456d8ee27133c42c244c81d150008ababc19399c7ed428638b57ea
2090,2019-09-25,11.7,12.86,11.7,12.2,1883695,,,,,historical_baseline,,fe33df9ae5456d8ee27133c42c244c81d150008ababc19399c7ed428638b57ea
2090,2019-09-26,12.24,12.26,12.0,12.04,392298,,,,,historical_baseline,,fe33df9ae5456d8ee27133c42c244c81d150008ababc19399c7ed428638b57ea
2090,2019-09-29,12.08,12.18,12.0,12.02,150921,,,,,historical_baseline,,fe33df9ae5456d8ee27133c42c244c81d150008ababc19399c7ed428638b57ea
2090,2019-09-30,12.04,12.3,12.0,12.2,374008,,,,,historical_baseline,,fe33df9ae5456d8ee27133c42c244c81d150008ababc19399c7ed428638b57ea
2100,2019-09-01,10.88,11.17,10.78,10.78,113238,,,,,historical_baseline,,fe33df9ae5456d8ee27133c42c244c81d150008ababc19399c7ed428638b57ea
2100,2019-09-02,10.78,10.94,10.66,10.86,92325,,,,,historical_baseline,,fe33df9ae5456d8ee27133c42c244c81d150008ababc19399c7ed428638b57ea
2100,2019-09-03,10.76,11.17,10.76,11.17,188984,,,,,historical_baseline,,fe33df9ae5456d8ee27133c42c244c81d150008ababc19399c7ed428638b57ea
2100,2019-09-04,11.17,11.17,11.06,11.1,68793,,,,,historical_baseline,,fe33df9ae5456d8ee27133c42c244c81d150008ababc19399c7ed428638b57ea
2100,2019-09-05,11.21,11.21,11.04,11.1,47158,,,,,historical_baseline,,fe33df9ae5456d8ee27133c42c244c81d150008ababc19399c7ed428638b57ea
2100,2019-09-08,11.06,11.06,11.06,11.06,13393,,,,,historical_baseline,,fe33df9ae5456d8ee27133c42c244c81d150008ababc19399c7ed428638b57ea
2100,2019-09-09,11.15,11.73,11.15,11.29,329274,,,,,historical_baseline,,fe33df9ae5456d8ee27133c42c244c81d150008ababc19399c7ed428638b57ea
2100,2019-09-10,11.25,11.25,10.92,10.96,153470,,,,,historical_baseline,,fe33df9ae5456d8ee27133c42c244c81d150008ababc19399c7ed428638b57ea
2100,2019-09-11,10.92,10.92,10.66,10.66,81425,,,,,historical_baseline,,fe33df9ae5456d8ee27133c42c244c81d150008ababc19399c7ed428638b57ea
2100,2019-09-12,10.66,11.0,10.56,10.92,134365,,,,,historical_baseline,,fe33df9ae5456d8ee27133c42c244c81d150008ababc19399c7ed428638b57ea
2100,2019-09-15,10.74,10.8,10.72,10.78,58657,,,,,historical_baseline,,fe33df9ae5456d8ee27133c42c244c81d150008ababc19399c7ed428638b57ea
2100,2019-09-16,10.86,10.86,10.66,10.68,57754,,,,,historical_baseline,,fe33df9ae5456d8ee27133c42c244c81d150008ababc19399c7ed428638b57ea
2100,2019-09-17,10.9,10.9,10.6,10.66,117373,,,,,historical_baseline,,fe33df9ae5456d8ee27133c42c244c81d150008ababc19399c7ed428638b57ea
2100,2019-09-18,10.7,10.76,10.62,10.66,92654,,,,,historical_baseline,,fe33df9ae5456d8ee27133c42c244c81d150008ababc19399c7ed428638b57ea
2100,2019-09-19,10.72,11.17,10.66,10.66,396953,,,,,historical_baseline,,fe33df9ae5456d8ee27133c42c244c81d150008ababc19399c7ed428638b57ea
2100,2019-09-22,11.1,11.17,10.9,10.96,195215,,,,,historical_baseline,,fe33df9ae5456d8ee27133c42c244c81d150008ababc19399c7ed428638b57ea
2100,2019-09-24,11.0,11.65,11.0,11.43,448092,,,,,historical_baseline,,fe33df9ae5456d8ee27133c42c244c81d150008ababc19399c7ed428638b57ea
2100,2019-09-25,11.43,11.61,11.25,11.27,222498,,,,,historical_baseline,,fe33df9ae5456d8ee27133c42c244c81d150008ababc19399c7ed428638b57ea
2100,2019-09-26,11.33,11.33,11.19,11.23,58849,,,,,historical_baseline,,fe33df9ae5456d8ee27133c42c244c81d150008ababc19399c7ed428638b57ea
2100,2019-09-29,11.27,11.29,11.17,11.17,108050,,,,,historical_baseline,,fe33df9ae5456d8ee27133c42c244c81d150008ababc19399c7ed428638b57ea
2100,2019-09-30,11.21,11.21,11.17,11.17,38244,,,,,historical_baseline,,fe33df9ae5456d8ee27133c42c244c81d150008ababc19399c7ed428638b57ea
2110,2019-09-01,91.03,91.29,89.7,89.7,24542,,,,,historical_baseline,,fe33df9ae5456d8ee27133c42c244c81d150008ababc19399c7ed428638b57ea
2110,2019-09-02,90.5,92.22,90.23,91.29,66646,,,,,historical_baseline,,fe33df9ae5456d8ee27133c42c244c81d150008ababc19399c7ed428638b57ea
2110,2019-09-03,91.56,93.41,90.5,93.01,84496,,,,,historical_baseline,,fe33df9ae5456d8ee27133c42c244c81d150008ababc19399c7ed428638b57ea
2110,2019-09-04,93.01,95.66,92.61,94.73,149115,,,,,historical_baseline,,fe33df9ae5456d8ee27133c42c244c81d150008ababc19399c7ed428638b57ea
2110,2019-09-05,93.94,94.6,93.14,93.67,34944,,,,,historical_baseline,,fe33df9ae5456d8ee27133c42c244c81d150008ababc19399c7ed428638b57ea
2110,2019-09-08,93.54,94.47,93.01,93.94,42712,,,,,historical_baseline,,fe33df9ae5456d8ee27133c42c244c81d150008ababc19399c7ed428638b57ea
2110,2019-09-09,93.8,96.05,93.8,95.26,110629,,,,,historical_baseline,,fe33df9ae5456d8ee27133c42c244c81d150008ababc19399c7ed428638b57ea
2110,2019-09-10,95.79,98.7,95.66,96.05,276528,,,,,historical_baseline,,fe33df9ae5456d8ee27133c42c244c81d150008ababc19399c7ed428638b57ea
2110,2019-09-11,96.32,96.32,93.54,94.6,57091,,,,,historical_baseline,,fe33df9ae5456d8ee27133c42c244c81d150008ababc19399c7ed428638b57ea
2110,2019-09-12,93.67,97.38,93.41,95.26,70628,,,,,historical_baseline,,fe33df9ae5456d8ee27133c42c244c81d150008ababc19399c7ed428638b57ea
2110,2019-09-15,93.41,95.13,93.41,93.8,25755,,,,,historical_baseline,,fe33df9ae5456d8ee27133c42c244c81d150008ababc19399c7ed428638b57ea
2110,2019-09-16,94.07,94.6,91.29,91.56,89080,,,,,historical_baseline,,fe33df9ae5456d8ee27133c42c244c81d150008ababc19399c7ed428638b57ea
2110,2019-09-17,92.08,93.28,91.29,92.35,46019,,,,,historical_baseline,,fe33df9ae5456d8ee27133c42c244c81d150008ababc19399c7ed428638b57ea
2110,2019-09-18,92.61,93.01,91.56,91.82,30753,,,,,historical_baseline,,fe33df9ae5456d8ee27133c42c244c81d150008ababc19399c7ed428638b57ea
2110,2019-09-19,91.56,91.95,89.97,90.36,59674,,,,,historical_baseline,,fe33df9ae5456d8ee27133c42c244c81d150008ababc19399c7ed428638b57ea
2110,2019-09-22,91.56,92.61,90.89,92.61,54665,,,,,historical_baseline,,fe33df9ae5456d8ee27133c42c244c81d150008ababc19399c7ed428638b57ea
2110,2019-09-24,93.01,94.47,92.88,93.8,76021,,,,,historical_baseline,,fe33df9ae5456d8ee27133c42c244c81d150008ababc19399c7ed428638b57ea
2110,2019-09-25,93.67,95.79,93.28,93.41,161506,,,,,historical_baseline,,fe33df9ae5456d8ee27133c42c244c81d150008ababc19399c7ed428638b57ea
2110,2019-09-26,93.41,94.33,92.61,92.88,36807,,,,,historical_baseline,,fe33df9ae5456d8ee27133c42c244c81d150008ababc19399c7ed428638b57ea
2110,2019-09-29,92.61,93.67,92.61,93.28,26298,,,,,historical_baseline,,fe33df9ae5456d8ee27133c42c244c81d150008ababc19399c7ed428638b57ea
2110,2019-09-30,93.54,93.8,93.14,93.54,18746,,,,,historical_baseline,,fe33df9ae5456d8ee27133c42c244c81d150008ababc19399c7ed428638b57ea
2120,2019-09-01,10.97,11.07,10.95,11.02,198451,,,,,historical_baseline,,fe33df9ae5456d8ee27133c42c244c81d150008ababc19399c7ed428638b57ea
2120,2019-09-02,11.03,11.12,10.98,11.08,169089,,,,,historical_baseline,,fe33df9ae5456d8ee27133c42c244c81d150008ababc19399c7ed428638b57ea
2120,2019-09-03,11.1,11.43,11.1,11.37,1118799,,,,,historical_baseline,,fe33df9ae5456d8ee27133c42c244c81d150008ababc19399c7ed428638b57ea
2120,2019-09-04,11.35,11.58,11.35,11.42,896786,,,,,historical_baseline,,fe33df9ae5456d8ee27133c42c244c81d150008ababc19399c7ed428638b57ea
2120,2019-09-05,11.45,11.48,11.25,11.32,380152,,,,,historical_baseline,,fe33df9ae5456d8ee27133c42c244c81d150008ababc19399c7ed428638b57ea
2120,2019-09-08,11.33,11.55,11.33,11.47,455415,,,,,historical_baseline,,fe33df9ae5456d8ee27133c42c244c81d150008ababc19399c7ed428638b57ea
2120,2019-09-09,11.52,11.72,11.5,11.62,1658190,,,,,historical_baseline,,fe33df9ae5456d8ee27133c42c244c81d150008ababc19399c7ed428638b57ea
2120,2019-09-10,11.62,11.67,11.35,11.35,1278345,,,,,historical_baseline,,fe33df9ae5456d8ee27133c42c244c81d150008ababc19399c7ed428638b57ea
2120,2019-09-11,11.35,11.4,11.08,11.23,602464,,,,,historical_baseline,,fe33df9ae5456d8ee27133c42c244c81d150008ababc19399c7ed428638b57ea
2120,2019-09-12,11.2,11.33,11.12,11.17,602317,,,,,historical_baseline,,fe33df9ae5456d8ee27133c42c244c81d150008ababc19399c7ed428638b57ea
2120,2019-09-15,11.02,11.07,10.83,10.95,397575,,,,,historical_baseline,,fe33df9ae5456d8ee27133c42c244c81d150008ababc19399c7ed428638b57ea
2120,2019-09-16,11.0,11.0,10.68,10.73,691802,,,,,historical_baseline,,fe33df9ae5456d8ee27133c42c244c81d150008ababc19399c7ed428638b57ea
2120,2019-09-17,10.75,10.82,10.67,10.67,198421,,,,,historical_baseline,,fe33df9ae5456d8ee27133c42c244c81d150008ababc19399c7ed428638b57ea
2120,2019-09-18,10.8,10.82,10.67,10.75,237046,,,,,historical_baseline,,fe33df9ae5456d8ee27133c42c244c81d150008ababc19399c7ed428638b57ea
2120,2019-09-19,10.68,10.73,10.58,10.7,229605,,,,,historical_baseline,,fe33df9ae5456d8ee27133c42c244c81d150008ababc19399c7ed428638b57ea
2120,2019-09-22,10.73,10.93,10.72,10.9,317791,,,,,historical_baseline,,fe33df9ae5456d8ee27133c42c244c81d150008ababc19399c7ed428638b57ea
2120,2019-09-24,10.95,11.05,10.92,11.0,527218,,,,,historical_baseline,,fe33df9ae5456d8ee27133c42c244c81d150008ababc19399c7ed428638b57ea
2120,2019-09-25,11.03,11.08,10.85,10.88,540637,,,,,historical_baseline,,fe33df9ae5456d8ee27133c42c244c81d150008ababc19399c7ed428638b57ea
2120,2019-09-26,10.92,11.32,10.92,11.28,1083160,,,,,historical_baseline,,fe33df9ae5456d8ee27133c42c244c81d150008ababc19399c7ed428638b57ea
2120,2019-09-29,11.33,11.37,11.18,11.22,608049,,,,,historical_baseline,,fe33df9ae5456d8ee27133c42c244c81d150008ababc19399c7ed428638b57ea
2120,2019-09-30,11.32,11.33,11.22,11.23,272700,,,,,historical_baseline,,fe33df9ae5456d8ee27133c42c244c81d150008ababc19399c7ed428638b57ea
2130,2019-09-01,8.02,8.02,7.96,7.97,185722,,,,,historical_baseline,,fe33df9ae5456d8ee27133c42c244c81d150008ababc19399c7ed428638b57ea
2130,2019-09-02,7.97,8.09,7.97,8.08,436857,,,,,historical_baseline,,fe33df9ae5456d8ee27133c42c244c81d150008ababc19399c7ed428638b57ea
2130,2019-09-03,8.1,8.14,8.04,8.09,411831,,,,,historical_baseline,,fe33df9ae5456d8ee27133c42c244c81d150008ababc19399c7ed428638b57ea
2130,2019-09-04,8.1,8.13,8.08,8.09,336395,,,,,historical_baseline,,fe33df9ae5456d8ee27133c42c244c81d150008ababc19399c7ed428638b57ea
2130,2019-09-05,8.13,8.18,8.1,8.12,422212,,,,,historical_baseline,,fe33df9ae5456d8ee27133c42c244c81d150008ababc19399c7ed428638b57ea
2130,2019-09-08,8.15,8.24,8.15,8.18,570477,,,,,historical_baseline,,fe33df9ae5456d8ee27133c42c244c81d150008ababc19399c7ed428638b57ea
2130,2019-09-09,8.21,8.28,8.19,8.19,952006,,,,,historical_baseline,,fe33df9ae5456d8ee27133c42c244c81d150008ababc19399c7ed428638b57ea
2130,2019-09-10,8.18,8.18,8.01,8.02,615262,,,,,historical_baseline,,fe33df9ae5456d8ee27133c42c244c81d150008ababc19399c7ed428638b57ea
2130,2019-09-11,8.0,8.01,7.94,7.98,609746,,,,,historical_baseline,,fe33df9ae5456d8ee27133c42c244c81d150008ababc19399c7ed428638b57ea
2130,2019-09-12,7.96,8.05,7.9,7.93,341565,,,,,historical_baseline,,fe33df9ae5456d8ee27133c42c244c81d150008ababc19399c7ed428638b57ea
2130,2019-09-15,7.8,7.94,7.78,7.93,154792,,,,,historical_baseline,,fe33df9ae5456d8ee27133c42c244c81d150008ababc19399c7ed428638b57ea
2130,2019-09-16,7.9,7.95,7.77,7.8,362429,,,,,historical_baseline,,fe33df9ae5456d8ee27133c42c244c81d150008ababc19399c7ed428638b57ea
2130,2019-09-17,7.83,7.89,7.82,7.85,184188,,,,,historical_baseline,,fe33df9ae5456d8ee27133c42c244c81d150008ababc19399c7ed428638b57ea
2130,2019-09-18,7.89,7.89,7.82,7.82,204712,,,,,historical_baseline,,fe33df9ae5456d8ee27133c42c244c81d150008ababc19399c7ed428638b57ea
2130,2019-09-19,7.85,7.85,7.8,7.81,185620,,,,,historical_baseline,,fe33df9ae5456d8ee27133c42c244c81d150008ababc19399c7ed428638b57ea
2130,2019-09-22,7.85,7.94,7.8,7.91,360255,,,,,historical_baseline,,fe33df9ae5456d8ee27133c42c244c81d150008ababc19399c7ed428638b57ea
2130,2019-09-24,7.94,8.01,7.94,8.0,215778,,,,,historical_baseline,,fe33df9ae5456d8ee27133c42c244c81d150008ababc19399c7ed428638b57ea
2130,2019-09-25,8.05,8.12,8.0,8.03,549747,,,,,historical_baseline,,fe33df9ae5456d8ee27133c42c244c81d150008ababc19399c7ed428638b57ea
2130,2019-09-26,8.02,8.2,8.02,8.06,444593,,,,,historical_baseline,,fe33df9ae5456d8ee27133c42c244c81d150008ababc19399c7ed428638b57ea
2130,2019-09-29,8.05,8.12,8.05,8.08,439054,,,,,historical_baseline,,fe33df9ae5456d8ee27133c42c244c81d150008ababc19399c7ed428638b57ea
2130,2019-09-30,8.08,8.14,8.05,8.09,313773,,,,,historical_baseline,,fe33df9ae5456d8ee27133c42c244c81d150008ababc19399c7ed428638b57ea
2140,2019-09-01,10.34,10.58,10.3,10.4,152860,,,,,historical_baseline,,fe33df9ae5456d8ee27133c42c244c81d150008ababc19399c7ed428638b57ea
2140,2019-09-02,10.4,10.66,10.4,10.56,218516,,,,,historical_baseline,,fe33df9ae5456d8ee27133c42c244c81d150008ababc19399c7ed428638b57ea
2140,2019-09-03,10.5,10.72,10.44,10.6,402973,,,,,historical_baseline,,fe33df9ae5456d8ee27133c42c244c81d150008ababc19399c7ed428638b57ea
2140,2019-09-04,10.7,10.9,10.7,10.76,644887,,,,,historical_baseline,,fe33df9ae5456d8ee27133c42c244c81d150008ababc19399c7ed428638b57ea
2140,2019-09-05,10.66,10.9,10.62,10.72,287298,,,,,historical_baseline,,fe33df9ae5456d8ee27133c42c244c81d150008ababc19399c7ed428638b57ea
2140,2019-09-08,10.74,10.86,10.7,10.7,257407,,,,,historical_baseline,,fe33df9ae5456d8ee27133c42c244c81d150008ababc19399c7ed428638b57ea
2140,2019-09-09,10.72,10.74,10.68,10.68,108044,,,,,historical_baseline,,fe33df9ae5456d8ee27133c42c244c81d150008ababc19399c7ed428638b57ea
2140,2019-09-10,10.62,10.72,10.52,10.54,183452,,,,,historical_baseline,,fe33df9ae5456d8ee27133c42c244c81d150008ababc19399c7ed428638b57ea
2140,2019-09-11,10.5,10.5,10.32,10.32,260201,,,,,historical_baseline,,fe33df9ae5456d8ee27133c42c244c81d150008ababc19399c7ed428638b57ea
2140,2019-09-12,10.44,10.46,10.22,10.3,202140,,,,,historical_baseline,,fe33df9ae5456d8ee27133c42c244c81d150008ababc19399c7ed428638b57ea
2140,2019-09-15,10.3,10.3,10.06,10.16,230545,,,,,historical_baseline,,fe33df9ae5456d8ee27133c42c244c81d150008ababc19399c7ed428638b57ea
2140,2019-09-16,10.22,10.22,10.02,10.1,212468,,,,,historical_baseline,,fe33df9ae5456d8ee27133c42c244c81d150008ababc19399c7ed428638b57ea
2140,2019-09-17,10.2,10.24,10.06,10.1,219107,,,,,historical_baseline,,fe33df9ae5456d8ee27133c42c244c81d150008ababc19399c7ed428638b57ea
2140,2019-09-18,10.2,10.3,10.14,10.14,201832,,,,,historical_baseline,,fe33df9ae5456d8ee27133c42c244c81d150008ababc19399c7ed428638b57ea
2140,2019-09-19,10.1,10.14,10.02,10.06,117069,,,,,historical_baseline,,fe33df9ae5456d8ee27133c42c244c81d150008ababc19399c7ed428638b57ea
2140,2019-09-22,10.14,10.22,10.14,10.2,172683,,,,,historical_baseline,,fe33df9ae5456d8ee27133c42c244c81d150008ababc19399c7ed428638b57ea
2140,2019-09-24,10.28,10.4,10.28,10.38,151008,,,,,historical_baseline,,fe33df9ae5456d8ee27133c42c244c81d150008ababc19399c7ed428638b57ea
2140,2019-09-25,10.34,10.44,10.3,10.34,145799,,,,,historical_baseline,,fe33df9ae5456d8ee27133c42c244c81d150008ababc19399c7ed428638b57ea
2140,2019-09-26,10.42,10.56,10.4,10.56,372650,,,,,historical_baseline,,fe33df9ae5456d8ee27133c42c244c81d150008ababc19399c7ed428638b57ea
2140,2019-09-29,10.68,10.7,10.5,10.54,253264,,,,,historical_baseline,,fe33df9ae5456d8ee27133c42c244c81d150008ababc19399c7ed428638b57ea
2140,2019-09-30,10.56,10.56,10.42,10.48,257993,,,,,historical_baseline,,fe33df9ae5456d8ee27133c42c244c81d150008ababc19399c7ed428638b57ea
2150,2019-09-01,17.68,17.74,17.38,17.44,16842,,,,,historical_baseline,,fe33df9ae5456d8ee27133c42c244c81d150008ababc19399c7ed428638b57ea
2150,2019-09-02,17.38,17.54,17.38,17.54,11838,,,,,historical_baseline,,fe33df9ae5456d8ee27133c42c244c81d150008ababc19399c7ed428638b57ea
2150,2019-09-03,17.56,17.56,17.56,17.56,4259,,,,,historical_baseline,,fe33df9ae5456d8ee27133c42c244c81d150008ababc19399c7ed428638b57ea
2150,2019-09-04,17.56,17.56,17.56,17.56,2769,,,,,historical_baseline,,fe33df9ae5456d8ee27133c42c244c81d150008ababc19399c7ed428638b57ea
2150,2019-09-05,17.58,17.58,17.58,17.58,2234,,,,,historical_baseline,,fe33df9ae5456d8ee27133c42c244c81d150008ababc19399c7ed428638b57ea
2150,2019-09-08,17.6,17.6,17.54,17.54,12757,,,,,historical_baseline,,fe33df9ae5456d8ee27133c42c244c81d150008ababc19399c7ed428638b57ea
2150,2019-09-09,17.68,17.68,17.56,17.56,9401,,,,,historical_baseline,,fe33df9ae5456d8ee27133c42c244c81d150008ababc19399c7ed428638b57ea
2150,2019-09-10,17.56,17.56,17.5,17.5,11878,,,,,historical_baseline,,fe33df9ae5456d8ee27133c42c244c81d150008ababc19399c7ed428638b57ea
2150,2019-09-11,17.4,17.5,17.4,17.5,9351,,,,,historical_baseline,,fe33df9ae5456d8ee27133c42c244c81d150008ababc19399c7ed428638b57ea
2150,2019-09-12,17.5,17.5,17.5,17.5,33736,,,,,historical_baseline,,fe33df9ae5456d8ee27133c42c244c81d150008ababc19399c7ed428638b57ea
2150,2019-09-15,17.64,17.66,17.3,17.3,22446,,,,,historical_baseline,,fe33df9ae5456d8ee27133c42c244c81d150008ababc19399c7ed428638b57ea
2150,2019-09-16,17.3,17.3,17.1,17.18,13558,,,,,historical_baseline,,fe33df9ae5456d8ee27133c42c244c81d150008ababc19399c7ed428638b57ea
2150,2019-09-17,17.2,17.2,17.0,17.0,13309,,,,,historical_baseline,,fe33df9ae5456d8ee27133c42c244c81d150008ababc19399c7ed428638b57ea
2150,2019-09-18,17.1,17.2,17.1,17.2,7486,,,,,historical_baseline,,fe33df9ae5456d8ee27133c42c244c81d150008ababc19399c7ed428638b57ea
2150,2019-09-19,17.34,17.34,17.2,17.2,16531,,,,,historical_baseline,,fe33df9ae5456d8ee27133c42c244c81d150008ababc19399c7ed428638b57ea
2150,2019-09-22,17.24,17.24,17.2,17.2,12640,,,,,historical_baseline,,fe33df9ae5456d8ee27133c42c244c81d150008ababc19399c7ed428638b57ea
2150,2019-09-24,17.38,17.4,17.38,17.4,4720,,,,,historical_baseline,,fe33df9ae5456d8ee27133c42c244c81d150008ababc19399c7ed428638b57ea
2150,2019-09-25,17.6,18.2,17.6,17.8,116399,,,,,historical_baseline,,fe33df9ae5456d8ee27133c42c244c81d150008ababc19399c7ed428638b57ea
2150,2019-09-26,17.82,17.82,17.78,17.78,15815,,,,,historical_baseline,,fe33df9ae5456d8ee27133c42c244c81d150008ababc19399c7ed428638b57ea
2150,2019-09-29,17.78,17.92,17.78,17.92,22113,,,,,historical_baseline,,fe33df9ae5456d8ee27133c42c244c81d150008ababc19399c7ed428638b57ea
2150,2019-09-30,18.0,18.18,17.88,18.06,43716,,,,,historical_baseline,,fe33df9ae5456d8ee27133c42c244c81d150008ababc19399c7ed428638b57ea
2160,2019-09-01,104.81,107.9,103.27,107.9,669160,,,,,historical_baseline,,fe33df9ae5456d8ee27133c42c244c81d150008ababc19399c7ed428638b57ea
2160,2019-09-02,108.52,118.4,107.9,116.54,1676914,,,,,historical_baseline,,fe33df9ae5456d8ee27133c42c244c81d150008ababc19399c7ed428638b57ea
2160,2019-09-03,117.01,122.1,113.92,117.47,1704324,,,,,historical_baseline,,fe33df9ae5456d8ee27133c42c244c81d150008ababc19399c7ed428638b57ea
2160,2019-09-04,117.32,121.02,114.23,115.46,1047492,,,,,historical_baseline,,fe33df9ae5456d8ee27133c42c244c81d150008ababc19399c7ed428638b57ea
2160,2019-09-05,115.0,117.78,113.92,116.08,903410,,,,,historical_baseline,,fe33df9ae5456d8ee27133c42c244c81d150008ababc19399c7ed428638b57ea
2160,2019-09-08,118.09,119.94,104.5,104.5,1184101,,,,,historical_baseline,,fe33df9ae5456d8ee27133c42c244c81d150008ababc19399c7ed428638b57ea
2160,2019-09-09,104.5,104.5,104.5,104.5,0,,,,,historical_baseline,,fe33df9ae5456d8ee27133c42c244c81d150008ababc19399c7ed428638b57ea
2160,2019-09-10,104.5,104.5,104.5,104.5,0,,,,,historical_baseline,,fe33df9ae5456d8ee27133c42c244c81d150008ababc19399c7ed428638b57ea
2160,2019-09-11,106.26,110.4,101.2,105.52,1332666,,,,,historical_baseline,,fe33df9ae5456d8ee27133c42c244c81d150008ababc19399c7ed428638b57ea
2160,2019-09-12,105.98,107.09,95.04,95.59,1081052,,,,,historical_baseline,,fe33df9ae5456d8ee27133c42c244c81d150008ababc19399c7ed428638b57ea
2160,2019-09-15,89.98,95.04,89.98,93.2,970681,,,,,historical_baseline,,fe33df9ae5456d8ee27133c42c244c81d150008ababc19399c7ed428638b57ea
2160,2019-09-16,94.12,94.48,87.68,88.04,762083,,,,,historical_baseline,,fe33df9ae5456d8ee27133c42c244c81d150008ababc19399c7ed428638b57ea
2160,2019-09-17,88.78,89.79,86.66,87.49,546205,,,,,historical_baseline,,fe33df9ae5456d8ee27133c42c244c81d150008ababc19399c7ed428638b57ea
2160,2019-09-18,88.41,91.45,87.68,87.95,1138205,,,,,historical_baseline,,fe33df9ae5456d8ee27133c42c244c81d150008ababc19399c7ed428638b57ea
2160,2019-09-19,87.95,88.78,82.8,82.8,559965,,,,,historical_baseline,,fe33df9ae5456d8ee27133c42c244c81d150008ababc19399c7ed428638b57ea
2160,2019-09-22,83.81,85.01,83.44,83.9,413112,,,,,historical_baseline,,fe33df9ae5456d8ee27133c42c244c81d150008ababc19399c7ed428638b57ea
2160,2019-09-24,84.18,84.73,83.81,84.46,214791,,,,,historical_baseline,,fe33df9ae5456d8ee27133c42c244c81d150008ababc19399c7ed428638b57ea
2160,2019-09-25,85.1,85.38,83.08,83.26,424029,,,,,historical_baseline,,fe33df9ae5456d8ee27133c42c244c81d150008ababc19399c7ed428638b57ea
2160,2019-09-26,83.44,83.72,82.25,82.8,218131,,,,,historical_baseline,,fe33df9ae5456d8ee27133c42c244c81d150008ababc19399c7ed428638b57ea
2160,2019-09-29,82.43,84.73,82.34,83.9,394590,,,,,historical_baseline,,fe33df9ae5456d8ee27133c42c244c81d150008ababc19399c7ed428638b57ea
2160,2019-09-30,83.9,84.27,82.98,83.17,159240,,,,,historical_baseline,,fe33df9ae5456d8ee27133c42c244c81d150008ababc19399c7ed428638b57ea
2170,2019-09-01,22.68,22.7,22.1,22.1,206046,,,,,historical_baseline,,fe33df9ae5456d8ee27133c42c244c81d150008ababc19399c7ed428638b57ea
2170,2019-09-02,22.1,22.5,21.78,22.5,224294,,,,,historical_baseline,,fe33df9ae5456d8ee27133c42c244c81d150008ababc19399c7ed428638b57ea
2170,2019-09-03,22.12,22.24,21.96,22.0,388060,,,,,historical_baseline,,fe33df9ae5456d8ee27133c42c244c81d150008ababc19399c7ed428638b57ea
2170,2019-09-04,22.0,22.4,22.0,22.4,176334,,,,,historical_baseline,,fe33df9ae5456d8ee27133c42c244c81d150008ababc19399c7ed428638b57ea
2170,2019-09-05,22.4,22.48,22.24,22.3,116433,,,,,historical_baseline,,fe33df9ae5456d8ee27133c42c244c81d150008ababc19399c7ed428638b57ea
2170,2019-09-08,22.28,22.48,22.2,22.44,46701,,,,,historical_baseline,,fe33df9ae5456d8ee27133c42c244c81d150008ababc19399c7ed428638b57ea
2170,2019-09-09,22.42,22.44,22.22,22.34,73521,,,,,historical_baseline,,fe33df9ae5456d8ee27133c42c244c81d150008ababc19399c7ed428638b57ea
2170,2019-09-10,22.34,22.34,21.92,22.0,187284,,,,,historical_baseline,,fe33df9ae5456d8ee27133c42c244c81d150008ababc19399c7ed428638b57ea
2170,2019-09-11,21.62,21.62,21.04,21.12,141085,,,,,historical_baseline,,fe33df9ae5456d8ee27133c42c244c81d150008ababc19399c7ed428638b57ea
2170,2019-09-12,21.2,21.28,20.8,20.8,259374,,,,,historical_baseline,,fe33df9ae5456d8ee27133c42c244c81d150008ababc19399c7ed428638b57ea
2170,2019-09-15,20.3,20.32,19.98,20.08,595843,,,,,historical_baseline,,fe33df9ae5456d8ee27133c42c244c81d150008ababc19399c7ed428638b57ea
2170,2019-09-16,20.12,20.14,19.6,19.7,274655,,,,,historical_baseline,,fe33df9ae5456d8ee27133c42c244c81d150008ababc19399c7ed428638b57ea
2170,2019-09-17,19.8,19.9,19.2,19.46,536845,,,,,historical_baseline,,fe33df9ae5456d8ee27133c42c244c81d150008ababc19399c7ed428638b57ea
2170,2019-09-18,19.74,19.74,19.3,19.36,223819,,,,,historical_baseline,,fe33df9ae5456d8ee27133c42c244c81d150008ababc19399c7ed428638b57ea
2170,2019-09-19,19.3,19.3,19.0,19.08,1123772,,,,,historical_baseline,,fe33df9ae5456d8ee27133c42c244c81d150008ababc19399c7ed428638b57ea
2170,2019-09-22,19.08,19.08,19.08,19.08,0,,,,,historical_baseline,,fe33df9ae5456d8ee27133c42c244c81d150008ababc19399c7ed428638b57ea
2170,2019-09-24,19.08,19.08,19.08,19.08,0,,,,,historical_baseline,,fe33df9ae5456d8ee27133c42c244c81d150008ababc19399c7ed428638b57ea
2170,2019-09-25,19.08,19.08,19.08,19.08,0,,,,,historical_baseline,,fe33df9ae5456d8ee27133c42c244c81d150008ababc19399c7ed428638b57ea
2170,2019-09-26,19.08,19.08,19.08,19.08,0,,,,,historical_baseline,,fe33df9ae5456d8ee27133c42c244c81d150008ababc19399c7ed428638b57ea
2170,2019-09-29,19.08,19.08,19.08,19.08,0,,,,,historical_baseline,,fe33df9ae5456d8ee27133c42c244c81d150008ababc19399c7ed428638b57ea
2170,2019-09-30,19.08,19.08,19.08,19.08,0,,,,,historical_baseline,,fe33df9ae5456d8ee27133c42c244c81d150008ababc19399c7ed428638b57ea
2180,2019-09-01,28.7,28.7,28.2,28.2,23372,,,,,historical_baseline,,fe33df9ae5456d8ee27133c42c244c81d150008ababc19399c7ed428638b57ea
2180,2019-09-02,27.7,28.35,27.7,28.35,25025,,,,,historical_baseline,,fe33df9ae5456d8ee27133c42c244c81d150008ababc19399c7ed428638b57ea
2180,2019-09-03,28.45,29.0,28.45,28.7,50879,,,,,historical_baseline,,fe33df9ae5456d8ee27133c42c244c81d150008ababc19399c7ed428638b57ea
2180,2019-09-04,28.75,29.3,28.75,29.3,11655,,,,,historical_baseline,,fe33df9ae5456d8ee27133c42c244c81d150008ababc19399c7ed428638b57ea
2180,2019-09-05,29.5,30.75,29.5,30.0,248884,,,,,historical_baseline,,fe33df9ae5456d8ee27133c42c244c81d150008ababc19399c7ed428638b57ea
2180,2019-09-08,30.0,30.0,29.5,29.7,85716,,,,,historical_baseline,,fe33df9ae5456d8ee27133c42c244c81d150008ababc19399c7ed428638b57ea
2180,2019-09-09,29.75,29.8,29.7,29.7,22775,,,,,historical_baseline,,fe33df9ae5456d8ee27133c42c244c81d150008ababc19399c7ed428638b57ea
2180,2019-09-10,29.6,29.6,29.0,29.0,48943,,,,,historical_baseline,,fe33df9ae5456d8ee27133c42c244c81d150008ababc19399c7ed428638b57ea
2180,2019-09-11,29.0,29.0,28.7,28.7,16053,,,,,historical_baseline,,fe33df9ae5456d8ee27133c42c244c81d150008ababc19399c7ed428638b57ea
2180,2019-09-12,29.1,29.3,29.0,29.0,19709,,,,,historical_baseline,,fe33df9ae5456d8ee27133c42c244c81d150008ababc19399c7ed428638b57ea
2180,2019-09-15,28.95,29.1,28.8,29.0,23842,,,,,historical_baseline,,fe33df9ae5456d8ee27133c42c244c81d150008ababc19399c7ed428638b57ea
2180,2019-09-16,29.3,29.3,28.8,28.85,33307,,,,,historical_baseline,,fe33df9ae5456d8ee27133c42c244c81d150008ababc19399c7ed428638b57ea
2180,2019-09-17,28.7,28.7,28.7,28.7,6583,,,,,historical_baseline,,fe33df9ae5456d8ee27133c42c244c81d150008ababc19399c7ed428638b57ea
2180,2019-09-18,28.7,29.0,28.65,28.65,31516,,,,,historical_baseline,,fe33df9ae5456d8ee27133c42c244c81d150008ababc19399c7ed428638b57ea
2180,2019-09-19,28.7,28.75,28.55,28.75,22877,,,,,historical_baseline,,fe33df9ae5456d8ee27133c42c244c81d150008ababc19399c7ed428638b57ea
2180,2019-09-22,29.0,29.0,28.95,28.95,11733,,,,,historical_baseline,,fe33df9ae5456d8ee27133c42c244c81d150008ababc19399c7ed428638b57ea
2180,2019-09-24,29.2,29.3,29.05,29.2,22793,,,,,historical_baseline,,fe33df9ae5456d8ee27133c42c244c81d150008ababc19399c7ed428638b57ea
2180,2019-09-25,29.25,29.6,29.25,29.45,47312,,,,,historical_baseline,,fe33df9ae5456d8ee27133c42c244c81d150008ababc19399c7ed428638b57ea
2180,2019-09-26,29.55,29.75,29.5,29.6,43757,,,,,historical_baseline,,fe33df9ae5456d8ee27133c42c244c81d150008ababc19399c7ed428638b57ea
2180,2019-09-29,29.6,29.7,29.6,29.65,7568,,,,,historical_baseline,,fe33df9ae5456d8ee27133c42c244c81d150008ababc19399c7ed428638b57ea
2180,2019-09-30,29.7,29.7,29.65,29.7,16389,,,,,historical_baseline,,fe33df9ae5456d8ee27133c42c244c81d150008ababc19399c7ed428638b57ea
2190,2019-09-01,15.16,15.44,15.16,15.32,383410,,,,,historical_baseline,,fe33df9ae5456d8ee27133c42c244c81d150008ababc19399c7ed428638b57ea
2190,2019-09-02,15.14,15.4,15.02,15.22,432067,,,,,historical_baseline,,fe33df9ae5456d8ee27133c42c244c81d150008ababc19399c7ed428638b57ea
2190,2019-09-03,15.16,15.46,15.16,15.46,426322,,,,,historical_baseline,,fe33df9ae5456d8ee27133c42c244c81d150008ababc19399c7ed428638b57ea
2190,2019-09-04,15.46,15.6,15.36,15.46,481393,,,,,historical_baseline,,fe33df9ae5456d8ee27133c42c244c81d150008ababc19399c7ed428638b57ea
2190,2019-09-05,15.48,15.48,15.36,15.36,527784,,,,,historical_baseline,,fe33df9ae5456d8ee27133c42c244c81d150008ababc19399c7ed428638b57ea
2190,2019-09-08,15.36,15.56,15.36,15.52,529591,,,,,historical_baseline,,fe33df9ae5456d8ee27133c42c244c81d150008ababc19399c7ed428638b57ea
2190,2019-09-09,15.54,16.16,15.52,15.76,711346,,,,,historical_baseline,,fe33df9ae5456d8ee27133c42c244c81d150008ababc19399c7ed428638b57ea
2190,2019-09-10,15.82,15.82,15.44,15.64,398788,,,,,historical_baseline,,fe33df9ae5456d8ee27133c42c244c81d150008ababc19399c7ed428638b57ea
2190,2019-09-11,15.44,15.44,15.2,15.2,285279,,,,,historical_baseline,,fe33df9ae5456d8ee27133c42c244c81d150008ababc19399c7ed428638b57ea
2190,2019-09-12,15.18,15.2,14.82,15.08,282807,,,,,historical_baseline,,fe33df9ae5456d8ee27133c42c244c81d150008ababc19399c7ed428638b57ea
2190,2019-09-15,14.7,14.94,14.64,14.94,79940,,,,,historical_baseline,,fe33df9ae5456d8ee27133c42c244c81d150008ababc19399c7ed428638b57ea
2190,2019-09-16,14.92,15.02,14.52,14.62,162242,,,,,historical_baseline,,fe33df9ae5456d8ee27133c42c244c81d150008ababc19399c7ed428638b57ea
2190,2019-09-17,14.52,14.72,14.52,14.62,150501,,,,,historical_baseline,,fe33df9ae5456d8ee27133c42c244c81d150008ababc19399c7ed428638b57ea
2190,2019-09-18,14.74,14.8,14.62,14.62,52980,,,,,historical_baseline,,fe33df9ae5456d8ee27133c42c244c81d150008ababc19399c7ed428638b57ea
2190,2019-09-19,14.54,14.56,14.32,14.5,117540,,,,,historical_baseline,,fe33df9ae5456d8ee27133c42c244c81d150008ababc19399c7ed428638b57ea
2190,2019-09-22,14.64,14.78,14.64,14.7,130233,,,,,historical_baseline,,fe33df9ae5456d8ee27133c42c244c81d150008ababc19399c7ed428638b57ea
2190,2019-09-24,14.72,15.2,14.7,15.16,209699,,,,,historical_baseline,,fe33df9ae5456d8ee27133c42c244c81d150008ababc19399c7ed428638b57ea
2190,2019-09-25,15.16,15.16,15.0,15.02,78773,,,,,historical_baseline,,fe33df9ae5456d8ee27133c42c244c81d150008ababc19399c7ed428638b57ea
2190,2019-09-26,15.04,15.1,14.88,14.9,119625,,,,,historical_baseline,,fe33df9ae5456d8ee27133c42c244c81d150008ababc19399c7ed428638b57ea
2190,2019-09-29,14.92,15.16,14.9,15.16,86612,,,,,historical_baseline,,fe33df9ae5456d8ee27133c42c244c81d150008ababc19399c7ed428638b57ea
2190,2019-09-30,15.2,15.44,15.12,15.2,448692,,,,,historical_baseline,,fe33df9ae5456d8ee27133c42c244c81d150008ababc19399c7ed428638b57ea
2200,2019-09-01,43.68,44.8,43.36,44.32,401329,,,,,historical_baseline,,fe33df9ae5456d8ee27133c42c244c81d150008ababc19399c7ed428638b57ea
2200,2019-09-02,44.4,45.44,44.0,44.8,376808,,,,,historical_baseline,,fe33df9ae5456d8ee27133c42c244c81d150008ababc19399c7ed428638b57ea
2200,2019-09-03,44.88,46.24,44.88,45.76,442106,,,,,historical_baseline,,fe33df9ae5456d8ee27133c42c244c81d150008ababc19399c7ed428638b57ea
2200,2019-09-04,45.6,46.0,44.88,45.52,243425,,,,,historical_baseline,,fe33df9ae5456d8ee27133c42c244c81d150008ababc19399c7ed428638b57ea
2200,2019-09-05,45.52,47.2,45.36,46.72,447149,,,,,historical_baseline,,fe33df9ae5456d8ee27133c42c244c81d150008ababc19399c7ed428638b57ea
2200,2019-09-08,46.88,48.56,46.8,48.24,784118,,,,,historical_baseline,,fe33df9ae5456d8ee27133c42c244c81d150008ababc19399c7ed428638b57ea
2200,2019-09-09,48.08,49.04,47.2,48.4,435419,,,,,historical_baseline,,fe33df9ae5456d8ee27133c42c244c81d150008ababc19399c7ed428638b57ea
2200,2019-09-10,48.24,48.4,47.68,48.0,462117,,,,,historical_baseline,,fe33df9ae5456d8ee27133c42c244c81d150008ababc19399c7ed428638b57ea
2200,2019-09-11,47.76,47.84,46.4,46.8,199145,,,,,historical_baseline,,fe33df9ae5456d8ee27133c42c244c81d150008ababc19399c7ed428638b57ea
2200,2019-09-12,46.8,47.68,46.64,46.72,264911,,,,,historical_baseline,,fe33df9ae5456d8ee27133c42c244c81d150008ababc19399c7ed428638b57ea
2200,2019-09-15,45.12,47.84,44.96,47.76,323759,,,,,historical_baseline,,fe33df9ae5456d8ee27133c42c244c81d150008ababc19399c7ed428638b57ea
2200,2019-09-16,48.0,48.4,47.2,48.0,305758,,,,,historical_baseline,,fe33df9ae5456d8ee27133c42c244c81d150008ababc19399c7ed428638b57ea
2200,2019-09-17,48.08,49.12,47.84,48.24,422200,,,,,historical_baseline,,fe33df9ae5456d8ee27133c42c244c81d150008ababc19399c7ed428638b57ea
2200,2019-09-18,48.48,48.8,47.6,47.6,157339,,,,,historical_baseline,,fe33df9ae5456d8ee27133c42c244c81d150008ababc19399c7ed428638b57ea
2200,2019-09-19,47.6,47.6,46.56,46.72,185739,,,,,historical_baseline,,fe33df9ae5456d8ee27133c42c244c81d150008ababc19399c7ed428638b57ea
2200,2019-09-22,47.12,47.76,47.04,47.44,136765,,,,,historical_baseline,,fe33df9ae5456d8ee27133c42c244c81d150008ababc19399c7ed428638b57ea
2200,2019-09-24,47.2,49.12,47.2,48.56,359192,,,,,historical_baseline,,fe33df9ae5456d8ee27133c42c244c81d150008ababc19399c7ed428638b57ea
2200,2019-09-25,48.64,50.0,48.24,49.92,513914,,,,,historical_baseline,,fe33df9ae5456d8ee27133c42c244c81d150008ababc19399c7ed428638b57ea
2200,2019-09-26,50.0,50.72,49.76,49.76,388260,,,,,historical_baseline,,fe33df9ae5456d8ee27133c42c244c81d150008ababc19399c7ed428638b57ea
2200,2019-09-29,49.6,50.24,49.44,49.6,209471,,,,,historical_baseline,,fe33df9ae5456d8ee27133c42c244c81d150008ababc19399c7ed428638b57ea
2200,2019-09-30,49.6,49.84,49.12,49.2,215864,,,,,historical_baseline,,fe33df9ae5456d8ee27133c42c244c81d150008ababc19399c7ed428638b57ea
2210,2019-09-01,18.6,18.94,18.54,18.54,53856,,,,,historical_baseline,,fe33df9ae5456d8ee27133c42c244c81d150008ababc19399c7ed428638b57ea
2210,2019-09-02,18.42,19.44,18.3,18.9,115017,,,,,historical_baseline,,fe33df9ae5456d8ee27133c42c244c81d150008ababc19399c7ed428638b57ea
2210,2019-09-03,18.98,19.7,18.7,18.9,354234,,,,,historical_baseline,,fe33df9ae5456d8ee27133c42c244c81d150008ababc19399c7ed428638b57ea
2210,2019-09-04,19.0,19.04,18.8,18.98,107787,,,,,historical_baseline,,fe33df9ae5456d8ee27133c42c244c81d150008ababc19399c7ed428638b57ea
2210,2019-09-05,19.1,19.1,18.78,18.8,75133,,,,,historical_baseline,,fe33df9ae5456d8ee27133c42c244c81d150008ababc19399c7ed428638b57ea
2210,2019-09-08,19.0,19.2,18.94,19.1,93970,,,,,historical_baseline,,fe33df9ae5456d8ee27133c42c244c81d150008ababc19399c7ed428638b57ea
2210,2019-09-09,19.0,19.14,18.92,19.0,76190,,,,,historical_baseline,,fe33df9ae5456d8ee27133c42c244c81d150008ababc19399c7ed428638b57ea
2210,2019-09-10,19.08,19.08,18.7,18.72,138993,,,,,historical_baseline,,fe33df9ae5456d8ee27133c42c244c81d150008ababc19399c7ed428638b57ea
2210,2019-09-11,18.7,18.7,18.1,18.3,101620,,,,,historical_baseline,,fe33df9ae5456d8ee27133c42c244c81d150008ababc19399c7ed428638b57ea
2210,2019-09-12,18.32,18.8,18.32,18.56,118622,,,,,historical_baseline,,fe33df9ae5456d8ee27133c42c244c81d150008ababc19399c7ed428638b57ea
2210,2019-09-15,18.3,18.4,18.0,18.4,77931,,,,,historical_baseline,,fe33df9ae5456d8ee27133c42c244c81d150008ababc19399c7ed428638b57ea
2210,2019-09-16,18.9,19.0,17.66,17.8,353245,,,,,historical_baseline,,fe33df9ae5456d8ee27133c42c244c81d150008ababc19399c7ed428638b57ea
2210,2019-09-17,17.76,17.98,17.5,17.6,175172,,,,,historical_baseline,,fe33df9ae5456d8ee27133c42c244c81d150008ababc19399c7ed428638b57ea
2210,2019-09-18,17.94,17.96,17.5,17.74,158544,,,,,historical_baseline,,fe33df9ae5456d8ee27133c42c244c81d150008ababc19399c7ed428638b57ea
2210,2019-09-19,17.56,17.74,17.22,17.22,206107,,,,,historical_baseline,,fe33df9ae5456d8ee27133c42c244c81d150008ababc19399c7ed428638b57ea
2210,2019-09-22,17.6,17.64,17.28,17.32,220227,,,,,historical_baseline,,fe33df9ae5456d8ee27133c42c244c81d150008ababc19399c7ed428638b57ea
2210,2019-09-24,17.36,17.6,17.36,17.6,243736,,,,,historical_baseline,,fe33df9ae5456d8ee27133c42c244c81d150008ababc19399c7ed428638b57ea
2210,2019-09-25,17.84,18.12,17.62,17.64,476012,,,,,historical_baseline,,fe33df9ae5456d8ee27133c42c244c81d150008ababc19399c7ed428638b57ea
2210,2019-09-26,17.66,17.88,17.6,17.66,194836,,,,,historical_baseline,,fe33df9ae5456d8ee27133c42c244c81d150008ababc19399c7ed428638b57ea
2210,2019-09-29,17.94,18.9,17.7,18.54,684251,,,,,historical_baseline,,fe33df9ae5456d8ee27133c42c244c81d150008ababc19399c7ed428638b57ea
2210,2019-09-30,18.7,18.7,18.32,18.38,186229,,,,,historical_baseline,,fe33df9ae5456d8ee27133c42c244c81d150008ababc19399c7ed428638b57ea
2220,2019-09-01,13.99,13.99,13.71,13.8,72014,,,,,historical_baseline,,fe33df9ae5456d8ee27133c42c244c81d150008ababc19399c7ed428638b57ea
2220,2019-09-02,13.78,14.33,13.78,14.27,215657,,,,,historical_baseline,,fe33df9ae5456d8ee27133c42c244c81d150008ababc19399c7ed428638b57ea
2220,2019-09-03,14.27,14.27,13.99,14.01,144812,,,,,historical_baseline,,fe33df9ae5456d8ee27133c42c244c81d150008ababc19399c7ed428638b57ea
2220,2019-09-04,13.89,14.08,13.89,14.08,73138,,,,,historical_baseline,,fe33df9ae5456d8ee27133c42c244c81d150008ababc19399c7ed428638b57ea
2220,2019-09-05,14.03,14.23,14.03,14.12,280107,,,,,historical_baseline,,fe33df9ae5456d8ee27133c42c244c81d150008ababc19399c7ed428638b57ea
2220,2019-09-08,14.23,14.42,14.23,14.4,217815,,,,,historical_baseline,,fe33df9ae5456d8ee27133c42c244c81d150008ababc19399c7ed428638b57ea
2220,2019-09-09,14.42,14.76,14.42,14.57,420404,,,,,historical_baseline,,fe33df9ae5456d8ee27133c42c244c81d150008ababc19399c7ed428638b57ea
2220,2019-09-10,14.51,14.51,14.27,14.29,115407,,,,,historical_baseline,,fe33df9ae5456d8ee27133c42c244c81d150008ababc19399c7ed428638b57ea
2220,2019-09-11,14.27,14.31,14.08,14.19,68753,,,,,historical_baseline,,fe33df9ae5456d8ee27133c42c244c81d150008ababc19399c7ed428638b57ea
2220,2019-09-12,14.19,14.31,14.08,14.08,44616,,,,,historical_baseline,,fe33df9ae5456d8ee27133c42c244c81d150008ababc19399c7ed428638b57ea
2220,2019-09-15,14.06,14.06,14.06,14.06,21507,,,,,historical_baseline,,fe33df9ae5456d8ee27133c42c244c81d150008ababc19399c7ed428638b57ea
2220,2019-09-16,14.08,14.08,13.8,13.8,46004,,,,,historical_baseline,,fe33df9ae5456d8ee27133c42c244c81d150008ababc19399c7ed428638b57ea
2220,2019-09-17,13.71,13.84,13.71,13.76,56917,,,,,historical_baseline,,fe33df9ae5456d8ee27133c42c244c81d150008ababc19399c7ed428638b57ea
2220,2019-09-18,13.8,13.84,13.8,13.84,32879,,,,,historical_baseline,,fe33df9ae5456d8ee27133c42c244c81d150008ababc19399c7ed428638b57ea
2220,2019-09-19,13.84,13.89,13.8,13.89,36678,,,,,historical_baseline,,fe33df9ae5456d8ee27133c42c244c81d150008ababc19399c7ed428638b57ea
2220,2019-09-22,13.97,13.97,13.93,13.95,27205,,,,,historical_baseline,,fe33df9ae5456d8ee27133c42c244c81d150008ababc19399c7ed428638b57ea
2220,2019-09-24,14.06,14.14,14.06,14.12,49438,,,,,historical_baseline,,fe33df9ae5456d8ee27133c42c244c81d150008ababc19399c7ed428638b57ea
2220,2019-09-25,14.27,14.36,14.18,14.25,143002,,,,,historical_baseline,,fe33df9ae5456d8ee27133c42c244c81d150008ababc19399c7ed428638b57ea
2220,2019-09-26,14.33,14.44,14.27,14.34,67717,,,,,historical_baseline,,fe33df9ae5456d8ee27133c42c244c81d150008ababc19399c7ed428638b57ea
2220,2019-09-29,14.34,14.63,14.34,14.46,110353,,,,,historical_baseline,,fe33df9ae5456d8ee27133c42c244c81d150008ababc19399c7ed428638b57ea
2220,2019-09-30,14.36,14.42,14.27,14.33,104781,,,,,historical_baseline,,fe33df9ae5456d8ee27133c42c244c81d150008ababc19399c7ed428638b57ea
2230,2019-09-01,2.53,2.54,2.51,2.52,1582492,,,,,historical_baseline,,fe33df9ae5456d8ee27133c42c244c81d150008ababc19399c7ed428638b57ea
2230,2019-09-02,2.52,2.52,2.48,2.52,1088466,,,,,historical_baseline,,fe33df9ae5456d8ee27133c42c244c81d150008ababc19399c7ed428638b57ea
2230,2019-09-03,2.51,2.54,2.51,2.53,1023746,,,,,historical_baseline,,fe33df9ae5456d8ee27133c42c244c81d150008ababc19399c7ed428638b57ea
2230,2019-09-04,2.54,2.54,2.53,2.54,2351932,,,,,historical_baseline,,fe33df9ae5456d8ee27133c42c244c81d150008ababc19399c7ed428638b57ea
2230,2019-09-05,2.55,2.57,2.52,2.57,2150919,,,,,historical_baseline,,fe33df9ae5456d8ee27133c42c244c81d150008ababc19399c7ed428638b57ea
2230,2019-09-08,2.57,2.66,2.57,2.66,4234492,,,,,historical_baseline,,fe33df9ae5456d8ee27133c42c244c81d150008ababc19399c7ed428638b57ea
2230,2019-09-09,2.68,2.74,2.67,2.7,9160744,,,,,historical_baseline,,fe33df9ae5456d8ee27133c42c244c81d150008ababc19399c7ed428638b57ea
2230,2019-09-10,2.71,2.71,2.63,2.64,4053158,,,,,historical_baseline,,fe33df9ae5456d8ee27133c42c244c81d150008ababc19399c7ed428638b57ea
2230,2019-09-11,2.64,2.64,2.56,2.56,3398732,,,,,historical_baseline,,fe33df9ae5456d8ee27133c42c244c81d150008ababc19399c7ed428638b57ea
2230,2019-09-12,2.58,2.65,2.58,2.65,2493532,,,,,historical_baseline,,fe33df9ae5456d8ee27133c42c244c81d150008ababc19399c7ed428638b57ea
2230,2019-09-15,2.62,2.64,2.59,2.62,3683745,,,,,historical_baseline,,fe33df9ae5456d8ee27133c42c244c81d150008ababc19399c7ed428638b57ea
2230,2019-09-16,2.64,2.64,2.47,2.48,5883278,,,,,historical_baseline,,fe33df9ae5456d8ee27133c42c244c81d150008ababc19399c7ed428638b57ea
2230,2019-09-17,2.49,2.5,2.43,2.45,9489504,,,,,historical_baseline,,fe33df9ae5456d8ee27133c42c244c81d150008ababc19399c7ed428638b57ea
2230,2019-09-18,2.43,2.69,2.43,2.64,7046490,,,,,historical_baseline,,fe33df9ae5456d8ee27133c42c244c81d150008ababc19399c7ed428638b57ea
2230,2019-09-19,2.62,2.63,2.56,2.6,4823050,,,,,historical_baseline,,fe33df9ae5456d8ee27133c42c244c81d150008ababc19399c7ed428638b57ea
2230,2019-09-22,2.54,2.61,2.54,2.59,2217900,,,,,historical_baseline,,fe33df9ae5456d8ee27133c42c244c81d150008ababc19399c7ed428638b57ea
2230,2019-09-24,2.6,2.62,2.58,2.62,2394280,,,,,historical_baseline,,fe33df9ae5456d8ee27133c42c244c81d150008ababc19399c7ed428638b57ea
2230,2019-09-25,2.6,2.69,2.6,2.65,4542550,,,,,historical_baseline,,fe33df9ae5456d8ee27133c42c244c81d150008ababc19399c7ed428638b57ea
2230,2019-09-26,2.63,2.68,2.59,2.59,1843530,,,,,historical_baseline,,fe33df9ae5456d8ee27133c42c244c81d150008ababc19399c7ed428638b57ea
2230,2019-09-29,2.58,2.61,2.58,2.6,1139060,,,,,historical_baseline,,fe33df9ae5456d8ee27133c42c244c81d150008ababc19399c7ed428638b57ea
2230,2019-09-30,2.62,2.63,2.6,2.6,2248460,,,,,historical_baseline,,fe33df9ae5456d8ee27133c42c244c81d150008ababc19399c7ed428638b57ea
2240,2019-09-01,14.98,14.98,14.94,14.94,101439,,,,,historical_baseline,,fe33df9ae5456d8ee27133c42c244c81d150008ababc19399c7ed428638b57ea
2240,2019-09-02,14.94,15.06,14.9,15.06,57495,,,,,historical_baseline,,fe33df9ae5456d8ee27133c42c244c81d150008ababc19399c7ed428638b57ea
2240,2019-09-03,15.0,15.06,15.0,15.0,41475,,,,,historical_baseline,,fe33df9ae5456d8ee27133c42c244c81d150008ababc19399c7ed428638b57ea
2240,2019-09-04,15.04,15.08,15.04,15.08,26663,,,,,historical_baseline,,fe33df9ae5456d8ee27133c42c244c81d150008ababc19399c7ed428638b57ea
2240,2019-09-05,15.06,15.22,15.02,15.04,60377,,,,,historical_baseline,,fe33df9ae5456d8ee27133c42c244c81d150008ababc19399c7ed428638b57ea
2240,2019-09-08,15.22,15.68,15.1,15.68,107469,,,,,historical_baseline,,fe33df9ae5456d8ee27133c42c244c81d150008ababc19399c7ed428638b57ea
2240,2019-09-09,15.42,16.52,15.42,16.34,315071,,,,,historical_baseline,,fe33df9ae5456d8ee27133c42c244c81d150008ababc19399c7ed428638b57ea
2240,2019-09-10,16.48,16.8,16.4,16.6,185943,,,,,historical_baseline,,fe33df9ae5456d8ee27133c42c244c81d150008ababc19399c7ed428638b57ea
2240,2019-09-11,16.42,16.42,15.92,16.0,131970,,,,,historical_baseline,,fe33df9ae5456d8ee27133c42c244c81d150008ababc19399c7ed428638b57ea
2240,2019-09-12,15.8,16.1,15.8,15.98,55332,,,,,historical_baseline,,fe33df9ae5456d8ee27133c42c244c81d150008ababc19399c7ed428638b57ea
2240,2019-09-15,15.9,16.0,15.7,15.82,62709,,,,,historical_baseline,,fe33df9ae5456d8ee27133c42c244c81d150008ababc19399c7ed428638b57ea
2240,2019-09-16,15.9,16.38,15.9,16.1,52598,,,,,historical_baseline,,fe33df9ae5456d8ee27133c42c244c81d150008ababc19399c7ed428638b57ea
2240,2019-09-17,16.0,16.24,15.84,15.84,36392,,,,,historical_baseline,,fe33df9ae5456d8ee27133c42c244c81d150008ababc19399c7ed428638b57ea
2240,2019-09-18,15.94,16.02,15.9,16.02,28564,,,,,historical_baseline,,fe33df9ae5456d8ee27133c42c244c81d150008ababc19399c7ed428638b57ea
2240,2019-09-19,16.12,16.32,16.08,16.28,257932,,,,,historical_baseline,,fe33df9ae5456d8ee27133c42c244c81d150008ababc19399c7ed428638b57ea
2240,2019-09-22,16.3,16.88,16.3,16.78,167989,,,,,historical_baseline,,fe33df9ae5456d8ee27133c42c244c81d150008ababc19399c7ed428638b57ea
2240,2019-09-24,16.78,17.04,16.78,17.0,244662,,,,,historical_baseline,,fe33df9ae5456d8ee27133c42c244c81d150008ababc19399c7ed428638b57ea
2240,2019-09-25,17.02,18.22,17.02,17.94,542743,,,,,historical_baseline,,fe33df9ae5456d8ee27133c42c244c81d150008ababc19399c7ed428638b57ea
2240,2019-09-26,18.22,18.3,17.7,18.16,583521,,,,,historical_baseline,,fe33df9ae5456d8ee27133c42c244c81d150008ababc19399c7ed428638b57ea
2240,2019-09-29,18.04,18.16,17.98,18.0,152006,,,,,historical_baseline,,fe33df9ae5456d8ee27133c42c244c81d150008ababc19399c7ed428638b57ea
2240,2019-09-30,17.94,17.96,17.9,17.94,41693,,,,,historical_baseline,,fe33df9ae5456d8ee27133c42c244c81d150008ababc19399c7ed428638b57ea
2250,2019-09-01,21.8,21.8,21.3,21.5,462633,,,,,historical_baseline,,fe33df9ae5456d8ee27133c42c244c81d150008ababc19399c7ed428638b57ea
2250,2019-09-02,21.4,21.64,21.36,21.56,1486926,,,,,historical_baseline,,fe33df9ae5456d8ee27133c42c244c81d150008ababc19399c7ed428638b57ea
2250,2019-09-03,21.44,21.58,21.3,21.3,288877,,,,,historical_baseline,,fe33df9ae5456d8ee27133c42c244c81d150008ababc19399c7ed428638b57ea
2250,2019-09-04,21.3,22.1,21.3,21.8,592341,,,,,historical_baseline,,fe33df9ae5456d8ee27133c42c244c81d150008ababc19399c7ed428638b57ea
2250,2019-09-05,21.98,22.3,21.66,21.66,637206,,,,,historical_baseline,,fe33df9ae5456d8ee27133c42c244c81d150008ababc19399c7ed428638b57ea
2250,2019-09-08,21.92,22.1,21.8,21.8,305652,,,,,historical_baseline,,fe33df9ae5456d8ee27133c42c244c81d150008ababc19399c7ed428638b57ea
2250,2019-09-09,21.9,21.9,21.54,21.6,1121352,,,,,historical_baseline,,fe33df9ae5456d8ee27133c42c244c81d150008ababc19399c7ed428638b57ea
2250,2019-09-10,21.56,21.56,21.36,21.4,664938,,,,,historical_baseline,,fe33df9ae5456d8ee27133c42c244c81d150008ababc19399c7ed428638b57ea
2250,2019-09-11,21.2,21.64,20.9,21.54,814013,,,,,historical_baseline,,fe33df9ae5456d8ee27133c42c244c81d150008ababc19399c7ed428638b57ea
2250,2019-09-12,21.4,22.54,21.4,22.36,1002678,,,,,historical_baseline,,fe33df9ae5456d8ee27133c42c244c81d150008ababc19399c7ed428638b57ea
2250,2019-09-15,21.44,22.7,21.44,22.4,1834318,,,,,historical_baseline,,fe33df9ae5456d8ee27133c42c244c81d150008ababc19399c7ed428638b57ea
2250,2019-09-16,22.26,22.62,22.14,22.56,1286799,,,,,historical_baseline,,fe33df9ae5456d8ee27133c42c244c81d150008ababc19399c7ed428638b57ea
2250,2019-09-17,22.56,22.56,21.4,21.7,1173284,,,,,historical_baseline,,fe33df9ae5456d8ee27133c42c244c81d150008ababc19399c7ed428638b57ea
2250,2019-09-18,22.2,22.32,21.86,22.14,368063,,,,,historical_baseline,,fe33df9ae5456d8ee27133c42c244c81d150008ababc19399c7ed428638b57ea
2250,2019-09-19,22.08,22.42,21.9,22.34,3197981,,,,,historical_baseline,,fe33df9ae5456d8ee27133c42c244c81d150008ababc19399c7ed428638b57ea
2250,2019-09-22,22.2,22.54,22.2,22.54,93302,,,,,historical_baseline,,fe33df9ae5456d8ee27133c42c244c81d150008ababc19399c7ed428638b57ea
2250,2019-09-24,22.42,22.94,22.36,22.86,405959,,,,,historical_baseline,,fe33df9ae5456d8ee27133c42c244c81d150008ababc19399c7ed428638b57ea
2250,2019-09-25,22.94,23.18,22.74,23.06,1043702,,,,,historical_baseline,,fe33df9ae5456d8ee27133c42c244c81d150008ababc19399c7ed428638b57ea
2250,2019-09-26,23.06,23.06,22.52,22.7,329015,,,,,historical_baseline,,fe33df9ae5456d8ee27133c42c244c81d150008ababc19399c7ed428638b57ea
2250,2019-09-29,22.72,23.0,22.7,22.74,238697,,,,,historical_baseline,,fe33df9ae5456d8ee27133c42c244c81d150008ababc19399c7ed428638b57ea
2250,2019-09-30,22.96,23.08,22.68,23.08,1830167,,,,,historical_baseline,,fe33df9ae5456d8ee27133c42c244c81d150008ababc19399c7ed428638b57ea
2270,2019-09-01,125.8,127.4,125.0,127.2,14902,,,,,historical_baseline,,fe33df9ae5456d8ee27133c42c244c81d150008ababc19399c7ed428638b57ea
2270,2019-09-02,125.6,129.0,125.6,129.0,18372,,,,,historical_baseline,,fe33df9ae5456d8ee27133c42c244c81d150008ababc19399c7ed428638b57ea
2270,2019-09-03,127.2,128.8,127.2,128.0,21638,,,,,historical_baseline,,fe33df9ae5456d8ee27133c42c244c81d150008ababc19399c7ed428638b57ea
2270,2019-09-04,126.6,131.0,126.6,131.0,121149,,,,,historical_baseline,,fe33df9ae5456d8ee27133c42c244c81d150008ababc19399c7ed428638b57ea
2270,2019-09-05,130.4,130.8,129.0,130.0,14003,,,,,historical_baseline,,fe33df9ae5456d8ee27133c42c244c81d150008ababc19399c7ed428638b57ea
2270,2019-09-08,129.2,130.4,129.2,129.6,7404,,,,,historical_baseline,,fe33df9ae5456d8ee27133c42c244c81d150008ababc19399c7ed428638b57ea
2270,2019-09-09,128.6,129.8,128.0,128.4,58334,,,,,historical_baseline,,fe33df9ae5456d8ee27133c42c244c81d150008ababc19399c7ed428638b57ea
2270,2019-09-10,128.0,128.4,126.2,127.6,36706,,,,,historical_baseline,,fe33df9ae5456d8ee27133c42c244c81d150008ababc19399c7ed428638b57ea
2270,2019-09-11,127.0,130.0,125.2,126.6,44787,,,,,historical_baseline,,fe33df9ae5456d8ee27133c42c244c81d150008ababc19399c7ed428638b57ea
2270,2019-09-12,126.2,131.0,126.2,129.0,26167,,,,,historical_baseline,,fe33df9ae5456d8ee27133c42c244c81d150008ababc19399c7ed428638b57ea
2270,2019-09-15,126.0,129.6,126.0,128.4,39285,,,,,historical_baseline,,fe33df9ae5456d8ee27133c42c244c81d150008ababc19399c7ed428638b57ea
2270,2019-09-16,128.0,130.0,128.0,129.0,52581,,,,,historical_baseline,,fe33df9ae5456d8ee27133c42c244c81d150008ababc19399c7ed428638b57ea
2270,2019-09-17,131.0,131.0,127.8,127.8,21785,,,,,historical_baseline,,fe33df9ae5456d8ee27133c42c244c81d150008ababc19399c7ed428638b57ea
2270,2019-09-18,129.6,129.8,126.0,126.0,29406,,,,,historical_baseline,,fe33df9ae5456d8ee27133c42c244c81d150008ababc19399c7ed428638b57ea
2270,2019-09-19,127.8,132.0,127.8,131.6,272725,,,,,historical_baseline,,fe33df9ae5456d8ee27133c42c244c81d150008ababc19399c7ed428638b57ea
2270,2019-09-22,129.0,131.0,129.0,129.4,14716,,,,,historical_baseline,,fe33df9ae5456d8ee27133c42c244c81d150008ababc19399c7ed428638b57ea
2270,2019-09-24,130.0,130.6,129.0,130.4,15469,,,,,historical_baseline,,fe33df9ae5456d8ee27133c42c244c81d150008ababc19399c7ed428638b57ea
2270,2019-09-25,130.4,130.4,128.0,128.4,54037,,,,,historical_baseline,,fe33df9ae5456d8ee27133c42c244c81d150008ababc19399c7ed428638b57ea
2270,2019-09-26,128.2,130.0,128.2,130.0,35428,,,,,historical_baseline,,fe33df9ae5456d8ee27133c42c244c81d150008ababc19399c7ed428638b57ea
2270,2019-09-29,130.0,131.0,130.0,130.8,18494,,,,,historical_baseline,,fe33df9ae5456d8ee27133c42c244c81d150008ababc19399c7ed428638b57ea
2270,2019-09-30,130.8,141.8,130.8,134.0,113170,,,,,historical_baseline,,fe33df9ae5456d8ee27133c42c244c81d150008ababc19399c7ed428638b57ea
2280,2019-09-01,49.6,49.8,48.4,49.2,434203,,,,,historical_baseline,,fe33df9ae5456d8ee27133c42c244c81d150008ababc19399c7ed428638b57ea
2280,2019-09-02,49.3,49.3,48.65,49.1,576429,,,,,historical_baseline,,fe33df9ae5456d8ee27133c42c244c81d150008ababc19399c7ed428638b57ea
2280,2019-09-03,49.15,49.15,48.65,48.7,402893,,,,,historical_baseline,,fe33df9ae5456d8ee27133c42c244c81d150008ababc19399c7ed428638b57ea
2280,2019-09-04,48.75,49.15,48.65,49.0,728940,,,,,historical_baseline,,fe33df9ae5456d8ee27133c42c244c81d150008ababc19399c7ed428638b57ea
2280,2019-09-05,49.2,49.3,48.75,49.0,774088,,,,,historical_baseline,,fe33df9ae5456d8ee27133c42c244c81d150008ababc19399c7ed428638b57ea
2280,2019-09-08,49.0,49.1,48.35,48.35,535366,,,,,historical_baseline,,fe33df9ae5456d8ee27133c42c244c81d150008ababc19399c7ed428638b57ea
2280,2019-09-09,48.3,48.5,47.85,48.5,401093,,,,,historical_baseline,,fe33df9ae5456d8ee27133c42c244c81d150008ababc19399c7ed428638b57ea
2280,2019-09-10,48.45,48.6,48.1,48.6,721742,,,,,historical_baseline,,fe33df9ae5456d8ee27133c42c244c81d150008ababc19399c7ed428638b57ea
2280,2019-09-11,48.45,48.8,48.1,48.8,360622,,,,,historical_baseline,,fe33df9ae5456d8ee27133c42c244c81d150008ababc19399c7ed428638b57ea
2280,2019-09-12,48.7,49.4,48.25,49.15,494120,,,,,historical_baseline,,fe33df9ae5456d8ee27133c42c244c81d150008ababc19399c7ed428638b57ea
2280,2019-09-15,48.8,49.75,48.75,49.6,463213,,,,,historical_baseline,,fe33df9ae5456d8ee27133c42c244c81d150008ababc19399c7ed428638b57ea
2280,2019-09-16,49.8,50.8,49.55,50.8,965630,,,,,historical_baseline,,fe33df9ae5456d8ee27133c42c244c81d150008ababc19399c7ed428638b57ea
2280,2019-09-17,50.3,51.3,50.3,51.3,586168,,,,,historical_baseline,,fe33df9ae5456d8ee27133c42c244c81d150008ababc19399c7ed428638b57ea
2280,2019-09-18,51.5,51.5,50.5,50.5,295399,,,,,historical_baseline,,fe33df9ae5456d8ee27133c42c244c81d150008ababc19399c7ed428638b57ea
2280,2019-09-19,50.1,51.0,49.5,51.0,2805191,,,,,historical_baseline,,fe33df9ae5456d8ee27133c42c244c81d150008ababc19399c7ed428638b57ea
2280,2019-09-22,50.6,51.2,50.5,50.9,171203,,,,,historical_baseline,,fe33df9ae5456d8ee27133c42c244c81d150008ababc19399c7ed428638b57ea
2280,2019-09-24,50.6,51.2,50.6,50.8,397584,,,,,historical_baseline,,fe33df9ae5456d8ee27133c42c244c81d150008ababc19399c7ed428638b57ea
2280,2019-09-25,50.6,50.8,50.1,50.8,377066,,,,,historical_baseline,,fe33df9ae5456d8ee27133c42c244c81d150008ababc19399c7ed428638b57ea
2280,2019-09-26,50.8,50.8,49.8,49.8,344114,,,,,historical_baseline,,fe33df9ae5456d8ee27133c42c244c81d150008ababc19399c7ed428638b57ea
2280,2019-09-29,49.9,50.0,49.65,50.0,89172,,,,,historical_baseline,,fe33df9ae5456d8ee27133c42c244c81d150008ababc19399c7ed428638b57ea
2280,2019-09-30,49.9,50.1,49.75,49.75,887103,,,,,historical_baseline,,fe33df9ae5456d8ee27133c42c244c81d150008ababc19399c7ed428638b57ea
2290,2019-09-01,53.6,54.2,53.1,53.5,245633,,,,,historical_baseline,,fe33df9ae5456d8ee27133c42c244c81d150008ababc19399c7ed428638b57ea
2290,2019-09-02,53.6,53.9,53.3,53.8,354618,,,,,historical_baseline,,fe33df9ae5456d8ee27133c42c244c81d150008ababc19399c7ed428638b57ea
2290,2019-09-03,53.8,53.9,53.1,53.3,451810,,,,,historical_baseline,,fe33df9ae5456d8ee27133c42c244c81d150008ababc19399c7ed428638b57ea
2290,2019-09-04,53.2,53.9,53.2,53.8,497151,,,,,historical_baseline,,fe33df9ae5456d8ee27133c42c244c81d150008ababc19399c7ed428638b57ea
2290,2019-09-05,53.8,53.9,53.2,53.4,432791,,,,,historical_baseline,,fe33df9ae5456d8ee27133c42c244c81d150008ababc19399c7ed428638b57ea
2290,2019-09-08,53.8,53.8,53.2,53.2,113845,,,,,historical_baseline,,fe33df9ae5456d8ee27133c42c244c81d150008ababc19399c7ed428638b57ea
2290,2019-09-09,53.3,53.5,52.7,53.5,350819,,,,,historical_baseline,,fe33df9ae5456d8ee27133c42c244c81d150008ababc19399c7ed428638b57ea
2290,2019-09-10,53.5,53.5,52.7,53.4,308620,,,,,historical_baseline,,fe33df9ae5456d8ee27133c42c244c81d150008ababc19399c7ed428638b57ea
2290,2019-09-11,53.2,53.4,52.0,53.4,310562,,,,,historical_baseline,,fe33df9ae5456d8ee27133c42c244c81d150008ababc19399c7ed428638b57ea
2290,2019-09-12,53.1,53.4,52.6,53.0,639740,,,,,historical_baseline,,fe33df9ae5456d8ee27133c42c244c81d150008ababc19399c7ed428638b57ea
2290,2019-09-15,51.5,52.5,50.5,52.4,763398,,,,,historical_baseline,,fe33df9ae5456d8ee27133c42c244c81d150008ababc19399c7ed428638b57ea
2290,2019-09-16,52.2,52.4,49.6,50.9,1809360,,,,,historical_baseline,,fe33df9ae5456d8ee27133c42c244c81d150008ababc19399c7ed428638b57ea
2290,2019-09-17,50.8,51.4,49.75,50.5,1363886,,,,,historical_baseline,,fe33df9ae5456d8ee27133c42c244c81d150008ababc19399c7ed428638b57ea
2290,2019-09-18,51.1,51.4,50.6,51.0,703182,,,,,historical_baseline,,fe33df9ae5456d8ee27133c42c244c81d150008ababc19399c7ed428638b57ea
2290,2019-09-19,51.0,52.0,50.5,52.0,4011761,,,,,historical_baseline,,fe33df9ae5456d8ee27133c42c244c81d150008ababc19399c7ed428638b57ea
2290,2019-09-22,51.7,52.7,51.6,52.7,173981,,,,,historical_baseline,,fe33df9ae5456d8ee27133c42c244c81d150008ababc19399c7ed428638b57ea
2290,2019-09-24,52.8,54.2,52.6,54.2,518621,,,,,historical_baseline,,fe33df9ae5456d8ee27133c42c244c81d150008ababc19399c7ed428638b57ea
2290,2019-09-25,54.2,55.9,54.0,55.0,964758,,,,,historical_baseline,,fe33df9ae5456d8ee27133c42c244c81d150008ababc19399c7ed428638b57ea
2290,2019-09-26,55.0,55.0,54.2,54.4,210220,,,,,historical_baseline,,fe33df9ae5456d8ee27133c42c244c81d150008ababc19399c7ed428638b57ea
2290,2019-09-29,54.4,54.4,54.0,54.4,193066,,,,,historical_baseline,,fe33df9ae5456d8ee27133c42c244c81d150008ababc19399c7ed428638b57ea
2290,2019-09-30,54.4,54.4,53.5,53.5,864478,,,,,historical_baseline,,fe33df9ae5456d8ee27133c42c244c81d150008ababc19399c7ed428638b57ea
2300,2019-09-01,7.97,8.14,7.92,8.03,175067,,,,,historical_baseline,,fe33df9ae5456d8ee27133c42c244c81d150008ababc19399c7ed428638b57ea
2300,2019-09-02,8.07,8.1,7.97,8.08,385375,,,,,historical_baseline,,fe33df9ae5456d8ee27133c42c244c81d150008ababc19399c7ed428638b57ea
2300,2019-09-03,8.05,8.11,8.03,8.08,314315,,,,,historical_baseline,,fe33df9ae5456d8ee27133c42c244c81d150008ababc19399c7ed428638b57ea
2300,2019-09-04,8.1,8.28,8.1,8.15,276365,,,,,historical_baseline,,fe33df9ae5456d8ee27133c42c244c81d150008ababc19399c7ed428638b57ea
2300,2019-09-05,8.14,8.23,8.1,8.1,215715,,,,,historical_baseline,,fe33df9ae5456d8ee27133c42c244c81d150008ababc19399c7ed428638b57ea
2300,2019-09-08,8.12,8.15,8.06,8.09,116421,,,,,historical_baseline,,fe33df9ae5456d8ee27133c42c244c81d150008ababc19399c7ed428638b57ea
2300,2019-09-09,8.11,8.14,8.11,8.13,123619,,,,,historical_baseline,,fe33df9ae5456d8ee27133c42c244c81d150008ababc19399c7ed428638b57ea
2300,2019-09-10,8.1,8.1,7.93,7.93,215196,,,,,historical_baseline,,fe33df9ae5456d8ee27133c42c244c81d150008ababc19399c7ed428638b57ea
2300,2019-09-11,7.93,7.95,7.88,7.93,200787,,,,,historical_baseline,,fe33df9ae5456d8ee27133c42c244c81d150008ababc19399c7ed428638b57ea
2300,2019-09-12,7.92,7.99,7.92,7.95,158776,,,,,historical_baseline,,fe33df9ae5456d8ee27133c42c244c81d150008ababc19399c7ed428638b57ea
2300,2019-09-15,7.94,7.94,7.85,7.88,121518,,,,,historical_baseline,,fe33df9ae5456d8ee27133c42c244c81d150008ababc19399c7ed428638b57ea
2300,2019-09-16,7.93,8.0,7.88,7.88,191295,,,,,historical_baseline,,fe33df9ae5456d8ee27133c42c244c81d150008ababc19399c7ed428638b57ea
2300,2019-09-17,8.52,8.67,8.34,8.67,4198823,,,,,historical_baseline,,fe33df9ae5456d8ee27133c42c244c81d150008ababc19399c7ed428638b57ea
2300,2019-09-18,8.71,9.25,8.65,8.8,7729107,,,,,historical_baseline,,fe33df9ae5456d8ee27133c42c244c81d150008ababc19399c7ed428638b57ea
2300,2019-09-19,8.8,9.18,8.76,8.78,4333961,,,,,historical_baseline,,fe33df9ae5456d8ee27133c42c244c81d150008ababc19399c7ed428638b57ea
2300,2019-09-22,8.81,8.97,8.63,8.64,1740376,,,,,historical_baseline,,fe33df9ae5456d8ee27133c42c244c81d150008ababc19399c7ed428638b57ea
2300,2019-09-24,8.7,8.9,8.6,8.65,1664340,,,,,historical_baseline,,fe33df9ae5456d8ee27133c42c244c81d150008ababc19399c7ed428638b57ea
2300,2019-09-25,8.64,8.87,8.64,8.79,1630522,,,,,historical_baseline,,fe33df9ae5456d8ee27133c42c244c81d150008ababc19399c7ed428638b57ea
2300,2019-09-26,8.9,9.06,8.77,8.77,3336632,,,,,historical_baseline,,fe33df9ae5456d8ee27133c42c244c81d150008ababc19399c7ed428638b57ea
2300,2019-09-29,8.78,8.78,8.64,8.64,903288,,,,,historical_baseline,,fe33df9ae5456d8ee27133c42c244c81d150008ababc19399c7ed428638b57ea
2300,2019-09-30,8.44,8.8,8.44,8.53,1658714,,,,,historical_baseline,,fe33df9ae5456d8ee27133c42c244c81d150008ababc19399c7ed428638b57ea
2310,2019-09-01,18.2,18.3,17.9,17.96,1071709,,,,,historical_baseline,,fe33df9ae5456d8ee27133c42c244c81d150008ababc19399c7ed428638b57ea
2310,2019-09-02,18.04,18.12,17.92,18.04,1370187,,,,,historical_baseline,,fe33df9ae5456d8ee27133c42c244c81d150008ababc19399c7ed428638b57ea
2310,2019-09-03,18.06,18.06,17.7,17.78,1236518,,,,,historical_baseline,,fe33df9ae5456d8ee27133c42c244c81d150008ababc19399c7ed428638b57ea
2310,2019-09-04,17.76,17.92,17.68,17.9,1199975,,,,,historical_baseline,,fe33df9ae5456d8ee27133c42c244c81d150008ababc19399c7ed428638b57ea
2310,2019-09-05,17.92,18.02,17.78,17.84,1168846,,,,,historical_baseline,,fe33df9ae5456d8ee27133c42c244c81d150008ababc19399c7ed428638b57ea
2310,2019-09-08,17.92,17.92,17.68,17.68,1261696,,,,,historical_baseline,,fe33df9ae5456d8ee27133c42c244c81d150008ababc19399c7ed428638b57ea
2310,2019-09-09,17.62,17.7,17.56,17.64,1590274,,,,,historical_baseline,,fe33df9ae5456d8ee27133c42c244c81d150008ababc19399c7ed428638b57ea
2310,2019-09-10,17.6,17.6,16.96,17.0,2219212,,,,,historical_baseline,,fe33df9ae5456d8ee27133c42c244c81d150008ababc19399c7ed428638b57ea
2310,2019-09-11,17.0,17.0,16.54,16.84,2048030,,,,,historical_baseline,,fe33df9ae5456d8ee27133c42c244c81d150008ababc19399c7ed428638b57ea
2310,2019-09-12,16.82,17.06,16.64,16.88,1314422,,,,,historical_baseline,,fe33df9ae5456d8ee27133c42c244c81d150008ababc19399c7ed428638b57ea
2310,2019-09-15,16.5,16.78,16.14,16.7,1161908,,,,,historical_baseline,,fe33df9ae5456d8ee27133c42c244c81d150008ababc19399c7ed428638b57ea
2310,2019-09-16,16.6,16.88,16.32,16.54,1629929,,,,,historical_baseline,,fe33df9ae5456d8ee27133c42c244c81d150008ababc19399c7ed428638b57ea
2310,2019-09-17,16.48,16.52,16.16,16.26,1565514,,,,,historical_baseline,,fe33df9ae5456d8ee27133c42c244c81d150008ababc19399c7ed428638b57ea
2310,2019-09-18,16.46,16.48,16.08,16.12,2405844,,,,,historical_baseline,,fe33df9ae5456d8ee27133c42c244c81d150008ababc19399c7ed428638b57ea
2310,2019-09-19,16.12,16.3,16.04,16.26,3730053,,,,,historical_baseline,,fe33df9ae5456d8ee27133c42c244c81d150008ababc19399c7ed428638b57ea
2310,2019-09-22,16.22,16.72,16.22,16.66,1437476,,,,,historical_baseline,,fe33df9ae5456d8ee27133c42c244c81d150008ababc19399c7ed428638b57ea
2310,2019-09-24,16.74,17.2,16.7,17.2,1346053,,,,,historical_baseline,,fe33df9ae5456d8ee27133c42c244c81d150008ababc19399c7ed428638b57ea
2310,2019-09-25,17.4,17.64,17.2,17.46,2301013,,,,,historical_baseline,,fe33df9ae5456d8ee27133c42c244c81d150008ababc19399c7ed428638b57ea
2310,2019-09-26,17.7,18.1,17.7,17.94,2983394,,,,,historical_baseline,,fe33df9ae5456d8ee27133c42c244c81d150008ababc19399c7ed428638b57ea
2310,2019-09-29,18.06,18.24,18.02,18.24,948521,,,,,historical_baseline,,fe33df9ae5456d8ee27133c42c244c81d150008ababc19399c7ed428638b57ea
2310,2019-09-30,18.24,18.36,18.0,18.02,2353464,,,,,historical_baseline,,fe33df9ae5456d8ee27133c42c244c81d150008ababc19399c7ed428638b57ea
2320,2019-09-01,15.0,15.15,14.95,14.96,62313,,,,,historical_baseline,,fe33df9ae5456d8ee27133c42c244c81d150008ababc19399c7ed428638b57ea
2320,2019-09-02,15.07,15.13,14.92,15.13,424437,,,,,historical_baseline,,fe33df9ae5456d8ee27133c42c244c81d150008ababc19399c7ed428638b57ea
2320,2019-09-03,15.01,15.16,14.93,15.04,199297,,,,,historical_baseline,,fe33df9ae5456d8ee27133c42c244c81d150008ababc19399c7ed428638b57ea
2320,2019-09-04,15.13,15.27,15.09,15.23,134008,,,,,historical_baseline,,fe33df9ae5456d8ee27133c42c244c81d150008ababc19399c7ed428638b57ea
2320,2019-09-05,15.23,15.32,15.2,15.32,203232,,,,,historical_baseline,,fe33df9ae5456d8ee27133c42c244c81d150008ababc19399c7ed428638b57ea
2320,2019-09-08,15.39,15.47,15.27,15.45,133186,,,,,historical_baseline,,fe33df9ae5456d8ee27133c42c244c81d150008ababc19399c7ed428638b57ea
2320,2019-09-09,15.33,15.53,15.32,15.53,73591,,,,,historical_baseline,,fe33df9ae5456d8ee27133c42c244c81d150008ababc19399c7ed428638b57ea
2320,2019-09-10,15.47,15.47,15.09,15.27,181773,,,,,historical_baseline,,fe33df9ae5456d8ee27133c42c244c81d150008ababc19399c7ed428638b57ea
2320,2019-09-11,15.01,15.21,15.01,15.2,126787,,,,,historical_baseline,,fe33df9ae5456d8ee27133c42c244c81d150008ababc19399c7ed428638b57ea
2320,2019-09-12,15.13,15.24,15.13,15.24,91140,,,,,historical_baseline,,fe33df9ae5456d8ee27133c42c244c81d150008ababc19399c7ed428638b57ea
2320,2019-09-15,15.04,15.13,15.0,15.07,99333,,,,,historical_baseline,,fe33df9ae5456d8ee27133c42c244c81d150008ababc19399c7ed428638b57ea
2320,2019-09-16,15.0,15.13,14.76,14.87,233044,,,,,historical_baseline,,fe33df9ae5456d8ee27133c42c244c81d150008ababc19399c7ed428638b57ea
2320,2019-09-17,14.87,14.87,14.83,14.87,31285,,,,,historical_baseline,,fe33df9ae5456d8ee27133c42c244c81d150008ababc19399c7ed428638b57ea
2320,2019-09-18,14.88,15.0,14.87,15.0,67339,,,,,historical_baseline,,fe33df9ae5456d8ee27133c42c244c81d150008ababc19399c7ed428638b57ea
2320,2019-09-19,14.88,15.05,14.88,15.05,59952,,,,,historical_baseline,,fe33df9ae5456d8ee27133c42c244c81d150008ababc19399c7ed428638b57ea
2320,2019-09-22,15.13,15.17,15.08,15.16,62584,,,,,historical_baseline,,fe33df9ae5456d8ee27133c42c244c81d150008ababc19399c7ed428638b57ea
2320,2019-09-24,15.16,15.49,15.16,15.4,378789,,,,,historical_baseline,,fe33df9ae5456d8ee27133c42c244c81d150008ababc19399c7ed428638b57ea
2320,2019-09-25,15.4,15.8,15.33,15.61,668278,,,,,historical_baseline,,fe33df9ae5456d8ee27133c42c244c81d150008ababc19399c7ed428638b57ea
2320,2019-09-26,15.61,16.16,15.61,16.0,747738,,,,,historical_baseline,,fe33df9ae5456d8ee27133c42c244c81d150008ababc19399c7ed428638b57ea
2320,2019-09-29,16.13,16.47,15.95,16.37,546723,,,,,historical_baseline,,fe33df9ae5456d8ee27133c42c244c81d150008ababc19399c7ed428638b57ea
2320,2019-09-30,16.37,16.77,16.37,16.77,845197,,,,,historical_baseline,,fe33df9ae5456d8ee27133c42c244c81d150008ababc19399c7ed428638b57ea
2330,2019-09-01,42.5,42.5,41.74,42.27,226991,,,,,historical_baseline,,fe33df9ae5456d8ee27133c42c244c81d150008ababc19399c7ed428638b57ea
2330,2019-09-02,42.2,42.2,41.74,41.89,361299,,,,,historical_baseline,,fe33df9ae5456d8ee27133c42c244c81d150008ababc19399c7ed428638b57ea
2330,2019-09-03,41.89,41.89,41.21,41.29,615373,,,,,historical_baseline,,fe33df9ae5456d8ee27133c42c244c81d150008ababc19399c7ed428638b57ea
2330,2019-09-04,41.36,42.58,41.36,42.27,882404,,,,,historical_baseline,,fe33df9ae5456d8ee27133c42c244c81d150008ababc19399c7ed428638b57ea
2330,2019-09-05,42.42,42.65,41.36,42.05,443252,,,,,historical_baseline,,fe33df9ae5456d8ee27133c42c244c81d150008ababc19399c7ed428638b57ea
2330,2019-09-08,42.27,42.27,41.74,42.12,70002,,,,,historical_baseline,,fe33df9ae5456d8ee27133c42c244c81d150008ababc19399c7ed428638b57ea
2330,2019-09-09,42.12,42.12,41.67,41.89,429916,,,,,historical_baseline,,fe33df9ae5456d8ee27133c42c244c81d150008ababc19399c7ed428638b57ea
2330,2019-09-10,41.82,41.82,41.21,41.44,298020,,,,,historical_baseline,,fe33df9ae5456d8ee27133c42c244c81d150008ababc19399c7ed428638b57ea
2330,2019-09-11,41.82,41.82,40.68,40.76,231249,,,,,historical_baseline,,fe33df9ae5456d8ee27133c42c244c81d150008ababc19399c7ed428638b57ea
2330,2019-09-12,40.68,41.29,40.38,40.76,935670,,,,,historical_baseline,,fe33df9ae5456d8ee27133c42c244c81d150008ababc19399c7ed428638b57ea
2330,2019-09-15,39.85,40.91,39.24,40.91,1258238,,,,,historical_baseline,,fe33df9ae5456d8ee27133c42c244c81d150008ababc19399c7ed428638b57ea
2330,2019-09-16,40.91,40.91,39.02,39.17,1216563,,,,,historical_baseline,,fe33df9ae5456d8ee27133c42c244c81d150008ababc19399c7ed428638b57ea
2330,2019-09-17,39.18,39.18,37.89,38.5,2175709,,,,,historical_baseline,,fe33df9ae5456d8ee27133c42c244c81d150008ababc19399c7ed428638b57ea
2330,2019-09-18,39.83,40.17,38.79,39.0,1005627,,,,,historical_baseline,,fe33df9ae5456d8ee27133c42c244c81d150008ababc19399c7ed428638b57ea
2330,2019-09-19,39.0,39.17,38.46,39.17,1585038,,,,,historical_baseline,,fe33df9ae5456d8ee27133c42c244c81d150008ababc19399c7ed428638b57ea
2330,2019-09-22,39.17,39.58,39.12,39.5,413511,,,,,historical_baseline,,fe33df9ae5456d8ee27133c42c244c81d150008ababc19399c7ed428638b57ea
2330,2019-09-24,39.54,40.29,39.54,40.29,601675,,,,,historical_baseline,,fe33df9ae5456d8ee27133c42c244c81d150008ababc19399c7ed428638b57ea
2330,2019-09-25,40.42,41.17,40.33,41.08,464643,,,,,historical_baseline,,fe33df9ae5456d8ee27133c42c244c81d150008ababc19399c7ed428638b57ea
2330,2019-09-26,41.17,41.29,40.62,40.75,284791,,,,,historical_baseline,,fe33df9ae5456d8ee27133c42c244c81d150008ababc19399c7ed428638b57ea
2330,2019-09-29,40.83,40.96,40.54,40.58,200901,,,,,historical_baseline,,fe33df9ae5456d8ee27133c42c244c81d150008ababc19399c7ed428638b57ea
2330,2019-09-30,40.75,40.75,40.33,40.42,534710,,,,,historical_baseline,,fe33df9ae5456d8ee27133c42c244c81d150008ababc19399c7ed428638b57ea
2340,2019-09-01,11.2,11.2,11.1,11.1,21625,,,,,historical_baseline,,fe33df9ae5456d8ee27133c42c244c81d150008ababc19399c7ed428638b57ea
2340,2019-09-02,11.12,11.2,11.12,11.2,10213,,,,,historical_baseline,,fe33df9ae5456d8ee27133c42c244c81d150008ababc19399c7ed428638b57ea
2340,2019-09-03,11.2,11.22,11.2,11.22,20919,,,,,historical_baseline,,fe33df9ae5456d8ee27133c42c244c81d150008ababc19399c7ed428638b57ea
2340,2019-09-04,11.22,11.22,11.18,11.18,15663,,,,,historical_baseline,,fe33df9ae5456d8ee27133c42c244c81d150008ababc19399c7ed428638b57ea
2340,2019-09-05,11.2,11.22,11.2,11.2,16933,,,,,historical_baseline,,fe33df9ae5456d8ee27133c42c244c81d150008ababc19399c7ed428638b57ea
2340,2019-09-08,11.22,11.24,11.22,11.24,16646,,,,,historical_baseline,,fe33df9ae5456d8ee27133c42c244c81d150008ababc19399c7ed428638b57ea
2340,2019-09-09,11.42,11.48,11.34,11.4,57725,,,,,historical_baseline,,fe33df9ae5456d8ee27133c42c244c81d150008ababc19399c7ed428638b57ea
2340,2019-09-10,11.48,11.66,11.44,11.6,169814,,,,,historical_baseline,,fe33df9ae5456d8ee27133c42c244c81d150008ababc19399c7ed428638b57ea
2340,2019-09-11,11.6,11.6,11.34,11.4,37639,,,,,historical_baseline,,fe33df9ae5456d8ee27133c42c244c81d150008ababc19399c7ed428638b57ea
2340,2019-09-12,11.38,11.38,11.2,11.2,83176,,,,,historical_baseline,,fe33df9ae5456d8ee27133c42c244c81d150008ababc19399c7ed428638b57ea
2340,2019-09-15,11.12,11.12,11.06,11.08,24277,,,,,historical_baseline,,fe33df9ae5456d8ee27133c42c244c81d150008ababc19399c7ed428638b57ea
2340,2019-09-16,11.12,11.14,11.1,11.1,61511,,,,,historical_baseline,,fe33df9ae5456d8ee27133c42c244c81d150008ababc19399c7ed428638b57ea
2340,2019-09-17,11.14,11.14,11.02,11.04,87005,,,,,historical_baseline,,fe33df9ae5456d8ee27133c42c244c81d150008ababc19399c7ed428638b57ea
2340,2019-09-18,11.1,11.1,11.04,11.04,71434,,,,,historical_baseline,,fe33df9ae5456d8ee27133c42c244c81d150008ababc19399c7ed428638b57ea
2340,2019-09-19,11.1,11.26,11.02,11.26,211587,,,,,historical_baseline,,fe33df9ae5456d8ee27133c42c244c81d150008ababc19399c7ed428638b57ea
2340,2019-09-22,11.28,11.5,11.28,11.38,84154,,,,,historical_baseline,,fe33df9ae5456d8ee27133c42c244c81d150008ababc19399c7ed428638b57ea
2340,2019-09-24,11.42,11.44,11.4,11.44,22161,,,,,historical_baseline,,fe33df9ae5456d8ee27133c42c244c81d150008ababc19399c7ed428638b57ea
2340,2019-09-25,11.42,11.7,11.42,11.58,159106,,,,,historical_baseline,,fe33df9ae5456d8ee27133c42c244c81d150008ababc19399c7ed428638b57ea
2340,2019-09-26,11.6,11.98,11.6,11.68,736422,,,,,historical_baseline,,fe33df9ae5456d8ee27133c42c244c81d150008ababc19399c7ed428638b57ea
2340,2019-09-29,11.7,11.74,11.6,11.6,199050,,,,,historical_baseline,,fe33df9ae5456d8ee27133c42c244c81d150008ababc19399c7ed428638b57ea
2340,2019-09-30,11.52,11.7,11.52,11.7,134963,,,,,historical_baseline,,fe33df9ae5456d8ee27133c42c244c81d150008ababc19399c7ed428638b57ea
2350,2019-09-01,10.58,10.58,10.36,10.44,2290274,,,,,historical_baseline,,fe33df9ae5456d8ee27133c42c244c81d150008ababc19399c7ed428638b57ea
2350,2019-09-02,10.46,10.58,10.42,10.56,1855697,,,,,historical_baseline,,fe33df9ae5456d8ee27133c42c244c81d150008ababc19399c7ed428638b57ea
2350,2019-09-03,10.54,10.56,10.44,10.52,1824326,,,,,historical_baseline,,fe33df9ae5456d8ee27133c42c244c81d150008ababc19399c7ed428638b57ea
2350,2019-09-04,10.46,10.7,10.46,10.7,5362538,,,,,historical_baseline,,fe33df9ae5456d8ee27133c42c244c81d150008ababc19399c7ed428638b57ea
2350,2019-09-05,10.76,10.8,10.62,10.72,3670854,,,,,historical_baseline,,fe33df9ae5456d8ee27133c42c244c81d150008ababc19399c7ed428638b57ea
2350,2019-09-08,10.7,10.74,10.64,10.66,1332052,,,,,historical_baseline,,fe33df9ae5456d8ee27133c42c244c81d150008ababc19399c7ed428638b57ea
2350,2019-09-09,10.66,10.66,10.54,10.64,2328231,,,,,historical_baseline,,fe33df9ae5456d8ee27133c42c244c81d150008ababc19399c7ed428638b57ea
2350,2019-09-10,10.64,10.64,10.5,10.56,2218400,,,,,historical_baseline,,fe33df9ae5456d8ee27133c42c244c81d150008ababc19399c7ed428638b57ea
2350,2019-09-11,10.5,10.5,10.32,10.48,3059863,,,,,historical_baseline,,fe33df9ae5456d8ee27133c42c244c81d150008ababc19399c7ed428638b57ea
2350,2019-09-12,10.46,10.54,10.38,10.42,2383087,,,,,historical_baseline,,fe33df9ae5456d8ee27133c42c244c81d150008ababc19399c7ed428638b57ea
2350,2019-09-15,9.98,10.18,9.98,10.14,7945206,,,,,historical_baseline,,fe33df9ae5456d8ee27133c42c244c81d150008ababc19399c7ed428638b57ea
2350,2019-09-16,10.16,10.2,9.9,10.06,6864565,,,,,historical_baseline,,fe33df9ae5456d8ee27133c42c244c81d150008ababc19399c7ed428638b57ea
2350,2019-09-17,10.02,10.08,9.91,10.0,3464359,,,,,historical_baseline,,fe33df9ae5456d8ee27133c42c244c81d150008ababc19399c7ed428638b57ea
2350,2019-09-18,10.1,10.16,9.97,10.0,5616194,,,,,historical_baseline,,fe33df9ae5456d8ee27133c42c244c81d150008ababc19399c7ed428638b57ea
2350,2019-09-19,10.0,10.12,9.97,10.1,13607158,,,,,historical_baseline,,fe33df9ae5456d8ee27133c42c244c81d150008ababc19399c7ed428638b57ea
2350,2019-09-22,10.1,10.2,10.0,10.18,3174275,,,,,historical_baseline,,fe33df9ae5456d8ee27133c42c244c81d150008ababc19399c7ed428638b57ea
2350,2019-09-24,10.14,10.34,10.14,10.34,3279475,,,,,historical_baseline,,fe33df9ae5456d8ee27133c42c244c81d150008ababc19399c7ed428638b57ea
2350,2019-09-25,10.34,10.44,10.28,10.36,3701384,,,,,historical_baseline,,fe33df9ae5456d8ee27133c42c244c81d150008ababc19399c7ed428638b57ea
2350,2019-09-26,10.34,10.48,10.3,10.32,2854260,,,,,historical_baseline,,fe33df9ae5456d8ee27133c42c244c81d150008ababc19399c7ed428638b57ea
2350,2019-09-29,10.32,10.4,10.3,10.3,1570162,,,,,historical_baseline,,fe33df9ae5456d8ee27133c42c244c81d150008ababc19399c7ed428638b57ea
2350,2019-09-30,10.32,10.4,10.2,10.2,4611196,,,,,historical_baseline,,fe33df9ae5456d8ee27133c42c244c81d150008ababc19399c7ed428638b57ea
2360,2019-09-01,44.0,45.3,44.0,45.2,35799,,,,,historical_baseline,,fe33df9ae5456d8ee27133c42c244c81d150008ababc19399c7ed428638b57ea
2360,2019-09-02,45.5,46.95,45.5,46.1,63479,,,,,historical_baseline,,fe33df9ae5456d8ee27133c42c244c81d150008ababc19399c7ed428638b57ea
2360,2019-09-03,47.8,47.8,46.0,46.05,21222,,,,,historical_baseline,,fe33df9ae5456d8ee27133c42c244c81d150008ababc19399c7ed428638b57ea
2360,2019-09-04,45.5,46.1,45.5,46.0,9039,,,,,historical_baseline,,fe33df9ae5456d8ee27133c42c244c81d150008ababc19399c7ed428638b57ea
2360,2019-09-05,46.05,46.05,46.05,46.05,3070,,,,,historical_baseline,,fe33df9ae5456d8ee27133c42c244c81d150008ababc19399c7ed428638b57ea
2360,2019-09-08,46.5,46.55,46.3,46.4,12618,,,,,historical_baseline,,fe33df9ae5456d8ee27133c42c244c81d150008ababc19399c7ed428638b57ea
2360,2019-09-09,46.5,46.6,46.4,46.6,15237,,,,,historical_baseline,,fe33df9ae5456d8ee27133c42c244c81d150008ababc19399c7ed428638b57ea
2360,2019-09-10,46.7,47.0,46.65,46.7,11629,,,,,historical_baseline,,fe33df9ae5456d8ee27133c42c244c81d150008ababc19399c7ed428638b57ea
2360,2019-09-11,46.0,46.5,46.0,46.5,19855,,,,,historical_baseline,,fe33df9ae5456d8ee27133c42c244c81d150008ababc19399c7ed428638b57ea
2360,2019-09-12,46.5,46.5,46.5,46.5,1856,,,,,historical_baseline,,fe33df9ae5456d8ee27133c42c244c81d150008ababc19399c7ed428638b57ea
2360,2019-09-15,46.35,46.4,45.65,46.4,2842,,,,,historical_baseline,,fe33df9ae5456d8ee27133c42c244c81d150008ababc19399c7ed428638b57ea
2360,2019-09-16,46.4,46.4,46.0,46.2,5775,,,,,historical_baseline,,fe33df9ae5456d8ee27133c42c244c81d150008ababc19399c7ed428638b57ea
2360,2019-09-17,46.2,46.5,44.95,46.5,12368,,,,,historical_baseline,,fe33df9ae5456d8ee27133c42c244c81d150008ababc19399c7ed428638b57ea
2360,2019-09-18,46.3,46.3,46.0,46.0,16963,,,,,historical_baseline,,fe33df9ae5456d8ee27133c42c244c81d150008ababc19399c7ed428638b57ea
2360,2019-09-19,46.5,48.0,46.5,47.45,39626,,,,,historical_baseline,,fe33df9ae5456d8ee27133c42c244c81d150008ababc19399c7ed428638b57ea
2360,2019-09-22,47.45,47.5,47.0,47.5,6885,,,,,historical_baseline,,fe33df9ae5456d8ee27133c42c244c81d150008ababc19399c7ed428638b57ea
2360,2019-09-24,47.5,48.0,47.5,47.95,13960,,,,,historical_baseline,,fe33df9ae5456d8ee27133c42c244c81d150008ababc19399c7ed428638b57ea
2360,2019-09-25,47.45,48.1,47.45,48.0,24941,,,,,historical_baseline,,fe33df9ae5456d8ee27133c42c244c81d150008ababc19399c7ed428638b57ea
2360,2019-09-26,48.0,49.5,48.0,49.0,63115,,,,,historical_baseline,,fe33df9ae5456d8ee27133c42c244c81d150008ababc19399c7ed428638b57ea
2360,2019-09-29,49.2,49.2,48.6,48.6,13290,,,,,historical_baseline,,fe33df9ae5456d8ee27133c42c244c81d150008ababc19399c7ed428638b57ea
2360,2019-09-30,48.6,48.6,48.25,48.45,19152,,,,,historical_baseline,,fe33df9ae5456d8ee27133c42c244c81d150008ababc19399c7ed428638b57ea
2370,2019-09-01,9.22,9.25,9.15,9.25,271105,,,,,historical_baseline,,fe33df9ae5456d8ee27133c42c244c81d150008ababc19399c7ed428638b57ea
2370,2019-09-02,9.24,9.5,9.24,9.4,379228,,,,,historical_baseline,,fe33df9ae5456d8ee27133c42c244c81d150008ababc19399c7ed428638b57ea
2370,2019-09-03,9.4,9.4,9.29,9.3,129779,,,,,historical_baseline,,fe33df9ae5456d8ee27133c42c244c81d150008ababc19399c7ed428638b57ea
2370,2019-09-04,9.3,9.43,9.3,9.37,116151,,,,,historical_baseline,,fe33df9ae5456d8ee27133c42c244c81d150008ababc19399c7ed428638b57ea
2370,2019-09-05,9.39,9.45,9.3,9.35,199474,,,,,historical_baseline,,fe33df9ae5456d8ee27133c42c244c81d150008ababc19399c7ed428638b57ea
2370,2019-09-08,9.38,9.45,9.38,9.42,83168,,,,,historical_baseline,,fe33df9ae5456d8ee27133c42c244c81d150008ababc19399c7ed428638b57ea
2370,2019-09-09,9.4,9.42,9.39,9.41,63401,,,,,historical_baseline,,fe33df9ae5456d8ee27133c42c244c81d150008ababc19399c7ed428638b57ea
2370,2019-09-10,9.3,9.3,9.2,9.2,134357,,,,,historical_baseline,,fe33df9ae5456d8ee27133c42c244c81d150008ababc19399c7ed428638b57ea
2370,2019-09-11,9.22,9.27,9.1,9.2,177239,,,,,historical_baseline,,fe33df9ae5456d8ee27133c42c244c81d150008ababc19399c7ed428638b57ea
2370,2019-09-12,9.22,9.24,9.16,9.19,53063,,,,,historical_baseline,,fe33df9ae5456d8ee27133c42c244c81d150008ababc19399c7ed428638b57ea
2370,2019-09-15,9.12,9.15,9.09,9.12,102174,,,,,historical_baseline,,fe33df9ae5456d8ee27133c42c244c81d150008ababc19399c7ed428638b57ea
2370,2019-09-16,9.19,9.19,9.07,9.07,119958,,,,,historical_baseline,,fe33df9ae5456d8ee27133c42c244c81d150008ababc19399c7ed428638b57ea
2370,2019-09-17,9.16,9.16,9.01,9.01,205699,,,,,historical_baseline,,fe33df9ae5456d8ee27133c42c244c81d150008ababc19399c7ed428638b57ea
2370,2019-09-18,9.1,9.1,9.05,9.06,142867,,,,,historical_baseline,,fe33df9ae5456d8ee27133c42c244c81d150008ababc19399c7ed428638b57ea
2370,2019-09-19,9.06,9.06,8.95,8.95,190131,,,,,historical_baseline,,fe33df9ae5456d8ee27133c42c244c81d150008ababc19399c7ed428638b57ea
2370,2019-09-22,9.0,9.06,9.0,9.06,84107,,,,,historical_baseline,,fe33df9ae5456d8ee27133c42c244c81d150008ababc19399c7ed428638b57ea
2370,2019-09-24,9.06,9.17,9.06,9.1,255564,,,,,historical_baseline,,fe33df9ae5456d8ee27133c42c244c81d150008ababc19399c7ed428638b57ea
2370,2019-09-25,9.1,9.45,9.1,9.29,772821,,,,,historical_baseline,,fe33df9ae5456d8ee27133c42c244c81d150008ababc19399c7ed428638b57ea
2370,2019-09-26,9.35,9.5,9.3,9.38,377514,,,,,historical_baseline,,fe33df9ae5456d8ee27133c42c244c81d150008ababc19399c7ed428638b57ea
2370,2019-09-29,9.42,9.63,9.34,9.4,668379,,,,,historical_baseline,,fe33df9ae5456d8ee27133c42c244c81d150008ababc19399c7ed428638b57ea
2370,2019-09-30,9.41,9.63,9.41,9.49,468593,,,,,historical_baseline,,fe33df9ae5456d8ee27133c42c244c81d150008ababc19399c7ed428638b57ea
2380,2019-09-01,14.01,14.01,13.8,13.87,330256,,,,,historical_baseline,,fe33df9ae5456d8ee27133c42c244c81d150008ababc19399c7ed428638b57ea
2380,2019-09-02,13.9,13.98,13.78,13.92,1194790,,,,,historical_baseline,,fe33df9ae5456d8ee27133c42c244c81d150008ababc19399c7ed428638b57ea
2380,2019-09-03,13.97,14.32,13.8,14.21,1444003,,,,,historical_baseline,,fe33df9ae5456d8ee27133c42c244c81d150008ababc19399c7ed428638b57ea
2380,2019-09-04,14.15,14.22,13.99,14.12,1025036,,,,,historical_baseline,,fe33df9ae5456d8ee27133c42c244c81d150008ababc19399c7ed428638b57ea
2380,2019-09-05,14.09,14.22,13.94,14.01,839554,,,,,historical_baseline,,fe33df9ae5456d8ee27133c42c244c81d150008ababc19399c7ed428638b57ea
2380,2019-09-08,14.05,14.08,13.98,13.98,327413,,,,,historical_baseline,,fe33df9ae5456d8ee27133c42c244c81d150008ababc19399c7ed428638b57ea
2380,2019-09-09,14.01,14.06,13.95,13.99,386883,,,,,historical_baseline,,fe33df9ae5456d8ee27133c42c244c81d150008ababc19399c7ed428638b57ea
2380,2019-09-10,14.01,14.05,13.67,13.83,903082,,,,,historical_baseline,,fe33df9ae5456d8ee27133c42c244c81d150008ababc19399c7ed428638b57ea
2380,2019-09-11,13.7,13.7,13.38,13.64,786051,,,,,historical_baseline,,fe33df9ae5456d8ee27133c42c244c81d150008ababc19399c7ed428638b57ea
2380,2019-09-12,13.45,13.67,13.45,13.6,487205,,,,,historical_baseline,,fe33df9ae5456d8ee27133c42c244c81d150008ababc19399c7ed428638b57ea
2380,2019-09-15,12.96,13.31,12.48,13.03,3226706,,,,,historical_baseline,,fe33df9ae5456d8ee27133c42c244c81d150008ababc19399c7ed428638b57ea
2380,2019-09-16,13.13,13.17,12.87,13.17,1086434,,,,,historical_baseline,,fe33df9ae5456d8ee27133c42c244c81d150008ababc19399c7ed428638b57ea
2380,2019-09-17,13.03,13.1,12.68,12.89,1309546,,,,,historical_baseline,,fe33df9ae5456d8ee27133c42c244c81d150008ababc19399c7ed428638b57ea
2380,2019-09-18,13.03,13.17,12.89,12.96,993710,,,,,historical_baseline,,fe33df9ae5456d8ee27133c42c244c81d150008ababc19399c7ed428638b57ea
2380,2019-09-19,12.96,13.59,12.96,13.59,3329664,,,,,historical_baseline,,fe33df9ae5456d8ee27133c42c244c81d150008ababc19399c7ed428638b57ea
2380,2019-09-22,13.08,13.5,13.08,13.49,433895,,,,,historical_baseline,,fe33df9ae5456d8ee27133c42c244c81d150008ababc19399c7ed428638b57ea
2380,2019-09-24,13.49,14.04,13.32,14.04,1059626,,,,,historical_baseline,,fe33df9ae5456d8ee27133c42c244c81d150008ababc19399c7ed428638b57ea
2380,2019-09-25,14.01,14.02,13.6,13.87,1608857,,,,,historical_baseline,,fe33df9ae5456d8ee27133c42c244c81d150008ababc19399c7ed428638b57ea
2380,2019-09-26,13.9,13.94,13.78,13.94,761992,,,,,historical_baseline,,fe33df9ae5456d8ee27133c42c244c81d150008ababc19399c7ed428638b57ea
2380,2019-09-29,13.84,13.94,13.66,13.87,347286,,,,,historical_baseline,,fe33df9ae5456d8ee27133c42c244c81d150008ababc19399c7ed428638b57ea
2380,2019-09-30,13.87,13.92,13.8,13.91,979198,,,,,historical_baseline,,fe33df9ae5456d8ee27133c42c244c81d150008ababc19399c7ed428638b57ea
3002,2019-09-01,8.75,8.78,8.68,8.7,930530,,,,,historical_baseline,,fe33df9ae5456d8ee27133c42c244c81d150008ababc19399c7ed428638b57ea
3002,2019-09-02,8.71,8.78,8.63,8.77,878447,,,,,historical_baseline,,fe33df9ae5456d8ee27133c42c244c81d150008ababc19399c7ed428638b57ea
3002,2019-09-03,8.8,9.07,8.77,8.93,3306231,,,,,historical_baseline,,fe33df9ae5456d8ee27133c42c244c81d150008ababc19399c7ed428638b57ea
3002,2019-09-04,8.92,9.07,8.92,9.0,2502347,,,,,historical_baseline,,fe33df9ae5456d8ee27133c42c244c81d150008ababc19399c7ed428638b57ea
3002,2019-09-05,9.08,9.08,8.9,8.9,1621234,,,,,historical_baseline,,fe33df9ae5456d8ee27133c42c244c81d150008ababc19399c7ed428638b57ea
3002,2019-09-08,8.95,9.45,8.95,9.4,5914610,,,,,historical_baseline,,fe33df9ae5456d8ee27133c42c244c81d150008ababc19399c7ed428638b57ea
3002,2019-09-09,9.4,9.5,9.24,9.38,2884864,,,,,historical_baseline,,fe33df9ae5456d8ee27133c42c244c81d150008ababc19399c7ed428638b57ea
3002,2019-09-10,9.38,9.44,9.27,9.27,2840107,,,,,historical_baseline,,fe33df9ae5456d8ee27133c42c244c81d150008ababc19399c7ed428638b57ea
3002,2019-09-11,9.26,9.27,8.99,9.12,2572574,,,,,historical_baseline,,fe33df9ae5456d8ee27133c42c244c81d150008ababc19399c7ed428638b57ea
3002,2019-09-12,9.12,9.22,9.07,9.16,1299167,,,,,historical_baseline,,fe33df9ae5456d8ee27133c42c244c81d150008ababc19399c7ed428638b57ea
3002,2019-09-15,8.89,9.08,8.86,9.06,2591894,,,,,historical_baseline,,fe33df9ae5456d8ee27133c42c244c81d150008ababc19399c7ed428638b57ea
3002,2019-09-16,9.08,9.17,9.0,9.06,1428925,,,,,historical_baseline,,fe33df9ae5456d8ee27133c42c244c81d150008ababc19399c7ed428638b57ea
3002,2019-09-17,9.05,9.11,8.98,9.0,1127893,,,,,historical_baseline,,fe33df9ae5456d8ee27133c42c244c81d150008ababc19399c7ed428638b57ea
3002,2019-09-18,9.03,9.16,9.0,9.16,1142874,,,,,historical_baseline,,fe33df9ae5456d8ee27133c42c244c81d150008ababc19399c7ed428638b57ea
3002,2019-09-19,9.13,9.22,9.08,9.18,2305634,,,,,historical_baseline,,fe33df9ae5456d8ee27133c42c244c81d150008ababc19399c7ed428638b57ea
3002,2019-09-22,9.21,9.67,9.2,9.52,5626978,,,,,historical_baseline,,fe33df9ae5456d8ee27133c42c244c81d150008ababc19399c7ed428638b57ea
3002,2019-09-24,9.62,9.86,9.62,9.84,4455956,,,,,historical_baseline,,fe33df9ae5456d8ee27133c42c244c81d150008ababc19399c7ed428638b57ea
3002,2019-09-25,9.84,9.9,9.7,9.8,2608939,,,,,historical_baseline,,fe33df9ae5456d8ee27133c42c244c81d150008ababc19399c7ed428638b57ea
3002,2019-09-26,9.8,9.86,9.74,9.8,1090351,,,,,historical_baseline,,fe33df9ae5456d8ee27133c42c244c81d150008ababc19399c7ed428638b57ea
3002,2019-09-29,9.8,9.95,9.8,9.84,1807286,,,,,historical_baseline,,fe33df9ae5456d8ee27133c42c244c81d150008ababc19399c7ed428638b57ea
3002,2019-09-30,9.85,10.06,9.85,10.06,4463288,,,,,historical_baseline,,fe33df9ae5456d8ee27133c42c244c81d150008ababc19399c7ed428638b57ea
3003,2019-09-01,19.73,20.05,19.32,20.0,893224,,,,,historical_baseline,,fe33df9ae5456d8ee27133c42c244c81d150008ababc19399c7ed428638b57ea
3003,2019-09-02,19.97,20.27,19.68,20.27,1032344,,,,,historical_baseline,,fe33df9ae5456d8ee27133c42c244c81d150008ababc19399c7ed428638b57ea
3003,2019-09-03,20.27,20.27,20.03,20.05,453295,,,,,historical_baseline,,fe33df9ae5456d8ee27133c42c244c81d150008ababc19399c7ed428638b57ea
3003,2019-09-04,19.89,20.24,19.89,20.14,302469,,,,,historical_baseline,,fe33df9ae5456d8ee27133c42c244c81d150008ababc19399c7ed428638b57ea
3003,2019-09-05,19.97,20.19,19.89,20.03,672703,,,,,historical_baseline,,fe33df9ae5456d8ee27133c42c244c81d150008ababc19399c7ed428638b57ea
3003,2019-09-08,20.08,20.27,19.97,20.0,407514,,,,,historical_baseline,,fe33df9ae5456d8ee27133c42c244c81d150008ababc19399c7ed428638b57ea
3003,2019-09-09,20.0,20.0,19.68,19.73,639470,,,,,historical_baseline,,fe33df9ae5456d8ee27133c42c244c81d150008ababc19399c7ed428638b57ea
3003,2019-09-10,19.76,19.78,19.24,19.27,520455,,,,,historical_baseline,,fe33df9ae5456d8ee27133c42c244c81d150008ababc19399c7ed428638b57ea
3003,2019-09-11,19.19,19.19,18.24,18.92,409232,,,,,historical_baseline,,fe33df9ae5456d8ee27133c42c244c81d150008ababc19399c7ed428638b57ea
3003,2019-09-12,18.95,19.08,18.78,19.0,398341,,,,,historical_baseline,,fe33df9ae5456d8ee27133c42c244c81d150008ababc19399c7ed428638b57ea
3003,2019-09-15,18.73,19.05,18.73,18.86,522973,,,,,historical_baseline,,fe33df9ae5456d8ee27133c42c244c81d150008ababc19399c7ed428638b57ea
3003,2019-09-16,19.11,19.73,19.05,19.27,467234,,,,,historical_baseline,,fe33df9ae5456d8ee27133c42c244c81d150008ababc19399c7ed428638b57ea
3003,2019-09-17,19.19,19.41,18.92,19.0,618408,,,,,historical_baseline,,fe33df9ae5456d8ee27133c42c244c81d150008ababc19399c7ed428638b57ea
3003,2019-09-18,19.27,19.35,19.0,19.0,300915,,,,,historical_baseline,,fe33df9ae5456d8ee27133c42c244c81d150008ababc19399c7ed428638b57ea
3003,2019-09-19,19.03,19.19,18.68,19.19,1103550,,,,,historical_baseline,,fe33df9ae5456d8ee27133c42c244c81d150008ababc19399c7ed428638b57ea
3003,2019-09-22,19.19,19.54,19.19,19.46,321504,,,,,historical_baseline,,fe33df9ae5456d8ee27133c42c244c81d150008ababc19399c7ed428638b57ea
3003,2019-09-24,19.59,19.97,19.59,19.95,608535,,,,,historical_baseline,,fe33df9ae5456d8ee27133c42c244c81d150008ababc19399c7ed428638b57ea
3003,2019-09-25,20.0,20.27,19.86,19.97,751002,,,,,historical_baseline,,fe33df9ae5456d8ee27133c42c244c81d150008ababc19399c7ed428638b57ea
3003,2019-09-26,19.97,20.0,19.76,19.78,392433,,,,,historical_baseline,,fe33df9ae5456d8ee27133c42c244c81d150008ababc19399c7ed428638b57ea
3003,2019-09-29,19.78,20.22,19.59,19.95,535106,,,,,historical_baseline,,fe33df9ae5456d8ee27133c42c244c81d150008ababc19399c7ed428638b57ea
3003,2019-09-30,20.11,20.65,20.0,20.41,1462727,,,,,historical_baseline,,fe33df9ae5456d8ee27133c42c244c81d150008ababc19399c7ed428638b57ea
3004,2019-09-01,9.8,9.96,9.75,9.85,918366,,,,,historical_baseline,,fe33df9ae5456d8ee27133c42c244c81d150008ababc19399c7ed428638b57ea
3004,2019-09-02,9.86,10.0,9.85,10.0,1603181,,,,,historical_baseline,,fe33df9ae5456d8ee27133c42c244c81d150008ababc19399c7ed428638b57ea
3004,2019-09-03,10.0,10.06,9.86,9.98,665503,,,,,historical_baseline,,fe33df9ae5456d8ee27133c42c244c81d150008ababc19399c7ed428638b57ea
3004,2019-09-04,9.97,10.02,9.93,10.0,586806,,,,,historical_baseline,,fe33df9ae5456d8ee27133c42c244c81d150008ababc19399c7ed428638b57ea
3004,2019-09-05,10.0,10.0,9.86,9.94,865946,,,,,historical_baseline,,fe33df9ae5456d8ee27133c42c244c81d150008ababc19399c7ed428638b57ea
3004,2019-09-08,9.95,10.06,9.92,10.06,1321977,,,,,historical_baseline,,fe33df9ae5456d8ee27133c42c244c81d150008ababc19399c7ed428638b57ea
3004,2019-09-09,10.0,10.1,10.0,10.02,643589,,,,,historical_baseline,,fe33df9ae5456d8ee27133c42c244c81d150008ababc19399c7ed428638b57ea
3004,2019-09-10,10.12,10.38,10.08,10.08,3902110,,,,,historical_baseline,,fe33df9ae5456d8ee27133c42c244c81d150008ababc19399c7ed428638b57ea
3004,2019-09-11,10.08,10.12,9.95,10.04,1614790,,,,,historical_baseline,,fe33df9ae5456d8ee27133c42c244c81d150008ababc19399c7ed428638b57ea
3004,2019-09-12,10.04,10.2,10.02,10.08,1147452,,,,,historical_baseline,,fe33df9ae5456d8ee27133c42c244c81d150008ababc19399c7ed428638b57ea
3004,2019-09-15,9.92,10.06,9.9,9.94,1263896,,,,,historical_baseline,,fe33df9ae5456d8ee27133c42c244c81d150008ababc19399c7ed428638b57ea
3004,2019-09-16,9.93,10.04,9.8,9.94,1213160,,,,,historical_baseline,,fe33df9ae5456d8ee27133c42c244c81d150008ababc19399c7ed428638b57ea
3004,2019-09-17,9.92,9.93,9.8,9.81,810304,,,,,historical_baseline,,fe33df9ae5456d8ee27133c42c244c81d150008ababc19399c7ed428638b57ea
3004,2019-09-18,9.89,9.94,9.83,9.83,629054,,,,,historical_baseline,,fe33df9ae5456d8ee27133c42c244c81d150008ababc19399c7ed428638b57ea
3004,2019-09-19,9.82,10.02,9.75,10.02,1590419,,,,,historical_baseline,,fe33df9ae5456d8ee27133c42c244c81d150008ababc19399c7ed428638b57ea
3004,2019-09-22,9.94,10.2,9.94,10.12,1518232,,,,,historical_baseline,,fe33df9ae5456d8ee27133c42c244c81d150008ababc19399c7ed428638b57ea
3004,2019-09-24,10.2,10.36,10.2,10.36,2347993,,,,,historical_baseline,,fe33df9ae5456d8ee27133c42c244c81d150008ababc19399c7ed428638b57ea
3004,2019-09-25,10.4,10.48,10.32,10.38,2222289,,,,,historical_baseline,,fe33df9ae5456d8ee27133c42c244c81d150008ababc19399c7ed428638b57ea
3004,2019-09-26,10.38,10.4,10.24,10.24,1701289,,,,,historical_baseline,,fe33df9ae5456d8ee27133c42c244c81d150008ababc19399c7ed428638b57ea
3004,2019-09-29,10.3,10.48,10.22,10.42,1148470,,,,,historical_baseline,,fe33df9ae5456d8ee27133c42c244c81d150008ababc19399c7ed428638b57ea
3004,2019-09-30,10.44,10.62,10.44,10.52,1905728,,,,,historical_baseline,,fe33df9ae5456d8ee27133c42c244c81d150008ababc19399c7ed428638b57ea
3005,2019-09-01,16.6,16.6,16.38,16.58,421131,,,,,historical_baseline,,fe33df9ae5456d8ee27133c42c244c81d150008ababc19399c7ed428638b57ea
3005,2019-09-02,16.58,16.9,16.58,16.9,560006,,,,,historical_baseline,,fe33df9ae5456d8ee27133c42c244c81d150008ababc19399c7ed428638b57ea
3005,2019-09-03,16.8,17.14,16.78,16.94,509218,,,,,historical_baseline,,fe33df9ae5456d8ee27133c42c244c81d150008ababc19399c7ed428638b57ea
3005,2019-09-04,16.9,17.1,16.9,17.06,276793,,,,,historical_baseline,,fe33df9ae5456d8ee27133c42c244c81d150008ababc19399c7ed428638b57ea
3005,2019-09-05,17.06,17.46,16.92,17.2,664745,,,,,historical_baseline,,fe33df9ae5456d8ee27133c42c244c81d150008ababc19399c7ed428638b57ea
3005,2019-09-08,17.38,17.6,17.32,17.5,429616,,,,,historical_baseline,,fe33df9ae5456d8ee27133c42c244c81d150008ababc19399c7ed428638b57ea
3005,2019-09-09,17.5,17.56,17.34,17.34,335487,,,,,historical_baseline,,fe33df9ae5456d8ee27133c42c244c81d150008ababc19399c7ed428638b57ea
3005,2019-09-10,17.4,17.4,16.9,16.9,345298,,,,,historical_baseline,,fe33df9ae5456d8ee27133c42c244c81d150008ababc19399c7ed428638b57ea
3005,2019-09-11,16.88,16.88,16.3,16.52,339040,,,,,historical_baseline,,fe33df9ae5456d8ee27133c42c244c81d150008ababc19399c7ed428638b57ea
3005,2019-09-12,16.46,16.7,16.46,16.62,233170,,,,,historical_baseline,,fe33df9ae5456d8ee27133c42c244c81d150008ababc19399c7ed428638b57ea
3005,2019-09-15,16.1,16.7,16.0,16.7,284842,,,,,historical_baseline,,fe33df9ae5456d8ee27133c42c244c81d150008ababc19399c7ed428638b57ea
3005,2019-09-16,16.72,17.02,16.5,16.62,463705,,,,,historical_baseline,,fe33df9ae5456d8ee27133c42c244c81d150008ababc19399c7ed428638b57ea
3005,2019-09-17,16.54,16.7,16.2,16.46,315383,,,,,historical_baseline,,fe33df9ae5456d8ee27133c42c244c81d150008ababc19399c7ed428638b57ea
3005,2019-09-18,16.56,16.56,16.4,16.4,189889,,,,,historical_baseline,,fe33df9ae5456d8ee27133c42c244c81d150008ababc19399c7ed428638b57ea
3005,2019-09-19,16.34,16.34,16.02,16.22,412120,,,,,historical_baseline,,fe33df9ae5456d8ee27133c42c244c81d150008ababc19399c7ed428638b57ea
3005,2019-09-22,16.24,16.8,16.12,16.66,416737,,,,,historical_baseline,,fe33df9ae5456d8ee27133c42c244c81d150008ababc19399c7ed428638b57ea
3005,2019-09-24,16.66,17.08,16.66,17.0,540108,,,,,historical_baseline,,fe33df9ae5456d8ee27133c42c244c81d150008ababc19399c7ed428638b57ea
3005,2019-09-25,17.0,17.3,16.86,16.86,538083,,,,,historical_baseline,,fe33df9ae5456d8ee27133c42c244c81d150008ababc19399c7ed428638b57ea
3005,2019-09-26,17.2,17.2,16.86,17.0,391824,,,,,historical_baseline,,fe33df9ae5456d8ee27133c42c244c81d150008ababc19399c7ed428638b57ea
3005,2019-09-29,17.08,17.18,16.9,17.0,389832,,,,,historical_baseline,,fe33df9ae5456d8ee27133c42c244c81d150008ababc19399c7ed428638b57ea
3005,2019-09-30,17.1,17.3,17.0,17.26,750336,,,,,historical_baseline,,fe33df9ae5456d8ee27133c42c244c81d150008ababc19399c7ed428638b57ea
3007,2019-09-01,29.57,29.63,29.1,29.13,79930,,,,,historical_baseline,,fe33df9ae5456d8ee27133c42c244c81d150008ababc19399c7ed428638b57ea
3007,2019-09-02,29.1,29.57,29.0,29.43,78546,,,,,historical_baseline,,fe33df9ae5456d8ee27133c42c244c81d150008ababc19399c7ed428638b57ea
3007,2019-09-03,29.43,29.63,29.2,29.2,75247,,,,,historical_baseline,,fe33df9ae5456d8ee27133c42c244c81d150008ababc19399c7ed428638b57ea
3007,2019-09-04,29.13,29.87,29.13,29.63,235164,,,,,historical_baseline,,fe33df9ae5456d8ee27133c42c244c81d150008ababc19399c7ed428638b57ea
3007,2019-09-05,29.57,29.87,29.43,29.6,171292,,,,,historical_baseline,,fe33df9ae5456d8ee27133c42c244c81d150008ababc19399c7ed428638b57ea
3007,2019-09-08,29.67,29.87,29.43,29.43,117361,,,,,historical_baseline,,fe33df9ae5456d8ee27133c42c244c81d150008ababc19399c7ed428638b57ea
3007,2019-09-09,29.87,30.53,29.83,30.2,432025,,,,,historical_baseline,,fe33df9ae5456d8ee27133c42c244c81d150008ababc19399c7ed428638b57ea
3007,2019-09-10,30.37,30.43,29.53,29.53,154378,,,,,historical_baseline,,fe33df9ae5456d8ee27133c42c244c81d150008ababc19399c7ed428638b57ea
3007,2019-09-11,29.53,29.53,28.7,28.87,115201,,,,,historical_baseline,,fe33df9ae5456d8ee27133c42c244c81d150008ababc19399c7ed428638b57ea
3007,2019-09-12,28.87,29.3,28.7,29.27,155676,,,,,historical_baseline,,fe33df9ae5456d8ee27133c42c244c81d150008ababc19399c7ed428638b57ea
3007,2019-09-15,28.57,29.13,28.57,29.07,158658,,,,,historical_baseline,,fe33df9ae5456d8ee27133c42c244c81d150008ababc19399c7ed428638b57ea
3007,2019-09-16,29.07,29.33,28.67,28.87,83089,,,,,historical_baseline,,fe33df9ae5456d8ee27133c42c244c81d150008ababc19399c7ed428638b57ea
3007,2019-09-17,29.0,29.03,28.33,28.8,103660,,,,,historical_baseline,,fe33df9ae5456d8ee27133c42c244c81d150008ababc19399c7ed428638b57ea
3007,2019-09-18,29.0,29.0,28.13,28.37,200989,,,,,historical_baseline,,fe33df9ae5456d8ee27133c42c244c81d150008ababc19399c7ed428638b57ea
3007,2019-09-19,28.17,28.23,27.87,28.23,268423,,,,,historical_baseline,,fe33df9ae5456d8ee27133c42c244c81d150008ababc19399c7ed428638b57ea
3007,2019-09-22,28.6,29.33,28.5,29.3,160428,,,,,historical_baseline,,fe33df9ae5456d8ee27133c42c244c81d150008ababc19399c7ed428638b57ea
3007,2019-09-24,29.0,29.8,29.0,29.8,297981,,,,,historical_baseline,,fe33df9ae5456d8ee27133c42c244c81d150008ababc19399c7ed428638b57ea
3007,2019-09-25,29.87,30.13,29.47,29.63,201372,,,,,historical_baseline,,fe33df9ae5456d8ee27133c42c244c81d150008ababc19399c7ed428638b57ea
3007,2019-09-26,29.4,30.0,29.4,29.6,72112,,,,,historical_baseline,,fe33df9ae5456d8ee27133c42c244c81d150008ababc19399c7ed428638b57ea
3007,2019-09-29,29.67,29.73,29.33,29.57,58747,,,,,historical_baseline,,fe33df9ae5456d8ee27133c42c244c81d150008ababc19399c7ed428638b57ea
3007,2019-09-30,29.6,30.13,29.53,30.13,168096,,,,,historical_baseline,,fe33df9ae5456d8ee27133c42c244c81d150008ababc19399c7ed428638b57ea
3010,2019-09-01,29.2,29.6,29.1,29.4,105733,,,,,historical_baseline,,fe33df9ae5456d8ee27133c42c244c81d150008ababc19399c7ed428638b57ea
3010,2019-09-02,29.4,29.95,29.3,29.85,417688,,,,,historical_baseline,,fe33df9ae5456d8ee27133c42c244c81d150008ababc19399c7ed428638b57ea
3010,2019-09-03,29.8,30.0,29.25,29.25,326712,,,,,historical_baseline,,fe33df9ae5456d8ee27133c42c244c81d150008ababc19399c7ed428638b57ea
3010,2019-09-04,29.3,29.95,29.25,29.75,468441,,,,,historical_baseline,,fe33df9ae5456d8ee27133c42c244c81d150008ababc19399c7ed428638b57ea
3010,2019-09-05,29.8,29.9,29.35,29.45,215758,,,,,historical_baseline,,fe33df9ae5456d8ee27133c42c244c81d150008ababc19399c7ed428638b57ea
3010,2019-09-08,29.45,29.6,29.1,29.1,153181,,,,,historical_baseline,,fe33df9ae5456d8ee27133c42c244c81d150008ababc19399c7ed428638b57ea
3010,2019-09-09,29.25,29.9,29.05,29.6,160707,,,,,historical_baseline,,fe33df9ae5456d8ee27133c42c244c81d150008ababc19399c7ed428638b57ea
3010,2019-09-10,29.5,29.5,29.35,29.45,129610,,,,,historical_baseline,,fe33df9ae5456d8ee27133c42c244c81d150008ababc19399c7ed428638b57ea
3010,2019-09-11,29.3,29.3,29.05,29.15,103821,,,,,historical_baseline,,fe33df9ae5456d8ee27133c42c244c81d150008ababc19399c7ed428638b57ea
3010,2019-09-12,29.25,29.5,29.1,29.3,156737,,,,,historical_baseline,,fe33df9ae5456d8ee27133c42c244c81d150008ababc19399c7ed428638b57ea
3010,2019-09-15,29.0,29.25,28.9,29.05,303085,,,,,historical_baseline,,fe33df9ae5456d8ee27133c42c244c81d150008ababc19399c7ed428638b57ea
3010,2019-09-16,29.2,29.6,29.05,29.45,180166,,,,,historical_baseline,,fe33df9ae5456d8ee27133c42c244c81d150008ababc19399c7ed428638b57ea
3010,2019-09-17,29.15,29.45,29.0,29.2,189460,,,,,historical_baseline,,fe33df9ae5456d8ee27133c42c244c81d150008ababc19399c7ed428638b57ea
3010,2019-09-18,29.3,29.55,29.3,29.45,96193,,,,,historical_baseline,,fe33df9ae5456d8ee27133c42c244c81d150008ababc19399c7ed428638b57ea
3010,2019-09-19,29.35,29.7,29.25,29.7,511556,,,,,historical_baseline,,fe33df9ae5456d8ee27133c42c244c81d150008ababc19399c7ed428638b57ea
3010,2019-09-22,29.7,29.95,29.7,29.95,83513,,,,,historical_baseline,,fe33df9ae5456d8ee27133c42c244c81d150008ababc19399c7ed428638b57ea
3010,2019-09-24,30.0,32.2,30.0,32.1,865004,,,,,historical_baseline,,fe33df9ae5456d8ee27133c42c244c81d150008ababc19399c7ed428638b57ea
3010,2019-09-25,32.15,32.8,32.0,32.15,336325,,,,,historical_baseline,,fe33df9ae5456d8ee27133c42c244c81d150008ababc19399c7ed428638b57ea
3010,2019-09-26,32.15,32.15,31.6,31.65,234240,,,,,historical_baseline,,fe33df9ae5456d8ee27133c42c244c81d150008ababc19399c7ed428638b57ea
3010,2019-09-29,32.0,33.1,31.7,33.1,312197,,,,,historical_baseline,,fe33df9ae5456d8ee27133c42c244c81d150008ababc19399c7ed428638b57ea
3010,2019-09-30,33.1,34.0,33.05,34.0,776515,,,,,historical_baseline,,fe33df9ae5456d8ee27133c42c244c81d150008ababc19399c7ed428638b57ea
3020,2019-09-01,21.3,21.8,21.2,21.5,920506,,,,,historical_baseline,,fe33df9ae5456d8ee27133c42c244c81d150008ababc19399c7ed428638b57ea
3020,2019-09-02,21.4,21.6,21.26,21.3,697390,,,,,historical_baseline,,fe33df9ae5456d8ee27133c42c244c81d150008ababc19399c7ed428638b57ea
3020,2019-09-03,21.32,21.5,21.14,21.26,554772,,,,,historical_baseline,,fe33df9ae5456d8ee27133c42c244c81d150008ababc19399c7ed428638b57ea
3020,2019-09-04,21.22,21.38,20.8,20.96,849908,,,,,historical_baseline,,fe33df9ae5456d8ee27133c42c244c81d150008ababc19399c7ed428638b57ea
3020,2019-09-05,20.96,21.38,20.96,21.26,505452,,,,,historical_baseline,,fe33df9ae5456d8ee27133c42c244c81d150008ababc19399c7ed428638b57ea
3020,2019-09-08,21.4,21.4,21.12,21.2,358057,,,,,historical_baseline,,fe33df9ae5456d8ee27133c42c244c81d150008ababc19399c7ed428638b57ea
3020,2019-09-09,21.2,21.2,20.98,21.0,180047,,,,,historical_baseline,,fe33df9ae5456d8ee27133c42c244c81d150008ababc19399c7ed428638b57ea
3020,2019-09-10,21.0,21.0,20.28,20.28,412949,,,,,historical_baseline,,fe33df9ae5456d8ee27133c42c244c81d150008ababc19399c7ed428638b57ea
3020,2019-09-11,20.2,20.2,19.44,19.78,1797192,,,,,historical_baseline,,fe33df9ae5456d8ee27133c42c244c81d150008ababc19399c7ed428638b57ea
3020,2019-09-12,19.62,19.98,19.62,19.8,307961,,,,,historical_baseline,,fe33df9ae5456d8ee27133c42c244c81d150008ababc19399c7ed428638b57ea
3020,2019-09-15,19.1,19.86,19.1,19.86,364109,,,,,historical_baseline,,fe33df9ae5456d8ee27133c42c244c81d150008ababc19399c7ed428638b57ea
3020,2019-09-16,19.8,20.28,19.8,20.06,778931,,,,,historical_baseline,,fe33df9ae5456d8ee27133c42c244c81d150008ababc19399c7ed428638b57ea
3020,2019-09-17,19.94,20.5,19.94,19.98,1311695,,,,,historical_baseline,,fe33df9ae5456d8ee27133c42c244c81d150008ababc19399c7ed428638b57ea
3020,2019-09-18,20.18,20.18,19.98,20.04,492171,,,,,historical_baseline,,fe33df9ae5456d8ee27133c42c244c81d150008ababc19399c7ed428638b57ea
3020,2019-09-19,20.08,20.44,19.94,20.44,2535391,,,,,historical_baseline,,fe33df9ae5456d8ee27133c42c244c81d150008ababc19399c7ed428638b57ea
3020,2019-09-22,20.2,20.96,20.2,20.92,426293,,,,,historical_baseline,,fe33df9ae5456d8ee27133c42c244c81d150008ababc19399c7ed428638b57ea
3020,2019-09-24,20.8,21.5,20.78,21.48,681842,,,,,historical_baseline,,fe33df9ae5456d8ee27133c42c244c81d150008ababc19399c7ed428638b57ea
3020,2019-09-25,21.58,22.0,21.56,21.84,752101,,,,,historical_baseline,,fe33df9ae5456d8ee27133c42c244c81d150008ababc19399c7ed428638b57ea
3020,2019-09-26,21.84,22.38,21.84,22.14,949266,,,,,historical_baseline,,fe33df9ae5456d8ee27133c42c244c81d150008ababc19399c7ed428638b57ea
3020,2019-09-29,22.16,22.48,22.12,22.42,536179,,,,,historical_baseline,,fe33df9ae5456d8ee27133c42c244c81d150008ababc19399c7ed428638b57ea
3020,2019-09-30,22.54,23.66,22.5,23.2,822365,,,,,historical_baseline,,fe33df9ae5456d8ee27133c42c244c81d150008ababc19399c7ed428638b57ea
3030,2019-09-01,63.0,63.0,62.1,63.0,111872,,,,,historical_baseline,,fe33df9ae5456d8ee27133c42c244c81d150008ababc19399c7ed428638b57ea
3030,2019-09-02,62.9,64.0,62.0,63.5,228231,,,,,historical_baseline,,fe33df9ae5456d8ee27133c42c244c81d150008ababc19399c7ed428638b57ea
3030,2019-09-03,63.8,64.5,63.0,63.0,226209,,,,,historical_baseline,,fe33df9ae5456d8ee27133c42c244c81d150008ababc19399c7ed428638b57ea
3030,2019-09-04,63.0,64.0,63.0,63.5,85836,,,,,historical_baseline,,fe33df9ae5456d8ee27133c42c244c81d150008ababc19399c7ed428638b57ea
3030,2019-09-05,63.6,63.8,62.4,62.4,168473,,,,,historical_baseline,,fe33df9ae5456d8ee27133c42c244c81d150008ababc19399c7ed428638b57ea
3030,2019-09-08,62.9,62.9,62.2,62.3,67733,,,,,historical_baseline,,fe33df9ae5456d8ee27133c42c244c81d150008ababc19399c7ed428638b57ea
3030,2019-09-09,62.1,62.1,61.0,61.4,194814,,,,,historical_baseline,,fe33df9ae5456d8ee27133c42c244c81d150008ababc19399c7ed428638b57ea
3030,2019-09-10,61.1,61.3,60.5,61.3,175943,,,,,historical_baseline,,fe33df9ae5456d8ee27133c42c244c81d150008ababc19399c7ed428638b57ea
3030,2019-09-11,60.8,60.8,59.9,60.7,156790,,,,,historical_baseline,,fe33df9ae5456d8ee27133c42c244c81d150008ababc19399c7ed428638b57ea
3030,2019-09-12,60.5,61.4,60.5,60.5,247297,,,,,historical_baseline,,fe33df9ae5456d8ee27133c42c244c81d150008ababc19399c7ed428638b57ea
3030,2019-09-15,59.0,61.0,59.0,61.0,63545,,,,,historical_baseline,,fe33df9ae5456d8ee27133c42c244c81d150008ababc19399c7ed428638b57ea
3030,2019-09-16,61.3,62.7,61.0,62.5,215269,,,,,historical_baseline,,fe33df9ae5456d8ee27133c42c244c81d150008ababc19399c7ed428638b57ea
3030,2019-09-17,62.6,62.8,61.0,61.7,180973,,,,,historical_baseline,,fe33df9ae5456d8ee27133c42c244c81d150008ababc19399c7ed428638b57ea
3030,2019-09-18,61.7,62.0,61.1,61.3,67482,,,,,historical_baseline,,fe33df9ae5456d8ee27133c42c244c81d150008ababc19399c7ed428638b57ea
3030,2019-09-19,61.3,62.5,60.7,62.5,646823,,,,,historical_baseline,,fe33df9ae5456d8ee27133c42c244c81d150008ababc19399c7ed428638b57ea
3030,2019-09-22,62.1,64.2,62.1,63.8,73099,,,,,historical_baseline,,fe33df9ae5456d8ee27133c42c244c81d150008ababc19399c7ed428638b57ea
3030,2019-09-24,63.9,67.0,63.9,67.0,203188,,,,,historical_baseline,,fe33df9ae5456d8ee27133c42c244c81d150008ababc19399c7ed428638b57ea
3030,2019-09-25,67.2,70.0,66.7,68.9,463553,,,,,historical_baseline,,fe33df9ae5456d8ee27133c42c244c81d150008ababc19399c7ed428638b57ea
3030,2019-09-26,68.9,69.2,68.3,68.8,108535,,,,,historical_baseline,,fe33df9ae5456d8ee27133c42c244c81d150008ababc19399c7ed428638b57ea
3030,2019-09-29,68.7,69.7,68.5,69.7,37066,,,,,historical_baseline,,fe33df9ae5456d8ee27133c42c244c81d150008ababc19399c7ed428638b57ea
3030,2019-09-30,69.3,73.3,69.3,71.2,357200,,,,,historical_baseline,,fe33df9ae5456d8ee27133c42c244c81d150008ababc19399c7ed428638b57ea
3040,2019-09-01,52.7,53.3,52.5,53.3,85405,,,,,historical_baseline,,fe33df9ae5456d8ee27133c42c244c81d150008ababc19399c7ed428638b57ea
3040,2019-09-02,53.0,53.6,52.9,53.1,60139,,,,,historical_baseline,,fe33df9ae5456d8ee27133c42c244c81d150008ababc19399c7ed428638b57ea
3040,2019-09-03,53.0,53.5,53.0,53.4,47274,,,,,historical_baseline,,fe33df9ae5456d8ee27133c42c244c81d150008ababc19399c7ed428638b57ea
3040,2019-09-04,53.3,53.5,52.8,53.2,60656,,,,,historical_baseline,,fe33df9ae5456d8ee27133c42c244c81d150008ababc19399c7ed428638b57ea
3040,2019-09-05,53.2,53.2,52.4,52.8,54485,,,,,historical_baseline,,fe33df9ae5456d8ee27133c42c244c81d150008ababc19399c7ed428638b57ea
3040,2019-09-08,52.7,53.0,52.0,52.5,95233,,,,,historical_baseline,,fe33df9ae5456d8ee27133c42c244c81d150008ababc19399c7ed428638b57ea
3040,2019-09-09,52.0,52.1,51.6,51.9,137531,,,,,historical_baseline,,fe33df9ae5456d8ee27133c42c244c81d150008ababc19399c7ed428638b57ea
3040,2019-09-10,51.7,51.7,50.2,50.9,69915,,,,,historical_baseline,,fe33df9ae5456d8ee27133c42c244c81d150008ababc19399c7ed428638b57ea
3040,2019-09-11,50.0,50.0,49.3,49.3,34979,,,,,historical_baseline,,fe33df9ae5456d8ee27133c42c244c81d150008ababc19399c7ed428638b57ea
3040,2019-09-12,49.3,50.7,49.15,50.1,68410,,,,,historical_baseline,,fe33df9ae5456d8ee27133c42c244c81d150008ababc19399c7ed428638b57ea
3040,2019-09-15,49.2,49.3,48.65,48.7,119364,,,,,historical_baseline,,fe33df9ae5456d8ee27133c42c244c81d150008ababc19399c7ed428638b57ea
3040,2019-09-16,49.0,49.85,48.7,49.75,86060,,,,,historical_baseline,,fe33df9ae5456d8ee27133c42c244c81d150008ababc19399c7ed428638b57ea
3040,2019-09-17,49.25,50.5,49.25,49.5,67903,,,,,historical_baseline,,fe33df9ae5456d8ee27133c42c244c81d150008ababc19399c7ed428638b57ea
3040,2019-09-18,49.8,50.5,49.5,49.5,42714,,,,,historical_baseline,,fe33df9ae5456d8ee27133c42c244c81d150008ababc19399c7ed428638b57ea
3040,2019-09-19,49.3,50.4,49.0,50.4,401320,,,,,historical_baseline,,fe33df9ae5456d8ee27133c42c244c81d150008ababc19399c7ed428638b57ea
3040,2019-09-22,50.0,51.9,50.0,50.6,82138,,,,,historical_baseline,,fe33df9ae5456d8ee27133c42c244c81d150008ababc19399c7ed428638b57ea
3040,2019-09-24,50.5,52.7,50.5,52.7,92455,,,,,historical_baseline,,fe33df9ae5456d8ee27133c42c244c81d150008ababc19399c7ed428638b57ea
3040,2019-09-25,53.0,53.2,52.1,52.4,155672,,,,,historical_baseline,,fe33df9ae5456d8ee27133c42c244c81d150008ababc19399c7ed428638b57ea
3040,2019-09-26,52.2,52.4,51.8,51.8,65739,,,,,historical_baseline,,fe33df9ae5456d8ee27133c42c244c81d150008ababc19399c7ed428638b57ea
3040,2019-09-29,51.8,52.3,51.8,51.8,31832,,,,,historical_baseline,,fe33df9ae5456d8ee27133c42c244c81d150008ababc19399c7ed428638b57ea
3040,2019-09-30,52.0,53.2,52.0,53.2,107370,,,,,historical_baseline,,fe33df9ae5456d8ee27133c42c244c81d150008ababc19399c7ed428638b57ea
3050,2019-09-01,54.5,55.1,54.0,55.0,48698,,,,,historical_baseline,,fe33df9ae5456d8ee27133c42c244c81d150008ababc19399c7ed428638b57ea
3050,2019-09-02,55.0,55.6,54.8,55.6,98151,,,,,historical_baseline,,fe33df9ae5456d8ee27133c42c244c81d150008ababc19399c7ed428638b57ea
3050,2019-09-03,55.8,55.9,55.0,55.0,58923,,,,,historical_baseline,,fe33df9ae5456d8ee27133c42c244c81d150008ababc19399c7ed428638b57ea
3050,2019-09-04,55.4,55.5,54.9,55.0,59689,,,,,historical_baseline,,fe33df9ae5456d8ee27133c42c244c81d150008ababc19399c7ed428638b57ea
3050,2019-09-05,54.9,55.3,54.4,54.4,33035,,,,,historical_baseline,,fe33df9ae5456d8ee27133c42c244c81d150008ababc19399c7ed428638b57ea
3050,2019-09-08,55.1,55.3,54.3,54.5,91703,,,,,historical_baseline,,fe33df9ae5456d8ee27133c42c244c81d150008ababc19399c7ed428638b57ea
3050,2019-09-09,54.5,54.9,54.2,54.5,54838,,,,,historical_baseline,,fe33df9ae5456d8ee27133c42c244c81d150008ababc19399c7ed428638b57ea
3050,2019-09-10,54.4,54.7,54.0,54.0,65316,,,,,historical_baseline,,fe33df9ae5456d8ee27133c42c244c81d150008ababc19399c7ed428638b57ea
3050,2019-09-11,54.0,54.0,52.0,52.5,85306,,,,,historical_baseline,,fe33df9ae5456d8ee27133c42c244c81d150008ababc19399c7ed428638b57ea
3050,2019-09-12,53.0,53.3,52.6,52.6,60234,,,,,historical_baseline,,fe33df9ae5456d8ee27133c42c244c81d150008ababc19399c7ed428638b57ea
3050,2019-09-15,51.2,52.7,51.0,52.7,30924,,,,,historical_baseline,,fe33df9ae5456d8ee27133c42c244c81d150008ababc19399c7ed428638b57ea
3050,2019-09-16,53.0,53.5,51.8,52.0,170839,,,,,historical_baseline,,fe33df9ae5456d8ee27133c42c244c81d150008ababc19399c7ed428638b57ea
3050,2019-09-17,52.2,52.3,51.3,51.3,127484,,,,,historical_baseline,,fe33df9ae5456d8ee27133c42c244c81d150008ababc19399c7ed428638b57ea
3050,2019-09-18,52.0,52.0,51.7,51.7,93252,,,,,historical_baseline,,fe33df9ae5456d8ee27133c42c244c81d150008ababc19399c7ed428638b57ea
3050,2019-09-19,51.6,52.3,51.1,52.2,833440,,,,,historical_baseline,,fe33df9ae5456d8ee27133c42c244c81d150008ababc19399c7ed428638b57ea
3050,2019-09-22,52.0,53.1,51.9,52.9,59575,,,,,historical_baseline,,fe33df9ae5456d8ee27133c42c244c81d150008ababc19399c7ed428638b57ea
3050,2019-09-24,53.0,55.3,53.0,54.5,238132,,,,,historical_baseline,,fe33df9ae5456d8ee27133c42c244c81d150008ababc19399c7ed428638b57ea
3050,2019-09-25,55.3,55.5,54.5,54.9,200007,,,,,historical_baseline,,fe33df9ae5456d8ee27133c42c244c81d150008ababc19399c7ed428638b57ea
3050,2019-09-26,55.0,55.7,54.5,54.5,100892,,,,,historical_baseline,,fe33df9ae5456d8ee27133c42c244c81d150008ababc19399c7ed428638b57ea
3050,2019-09-29,54.8,55.5,54.5,55.4,84353,,,,,historical_baseline,,fe33df9ae5456d8ee27133c42c244c81d150008ababc19399c7ed428638b57ea
3050,2019-09-30,56.0,57.2,55.5,57.1,379275,,,,,historical_baseline,,fe33df9ae5456d8ee27133c42c244c81d150008ababc19399c7ed428638b57ea
3060,2019-09-01,34.0,34.0,33.65,33.9,89310,,,,,historical_baseline,,fe33df9ae5456d8ee27133c42c244c81d150008ababc19399c7ed428638b57ea
3060,2019-09-02,34.0,34.0,33.65,33.85,263087,,,,,historical_baseline,,fe33df9ae5456d8ee27133c42c244c81d150008ababc19399c7ed428638b57ea
3060,2019-09-03,33.7,33.95,33.5,33.6,130572,,,,,historical_baseline,,fe33df9ae5456d8ee27133c42c244c81d150008ababc19399c7ed428638b57ea
3060,2019-09-04,33.65,33.65,33.4,33.5,137423,,,,,historical_baseline,,fe33df9ae5456d8ee27133c42c244c81d150008ababc19399c7ed428638b57ea
3060,2019-09-05,33.55,33.65,33.15,33.15,135304,,,,,historical_baseline,,fe33df9ae5456d8ee27133c42c244c81d150008ababc19399c7ed428638b57ea
3060,2019-09-08,33.25,33.4,33.2,33.2,80970,,,,,historical_baseline,,fe33df9ae5456d8ee27133c42c244c81d150008ababc19399c7ed428638b57ea
3060,2019-09-09,33.5,34.25,33.25,34.2,577920,,,,,historical_baseline,,fe33df9ae5456d8ee27133c42c244c81d150008ababc19399c7ed428638b57ea
3060,2019-09-10,34.2,34.2,33.65,33.65,202931,,,,,historical_baseline,,fe33df9ae5456d8ee27133c42c244c81d150008ababc19399c7ed428638b57ea
3060,2019-09-11,33.7,33.7,32.0,32.3,328022,,,,,historical_baseline,,fe33df9ae5456d8ee27133c42c244c81d150008ababc19399c7ed428638b57ea
3060,2019-09-12,32.35,32.65,32.2,32.25,188532,,,,,historical_baseline,,fe33df9ae5456d8ee27133c42c244c81d150008ababc19399c7ed428638b57ea
3060,2019-09-15,32.0,32.0,31.65,31.9,157354,,,,,historical_baseline,,fe33df9ae5456d8ee27133c42c244c81d150008ababc19399c7ed428638b57ea
3060,2019-09-16,32.2,32.3,31.3,31.3,206564,,,,,historical_baseline,,fe33df9ae5456d8ee27133c42c244c81d150008ababc19399c7ed428638b57ea
3060,2019-09-17,31.35,31.45,30.75,30.75,170167,,,,,historical_baseline,,fe33df9ae5456d8ee27133c42c244c81d150008ababc19399c7ed428638b57ea
3060,2019-09-18,31.65,31.65,31.1,31.35,147397,,,,,historical_baseline,,fe33df9ae5456d8ee27133c42c244c81d150008ababc19399c7ed428638b57ea
3060,2019-09-19,31.45,31.65,30.8,31.65,900500,,,,,historical_baseline,,fe33df9ae5456d8ee27133c42c244c81d150008ababc19399c7ed428638b57ea
3060,2019-09-22,31.9,33.0,31.7,33.0,153495,,,,,historical_baseline,,fe33df9ae5456d8ee27133c42c244c81d150008ababc19399c7ed428638b57ea
3060,2019-09-24,33.15,34.45,33.15,34.1,510650,,,,,historical_baseline,,fe33df9ae5456d8ee27133c42c244c81d150008ababc19399c7ed428638b57ea
3060,2019-09-25,34.7,34.95,33.5,33.55,480763,,,,,historical_baseline,,fe33df9ae5456d8ee27133c42c244c81d150008ababc19399c7ed428638b57ea
3060,2019-09-26,33.65,33.9,33.45,33.5,272914,,,,,historical_baseline,,fe33df9ae5456d8ee27133c42c244c81d150008ababc19399c7ed428638b57ea
3060,2019-09-29,33.55,34.45,33.5,34.1,189666,,,,,historical_baseline,,fe33df9ae5456d8ee27133c42c244c81d150008ababc19399c7ed428638b57ea
3060,2019-09-30,34.05,34.7,34.05,34.65,240839,,,,,historical_baseline,,fe33df9ae5456d8ee27133c42c244c81d150008ababc19399c7ed428638b57ea
3080,2019-09-01,31.65,32.1,31.25,31.65,87672,,,,,historical_baseline,,fe33df9ae5456d8ee27133c42c244c81d150008ababc19399c7ed428638b57ea
3080,2019-09-02,32.0,32.55,31.95,32.45,251911,,,,,historical_baseline,,fe33df9ae5456d8ee27133c42c244c81d150008ababc19399c7ed428638b57ea
3080,2019-09-03,32.45,32.45,32.45,32.45,0,,,,,historical_baseline,,fe33df9ae5456d8ee27133c42c244c81d150008ababc19399c7ed428638b57ea
3080,2019-09-04,32.3,32.45,32.1,32.45,85551,,,,,historical_baseline,,fe33df9ae5456d8ee27133c42c244c81d150008ababc19399c7ed428638b57ea
3080,2019-09-05,32.45,32.45,31.9,32.1,161534,,,,,historical_baseline,,fe33df9ae5456d8ee27133c42c244c81d150008ababc19399c7ed428638b57ea
3080,2019-09-08,32.15,32.15,31.9,32.0,148702,,,,,historical_baseline,,fe33df9ae5456d8ee27133c42c244c81d150008ababc19399c7ed428638b57ea
3080,2019-09-09,31.75,32.8,31.75,32.8,105656,,,,,historical_baseline,,fe33df9ae5456d8ee27133c42c244c81d150008ababc19399c7ed428638b57ea
3080,2019-09-10,32.8,33.2,32.45,32.75,92265,,,,,historical_baseline,,fe33df9ae5456d8ee27133c42c244c81d150008ababc19399c7ed428638b57ea
3080,2019-09-11,32.6,32.6,32.0,32.0,52416,,,,,historical_baseline,,fe33df9ae5456d8ee27133c42c244c81d150008ababc19399c7ed428638b57ea
3080,2019-09-12,32.0,32.4,32.0,32.4,44753,,,,,historical_baseline,,fe33df9ae5456d8ee27133c42c244c81d150008ababc19399c7ed428638b57ea
3080,2019-09-15,32.0,32.15,31.7,32.0,52125,,,,,historical_baseline,,fe33df9ae5456d8ee27133c42c244c81d150008ababc19399c7ed428638b57ea
3080,2019-09-16,32.2,32.3,31.9,32.15,52588,,,,,historical_baseline,,fe33df9ae5456d8ee27133c42c244c81d150008ababc19399c7ed428638b57ea
3080,2019-09-17,32.0,32.15,31.85,31.85,42747,,,,,historical_baseline,,fe33df9ae5456d8ee27133c42c244c81d150008ababc19399c7ed428638b57ea
3080,2019-09-18,32.0,32.1,31.75,32.1,27633,,,,,historical_baseline,,fe33df9ae5456d8ee27133c42c244c81d150008ababc19399c7ed428638b57ea
3080,2019-09-19,31.95,32.7,31.75,32.7,419251,,,,,historical_baseline,,fe33df9ae5456d8ee27133c42c244c81d150008ababc19399c7ed428638b57ea
3080,2019-09-22,32.5,33.2,32.5,32.65,68860,,,,,historical_baseline,,fe33df9ae5456d8ee27133c42c244c81d150008ababc19399c7ed428638b57ea
3080,2019-09-24,32.55,33.35,32.5,33.1,186918,,,,,historical_baseline,,fe33df9ae5456d8ee27133c42c244c81d150008ababc19399c7ed428638b57ea
3080,2019-09-25,33.4,33.85,33.0,33.3,172069,,,,,historical_baseline,,fe33df9ae5456d8ee27133c42c244c81d150008ababc19399c7ed428638b57ea
3080,2019-09-26,33.2,33.4,32.8,33.2,54128,,,,,historical_baseline,,fe33df9ae5456d8ee27133c42c244c81d150008ababc19399c7ed428638b57ea
3080,2019-09-29,32.95,33.4,32.8,33.2,48328,,,,,historical_baseline,,fe33df9ae5456d8ee27133c42c244c81d150008ababc19399c7ed428638b57ea
3080,2019-09-30,33.1,33.85,33.1,33.85,133939,,,,,historical_baseline,,fe33df9ae5456d8ee27133c42c244c81d150008ababc19399c7ed428638b57ea
3090,2019-09-01,13.7,13.7,13.58,13.7,125472,,,,,historical_baseline,,fe33df9ae5456d8ee27133c42c244c81d150008ababc19399c7ed428638b57ea
3090,2019-09-02,13.6,13.76,13.58,13.72,224160,,,,,historical_baseline,,fe33df9ae5456d8ee27133c42c244c81d150008ababc19399c7ed428638b57ea
3090,2019-09-03,13.62,13.76,13.62,13.62,179197,,,,,historical_baseline,,fe33df9ae5456d8ee27133c42c244c81d150008ababc19399c7ed428638b57ea
3090,2019-09-04,13.62,13.74,13.48,13.54,219647,,,,,historical_baseline,,fe33df9ae5456d8ee27133c42c244c81d150008ababc19399c7ed428638b57ea
3090,2019-09-05,13.58,13.58,13.48,13.48,235379,,,,,historical_baseline,,fe33df9ae5456d8ee27133c42c244c81d150008ababc19399c7ed428638b57ea
3090,2019-09-08,13.52,13.58,13.48,13.54,100555,,,,,historical_baseline,,fe33df9ae5456d8ee27133c42c244c81d150008ababc19399c7ed428638b57ea
3090,2019-09-09,13.62,13.96,13.6,13.66,332605,,,,,historical_baseline,,fe33df9ae5456d8ee27133c42c244c81d150008ababc19399c7ed428638b57ea
3090,2019-09-10,13.66,13.68,13.4,13.44,163210,,,,,historical_baseline,,fe33df9ae5456d8ee27133c42c244c81d150008ababc19399c7ed428638b57ea
3090,2019-09-11,13.4,13.4,13.22,13.24,76237,,,,,historical_baseline,,fe33df9ae5456d8ee27133c42c244c81d150008ababc19399c7ed428638b57ea
3090,2019-09-12,13.36,13.54,13.34,13.52,316559,,,,,historical_baseline,,fe33df9ae5456d8ee27133c42c244c81d150008ababc19399c7ed428638b57ea
3090,2019-09-15,13.18,13.4,13.18,13.4,85215,,,,,historical_baseline,,fe33df9ae5456d8ee27133c42c244c81d150008ababc19399c7ed428638b57ea
3090,2019-09-16,13.58,13.6,13.18,13.24,119574,,,,,historical_baseline,,fe33df9ae5456d8ee27133c42c244c81d150008ababc19399c7ed428638b57ea
3090,2019-09-17,13.28,13.3,13.04,13.06,169717,,,,,historical_baseline,,fe33df9ae5456d8ee27133c42c244c81d150008ababc19399c7ed428638b57ea
3090,2019-09-18,13.14,13.26,13.14,13.2,100505,,,,,historical_baseline,,fe33df9ae5456d8ee27133c42c244c81d150008ababc19399c7ed428638b57ea
3090,2019-09-19,13.2,13.32,13.04,13.32,238109,,,,,historical_baseline,,fe33df9ae5456d8ee27133c42c244c81d150008ababc19399c7ed428638b57ea
3090,2019-09-22,13.4,13.62,13.4,13.5,188857,,,,,historical_baseline,,fe33df9ae5456d8ee27133c42c244c81d150008ababc19399c7ed428638b57ea
3090,2019-09-24,13.5,14.72,13.5,14.72,1706216,,,,,historical_baseline,,fe33df9ae5456d8ee27133c42c244c81d150008ababc19399c7ed428638b57ea
3090,2019-09-25,14.72,15.4,14.72,14.84,1075034,,,,,historical_baseline,,fe33df9ae5456d8ee27133c42c244c81d150008ababc19399c7ed428638b57ea
3090,2019-09-26,14.78,15.2,14.76,14.78,391949,,,,,historical_baseline,,fe33df9ae5456d8ee27133c42c244c81d150008ababc19399c7ed428638b57ea
3090,2019-09-29,14.62,14.9,14.58,14.76,651177,,,,,historical_baseline,,fe33df9ae5456d8ee27133c42c244c81d150008ababc19399c7ed428638b57ea
3090,2019-09-30,14.88,15.08,14.86,15.04,824072,,,,,historical_baseline,,fe33df9ae5456d8ee27133c42c244c81d150008ababc19399c7ed428638b57ea
3091,2019-09-01,10.54,10.57,10.47,10.47,382013,,,,,historical_baseline,,fe33df9ae5456d8ee27133c42c244c81d150008ababc19399c7ed428638b57ea
3091,2019-09-02,10.47,10.55,10.46,10.51,545260,,,,,historical_baseline,,fe33df9ae5456d8ee27133c42c244c81d150008ababc19399c7ed428638b57ea
3091,2019-09-03,10.53,10.61,10.53,10.58,459171,,,,,historical_baseline,,fe33df9ae5456d8ee27133c42c244c81d150008ababc19399c7ed428638b57ea
3091,2019-09-04,10.53,10.63,10.51,10.55,447270,,,,,historical_baseline,,fe33df9ae5456d8ee27133c42c244c81d150008ababc19399c7ed428638b57ea
3091,2019-09-05,10.59,10.61,10.51,10.53,393423,,,,,historical_baseline,,fe33df9ae5456d8ee27133c42c244c81d150008ababc19399c7ed428638b57ea
3091,2019-09-08,10.58,10.88,10.57,10.84,1496405,,,,,historical_baseline,,fe33df9ae5456d8ee27133c42c244c81d150008ababc19399c7ed428638b57ea
3091,2019-09-09,10.84,10.97,10.76,10.78,1279089,,,,,historical_baseline,,fe33df9ae5456d8ee27133c42c244c81d150008ababc19399c7ed428638b57ea
3091,2019-09-10,10.78,10.78,10.57,10.57,860281,,,,,historical_baseline,,fe33df9ae5456d8ee27133c42c244c81d150008ababc19399c7ed428638b57ea
3091,2019-09-11,10.61,10.61,10.46,10.54,796263,,,,,historical_baseline,,fe33df9ae5456d8ee27133c42c244c81d150008ababc19399c7ed428638b57ea
3091,2019-09-12,10.54,10.64,10.54,10.59,444426,,,,,historical_baseline,,fe33df9ae5456d8ee27133c42c244c81d150008ababc19399c7ed428638b57ea
3091,2019-09-15,10.53,10.54,10.39,10.5,377687,,,,,historical_baseline,,fe33df9ae5456d8ee27133c42c244c81d150008ababc19399c7ed428638b57ea
3091,2019-09-16,10.51,10.55,10.42,10.43,541266,,,,,historical_baseline,,fe33df9ae5456d8ee27133c42c244c81d150008ababc19399c7ed428638b57ea
3091,2019-09-17,10.46,10.5,10.39,10.45,311282,,,,,historical_baseline,,fe33df9ae5456d8ee27133c42c244c81d150008ababc19399c7ed428638b57ea
3091,2019-09-18,10.5,10.5,10.43,10.46,207429,,,,,historical_baseline,,fe33df9ae5456d8ee27133c42c244c81d150008ababc19399c7ed428638b57ea
3091,2019-09-19,10.43,10.66,10.41,10.66,930977,,,,,historical_baseline,,fe33df9ae5456d8ee27133c42c244c81d150008ababc19399c7ed428638b57ea
3091,2019-09-22,10.64,10.82,10.54,10.75,1111861,,,,,historical_baseline,,fe33df9ae5456d8ee27133c42c244c81d150008ababc19399c7ed428638b57ea
3091,2019-09-24,10.78,11.08,10.78,11.08,3001672,,,,,historical_baseline,,fe33df9ae5456d8ee27133c42c244c81d150008ababc19399c7ed428638b57ea
3091,2019-09-25,11.13,11.18,10.93,11.0,3012375,,,,,historical_baseline,,fe33df9ae5456d8ee27133c42c244c81d150008ababc19399c7ed428638b57ea
3091,2019-09-26,10.99,11.08,10.92,10.93,1066168,,,,,historical_baseline,,fe33df9ae5456d8ee27133c42c244c81d150008ababc19399c7ed428638b57ea
3091,2019-09-29,10.93,11.07,10.93,11.01,1058847,,,,,historical_baseline,,fe33df9ae5456d8ee27133c42c244c81d150008ababc19399c7ed428638b57ea
3091,2019-09-30,11.08,11.43,11.05,11.33,3967105,,,,,historical_baseline,,fe33df9ae5456d8ee27133c42c244c81d150008ababc19399c7ed428638b57ea
4001,2019-09-01,7.79,7.79,7.7,7.73,432880,,,,,historical_baseline,,fe33df9ae5456d8ee27133c42c244c81d150008ababc19399c7ed428638b57ea
4001,2019-09-02,7.74,7.74,7.68,7.72,884420,,,,,historical_baseline,,fe33df9ae5456d8ee27133c42c244c81d150008ababc19399c7ed428638b57ea
4001,2019-09-03,7.7,7.78,7.68,7.77,609310,,,,,historical_baseline,,fe33df9ae5456d8ee27133c42c244c81d150008ababc19399c7ed428638b57ea
4001,2019-09-04,7.79,7.85,7.71,7.76,1017580,,,,,historical_baseline,,fe33df9ae5456d8ee27133c42c244c81d150008ababc19399c7ed428638b57ea
4001,2019-09-05,7.8,7.8,7.6,7.63,1524290,,,,,historical_baseline,,fe33df9ae5456d8ee27133c42c244c81d150008ababc19399c7ed428638b57ea
4001,2019-09-08,7.63,7.68,7.63,7.65,557150,,,,,historical_baseline,,fe33df9ae5456d8ee27133c42c244c81d150008ababc19399c7ed428638b57ea
4001,2019-09-09,7.63,7.95,7.62,7.9,1360400,,,,,historical_baseline,,fe33df9ae5456d8ee27133c42c244c81d150008ababc19399c7ed428638b57ea
4001,2019-09-10,7.9,8.01,7.71,7.72,1018170,,,,,historical_baseline,,fe33df9ae5456d8ee27133c42c244c81d150008ababc19399c7ed428638b57ea
4001,2019-09-11,7.69,7.75,7.5,7.66,1724640,,,,,historical_baseline,,fe33df9ae5456d8ee27133c42c244c81d150008ababc19399c7ed428638b57ea
4001,2019-09-12,7.67,7.78,7.61,7.7,1517620,,,,,historical_baseline,,fe33df9ae5456d8ee27133c42c244c81d150008ababc19399c7ed428638b57ea
4001,2019-09-15,7.54,7.7,7.54,7.66,505660,,,,,historical_baseline,,fe33df9ae5456d8ee27133c42c244c81d150008ababc19399c7ed428638b57ea
4001,2019-09-16,7.7,7.73,7.63,7.72,700430,,,,,historical_baseline,,fe33df9ae5456d8ee27133c42c244c81d150008ababc19399c7ed428638b57ea
4001,2019-09-17,7.69,7.72,7.51,7.53,2062880,,,,,historical_baseline,,fe33df9ae5456d8ee27133c42c244c81d150008ababc19399c7ed428638b57ea
4001,2019-09-18,7.58,7.6,7.51,7.55,569110,,,,,historical_baseline,,fe33df9ae5456d8ee27133c42c244c81d150008ababc19399c7ed428638b57ea
4001,2019-09-19,7.58,7.72,7.58,7.7,4378640,,,,,historical_baseline,,fe33df9ae5456d8ee27133c42c244c81d150008ababc19399c7ed428638b57ea
4001,2019-09-22,7.7,7.75,7.69,7.7,448510,,,,,historical_baseline,,fe33df9ae5456d8ee27133c42c244c81d150008ababc19399c7ed428638b57ea
4001,2019-09-24,7.73,7.81,7.67,7.79,1481590,,,,,historical_baseline,,fe33df9ae5456d8ee27133c42c244c81d150008ababc19399c7ed428638b57ea
4001,2019-09-25,7.8,8.07,7.79,7.99,3468810,,,,,historical_baseline,,fe33df9ae5456d8ee27133c42c244c81d150008ababc19399c7ed428638b57ea
4001,2019-09-26,7.95,8.15,7.95,8.07,934170,,,,,historical_baseline,,fe33df9ae5456d8ee27133c42c244c81d150008ababc19399c7ed428638b57ea
4001,2019-09-29,8.07,8.12,8.06,8.09,436920,,,,,historical_baseline,,fe33df9ae5456d8ee27133c42c244c81d150008ababc19399c7ed428638b57ea
4001,2019-09-30,8.1,8.26,8.1,8.26,1439280,,,,,historical_baseline,,fe33df9ae5456d8ee27133c42c244c81d150008ababc19399c7ed428638b57ea
4002,2019-09-01,43.1,43.1,41.3,41.55,93904,,,,,historical_baseline,,fe33df9ae5456d8ee27133c42c244c81d150008ababc19399c7ed428638b57ea
4002,2019-09-02,41.35,42.0,41.25,41.95,395388,,,,,historical_baseline,,fe33df9ae5456d8ee27133c42c244c81d150008ababc19399c7ed428638b57ea
4002,2019-09-03,41.5,41.95,41.3,41.3,282526,,,,,historical_baseline,,fe33df9ae5456d8ee27133c42c244c81d150008ababc19399c7ed428638b57ea
4002,2019-09-04,41.0,42.15,41.0,42.15,168760,,,,,historical_baseline,,fe33df9ae5456d8ee27133c42c244c81d150008ababc19399c7ed428638b57ea
4002,2019-09-05,42.25,42.5,41.9,42.0,122320,,,,,historical_baseline,,fe33df9ae5456d8ee27133c42c244c81d150008ababc19399c7ed428638b57ea
4002,2019-09-08,42.05,43.0,41.65,42.85,148470,,,,,historical_baseline,,fe33df9ae5456d8ee27133c42c244c81d150008ababc19399c7ed428638b57ea
4002,2019-09-09,42.55,42.75,42.5,42.6,433630,,,,,historical_baseline,,fe33df9ae5456d8ee27133c42c244c81d150008ababc19399c7ed428638b57ea
4002,2019-09-10,42.4,42.5,42.0,42.25,176226,,,,,historical_baseline,,fe33df9ae5456d8ee27133c42c244c81d150008ababc19399c7ed428638b57ea
4002,2019-09-11,42.0,42.4,41.6,42.4,150256,,,,,historical_baseline,,fe33df9ae5456d8ee27133c42c244c81d150008ababc19399c7ed428638b57ea
4002,2019-09-12,42.5,43.4,42.5,42.75,139336,,,,,historical_baseline,,fe33df9ae5456d8ee27133c42c244c81d150008ababc19399c7ed428638b57ea
4002,2019-09-15,42.5,42.85,41.5,42.85,78964,,,,,historical_baseline,,fe33df9ae5456d8ee27133c42c244c81d150008ababc19399c7ed428638b57ea
4002,2019-09-16,43.4,43.4,42.7,43.05,132914,,,,,historical_baseline,,fe33df9ae5456d8ee27133c42c244c81d150008ababc19399c7ed428638b57ea
4002,2019-09-17,42.5,42.9,42.5,42.5,71108,,,,,historical_baseline,,fe33df9ae5456d8ee27133c42c244c81d150008ababc19399c7ed428638b57ea
4002,2019-09-18,42.75,43.5,42.5,43.5,92716,,,,,historical_baseline,,fe33df9ae5456d8ee27133c42c244c81d150008ababc19399c7ed428638b57ea
4002,2019-09-19,43.8,44.1,43.55,44.05,561184,,,,,historical_baseline,,fe33df9ae5456d8ee27133c42c244c81d150008ababc19399c7ed428638b57ea
4002,2019-09-22,43.55,44.05,42.95,43.15,143750,,,,,historical_baseline,,fe33df9ae5456d8ee27133c42c244c81d150008ababc19399c7ed428638b57ea
4002,2019-09-24,43.2,43.4,43.0,43.4,159300,,,,,historical_baseline,,fe33df9ae5456d8ee27133c42c244c81d150008ababc19399c7ed428638b57ea
4002,2019-09-25,43.05,43.35,43.0,43.35,480532,,,,,historical_baseline,,fe33df9ae5456d8ee27133c42c244c81d150008ababc19399c7ed428638b57ea
4002,2019-09-26,43.45,43.75,43.25,43.5,183752,,,,,historical_baseline,,fe33df9ae5456d8ee27133c42c244c81d150008ababc19399c7ed428638b57ea
4002,2019-09-29,43.75,43.8,43.55,43.55,918138,,,,,historical_baseline,,fe33df9ae5456d8ee27133c42c244c81d150008ababc19399c7ed428638b57ea
4002,2019-09-30,43.5,44.05,43.5,43.9,102946,,,,,historical_baseline,,fe33df9ae5456d8ee27133c42c244c81d150008ababc19399c7ed428638b57ea
4003,2019-09-01,49.15,49.15,47.2,47.33,166831,,,,,historical_baseline,,fe33df9ae5456d8ee27133c42c244c81d150008ababc19399c7ed428638b57ea
4003,2019-09-02,47.53,48.7,47.33,48.5,224348,,,,,historical_baseline,,fe33df9ae5456d8ee27133c42c244c81d150008ababc19399c7ed428638b57ea
4003,2019-09-03,48.7,48.7,47.53,47.53,156332,,,,,historical_baseline,,fe33df9ae5456d8ee27133c42c244c81d150008ababc19399c7ed428638b57ea
4003,2019-09-04,47.79,48.18,47.46,48.05,314767,,,,,historical_baseline,,fe33df9ae5456d8ee27133c42c244c81d150008ababc19399c7ed428638b57ea
4003,2019-09-05,48.18,49.48,48.18,48.96,350223,,,,,historical_baseline,,fe33df9ae5456d8ee27133c42c244c81d150008ababc19399c7ed428638b57ea
4003,2019-09-08,48.89,49.15,48.18,48.18,200704,,,,,historical_baseline,,fe33df9ae5456d8ee27133c42c244c81d150008ababc19399c7ed428638b57ea
4003,2019-09-09,48.18,48.63,47.85,48.5,343325,,,,,historical_baseline,,fe33df9ae5456d8ee27133c42c244c81d150008ababc19399c7ed428638b57ea
4003,2019-09-10,48.18,48.18,46.88,47.07,259186,,,,,historical_baseline,,fe33df9ae5456d8ee27133c42c244c81d150008ababc19399c7ed428638b57ea
4003,2019-09-11,47.27,47.33,45.18,45.9,284265,,,,,historical_baseline,,fe33df9ae5456d8ee27133c42c244c81d150008ababc19399c7ed428638b57ea
4003,2019-09-12,45.96,48.05,45.9,47.14,323656,,,,,historical_baseline,,fe33df9ae5456d8ee27133c42c244c81d150008ababc19399c7ed428638b57ea
4003,2019-09-15,46.68,47.07,46.29,46.42,381642,,,,,historical_baseline,,fe33df9ae5456d8ee27133c42c244c81d150008ababc19399c7ed428638b57ea
4003,2019-09-16,46.81,47.2,45.96,46.35,406831,,,,,historical_baseline,,fe33df9ae5456d8ee27133c42c244c81d150008ababc19399c7ed428638b57ea
4003,2019-09-17,46.42,46.48,45.96,46.16,455282,,,,,historical_baseline,,fe33df9ae5456d8ee27133c42c244c81d150008ababc19399c7ed428638b57ea
4003,2019-09-18,46.35,47.07,46.16,47.01,470920,,,,,historical_baseline,,fe33df9ae5456d8ee27133c42c244c81d150008ababc19399c7ed428638b57ea
4003,2019-09-19,47.01,47.46,46.88,47.07,375157,,,,,historical_baseline,,fe33df9ae5456d8ee27133c42c244c81d150008ababc19399c7ed428638b57ea
4003,2019-09-22,46.68,47.46,46.68,46.94,145939,,,,,historical_baseline,,fe33df9ae5456d8ee27133c42c244c81d150008ababc19399c7ed428638b57ea
4003,2019-09-24,47.01,47.53,46.94,47.01,176604,,,,,historical_baseline,,fe33df9ae5456d8ee27133c42c244c81d150008ababc19399c7ed428638b57ea
4003,2019-09-25,47.14,47.33,47.01,47.14,134651,,,,,historical_baseline,,fe33df9ae5456d8ee27133c42c244c81d150008ababc19399c7ed428638b57ea
4003,2019-09-26,47.2,47.4,46.74,46.81,93127,,,,,historical_baseline,,fe33df9ae5456d8ee27133c42c244c81d150008ababc19399c7ed428638b57ea
4003,2019-09-29,46.88,47.92,46.81,47.14,129374,,,,,historical_baseline,,fe33df9ae5456d8ee27133c42c244c81d150008ababc19399c7ed428638b57ea
4003,2019-09-30,47.2,47.92,47.14,47.53,169932,,,,,historical_baseline,,fe33df9ae5456d8ee27133c42c244c81d150008ababc19399c7ed428638b57ea
4004,2019-09-01,41.17,41.17,40.42,41.04,74802,,,,,historical_baseline,,fe33df9ae5456d8ee27133c42c244c81d150008ababc19399c7ed428638b57ea
4004,2019-09-02,41.04,41.17,40.62,40.92,296455,,,,,historical_baseline,,fe33df9ae5456d8ee27133c42c244c81d150008ababc19399c7ed428638b57ea
4004,2019-09-03,40.92,40.92,40.08,40.46,240163,,,,,historical_baseline,,fe33df9ae5456d8ee27133c42c244c81d150008ababc19399c7ed428638b57ea
4004,2019-09-04,40.42,41.0,40.42,41.0,209209,,,,,historical_baseline,,fe33df9ae5456d8ee27133c42c244c81d150008ababc19399c7ed428638b57ea
4004,2019-09-05,40.92,41.5,40.58,41.08,138858,,,,,historical_baseline,,fe33df9ae5456d8ee27133c42c244c81d150008ababc19399c7ed428638b57ea
4004,2019-09-08,41.08,41.33,40.88,40.88,115720,,,,,historical_baseline,,fe33df9ae5456d8ee27133c42c244c81d150008ababc19399c7ed428638b57ea
4004,2019-09-09,40.88,40.88,40.67,40.79,74620,,,,,historical_baseline,,fe33df9ae5456d8ee27133c42c244c81d150008ababc19399c7ed428638b57ea
4004,2019-09-10,40.62,40.67,39.17,39.17,267687,,,,,historical_baseline,,fe33df9ae5456d8ee27133c42c244c81d150008ababc19399c7ed428638b57ea
4004,2019-09-11,40.96,40.96,38.58,39.67,406693,,,,,historical_baseline,,fe33df9ae5456d8ee27133c42c244c81d150008ababc19399c7ed428638b57ea
4004,2019-09-12,39.67,39.88,39.04,39.17,270081,,,,,historical_baseline,,fe33df9ae5456d8ee27133c42c244c81d150008ababc19399c7ed428638b57ea
4004,2019-09-15,38.42,39.17,37.92,39.0,146934,,,,,historical_baseline,,fe33df9ae5456d8ee27133c42c244c81d150008ababc19399c7ed428638b57ea
4004,2019-09-16,39.46,39.46,38.71,39.21,87212,,,,,historical_baseline,,fe33df9ae5456d8ee27133c42c244c81d150008ababc19399c7ed428638b57ea
4004,2019-09-17,39.17,39.25,39.04,39.04,120498,,,,,historical_baseline,,fe33df9ae5456d8ee27133c42c244c81d150008ababc19399c7ed428638b57ea
4004,2019-09-18,39.25,39.46,39.17,39.17,59304,,,,,historical_baseline,,fe33df9ae5456d8ee27133c42c244c81d150008ababc19399c7ed428638b57ea
4004,2019-09-19,39.21,39.92,39.17,39.92,361281,,,,,historical_baseline,,fe33df9ae5456d8ee27133c42c244c81d150008ababc19399c7ed428638b57ea
4004,2019-09-22,39.62,40.33,39.62,39.83,69070,,,,,historical_baseline,,fe33df9ae5456d8ee27133c42c244c81d150008ababc19399c7ed428638b57ea
4004,2019-09-24,39.92,40.38,39.92,40.33,100471,,,,,historical_baseline,,fe33df9ae5456d8ee27133c42c244c81d150008ababc19399c7ed428638b57ea
4004,2019-09-25,40.33,40.33,39.88,40.12,91435,,,,,historical_baseline,,fe33df9ae5456d8ee27133c42c244c81d150008ababc19399c7ed428638b57ea
4004,2019-09-26,40.12,40.12,39.75,39.83,90633,,,,,historical_baseline,,fe33df9ae5456d8ee27133c42c244c81d150008ababc19399c7ed428638b57ea
4004,2019-09-29,39.71,40.0,39.71,40.0,38857,,,,,historical_baseline,,fe33df9ae5456d8ee27133c42c244c81d150008ababc19399c7ed428638b57ea
4004,2019-09-30,40.08,40.5,40.08,40.5,169882,,,,,historical_baseline,,fe33df9ae5456d8ee27133c42c244c81d150008ababc19399c7ed428638b57ea
4005,2019-09-01,50.9,51.0,50.1,50.7,32642,,,,,historical_baseline,,fe33df9ae5456d8ee27133c42c244c81d150008ababc19399c7ed428638b57ea
4005,2019-09-02,51.0,52.0,51.0,51.4,94080,,,,,historical_baseline,,fe33df9ae5456d8ee27133c42c244c81d150008ababc19399c7ed428638b57ea
4005,2019-09-03,51.1,51.5,50.5,51.5,140441,,,,,historical_baseline,,fe33df9ae5456d8ee27133c42c244c81d150008ababc19399c7ed428638b57ea
4005,2019-09-04,52.0,52.5,51.2,52.5,72239,,,,,historical_baseline,,fe33df9ae5456d8ee27133c42c244c81d150008ababc19399c7ed428638b57ea
4005,2019-09-05,52.4,55.0,52.0,53.2,234359,,,,,historical_baseline,,fe33df9ae5456d8ee27133c42c244c81d150008ababc19399c7ed428638b57ea
4005,2019-09-08,54.0,54.0,53.1,53.1,60904,,,,,historical_baseline,,fe33df9ae5456d8ee27133c42c244c81d150008ababc19399c7ed428638b57ea
4005,2019-09-09,52.8,53.5,52.0,52.9,101784,,,,,historical_baseline,,fe33df9ae5456d8ee27133c42c244c81d150008ababc19399c7ed428638b57ea
4005,2019-09-10,52.8,53.0,51.3,51.3,83118,,,,,historical_baseline,,fe33df9ae5456d8ee27133c42c244c81d150008ababc19399c7ed428638b57ea
4005,2019-09-11,51.5,51.5,50.0,51.1,50984,,,,,historical_baseline,,fe33df9ae5456d8ee27133c42c244c81d150008ababc19399c7ed428638b57ea
4005,2019-09-12,51.4,52.0,51.4,51.4,55957,,,,,historical_baseline,,fe33df9ae5456d8ee27133c42c244c81d150008ababc19399c7ed428638b57ea
4005,2019-09-15,50.1,51.1,50.1,50.5,44674,,,,,historical_baseline,,fe33df9ae5456d8ee27133c42c244c81d150008ababc19399c7ed428638b57ea
4005,2019-09-16,50.6,51.5,50.3,51.5,38635,,,,,historical_baseline,,fe33df9ae5456d8ee27133c42c244c81d150008ababc19399c7ed428638b57ea
4005,2019-09-17,51.8,52.4,51.5,51.8,38086,,,,,historical_baseline,,fe33df9ae5456d8ee27133c42c244c81d150008ababc19399c7ed428638b57ea
4005,2019-09-18,52.1,52.3,51.9,52.0,17995,,,,,historical_baseline,,fe33df9ae5456d8ee27133c42c244c81d150008ababc19399c7ed428638b57ea
4005,2019-09-19,52.0,53.3,51.7,53.0,166586,,,,,historical_baseline,,fe33df9ae5456d8ee27133c42c244c81d150008ababc19399c7ed428638b57ea
4005,2019-09-22,52.7,52.8,52.2,52.2,53484,,,,,historical_baseline,,fe33df9ae5456d8ee27133c42c244c81d150008ababc19399c7ed428638b57ea
4005,2019-09-24,52.4,52.8,52.4,52.5,27451,,,,,historical_baseline,,fe33df9ae5456d8ee27133c42c244c81d150008ababc19399c7ed428638b57ea
4005,2019-09-25,52.5,52.5,52.4,52.5,20742,,,,,historical_baseline,,fe33df9ae5456d8ee27133c42c244c81d150008ababc19399c7ed428638b57ea
4005,2019-09-26,52.4,52.6,52.3,52.4,17549,,,,,historical_baseline,,fe33df9ae5456d8ee27133c42c244c81d150008ababc19399c7ed428638b57ea
4005,2019-09-29,52.5,52.5,52.5,52.5,331881,,,,,historical_baseline,,fe33df9ae5456d8ee27133c42c244c81d150008ababc19399c7ed428638b57ea
4005,2019-09-30,52.8,54.2,52.8,54.2,111089,,,,,historical_baseline,,fe33df9ae5456d8ee27133c42c244c81d150008ababc19399c7ed428638b57ea
4006,2019-09-01,14.76,14.8,14.76,14.8,19544,,,,,historical_baseline,,fe33df9ae5456d8ee27133c42c244c81d150008ababc19399c7ed428638b57ea
4006,2019-09-02,14.8,14.84,14.78,14.78,114282,,,,,historical_baseline,,fe33df9ae5456d8ee27133c42c244c81d150008ababc19399c7ed428638b57ea
4006,2019-09-03,14.76,14.84,14.76,14.84,41109,,,,,historical_baseline,,fe33df9ae5456d8ee27133c42c244c81d150008ababc19399c7ed428638b57ea
4006,2019-09-04,14.84,14.9,14.8,14.8,122450,,,,,historical_baseline,,fe33df9ae5456d8ee27133c42c244c81d150008ababc19399c7ed428638b57ea
4006,2019-09-05,14.86,15.2,14.84,14.84,133959,,,,,historical_baseline,,fe33df9ae5456d8ee27133c42c244c81d150008ababc19399c7ed428638b57ea
4006,2019-09-08,15.24,15.24,15.06,15.12,45232,,,,,historical_baseline,,fe33df9ae5456d8ee27133c42c244c81d150008ababc19399c7ed428638b57ea
4006,2019-09-09,15.04,15.22,15.02,15.14,49504,,,,,historical_baseline,,fe33df9ae5456d8ee27133c42c244c81d150008ababc19399c7ed428638b57ea
4006,2019-09-10,15.1,15.1,15.0,15.0,28597,,,,,historical_baseline,,fe33df9ae5456d8ee27133c42c244c81d150008ababc19399c7ed428638b57ea
4006,2019-09-11,15.0,15.0,14.5,14.5,119410,,,,,historical_baseline,,fe33df9ae5456d8ee27133c42c244c81d150008ababc19399c7ed428638b57ea
4006,2019-09-12,14.64,14.7,14.56,14.7,56854,,,,,historical_baseline,,fe33df9ae5456d8ee27133c42c244c81d150008ababc19399c7ed428638b57ea
4006,2019-09-15,14.52,14.6,14.52,14.6,68862,,,,,historical_baseline,,fe33df9ae5456d8ee27133c42c244c81d150008ababc19399c7ed428638b57ea
4006,2019-09-16,14.54,14.54,14.5,14.5,23226,,,,,historical_baseline,,fe33df9ae5456d8ee27133c42c244c81d150008ababc19399c7ed428638b57ea
4006,2019-09-17,14.5,14.52,14.38,14.4,87135,,,,,historical_baseline,,fe33df9ae5456d8ee27133c42c244c81d150008ababc19399c7ed428638b57ea
4006,2019-09-18,14.5,14.54,14.32,14.32,88389,,,,,historical_baseline,,fe33df9ae5456d8ee27133c42c244c81d150008ababc19399c7ed428638b57ea
4006,2019-09-19,14.36,14.6,14.36,14.6,116617,,,,,historical_baseline,,fe33df9ae5456d8ee27133c42c244c81d150008ababc19399c7ed428638b57ea
4006,2019-09-22,14.46,14.72,14.46,14.72,24695,,,,,historical_baseline,,fe33df9ae5456d8ee27133c42c244c81d150008ababc19399c7ed428638b57ea
4006,2019-09-24,14.9,15.08,14.82,15.08,162813,,,,,historical_baseline,,fe33df9ae5456d8ee27133c42c244c81d150008ababc19399c7ed428638b57ea
4006,2019-09-25,15.0,15.36,14.94,15.16,506367,,,,,historical_baseline,,fe33df9ae5456d8ee27133c42c244c81d150008ababc19399c7ed428638b57ea
4006,2019-09-26,15.16,15.3,15.14,15.3,140815,,,,,historical_baseline,,fe33df9ae5456d8ee27133c42c244c81d150008ababc19399c7ed428638b57ea
4006,2019-09-29,15.2,15.62,15.2,15.56,283578,,,,,historical_baseline,,fe33df9ae5456d8ee27133c42c244c81d150008ababc19399c7ed428638b57ea
4006,2019-09-30,15.52,15.58,15.5,15.56,147553,,,,,historical_baseline,,fe33df9ae5456d8ee27133c42c244c81d150008ababc19399c7ed428638b57ea
4007,2019-09-01,16.86,16.86,16.58,16.59,154909,,,,,historical_baseline,,fe33df9ae5456d8ee27133c42c244c81d150008ababc19399c7ed428638b57ea
4007,2019-09-02,16.62,16.69,16.5,16.68,390161,,,,,historical_baseline,,fe33df9ae5456d8ee27133c42c244c81d150008ababc19399c7ed428638b57ea
4007,2019-09-03,16.68,16.73,16.58,16.58,1491442,,,,,historical_baseline,,fe33df9ae5456d8ee27133c42c244c81d150008ababc19399c7ed428638b57ea
4007,2019-09-04,16.53,16.6,16.5,16.51,518591,,,,,historical_baseline,,fe33df9ae5456d8ee27133c42c244c81d150008ababc19399c7ed428638b57ea
4007,2019-09-05,16.53,16.73,16.5,16.58,261155,,,,,historical_baseline,,fe33df9ae5456d8ee27133c42c244c81d150008ababc19399c7ed428638b57ea
4007,2019-09-08,16.65,16.77,16.59,16.6,379794,,,,,historical_baseline,,fe33df9ae5456d8ee27133c42c244c81d150008ababc19399c7ed428638b57ea
4007,2019-09-09,16.58,16.69,16.58,16.69,292157,,,,,historical_baseline,,fe33df9ae5456d8ee27133c42c244c81d150008ababc19399c7ed428638b57ea
4007,2019-09-10,16.78,16.88,16.35,16.35,242313,,,,,historical_baseline,,fe33df9ae5456d8ee27133c42c244c81d150008ababc19399c7ed428638b57ea
4007,2019-09-11,16.22,16.5,16.2,16.5,108775,,,,,historical_baseline,,fe33df9ae5456d8ee27133c42c244c81d150008ababc19399c7ed428638b57ea
4007,2019-09-12,16.5,16.68,16.4,16.41,200251,,,,,historical_baseline,,fe33df9ae5456d8ee27133c42c244c81d150008ababc19399c7ed428638b57ea
4007,2019-09-15,16.03,16.38,16.03,16.27,230802,,,,,historical_baseline,,fe33df9ae5456d8ee27133c42c244c81d150008ababc19399c7ed428638b57ea
4007,2019-09-16,16.35,16.5,16.35,16.5,218925,,,,,historical_baseline,,fe33df9ae5456d8ee27133c42c244c81d150008ababc19399c7ed428638b57ea
4007,2019-09-17,16.5,16.5,16.16,16.16,80903,,,,,historical_baseline,,fe33df9ae5456d8ee27133c42c244c81d150008ababc19399c7ed428638b57ea
4007,2019-09-18,16.23,16.36,16.23,16.35,45858,,,,,historical_baseline,,fe33df9ae5456d8ee27133c42c244c81d150008ababc19399c7ed428638b57ea
4007,2019-09-19,16.27,16.51,16.27,16.5,881545,,,,,historical_baseline,,fe33df9ae5456d8ee27133c42c244c81d150008ababc19399c7ed428638b57ea
4007,2019-09-22,16.5,16.5,16.35,16.4,138385,,,,,historical_baseline,,fe33df9ae5456d8ee27133c42c244c81d150008ababc19399c7ed428638b57ea
4007,2019-09-24,16.55,16.58,16.4,16.55,530842,,,,,historical_baseline,,fe33df9ae5456d8ee27133c42c244c81d150008ababc19399c7ed428638b57ea
4007,2019-09-25,16.58,16.64,16.45,16.49,335849,,,,,historical_baseline,,fe33df9ae5456d8ee27133c42c244c81d150008ababc19399c7ed428638b57ea
4007,2019-09-26,16.58,16.65,16.55,16.58,467933,,,,,historical_baseline,,fe33df9ae5456d8ee27133c42c244c81d150008ababc19399c7ed428638b57ea
4007,2019-09-29,16.64,16.65,16.58,16.58,309183,,,,,historical_baseline,,fe33df9ae5456d8ee27133c42c244c81d150008ababc19399c7ed428638b57ea
4007,2019-09-30,16.6,16.68,16.58,16.65,973326,,,,,historical_baseline,,fe33df9ae5456d8ee27133c42c244c81d150008ababc19399c7ed428638b57ea
4008,2019-09-01,62.3,62.6,61.2,61.3,128337,,,,,historical_baseline,,fe33df9ae5456d8ee27133c42c244c81d150008ababc19399c7ed428638b57ea
4008,2019-09-02,61.5,61.5,59.9,60.4,237205,,,,,historical_baseline,,fe33df9ae5456d8ee27133c42c244c81d150008ababc19399c7ed428638b57ea
4008,2019-09-03,60.6,60.6,59.3,59.6,212499,,,,,historical_baseline,,fe33df9ae5456d8ee27133c42c244c81d150008ababc19399c7ed428638b57ea
4008,2019-09-04,59.6,60.5,59.5,60.5,183513,,,,,historical_baseline,,fe33df9ae5456d8ee27133c42c244c81d150008ababc19399c7ed428638b57ea
4008,2019-09-05,60.5,60.9,59.9,60.5,157358,,,,,historical_baseline,,fe33df9ae5456d8ee27133c42c244c81d150008ababc19399c7ed428638b57ea
4008,2019-09-08,61.0,61.0,60.1,60.4,137096,,,,,historical_baseline,,fe33df9ae5456d8ee27133c42c244c81d150008ababc19399c7ed428638b57ea
4008,2019-09-09,60.1,60.1,59.7,59.7,84074,,,,,historical_baseline,,fe33df9ae5456d8ee27133c42c244c81d150008ababc19399c7ed428638b57ea
4008,2019-09-10,59.7,59.7,57.7,59.1,304883,,,,,historical_baseline,,fe33df9ae5456d8ee27133c42c244c81d150008ababc19399c7ed428638b57ea
4008,2019-09-11,59.4,60.4,57.2,60.0,195391,,,,,historical_baseline,,fe33df9ae5456d8ee27133c42c244c81d150008ababc19399c7ed428638b57ea
4008,2019-09-12,59.6,60.7,59.0,60.4,98031,,,,,historical_baseline,,fe33df9ae5456d8ee27133c42c244c81d150008ababc19399c7ed428638b57ea
4008,2019-09-15,58.2,60.2,58.2,59.9,65316,,,,,historical_baseline,,fe33df9ae5456d8ee27133c42c244c81d150008ababc19399c7ed428638b57ea
4008,2019-09-16,60.2,60.2,58.9,59.0,76836,,,,,historical_baseline,,fe33df9ae5456d8ee27133c42c244c81d150008ababc19399c7ed428638b57ea
4008,2019-09-17,59.6,60.3,59.1,60.0,86217,,,,,historical_baseline,,fe33df9ae5456d8ee27133c42c244c81d150008ababc19399c7ed428638b57ea
4008,2019-09-18,60.2,61.7,60.0,61.0,161323,,,,,historical_baseline,,fe33df9ae5456d8ee27133c42c244c81d150008ababc19399c7ed428638b57ea
4008,2019-09-19,61.0,61.1,60.1,61.0,106082,,,,,historical_baseline,,fe33df9ae5456d8ee27133c42c244c81d150008ababc19399c7ed428638b57ea
4008,2019-09-22,61.1,62.1,60.2,61.8,107426,,,,,historical_baseline,,fe33df9ae5456d8ee27133c42c244c81d150008ababc19399c7ed428638b57ea
4008,2019-09-24,61.9,63.2,61.5,63.0,160451,,,,,historical_baseline,,fe33df9ae5456d8ee27133c42c244c81d150008ababc19399c7ed428638b57ea
4008,2019-09-25,62.8,63.2,62.8,63.0,76600,,,,,historical_baseline,,fe33df9ae5456d8ee27133c42c244c81d150008ababc19399c7ed428638b57ea
4008,2019-09-26,63.0,63.8,63.0,63.1,127342,,,,,historical_baseline,,fe33df9ae5456d8ee27133c42c244c81d150008ababc19399c7ed428638b57ea
4008,2019-09-29,63.1,63.5,63.0,63.0,43552,,,,,historical_baseline,,fe33df9ae5456d8ee27133c42c244c81d150008ababc19399c7ed428638b57ea
4008,2019-09-30,63.0,63.6,62.2,63.5,73710,,,,,historical_baseline,,fe33df9ae5456d8ee27133c42c244c81d150008ababc19399c7ed428638b57ea
4009,2019-09-01,25.85,25.85,25.2,25.35,114821,,,,,historical_baseline,,fe33df9ae5456d8ee27133c42c244c81d150008ababc19399c7ed428638b57ea
4009,2019-09-02,25.35,25.95,25.35,25.7,88971,,,,,historical_baseline,,fe33df9ae5456d8ee27133c42c244c81d150008ababc19399c7ed428638b57ea
4009,2019-09-03,25.65,26.1,25.55,25.85,169181,,,,,historical_baseline,,fe33df9ae5456d8ee27133c42c244c81d150008ababc19399c7ed428638b57ea
4009,2019-09-04,25.9,25.95,25.7,25.95,106500,,,,,historical_baseline,,fe33df9ae5456d8ee27133c42c244c81d150008ababc19399c7ed428638b57ea
4009,2019-09-05,25.95,26.55,25.9,26.3,276016,,,,,historical_baseline,,fe33df9ae5456d8ee27133c42c244c81d150008ababc19399c7ed428638b57ea
4009,2019-09-08,26.2,26.6,26.2,26.35,163891,,,,,historical_baseline,,fe33df9ae5456d8ee27133c42c244c81d150008ababc19399c7ed428638b57ea
4009,2019-09-09,26.35,26.55,26.15,26.2,153209,,,,,historical_baseline,,fe33df9ae5456d8ee27133c42c244c81d150008ababc19399c7ed428638b57ea
4009,2019-09-10,26.15,26.15,25.7,25.75,211872,,,,,historical_baseline,,fe33df9ae5456d8ee27133c42c244c81d150008ababc19399c7ed428638b57ea
4009,2019-09-11,25.8,25.9,25.45,25.65,183325,,,,,historical_baseline,,fe33df9ae5456d8ee27133c42c244c81d150008ababc19399c7ed428638b57ea
4009,2019-09-12,25.65,25.8,25.6,25.6,96810,,,,,historical_baseline,,fe33df9ae5456d8ee27133c42c244c81d150008ababc19399c7ed428638b57ea
4009,2019-09-15,25.7,25.85,25.4,25.65,190124,,,,,historical_baseline,,fe33df9ae5456d8ee27133c42c244c81d150008ababc19399c7ed428638b57ea
4009,2019-09-16,25.7,25.75,25.4,25.65,99733,,,,,historical_baseline,,fe33df9ae5456d8ee27133c42c244c81d150008ababc19399c7ed428638b57ea
4009,2019-09-17,25.45,25.65,25.45,25.45,176679,,,,,historical_baseline,,fe33df9ae5456d8ee27133c42c244c81d150008ababc19399c7ed428638b57ea
4009,2019-09-18,25.65,25.7,25.45,25.5,120678,,,,,historical_baseline,,fe33df9ae5456d8ee27133c42c244c81d150008ababc19399c7ed428638b57ea
4009,2019-09-19,25.4,25.55,24.7,24.7,547567,,,,,historical_baseline,,fe33df9ae5456d8ee27133c42c244c81d150008ababc19399c7ed428638b57ea
4009,2019-09-22,25.0,25.3,24.94,25.2,196194,,,,,historical_baseline,,fe33df9ae5456d8ee27133c42c244c81d150008ababc19399c7ed428638b57ea
4009,2019-09-24,25.3,25.6,25.3,25.5,127118,,,,,historical_baseline,,fe33df9ae5456d8ee27133c42c244c81d150008ababc19399c7ed428638b57ea
4009,2019-09-25,25.6,25.75,25.4,25.5,243109,,,,,historical_baseline,,fe33df9ae5456d8ee27133c42c244c81d150008ababc19399c7ed428638b57ea
4009,2019-09-26,25.45,25.7,25.35,25.5,180984,,,,,historical_baseline,,fe33df9ae5456d8ee27133c42c244c81d150008ababc19399c7ed428638b57ea
4009,2019-09-29,25.6,25.6,25.45,25.5,210419,,,,,historical_baseline,,fe33df9ae5456d8ee27133c42c244c81d150008ababc19399c7ed428638b57ea
4009,2019-09-30,25.55,26.2,25.5,26.0,736477,,,,,historical_baseline,,fe33df9ae5456d8ee27133c42c244c81d150008ababc19399c7ed428638b57ea
4011,2019-09-01,14.0,14.15,13.97,13.97,122930,,,,,historical_baseline,,fe33df9ae5456d8ee27133c42c244c81d150008ababc19399c7ed428638b57ea
4011,2019-09-02,13.98,14.12,13.93,13.93,107236,,,,,historical_baseline,,fe33df9ae5456d8ee27133c42c244c81d150008ababc19399c7ed428638b57ea
4011,2019-09-03,13.95,14.12,13.93,14.02,120056,,,,,historical_baseline,,fe33df9ae5456d8ee27133c42c244c81d150008ababc19399c7ed428638b57ea
4011,2019-09-04,14.12,14.41,14.02,14.29,133250,,,,,historical_baseline,,fe33df9ae5456d8ee27133c42c244c81d150008ababc19399c7ed428638b57ea
4011,2019-09-05,14.43,14.45,14.21,14.33,78553,,,,,historical_baseline,,fe33df9ae5456d8ee27133c42c244c81d150008ababc19399c7ed428638b57ea
4011,2019-09-08,14.36,14.45,14.31,14.31,69754,,,,,historical_baseline,,fe33df9ae5456d8ee27133c42c244c81d150008ababc19399c7ed428638b57ea
4011,2019-09-09,14.21,14.24,14.09,14.24,235553,,,,,historical_baseline,,fe33df9ae5456d8ee27133c42c244c81d150008ababc19399c7ed428638b57ea
4011,2019-09-10,14.15,14.22,14.07,14.07,104573,,,,,historical_baseline,,fe33df9ae5456d8ee27133c42c244c81d150008ababc19399c7ed428638b57ea
4011,2019-09-11,13.85,13.92,13.68,13.78,172402,,,,,historical_baseline,,fe33df9ae5456d8ee27133c42c244c81d150008ababc19399c7ed428638b57ea
4011,2019-09-12,13.9,13.93,13.73,13.76,201870,,,,,historical_baseline,,fe33df9ae5456d8ee27133c42c244c81d150008ababc19399c7ed428638b57ea
4011,2019-09-15,13.68,13.83,13.42,13.68,108594,,,,,historical_baseline,,fe33df9ae5456d8ee27133c42c244c81d150008ababc19399c7ed428638b57ea
4011,2019-09-16,13.71,13.71,13.52,13.59,151344,,,,,historical_baseline,,fe33df9ae5456d8ee27133c42c244c81d150008ababc19399c7ed428638b57ea
4011,2019-09-17,13.64,13.64,13.4,13.49,231205,,,,,historical_baseline,,fe33df9ae5456d8ee27133c42c244c81d150008ababc19399c7ed428638b57ea
4011,2019-09-18,13.5,13.52,13.42,13.42,97152,,,,,historical_baseline,,fe33df9ae5456d8ee27133c42c244c81d150008ababc19399c7ed428638b57ea
4011,2019-09-19,13.35,13.57,13.28,13.54,197849,,,,,historical_baseline,,fe33df9ae5456d8ee27133c42c244c81d150008ababc19399c7ed428638b57ea
4011,2019-09-22,13.52,13.61,13.42,13.56,91512,,,,,historical_baseline,,fe33df9ae5456d8ee27133c42c244c81d150008ababc19399c7ed428638b57ea
4011,2019-09-24,13.66,13.83,13.59,13.71,227781,,,,,historical_baseline,,fe33df9ae5456d8ee27133c42c244c81d150008ababc19399c7ed428638b57ea
4011,2019-09-25,13.71,13.76,13.57,13.62,133039,,,,,historical_baseline,,fe33df9ae5456d8ee27133c42c244c81d150008ababc19399c7ed428638b57ea
4011,2019-09-26,13.62,13.71,13.25,13.25,176547,,,,,historical_baseline,,fe33df9ae5456d8ee27133c42c244c81d150008ababc19399c7ed428638b57ea
4011,2019-09-29,13.37,13.59,13.37,13.42,243040,,,,,historical_baseline,,fe33df9ae5456d8ee27133c42c244c81d150008ababc19399c7ed428638b57ea
4011,2019-09-30,13.49,13.57,13.42,13.5,138544,,,,,historical_baseline,,fe33df9ae5456d8ee27133c42c244c81d150008ababc19399c7ed428638b57ea
4020,2019-09-01,9.82,9.85,9.78,9.78,167381,,,,,historical_baseline,,fe33df9ae5456d8ee27133c42c244c81d150008ababc19399c7ed428638b57ea
4020,2019-09-02,9.8,9.87,9.8,9.87,83552,,,,,historical_baseline,,fe33df9ae5456d8ee27133c42c244c81d150008ababc19399c7ed428638b57ea
4020,2019-09-03,9.82,9.89,9.77,9.78,112505,,,,,historical_baseline,,fe33df9ae5456d8ee27133c42c244c81d150008ababc19399c7ed428638b57ea
4020,2019-09-04,9.85,9.87,9.75,9.83,426349,,,,,historical_baseline,,fe33df9ae5456d8ee27133c42c244c81d150008ababc19399c7ed428638b57ea
4020,2019-09-05,9.87,10.32,9.87,10.18,1047284,,,,,historical_baseline,,fe33df9ae5456d8ee27133c42c244c81d150008ababc19399c7ed428638b57ea
4020,2019-09-08,10.32,10.59,10.32,10.52,1351171,,,,,historical_baseline,,fe33df9ae5456d8ee27133c42c244c81d150008ababc19399c7ed428638b57ea
4020,2019-09-09,10.52,10.75,10.44,10.46,770195,,,,,historical_baseline,,fe33df9ae5456d8ee27133c42c244c81d150008ababc19399c7ed428638b57ea
4020,2019-09-10,10.4,10.4,10.06,10.08,1232450,,,,,historical_baseline,,fe33df9ae5456d8ee27133c42c244c81d150008ababc19399c7ed428638b57ea
4020,2019-09-11,10.02,10.14,9.83,9.97,795120,,,,,historical_baseline,,fe33df9ae5456d8ee27133c42c244c81d150008ababc19399c7ed428638b57ea
4020,2019-09-12,10.01,10.11,9.92,10.02,662220,,,,,historical_baseline,,fe33df9ae5456d8ee27133c42c244c81d150008ababc19399c7ed428638b57ea
4020,2019-09-15,9.89,9.95,9.82,9.9,412484,,,,,historical_baseline,,fe33df9ae5456d8ee27133c42c244c81d150008ababc19399c7ed428638b57ea
4020,2019-09-16,9.9,9.94,9.78,9.83,392026,,,,,historical_baseline,,fe33df9ae5456d8ee27133c42c244c81d150008ababc19399c7ed428638b57ea
4020,2019-09-17,9.85,9.89,9.75,9.77,217403,,,,,historical_baseline,,fe33df9ae5456d8ee27133c42c244c81d150008ababc19399c7ed428638b57ea
4020,2019-09-18,9.8,10.09,9.8,10.09,696975,,,,,historical_baseline,,fe33df9ae5456d8ee27133c42c244c81d150008ababc19399c7ed428638b57ea
4020,2019-09-19,10.06,10.28,9.97,10.28,1146534,,,,,historical_baseline,,fe33df9ae5456d8ee27133c42c244c81d150008ababc19399c7ed428638b57ea
4020,2019-09-22,10.14,10.23,10.14,10.2,140299,,,,,historical_baseline,,fe33df9ae5456d8ee27133c42c244c81d150008ababc19399c7ed428638b57ea
4020,2019-09-24,10.14,10.27,10.14,10.27,288856,,,,,historical_baseline,,fe33df9ae5456d8ee27133c42c244c81d150008ababc19399c7ed428638b57ea
4020,2019-09-25,10.27,10.27,10.16,10.16,387973,,,,,historical_baseline,,fe33df9ae5456d8ee27133c42c244c81d150008ababc19399c7ed428638b57ea
4020,2019-09-26,10.18,10.25,10.16,10.2,171779,,,,,historical_baseline,,fe33df9ae5456d8ee27133c42c244c81d150008ababc19399c7ed428638b57ea
4020,2019-09-29,10.25,10.54,10.2,10.52,874662,,,,,historical_baseline,,fe33df9ae5456d8ee27133c42c244c81d150008ababc19399c7ed428638b57ea
4020,2019-09-30,10.52,10.63,10.44,10.49,500859,,,,,historical_baseline,,fe33df9ae5456d8ee27133c42c244c81d150008ababc19399c7ed428638b57ea
4030,2019-09-01,13.95,14.08,13.95,14.0,687384,,,,,historical_baseline,,fe33df9ae5456d8ee27133c42c244c81d150008ababc19399c7ed428638b57ea
4030,2019-09-02,14.0,14.29,13.97,14.29,993941,,,,,historical_baseline,,fe33df9ae5456d8ee27133c42c244c81d150008ababc19399c7ed428638b57ea
4030,2019-09-03,14.29,14.48,14.29,14.4,2110631,,,,,historical_baseline,,fe33df9ae5456d8ee27133c42c244c81d150008ababc19399c7ed428638b57ea
4030,2019-09-04,14.4,14.45,14.35,14.37,495451,,,,,historical_baseline,,fe33df9ae5456d8ee27133c42c244c81d150008ababc19399c7ed428638b57ea
4030,2019-09-05,14.4,14.45,14.29,14.45,794521,,,,,historical_baseline,,fe33df9ae5456d8ee27133c42c244c81d150008ababc19399c7ed428638b57ea
4030,2019-09-08,14.45,14.53,14.37,14.43,480806,,,,,historical_baseline,,fe33df9ae5456d8ee27133c42c244c81d150008ababc19399c7ed428638b57ea
4030,2019-09-09,14.43,14.48,14.43,14.43,446561,,,,,historical_baseline,,fe33df9ae5456d8ee27133c42c244c81d150008ababc19399c7ed428638b57ea
4030,2019-09-10,14.43,14.43,14.24,14.32,977431,,,,,historical_baseline,,fe33df9ae5456d8ee27133c42c244c81d150008ababc19399c7ed428638b57ea
4030,2019-09-11,14.27,14.32,14.13,14.19,815908,,,,,historical_baseline,,fe33df9ae5456d8ee27133c42c244c81d150008ababc19399c7ed428638b57ea
4030,2019-09-12,14.21,14.48,14.21,14.45,1041232,,,,,historical_baseline,,fe33df9ae5456d8ee27133c42c244c81d150008ababc19399c7ed428638b57ea
4030,2019-09-15,14.19,14.35,13.81,14.29,2249460,,,,,historical_baseline,,fe33df9ae5456d8ee27133c42c244c81d150008ababc19399c7ed428638b57ea
4030,2019-09-16,14.29,14.35,13.92,14.0,752392,,,,,historical_baseline,,fe33df9ae5456d8ee27133c42c244c81d150008ababc19399c7ed428638b57ea
4030,2019-09-17,14.0,14.13,13.95,14.13,540378,,,,,historical_baseline,,fe33df9ae5456d8ee27133c42c244c81d150008ababc19399c7ed428638b57ea
4030,2019-09-18,14.16,14.21,14.05,14.19,418775,,,,,historical_baseline,,fe33df9ae5456d8ee27133c42c244c81d150008ababc19399c7ed428638b57ea
4030,2019-09-19,14.11,14.16,14.03,14.13,283903,,,,,historical_baseline,,fe33df9ae5456d8ee27133c42c244c81d150008ababc19399c7ed428638b57ea
4030,2019-09-22,14.19,14.45,14.13,14.43,974951,,,,,historical_baseline,,fe33df9ae5456d8ee27133c42c244c81d150008ababc19399c7ed428638b57ea
4030,2019-09-24,14.45,14.72,14.45,14.64,1082610,,,,,historical_baseline,,fe33df9ae5456d8ee27133c42c244c81d150008ababc19399c7ed428638b57ea
4030,2019-09-25,14.67,14.67,14.45,14.48,358417,,,,,historical_baseline,,fe33df9ae5456d8ee27133c42c244c81d150008ababc19399c7ed428638b57ea
4030,2019-09-26,14.45,14.77,14.45,14.72,1669760,,,,,historical_baseline,,fe33df9ae5456d8ee27133c42c244c81d150008ababc19399c7ed428638b57ea
4030,2019-09-29,14.8,15.31,14.8,15.23,4400340,,,,,historical_baseline,,fe33df9ae5456d8ee27133c42c244c81d150008ababc19399c7ed428638b57ea
4030,2019-09-30,15.2,15.65,15.17,15.63,3470797,,,,,historical_baseline,,fe33df9ae5456d8ee27133c42c244c81d150008ababc19399c7ed428638b57ea
4031,2019-09-01,30.0,30.1,29.9,30.0,258865,,,,,historical_baseline,,fe33df9ae5456d8ee27133c42c244c81d150008ababc19399c7ed428638b57ea
4031,2019-09-02,30.0,30.0,29.7,30.0,315090,,,,,historical_baseline,,fe33df9ae5456d8ee27133c42c244c81d150008ababc19399c7ed428638b57ea
4031,2019-09-03,29.75,29.95,29.55,29.7,242144,,,,,historical_baseline,,fe33df9ae5456d8ee27133c42c244c81d150008ababc19399c7ed428638b57ea
4031,2019-09-04,29.6,29.65,29.3,29.55,451516,,,,,historical_baseline,,fe33df9ae5456d8ee27133c42c244c81d150008ababc19399c7ed428638b57ea
4031,2019-09-05,29.65,29.85,29.4,29.4,294537,,,,,historical_baseline,,fe33df9ae5456d8ee27133c42c244c81d150008ababc19399c7ed428638b57ea
4031,2019-09-08,29.6,30.35,29.6,30.0,620425,,,,,historical_baseline,,fe33df9ae5456d8ee27133c42c244c81d150008ababc19399c7ed428638b57ea
4031,2019-09-09,30.05,30.25,30.05,30.2,336677,,,,,historical_baseline,,fe33df9ae5456d8ee27133c42c244c81d150008ababc19399c7ed428638b57ea
4031,2019-09-10,30.2,30.95,30.0,30.75,1174321,,,,,historical_baseline,,fe33df9ae5456d8ee27133c42c244c81d150008ababc19399c7ed428638b57ea
4031,2019-09-11,30.75,30.75,30.15,30.2,471198,,,,,historical_baseline,,fe33df9ae5456d8ee27133c42c244c81d150008ababc19399c7ed428638b57ea
4031,2019-09-12,30.2,30.8,30.2,30.5,370792,,,,,historical_baseline,,fe33df9ae5456d8ee27133c42c244c81d150008ababc19399c7ed428638b57ea
4031,2019-09-15,30.2,30.45,29.95,30.2,335058,,,,,historical_baseline,,fe33df9ae5456d8ee27133c42c244c81d150008ababc19399c7ed428638b57ea
4031,2019-09-16,30.4,30.4,29.85,30.05,401693,,,,,historical_baseline,,fe33df9ae5456d8ee27133c42c244c81d150008ababc19399c7ed428638b57ea
4031,2019-09-17,30.0,30.3,29.95,30.2,271446,,,,,historical_baseline,,fe33df9ae5456d8ee27133c42c244c81d150008ababc19399c7ed428638b57ea
4031,2019-09-18,30.25,30.6,30.15,30.4,437588,,,,,historical_baseline,,fe33df9ae5456d8ee27133c42c244c81d150008ababc19399c7ed428638b57ea
4031,2019-09-19,30.3,31.0,30.25,31.0,1486338,,,,,historical_baseline,,fe33df9ae5456d8ee27133c42c244c81d150008ababc19399c7ed428638b57ea
4031,2019-09-22,31.05,33.0,31.05,32.45,1855371,,,,,historical_baseline,,fe33df9ae5456d8ee27133c42c244c81d150008ababc19399c7ed428638b57ea
4031,2019-09-24,32.45,33.0,32.3,32.45,767963,,,,,historical_baseline,,fe33df9ae5456d8ee27133c42c244c81d150008ababc19399c7ed428638b57ea
4031,2019-09-25,32.55,32.55,31.8,32.0,414432,,,,,historical_baseline,,fe33df9ae5456d8ee27133c42c244c81d150008ababc19399c7ed428638b57ea
4031,2019-09-26,31.95,32.3,31.85,31.95,201911,,,,,historical_baseline,,fe33df9ae5456d8ee27133c42c244c81d150008ababc19399c7ed428638b57ea
4031,2019-09-29,32.0,33.7,32.0,33.4,1383051,,,,,historical_baseline,,fe33df9ae5456d8ee27133c42c244c81d150008ababc19399c7ed428638b57ea
4031,2019-09-30,33.45,33.45,32.85,32.9,530041,,,,,historical_baseline,,fe33df9ae5456d8ee27133c42c244c81d150008ababc19399c7ed428638b57ea
4040,2019-09-01,14.34,14.44,14.2,14.42,864411,,,,,historical_baseline,,fe33df9ae5456d8ee27133c42c244c81d150008ababc19399c7ed428638b57ea
4040,2019-09-02,14.44,15.34,14.36,15.32,2644470,,,,,historical_baseline,,fe33df9ae5456d8ee27133c42c244c81d150008ababc19399c7ed428638b57ea
4040,2019-09-03,15.38,15.56,15.24,15.4,3581687,,,,,historical_baseline,,fe33df9ae5456d8ee27133c42c244c81d150008ababc19399c7ed428638b57ea
4040,2019-09-04,15.4,15.52,15.14,15.46,1227012,,,,,historical_baseline,,fe33df9ae5456d8ee27133c42c244c81d150008ababc19399c7ed428638b57ea
4040,2019-09-05,15.48,15.68,15.28,15.68,1195917,,,,,historical_baseline,,fe33df9ae5456d8ee27133c42c244c81d150008ababc19399c7ed428638b57ea
4040,2019-09-08,15.7,16.34,15.7,16.3,3908420,,,,,historical_baseline,,fe33df9ae5456d8ee27133c42c244c81d150008ababc19399c7ed428638b57ea
4040,2019-09-09,16.22,16.42,16.16,16.32,1154985,,,,,historical_baseline,,fe33df9ae5456d8ee27133c42c244c81d150008ababc19399c7ed428638b57ea
4040,2019-09-10,16.32,16.38,15.88,15.88,1468050,,,,,historical_baseline,,fe33df9ae5456d8ee27133c42c244c81d150008ababc19399c7ed428638b57ea
4040,2019-09-11,15.8,15.88,15.5,15.7,1412184,,,,,historical_baseline,,fe33df9ae5456d8ee27133c42c244c81d150008ababc19399c7ed428638b57ea
4040,2019-09-12,15.7,16.54,15.64,16.38,2247734,,,,,historical_baseline,,fe33df9ae5456d8ee27133c42c244c81d150008ababc19399c7ed428638b57ea
4040,2019-09-15,16.0,16.68,15.96,16.3,2150791,,,,,historical_baseline,,fe33df9ae5456d8ee27133c42c244c81d150008ababc19399c7ed428638b57ea
4040,2019-09-16,16.3,16.5,15.2,15.38,2887520,,,,,historical_baseline,,fe33df9ae5456d8ee27133c42c244c81d150008ababc19399c7ed428638b57ea
4040,2019-09-17,15.32,15.8,15.2,15.3,2085296,,,,,historical_baseline,,fe33df9ae5456d8ee27133c42c244c81d150008ababc19399c7ed428638b57ea
4040,2019-09-18,15.42,15.68,15.32,15.56,924729,,,,,historical_baseline,,fe33df9ae5456d8ee27133c42c244c81d150008ababc19399c7ed428638b57ea
4040,2019-09-19,15.54,15.64,15.38,15.6,1733940,,,,,historical_baseline,,fe33df9ae5456d8ee27133c42c244c81d150008ababc19399c7ed428638b57ea
4040,2019-09-22,15.62,15.94,15.52,15.82,528145,,,,,historical_baseline,,fe33df9ae5456d8ee27133c42c244c81d150008ababc19399c7ed428638b57ea
4040,2019-09-24,15.9,16.1,15.9,16.04,939909,,,,,historical_baseline,,fe33df9ae5456d8ee27133c42c244c81d150008ababc19399c7ed428638b57ea
4040,2019-09-25,16.04,16.36,15.96,16.2,1265163,,,,,historical_baseline,,fe33df9ae5456d8ee27133c42c244c81d150008ababc19399c7ed428638b57ea
4040,2019-09-26,16.2,16.34,16.08,16.2,762955,,,,,historical_baseline,,fe33df9ae5456d8ee27133c42c244c81d150008ababc19399c7ed428638b57ea
4040,2019-09-29,16.2,16.56,16.2,16.46,1104759,,,,,historical_baseline,,fe33df9ae5456d8ee27133c42c244c81d150008ababc19399c7ed428638b57ea
4040,2019-09-30,16.5,16.54,16.42,16.52,629801,,,,,historical_baseline,,fe33df9ae5456d8ee27133c42c244c81d150008ababc19399c7ed428638b57ea
4050,2019-09-01,20.3,20.8,20.22,20.4,2427698,,,,,historical_baseline,,fe33df9ae5456d8ee27133c42c244c81d150008ababc19399c7ed428638b57ea
4050,2019-09-02,20.42,20.88,20.36,20.6,1277501,,,,,historical_baseline,,fe33df9ae5456d8ee27133c42c244c81d150008ababc19399c7ed428638b57ea
4050,2019-09-03,20.54,21.1,20.42,21.1,1352745,,,,,historical_baseline,,fe33df9ae5456d8ee27133c42c244c81d150008ababc19399c7ed428638b57ea
4050,2019-09-04,21.1,21.28,20.6,20.64,919619,,,,,historical_baseline,,fe33df9ae5456d8ee27133c42c244c81d150008ababc19399c7ed428638b57ea
4050,2019-09-05,20.66,20.8,20.44,20.48,827193,,,,,historical_baseline,,fe33df9ae5456d8ee27133c42c244c81d150008ababc19399c7ed428638b57ea
4050,2019-09-08,20.56,21.1,20.44,20.88,849563,,,,,historical_baseline,,fe33df9ae5456d8ee27133c42c244c81d150008ababc19399c7ed428638b57ea
4050,2019-09-09,20.62,21.0,20.62,20.8,608314,,,,,historical_baseline,,fe33df9ae5456d8ee27133c42c244c81d150008ababc19399c7ed428638b57ea
4050,2019-09-10,20.8,20.8,20.1,20.24,1199100,,,,,historical_baseline,,fe33df9ae5456d8ee27133c42c244c81d150008ababc19399c7ed428638b57ea
4050,2019-09-11,20.24,20.24,19.7,20.0,639238,,,,,historical_baseline,,fe33df9ae5456d8ee27133c42c244c81d150008ababc19399c7ed428638b57ea
4050,2019-09-12,20.0,20.48,19.72,19.8,1162233,,,,,historical_baseline,,fe33df9ae5456d8ee27133c42c244c81d150008ababc19399c7ed428638b57ea
4050,2019-09-15,18.82,19.6,18.5,19.44,953792,,,,,historical_baseline,,fe33df9ae5456d8ee27133c42c244c81d150008ababc19399c7ed428638b57ea
4050,2019-09-16,19.44,19.7,19.0,19.04,912064,,,,,historical_baseline,,fe33df9ae5456d8ee27133c42c244c81d150008ababc19399c7ed428638b57ea
4050,2019-09-17,19.18,19.4,19.1,19.24,382779,,,,,historical_baseline,,fe33df9ae5456d8ee27133c42c244c81d150008ababc19399c7ed428638b57ea
4050,2019-09-18,19.4,20.04,19.4,19.7,767399,,,,,historical_baseline,,fe33df9ae5456d8ee27133c42c244c81d150008ababc19399c7ed428638b57ea
4050,2019-09-19,19.76,20.0,19.52,20.0,478201,,,,,historical_baseline,,fe33df9ae5456d8ee27133c42c244c81d150008ababc19399c7ed428638b57ea
4050,2019-09-22,20.0,20.42,19.78,20.42,419656,,,,,historical_baseline,,fe33df9ae5456d8ee27133c42c244c81d150008ababc19399c7ed428638b57ea
4050,2019-09-24,20.4,21.08,20.4,21.0,798053,,,,,historical_baseline,,fe33df9ae5456d8ee27133c42c244c81d150008ababc19399c7ed428638b57ea
4050,2019-09-25,21.0,21.0,20.44,20.54,462087,,,,,historical_baseline,,fe33df9ae5456d8ee27133c42c244c81d150008ababc19399c7ed428638b57ea
4050,2019-09-26,20.48,20.84,20.48,20.76,244089,,,,,historical_baseline,,fe33df9ae5456d8ee27133c42c244c81d150008ababc19399c7ed428638b57ea
4050,2019-09-29,20.46,21.04,20.46,21.02,360397,,,,,historical_baseline,,fe33df9ae5456d8ee27133c42c244c81d150008ababc19399c7ed428638b57ea
4050,2019-09-30,21.04,21.24,20.78,20.8,472062,,,,,historical_baseline,,fe33df9ae5456d8ee27133c42c244c81d150008ababc19399c7ed428638b57ea
4061,2019-09-01,8.18,8.18,8.03,8.03,1700407,,,,,historical_baseline,,fe33df9ae5456d8ee27133c42c244c81d150008ababc19399c7ed428638b57ea
4061,2019-09-02,8.04,8.16,8.04,8.08,1242937,,,,,historical_baseline,,fe33df9ae5456d8ee27133c42c244c81d150008ababc19399c7ed428638b57ea
4061,2019-09-03,8.06,8.38,8.06,8.19,9889313,,,,,historical_baseline,,fe33df9ae5456d8ee27133c42c244c81d150008ababc19399c7ed428638b57ea
4061,2019-09-04,8.2,8.34,8.18,8.27,6184154,,,,,historical_baseline,,fe33df9ae5456d8ee27133c42c244c81d150008ababc19399c7ed428638b57ea
4061,2019-09-05,8.22,8.27,8.11,8.15,5990378,,,,,historical_baseline,,fe33df9ae5456d8ee27133c42c244c81d150008ababc19399c7ed428638b57ea
4061,2019-09-08,8.17,8.25,8.11,8.17,4119116,,,,,historical_baseline,,fe33df9ae5456d8ee27133c42c244c81d150008ababc19399c7ed428638b57ea
4061,2019-09-09,8.15,8.33,8.15,8.17,14361611,,,,,historical_baseline,,fe33df9ae5456d8ee27133c42c244c81d150008ababc19399c7ed428638b57ea
4061,2019-09-10,8.13,8.15,7.93,7.93,5611967,,,,,historical_baseline,,fe33df9ae5456d8ee27133c42c244c81d150008ababc19399c7ed428638b57ea
4061,2019-09-11,7.93,8.11,7.82,7.96,5800241,,,,,historical_baseline,,fe33df9ae5456d8ee27133c42c244c81d150008ababc19399c7ed428638b57ea
4061,2019-09-12,7.94,8.1,7.94,7.98,1726856,,,,,historical_baseline,,fe33df9ae5456d8ee27133c42c244c81d150008ababc19399c7ed428638b57ea
4061,2019-09-15,7.83,7.92,7.74,7.88,8666457,,,,,historical_baseline,,fe33df9ae5456d8ee27133c42c244c81d150008ababc19399c7ed428638b57ea
4061,2019-09-16,7.93,7.93,7.67,7.74,7338558,,,,,historical_baseline,,fe33df9ae5456d8ee27133c42c244c81d150008ababc19399c7ed428638b57ea
4061,2019-09-17,7.82,7.84,7.67,7.72,7200209,,,,,historical_baseline,,fe33df9ae5456d8ee27133c42c244c81d150008ababc19399c7ed428638b57ea
4061,2019-09-18,7.82,7.94,7.76,7.83,13293101,,,,,historical_baseline,,fe33df9ae5456d8ee27133c42c244c81d150008ababc19399c7ed428638b57ea
4061,2019-09-19,7.86,8.36,7.85,8.18,43863200,,,,,historical_baseline,,fe33df9ae5456d8ee27133c42c244c81d150008ababc19399c7ed428638b57ea
4061,2019-09-22,8.29,8.39,8.12,8.12,14205844,,,,,historical_baseline,,fe33df9ae5456d8ee27133c42c244c81d150008ababc19399c7ed428638b57ea
4061,2019-09-24,8.19,8.28,8.09,8.17,13055124,,,,,historical_baseline,,fe33df9ae5456d8ee27133c42c244c81d150008ababc19399c7ed428638b57ea
4061,2019-09-25,8.15,8.24,8.12,8.24,9794233,,,,,historical_baseline,,fe33df9ae5456d8ee27133c42c244c81d150008ababc19399c7ed428638b57ea
4061,2019-09-26,8.19,8.4,8.18,8.21,25213437,,,,,historical_baseline,,fe33df9ae5456d8ee27133c42c244c81d150008ababc19399c7ed428638b57ea
4061,2019-09-29,8.28,8.54,8.28,8.39,28161597,,,,,historical_baseline,,fe33df9ae5456d8ee27133c42c244c81d150008ababc19399c7ed428638b57ea
4061,2019-09-30,8.41,8.46,8.34,8.36,9797739,,,,,historical_baseline,,fe33df9ae5456d8ee27133c42c244c81d150008ababc19399c7ed428638b57ea
4070,2019-09-01,37.55,37.65,36.66,37.35,271108,,,,,historical_baseline,,fe33df9ae5456d8ee27133c42c244c81d150008ababc19399c7ed428638b57ea
4070,2019-09-02,37.35,37.69,37.05,37.4,171860,,,,,historical_baseline,,fe33df9ae5456d8ee27133c42c244c81d150008ababc19399c7ed428638b57ea
4070,2019-09-03,37.5,37.5,36.56,36.85,133818,,,,,historical_baseline,,fe33df9ae5456d8ee27133c42c244c81d150008ababc19399c7ed428638b57ea
4070,2019-09-04,36.85,39.03,36.85,38.39,784806,,,,,historical_baseline,,fe33df9ae5456d8ee27133c42c244c81d150008ababc19399c7ed428638b57ea
4070,2019-09-05,38.44,38.44,37.89,38.34,230764,,,,,historical_baseline,,fe33df9ae5456d8ee27133c42c244c81d150008ababc19399c7ed428638b57ea
4070,2019-09-08,38.44,38.53,38.04,38.04,94608,,,,,historical_baseline,,fe33df9ae5456d8ee27133c42c244c81d150008ababc19399c7ed428638b57ea
4070,2019-09-09,38.04,38.34,37.84,37.94,67570,,,,,historical_baseline,,fe33df9ae5456d8ee27133c42c244c81d150008ababc19399c7ed428638b57ea
4070,2019-09-10,37.94,37.99,37.15,37.55,116277,,,,,historical_baseline,,fe33df9ae5456d8ee27133c42c244c81d150008ababc19399c7ed428638b57ea
4070,2019-09-11,37.3,37.69,37.05,37.2,117390,,,,,historical_baseline,,fe33df9ae5456d8ee27133c42c244c81d150008ababc19399c7ed428638b57ea
4070,2019-09-12,37.2,38.29,37.05,37.45,254241,,,,,historical_baseline,,fe33df9ae5456d8ee27133c42c244c81d150008ababc19399c7ed428638b57ea
4070,2019-09-15,36.9,37.35,36.56,37.2,97283,,,,,historical_baseline,,fe33df9ae5456d8ee27133c42c244c81d150008ababc19399c7ed428638b57ea
4070,2019-09-16,37.45,37.65,36.56,36.56,185956,,,,,historical_baseline,,fe33df9ae5456d8ee27133c42c244c81d150008ababc19399c7ed428638b57ea
4070,2019-09-17,37.45,37.84,37.05,37.25,181058,,,,,historical_baseline,,fe33df9ae5456d8ee27133c42c244c81d150008ababc19399c7ed428638b57ea
4070,2019-09-18,37.74,37.79,37.1,37.1,99779,,,,,historical_baseline,,fe33df9ae5456d8ee27133c42c244c81d150008ababc19399c7ed428638b57ea
4070,2019-09-19,37.35,37.55,36.85,37.0,110950,,,,,historical_baseline,,fe33df9ae5456d8ee27133c42c244c81d150008ababc19399c7ed428638b57ea
4070,2019-09-22,37.3,37.74,37.05,37.65,129820,,,,,historical_baseline,,fe33df9ae5456d8ee27133c42c244c81d150008ababc19399c7ed428638b57ea
4070,2019-09-24,37.74,37.99,37.55,37.65,113840,,,,,historical_baseline,,fe33df9ae5456d8ee27133c42c244c81d150008ababc19399c7ed428638b57ea
4070,2019-09-25,37.6,38.19,37.35,37.74,289379,,,,,historical_baseline,,fe33df9ae5456d8ee27133c42c244c81d150008ababc19399c7ed428638b57ea
4070,2019-09-26,37.74,38.09,37.45,37.65,237281,,,,,historical_baseline,,fe33df9ae5456d8ee27133c42c244c81d150008ababc19399c7ed428638b57ea
4070,2019-09-29,37.45,37.74,37.45,37.6,105552,,,,,historical_baseline,,fe33df9ae5456d8ee27133c42c244c81d150008ababc19399c7ed428638b57ea
4070,2019-09-30,37.55,37.94,37.55,37.94,113935,,,,,historical_baseline,,fe33df9ae5456d8ee27133c42c244c81d150008ababc19399c7ed428638b57ea
4080,2019-09-01,8.92,8.92,8.4,8.8,227649,,,,,historical_baseline,,fe33df9ae5456d8ee27133c42c244c81d150008ababc19399c7ed428638b57ea
4080,2019-09-02,8.78,8.85,8.75,8.79,256608,,,,,historical_baseline,,fe33df9ae5456d8ee27133c42c244c81d150008ababc19399c7ed428638b57ea
4080,2019-09-03,8.81,8.82,8.75,8.8,152777,,,,,historical_baseline,,fe33df9ae5456d8ee27133c42c244c81d150008ababc19399c7ed428638b57ea
4080,2019-09-04,8.8,8.88,8.8,8.88,188048,,,,,historical_baseline,,fe33df9ae5456d8ee27133c42c244c81d150008ababc19399c7ed428638b57ea
4080,2019-09-05,8.89,8.95,8.82,8.91,366007,,,,,historical_baseline,,fe33df9ae5456d8ee27133c42c244c81d150008ababc19399c7ed428638b57ea
4080,2019-09-08,8.91,9.05,8.89,8.98,344342,,,,,historical_baseline,,fe33df9ae5456d8ee27133c42c244c81d150008ababc19399c7ed428638b57ea
4080,2019-09-09,8.96,8.99,8.95,8.99,174529,,,,,historical_baseline,,fe33df9ae5456d8ee27133c42c244c81d150008ababc19399c7ed428638b57ea
4080,2019-09-10,8.95,9.0,8.85,8.95,316992,,,,,historical_baseline,,fe33df9ae5456d8ee27133c42c244c81d150008ababc19399c7ed428638b57ea
4080,2019-09-11,8.92,8.92,8.81,8.83,94697,,,,,historical_baseline,,fe33df9ae5456d8ee27133c42c244c81d150008ababc19399c7ed428638b57ea
4080,2019-09-12,8.88,8.88,8.75,8.75,163773,,,,,historical_baseline,,fe33df9ae5456d8ee27133c42c244c81d150008ababc19399c7ed428638b57ea
4080,2019-09-15,8.7,8.78,8.68,8.7,195037,,,,,historical_baseline,,fe33df9ae5456d8ee27133c42c244c81d150008ababc19399c7ed428638b57ea
4080,2019-09-16,8.79,8.79,8.7,8.79,265347,,,,,historical_baseline,,fe33df9ae5456d8ee27133c42c244c81d150008ababc19399c7ed428638b57ea
4080,2019-09-17,8.8,8.8,8.7,8.7,145911,,,,,historical_baseline,,fe33df9ae5456d8ee27133c42c244c81d150008ababc19399c7ed428638b57ea
4080,2019-09-18,8.8,8.8,8.72,8.76,111943,,,,,historical_baseline,,fe33df9ae5456d8ee27133c42c244c81d150008ababc19399c7ed428638b57ea
4080,2019-09-19,8.72,8.72,8.67,8.68,611598,,,,,historical_baseline,,fe33df9ae5456d8ee27133c42c244c81d150008ababc19399c7ed428638b57ea
4080,2019-09-22,8.68,8.74,8.68,8.73,198491,,,,,historical_baseline,,fe33df9ae5456d8ee27133c42c244c81d150008ababc19399c7ed428638b57ea
4080,2019-09-24,8.73,8.83,8.73,8.79,382773,,,,,historical_baseline,,fe33df9ae5456d8ee27133c42c244c81d150008ababc19399c7ed428638b57ea
4080,2019-09-25,8.78,9.0,8.77,8.92,681467,,,,,historical_baseline,,fe33df9ae5456d8ee27133c42c244c81d150008ababc19399c7ed428638b57ea
4080,2019-09-26,8.99,9.11,8.91,8.91,764841,,,,,historical_baseline,,fe33df9ae5456d8ee27133c42c244c81d150008ababc19399c7ed428638b57ea
4080,2019-09-29,9.02,9.05,8.97,8.97,135170,,,,,historical_baseline,,fe33df9ae5456d8ee27133c42c244c81d150008ababc19399c7ed428638b57ea
4080,2019-09-30,8.97,9.2,8.97,9.1,747897,,,,,historical_baseline,,fe33df9ae5456d8ee27133c42c244c81d150008ababc19399c7ed428638b57ea
4090,2019-09-01,28.35,28.6,28.3,28.6,82522,,,,,historical_baseline,,fe33df9ae5456d8ee27133c42c244c81d150008ababc19399c7ed428638b57ea
4090,2019-09-02,28.5,28.6,28.35,28.6,273045,,,,,historical_baseline,,fe33df9ae5456d8ee27133c42c244c81d150008ababc19399c7ed428638b57ea
4090,2019-09-03,28.6,28.6,28.4,28.4,89998,,,,,historical_baseline,,fe33df9ae5456d8ee27133c42c244c81d150008ababc19399c7ed428638b57ea
4090,2019-09-04,28.4,28.6,28.3,28.5,280442,,,,,historical_baseline,,fe33df9ae5456d8ee27133c42c244c81d150008ababc19399c7ed428638b57ea
4090,2019-09-05,28.6,28.6,28.5,28.5,154998,,,,,historical_baseline,,fe33df9ae5456d8ee27133c42c244c81d150008ababc19399c7ed428638b57ea
4090,2019-09-08,28.5,28.55,28.4,28.45,22545,,,,,historical_baseline,,fe33df9ae5456d8ee27133c42c244c81d150008ababc19399c7ed428638b57ea
4090,2019-09-09,28.35,28.35,28.25,28.35,58886,,,,,historical_baseline,,fe33df9ae5456d8ee27133c42c244c81d150008ababc19399c7ed428638b57ea
4090,2019-09-10,28.4,28.6,28.3,28.6,260851,,,,,historical_baseline,,fe33df9ae5456d8ee27133c42c244c81d150008ababc19399c7ed428638b57ea
4090,2019-09-11,28.5,28.6,28.25,28.25,135366,,,,,historical_baseline,,fe33df9ae5456d8ee27133c42c244c81d150008ababc19399c7ed428638b57ea
4090,2019-09-12,28.3,28.4,28.3,28.35,37134,,,,,historical_baseline,,fe33df9ae5456d8ee27133c42c244c81d150008ababc19399c7ed428638b57ea
4090,2019-09-15,28.15,28.6,28.05,28.55,415253,,,,,historical_baseline,,fe33df9ae5456d8ee27133c42c244c81d150008ababc19399c7ed428638b57ea
4090,2019-09-16,28.45,28.45,28.2,28.45,91758,,,,,historical_baseline,,fe33df9ae5456d8ee27133c42c244c81d150008ababc19399c7ed428638b57ea
4090,2019-09-17,28.45,28.45,28.25,28.3,27239,,,,,historical_baseline,,fe33df9ae5456d8ee27133c42c244c81d150008ababc19399c7ed428638b57ea
4090,2019-09-18,28.35,28.4,28.35,28.35,48468,,,,,historical_baseline,,fe33df9ae5456d8ee27133c42c244c81d150008ababc19399c7ed428638b57ea
4090,2019-09-19,28.3,28.55,28.2,28.55,144705,,,,,historical_baseline,,fe33df9ae5456d8ee27133c42c244c81d150008ababc19399c7ed428638b57ea
4090,2019-09-22,28.3,28.6,28.3,28.4,107328,,,,,historical_baseline,,fe33df9ae5456d8ee27133c42c244c81d150008ababc19399c7ed428638b57ea
4090,2019-09-24,28.35,28.9,28.35,28.75,284502,,,,,historical_baseline,,fe33df9ae5456d8ee27133c42c244c81d150008ababc19399c7ed428638b57ea
4090,2019-09-25,28.65,28.75,28.55,28.7,78015,,,,,historical_baseline,,fe33df9ae5456d8ee27133c42c244c81d150008ababc19399c7ed428638b57ea
4090,2019-09-26,28.65,28.75,28.55,28.7,319307,,,,,historical_baseline,,fe33df9ae5456d8ee27133c42c244c81d150008ababc19399c7ed428638b57ea
4090,2019-09-29,28.7,28.75,28.7,28.75,93735,,,,,historical_baseline,,fe33df9ae5456d8ee27133c42c244c81d150008ababc19399c7ed428638b57ea
4090,2019-09-30,28.6,28.9,28.6,28.85,625193,,,,,historical_baseline,,fe33df9ae5456d8ee27133c42c244c81d150008ababc19399c7ed428638b57ea
4100,2019-09-01,74.1,75.7,74.0,75.0,4787,,,,,historical_baseline,,fe33df9ae5456d8ee27133c42c244c81d150008ababc19399c7ed428638b57ea
4100,2019-09-02,75.0,75.0,74.0,74.5,19998,,,,,historical_baseline,,fe33df9ae5456d8ee27133c42c244c81d150008ababc19399c7ed428638b57ea
4100,2019-09-03,74.6,74.7,74.6,74.6,14594,,,,,historical_baseline,,fe33df9ae5456d8ee27133c42c244c81d150008ababc19399c7ed428638b57ea
4100,2019-09-04,74.6,75.2,74.5,75.2,6344,,,,,historical_baseline,,fe33df9ae5456d8ee27133c42c244c81d150008ababc19399c7ed428638b57ea
4100,2019-09-05,75.0,75.4,75.0,75.4,5528,,,,,historical_baseline,,fe33df9ae5456d8ee27133c42c244c81d150008ababc19399c7ed428638b57ea
4100,2019-09-08,74.9,75.0,74.6,75.0,5783,,,,,historical_baseline,,fe33df9ae5456d8ee27133c42c244c81d150008ababc19399c7ed428638b57ea
4100,2019-09-09,75.0,75.0,74.4,74.4,3115,,,,,historical_baseline,,fe33df9ae5456d8ee27133c42c244c81d150008ababc19399c7ed428638b57ea
4100,2019-09-10,74.2,74.3,74.0,74.0,6528,,,,,historical_baseline,,fe33df9ae5456d8ee27133c42c244c81d150008ababc19399c7ed428638b57ea
4100,2019-09-11,73.9,73.9,71.0,71.6,30380,,,,,historical_baseline,,fe33df9ae5456d8ee27133c42c244c81d150008ababc19399c7ed428638b57ea
4100,2019-09-12,72.0,72.4,72.0,72.0,17529,,,,,historical_baseline,,fe33df9ae5456d8ee27133c42c244c81d150008ababc19399c7ed428638b57ea
4100,2019-09-15,71.0,72.0,71.0,71.7,19328,,,,,historical_baseline,,fe33df9ae5456d8ee27133c42c244c81d150008ababc19399c7ed428638b57ea
4100,2019-09-16,71.7,72.0,70.5,70.5,6606,,,,,historical_baseline,,fe33df9ae5456d8ee27133c42c244c81d150008ababc19399c7ed428638b57ea
4100,2019-09-17,71.4,72.0,70.8,71.1,10181,,,,,historical_baseline,,fe33df9ae5456d8ee27133c42c244c81d150008ababc19399c7ed428638b57ea
4100,2019-09-18,71.1,71.7,71.0,71.2,6217,,,,,historical_baseline,,fe33df9ae5456d8ee27133c42c244c81d150008ababc19399c7ed428638b57ea
4100,2019-09-19,71.0,71.0,70.6,71.0,10417,,,,,historical_baseline,,fe33df9ae5456d8ee27133c42c244c81d150008ababc19399c7ed428638b57ea
4100,2019-09-22,71.5,71.9,71.0,71.4,7421,,,,,historical_baseline,,fe33df9ae5456d8ee27133c42c244c81d150008ababc19399c7ed428638b57ea
4100,2019-09-24,71.7,73.0,71.7,72.0,20773,,,,,historical_baseline,,fe33df9ae5456d8ee27133c42c244c81d150008ababc19399c7ed428638b57ea
4100,2019-09-25,71.9,72.7,71.9,72.2,8215,,,,,historical_baseline,,fe33df9ae5456d8ee27133c42c244c81d150008ababc19399c7ed428638b57ea
4100,2019-09-26,72.9,72.9,72.4,72.8,5783,,,,,historical_baseline,,fe33df9ae5456d8ee27133c42c244c81d150008ababc19399c7ed428638b57ea
4100,2019-09-29,72.8,72.8,72.2,72.5,8868,,,,,historical_baseline,,fe33df9ae5456d8ee27133c42c244c81d150008ababc19399c7ed428638b57ea
4100,2019-09-30,72.5,72.8,72.5,72.8,13512,,,,,historical_baseline,,fe33df9ae5456d8ee27133c42c244c81d150008ababc19399c7ed428638b57ea
4110,2019-09-01,1.78,1.8,1.77,1.79,899488,,,,,historical_baseline,,fe33df9ae5456d8ee27133c42c244c81d150008ababc19399c7ed428638b57ea
4110,2019-09-02,1.79,1.8,1.78,1.79,999515,,,,,historical_baseline,,fe33df9ae5456d8ee27133c42c244c81d150008ababc19399c7ed428638b57ea
4110,2019-09-03,1.79,1.8,1.76,1.78,1813869,,,,,historical_baseline,,fe33df9ae5456d8ee27133c42c244c81d150008ababc19399c7ed428638b57ea
4110,2019-09-04,1.78,1.85,1.78,1.85,3188113,,,,,historical_baseline,,fe33df9ae5456d8ee27133c42c244c81d150008ababc19399c7ed428638b57ea
4110,2019-09-05,1.85,1.86,1.81,1.81,2665389,,,,,historical_baseline,,fe33df9ae5456d8ee27133c42c244c81d150008ababc19399c7ed428638b57ea
4110,2019-09-08,1.99,1.99,1.91,1.93,17266778,,,,,historical_baseline,,fe33df9ae5456d8ee27133c42c244c81d150008ababc19399c7ed428638b57ea
4110,2019-09-09,1.94,1.95,1.91,1.92,4558523,,,,,historical_baseline,,fe33df9ae5456d8ee27133c42c244c81d150008ababc19399c7ed428638b57ea
4110,2019-09-10,1.93,1.98,1.89,1.9,6541500,,,,,historical_baseline,,fe33df9ae5456d8ee27133c42c244c81d150008ababc19399c7ed428638b57ea
4110,2019-09-11,1.89,2.01,1.85,1.94,9735516,,,,,historical_baseline,,fe33df9ae5456d8ee27133c42c244c81d150008ababc19399c7ed428638b57ea
4110,2019-09-12,1.93,2.11,1.93,2.04,21580176,,,,,historical_baseline,,fe33df9ae5456d8ee27133c42c244c81d150008ababc19399c7ed428638b57ea
4110,2019-09-15,2.01,2.1,1.99,2.07,8906397,,,,,historical_baseline,,fe33df9ae5456d8ee27133c42c244c81d150008ababc19399c7ed428638b57ea
4110,2019-09-16,2.06,2.11,2.01,2.01,7137028,,,,,historical_baseline,,fe33df9ae5456d8ee27133c42c244c81d150008ababc19399c7ed428638b57ea
4110,2019-09-17,2.04,2.07,2.0,2.02,6053698,,,,,historical_baseline,,fe33df9ae5456d8ee27133c42c244c81d150008ababc19399c7ed428638b57ea
4110,2019-09-18,2.04,2.08,2.03,2.06,4652026,,,,,historical_baseline,,fe33df9ae5456d8ee27133c42c244c81d150008ababc19399c7ed428638b57ea
4110,2019-09-19,2.04,2.07,2.04,2.04,3496290,,,,,historical_baseline,,fe33df9ae5456d8ee27133c42c244c81d150008ababc19399c7ed428638b57ea
4110,2019-09-22,2.07,2.08,2.05,2.06,6180533,,,,,historical_baseline,,fe33df9ae5456d8ee27133c42c244c81d150008ababc19399c7ed428638b57ea
4110,2019-09-24,2.07,2.07,2.05,2.06,5264911,,,,,historical_baseline,,fe33df9ae5456d8ee27133c42c244c81d150008ababc19399c7ed428638b57ea
4110,2019-09-25,2.07,2.1,2.06,2.07,8095034,,,,,historical_baseline,,fe33df9ae5456d8ee27133c42c244c81d150008ababc19399c7ed428638b57ea
4110,2019-09-26,2.07,2.1,2.04,2.05,5392255,,,,,historical_baseline,,fe33df9ae5456d8ee27133c42c244c81d150008ababc19399c7ed428638b57ea
4110,2019-09-29,2.06,2.07,2.04,2.05,2232955,,,,,historical_baseline,,fe33df9ae5456d8ee27133c42c244c81d150008ababc19399c7ed428638b57ea
4110,2019-09-30,2.06,2.06,2.04,2.05,2099422,,,,,historical_baseline,,fe33df9ae5456d8ee27133c42c244c81d150008ababc19399c7ed428638b57ea
4130,2019-09-01,1.58,1.58,1.51,1.52,41396402,,,,,historical_baseline,,fe33df9ae5456d8ee27133c42c244c81d150008ababc19399c7ed428638b57ea
4130,2019-09-02,1.52,1.59,1.52,1.56,41524402,,,,,historical_baseline,,fe33df9ae5456d8ee27133c42c244c81d150008ababc19399c7ed428638b57ea
4130,2019-09-03,1.57,1.57,1.55,1.55,14894642,,,,,historical_baseline,,fe33df9ae5456d8ee27133c42c244c81d150008ababc19399c7ed428638b57ea
4130,2019-09-04,1.55,1.65,1.55,1.59,86885599,,,,,historical_baseline,,fe33df9ae5456d8ee27133c42c244c81d150008ababc19399c7ed428638b57ea
4130,2019-09-05,1.59,1.61,1.58,1.59,33579457,,,,,historical_baseline,,fe33df9ae5456d8ee27133c42c244c81d150008ababc19399c7ed428638b57ea
4130,2019-09-08,1.6,1.6,1.58,1.58,22393051,,,,,historical_baseline,,fe33df9ae5456d8ee27133c42c244c81d150008ababc19399c7ed428638b57ea
4130,2019-09-09,1.58,1.58,1.56,1.56,29258300,,,,,historical_baseline,,fe33df9ae5456d8ee27133c42c244c81d150008ababc19399c7ed428638b57ea
4130,2019-09-10,1.56,1.56,1.53,1.53,30167422,,,,,historical_baseline,,fe33df9ae5456d8ee27133c42c244c81d150008ababc19399c7ed428638b57ea
4130,2019-09-11,1.52,1.52,1.46,1.49,28275057,,,,,historical_baseline,,fe33df9ae5456d8ee27133c42c244c81d150008ababc19399c7ed428638b57ea
4130,2019-09-12,1.49,1.52,1.49,1.51,26837324,,,,,historical_baseline,,fe33df9ae5456d8ee27133c42c244c81d150008ababc19399c7ed428638b57ea
4130,2019-09-15,1.46,1.49,1.45,1.48,42593769,,,,,historical_baseline,,fe33df9ae5456d8ee27133c42c244c81d150008ababc19399c7ed428638b57ea
4130,2019-09-16,1.51,1.51,1.46,1.47,23540726,,,,,historical_baseline,,fe33df9ae5456d8ee27133c42c244c81d150008ababc19399c7ed428638b57ea
4130,2019-09-17,1.47,1.49,1.46,1.47,19817275,,,,,historical_baseline,,fe33df9ae5456d8ee27133c42c244c81d150008ababc19399c7ed428638b57ea
4130,2019-09-18,1.48,1.48,1.46,1.47,27722996,,,,,historical_baseline,,fe33df9ae5456d8ee27133c42c244c81d150008ababc19399c7ed428638b57ea
4130,2019-09-19,1.48,1.55,1.48,1.48,147841741,,,,,historical_baseline,,fe33df9ae5456d8ee27133c42c244c81d150008ababc19399c7ed428638b57ea
4130,2019-09-22,1.49,1.51,1.49,1.51,31314678,,,,,historical_baseline,,fe33df9ae5456d8ee27133c42c244c81d150008ababc19399c7ed428638b57ea
4130,2019-09-24,1.51,1.52,1.5,1.5,33428984,,,,,historical_baseline,,fe33df9ae5456d8ee27133c42c244c81d150008ababc19399c7ed428638b57ea
4130,2019-09-25,1.5,1.51,1.49,1.49,25041692,,,,,historical_baseline,,fe33df9ae5456d8ee27133c42c244c81d150008ababc19399c7ed428638b57ea
4130,2019-09-26,1.49,1.5,1.48,1.49,27043213,,,,,historical_baseline,,fe33df9ae5456d8ee27133c42c244c81d150008ababc19399c7ed428638b57ea
4130,2019-09-29,1.5,1.53,1.49,1.5,71467231,,,,,historical_baseline,,fe33df9ae5456d8ee27133c42c244c81d150008ababc19399c7ed428638b57ea
4130,2019-09-30,1.5,1.53,1.49,1.53,88504097,,,,,historical_baseline,,fe33df9ae5456d8ee27133c42c244c81d150008ababc19399c7ed428638b57ea
4140,2019-09-01,26.23,26.23,25.12,25.16,416685,,,,,historical_baseline,,fe33df9ae5456d8ee27133c42c244c81d150008ababc19399c7ed428638b57ea
4140,2019-09-02,25.2,25.99,25.04,25.79,580961,,,,,historical_baseline,,fe33df9ae5456d8ee27133c42c244c81d150008ababc19399c7ed428638b57ea
4140,2019-09-03,25.99,25.99,25.44,25.44,335845,,,,,historical_baseline,,fe33df9ae5456d8ee27133c42c244c81d150008ababc19399c7ed428638b57ea
4140,2019-09-04,25.44,25.83,25.44,25.79,324985,,,,,historical_baseline,,fe33df9ae5456d8ee27133c42c244c81d150008ababc19399c7ed428638b57ea
4140,2019-09-05,25.79,25.95,25.63,25.63,289716,,,,,historical_baseline,,fe33df9ae5456d8ee27133c42c244c81d150008ababc19399c7ed428638b57ea
4140,2019-09-08,25.87,25.95,25.67,25.67,125479,,,,,historical_baseline,,fe33df9ae5456d8ee27133c42c244c81d150008ababc19399c7ed428638b57ea
4140,2019-09-09,25.87,25.91,25.63,25.63,113288,,,,,historical_baseline,,fe33df9ae5456d8ee27133c42c244c81d150008ababc19399c7ed428638b57ea
4140,2019-09-10,25.59,26.15,25.4,25.63,753481,,,,,historical_baseline,,fe33df9ae5456d8ee27133c42c244c81d150008ababc19399c7ed428638b57ea
4140,2019-09-11,25.79,25.79,25.0,25.24,242272,,,,,historical_baseline,,fe33df9ae5456d8ee27133c42c244c81d150008ababc19399c7ed428638b57ea
4140,2019-09-12,25.28,25.63,25.2,25.52,272025,,,,,historical_baseline,,fe33df9ae5456d8ee27133c42c244c81d150008ababc19399c7ed428638b57ea
4140,2019-09-15,24.72,25.24,24.64,24.72,324746,,,,,historical_baseline,,fe33df9ae5456d8ee27133c42c244c81d150008ababc19399c7ed428638b57ea
4140,2019-09-16,25.0,25.0,24.44,24.64,426536,,,,,historical_baseline,,fe33df9ae5456d8ee27133c42c244c81d150008ababc19399c7ed428638b57ea
4140,2019-09-17,24.68,24.96,24.4,24.64,423096,,,,,historical_baseline,,fe33df9ae5456d8ee27133c42c244c81d150008ababc19399c7ed428638b57ea
4140,2019-09-18,24.76,25.04,24.68,24.76,374940,,,,,historical_baseline,,fe33df9ae5456d8ee27133c42c244c81d150008ababc19399c7ed428638b57ea
4140,2019-09-19,24.68,24.84,24.28,24.6,357949,,,,,historical_baseline,,fe33df9ae5456d8ee27133c42c244c81d150008ababc19399c7ed428638b57ea
4140,2019-09-22,24.64,25.36,24.64,24.68,472281,,,,,historical_baseline,,fe33df9ae5456d8ee27133c42c244c81d150008ababc19399c7ed428638b57ea
4140,2019-09-24,24.88,25.16,24.88,25.04,239786,,,,,historical_baseline,,fe33df9ae5456d8ee27133c42c244c81d150008ababc19399c7ed428638b57ea
4140,2019-09-25,25.08,25.12,24.76,24.92,342872,,,,,historical_baseline,,fe33df9ae5456d8ee27133c42c244c81d150008ababc19399c7ed428638b57ea
4140,2019-09-26,24.88,25.52,24.8,24.96,1138889,,,,,historical_baseline,,fe33df9ae5456d8ee27133c42c244c81d150008ababc19399c7ed428638b57ea
4140,2019-09-29,25.04,25.32,25.04,25.12,228725,,,,,historical_baseline,,fe33df9ae5456d8ee27133c42c244c81d150008ababc19399c7ed428638b57ea
4140,2019-09-30,25.2,25.28,25.08,25.12,203051,,,,,historical_baseline,,fe33df9ae5456d8ee27133c42c244c81d150008ababc19399c7ed428638b57ea
4150,2019-09-01,15.66,15.66,15.5,15.5,227201,,,,,historical_baseline,,fe33df9ae5456d8ee27133c42c244c81d150008ababc19399c7ed428638b57ea
4150,2019-09-02,15.52,15.7,15.5,15.64,154582,,,,,historical_baseline,,fe33df9ae5456d8ee27133c42c244c81d150008ababc19399c7ed428638b57ea
4150,2019-09-03,15.64,15.64,15.5,15.52,198591,,,,,historical_baseline,,fe33df9ae5456d8ee27133c42c244c81d150008ababc19399c7ed428638b57ea
4150,2019-09-04,15.54,15.72,15.48,15.72,201023,,,,,historical_baseline,,fe33df9ae5456d8ee27133c42c244c81d150008ababc19399c7ed428638b57ea
4150,2019-09-05,15.72,15.96,15.72,15.82,489024,,,,,historical_baseline,,fe33df9ae5456d8ee27133c42c244c81d150008ababc19399c7ed428638b57ea
4150,2019-09-08,15.84,15.96,15.82,15.86,1056280,,,,,historical_baseline,,fe33df9ae5456d8ee27133c42c244c81d150008ababc19399c7ed428638b57ea
4150,2019-09-09,15.86,16.04,15.86,15.94,1133555,,,,,historical_baseline,,fe33df9ae5456d8ee27133c42c244c81d150008ababc19399c7ed428638b57ea
4150,2019-09-10,15.32,15.52,15.32,15.42,948714,,,,,historical_baseline,,fe33df9ae5456d8ee27133c42c244c81d150008ababc19399c7ed428638b57ea
4150,2019-09-11,15.36,15.36,15.24,15.24,367258,,,,,historical_baseline,,fe33df9ae5456d8ee27133c42c244c81d150008ababc19399c7ed428638b57ea
4150,2019-09-12,15.24,15.3,15.2,15.3,401487,,,,,historical_baseline,,fe33df9ae5456d8ee27133c42c244c81d150008ababc19399c7ed428638b57ea
4150,2019-09-15,15.08,15.18,15.04,15.1,231513,,,,,historical_baseline,,fe33df9ae5456d8ee27133c42c244c81d150008ababc19399c7ed428638b57ea
4150,2019-09-16,15.16,15.2,15.06,15.2,240300,,,,,historical_baseline,,fe33df9ae5456d8ee27133c42c244c81d150008ababc19399c7ed428638b57ea
4150,2019-09-17,15.18,15.18,15.0,15.04,555244,,,,,historical_baseline,,fe33df9ae5456d8ee27133c42c244c81d150008ababc19399c7ed428638b57ea
4150,2019-09-18,15.08,15.12,15.06,15.08,108834,,,,,historical_baseline,,fe33df9ae5456d8ee27133c42c244c81d150008ababc19399c7ed428638b57ea
4150,2019-09-19,15.04,15.1,14.96,15.0,860495,,,,,historical_baseline,,fe33df9ae5456d8ee27133c42c244c81d150008ababc19399c7ed428638b57ea
4150,2019-09-22,15.04,15.06,14.98,14.98,119992,,,,,historical_baseline,,fe33df9ae5456d8ee27133c42c244c81d150008ababc19399c7ed428638b57ea
4150,2019-09-24,15.06,15.12,15.0,15.12,345043,,,,,historical_baseline,,fe33df9ae5456d8ee27133c42c244c81d150008ababc19399c7ed428638b57ea
4150,2019-09-25,15.12,15.12,14.96,14.98,499081,,,,,historical_baseline,,fe33df9ae5456d8ee27133c42c244c81d150008ababc19399c7ed428638b57ea
4150,2019-09-26,14.98,15.06,14.94,14.94,249300,,,,,historical_baseline,,fe33df9ae5456d8ee27133c42c244c81d150008ababc19399c7ed428638b57ea
4150,2019-09-29,14.94,15.0,14.9,15.0,209765,,,,,historical_baseline,,fe33df9ae5456d8ee27133c42c244c81d150008ababc19399c7ed428638b57ea
4150,2019-09-30,15.02,15.08,15.02,15.06,210315,,,,,historical_baseline,,fe33df9ae5456d8ee27133c42c244c81d150008ababc19399c7ed428638b57ea
4160,2019-09-01,54.66,55.27,51.66,55.27,113206,,,,,historical_baseline,,fe33df9ae5456d8ee27133c42c244c81d150008ababc19399c7ed428638b57ea
4160,2019-09-02,55.02,55.93,54.81,55.83,106219,,,,,historical_baseline,,fe33df9ae5456d8ee27133c42c244c81d150008ababc19399c7ed428638b57ea
4160,2019-09-03,55.02,55.78,55.02,55.22,86712,,,,,historical_baseline,,fe33df9ae5456d8ee27133c42c244c81d150008ababc19399c7ed428638b57ea
4160,2019-09-04,55.22,55.53,54.76,55.27,93628,,,,,historical_baseline,,fe33df9ae5456d8ee27133c42c244c81d150008ababc19399c7ed428638b57ea
4160,2019-09-05,55.27,55.48,54.25,54.25,164187,,,,,historical_baseline,,fe33df9ae5456d8ee27133c42c244c81d150008ababc19399c7ed428638b57ea
4160,2019-09-08,54.36,55.07,53.49,54.71,161708,,,,,historical_baseline,,fe33df9ae5456d8ee27133c42c244c81d150008ababc19399c7ed428638b57ea
4160,2019-09-09,54.76,54.76,54.05,54.46,28189,,,,,historical_baseline,,fe33df9ae5456d8ee27133c42c244c81d150008ababc19399c7ed428638b57ea
4160,2019-09-10,53.8,53.85,52.62,53.13,126347,,,,,historical_baseline,,fe33df9ae5456d8ee27133c42c244c81d150008ababc19399c7ed428638b57ea
4160,2019-09-11,51.86,52.32,50.23,50.43,397908,,,,,historical_baseline,,fe33df9ae5456d8ee27133c42c244c81d150008ababc19399c7ed428638b57ea
4160,2019-09-12,50.43,50.94,50.08,50.48,302945,,,,,historical_baseline,,fe33df9ae5456d8ee27133c42c244c81d150008ababc19399c7ed428638b57ea
4160,2019-09-15,48.4,50.18,48.4,49.87,87036,,,,,historical_baseline,,fe33df9ae5456d8ee27133c42c244c81d150008ababc19399c7ed428638b57ea
4160,2019-09-16,50.18,50.89,49.06,50.89,112727,,,,,historical_baseline,,fe33df9ae5456d8ee27133c42c244c81d150008ababc19399c7ed428638b57ea
4160,2019-09-17,50.69,51.15,50.18,50.69,189610,,,,,historical_baseline,,fe33df9ae5456d8ee27133c42c244c81d150008ababc19399c7ed428638b57ea
4160,2019-09-18,50.69,51.4,49.16,50.69,202491,,,,,historical_baseline,,fe33df9ae5456d8ee27133c42c244c81d150008ababc19399c7ed428638b57ea
4160,2019-09-19,50.03,52.06,49.26,49.92,1778763,,,,,historical_baseline,,fe33df9ae5456d8ee27133c42c244c81d150008ababc19399c7ed428638b57ea
4160,2019-09-22,49.92,49.92,49.92,49.92,0,,,,,historical_baseline,,fe33df9ae5456d8ee27133c42c244c81d150008ababc19399c7ed428638b57ea
4160,2019-09-24,49.92,49.92,49.92,49.92,0,,,,,historical_baseline,,fe33df9ae5456d8ee27133c42c244c81d150008ababc19399c7ed428638b57ea
4160,2019-09-25,49.92,49.92,49.92,49.92,0,,,,,historical_baseline,,fe33df9ae5456d8ee27133c42c244c81d150008ababc19399c7ed428638b57ea
4160,2019-09-26,49.92,49.92,49.92,49.92,0,,,,,historical_baseline,,fe33df9ae5456d8ee27133c42c244c81d150008ababc19399c7ed428638b57ea
4160,2019-09-29,49.92,49.92,49.92,49.92,0,,,,,historical_baseline,,fe33df9ae5456d8ee27133c42c244c81d150008ababc19399c7ed428638b57ea
4160,2019-09-30,49.92,49.92,49.92,49.92,0,,,,,historical_baseline,,fe33df9ae5456d8ee27133c42c244c81d150008ababc19399c7ed428638b57ea
4170,2019-09-01,6.67,6.67,6.53,6.54,3409837,,,,,historical_baseline,,fe33df9ae5456d8ee27133c42c244c81d150008ababc19399c7ed428638b57ea
4170,2019-09-02,6.61,6.62,6.54,6.62,2588945,,,,,historical_baseline,,fe33df9ae5456d8ee27133c42c244c81d150008ababc19399c7ed428638b57ea
4170,2019-09-03,6.65,6.76,6.61,6.67,5169081,,,,,historical_baseline,,fe33df9ae5456d8ee27133c42c244c81d150008ababc19399c7ed428638b57ea
4170,2019-09-04,6.65,6.73,6.65,6.7,3402162,,,,,historical_baseline,,fe33df9ae5456d8ee27133c42c244c81d150008ababc19399c7ed428638b57ea
4170,2019-09-05,6.71,6.76,6.71,6.73,4804885,,,,,historical_baseline,,fe33df9ae5456d8ee27133c42c244c81d150008ababc19399c7ed428638b57ea
4170,2019-09-08,6.72,6.76,6.72,6.75,3096163,,,,,historical_baseline,,fe33df9ae5456d8ee27133c42c244c81d150008ababc19399c7ed428638b57ea
4170,2019-09-09,6.82,6.82,6.78,6.78,2542428,,,,,historical_baseline,,fe33df9ae5456d8ee27133c42c244c81d150008ababc19399c7ed428638b57ea
4170,2019-09-10,6.82,6.82,6.55,6.67,3789983,,,,,historical_baseline,,fe33df9ae5456d8ee27133c42c244c81d150008ababc19399c7ed428638b57ea
4170,2019-09-11,6.58,6.58,6.44,6.46,3835232,,,,,historical_baseline,,fe33df9ae5456d8ee27133c42c244c81d150008ababc19399c7ed428638b57ea
4170,2019-09-12,6.53,6.64,6.47,6.53,2010316,,,,,historical_baseline,,fe33df9ae5456d8ee27133c42c244c81d150008ababc19399c7ed428638b57ea
4170,2019-09-15,6.47,6.53,6.47,6.5,1571306,,,,,historical_baseline,,fe33df9ae5456d8ee27133c42c244c81d150008ababc19399c7ed428638b57ea
4170,2019-09-16,6.51,6.58,6.38,6.4,4322962,,,,,historical_baseline,,fe33df9ae5456d8ee27133c42c244c81d150008ababc19399c7ed428638b57ea
4170,2019-09-17,6.4,6.41,6.35,6.4,4476061,,,,,historical_baseline,,fe33df9ae5456d8ee27133c42c244c81d150008ababc19399c7ed428638b57ea
4170,2019-09-18,6.44,6.47,6.3,6.32,6911307,,,,,historical_baseline,,fe33df9ae5456d8ee27133c42c244c81d150008ababc19399c7ed428638b57ea
4170,2019-09-19,6.94,6.95,6.82,6.95,16210808,,,,,historical_baseline,,fe33df9ae5456d8ee27133c42c244c81d150008ababc19399c7ed428638b57ea
4170,2019-09-22,7.25,7.64,7.14,7.31,58307534,,,,,historical_baseline,,fe33df9ae5456d8ee27133c42c244c81d150008ababc19399c7ed428638b57ea
4170,2019-09-24,7.34,7.42,7.2,7.26,23668041,,,,,historical_baseline,,fe33df9ae5456d8ee27133c42c244c81d150008ababc19399c7ed428638b57ea
4170,2019-09-25,7.23,7.37,7.19,7.2,10678999,,,,,historical_baseline,,fe33df9ae5456d8ee27133c42c244c81d150008ababc19399c7ed428638b57ea
4170,2019-09-26,7.2,7.22,7.05,7.07,14667598,,,,,historical_baseline,,fe33df9ae5456d8ee27133c42c244c81d150008ababc19399c7ed428638b57ea
4170,2019-09-29,7.09,7.19,7.09,7.11,8514782,,,,,historical_baseline,,fe33df9ae5456d8ee27133c42c244c81d150008ababc19399c7ed428638b57ea
4170,2019-09-30,7.13,7.19,7.13,7.13,6378194,,,,,historical_baseline,,fe33df9ae5456d8ee27133c42c244c81d150008ababc19399c7ed428638b57ea
4180,2019-09-01,2.2,2.2,2.2,2.2,62750,,,,,historical_baseline,,fe33df9ae5456d8ee27133c42c244c81d150008ababc19399c7ed428638b57ea
4180,2019-09-02,2.2,2.22,2.2,2.22,103770,,,,,historical_baseline,,fe33df9ae5456d8ee27133c42c244c81d150008ababc19399c7ed428638b57ea
4180,2019-09-03,2.22,2.22,2.21,2.21,90805,,,,,historical_baseline,,fe33df9ae5456d8ee27133c42c244c81d150008ababc19399c7ed428638b57ea
4180,2019-09-04,2.2,2.23,2.2,2.23,158450,,,,,historical_baseline,,fe33df9ae5456d8ee27133c42c244c81d150008ababc19399c7ed428638b57ea
4180,2019-09-05,2.23,2.26,2.2,2.2,601690,,,,,historical_baseline,,fe33df9ae5456d8ee27133c42c244c81d150008ababc19399c7ed428638b57ea
4180,2019-09-08,2.22,2.22,2.21,2.22,227910,,,,,historical_baseline,,fe33df9ae5456d8ee27133c42c244c81d150008ababc19399c7ed428638b57ea
4180,2019-09-09,2.21,2.22,2.21,2.22,111760,,,,,historical_baseline,,fe33df9ae5456d8ee27133c42c244c81d150008ababc19399c7ed428638b57ea
4180,2019-09-10,2.22,2.22,2.2,2.2,241640,,,,,historical_baseline,,fe33df9ae5456d8ee27133c42c244c81d150008ababc19399c7ed428638b57ea
4180,2019-09-11,2.2,2.2,2.19,2.19,155355,,,,,historical_baseline,,fe33df9ae5456d8ee27133c42c244c81d150008ababc19399c7ed428638b57ea
4180,2019-09-12,2.19,2.2,2.16,2.16,416555,,,,,historical_baseline,,fe33df9ae5456d8ee27133c42c244c81d150008ababc19399c7ed428638b57ea
4180,2019-09-15,2.14,2.18,2.13,2.18,416300,,,,,historical_baseline,,fe33df9ae5456d8ee27133c42c244c81d150008ababc19399c7ed428638b57ea
4180,2019-09-16,2.16,2.16,2.16,2.16,110470,,,,,historical_baseline,,fe33df9ae5456d8ee27133c42c244c81d150008ababc19399c7ed428638b57ea
4180,2019-09-17,2.17,2.17,2.14,2.14,232790,,,,,historical_baseline,,fe33df9ae5456d8ee27133c42c244c81d150008ababc19399c7ed428638b57ea
4180,2019-09-18,2.16,2.16,2.16,2.16,185505,,,,,historical_baseline,,fe33df9ae5456d8ee27133c42c244c81d150008ababc19399c7ed428638b57ea
4180,2019-09-19,2.17,2.17,2.16,2.16,100440,,,,,historical_baseline,,fe33df9ae5456d8ee27133c42c244c81d150008ababc19399c7ed428638b57ea
4180,2019-09-22,2.17,2.18,2.17,2.17,154905,,,,,historical_baseline,,fe33df9ae5456d8ee27133c42c244c81d150008ababc19399c7ed428638b57ea
4180,2019-09-24,2.18,2.2,2.18,2.2,158705,,,,,historical_baseline,,fe33df9ae5456d8ee27133c42c244c81d150008ababc19399c7ed428638b57ea
4180,2019-09-25,2.21,2.26,2.21,2.23,1313050,,,,,historical_baseline,,fe33df9ae5456d8ee27133c42c244c81d150008ababc19399c7ed428638b57ea
4180,2019-09-26,2.23,2.24,2.22,2.24,532920,,,,,historical_baseline,,fe33df9ae5456d8ee27133c42c244c81d150008ababc19399c7ed428638b57ea
4180,2019-09-29,2.24,2.25,2.22,2.24,297145,,,,,historical_baseline,,fe33df9ae5456d8ee27133c42c244c81d150008ababc19399c7ed428638b57ea
4180,2019-09-30,2.26,2.26,2.23,2.24,438165,,,,,historical_baseline,,fe33df9ae5456d8ee27133c42c244c81d150008ababc19399c7ed428638b57ea
4190,2019-09-01,15.54,15.92,15.46,15.48,1063030,,,,,historical_baseline,,fe33df9ae5456d8ee27133c42c244c81d150008ababc19399c7ed428638b57ea
4190,2019-09-02,15.6,15.6,15.4,15.52,1972170,,,,,historical_baseline,,fe33df9ae5456d8ee27133c42c244c81d150008ababc19399c7ed428638b57ea
4190,2019-09-03,15.6,15.6,15.38,15.38,1113670,,,,,historical_baseline,,fe33df9ae5456d8ee27133c42c244c81d150008ababc19399c7ed428638b57ea
4190,2019-09-04,15.38,15.8,15.38,15.8,2223100,,,,,historical_baseline,,fe33df9ae5456d8ee27133c42c244c81d150008ababc19399c7ed428638b57ea
4190,2019-09-05,15.84,15.94,15.82,15.92,1402000,,,,,historical_baseline,,fe33df9ae5456d8ee27133c42c244c81d150008ababc19399c7ed428638b57ea
4190,2019-09-08,16.0,16.12,15.94,16.0,1210140,,,,,historical_baseline,,fe33df9ae5456d8ee27133c42c244c81d150008ababc19399c7ed428638b57ea
4190,2019-09-09,16.06,16.18,15.96,16.18,702660,,,,,historical_baseline,,fe33df9ae5456d8ee27133c42c244c81d150008ababc19399c7ed428638b57ea
4190,2019-09-10,16.18,16.3,16.1,16.24,1740610,,,,,historical_baseline,,fe33df9ae5456d8ee27133c42c244c81d150008ababc19399c7ed428638b57ea
4190,2019-09-11,16.12,16.16,15.86,16.16,1618390,,,,,historical_baseline,,fe33df9ae5456d8ee27133c42c244c81d150008ababc19399c7ed428638b57ea
4190,2019-09-12,16.08,16.16,16.04,16.16,1330120,,,,,historical_baseline,,fe33df9ae5456d8ee27133c42c244c81d150008ababc19399c7ed428638b57ea
4190,2019-09-15,15.86,16.0,15.74,15.92,3955570,,,,,historical_baseline,,fe33df9ae5456d8ee27133c42c244c81d150008ababc19399c7ed428638b57ea
4190,2019-09-16,16.0,16.12,15.88,16.0,1976540,,,,,historical_baseline,,fe33df9ae5456d8ee27133c42c244c81d150008ababc19399c7ed428638b57ea
4190,2019-09-17,16.0,16.02,15.9,15.94,1216520,,,,,historical_baseline,,fe33df9ae5456d8ee27133c42c244c81d150008ababc19399c7ed428638b57ea
4190,2019-09-18,16.06,16.06,15.82,15.9,567910,,,,,historical_baseline,,fe33df9ae5456d8ee27133c42c244c81d150008ababc19399c7ed428638b57ea
4190,2019-09-19,15.88,15.96,15.76,15.96,10858340,,,,,historical_baseline,,fe33df9ae5456d8ee27133c42c244c81d150008ababc19399c7ed428638b57ea
4190,2019-09-22,15.96,16.04,15.86,15.9,428780,,,,,historical_baseline,,fe33df9ae5456d8ee27133c42c244c81d150008ababc19399c7ed428638b57ea
4190,2019-09-24,15.92,16.0,15.86,15.88,1838490,,,,,historical_baseline,,fe33df9ae5456d8ee27133c42c244c81d150008ababc19399c7ed428638b57ea
4190,2019-09-25,15.88,15.88,15.66,15.76,994270,,,,,historical_baseline,,fe33df9ae5456d8ee27133c42c244c81d150008ababc19399c7ed428638b57ea
4190,2019-09-26,15.78,15.82,15.7,15.72,489990,,,,,historical_baseline,,fe33df9ae5456d8ee27133c42c244c81d150008ababc19399c7ed428638b57ea
4190,2019-09-29,15.8,15.86,15.72,15.86,211680,,,,,historical_baseline,,fe33df9ae5456d8ee27133c42c244c81d150008ababc19399c7ed428638b57ea
4190,2019-09-30,15.84,15.92,15.8,15.8,2071280,,,,,historical_baseline,,fe33df9ae5456d8ee27133c42c244c81d150008ababc19399c7ed428638b57ea
4200,2019-09-01,36.08,38.24,36.0,37.12,2775848,,,,,historical_baseline,,fe33df9ae5456d8ee27133c42c244c81d150008ababc19399c7ed428638b57ea
4200,2019-09-02,37.12,37.48,35.84,36.28,1130771,,,,,historical_baseline,,fe33df9ae5456d8ee27133c42c244c81d150008ababc19399c7ed428638b57ea
4200,2019-09-03,36.36,37.76,36.0,36.2,1798938,,,,,historical_baseline,,fe33df9ae5456d8ee27133c42c244c81d150008ababc19399c7ed428638b57ea
4200,2019-09-04,36.32,36.92,35.84,36.64,1019338,,,,,historical_baseline,,fe33df9ae5456d8ee27133c42c244c81d150008ababc19399c7ed428638b57ea
4200,2019-09-05,36.8,37.2,36.28,36.32,1253157,,,,,historical_baseline,,fe33df9ae5456d8ee27133c42c244c81d150008ababc19399c7ed428638b57ea
4200,2019-09-08,36.52,37.32,36.16,37.2,1113116,,,,,historical_baseline,,fe33df9ae5456d8ee27133c42c244c81d150008ababc19399c7ed428638b57ea
4200,2019-09-09,37.28,38.0,37.2,37.76,1656153,,,,,historical_baseline,,fe33df9ae5456d8ee27133c42c244c81d150008ababc19399c7ed428638b57ea
4200,2019-09-10,37.92,38.0,37.28,37.44,699513,,,,,historical_baseline,,fe33df9ae5456d8ee27133c42c244c81d150008ababc19399c7ed428638b57ea
4200,2019-09-11,37.28,37.36,36.56,37.36,642226,,,,,historical_baseline,,fe33df9ae5456d8ee27133c42c244c81d150008ababc19399c7ed428638b57ea
4200,2019-09-12,37.4,39.0,36.88,37.12,1463040,,,,,historical_baseline,,fe33df9ae5456d8ee27133c42c244c81d150008ababc19399c7ed428638b57ea
4200,2019-09-15,36.36,37.28,35.84,36.44,1121180,,,,,historical_baseline,,fe33df9ae5456d8ee27133c42c244c81d150008ababc19399c7ed428638b57ea
4200,2019-09-16,36.64,37.04,35.84,36.32,757535,,,,,historical_baseline,,fe33df9ae5456d8ee27133c42c244c81d150008ababc19399c7ed428638b57ea
4200,2019-09-17,36.12,36.72,36.0,36.16,504158,,,,,historical_baseline,,fe33df9ae5456d8ee27133c42c244c81d150008ababc19399c7ed428638b57ea
4200,2019-09-18,36.76,36.92,36.32,36.8,633065,,,,,historical_baseline,,fe33df9ae5456d8ee27133c42c244c81d150008ababc19399c7ed428638b57ea
4200,2019-09-19,36.8,36.8,36.0,36.0,890831,,,,,historical_baseline,,fe33df9ae5456d8ee27133c42c244c81d150008ababc19399c7ed428638b57ea
4200,2019-09-22,36.08,36.76,36.08,36.44,340872,,,,,historical_baseline,,fe33df9ae5456d8ee27133c42c244c81d150008ababc19399c7ed428638b57ea
4200,2019-09-24,36.64,38.04,36.56,37.8,1651605,,,,,historical_baseline,,fe33df9ae5456d8ee27133c42c244c81d150008ababc19399c7ed428638b57ea
4200,2019-09-25,37.64,37.8,37.36,37.6,648090,,,,,historical_baseline,,fe33df9ae5456d8ee27133c42c244c81d150008ababc19399c7ed428638b57ea
4200,2019-09-26,37.6,37.68,37.24,37.4,175778,,,,,historical_baseline,,fe33df9ae5456d8ee27133c42c244c81d150008ababc19399c7ed428638b57ea
4200,2019-09-29,37.44,38.28,37.4,38.12,388678,,,,,historical_baseline,,fe33df9ae5456d8ee27133c42c244c81d150008ababc19399c7ed428638b57ea
4200,2019-09-30,37.88,38.88,37.88,38.24,590628,,,,,historical_baseline,,fe33df9ae5456d8ee27133c42c244c81d150008ababc19399c7ed428638b57ea
4210,2019-09-01,90.0,90.1,86.0,88.6,32042,,,,,historical_baseline,,fe33df9ae5456d8ee27133c42c244c81d150008ababc19399c7ed428638b57ea
4210,2019-09-02,88.2,90.3,88.0,90.0,43468,,,,,historical_baseline,,fe33df9ae5456d8ee27133c42c244c81d150008ababc19399c7ed428638b57ea
4210,2019-09-03,90.4,90.4,88.6,88.6,22364,,,,,historical_baseline,,fe33df9ae5456d8ee27133c42c244c81d150008ababc19399c7ed428638b57ea
4210,2019-09-04,88.5,90.0,88.5,90.0,35153,,,,,historical_baseline,,fe33df9ae5456d8ee27133c42c244c81d150008ababc19399c7ed428638b57ea
4210,2019-09-05,90.0,90.5,89.6,89.9,24209,,,,,historical_baseline,,fe33df9ae5456d8ee27133c42c244c81d150008ababc19399c7ed428638b57ea
4210,2019-09-08,90.0,90.0,88.8,89.0,31750,,,,,historical_baseline,,fe33df9ae5456d8ee27133c42c244c81d150008ababc19399c7ed428638b57ea
4210,2019-09-09,88.8,89.8,88.5,89.8,31308,,,,,historical_baseline,,fe33df9ae5456d8ee27133c42c244c81d150008ababc19399c7ed428638b57ea
4210,2019-09-10,89.3,89.5,88.5,89.2,12284,,,,,historical_baseline,,fe33df9ae5456d8ee27133c42c244c81d150008ababc19399c7ed428638b57ea
4210,2019-09-11,88.0,88.5,87.0,87.9,18276,,,,,historical_baseline,,fe33df9ae5456d8ee27133c42c244c81d150008ababc19399c7ed428638b57ea
4210,2019-09-12,88.0,89.9,88.0,89.9,27546,,,,,historical_baseline,,fe33df9ae5456d8ee27133c42c244c81d150008ababc19399c7ed428638b57ea
4210,2019-09-15,82.5,88.3,82.5,88.0,30495,,,,,historical_baseline,,fe33df9ae5456d8ee27133c42c244c81d150008ababc19399c7ed428638b57ea
4210,2019-09-16,88.9,89.9,87.9,88.8,48213,,,,,historical_baseline,,fe33df9ae5456d8ee27133c42c244c81d150008ababc19399c7ed428638b57ea
4210,2019-09-17,89.2,89.2,86.0,86.0,102957,,,,,historical_baseline,,fe33df9ae5456d8ee27133c42c244c81d150008ababc19399c7ed428638b57ea
4210,2019-09-18,87.6,88.1,87.1,87.5,20329,,,,,historical_baseline,,fe33df9ae5456d8ee27133c42c244c81d150008ababc19399c7ed428638b57ea
4210,2019-09-19,87.5,87.7,85.7,85.7,497638,,,,,historical_baseline,,fe33df9ae5456d8ee27133c42c244c81d150008ababc19399c7ed428638b57ea
4210,2019-09-22,85.5,85.6,83.4,83.4,289397,,,,,historical_baseline,,fe33df9ae5456d8ee27133c42c244c81d150008ababc19399c7ed428638b57ea
4210,2019-09-24,83.5,83.5,82.5,82.8,207119,,,,,historical_baseline,,fe33df9ae5456d8ee27133c42c244c81d150008ababc19399c7ed428638b57ea
4210,2019-09-25,82.6,82.6,79.5,80.0,531419,,,,,historical_baseline,,fe33df9ae5456d8ee27133c42c244c81d150008ababc19399c7ed428638b57ea
4210,2019-09-26,80.4,80.8,79.6,79.9,219303,,,,,historical_baseline,,fe33df9ae5456d8ee27133c42c244c81d150008ababc19399c7ed428638b57ea
4210,2019-09-29,79.9,80.4,78.5,80.1,215614,,,,,historical_baseline,,fe33df9ae5456d8ee27133c42c244c81d150008ababc19399c7ed428638b57ea
4210,2019-09-30,80.1,81.0,79.8,79.8,306928,,,,,historical_baseline,,fe33df9ae5456d8ee27133c42c244c81d150008ababc19399c7ed428638b57ea
4220,2019-09-01,10.08,10.08,9.91,10.04,1026410,,,,,historical_baseline,,fe33df9ae5456d8ee27133c42c244c81d150008ababc19399c7ed428638b57ea
4220,2019-09-02,10.0,10.12,9.97,10.12,771817,,,,,historical_baseline,,fe33df9ae5456d8ee27133c42c244c81d150008ababc19399c7ed428638b57ea
4220,2019-09-03,10.1,10.16,10.06,10.06,773113,,,,,historical_baseline,,fe33df9ae5456d8ee27133c42c244c81d150008ababc19399c7ed428638b57ea
4220,2019-09-04,10.06,10.22,10.02,10.22,1069181,,,,,historical_baseline,,fe33df9ae5456d8ee27133c42c244c81d150008ababc19399c7ed428638b57ea
4220,2019-09-05,10.18,10.26,10.14,10.18,932698,,,,,historical_baseline,,fe33df9ae5456d8ee27133c42c244c81d150008ababc19399c7ed428638b57ea
4220,2019-09-08,10.18,10.22,10.14,10.14,632242,,,,,historical_baseline,,fe33df9ae5456d8ee27133c42c244c81d150008ababc19399c7ed428638b57ea
4220,2019-09-09,10.06,10.16,10.06,10.16,684309,,,,,historical_baseline,,fe33df9ae5456d8ee27133c42c244c81d150008ababc19399c7ed428638b57ea
4220,2019-09-10,10.1,10.1,9.93,9.97,1854004,,,,,historical_baseline,,fe33df9ae5456d8ee27133c42c244c81d150008ababc19399c7ed428638b57ea
4220,2019-09-11,9.92,9.93,9.88,9.93,1194805,,,,,historical_baseline,,fe33df9ae5456d8ee27133c42c244c81d150008ababc19399c7ed428638b57ea
4220,2019-09-12,9.93,10.0,9.9,9.93,574017,,,,,historical_baseline,,fe33df9ae5456d8ee27133c42c244c81d150008ababc19399c7ed428638b57ea
4220,2019-09-15,9.93,9.93,9.73,9.81,743221,,,,,historical_baseline,,fe33df9ae5456d8ee27133c42c244c81d150008ababc19399c7ed428638b57ea
4220,2019-09-16,9.85,9.87,9.7,9.85,1264100,,,,,historical_baseline,,fe33df9ae5456d8ee27133c42c244c81d150008ababc19399c7ed428638b57ea
4220,2019-09-17,9.76,9.82,9.7,9.72,775674,,,,,historical_baseline,,fe33df9ae5456d8ee27133c42c244c81d150008ababc19399c7ed428638b57ea
4220,2019-09-18,9.79,9.82,9.72,9.74,1085649,,,,,historical_baseline,,fe33df9ae5456d8ee27133c42c244c81d150008ababc19399c7ed428638b57ea
4220,2019-09-19,9.77,9.93,9.75,9.93,6136126,,,,,historical_baseline,,fe33df9ae5456d8ee27133c42c244c81d150008ababc19399c7ed428638b57ea
4220,2019-09-22,9.88,9.93,9.88,9.9,385096,,,,,historical_baseline,,fe33df9ae5456d8ee27133c42c244c81d150008ababc19399c7ed428638b57ea
4220,2019-09-24,9.9,10.08,9.89,10.06,1621623,,,,,historical_baseline,,fe33df9ae5456d8ee27133c42c244c81d150008ababc19399c7ed428638b57ea
4220,2019-09-25,10.04,10.18,9.98,9.98,1785211,,,,,historical_baseline,,fe33df9ae5456d8ee27133c42c244c81d150008ababc19399c7ed428638b57ea
4220,2019-09-26,9.97,10.06,9.93,9.93,857000,,,,,historical_baseline,,fe33df9ae5456d8ee27133c42c244c81d150008ababc19399c7ed428638b57ea
4220,2019-09-29,9.96,9.96,9.89,9.95,1300015,,,,,historical_baseline,,fe33df9ae5456d8ee27133c42c244c81d150008ababc19399c7ed428638b57ea
4220,2019-09-30,9.92,9.99,9.89,9.92,2097516,,,,,historical_baseline,,fe33df9ae5456d8ee27133c42c244c81d150008ababc19399c7ed428638b57ea
4230,2019-09-01,25.72,25.72,25.72,25.72,8892,,,,,historical_baseline,,fe33df9ae5456d8ee27133c42c244c81d150008ababc19399c7ed428638b57ea
4230,2019-09-02,25.8,25.83,25.72,25.83,11537,,,,,historical_baseline,,fe33df9ae5456d8ee27133c42c244c81d150008ababc19399c7ed428638b57ea
4230,2019-09-03,25.8,26.07,25.8,25.87,21695,,,,,historical_baseline,,fe33df9ae5456d8ee27133c42c244c81d150008ababc19399c7ed428638b57ea
4230,2019-09-04,25.87,25.95,25.83,25.95,16343,,,,,historical_baseline,,fe33df9ae5456d8ee27133c42c244c81d150008ababc19399c7ed428638b57ea
4230,2019-09-05,26.19,26.55,26.11,26.47,55936,,,,,historical_baseline,,fe33df9ae5456d8ee27133c42c244c81d150008ababc19399c7ed428638b57ea
4230,2019-09-08,26.15,26.99,26.07,26.99,63407,,,,,historical_baseline,,fe33df9ae5456d8ee27133c42c244c81d150008ababc19399c7ed428638b57ea
4230,2019-09-09,26.79,27.18,26.71,27.03,91402,,,,,historical_baseline,,fe33df9ae5456d8ee27133c42c244c81d150008ababc19399c7ed428638b57ea
4230,2019-09-10,26.99,27.03,26.67,26.67,29529,,,,,historical_baseline,,fe33df9ae5456d8ee27133c42c244c81d150008ababc19399c7ed428638b57ea
4230,2019-09-11,26.31,26.39,25.8,25.95,31719,,,,,historical_baseline,,fe33df9ae5456d8ee27133c42c244c81d150008ababc19399c7ed428638b57ea
4230,2019-09-12,26.23,26.23,26.03,26.03,16500,,,,,historical_baseline,,fe33df9ae5456d8ee27133c42c244c81d150008ababc19399c7ed428638b57ea
4230,2019-09-15,25.64,25.87,24.41,25.76,51173,,,,,historical_baseline,,fe33df9ae5456d8ee27133c42c244c81d150008ababc19399c7ed428638b57ea
4230,2019-09-16,25.95,25.99,25.72,25.72,23470,,,,,historical_baseline,,fe33df9ae5456d8ee27133c42c244c81d150008ababc19399c7ed428638b57ea
4230,2019-09-17,25.6,25.8,25.4,25.4,28180,,,,,historical_baseline,,fe33df9ae5456d8ee27133c42c244c81d150008ababc19399c7ed428638b57ea
4230,2019-09-18,25.48,25.6,25.4,25.52,32291,,,,,historical_baseline,,fe33df9ae5456d8ee27133c42c244c81d150008ababc19399c7ed428638b57ea
4230,2019-09-19,25.72,25.76,25.28,25.76,121583,,,,,historical_baseline,,fe33df9ae5456d8ee27133c42c244c81d150008ababc19399c7ed428638b57ea
4230,2019-09-22,25.36,25.83,25.36,25.8,17966,,,,,historical_baseline,,fe33df9ae5456d8ee27133c42c244c81d150008ababc19399c7ed428638b57ea
4230,2019-09-24,25.8,26.35,25.8,26.35,26189,,,,,historical_baseline,,fe33df9ae5456d8ee27133c42c244c81d150008ababc19399c7ed428638b57ea
4230,2019-09-25,26.19,26.51,26.19,26.43,68508,,,,,historical_baseline,,fe33df9ae5456d8ee27133c42c244c81d150008ababc19399c7ed428638b57ea
4230,2019-09-26,26.59,27.42,26.55,26.55,270843,,,,,historical_baseline,,fe33df9ae5456d8ee27133c42c244c81d150008ababc19399c7ed428638b57ea
4230,2019-09-29,26.79,27.1,26.79,26.95,36995,,,,,historical_baseline,,fe33df9ae5456d8ee27133c42c244c81d150008ababc19399c7ed428638b57ea
4230,2019-09-30,26.99,27.38,26.91,27.18,76654,,,,,historical_baseline,,fe33df9ae5456d8ee27133c42c244c81d150008ababc19399c7ed428638b57ea
4240,2019-09-01,39.16,40.37,38.94,39.71,290993,,,,,historical_baseline,,fe33df9ae5456d8ee27133c42c244c81d150008ababc19399c7ed428638b57ea
4240,2019-09-02,39.89,42.27,39.71,42.27,833728,,,,,historical_baseline,,fe33df9ae5456d8ee27133c42c244c81d150008ababc19399c7ed428638b57ea
4240,2019-09-03,42.27,43.26,41.87,42.42,644608,,,,,historical_baseline,,fe33df9ae5456d8ee27133c42c244c81d150008ababc19399c7ed428638b57ea
4240,2019-09-04,42.45,42.67,41.36,42.6,510083,,,,,historical_baseline,,fe33df9ae5456d8ee27133c42c244c81d150008ababc19399c7ed428638b57ea
4240,2019-09-05,42.6,42.75,42.23,42.53,138533,,,,,historical_baseline,,fe33df9ae5456d8ee27133c42c244c81d150008ababc19399c7ed428638b57ea
4240,2019-09-08,42.6,43.95,42.6,43.51,366536,,,,,historical_baseline,,fe33df9ae5456d8ee27133c42c244c81d150008ababc19399c7ed428638b57ea
4240,2019-09-09,43.19,46.11,43.11,46.11,883853,,,,,historical_baseline,,fe33df9ae5456d8ee27133c42c244c81d150008ababc19399c7ed428638b57ea
4240,2019-09-10,46.11,46.11,44.83,44.91,527389,,,,,historical_baseline,,fe33df9ae5456d8ee27133c42c244c81d150008ababc19399c7ed428638b57ea
4240,2019-09-11,44.76,44.83,43.37,43.37,350307,,,,,historical_baseline,,fe33df9ae5456d8ee27133c42c244c81d150008ababc19399c7ed428638b57ea
4240,2019-09-12,43.55,44.28,43.51,43.55,256748,,,,,historical_baseline,,fe33df9ae5456d8ee27133c42c244c81d150008ababc19399c7ed428638b57ea
4240,2019-09-15,42.27,43.51,42.09,43.51,154509,,,,,historical_baseline,,fe33df9ae5456d8ee27133c42c244c81d150008ababc19399c7ed428638b57ea
4240,2019-09-16,43.29,44.1,42.82,43.92,270799,,,,,historical_baseline,,fe33df9ae5456d8ee27133c42c244c81d150008ababc19399c7ed428638b57ea
4240,2019-09-17,43.88,44.58,43.37,43.92,216681,,,,,historical_baseline,,fe33df9ae5456d8ee27133c42c244c81d150008ababc19399c7ed428638b57ea
4240,2019-09-18,44.1,44.36,43.73,44.17,142295,,,,,historical_baseline,,fe33df9ae5456d8ee27133c42c244c81d150008ababc19399c7ed428638b57ea
4240,2019-09-19,43.88,45.05,43.88,45.05,517605,,,,,historical_baseline,,fe33df9ae5456d8ee27133c42c244c81d150008ababc19399c7ed428638b57ea
4240,2019-09-22,45.71,45.84,44.65,45.01,104330,,,,,historical_baseline,,fe33df9ae5456d8ee27133c42c244c81d150008ababc19399c7ed428638b57ea
4240,2019-09-24,45.38,47.39,45.38,46.57,394914,,,,,historical_baseline,,fe33df9ae5456d8ee27133c42c244c81d150008ababc19399c7ed428638b57ea
4240,2019-09-25,46.94,47.49,45.84,45.84,392291,,,,,historical_baseline,,fe33df9ae5456d8ee27133c42c244c81d150008ababc19399c7ed428638b57ea
4240,2019-09-26,45.93,47.49,45.84,47.21,296992,,,,,historical_baseline,,fe33df9ae5456d8ee27133c42c244c81d150008ababc19399c7ed428638b57ea
4240,2019-09-29,47.58,47.76,46.48,46.57,355046,,,,,historical_baseline,,fe33df9ae5456d8ee27133c42c244c81d150008ababc19399c7ed428638b57ea
4240,2019-09-30,46.84,47.76,46.11,47.21,416476,,,,,historical_baseline,,fe33df9ae5456d8ee27133c42c244c81d150008ababc19399c7ed428638b57ea
4250,2019-09-01,25.35,25.55,25.05,25.3,488064,,,,,historical_baseline,,fe33df9ae5456d8ee27133c42c244c81d150008ababc19399c7ed428638b57ea
4250,2019-09-02,25.5,25.5,25.05,25.4,661204,,,,,historical_baseline,,fe33df9ae5456d8ee27133c42c244c81d150008ababc19399c7ed428638b57ea
4250,2019-09-03,25.5,25.5,25.25,25.3,390576,,,,,historical_baseline,,fe33df9ae5456d8ee27133c42c244c81d150008ababc19399c7ed428638b57ea
4250,2019-09-04,25.35,25.45,25.25,25.45,520611,,,,,historical_baseline,,fe33df9ae5456d8ee27133c42c244c81d150008ababc19399c7ed428638b57ea
4250,2019-09-05,25.45,25.65,25.4,25.45,510878,,,,,historical_baseline,,fe33df9ae5456d8ee27133c42c244c81d150008ababc19399c7ed428638b57ea
4250,2019-09-08,25.55,25.9,25.45,25.9,508839,,,,,historical_baseline,,fe33df9ae5456d8ee27133c42c244c81d150008ababc19399c7ed428638b57ea
4250,2019-09-09,26.0,26.05,25.7,25.7,600312,,,,,historical_baseline,,fe33df9ae5456d8ee27133c42c244c81d150008ababc19399c7ed428638b57ea
4250,2019-09-10,25.65,25.75,25.15,25.25,755779,,,,,historical_baseline,,fe33df9ae5456d8ee27133c42c244c81d150008ababc19399c7ed428638b57ea
4250,2019-09-11,25.5,25.7,25.05,25.4,856436,,,,,historical_baseline,,fe33df9ae5456d8ee27133c42c244c81d150008ababc19399c7ed428638b57ea
4250,2019-09-12,25.45,25.6,25.35,25.35,517176,,,,,historical_baseline,,fe33df9ae5456d8ee27133c42c244c81d150008ababc19399c7ed428638b57ea
4250,2019-09-15,25.05,25.3,24.96,25.1,820238,,,,,historical_baseline,,fe33df9ae5456d8ee27133c42c244c81d150008ababc19399c7ed428638b57ea
4250,2019-09-16,25.2,25.35,24.72,24.74,779151,,,,,historical_baseline,,fe33df9ae5456d8ee27133c42c244c81d150008ababc19399c7ed428638b57ea
4250,2019-09-17,24.8,25.0,24.48,24.62,741273,,,,,historical_baseline,,fe33df9ae5456d8ee27133c42c244c81d150008ababc19399c7ed428638b57ea
4250,2019-09-18,24.78,24.8,24.5,24.5,322594,,,,,historical_baseline,,fe33df9ae5456d8ee27133c42c244c81d150008ababc19399c7ed428638b57ea
4250,2019-09-19,24.5,24.6,24.42,24.54,358229,,,,,historical_baseline,,fe33df9ae5456d8ee27133c42c244c81d150008ababc19399c7ed428638b57ea
4250,2019-09-22,24.56,24.94,24.54,24.82,287429,,,,,historical_baseline,,fe33df9ae5456d8ee27133c42c244c81d150008ababc19399c7ed428638b57ea
4250,2019-09-24,24.84,25.25,24.82,25.25,396147,,,,,historical_baseline,,fe33df9ae5456d8ee27133c42c244c81d150008ababc19399c7ed428638b57ea
4250,2019-09-25,25.2,25.3,25.05,25.1,428310,,,,,historical_baseline,,fe33df9ae5456d8ee27133c42c244c81d150008ababc19399c7ed428638b57ea
4250,2019-09-26,25.05,25.25,25.0,25.1,238128,,,,,historical_baseline,,fe33df9ae5456d8ee27133c42c244c81d150008ababc19399c7ed428638b57ea
4250,2019-09-29,25.15,25.6,25.1,25.45,785500,,,,,historical_baseline,,fe33df9ae5456d8ee27133c42c244c81d150008ababc19399c7ed428638b57ea
4250,2019-09-30,25.7,26.6,25.7,26.4,3497842,,,,,historical_baseline,,fe33df9ae5456d8ee27133c42c244c81d150008ababc19399c7ed428638b57ea
4260,2019-09-01,32.0,32.65,31.95,32.5,293412,,,,,historical_baseline,,fe33df9ae5456d8ee27133c42c244c81d150008ababc19399c7ed428638b57ea
4260,2019-09-02,32.3,33.3,32.25,33.3,165540,,,,,historical_baseline,,fe33df9ae5456d8ee27133c42c244c81d150008ababc19399c7ed428638b57ea
4260,2019-09-03,32.85,33.1,32.5,33.1,134406,,,,,historical_baseline,,fe33df9ae5456d8ee27133c42c244c81d150008ababc19399c7ed428638b57ea
4260,2019-09-04,33.3,34.0,33.2,33.85,699140,,,,,historical_baseline,,fe33df9ae5456d8ee27133c42c244c81d150008ababc19399c7ed428638b57ea
4260,2019-09-05,33.85,34.0,33.25,33.35,155787,,,,,historical_baseline,,fe33df9ae5456d8ee27133c42c244c81d150008ababc19399c7ed428638b57ea
4260,2019-09-08,33.45,34.2,33.45,34.05,279147,,,,,historical_baseline,,fe33df9ae5456d8ee27133c42c244c81d150008ababc19399c7ed428638b57ea
4260,2019-09-09,34.0,34.4,33.95,34.3,177951,,,,,historical_baseline,,fe33df9ae5456d8ee27133c42c244c81d150008ababc19399c7ed428638b57ea
4260,2019-09-10,34.4,34.75,33.6,34.3,459274,,,,,historical_baseline,,fe33df9ae5456d8ee27133c42c244c81d150008ababc19399c7ed428638b57ea
4260,2019-09-11,34.3,34.4,32.9,33.5,689993,,,,,historical_baseline,,fe33df9ae5456d8ee27133c42c244c81d150008ababc19399c7ed428638b57ea
4260,2019-09-12,33.65,34.1,33.65,33.8,211221,,,,,historical_baseline,,fe33df9ae5456d8ee27133c42c244c81d150008ababc19399c7ed428638b57ea
4260,2019-09-15,33.65,33.7,33.0,33.0,484795,,,,,historical_baseline,,fe33df9ae5456d8ee27133c42c244c81d150008ababc19399c7ed428638b57ea
4260,2019-09-16,33.2,33.8,33.1,33.8,712553,,,,,historical_baseline,,fe33df9ae5456d8ee27133c42c244c81d150008ababc19399c7ed428638b57ea
4260,2019-09-17,33.4,34.1,33.2,33.8,137069,,,,,historical_baseline,,fe33df9ae5456d8ee27133c42c244c81d150008ababc19399c7ed428638b57ea
4260,2019-09-18,33.9,34.0,33.35,33.55,81357,,,,,historical_baseline,,fe33df9ae5456d8ee27133c42c244c81d150008ababc19399c7ed428638b57ea
4260,2019-09-19,33.6,34.0,33.45,34.0,479480,,,,,historical_baseline,,fe33df9ae5456d8ee27133c42c244c81d150008ababc19399c7ed428638b57ea
4260,2019-09-22,33.9,33.9,33.5,33.65,145849,,,,,historical_baseline,,fe33df9ae5456d8ee27133c42c244c81d150008ababc19399c7ed428638b57ea
4260,2019-09-24,33.85,34.35,33.5,34.2,235152,,,,,historical_baseline,,fe33df9ae5456d8ee27133c42c244c81d150008ababc19399c7ed428638b57ea
4260,2019-09-25,34.4,34.85,34.3,34.7,298596,,,,,historical_baseline,,fe33df9ae5456d8ee27133c42c244c81d150008ababc19399c7ed428638b57ea
4260,2019-09-26,34.75,34.8,33.7,34.0,296293,,,,,historical_baseline,,fe33df9ae5456d8ee27133c42c244c81d150008ababc19399c7ed428638b57ea
4260,2019-09-29,34.2,34.65,34.0,34.6,154216,,,,,historical_baseline,,fe33df9ae5456d8ee27133c42c244c81d150008ababc19399c7ed428638b57ea
4260,2019-09-30,34.7,35.2,34.7,35.2,279565,,,,,historical_baseline,,fe33df9ae5456d8ee27133c42c244c81d150008ababc19399c7ed428638b57ea
4270,2019-09-01,13.2,13.3,13.2,13.22,40672,,,,,historical_baseline,,fe33df9ae5456d8ee27133c42c244c81d150008ababc19399c7ed428638b57ea
4270,2019-09-02,13.2,13.3,13.2,13.3,79439,,,,,historical_baseline,,fe33df9ae5456d8ee27133c42c244c81d150008ababc19399c7ed428638b57ea
4270,2019-09-03,13.26,13.3,13.2,13.2,62406,,,,,historical_baseline,,fe33df9ae5456d8ee27133c42c244c81d150008ababc19399c7ed428638b57ea
4270,2019-09-04,13.3,13.48,13.28,13.28,250773,,,,,historical_baseline,,fe33df9ae5456d8ee27133c42c244c81d150008ababc19399c7ed428638b57ea
4270,2019-09-05,13.3,13.36,13.26,13.28,63400,,,,,historical_baseline,,fe33df9ae5456d8ee27133c42c244c81d150008ababc19399c7ed428638b57ea
4270,2019-09-08,13.28,13.3,13.26,13.26,76287,,,,,historical_baseline,,fe33df9ae5456d8ee27133c42c244c81d150008ababc19399c7ed428638b57ea
4270,2019-09-09,13.26,13.28,13.2,13.26,77069,,,,,historical_baseline,,fe33df9ae5456d8ee27133c42c244c81d150008ababc19399c7ed428638b57ea
4270,2019-09-10,13.24,13.24,13.1,13.16,23710,,,,,historical_baseline,,fe33df9ae5456d8ee27133c42c244c81d150008ababc19399c7ed428638b57ea
4270,2019-09-11,13.0,13.0,12.86,12.86,127714,,,,,historical_baseline,,fe33df9ae5456d8ee27133c42c244c81d150008ababc19399c7ed428638b57ea
4270,2019-09-12,13.0,13.0,12.9,12.92,41139,,,,,historical_baseline,,fe33df9ae5456d8ee27133c42c244c81d150008ababc19399c7ed428638b57ea
4270,2019-09-15,12.1,12.8,12.1,12.78,67480,,,,,historical_baseline,,fe33df9ae5456d8ee27133c42c244c81d150008ababc19399c7ed428638b57ea
4270,2019-09-16,12.98,12.98,12.7,12.7,89291,,,,,historical_baseline,,fe33df9ae5456d8ee27133c42c244c81d150008ababc19399c7ed428638b57ea
4270,2019-09-17,12.66,13.36,12.66,13.0,309161,,,,,historical_baseline,,fe33df9ae5456d8ee27133c42c244c81d150008ababc19399c7ed428638b57ea
4270,2019-09-18,13.0,13.1,12.88,12.88,292574,,,,,historical_baseline,,fe33df9ae5456d8ee27133c42c244c81d150008ababc19399c7ed428638b57ea
4270,2019-09-19,12.86,13.04,12.68,12.8,153658,,,,,historical_baseline,,fe33df9ae5456d8ee27133c42c244c81d150008ababc19399c7ed428638b57ea
4270,2019-09-22,12.7,12.86,12.66,12.74,85511,,,,,historical_baseline,,fe33df9ae5456d8ee27133c42c244c81d150008ababc19399c7ed428638b57ea
4270,2019-09-24,12.84,13.0,12.76,12.92,119234,,,,,historical_baseline,,fe33df9ae5456d8ee27133c42c244c81d150008ababc19399c7ed428638b57ea
4270,2019-09-25,12.9,12.92,12.8,12.82,95301,,,,,historical_baseline,,fe33df9ae5456d8ee27133c42c244c81d150008ababc19399c7ed428638b57ea
4270,2019-09-26,12.9,12.92,12.82,12.82,57768,,,,,historical_baseline,,fe33df9ae5456d8ee27133c42c244c81d150008ababc19399c7ed428638b57ea
4270,2019-09-29,12.82,12.96,12.82,12.86,73039,,,,,historical_baseline,,fe33df9ae5456d8ee27133c42c244c81d150008ababc19399c7ed428638b57ea
4270,2019-09-30,12.98,13.0,12.88,12.96,125324,,,,,historical_baseline,,fe33df9ae5456d8ee27133c42c244c81d150008ababc19399c7ed428638b57ea
4280,2019-09-01,7.75,7.75,7.7,7.7,175890,,,,,historical_baseline,,fe33df9ae5456d8ee27133c42c244c81d150008ababc19399c7ed428638b57ea
4280,2019-09-02,7.7,7.78,7.7,7.78,108227,,,,,historical_baseline,,fe33df9ae5456d8ee27133c42c244c81d150008ababc19399c7ed428638b57ea
4280,2019-09-03,7.75,7.75,7.7,7.75,121573,,,,,historical_baseline,,fe33df9ae5456d8ee27133c42c244c81d150008ababc19399c7ed428638b57ea
4280,2019-09-04,7.75,7.75,7.75,7.75,33871,,,,,historical_baseline,,fe33df9ae5456d8ee27133c42c244c81d150008ababc19399c7ed428638b57ea
4280,2019-09-05,7.75,7.81,7.75,7.81,69102,,,,,historical_baseline,,fe33df9ae5456d8ee27133c42c244c81d150008ababc19399c7ed428638b57ea
4280,2019-09-08,7.8,7.8,7.75,7.8,76944,,,,,historical_baseline,,fe33df9ae5456d8ee27133c42c244c81d150008ababc19399c7ed428638b57ea
4280,2019-09-09,7.78,7.78,7.76,7.76,39359,,,,,historical_baseline,,fe33df9ae5456d8ee27133c42c244c81d150008ababc19399c7ed428638b57ea
4280,2019-09-10,7.76,7.77,7.75,7.75,98331,,,,,historical_baseline,,fe33df9ae5456d8ee27133c42c244c81d150008ababc19399c7ed428638b57ea
4280,2019-09-11,7.79,7.8,7.72,7.77,252190,,,,,historical_baseline,,fe33df9ae5456d8ee27133c42c244c81d150008ababc19399c7ed428638b57ea
4280,2019-09-12,7.74,7.79,7.74,7.78,59849,,,,,historical_baseline,,fe33df9ae5456d8ee27133c42c244c81d150008ababc19399c7ed428638b57ea
4280,2019-09-15,7.76,7.76,7.73,7.73,233896,,,,,historical_baseline,,fe33df9ae5456d8ee27133c42c244c81d150008ababc19399c7ed428638b57ea
4280,2019-09-16,7.73,7.74,7.68,7.68,138655,,,,,historical_baseline,,fe33df9ae5456d8ee27133c42c244c81d150008ababc19399c7ed428638b57ea
4280,2019-09-17,7.7,7.7,7.6,7.6,400597,,,,,historical_baseline,,fe33df9ae5456d8ee27133c42c244c81d150008ababc19399c7ed428638b57ea
4280,2019-09-18,7.65,7.7,7.61,7.69,124239,,,,,historical_baseline,,fe33df9ae5456d8ee27133c42c244c81d150008ababc19399c7ed428638b57ea
4280,2019-09-19,7.66,7.76,7.6,7.76,181121,,,,,historical_baseline,,fe33df9ae5456d8ee27133c42c244c81d150008ababc19399c7ed428638b57ea
4280,2019-09-22,7.73,7.81,7.7,7.75,267260,,,,,historical_baseline,,fe33df9ae5456d8ee27133c42c244c81d150008ababc19399c7ed428638b57ea
4280,2019-09-24,7.75,7.82,7.72,7.8,210903,,,,,historical_baseline,,fe33df9ae5456d8ee27133c42c244c81d150008ababc19399c7ed428638b57ea
4280,2019-09-25,7.8,7.8,7.76,7.77,78399,,,,,historical_baseline,,fe33df9ae5456d8ee27133c42c244c81d150008ababc19399c7ed428638b57ea
4280,2019-09-26,7.79,7.79,7.77,7.77,58350,,,,,historical_baseline,,fe33df9ae5456d8ee27133c42c244c81d150008ababc19399c7ed428638b57ea
4280,2019-09-29,7.79,7.81,7.77,7.79,200694,,,,,historical_baseline,,fe33df9ae5456d8ee27133c42c244c81d150008ababc19399c7ed428638b57ea
4280,2019-09-30,7.8,7.81,7.77,7.81,138994,,,,,historical_baseline,,fe33df9ae5456d8ee27133c42c244c81d150008ababc19399c7ed428638b57ea
4290,2019-09-01,10.41,10.43,10.36,10.4,139910,,,,,historical_baseline,,fe33df9ae5456d8ee27133c42c244c81d150008ababc19399c7ed428638b57ea
4290,2019-09-02,10.4,10.54,10.38,10.53,118190,,,,,historical_baseline,,fe33df9ae5456d8ee27133c42c244c81d150008ababc19399c7ed428638b57ea
4290,2019-09-03,10.53,10.67,10.51,10.51,151534,,,,,historical_baseline,,fe33df9ae5456d8ee27133c42c244c81d150008ababc19399c7ed428638b57ea
4290,2019-09-04,10.56,10.61,10.53,10.56,75857,,,,,historical_baseline,,fe33df9ae5456d8ee27133c42c244c81d150008ababc19399c7ed428638b57ea
4290,2019-09-05,10.61,10.66,10.61,10.62,224058,,,,,historical_baseline,,fe33df9ae5456d8ee27133c42c244c81d150008ababc19399c7ed428638b57ea
4290,2019-09-08,10.67,10.8,10.64,10.72,176523,,,,,historical_baseline,,fe33df9ae5456d8ee27133c42c244c81d150008ababc19399c7ed428638b57ea
4290,2019-09-09,10.74,10.79,10.72,10.79,114804,,,,,historical_baseline,,fe33df9ae5456d8ee27133c42c244c81d150008ababc19399c7ed428638b57ea
4290,2019-09-10,10.79,10.79,10.72,10.72,136413,,,,,historical_baseline,,fe33df9ae5456d8ee27133c42c244c81d150008ababc19399c7ed428638b57ea
4290,2019-09-11,10.64,10.64,10.53,10.57,191198,,,,,historical_baseline,,fe33df9ae5456d8ee27133c42c244c81d150008ababc19399c7ed428638b57ea
4290,2019-09-12,10.77,10.77,10.48,10.53,163120,,,,,historical_baseline,,fe33df9ae5456d8ee27133c42c244c81d150008ababc19399c7ed428638b57ea
4290,2019-09-15,10.4,10.48,10.28,10.41,238730,,,,,historical_baseline,,fe33df9ae5456d8ee27133c42c244c81d150008ababc19399c7ed428638b57ea
4290,2019-09-16,10.48,10.48,10.33,10.38,143393,,,,,historical_baseline,,fe33df9ae5456d8ee27133c42c244c81d150008ababc19399c7ed428638b57ea
4290,2019-09-17,10.36,10.36,10.28,10.35,82532,,,,,historical_baseline,,fe33df9ae5456d8ee27133c42c244c81d150008ababc19399c7ed428638b57ea
4290,2019-09-18,10.36,10.4,10.31,10.31,62155,,,,,historical_baseline,,fe33df9ae5456d8ee27133c42c244c81d150008ababc19399c7ed428638b57ea
4290,2019-09-19,10.31,10.59,10.23,10.59,206821,,,,,historical_baseline,,fe33df9ae5456d8ee27133c42c244c81d150008ababc19399c7ed428638b57ea
4290,2019-09-22,10.46,10.53,10.46,10.53,49852,,,,,historical_baseline,,fe33df9ae5456d8ee27133c42c244c81d150008ababc19399c7ed428638b57ea
4290,2019-09-24,10.51,10.59,10.51,10.57,126047,,,,,historical_baseline,,fe33df9ae5456d8ee27133c42c244c81d150008ababc19399c7ed428638b57ea
4290,2019-09-25,10.57,10.64,10.53,10.56,216946,,,,,historical_baseline,,fe33df9ae5456d8ee27133c42c244c81d150008ababc19399c7ed428638b57ea
4290,2019-09-26,10.56,10.61,10.51,10.53,180359,,,,,historical_baseline,,fe33df9ae5456d8ee27133c42c244c81d150008ababc19399c7ed428638b57ea
4290,2019-09-29,10.57,10.62,10.53,10.61,329698,,,,,historical_baseline,,fe33df9ae5456d8ee27133c42c244c81d150008ababc19399c7ed428638b57ea
4290,2019-09-30,10.62,10.69,10.61,10.69,294217,,,,,historical_baseline,,fe33df9ae5456d8ee27133c42c244c81d150008ababc19399c7ed428638b57ea
4291,2019-09-01,26.4,26.7,26.1,26.5,45072,,,,,historical_baseline,,fe33df9ae5456d8ee27133c42c244c81d150008ababc19399c7ed428638b57ea
4291,2019-09-02,26.3,27.0,26.3,26.85,77373,,,,,historical_baseline,,fe33df9ae5456d8ee27133c42c244c81d150008ababc19399c7ed428638b57ea
4291,2019-09-03,26.6,27.35,26.55,27.0,203139,,,,,historical_baseline,,fe33df9ae5456d8ee27133c42c244c81d150008ababc19399c7ed428638b57ea
4291,2019-09-04,27.05,28.0,27.05,27.2,216620,,,,,historical_baseline,,fe33df9ae5456d8ee27133c42c244c81d150008ababc19399c7ed428638b57ea
4291,2019-09-05,27.2,27.3,26.9,27.0,72603,,,,,historical_baseline,,fe33df9ae5456d8ee27133c42c244c81d150008ababc19399c7ed428638b57ea
4291,2019-09-08,27.2,27.45,26.95,27.0,119871,,,,,historical_baseline,,fe33df9ae5456d8ee27133c42c244c81d150008ababc19399c7ed428638b57ea
4291,2019-09-09,27.15,27.2,26.8,27.0,71594,,,,,historical_baseline,,fe33df9ae5456d8ee27133c42c244c81d150008ababc19399c7ed428638b57ea
4291,2019-09-10,26.8,27.05,26.65,26.65,105685,,,,,historical_baseline,,fe33df9ae5456d8ee27133c42c244c81d150008ababc19399c7ed428638b57ea
4291,2019-09-11,26.2,26.95,26.0,26.5,150883,,,,,historical_baseline,,fe33df9ae5456d8ee27133c42c244c81d150008ababc19399c7ed428638b57ea
4291,2019-09-12,26.6,26.6,26.4,26.5,138770,,,,,historical_baseline,,fe33df9ae5456d8ee27133c42c244c81d150008ababc19399c7ed428638b57ea
4291,2019-09-15,26.0,26.55,26.0,26.5,97387,,,,,historical_baseline,,fe33df9ae5456d8ee27133c42c244c81d150008ababc19399c7ed428638b57ea
4291,2019-09-16,26.6,26.65,25.7,26.0,73905,,,,,historical_baseline,,fe33df9ae5456d8ee27133c42c244c81d150008ababc19399c7ed428638b57ea
4291,2019-09-17,26.0,26.0,24.9,25.8,410945,,,,,historical_baseline,,fe33df9ae5456d8ee27133c42c244c81d150008ababc19399c7ed428638b57ea
4291,2019-09-18,25.85,26.2,25.8,25.9,220055,,,,,historical_baseline,,fe33df9ae5456d8ee27133c42c244c81d150008ababc19399c7ed428638b57ea
4291,2019-09-19,25.9,26.9,25.7,26.9,209523,,,,,historical_baseline,,fe33df9ae5456d8ee27133c42c244c81d150008ababc19399c7ed428638b57ea
4291,2019-09-22,26.5,26.9,26.3,26.3,123232,,,,,historical_baseline,,fe33df9ae5456d8ee27133c42c244c81d150008ababc19399c7ed428638b57ea
4291,2019-09-24,26.45,26.5,26.3,26.4,193661,,,,,historical_baseline,,fe33df9ae5456d8ee27133c42c244c81d150008ababc19399c7ed428638b57ea
4291,2019-09-25,26.4,26.5,26.15,26.2,112545,,,,,historical_baseline,,fe33df9ae5456d8ee27133c42c244c81d150008ababc19399c7ed428638b57ea
4291,2019-09-26,26.4,26.4,26.0,26.2,46878,,,,,historical_baseline,,fe33df9ae5456d8ee27133c42c244c81d150008ababc19399c7ed428638b57ea
4291,2019-09-29,26.05,26.3,26.05,26.25,23128,,,,,historical_baseline,,fe33df9ae5456d8ee27133c42c244c81d150008ababc19399c7ed428638b57ea
4291,2019-09-30,26.3,26.3,26.25,26.3,28036,,,,,historical_baseline,,fe33df9ae5456d8ee27133c42c244c81d150008ababc19399c7ed428638b57ea
4300,2019-09-01,11.52,11.62,11.32,11.4,3204308,,,,,historical_baseline,,fe33df9ae5456d8ee27133c42c244c81d150008ababc19399c7ed428638b57ea
4300,2019-09-02,11.42,11.62,11.34,11.62,4159730,,,,,historical_baseline,,fe33df9ae5456d8ee27133c42c244c81d150008ababc19399c7ed428638b57ea
4300,2019-09-03,11.62,11.72,11.54,11.58,3731877,,,,,historical_baseline,,fe33df9ae5456d8ee27133c42c244c81d150008ababc19399c7ed428638b57ea
4300,2019-09-04,11.56,11.84,11.56,11.8,8630146,,,,,historical_baseline,,fe33df9ae5456d8ee27133c42c244c81d150008ababc19399c7ed428638b57ea
4300,2019-09-05,11.86,12.04,11.82,11.96,15704598,,,,,historical_baseline,,fe33df9ae5456d8ee27133c42c244c81d150008ababc19399c7ed428638b57ea
4300,2019-09-08,12.0,12.1,11.9,11.96,8449054,,,,,historical_baseline,,fe33df9ae5456d8ee27133c42c244c81d150008ababc19399c7ed428638b57ea
4300,2019-09-09,11.94,12.1,11.88,12.1,11262957,,,,,historical_baseline,,fe33df9ae5456d8ee27133c42c244c81d150008ababc19399c7ed428638b57ea
4300,2019-09-10,12.1,12.1,11.94,11.98,8226432,,,,,historical_baseline,,fe33df9ae5456d8ee27133c42c244c81d150008ababc19399c7ed428638b57ea
4300,2019-09-11,11.96,12.04,11.76,11.98,7284603,,,,,historical_baseline,,fe33df9ae5456d8ee27133c42c244c81d150008ababc19399c7ed428638b57ea
4300,2019-09-12,12.0,12.04,11.94,11.98,8665857,,,,,historical_baseline,,fe33df9ae5456d8ee27133c42c244c81d150008ababc19399c7ed428638b57ea
4300,2019-09-15,11.74,11.78,11.54,11.66,8833730,,,,,historical_baseline,,fe33df9ae5456d8ee27133c42c244c81d150008ababc19399c7ed428638b57ea
4300,2019-09-16,11.66,11.74,11.56,11.74,6947470,,,,,historical_baseline,,fe33df9ae5456d8ee27133c42c244c81d150008ababc19399c7ed428638b57ea
4300,2019-09-17,11.68,11.82,11.66,11.74,4168802,,,,,historical_baseline,,fe33df9ae5456d8ee27133c42c244c81d150008ababc19399c7ed428638b57ea
4300,2019-09-18,11.8,11.98,11.76,11.78,7123724,,,,,historical_baseline,,fe33df9ae5456d8ee27133c42c244c81d150008ababc19399c7ed428638b57ea
4300,2019-09-19,11.84,12.0,11.76,12.0,10731810,,,,,historical_baseline,,fe33df9ae5456d8ee27133c42c244c81d150008ababc19399c7ed428638b57ea
4300,2019-09-22,11.96,12.02,11.9,11.92,2177864,,,,,historical_baseline,,fe33df9ae5456d8ee27133c42c244c81d150008ababc19399c7ed428638b57ea
4300,2019-09-24,11.92,12.0,11.92,12.0,3613771,,,,,historical_baseline,,fe33df9ae5456d8ee27133c42c244c81d150008ababc19399c7ed428638b57ea
4300,2019-09-25,12.0,12.1,11.92,11.92,11184356,,,,,historical_baseline,,fe33df9ae5456d8ee27133c42c244c81d150008ababc19399c7ed428638b57ea
4300,2019-09-26,11.9,11.98,11.88,11.88,2468137,,,,,historical_baseline,,fe33df9ae5456d8ee27133c42c244c81d150008ababc19399c7ed428638b57ea
4300,2019-09-29,11.88,11.96,11.88,11.9,2236254,,,,,historical_baseline,,fe33df9ae5456d8ee27133c42c244c81d150008ababc19399c7ed428638b57ea
4300,2019-09-30,11.92,11.98,11.88,11.94,4865902,,,,,historical_baseline,,fe33df9ae5456d8ee27133c42c244c81d150008ababc19399c7ed428638b57ea
4310,2019-09-01,9.83,9.83,9.75,9.76,312975,,,,,historical_baseline,,fe33df9ae5456d8ee27133c42c244c81d150008ababc19399c7ed428638b57ea
4310,2019-09-02,9.72,9.82,9.72,9.82,188214,,,,,historical_baseline,,fe33df9ae5456d8ee27133c42c244c81d150008ababc19399c7ed428638b57ea
4310,2019-09-03,9.79,9.84,9.79,9.84,270251,,,,,historical_baseline,,fe33df9ae5456d8ee27133c42c244c81d150008ababc19399c7ed428638b57ea
4310,2019-09-04,9.84,9.87,9.8,9.85,408454,,,,,historical_baseline,,fe33df9ae5456d8ee27133c42c244c81d150008ababc19399c7ed428638b57ea
4310,2019-09-05,9.85,9.89,9.83,9.84,206065,,,,,historical_baseline,,fe33df9ae5456d8ee27133c42c244c81d150008ababc19399c7ed428638b57ea
4310,2019-09-08,9.87,9.93,9.85,9.9,275445,,,,,historical_baseline,,fe33df9ae5456d8ee27133c42c244c81d150008ababc19399c7ed428638b57ea
4310,2019-09-09,9.86,9.94,9.85,9.86,259907,,,,,historical_baseline,,fe33df9ae5456d8ee27133c42c244c81d150008ababc19399c7ed428638b57ea
4310,2019-09-10,9.9,9.92,9.76,9.8,332140,,,,,historical_baseline,,fe33df9ae5456d8ee27133c42c244c81d150008ababc19399c7ed428638b57ea
4310,2019-09-11,9.75,9.75,9.58,9.68,330106,,,,,historical_baseline,,fe33df9ae5456d8ee27133c42c244c81d150008ababc19399c7ed428638b57ea
4310,2019-09-12,9.7,9.72,9.66,9.7,153919,,,,,historical_baseline,,fe33df9ae5456d8ee27133c42c244c81d150008ababc19399c7ed428638b57ea
4310,2019-09-15,9.6,9.6,9.41,9.53,548554,,,,,historical_baseline,,fe33df9ae5456d8ee27133c42c244c81d150008ababc19399c7ed428638b57ea
4310,2019-09-16,9.5,9.56,9.44,9.45,267740,,,,,historical_baseline,,fe33df9ae5456d8ee27133c42c244c81d150008ababc19399c7ed428638b57ea
4310,2019-09-17,9.45,9.53,9.38,9.4,193172,,,,,historical_baseline,,fe33df9ae5456d8ee27133c42c244c81d150008ababc19399c7ed428638b57ea
4310,2019-09-18,9.47,9.47,9.41,9.43,210361,,,,,historical_baseline,,fe33df9ae5456d8ee27133c42c244c81d150008ababc19399c7ed428638b57ea
4310,2019-09-19,9.42,9.42,9.3,9.3,430616,,,,,historical_baseline,,fe33df9ae5456d8ee27133c42c244c81d150008ababc19399c7ed428638b57ea
4310,2019-09-22,9.33,9.47,9.33,9.47,106965,,,,,historical_baseline,,fe33df9ae5456d8ee27133c42c244c81d150008ababc19399c7ed428638b57ea
4310,2019-09-24,9.5,9.54,9.45,9.51,220732,,,,,historical_baseline,,fe33df9ae5456d8ee27133c42c244c81d150008ababc19399c7ed428638b57ea
4310,2019-09-25,9.52,9.64,9.41,9.5,423746,,,,,historical_baseline,,fe33df9ae5456d8ee27133c42c244c81d150008ababc19399c7ed428638b57ea
4310,2019-09-26,9.55,9.6,9.5,9.58,168333,,,,,historical_baseline,,fe33df9ae5456d8ee27133c42c244c81d150008ababc19399c7ed428638b57ea
4310,2019-09-29,9.55,9.65,9.55,9.65,276893,,,,,historical_baseline,,fe33df9ae5456d8ee27133c42c244c81d150008ababc19399c7ed428638b57ea
4310,2019-09-30,9.67,9.72,9.63,9.64,225445,,,,,historical_baseline,,fe33df9ae5456d8ee27133c42c244c81d150008ababc19399c7ed428638b57ea
4320,2019-09-01,10.95,11.03,10.94,11.03,98138,,,,,historical_baseline,,fe33df9ae5456d8ee27133c42c244c81d150008ababc19399c7ed428638b57ea
4320,2019-09-02,11.03,11.07,10.95,11.07,77759,,,,,historical_baseline,,fe33df9ae5456d8ee27133c42c244c81d150008ababc19399c7ed428638b57ea
4320,2019-09-03,11.01,11.07,10.97,11.01,169221,,,,,historical_baseline,,fe33df9ae5456d8ee27133c42c244c81d150008ababc19399c7ed428638b57ea
4320,2019-09-04,10.98,11.07,10.95,11.07,136425,,,,,historical_baseline,,fe33df9ae5456d8ee27133c42c244c81d150008ababc19399c7ed428638b57ea
4320,2019-09-05,11.07,11.15,11.07,11.1,166783,,,,,historical_baseline,,fe33df9ae5456d8ee27133c42c244c81d150008ababc19399c7ed428638b57ea
4320,2019-09-08,11.18,11.21,11.1,11.15,220510,,,,,historical_baseline,,fe33df9ae5456d8ee27133c42c244c81d150008ababc19399c7ed428638b57ea
4320,2019-09-09,11.18,11.21,11.15,11.21,199424,,,,,historical_baseline,,fe33df9ae5456d8ee27133c42c244c81d150008ababc19399c7ed428638b57ea
4320,2019-09-10,11.22,11.22,11.04,11.09,178967,,,,,historical_baseline,,fe33df9ae5456d8ee27133c42c244c81d150008ababc19399c7ed428638b57ea
4320,2019-09-11,11.06,11.07,10.97,11.03,188521,,,,,historical_baseline,,fe33df9ae5456d8ee27133c42c244c81d150008ababc19399c7ed428638b57ea
4320,2019-09-12,11.07,11.12,10.92,10.95,150185,,,,,historical_baseline,,fe33df9ae5456d8ee27133c42c244c81d150008ababc19399c7ed428638b57ea
4320,2019-09-15,10.89,10.95,10.86,10.95,141412,,,,,historical_baseline,,fe33df9ae5456d8ee27133c42c244c81d150008ababc19399c7ed428638b57ea
4320,2019-09-16,10.95,10.95,10.91,10.92,118021,,,,,historical_baseline,,fe33df9ae5456d8ee27133c42c244c81d150008ababc19399c7ed428638b57ea
4320,2019-09-17,10.92,11.01,10.91,10.94,109035,,,,,historical_baseline,,fe33df9ae5456d8ee27133c42c244c81d150008ababc19399c7ed428638b57ea
4320,2019-09-18,10.92,10.94,10.88,10.94,174722,,,,,historical_baseline,,fe33df9ae5456d8ee27133c42c244c81d150008ababc19399c7ed428638b57ea
4320,2019-09-19,10.91,10.95,10.86,10.86,256552,,,,,historical_baseline,,fe33df9ae5456d8ee27133c42c244c81d150008ababc19399c7ed428638b57ea
4320,2019-09-22,10.92,10.95,10.88,10.95,72587,,,,,historical_baseline,,fe33df9ae5456d8ee27133c42c244c81d150008ababc19399c7ed428638b57ea
4320,2019-09-24,11.0,11.03,10.94,11.01,271983,,,,,historical_baseline,,fe33df9ae5456d8ee27133c42c244c81d150008ababc19399c7ed428638b57ea
4320,2019-09-25,10.97,11.09,10.97,11.06,198192,,,,,historical_baseline,,fe33df9ae5456d8ee27133c42c244c81d150008ababc19399c7ed428638b57ea
4320,2019-09-26,10.95,11.19,10.95,11.09,394216,,,,,historical_baseline,,fe33df9ae5456d8ee27133c42c244c81d150008ababc19399c7ed428638b57ea
4320,2019-09-29,11.09,11.19,11.07,11.09,283299,,,,,historical_baseline,,fe33df9ae5456d8ee27133c42c244c81d150008ababc19399c7ed428638b57ea
4320,2019-09-30,11.1,11.21,11.1,11.12,169023,,,,,historical_baseline,,fe33df9ae5456d8ee27133c42c244c81d150008ababc19399c7ed428638b57ea
4330,2019-09-01,7.92,7.92,7.68,7.8,285838,,,,,historical_baseline,,fe33df9ae5456d8ee27133c42c244c81d150008ababc19399c7ed428638b57ea
4330,2019-09-02,7.8,7.81,7.79,7.8,143223,,,,,historical_baseline,,fe33df9ae5456d8ee27133c42c244c81d150008ababc19399c7ed428638b57ea
4330,2019-09-03,7.79,7.79,7.7,7.7,330317,,,,,historical_baseline,,fe33df9ae5456d8ee27133c42c244c81d150008ababc19399c7ed428638b57ea
4330,2019-09-04,7.72,7.73,7.69,7.71,257943,,,,,historical_baseline,,fe33df9ae5456d8ee27133c42c244c81d150008ababc19399c7ed428638b57ea
4330,2019-09-05,7.76,7.78,7.76,7.78,191032,,,,,historical_baseline,,fe33df9ae5456d8ee27133c42c244c81d150008ababc19399c7ed428638b57ea
4330,2019-09-08,7.79,7.79,7.7,7.72,252871,,,,,historical_baseline,,fe33df9ae5456d8ee27133c42c244c81d150008ababc19399c7ed428638b57ea
4330,2019-09-09,7.73,7.8,7.73,7.8,114013,,,,,historical_baseline,,fe33df9ae5456d8ee27133c42c244c81d150008ababc19399c7ed428638b57ea
4330,2019-09-10,7.8,7.85,7.77,7.83,249484,,,,,historical_baseline,,fe33df9ae5456d8ee27133c42c244c81d150008ababc19399c7ed428638b57ea
4330,2019-09-11,7.72,7.77,7.72,7.77,282509,,,,,historical_baseline,,fe33df9ae5456d8ee27133c42c244c81d150008ababc19399c7ed428638b57ea
4330,2019-09-12,7.79,7.8,7.78,7.8,69320,,,,,historical_baseline,,fe33df9ae5456d8ee27133c42c244c81d150008ababc19399c7ed428638b57ea
4330,2019-09-15,7.8,7.8,7.76,7.79,248896,,,,,historical_baseline,,fe33df9ae5456d8ee27133c42c244c81d150008ababc19399c7ed428638b57ea
4330,2019-09-16,7.81,7.83,7.8,7.81,168659,,,,,historical_baseline,,fe33df9ae5456d8ee27133c42c244c81d150008ababc19399c7ed428638b57ea
4330,2019-09-17,7.82,7.89,7.82,7.87,122852,,,,,historical_baseline,,fe33df9ae5456d8ee27133c42c244c81d150008ababc19399c7ed428638b57ea
4330,2019-09-18,7.87,8.12,7.87,8.12,743833,,,,,historical_baseline,,fe33df9ae5456d8ee27133c42c244c81d150008ababc19399c7ed428638b57ea
4330,2019-09-19,8.1,8.1,7.81,7.81,827294,,,,,historical_baseline,,fe33df9ae5456d8ee27133c42c244c81d150008ababc19399c7ed428638b57ea
4330,2019-09-22,7.84,8.04,7.84,8.0,177148,,,,,historical_baseline,,fe33df9ae5456d8ee27133c42c244c81d150008ababc19399c7ed428638b57ea
4330,2019-09-24,8.0,8.09,8.0,8.09,117536,,,,,historical_baseline,,fe33df9ae5456d8ee27133c42c244c81d150008ababc19399c7ed428638b57ea
4330,2019-09-25,8.06,8.08,8.0,8.08,135273,,,,,historical_baseline,,fe33df9ae5456d8ee27133c42c244c81d150008ababc19399c7ed428638b57ea
4330,2019-09-26,8.03,8.03,8.0,8.0,381506,,,,,historical_baseline,,fe33df9ae5456d8ee27133c42c244c81d150008ababc19399c7ed428638b57ea
4330,2019-09-29,8.0,8.02,7.99,8.0,115498,,,,,historical_baseline,,fe33df9ae5456d8ee27133c42c244c81d150008ababc19399c7ed428638b57ea
4330,2019-09-30,8.0,8.02,8.0,8.02,58609,,,,,historical_baseline,,fe33df9ae5456d8ee27133c42c244c81d150008ababc19399c7ed428638b57ea
4331,2019-09-01,12.4,12.42,12.18,12.18,203813,,,,,historical_baseline,,fe33df9ae5456d8ee27133c42c244c81d150008ababc19399c7ed428638b57ea
4331,2019-09-02,12.18,12.22,12.1,12.1,406524,,,,,historical_baseline,,fe33df9ae5456d8ee27133c42c244c81d150008ababc19399c7ed428638b57ea
4331,2019-09-03,12.1,12.1,11.98,12.04,548348,,,,,historical_baseline,,fe33df9ae5456d8ee27133c42c244c81d150008ababc19399c7ed428638b57ea
4331,2019-09-04,12.06,12.16,12.06,12.12,250715,,,,,historical_baseline,,fe33df9ae5456d8ee27133c42c244c81d150008ababc19399c7ed428638b57ea
4331,2019-09-05,12.08,12.16,12.04,12.14,183228,,,,,historical_baseline,,fe33df9ae5456d8ee27133c42c244c81d150008ababc19399c7ed428638b57ea
4331,2019-09-08,12.18,12.24,12.14,12.14,167101,,,,,historical_baseline,,fe33df9ae5456d8ee27133c42c244c81d150008ababc19399c7ed428638b57ea
4331,2019-09-09,12.16,12.16,12.02,12.12,93985,,,,,historical_baseline,,fe33df9ae5456d8ee27133c42c244c81d150008ababc19399c7ed428638b57ea
4331,2019-09-10,12.1,12.1,12.02,12.02,128059,,,,,historical_baseline,,fe33df9ae5456d8ee27133c42c244c81d150008ababc19399c7ed428638b57ea
4331,2019-09-11,12.0,12.0,11.9,11.98,274190,,,,,historical_baseline,,fe33df9ae5456d8ee27133c42c244c81d150008ababc19399c7ed428638b57ea
4331,2019-09-12,11.96,12.0,11.86,11.9,279316,,,,,historical_baseline,,fe33df9ae5456d8ee27133c42c244c81d150008ababc19399c7ed428638b57ea
4331,2019-09-15,11.66,11.84,11.66,11.84,164091,,,,,historical_baseline,,fe33df9ae5456d8ee27133c42c244c81d150008ababc19399c7ed428638b57ea
4331,2019-09-16,11.86,11.94,11.8,11.92,204730,,,,,historical_baseline,,fe33df9ae5456d8ee27133c42c244c81d150008ababc19399c7ed428638b57ea
4331,2019-09-17,11.88,11.9,11.76,11.82,203794,,,,,historical_baseline,,fe33df9ae5456d8ee27133c42c244c81d150008ababc19399c7ed428638b57ea
4331,2019-09-18,11.86,11.9,11.84,11.86,198977,,,,,historical_baseline,,fe33df9ae5456d8ee27133c42c244c81d150008ababc19399c7ed428638b57ea
4331,2019-09-19,11.88,11.88,11.7,11.7,281992,,,,,historical_baseline,,fe33df9ae5456d8ee27133c42c244c81d150008ababc19399c7ed428638b57ea
4331,2019-09-22,11.7,11.88,11.7,11.82,259919,,,,,historical_baseline,,fe33df9ae5456d8ee27133c42c244c81d150008ababc19399c7ed428638b57ea
4331,2019-09-24,11.9,12.02,11.9,11.98,232316,,,,,historical_baseline,,fe33df9ae5456d8ee27133c42c244c81d150008ababc19399c7ed428638b57ea
4331,2019-09-25,11.98,11.98,11.86,11.88,224737,,,,,historical_baseline,,fe33df9ae5456d8ee27133c42c244c81d150008ababc19399c7ed428638b57ea
4331,2019-09-26,11.88,12.14,11.88,11.92,400017,,,,,historical_baseline,,fe33df9ae5456d8ee27133c42c244c81d150008ababc19399c7ed428638b57ea
4331,2019-09-29,11.9,11.94,11.88,11.92,108133,,,,,historical_baseline,,fe33df9ae5456d8ee27133c42c244c81d150008ababc19399c7ed428638b57ea
4331,2019-09-30,11.96,11.98,11.9,11.94,143910,,,,,historical_baseline,,fe33df9ae5456d8ee27133c42c244c81d150008ababc19399c7ed428638b57ea
4333,2019-09-01,10.04,10.06,10.02,10.04,60121,,,,,historical_baseline,,fe33df9ae5456d8ee27133c42c244c81d150008ababc19399c7ed428638b57ea
4333,2019-09-02,10.04,10.1,10.04,10.1,28839,,,,,historical_baseline,,fe33df9ae5456d8ee27133c42c244c81d150008ababc19399c7ed428638b57ea
4333,2019-09-03,10.1,10.22,10.1,10.22,30502,,,,,historical_baseline,,fe33df9ae5456d8ee27133c42c244c81d150008ababc19399c7ed428638b57ea
4333,2019-09-04,10.1,10.1,10.1,10.1,62516,,,,,historical_baseline,,fe33df9ae5456d8ee27133c42c244c81d150008ababc19399c7ed428638b57ea
4333,2019-09-05,10.12,10.16,10.1,10.16,29661,,,,,historical_baseline,,fe33df9ae5456d8ee27133c42c244c81d150008ababc19399c7ed428638b57ea
4333,2019-09-08,10.16,10.2,10.16,10.2,26398,,,,,historical_baseline,,fe33df9ae5456d8ee27133c42c244c81d150008ababc19399c7ed428638b57ea
4333,2019-09-09,10.1,10.1,10.1,10.1,16042,,,,,historical_baseline,,fe33df9ae5456d8ee27133c42c244c81d150008ababc19399c7ed428638b57ea
4333,2019-09-10,10.2,10.2,10.04,10.04,31111,,,,,historical_baseline,,fe33df9ae5456d8ee27133c42c244c81d150008ababc19399c7ed428638b57ea
4333,2019-09-11,10.16,10.2,10.06,10.18,66982,,,,,historical_baseline,,fe33df9ae5456d8ee27133c42c244c81d150008ababc19399c7ed428638b57ea
4333,2019-09-12,10.06,10.18,10.06,10.18,65757,,,,,historical_baseline,,fe33df9ae5456d8ee27133c42c244c81d150008ababc19399c7ed428638b57ea
4333,2019-09-15,10.16,10.4,10.16,10.3,554287,,,,,historical_baseline,,fe33df9ae5456d8ee27133c42c244c81d150008ababc19399c7ed428638b57ea
4333,2019-09-16,10.2,10.38,10.18,10.38,245076,,,,,historical_baseline,,fe33df9ae5456d8ee27133c42c244c81d150008ababc19399c7ed428638b57ea
4333,2019-09-17,10.2,10.32,10.2,10.24,17375,,,,,historical_baseline,,fe33df9ae5456d8ee27133c42c244c81d150008ababc19399c7ed428638b57ea
4333,2019-09-18,10.24,10.3,10.24,10.26,26541,,,,,historical_baseline,,fe33df9ae5456d8ee27133c42c244c81d150008ababc19399c7ed428638b57ea
4333,2019-09-19,10.24,10.4,10.24,10.38,278744,,,,,historical_baseline,,fe33df9ae5456d8ee27133c42c244c81d150008ababc19399c7ed428638b57ea
4333,2019-09-22,10.6,10.9,10.56,10.68,99956,,,,,historical_baseline,,fe33df9ae5456d8ee27133c42c244c81d150008ababc19399c7ed428638b57ea
4333,2019-09-24,10.6,10.72,10.6,10.7,49243,,,,,historical_baseline,,fe33df9ae5456d8ee27133c42c244c81d150008ababc19399c7ed428638b57ea
4333,2019-09-25,10.7,10.88,10.5,10.88,59555,,,,,historical_baseline,,fe33df9ae5456d8ee27133c42c244c81d150008ababc19399c7ed428638b57ea
4333,2019-09-26,10.76,10.82,10.68,10.82,163537,,,,,historical_baseline,,fe33df9ae5456d8ee27133c42c244c81d150008ababc19399c7ed428638b57ea
4333,2019-09-29,10.7,10.8,10.7,10.8,168696,,,,,historical_baseline,,fe33df9ae5456d8ee27133c42c244c81d150008ababc19399c7ed428638b57ea
4333,2019-09-30,10.96,10.96,10.8,10.8,32316,,,,,historical_baseline,,fe33df9ae5456d8ee27133c42c244c81d150008ababc19399c7ed428638b57ea
4334,2019-09-01,7.9,7.91,7.89,7.91,143438,,,,,historical_baseline,,fe33df9ae5456d8ee27133c42c244c81d150008ababc19399c7ed428638b57ea
4334,2019-09-02,7.94,7.94,7.94,7.94,38351,,,,,historical_baseline,,fe33df9ae5456d8ee27133c42c244c81d150008ababc19399c7ed428638b57ea
4334,2019-09-03,7.92,7.95,7.92,7.95,43093,,,,,historical_baseline,,fe33df9ae5456d8ee27133c42c244c81d150008ababc19399c7ed428638b57ea
4334,2019-09-04,7.94,7.94,7.9,7.9,105338,,,,,historical_baseline,,fe33df9ae5456d8ee27133c42c244c81d150008ababc19399c7ed428638b57ea
4334,2019-09-05,7.91,7.95,7.91,7.95,30752,,,,,historical_baseline,,fe33df9ae5456d8ee27133c42c244c81d150008ababc19399c7ed428638b57ea
4334,2019-09-08,7.96,8.02,7.96,8.02,107287,,,,,historical_baseline,,fe33df9ae5456d8ee27133c42c244c81d150008ababc19399c7ed428638b57ea
4334,2019-09-09,7.96,8.01,7.96,8.01,77987,,,,,historical_baseline,,fe33df9ae5456d8ee27133c42c244c81d150008ababc19399c7ed428638b57ea
4334,2019-09-10,7.98,8.01,7.97,8.01,77218,,,,,historical_baseline,,fe33df9ae5456d8ee27133c42c244c81d150008ababc19399c7ed428638b57ea
4334,2019-09-11,7.96,7.99,7.94,7.94,100017,,,,,historical_baseline,,fe33df9ae5456d8ee27133c42c244c81d150008ababc19399c7ed428638b57ea
4334,2019-09-12,7.93,7.95,7.93,7.95,19429,,,,,historical_baseline,,fe33df9ae5456d8ee27133c42c244c81d150008ababc19399c7ed428638b57ea
4334,2019-09-15,7.95,7.96,7.88,7.96,69681,,,,,historical_baseline,,fe33df9ae5456d8ee27133c42c244c81d150008ababc19399c7ed428638b57ea
4334,2019-09-16,7.94,7.94,7.94,7.94,28234,,,,,historical_baseline,,fe33df9ae5456d8ee27133c42c244c81d150008ababc19399c7ed428638b57ea
4334,2019-09-17,7.95,7.95,7.95,7.95,12890,,,,,historical_baseline,,fe33df9ae5456d8ee27133c42c244c81d150008ababc19399c7ed428638b57ea
4334,2019-09-18,7.98,7.98,7.91,7.96,37666,,,,,historical_baseline,,fe33df9ae5456d8ee27133c42c244c81d150008ababc19399c7ed428638b57ea
4334,2019-09-19,7.97,7.97,7.96,7.96,19141,,,,,historical_baseline,,fe33df9ae5456d8ee27133c42c244c81d150008ababc19399c7ed428638b57ea
4334,2019-09-22,8.03,8.04,8.0,8.0,68677,,,,,historical_baseline,,fe33df9ae5456d8ee27133c42c244c81d150008ababc19399c7ed428638b57ea
4334,2019-09-24,8.04,8.04,8.0,8.04,77780,,,,,historical_baseline,,fe33df9ae5456d8ee27133c42c244c81d150008ababc19399c7ed428638b57ea
4334,2019-09-25,8.06,8.2,8.01,8.01,302024,,,,,historical_baseline,,fe33df9ae5456d8ee27133c42c244c81d150008ababc19399c7ed428638b57ea
4334,2019-09-26,8.08,8.11,8.02,8.09,97484,,,,,historical_baseline,,fe33df9ae5456d8ee27133c42c244c81d150008ababc19399c7ed428638b57ea
4334,2019-09-29,8.08,8.15,8.02,8.11,59699,,,,,historical_baseline,,fe33df9ae5456d8ee27133c42c244c81d150008ababc19399c7ed428638b57ea
4334,2019-09-30,8.13,8.13,8.07,8.07,47367,,,,,historical_baseline,,fe33df9ae5456d8ee27133c42c244c81d150008ababc19399c7ed428638b57ea
4335,2019-09-01,8.14,8.14,8.1,8.13,92029,,,,,historical_baseline,,fe33df9ae5456d8ee27133c42c244c81d150008ababc19399c7ed428638b57ea
4335,2019-09-02,8.15,8.15,8.1,8.15,210381,,,,,historical_baseline,,fe33df9ae5456d8ee27133c42c244c81d150008ababc19399c7ed428638b57ea
4335,2019-09-03,8.15,8.2,8.15,8.2,334952,,,,,historical_baseline,,fe33df9ae5456d8ee27133c42c244c81d150008ababc19399c7ed428638b57ea
4335,2019-09-04,8.2,8.3,8.2,8.3,210425,,,,,historical_baseline,,fe33df9ae5456d8ee27133c42c244c81d150008ababc19399c7ed428638b57ea
4335,2019-09-05,8.33,8.33,8.2,8.25,122883,,,,,historical_baseline,,fe33df9ae5456d8ee27133c42c244c81d150008ababc19399c7ed428638b57ea
4335,2019-09-08,8.28,8.29,8.27,8.27,23563,,,,,historical_baseline,,fe33df9ae5456d8ee27133c42c244c81d150008ababc19399c7ed428638b57ea
4335,2019-09-09,8.29,8.29,8.28,8.28,32014,,,,,historical_baseline,,fe33df9ae5456d8ee27133c42c244c81d150008ababc19399c7ed428638b57ea
4335,2019-09-10,8.3,8.31,8.29,8.31,118321,,,,,historical_baseline,,fe33df9ae5456d8ee27133c42c244c81d150008ababc19399c7ed428638b57ea
4335,2019-09-11,8.32,8.33,8.3,8.31,139498,,,,,historical_baseline,,fe33df9ae5456d8ee27133c42c244c81d150008ababc19399c7ed428638b57ea
4335,2019-09-12,8.31,8.34,8.3,8.3,67003,,,,,historical_baseline,,fe33df9ae5456d8ee27133c42c244c81d150008ababc19399c7ed428638b57ea
4335,2019-09-15,8.23,8.25,8.17,8.18,216880,,,,,historical_baseline,,fe33df9ae5456d8ee27133c42c244c81d150008ababc19399c7ed428638b57ea
4335,2019-09-16,8.19,8.2,8.17,8.17,267265,,,,,historical_baseline,,fe33df9ae5456d8ee27133c42c244c81d150008ababc19399c7ed428638b57ea
4335,2019-09-17,8.2,8.2,8.16,8.16,101557,,,,,historical_baseline,,fe33df9ae5456d8ee27133c42c244c81d150008ababc19399c7ed428638b57ea
4335,2019-09-18,8.24,8.24,8.15,8.16,145771,,,,,historical_baseline,,fe33df9ae5456d8ee27133c42c244c81d150008ababc19399c7ed428638b57ea
4335,2019-09-19,8.15,8.24,8.14,8.24,217569,,,,,historical_baseline,,fe33df9ae5456d8ee27133c42c244c81d150008ababc19399c7ed428638b57ea
4335,2019-09-22,8.19,8.24,8.18,8.24,61104,,,,,historical_baseline,,fe33df9ae5456d8ee27133c42c244c81d150008ababc19399c7ed428638b57ea
4335,2019-09-24,8.25,8.27,8.25,8.25,107984,,,,,historical_baseline,,fe33df9ae5456d8ee27133c42c244c81d150008ababc19399c7ed428638b57ea
4335,2019-09-25,8.25,8.28,8.2,8.2,84336,,,,,historical_baseline,,fe33df9ae5456d8ee27133c42c244c81d150008ababc19399c7ed428638b57ea
4335,2019-09-26,8.23,8.24,8.19,8.24,149253,,,,,historical_baseline,,fe33df9ae5456d8ee27133c42c244c81d150008ababc19399c7ed428638b57ea
4335,2019-09-29,8.24,8.25,8.2,8.2,42493,,,,,historical_baseline,,fe33df9ae5456d8ee27133c42c244c81d150008ababc19399c7ed428638b57ea
4335,2019-09-30,8.21,8.26,8.21,8.26,88325,,,,,historical_baseline,,fe33df9ae5456d8ee27133c42c244c81d150008ababc19399c7ed428638b57ea
4336,2019-09-01,8.79,8.79,8.71,8.75,53126,,,,,historical_baseline,,fe33df9ae5456d8ee27133c42c244c81d150008ababc19399c7ed428638b57ea
4336,2019-09-02,8.75,8.77,8.75,8.77,26748,,,,,historical_baseline,,fe33df9ae5456d8ee27133c42c244c81d150008ababc19399c7ed428638b57ea
4336,2019-09-03,8.77,8.77,8.77,8.77,7490,,,,,historical_baseline,,fe33df9ae5456d8ee27133c42c244c81d150008ababc19399c7ed428638b57ea
4336,2019-09-04,8.74,8.74,8.73,8.73,22524,,,,,historical_baseline,,fe33df9ae5456d8ee27133c42c244c81d150008ababc19399c7ed428638b57ea
4336,2019-09-05,8.77,8.77,8.77,8.77,16818,,,,,historical_baseline,,fe33df9ae5456d8ee27133c42c244c81d150008ababc19399c7ed428638b57ea
4336,2019-09-08,8.77,8.77,8.77,8.77,15869,,,,,historical_baseline,,fe33df9ae5456d8ee27133c42c244c81d150008ababc19399c7ed428638b57ea
4336,2019-09-09,8.75,8.79,8.75,8.79,33923,,,,,historical_baseline,,fe33df9ae5456d8ee27133c42c244c81d150008ababc19399c7ed428638b57ea
4336,2019-09-10,8.76,8.76,8.74,8.74,32222,,,,,historical_baseline,,fe33df9ae5456d8ee27133c42c244c81d150008ababc19399c7ed428638b57ea
4336,2019-09-11,8.74,8.74,8.71,8.73,39825,,,,,historical_baseline,,fe33df9ae5456d8ee27133c42c244c81d150008ababc19399c7ed428638b57ea
4336,2019-09-12,8.75,8.76,8.75,8.76,28506,,,,,historical_baseline,,fe33df9ae5456d8ee27133c42c244c81d150008ababc19399c7ed428638b57ea
4336,2019-09-15,8.7,8.7,8.67,8.67,65937,,,,,historical_baseline,,fe33df9ae5456d8ee27133c42c244c81d150008ababc19399c7ed428638b57ea
4336,2019-09-16,8.71,8.76,8.7,8.74,69501,,,,,historical_baseline,,fe33df9ae5456d8ee27133c42c244c81d150008ababc19399c7ed428638b57ea
4336,2019-09-17,8.74,8.75,8.74,8.75,14623,,,,,historical_baseline,,fe33df9ae5456d8ee27133c42c244c81d150008ababc19399c7ed428638b57ea
4336,2019-09-18,8.75,8.75,8.75,8.75,11635,,,,,historical_baseline,,fe33df9ae5456d8ee27133c42c244c81d150008ababc19399c7ed428638b57ea
4336,2019-09-19,8.75,8.92,8.7,8.89,216606,,,,,historical_baseline,,fe33df9ae5456d8ee27133c42c244c81d150008ababc19399c7ed428638b57ea
4336,2019-09-22,8.89,8.94,8.8,8.83,61242,,,,,historical_baseline,,fe33df9ae5456d8ee27133c42c244c81d150008ababc19399c7ed428638b57ea
4336,2019-09-24,8.81,8.81,8.79,8.8,35599,,,,,historical_baseline,,fe33df9ae5456d8ee27133c42c244c81d150008ababc19399c7ed428638b57ea
4336,2019-09-25,8.8,8.8,8.76,8.76,61151,,,,,historical_baseline,,fe33df9ae5456d8ee27133c42c244c81d150008ababc19399c7ed428638b57ea
4336,2019-09-26,8.78,8.79,8.78,8.78,70383,,,,,historical_baseline,,fe33df9ae5456d8ee27133c42c244c81d150008ababc19399c7ed428638b57ea
4336,2019-09-29,8.8,8.82,8.8,8.8,84438,,,,,historical_baseline,,fe33df9ae5456d8ee27133c42c244c81d150008ababc19399c7ed428638b57ea
4336,2019-09-30,8.81,8.81,8.79,8.8,66297,,,,,historical_baseline,,fe33df9ae5456d8ee27133c42c244c81d150008ababc19399c7ed428638b57ea
4337,2019-09-01,7.62,7.63,7.6,7.61,73596,,,,,historical_baseline,,fe33df9ae5456d8ee27133c42c244c81d150008ababc19399c7ed428638b57ea
4337,2019-09-02,7.61,7.64,7.61,7.64,40930,,,,,historical_baseline,,fe33df9ae5456d8ee27133c42c244c81d150008ababc19399c7ed428638b57ea
4337,2019-09-03,7.62,7.62,7.62,7.62,38640,,,,,historical_baseline,,fe33df9ae5456d8ee27133c42c244c81d150008ababc19399c7ed428638b57ea
4337,2019-09-04,7.62,7.63,7.6,7.63,54880,,,,,historical_baseline,,fe33df9ae5456d8ee27133c42c244c81d150008ababc19399c7ed428638b57ea
4337,2019-09-05,7.63,7.65,7.61,7.63,28315,,,,,historical_baseline,,fe33df9ae5456d8ee27133c42c244c81d150008ababc19399c7ed428638b57ea
4337,2019-09-08,7.63,7.64,7.63,7.64,29767,,,,,historical_baseline,,fe33df9ae5456d8ee27133c42c244c81d150008ababc19399c7ed428638b57ea
4337,2019-09-09,7.62,7.64,7.62,7.64,25316,,,,,historical_baseline,,fe33df9ae5456d8ee27133c42c244c81d150008ababc19399c7ed428638b57ea
4337,2019-09-10,7.62,7.64,7.62,7.62,39472,,,,,historical_baseline,,fe33df9ae5456d8ee27133c42c244c81d150008ababc19399c7ed428638b57ea
4337,2019-09-11,7.61,7.61,7.61,7.61,38226,,,,,historical_baseline,,fe33df9ae5456d8ee27133c42c244c81d150008ababc19399c7ed428638b57ea
4337,2019-09-12,7.58,7.58,7.58,7.58,16621,,,,,historical_baseline,,fe33df9ae5456d8ee27133c42c244c81d150008ababc19399c7ed428638b57ea
4337,2019-09-15,7.59,7.6,7.58,7.6,68872,,,,,historical_baseline,,fe33df9ae5456d8ee27133c42c244c81d150008ababc19399c7ed428638b57ea
4337,2019-09-16,7.62,7.62,7.62,7.62,34520,,,,,historical_baseline,,fe33df9ae5456d8ee27133c42c244c81d150008ababc19399c7ed428638b57ea
4337,2019-09-17,7.6,7.62,7.59,7.59,54029,,,,,historical_baseline,,fe33df9ae5456d8ee27133c42c244c81d150008ababc19399c7ed428638b57ea
4337,2019-09-18,7.59,7.62,7.59,7.6,18801,,,,,historical_baseline,,fe33df9ae5456d8ee27133c42c244c81d150008ababc19399c7ed428638b57ea
4337,2019-09-19,7.59,7.65,7.58,7.65,181951,,,,,historical_baseline,,fe33df9ae5456d8ee27133c42c244c81d150008ababc19399c7ed428638b57ea
4337,2019-09-22,7.63,7.63,7.63,7.63,26222,,,,,historical_baseline,,fe33df9ae5456d8ee27133c42c244c81d150008ababc19399c7ed428638b57ea
4337,2019-09-24,7.66,7.66,7.65,7.66,53799,,,,,historical_baseline,,fe33df9ae5456d8ee27133c42c244c81d150008ababc19399c7ed428638b57ea
4337,2019-09-25,7.65,7.67,7.64,7.65,83604,,,,,historical_baseline,,fe33df9ae5456d8ee27133c42c244c81d150008ababc19399c7ed428638b57ea
4337,2019-09-26,7.66,7.66,7.63,7.63,35547,,,,,historical_baseline,,fe33df9ae5456d8ee27133c42c244c81d150008ababc19399c7ed428638b57ea
4337,2019-09-29,7.64,7.65,7.63,7.64,325048,,,,,historical_baseline,,fe33df9ae5456d8ee27133c42c244c81d150008ababc19399c7ed428638b57ea
4337,2019-09-30,7.66,7.66,7.64,7.64,55992,,,,,historical_baseline,,fe33df9ae5456d8ee27133c42c244c81d150008ababc19399c7ed428638b57ea
4338,2019-09-01,8.26,8.26,8.17,8.18,59027,,,,,historical_baseline,,fe33df9ae5456d8ee27133c42c244c81d150008ababc19399c7ed428638b57ea
4338,2019-09-02,8.18,8.21,8.18,8.2,54588,,,,,historical_baseline,,fe33df9ae5456d8ee27133c42c244c81d150008ababc19399c7ed428638b57ea
4338,2019-09-03,8.22,8.22,8.22,8.22,29054,,,,,historical_baseline,,fe33df9ae5456d8ee27133c42c244c81d150008ababc19399c7ed428638b57ea
4338,2019-09-04,8.24,8.28,8.23,8.25,66451,,,,,historical_baseline,,fe33df9ae5456d8ee27133c42c244c81d150008ababc19399c7ed428638b57ea
4338,2019-09-05,8.25,8.27,8.24,8.24,35230,,,,,historical_baseline,,fe33df9ae5456d8ee27133c42c244c81d150008ababc19399c7ed428638b57ea
4338,2019-09-08,8.25,8.26,8.22,8.22,77881,,,,,historical_baseline,,fe33df9ae5456d8ee27133c42c244c81d150008ababc19399c7ed428638b57ea
4338,2019-09-09,8.2,8.24,8.2,8.24,26414,,,,,historical_baseline,,fe33df9ae5456d8ee27133c42c244c81d150008ababc19399c7ed428638b57ea
4338,2019-09-10,8.24,8.26,8.24,8.26,127751,,,,,historical_baseline,,fe33df9ae5456d8ee27133c42c244c81d150008ababc19399c7ed428638b57ea
4338,2019-09-11,8.25,8.28,8.24,8.25,215677,,,,,historical_baseline,,fe33df9ae5456d8ee27133c42c244c81d150008ababc19399c7ed428638b57ea
4338,2019-09-12,8.25,8.28,8.25,8.25,37719,,,,,historical_baseline,,fe33df9ae5456d8ee27133c42c244c81d150008ababc19399c7ed428638b57ea
4338,2019-09-15,8.2,8.25,8.15,8.25,174258,,,,,historical_baseline,,fe33df9ae5456d8ee27133c42c244c81d150008ababc19399c7ed428638b57ea
4338,2019-09-16,8.26,8.35,8.26,8.35,344011,,,,,historical_baseline,,fe33df9ae5456d8ee27133c42c244c81d150008ababc19399c7ed428638b57ea
4338,2019-09-17,8.3,8.35,8.3,8.35,179096,,,,,historical_baseline,,fe33df9ae5456d8ee27133c42c244c81d150008ababc19399c7ed428638b57ea
4338,2019-09-18,8.35,8.39,8.35,8.39,51694,,,,,historical_baseline,,fe33df9ae5456d8ee27133c42c244c81d150008ababc19399c7ed428638b57ea
4338,2019-09-19,8.31,8.32,8.3,8.3,75807,,,,,historical_baseline,,fe33df9ae5456d8ee27133c42c244c81d150008ababc19399c7ed428638b57ea
4338,2019-09-22,8.38,8.38,8.3,8.3,28736,,,,,historical_baseline,,fe33df9ae5456d8ee27133c42c244c81d150008ababc19399c7ed428638b57ea
4338,2019-09-24,8.27,8.35,8.27,8.3,38368,,,,,historical_baseline,,fe33df9ae5456d8ee27133c42c244c81d150008ababc19399c7ed428638b57ea
4338,2019-09-25,8.4,8.48,8.34,8.34,105078,,,,,historical_baseline,,fe33df9ae5456d8ee27133c42c244c81d150008ababc19399c7ed428638b57ea
4338,2019-09-26,8.3,8.31,8.3,8.31,31530,,,,,historical_baseline,,fe33df9ae5456d8ee27133c42c244c81d150008ababc19399c7ed428638b57ea
4338,2019-09-29,8.31,8.4,8.31,8.39,27740,,,,,historical_baseline,,fe33df9ae5456d8ee27133c42c244c81d150008ababc19399c7ed428638b57ea
4338,2019-09-30,8.38,8.38,8.38,8.38,11464,,,,,historical_baseline,,fe33df9ae5456d8ee27133c42c244c81d150008ababc19399c7ed428638b57ea
4339,2019-09-01,9.21,9.21,9.19,9.21,92666,,,,,historical_baseline,,fe33df9ae5456d8ee27133c42c244c81d150008ababc19399c7ed428638b57ea
4339,2019-09-02,9.2,9.3,9.18,9.3,110407,,,,,historical_baseline,,fe33df9ae5456d8ee27133c42c244c81d150008ababc19399c7ed428638b57ea
4339,2019-09-03,9.3,9.3,9.24,9.24,44540,,,,,historical_baseline,,fe33df9ae5456d8ee27133c42c244c81d150008ababc19399c7ed428638b57ea
4339,2019-09-04,9.26,9.3,9.25,9.3,132622,,,,,historical_baseline,,fe33df9ae5456d8ee27133c42c244c81d150008ababc19399c7ed428638b57ea
4339,2019-09-05,9.27,9.32,9.26,9.32,54892,,,,,historical_baseline,,fe33df9ae5456d8ee27133c42c244c81d150008ababc19399c7ed428638b57ea
4339,2019-09-08,9.3,9.34,9.26,9.3,113553,,,,,historical_baseline,,fe33df9ae5456d8ee27133c42c244c81d150008ababc19399c7ed428638b57ea
4339,2019-09-09,9.27,9.34,9.26,9.32,117924,,,,,historical_baseline,,fe33df9ae5456d8ee27133c42c244c81d150008ababc19399c7ed428638b57ea
4339,2019-09-10,9.3,9.34,9.3,9.34,48821,,,,,historical_baseline,,fe33df9ae5456d8ee27133c42c244c81d150008ababc19399c7ed428638b57ea
4339,2019-09-11,9.3,9.37,9.28,9.3,113406,,,,,historical_baseline,,fe33df9ae5456d8ee27133c42c244c81d150008ababc19399c7ed428638b57ea
4339,2019-09-12,9.35,9.45,9.35,9.43,131410,,,,,historical_baseline,,fe33df9ae5456d8ee27133c42c244c81d150008ababc19399c7ed428638b57ea
4339,2019-09-15,9.31,9.38,9.22,9.36,325565,,,,,historical_baseline,,fe33df9ae5456d8ee27133c42c244c81d150008ababc19399c7ed428638b57ea
4339,2019-09-16,9.35,9.4,9.24,9.25,540911,,,,,historical_baseline,,fe33df9ae5456d8ee27133c42c244c81d150008ababc19399c7ed428638b57ea
4339,2019-09-17,9.27,9.35,9.26,9.33,257846,,,,,historical_baseline,,fe33df9ae5456d8ee27133c42c244c81d150008ababc19399c7ed428638b57ea
4339,2019-09-18,9.27,9.34,9.27,9.29,113861,,,,,historical_baseline,,fe33df9ae5456d8ee27133c42c244c81d150008ababc19399c7ed428638b57ea
4339,2019-09-19,9.3,9.35,9.29,9.34,657554,,,,,historical_baseline,,fe33df9ae5456d8ee27133c42c244c81d150008ababc19399c7ed428638b57ea
4339,2019-09-22,9.33,9.33,9.3,9.33,34004,,,,,historical_baseline,,fe33df9ae5456d8ee27133c42c244c81d150008ababc19399c7ed428638b57ea
4339,2019-09-24,9.3,9.3,9.27,9.27,357061,,,,,historical_baseline,,fe33df9ae5456d8ee27133c42c244c81d150008ababc19399c7ed428638b57ea
4339,2019-09-25,9.29,9.3,9.28,9.29,98770,,,,,historical_baseline,,fe33df9ae5456d8ee27133c42c244c81d150008ababc19399c7ed428638b57ea
4339,2019-09-26,9.35,9.5,9.35,9.41,1202606,,,,,historical_baseline,,fe33df9ae5456d8ee27133c42c244c81d150008ababc19399c7ed428638b57ea
4339,2019-09-29,9.4,9.7,9.4,9.58,1176229,,,,,historical_baseline,,fe33df9ae5456d8ee27133c42c244c81d150008ababc19399c7ed428638b57ea
4339,2019-09-30,9.6,9.62,9.55,9.58,338568,,,,,historical_baseline,,fe33df9ae5456d8ee27133c42c244c81d150008ababc19399c7ed428638b57ea
4340,2019-09-01,8.94,8.95,8.91,8.95,210746,,,,,historical_baseline,,fe33df9ae5456d8ee27133c42c244c81d150008ababc19399c7ed428638b57ea
4340,2019-09-02,8.91,8.91,8.88,8.9,378867,,,,,historical_baseline,,fe33df9ae5456d8ee27133c42c244c81d150008ababc19399c7ed428638b57ea
4340,2019-09-03,8.89,8.89,8.79,8.79,313993,,,,,historical_baseline,,fe33df9ae5456d8ee27133c42c244c81d150008ababc19399c7ed428638b57ea
4340,2019-09-04,8.78,8.81,8.77,8.78,226162,,,,,historical_baseline,,fe33df9ae5456d8ee27133c42c244c81d150008ababc19399c7ed428638b57ea
4340,2019-09-05,8.78,8.81,8.77,8.78,168652,,,,,historical_baseline,,fe33df9ae5456d8ee27133c42c244c81d150008ababc19399c7ed428638b57ea
4340,2019-09-08,8.77,8.79,8.76,8.76,138418,,,,,historical_baseline,,fe33df9ae5456d8ee27133c42c244c81d150008ababc19399c7ed428638b57ea
4340,2019-09-09,8.82,8.82,8.8,8.8,321540,,,,,historical_baseline,,fe33df9ae5456d8ee27133c42c244c81d150008ababc19399c7ed428638b57ea
4340,2019-09-10,8.76,8.77,8.73,8.76,191401,,,,,historical_baseline,,fe33df9ae5456d8ee27133c42c244c81d150008ababc19399c7ed428638b57ea
4340,2019-09-11,8.74,8.79,8.7,8.73,105907,,,,,historical_baseline,,fe33df9ae5456d8ee27133c42c244c81d150008ababc19399c7ed428638b57ea
4340,2019-09-12,8.76,8.78,8.72,8.78,67170,,,,,historical_baseline,,fe33df9ae5456d8ee27133c42c244c81d150008ababc19399c7ed428638b57ea
4340,2019-09-15,8.7,8.82,8.69,8.82,570202,,,,,historical_baseline,,fe33df9ae5456d8ee27133c42c244c81d150008ababc19399c7ed428638b57ea
4340,2019-09-16,8.8,8.8,8.79,8.8,164050,,,,,historical_baseline,,fe33df9ae5456d8ee27133c42c244c81d150008ababc19399c7ed428638b57ea
4340,2019-09-17,8.79,8.81,8.78,8.78,171658,,,,,historical_baseline,,fe33df9ae5456d8ee27133c42c244c81d150008ababc19399c7ed428638b57ea
4340,2019-09-18,8.79,8.82,8.78,8.82,384400,,,,,historical_baseline,,fe33df9ae5456d8ee27133c42c244c81d150008ababc19399c7ed428638b57ea
4340,2019-09-19,8.79,8.82,8.78,8.82,665996,,,,,historical_baseline,,fe33df9ae5456d8ee27133c42c244c81d150008ababc19399c7ed428638b57ea
4340,2019-09-22,8.81,8.81,8.8,8.81,77057,,,,,historical_baseline,,fe33df9ae5456d8ee27133c42c244c81d150008ababc19399c7ed428638b57ea
4340,2019-09-24,8.82,8.82,8.79,8.8,134842,,,,,historical_baseline,,fe33df9ae5456d8ee27133c42c244c81d150008ababc19399c7ed428638b57ea
4340,2019-09-25,8.82,8.84,8.79,8.82,236386,,,,,historical_baseline,,fe33df9ae5456d8ee27133c42c244c81d150008ababc19399c7ed428638b57ea
4340,2019-09-26,8.79,8.8,8.78,8.79,194244,,,,,historical_baseline,,fe33df9ae5456d8ee27133c42c244c81d150008ababc19399c7ed428638b57ea
4340,2019-09-29,8.81,8.81,8.79,8.79,74545,,,,,historical_baseline,,fe33df9ae5456d8ee27133c42c244c81d150008ababc19399c7ed428638b57ea
4340,2019-09-30,8.79,8.79,8.78,8.78,171662,,,,,historical_baseline,,fe33df9ae5456d8ee27133c42c244c81d150008ababc19399c7ed428638b57ea
4342,2019-09-01,9.9,9.93,9.87,9.9,263102,,,,,historical_baseline,,fe33df9ae5456d8ee27133c42c244c81d150008ababc19399c7ed428638b57ea
4342,2019-09-02,9.9,9.94,9.9,9.93,83665,,,,,historical_baseline,,fe33df9ae5456d8ee27133c42c244c81d150008ababc19399c7ed428638b57ea
4342,2019-09-03,9.95,9.97,9.9,9.96,93784,,,,,historical_baseline,,fe33df9ae5456d8ee27133c42c244c81d150008ababc19399c7ed428638b57ea
4342,2019-09-04,9.91,9.97,9.9,9.97,451067,,,,,historical_baseline,,fe33df9ae5456d8ee27133c42c244c81d150008ababc19399c7ed428638b57ea
4342,2019-09-05,9.91,9.97,9.9,9.9,61463,,,,,historical_baseline,,fe33df9ae5456d8ee27133c42c244c81d150008ababc19399c7ed428638b57ea
4342,2019-09-08,9.9,9.93,9.88,9.93,92981,,,,,historical_baseline,,fe33df9ae5456d8ee27133c42c244c81d150008ababc19399c7ed428638b57ea
4342,2019-09-09,9.93,9.93,9.83,9.84,282565,,,,,historical_baseline,,fe33df9ae5456d8ee27133c42c244c81d150008ababc19399c7ed428638b57ea
4342,2019-09-10,9.9,9.91,9.85,9.9,279404,,,,,historical_baseline,,fe33df9ae5456d8ee27133c42c244c81d150008ababc19399c7ed428638b57ea
4342,2019-09-11,9.9,9.9,9.85,9.85,141073,,,,,historical_baseline,,fe33df9ae5456d8ee27133c42c244c81d150008ababc19399c7ed428638b57ea
4342,2019-09-12,9.9,9.92,9.9,9.92,298016,,,,,historical_baseline,,fe33df9ae5456d8ee27133c42c244c81d150008ababc19399c7ed428638b57ea
4342,2019-09-15,9.93,9.97,9.85,9.91,783026,,,,,historical_baseline,,fe33df9ae5456d8ee27133c42c244c81d150008ababc19399c7ed428638b57ea
4342,2019-09-16,9.99,9.99,9.9,9.99,140952,,,,,historical_baseline,,fe33df9ae5456d8ee27133c42c244c81d150008ababc19399c7ed428638b57ea
4342,2019-09-17,9.9,9.9,9.85,9.89,471548,,,,,historical_baseline,,fe33df9ae5456d8ee27133c42c244c81d150008ababc19399c7ed428638b57ea
4342,2019-09-18,9.9,9.95,9.9,9.91,69167,,,,,historical_baseline,,fe33df9ae5456d8ee27133c42c244c81d150008ababc19399c7ed428638b57ea
4342,2019-09-19,9.86,9.97,9.85,9.95,1010492,,,,,historical_baseline,,fe33df9ae5456d8ee27133c42c244c81d150008ababc19399c7ed428638b57ea
4342,2019-09-22,9.95,9.95,9.88,9.88,58598,,,,,historical_baseline,,fe33df9ae5456d8ee27133c42c244c81d150008ababc19399c7ed428638b57ea
4342,2019-09-24,9.88,9.88,9.88,9.88,17212,,,,,historical_baseline,,fe33df9ae5456d8ee27133c42c244c81d150008ababc19399c7ed428638b57ea
4342,2019-09-25,9.96,9.96,9.9,9.9,28073,,,,,historical_baseline,,fe33df9ae5456d8ee27133c42c244c81d150008ababc19399c7ed428638b57ea
4342,2019-09-26,9.9,9.97,9.9,9.97,447851,,,,,historical_baseline,,fe33df9ae5456d8ee27133c42c244c81d150008ababc19399c7ed428638b57ea
4342,2019-09-29,9.98,10.0,9.97,9.99,508809,,,,,historical_baseline,,fe33df9ae5456d8ee27133c42c244c81d150008ababc19399c7ed428638b57ea
4342,2019-09-30,10.0,10.0,10.0,10.0,45902,,,,,historical_baseline,,fe33df9ae5456d8ee27133c42c244c81d150008ababc19399c7ed428638b57ea
4344,2019-09-01,8.28,8.28,8.21,8.27,152738,,,,,historical_baseline,,fe33df9ae5456d8ee27133c42c244c81d150008ababc19399c7ed428638b57ea
4344,2019-09-02,8.25,8.3,8.25,8.3,75237,,,,,historical_baseline,,fe33df9ae5456d8ee27133c42c244c81d150008ababc19399c7ed428638b57ea
4344,2019-09-03,8.26,8.26,8.24,8.24,77959,,,,,historical_baseline,,fe33df9ae5456d8ee27133c42c244c81d150008ababc19399c7ed428638b57ea
4344,2019-09-04,8.24,8.25,8.23,8.24,45657,,,,,historical_baseline,,fe33df9ae5456d8ee27133c42c244c81d150008ababc19399c7ed428638b57ea
4344,2019-09-05,8.24,8.3,8.22,8.22,167829,,,,,historical_baseline,,fe33df9ae5456d8ee27133c42c244c81d150008ababc19399c7ed428638b57ea
4344,2019-09-08,8.21,8.21,8.17,8.19,126170,,,,,historical_baseline,,fe33df9ae5456d8ee27133c42c244c81d150008ababc19399c7ed428638b57ea
4344,2019-09-09,8.16,8.18,8.15,8.18,76362,,,,,historical_baseline,,fe33df9ae5456d8ee27133c42c244c81d150008ababc19399c7ed428638b57ea
4344,2019-09-10,8.17,8.18,8.15,8.17,79463,,,,,historical_baseline,,fe33df9ae5456d8ee27133c42c244c81d150008ababc19399c7ed428638b57ea
4344,2019-09-11,8.15,8.16,8.13,8.14,153716,,,,,historical_baseline,,fe33df9ae5456d8ee27133c42c244c81d150008ababc19399c7ed428638b57ea
4344,2019-09-12,8.15,8.16,8.14,8.16,108838,,,,,historical_baseline,,fe33df9ae5456d8ee27133c42c244c81d150008ababc19399c7ed428638b57ea
4344,2019-09-15,8.14,8.19,8.12,8.19,291889,,,,,historical_baseline,,fe33df9ae5456d8ee27133c42c244c81d150008ababc19399c7ed428638b57ea
4344,2019-09-16,8.18,8.2,8.18,8.19,78167,,,,,historical_baseline,,fe33df9ae5456d8ee27133c42c244c81d150008ababc19399c7ed428638b57ea
4344,2019-09-17,8.18,8.25,8.18,8.18,209885,,,,,historical_baseline,,fe33df9ae5456d8ee27133c42c244c81d150008ababc19399c7ed428638b57ea
4344,2019-09-18,8.24,8.25,8.2,8.22,105425,,,,,historical_baseline,,fe33df9ae5456d8ee27133c42c244c81d150008ababc19399c7ed428638b57ea
4344,2019-09-19,8.22,8.22,8.18,8.2,111748,,,,,historical_baseline,,fe33df9ae5456d8ee27133c42c244c81d150008ababc19399c7ed428638b57ea
4344,2019-09-22,8.2,8.22,8.19,8.19,71373,,,,,historical_baseline,,fe33df9ae5456d8ee27133c42c244c81d150008ababc19399c7ed428638b57ea
4344,2019-09-24,8.22,8.22,8.2,8.22,160378,,,,,historical_baseline,,fe33df9ae5456d8ee27133c42c244c81d150008ababc19399c7ed428638b57ea
4344,2019-09-25,8.23,8.23,8.2,8.21,339365,,,,,historical_baseline,,fe33df9ae5456d8ee27133c42c244c81d150008ababc19399c7ed428638b57ea
4344,2019-09-26,8.22,8.25,8.22,8.22,168848,,,,,historical_baseline,,fe33df9ae5456d8ee27133c42c244c81d150008ababc19399c7ed428638b57ea
4344,2019-09-29,8.24,8.27,8.24,8.27,107674,,,,,historical_baseline,,fe33df9ae5456d8ee27133c42c244c81d150008ababc19399c7ed428638b57ea
4344,2019-09-30,8.3,8.35,8.28,8.35,151551,,,,,historical_baseline,,fe33df9ae5456d8ee27133c42c244c81d150008ababc19399c7ed428638b57ea
4345,2019-09-01,7.8,7.83,7.8,7.8,43820,,,,,historical_baseline,,fe33df9ae5456d8ee27133c42c244c81d150008ababc19399c7ed428638b57ea
4345,2019-09-02,7.78,7.8,7.78,7.8,9269,,,,,historical_baseline,,fe33df9ae5456d8ee27133c42c244c81d150008ababc19399c7ed428638b57ea
4345,2019-09-03,7.8,7.8,7.8,7.8,9232,,,,,historical_baseline,,fe33df9ae5456d8ee27133c42c244c81d150008ababc19399c7ed428638b57ea
4345,2019-09-04,7.88,7.88,7.88,7.88,5862,,,,,historical_baseline,,fe33df9ae5456d8ee27133c42c244c81d150008ababc19399c7ed428638b57ea
4345,2019-09-05,7.87,7.87,7.87,7.87,12792,,,,,historical_baseline,,fe33df9ae5456d8ee27133c42c244c81d150008ababc19399c7ed428638b57ea
4345,2019-09-08,7.87,7.87,7.87,7.87,7335,,,,,historical_baseline,,fe33df9ae5456d8ee27133c42c244c81d150008ababc19399c7ed428638b57ea
4345,2019-09-09,7.81,7.81,7.81,7.81,4665,,,,,historical_baseline,,fe33df9ae5456d8ee27133c42c244c81d150008ababc19399c7ed428638b57ea
4345,2019-09-10,7.81,7.82,7.81,7.82,13290,,,,,historical_baseline,,fe33df9ae5456d8ee27133c42c244c81d150008ababc19399c7ed428638b57ea
4345,2019-09-11,7.8,7.87,7.8,7.87,19857,,,,,historical_baseline,,fe33df9ae5456d8ee27133c42c244c81d150008ababc19399c7ed428638b57ea
4345,2019-09-12,7.8,7.8,7.8,7.8,27400,,,,,historical_baseline,,fe33df9ae5456d8ee27133c42c244c81d150008ababc19399c7ed428638b57ea
4345,2019-09-15,7.8,7.8,7.8,7.8,7583,,,,,historical_baseline,,fe33df9ae5456d8ee27133c42c244c81d150008ababc19399c7ed428638b57ea
4345,2019-09-16,7.8,7.8,7.8,7.8,9716,,,,,historical_baseline,,fe33df9ae5456d8ee27133c42c244c81d150008ababc19399c7ed428638b57ea
4345,2019-09-17,7.8,7.8,7.8,7.8,4120,,,,,historical_baseline,,fe33df9ae5456d8ee27133c42c244c81d150008ababc19399c7ed428638b57ea
4345,2019-09-18,7.81,7.81,7.81,7.81,7145,,,,,historical_baseline,,fe33df9ae5456d8ee27133c42c244c81d150008ababc19399c7ed428638b57ea
4345,2019-09-19,7.85,7.85,7.85,7.85,17437,,,,,historical_baseline,,fe33df9ae5456d8ee27133c42c244c81d150008ababc19399c7ed428638b57ea
4345,2019-09-22,7.82,7.82,7.8,7.8,7288,,,,,historical_baseline,,fe33df9ae5456d8ee27133c42c244c81d150008ababc19399c7ed428638b57ea
4345,2019-09-24,7.8,7.8,7.8,7.8,4369,,,,,historical_baseline,,fe33df9ae5456d8ee27133c42c244c81d150008ababc19399c7ed428638b57ea
4345,2019-09-25,7.84,7.84,7.8,7.8,24457,,,,,historical_baseline,,fe33df9ae5456d8ee27133c42c244c81d150008ababc19399c7ed428638b57ea
4345,2019-09-26,7.84,7.84,7.82,7.83,16405,,,,,historical_baseline,,fe33df9ae5456d8ee27133c42c244c81d150008ababc19399c7ed428638b57ea
4345,2019-09-29,7.83,7.83,7.83,7.83,2047,,,,,historical_baseline,,fe33df9ae5456d8ee27133c42c244c81d150008ababc19399c7ed428638b57ea
4345,2019-09-30,7.84,7.9,7.84,7.9,11747,,,,,historical_baseline,,fe33df9ae5456d8ee27133c42c244c81d150008ababc19399c7ed428638b57ea
4347,2019-09-01,8.9,8.9,8.83,8.83,17536,,,,,historical_baseline,,fe33df9ae5456d8ee27133c42c244c81d150008ababc19399c7ed428638b57ea
4347,2019-09-02,8.83,8.83,8.83,8.83,1486,,,,,historical_baseline,,fe33df9ae5456d8ee27133c42c244c81d150008ababc19399c7ed428638b57ea
4347,2019-09-03,8.83,8.83,8.83,8.83,424,,,,,historical_baseline,,fe33df9ae5456d8ee27133c42c244c81d150008ababc19399c7ed428638b57ea
4347,2019-09-04,8.92,8.93,8.92,8.93,35373,,,,,historical_baseline,,fe33df9ae5456d8ee27133c42c244c81d150008ababc19399c7ed428638b57ea
4347,2019-09-05,8.93,8.93,8.93,8.93,5384,,,,,historical_baseline,,fe33df9ae5456d8ee27133c42c244c81d150008ababc19399c7ed428638b57ea
4347,2019-09-08,8.83,8.95,8.83,8.93,18512,,,,,historical_baseline,,fe33df9ae5456d8ee27133c42c244c81d150008ababc19399c7ed428638b57ea
4347,2019-09-09,8.93,8.93,8.93,8.93,2989,,,,,historical_baseline,,fe33df9ae5456d8ee27133c42c244c81d150008ababc19399c7ed428638b57ea
4347,2019-09-10,8.93,8.93,8.7,8.7,119743,,,,,historical_baseline,,fe33df9ae5456d8ee27133c42c244c81d150008ababc19399c7ed428638b57ea
4347,2019-09-11,8.85,8.85,8.7,8.7,50530,,,,,historical_baseline,,fe33df9ae5456d8ee27133c42c244c81d150008ababc19399c7ed428638b57ea
4347,2019-09-12,8.7,8.7,8.7,8.7,4698,,,,,historical_baseline,,fe33df9ae5456d8ee27133c42c244c81d150008ababc19399c7ed428638b57ea
4347,2019-09-15,8.82,8.82,8.82,8.82,13439,,,,,historical_baseline,,fe33df9ae5456d8ee27133c42c244c81d150008ababc19399c7ed428638b57ea
4347,2019-09-16,8.88,8.88,8.79,8.79,16718,,,,,historical_baseline,,fe33df9ae5456d8ee27133c42c244c81d150008ababc19399c7ed428638b57ea
4347,2019-09-17,8.79,8.79,8.79,8.79,979,,,,,historical_baseline,,fe33df9ae5456d8ee27133c42c244c81d150008ababc19399c7ed428638b57ea
4347,2019-09-18,8.79,8.79,8.79,8.79,4419,,,,,historical_baseline,,fe33df9ae5456d8ee27133c42c244c81d150008ababc19399c7ed428638b57ea
4347,2019-09-19,8.83,8.84,8.83,8.84,22373,,,,,historical_baseline,,fe33df9ae5456d8ee27133c42c244c81d150008ababc19399c7ed428638b57ea
4347,2019-09-22,8.86,8.86,8.86,8.86,13829,,,,,historical_baseline,,fe33df9ae5456d8ee27133c42c244c81d150008ababc19399c7ed428638b57ea
4347,2019-09-24,8.87,8.88,8.73,8.88,66090,,,,,historical_baseline,,fe33df9ae5456d8ee27133c42c244c81d150008ababc19399c7ed428638b57ea
4347,2019-09-25,8.88,8.88,8.88,8.88,11527,,,,,historical_baseline,,fe33df9ae5456d8ee27133c42c244c81d150008ababc19399c7ed428638b57ea
4347,2019-09-26,8.88,8.88,8.88,8.88,0,,,,,historical_baseline,,fe33df9ae5456d8ee27133c42c244c81d150008ababc19399c7ed428638b57ea
4347,2019-09-29,8.88,8.88,8.88,8.88,2032,,,,,historical_baseline,,fe33df9ae5456d8ee27133c42c244c81d150008ababc19399c7ed428638b57ea
4347,2019-09-30,8.88,8.88,8.88,8.88,5752,,,,,historical_baseline,,fe33df9ae5456d8ee27133c42c244c81d150008ababc19399c7ed428638b57ea
5110,2019-09-01,20.5,20.5,20.4,20.48,568455,,,,,historical_baseline,,fe33df9ae5456d8ee27133c42c244c81d150008ababc19399c7ed428638b57ea
5110,2019-09-02,20.4,20.66,20.2,20.66,675013,,,,,historical_baseline,,fe33df9ae5456d8ee27133c42c244c81d150008ababc19399c7ed428638b57ea
5110,2019-09-03,20.8,20.96,20.72,20.72,1069431,,,,,historical_baseline,,fe33df9ae5456d8ee27133c42c244c81d150008ababc19399c7ed428638b57ea
5110,2019-09-04,20.78,21.12,20.78,21.12,1594465,,,,,historical_baseline,,fe33df9ae5456d8ee27133c42c244c81d150008ababc19399c7ed428638b57ea
5110,2019-09-05,21.0,21.14,20.9,21.1,1589592,,,,,historical_baseline,,fe33df9ae5456d8ee27133c42c244c81d150008ababc19399c7ed428638b57ea
5110,2019-09-08,21.1,21.1,20.68,20.8,511846,,,,,historical_baseline,,fe33df9ae5456d8ee27133c42c244c81d150008ababc19399c7ed428638b57ea
5110,2019-09-09,20.88,21.0,20.5,21.0,898708,,,,,historical_baseline,,fe33df9ae5456d8ee27133c42c244c81d150008ababc19399c7ed428638b57ea
5110,2019-09-10,21.0,21.0,20.8,21.0,741189,,,,,historical_baseline,,fe33df9ae5456d8ee27133c42c244c81d150008ababc19399c7ed428638b57ea
5110,2019-09-11,20.8,20.88,20.0,20.86,1193167,,,,,historical_baseline,,fe33df9ae5456d8ee27133c42c244c81d150008ababc19399c7ed428638b57ea
5110,2019-09-12,20.62,20.94,20.52,20.88,627141,,,,,historical_baseline,,fe33df9ae5456d8ee27133c42c244c81d150008ababc19399c7ed428638b57ea
5110,2019-09-15,20.78,20.78,20.04,20.4,517051,,,,,historical_baseline,,fe33df9ae5456d8ee27133c42c244c81d150008ababc19399c7ed428638b57ea
5110,2019-09-16,20.4,20.64,20.34,20.48,1736507,,,,,historical_baseline,,fe33df9ae5456d8ee27133c42c244c81d150008ababc19399c7ed428638b57ea
5110,2019-09-17,20.42,20.5,20.08,20.18,930997,,,,,historical_baseline,,fe33df9ae5456d8ee27133c42c244c81d150008ababc19399c7ed428638b57ea
5110,2019-09-18,20.2,20.76,20.18,20.76,736856,,,,,historical_baseline,,fe33df9ae5456d8ee27133c42c244c81d150008ababc19399c7ed428638b57ea
5110,2019-09-19,20.72,21.0,20.68,21.0,4872445,,,,,historical_baseline,,fe33df9ae5456d8ee27133c42c244c81d150008ababc19399c7ed428638b57ea
5110,2019-09-22,20.8,20.9,20.78,20.88,346623,,,,,historical_baseline,,fe33df9ae5456d8ee27133c42c244c81d150008ababc19399c7ed428638b57ea
5110,2019-09-24,20.8,20.98,20.68,20.8,1772999,,,,,historical_baseline,,fe33df9ae5456d8ee27133c42c244c81d150008ababc19399c7ed428638b57ea
5110,2019-09-25,20.8,20.9,20.68,20.9,1375698,,,,,historical_baseline,,fe33df9ae5456d8ee27133c42c244c81d150008ababc19399c7ed428638b57ea
5110,2019-09-26,20.84,21.04,20.74,21.0,1507314,,,,,historical_baseline,,fe33df9ae5456d8ee27133c42c244c81d150008ababc19399c7ed428638b57ea
5110,2019-09-29,20.94,21.0,20.88,20.92,603195,,,,,historical_baseline,,fe33df9ae5456d8ee27133c42c244c81d150008ababc19399c7ed428638b57ea
5110,2019-09-30,20.92,21.4,20.92,21.3,2503286,,,,,historical_baseline,,fe33df9ae5456d8ee27133c42c244c81d150008ababc19399c7ed428638b57ea
6001,2019-09-01,29.16,29.16,28.93,29.07,23923,,,,,historical_baseline,,fe33df9ae5456d8ee27133c42c244c81d150008ababc19399c7ed428638b57ea
6001,2019-09-02,28.89,29.24,28.8,29.24,21629,,,,,historical_baseline,,fe33df9ae5456d8ee27133c42c244c81d150008ababc19399c7ed428638b57ea
6001,2019-09-03,29.24,29.33,29.16,29.33,16570,,,,,historical_baseline,,fe33df9ae5456d8ee27133c42c244c81d150008ababc19399c7ed428638b57ea
6001,2019-09-04,29.11,29.51,29.11,29.51,19705,,,,,historical_baseline,,fe33df9ae5456d8ee27133c42c244c81d150008ababc19399c7ed428638b57ea
6001,2019-09-05,29.73,29.73,29.51,29.51,6852,,,,,historical_baseline,,fe33df9ae5456d8ee27133c42c244c81d150008ababc19399c7ed428638b57ea
6001,2019-09-08,29.51,29.56,29.42,29.56,9645,,,,,historical_baseline,,fe33df9ae5456d8ee27133c42c244c81d150008ababc19399c7ed428638b57ea
6001,2019-09-09,29.6,30.49,29.56,29.87,47948,,,,,historical_baseline,,fe33df9ae5456d8ee27133c42c244c81d150008ababc19399c7ed428638b57ea
6001,2019-09-10,29.87,29.87,29.33,29.51,13509,,,,,historical_baseline,,fe33df9ae5456d8ee27133c42c244c81d150008ababc19399c7ed428638b57ea
6001,2019-09-11,30.13,30.13,29.33,29.33,12224,,,,,historical_baseline,,fe33df9ae5456d8ee27133c42c244c81d150008ababc19399c7ed428638b57ea
6001,2019-09-12,29.56,29.56,29.29,29.29,5893,,,,,historical_baseline,,fe33df9ae5456d8ee27133c42c244c81d150008ababc19399c7ed428638b57ea
6001,2019-09-15,29.24,29.24,29.11,29.11,7869,,,,,historical_baseline,,fe33df9ae5456d8ee27133c42c244c81d150008ababc19399c7ed428638b57ea
6001,2019-09-16,29.24,29.24,28.62,28.71,19570,,,,,historical_baseline,,fe33df9ae5456d8ee27133c42c244c81d150008ababc19399c7ed428638b57ea
6001,2019-09-17,28.53,28.58,28.13,28.13,12417,,,,,historical_baseline,,fe33df9ae5456d8ee27133c42c244c81d150008ababc19399c7ed428638b57ea
6001,2019-09-18,28.53,28.67,28.53,28.58,7832,,,,,historical_baseline,,fe33df9ae5456d8ee27133c42c244c81d150008ababc19399c7ed428638b57ea
6001,2019-09-19,28.27,28.31,28.04,28.18,16839,,,,,historical_baseline,,fe33df9ae5456d8ee27133c42c244c81d150008ababc19399c7ed428638b57ea
6001,2019-09-22,28.27,28.44,28.18,28.44,15555,,,,,historical_baseline,,fe33df9ae5456d8ee27133c42c244c81d150008ababc19399c7ed428638b57ea
6001,2019-09-24,28.58,28.8,28.58,28.8,9733,,,,,historical_baseline,,fe33df9ae5456d8ee27133c42c244c81d150008ababc19399c7ed428638b57ea
6001,2019-09-25,28.8,29.24,28.8,29.24,36576,,,,,historical_baseline,,fe33df9ae5456d8ee27133c42c244c81d150008ababc19399c7ed428638b57ea
6001,2019-09-26,29.33,29.56,28.62,29.16,30233,,,,,historical_baseline,,fe33df9ae5456d8ee27133c42c244c81d150008ababc19399c7ed428638b57ea
6001,2019-09-29,28.89,29.2,28.84,29.16,33279,,,,,historical_baseline,,fe33df9ae5456d8ee27133c42c244c81d150008ababc19399c7ed428638b57ea
6001,2019-09-30,29.33,30.0,29.33,29.73,72937,,,,,historical_baseline,,fe33df9ae5456d8ee27133c42c244c81d150008ababc19399c7ed428638b57ea
6002,2019-09-01,50.3,50.3,49.8,49.85,51154,,,,,historical_baseline,,fe33df9ae5456d8ee27133c42c244c81d150008ababc19399c7ed428638b57ea
6002,2019-09-02,49.7,50.7,49.5,50.0,60312,,,,,historical_baseline,,fe33df9ae5456d8ee27133c42c244c81d150008ababc19399c7ed428638b57ea
6002,2019-09-03,50.2,51.0,50.0,51.0,76379,,,,,historical_baseline,,fe33df9ae5456d8ee27133c42c244c81d150008ababc19399c7ed428638b57ea
6002,2019-09-04,51.5,52.4,51.5,52.0,47632,,,,,historical_baseline,,fe33df9ae5456d8ee27133c42c244c81d150008ababc19399c7ed428638b57ea
6002,2019-09-05,52.5,52.8,50.0,52.8,92807,,,,,historical_baseline,,fe33df9ae5456d8ee27133c42c244c81d150008ababc19399c7ed428638b57ea
6002,2019-09-08,52.2,52.8,52.0,52.0,168341,,,,,historical_baseline,,fe33df9ae5456d8ee27133c42c244c81d150008ababc19399c7ed428638b57ea
6002,2019-09-09,51.9,52.0,50.8,51.0,170273,,,,,historical_baseline,,fe33df9ae5456d8ee27133c42c244c81d150008ababc19399c7ed428638b57ea
6002,2019-09-10,51.0,51.2,50.5,50.6,48547,,,,,historical_baseline,,fe33df9ae5456d8ee27133c42c244c81d150008ababc19399c7ed428638b57ea
6002,2019-09-11,50.5,50.5,49.6,49.8,111475,,,,,historical_baseline,,fe33df9ae5456d8ee27133c42c244c81d150008ababc19399c7ed428638b57ea
6002,2019-09-12,50.0,51.1,50.0,50.7,20116,,,,,historical_baseline,,fe33df9ae5456d8ee27133c42c244c81d150008ababc19399c7ed428638b57ea
6002,2019-09-15,50.0,50.6,50.0,50.5,34565,,,,,historical_baseline,,fe33df9ae5456d8ee27133c42c244c81d150008ababc19399c7ed428638b57ea
6002,2019-09-16,51.1,51.4,50.3,51.4,75100,,,,,historical_baseline,,fe33df9ae5456d8ee27133c42c244c81d150008ababc19399c7ed428638b57ea
6002,2019-09-17,50.8,51.3,50.8,51.1,21925,,,,,historical_baseline,,fe33df9ae5456d8ee27133c42c244c81d150008ababc19399c7ed428638b57ea
6002,2019-09-18,51.0,51.4,50.4,51.1,26800,,,,,historical_baseline,,fe33df9ae5456d8ee27133c42c244c81d150008ababc19399c7ed428638b57ea
6002,2019-09-19,51.2,52.1,51.2,52.1,233003,,,,,historical_baseline,,fe33df9ae5456d8ee27133c42c244c81d150008ababc19399c7ed428638b57ea
6002,2019-09-22,52.0,52.0,50.9,50.9,96811,,,,,historical_baseline,,fe33df9ae5456d8ee27133c42c244c81d150008ababc19399c7ed428638b57ea
6002,2019-09-24,51.1,51.3,50.5,51.1,123700,,,,,historical_baseline,,fe33df9ae5456d8ee27133c42c244c81d150008ababc19399c7ed428638b57ea
6002,2019-09-25,51.0,52.3,51.0,52.0,94841,,,,,historical_baseline,,fe33df9ae5456d8ee27133c42c244c81d150008ababc19399c7ed428638b57ea
6002,2019-09-26,52.3,52.5,52.1,52.3,43289,,,,,historical_baseline,,fe33df9ae5456d8ee27133c42c244c81d150008ababc19399c7ed428638b57ea
6002,2019-09-29,52.2,53.2,52.1,52.5,159441,,,,,historical_baseline,,fe33df9ae5456d8ee27133c42c244c81d150008ababc19399c7ed428638b57ea
6002,2019-09-30,52.3,52.8,52.0,52.2,66665,,,,,historical_baseline,,fe33df9ae5456d8ee27133c42c244c81d150008ababc19399c7ed428638b57ea
6004,2019-09-01,88.0,88.5,87.5,88.1,49233,,,,,historical_baseline,,fe33df9ae5456d8ee27133c42c244c81d150008ababc19399c7ed428638b57ea
6004,2019-09-02,88.5,88.5,87.4,87.9,91688,,,,,historical_baseline,,fe33df9ae5456d8ee27133c42c244c81d150008ababc19399c7ed428638b57ea
6004,2019-09-03,87.9,88.3,87.7,87.9,33128,,,,,historical_baseline,,fe33df9ae5456d8ee27133c42c244c81d150008ababc19399c7ed428638b57ea
6004,2019-09-04,87.7,88.3,87.7,87.9,91376,,,,,historical_baseline,,fe33df9ae5456d8ee27133c42c244c81d150008ababc19399c7ed428638b57ea
6004,2019-09-05,88.0,88.1,87.7,87.9,99397,,,,,historical_baseline,,fe33df9ae5456d8ee27133c42c244c81d150008ababc19399c7ed428638b57ea
6004,2019-09-08,88.1,88.2,87.7,88.0,18859,,,,,historical_baseline,,fe33df9ae5456d8ee27133c42c244c81d150008ababc19399c7ed428638b57ea
6004,2019-09-09,88.0,88.1,87.9,88.0,56990,,,,,historical_baseline,,fe33df9ae5456d8ee27133c42c244c81d150008ababc19399c7ed428638b57ea
6004,2019-09-10,87.8,88.1,87.1,88.1,131166,,,,,historical_baseline,,fe33df9ae5456d8ee27133c42c244c81d150008ababc19399c7ed428638b57ea
6004,2019-09-11,87.7,88.1,86.0,88.1,78934,,,,,historical_baseline,,fe33df9ae5456d8ee27133c42c244c81d150008ababc19399c7ed428638b57ea
6004,2019-09-12,87.9,88.5,87.5,88.4,42686,,,,,historical_baseline,,fe33df9ae5456d8ee27133c42c244c81d150008ababc19399c7ed428638b57ea
6004,2019-09-15,88.0,88.0,86.0,87.9,43627,,,,,historical_baseline,,fe33df9ae5456d8ee27133c42c244c81d150008ababc19399c7ed428638b57ea
6004,2019-09-16,87.9,88.0,87.3,87.8,104673,,,,,historical_baseline,,fe33df9ae5456d8ee27133c42c244c81d150008ababc19399c7ed428638b57ea
6004,2019-09-17,87.9,87.9,87.3,87.5,104866,,,,,historical_baseline,,fe33df9ae5456d8ee27133c42c244c81d150008ababc19399c7ed428638b57ea
6004,2019-09-18,87.8,88.0,87.5,87.9,41488,,,,,historical_baseline,,fe33df9ae5456d8ee27133c42c244c81d150008ababc19399c7ed428638b57ea
6004,2019-09-19,87.9,88.7,86.8,88.7,341123,,,,,historical_baseline,,fe33df9ae5456d8ee27133c42c244c81d150008ababc19399c7ed428638b57ea
6004,2019-09-22,88.2,88.7,88.2,88.6,10507,,,,,historical_baseline,,fe33df9ae5456d8ee27133c42c244c81d150008ababc19399c7ed428638b57ea
6004,2019-09-24,89.0,89.7,89.0,89.0,38168,,,,,historical_baseline,,fe33df9ae5456d8ee27133c42c244c81d150008ababc19399c7ed428638b57ea
6004,2019-09-25,89.0,89.5,88.3,89.0,57986,,,,,historical_baseline,,fe33df9ae5456d8ee27133c42c244c81d150008ababc19399c7ed428638b57ea
6004,2019-09-26,88.9,88.9,87.7,87.7,40779,,,,,historical_baseline,,fe33df9ae5456d8ee27133c42c244c81d150008ababc19399c7ed428638b57ea
6004,2019-09-29,88.2,88.4,87.5,88.4,31626,,,,,historical_baseline,,fe33df9ae5456d8ee27133c42c244c81d150008ababc19399c7ed428638b57ea
6004,2019-09-30,88.5,89.2,87.6,87.6,126362,,,,,historical_baseline,,fe33df9ae5456d8ee27133c42c244c81d150008ababc19399c7ed428638b57ea
6010,2019-09-01,9.58,9.76,9.58,9.76,158102,,,,,historical_baseline,,fe33df9ae5456d8ee27133c42c244c81d150008ababc19399c7ed428638b57ea
6010,2019-09-02,9.72,9.78,9.6,9.78,237170,,,,,historical_baseline,,fe33df9ae5456d8ee27133c42c244c81d150008ababc19399c7ed428638b57ea
6010,2019-09-03,9.77,9.84,9.76,9.84,145977,,,,,historical_baseline,,fe33df9ae5456d8ee27133c42c244c81d150008ababc19399c7ed428638b57ea
6010,2019-09-04,9.79,9.92,9.79,9.92,122340,,,,,historical_baseline,,fe33df9ae5456d8ee27133c42c244c81d150008ababc19399c7ed428638b57ea
6010,2019-09-05,9.96,10.1,9.96,9.96,271170,,,,,historical_baseline,,fe33df9ae5456d8ee27133c42c244c81d150008ababc19399c7ed428638b57ea
6010,2019-09-08,9.96,10.12,9.95,9.95,172056,,,,,historical_baseline,,fe33df9ae5456d8ee27133c42c244c81d150008ababc19399c7ed428638b57ea
6010,2019-09-09,9.98,10.14,9.96,10.02,261357,,,,,historical_baseline,,fe33df9ae5456d8ee27133c42c244c81d150008ababc19399c7ed428638b57ea
6010,2019-09-10,10.02,10.02,9.91,9.95,167910,,,,,historical_baseline,,fe33df9ae5456d8ee27133c42c244c81d150008ababc19399c7ed428638b57ea
6010,2019-09-11,9.96,9.96,9.78,9.81,109329,,,,,historical_baseline,,fe33df9ae5456d8ee27133c42c244c81d150008ababc19399c7ed428638b57ea
6010,2019-09-12,9.87,9.92,9.87,9.92,40367,,,,,historical_baseline,,fe33df9ae5456d8ee27133c42c244c81d150008ababc19399c7ed428638b57ea
6010,2019-09-15,9.72,9.88,9.56,9.88,77304,,,,,historical_baseline,,fe33df9ae5456d8ee27133c42c244c81d150008ababc19399c7ed428638b57ea
6010,2019-09-16,9.91,9.96,9.91,9.96,185504,,,,,historical_baseline,,fe33df9ae5456d8ee27133c42c244c81d150008ababc19399c7ed428638b57ea
6010,2019-09-17,9.98,10.0,9.92,9.96,92714,,,,,historical_baseline,,fe33df9ae5456d8ee27133c42c244c81d150008ababc19399c7ed428638b57ea
6010,2019-09-18,9.87,9.96,9.87,9.96,79061,,,,,historical_baseline,,fe33df9ae5456d8ee27133c42c244c81d150008ababc19399c7ed428638b57ea
6010,2019-09-19,10.0,10.06,9.72,10.06,619455,,,,,historical_baseline,,fe33df9ae5456d8ee27133c42c244c81d150008ababc19399c7ed428638b57ea
6010,2019-09-22,10.06,10.08,10.0,10.0,68735,,,,,historical_baseline,,fe33df9ae5456d8ee27133c42c244c81d150008ababc19399c7ed428638b57ea
6010,2019-09-24,10.0,10.04,9.96,10.04,147746,,,,,historical_baseline,,fe33df9ae5456d8ee27133c42c244c81d150008ababc19399c7ed428638b57ea
6010,2019-09-25,10.08,10.08,10.02,10.06,130823,,,,,historical_baseline,,fe33df9ae5456d8ee27133c42c244c81d150008ababc19399c7ed428638b57ea
6010,2019-09-26,10.04,10.4,9.98,10.14,504110,,,,,historical_baseline,,fe33df9ae5456d8ee27133c42c244c81d150008ababc19399c7ed428638b57ea
6010,2019-09-29,10.1,10.32,10.1,10.22,186904,,,,,historical_baseline,,fe33df9ae5456d8ee27133c42c244c81d150008ababc19399c7ed428638b57ea
6010,2019-09-30,10.14,10.52,10.14,10.52,397278,,,,,historical_baseline,,fe33df9ae5456d8ee27133c42c244c81d150008ababc19399c7ed428638b57ea
6020,2019-09-01,10.8,10.98,10.8,10.94,342631,,,,,historical_baseline,,fe33df9ae5456d8ee27133c42c244c81d150008ababc19399c7ed428638b57ea
6020,2019-09-02,10.9,10.98,10.88,10.94,124679,,,,,historical_baseline,,fe33df9ae5456d8ee27133c42c244c81d150008ababc19399c7ed428638b57ea
6020,2019-09-03,10.98,11.24,10.98,11.0,511472,,,,,historical_baseline,,fe33df9ae5456d8ee27133c42c244c81d150008ababc19399c7ed428638b57ea
6020,2019-09-04,11.02,11.08,10.9,10.9,271938,,,,,historical_baseline,,fe33df9ae5456d8ee27133c42c244c81d150008ababc19399c7ed428638b57ea
6020,2019-09-05,10.94,11.04,10.94,11.02,122939,,,,,historical_baseline,,fe33df9ae5456d8ee27133c42c244c81d150008ababc19399c7ed428638b57ea
6020,2019-09-08,10.94,11.08,10.9,10.92,179167,,,,,historical_baseline,,fe33df9ae5456d8ee27133c42c244c81d150008ababc19399c7ed428638b57ea
6020,2019-09-09,10.92,10.96,10.9,10.92,103438,,,,,historical_baseline,,fe33df9ae5456d8ee27133c42c244c81d150008ababc19399c7ed428638b57ea
6020,2019-09-10,10.92,10.96,10.72,10.74,127636,,,,,historical_baseline,,fe33df9ae5456d8ee27133c42c244c81d150008ababc19399c7ed428638b57ea
6020,2019-09-11,10.7,10.8,10.6,10.7,111128,,,,,historical_baseline,,fe33df9ae5456d8ee27133c42c244c81d150008ababc19399c7ed428638b57ea
6020,2019-09-12,10.7,10.74,10.6,10.6,109840,,,,,historical_baseline,,fe33df9ae5456d8ee27133c42c244c81d150008ababc19399c7ed428638b57ea
6020,2019-09-15,10.5,10.56,10.4,10.5,202787,,,,,historical_baseline,,fe33df9ae5456d8ee27133c42c244c81d150008ababc19399c7ed428638b57ea
6020,2019-09-16,10.54,10.56,10.32,10.34,198955,,,,,historical_baseline,,fe33df9ae5456d8ee27133c42c244c81d150008ababc19399c7ed428638b57ea
6020,2019-09-17,10.34,10.5,10.32,10.32,181985,,,,,historical_baseline,,fe33df9ae5456d8ee27133c42c244c81d150008ababc19399c7ed428638b57ea
6020,2019-09-18,10.36,10.36,10.2,10.28,176813,,,,,historical_baseline,,fe33df9ae5456d8ee27133c42c244c81d150008ababc19399c7ed428638b57ea
6020,2019-09-19,10.2,10.3,10.16,10.2,155842,,,,,historical_baseline,,fe33df9ae5456d8ee27133c42c244c81d150008ababc19399c7ed428638b57ea
6020,2019-09-22,10.28,10.38,10.28,10.36,139943,,,,,historical_baseline,,fe33df9ae5456d8ee27133c42c244c81d150008ababc19399c7ed428638b57ea
6020,2019-09-24,10.38,10.58,10.36,10.54,213656,,,,,historical_baseline,,fe33df9ae5456d8ee27133c42c244c81d150008ababc19399c7ed428638b57ea
6020,2019-09-25,10.5,10.62,10.48,10.48,243807,,,,,historical_baseline,,fe33df9ae5456d8ee27133c42c244c81d150008ababc19399c7ed428638b57ea
6020,2019-09-26,10.5,10.64,10.46,10.46,277450,,,,,historical_baseline,,fe33df9ae5456d8ee27133c42c244c81d150008ababc19399c7ed428638b57ea
6020,2019-09-29,10.58,10.58,10.44,10.48,386328,,,,,historical_baseline,,fe33df9ae5456d8ee27133c42c244c81d150008ababc19399c7ed428638b57ea
6020,2019-09-30,10.5,10.54,10.46,10.46,191383,,,,,historical_baseline,,fe33df9ae5456d8ee27133c42c244c81d150008ababc19399c7ed428638b57ea
6040,2019-09-01,10.28,10.34,10.14,10.22,199107,,,,,historical_baseline,,fe33df9ae5456d8ee27133c42c244c81d150008ababc19399c7ed428638b57ea
6040,2019-09-02,10.24,10.34,10.22,10.3,131201,,,,,historical_baseline,,fe33df9ae5456d8ee27133c42c244c81d150008ababc19399c7ed428638b57ea
6040,2019-09-03,10.3,11.17,10.3,10.88,2090868,,,,,historical_baseline,,fe33df9ae5456d8ee27133c42c244c81d150008ababc19399c7ed428638b57ea
6040,2019-09-04,10.89,11.0,10.66,10.7,904888,,,,,historical_baseline,,fe33df9ae5456d8ee27133c42c244c81d150008ababc19399c7ed428638b57ea
6040,2019-09-05,10.73,10.76,10.64,10.66,315877,,,,,historical_baseline,,fe33df9ae5456d8ee27133c42c244c81d150008ababc19399c7ed428638b57ea
6040,2019-09-08,10.68,10.77,10.68,10.72,126459,,,,,historical_baseline,,fe33df9ae5456d8ee27133c42c244c81d150008ababc19399c7ed428638b57ea
6040,2019-09-09,10.69,10.84,10.68,10.68,233635,,,,,historical_baseline,,fe33df9ae5456d8ee27133c42c244c81d150008ababc19399c7ed428638b57ea
6040,2019-09-10,10.69,10.73,10.6,10.69,225790,,,,,historical_baseline,,fe33df9ae5456d8ee27133c42c244c81d150008ababc19399c7ed428638b57ea
6040,2019-09-11,10.58,10.6,10.45,10.5,154918,,,,,historical_baseline,,fe33df9ae5456d8ee27133c42c244c81d150008ababc19399c7ed428638b57ea
6040,2019-09-12,10.57,10.61,10.54,10.54,84025,,,,,historical_baseline,,fe33df9ae5456d8ee27133c42c244c81d150008ababc19399c7ed428638b57ea
6040,2019-09-15,10.49,10.52,10.36,10.37,117223,,,,,historical_baseline,,fe33df9ae5456d8ee27133c42c244c81d150008ababc19399c7ed428638b57ea
6040,2019-09-16,10.45,10.45,10.28,10.28,193544,,,,,historical_baseline,,fe33df9ae5456d8ee27133c42c244c81d150008ababc19399c7ed428638b57ea
6040,2019-09-17,10.38,10.38,10.22,10.34,93327,,,,,historical_baseline,,fe33df9ae5456d8ee27133c42c244c81d150008ababc19399c7ed428638b57ea
6040,2019-09-18,10.34,10.41,10.28,10.32,212569,,,,,historical_baseline,,fe33df9ae5456d8ee27133c42c244c81d150008ababc19399c7ed428638b57ea
6040,2019-09-19,10.29,10.33,10.28,10.32,126088,,,,,historical_baseline,,fe33df9ae5456d8ee27133c42c244c81d150008ababc19399c7ed428638b57ea
6040,2019-09-22,10.33,10.44,10.26,10.37,150240,,,,,historical_baseline,,fe33df9ae5456d8ee27133c42c244c81d150008ababc19399c7ed428638b57ea
6040,2019-09-24,10.36,10.5,10.36,10.48,247055,,,,,historical_baseline,,fe33df9ae5456d8ee27133c42c244c81d150008ababc19399c7ed428638b57ea
6040,2019-09-25,10.44,10.6,10.41,10.49,254881,,,,,historical_baseline,,fe33df9ae5456d8ee27133c42c244c81d150008ababc19399c7ed428638b57ea
6040,2019-09-26,10.6,10.8,10.6,10.68,470489,,,,,historical_baseline,,fe33df9ae5456d8ee27133c42c244c81d150008ababc19399c7ed428638b57ea
6040,2019-09-29,10.7,10.78,10.68,10.68,174654,,,,,historical_baseline,,fe33df9ae5456d8ee27133c42c244c81d150008ababc19399c7ed428638b57ea
6040,2019-09-30,10.69,10.69,10.56,10.56,204719,,,,,historical_baseline,,fe33df9ae5456d8ee27133c42c244c81d150008ababc19399c7ed428638b57ea
6050,2019-09-01,134.17,134.17,131.1,131.24,155617,,,,,historical_baseline,,fe33df9ae5456d8ee27133c42c244c81d150008ababc19399c7ed428638b57ea
6050,2019-09-02,132.21,136.55,131.52,134.59,397517,,,,,historical_baseline,,fe33df9ae5456d8ee27133c42c244c81d150008ababc19399c7ed428638b57ea
6050,2019-09-03,134.73,135.57,132.91,135.29,263536,,,,,historical_baseline,,fe33df9ae5456d8ee27133c42c244c81d150008ababc19399c7ed428638b57ea
6050,2019-09-04,135.29,136.69,134.87,135.01,182506,,,,,historical_baseline,,fe33df9ae5456d8ee27133c42c244c81d150008ababc19399c7ed428638b57ea
6050,2019-09-05,136.27,136.41,134.31,134.31,201389,,,,,historical_baseline,,fe33df9ae5456d8ee27133c42c244c81d150008ababc19399c7ed428638b57ea
6050,2019-09-08,135.01,135.71,133.33,133.33,153327,,,,,historical_baseline,,fe33df9ae5456d8ee27133c42c244c81d150008ababc19399c7ed428638b57ea
6050,2019-09-09,133.47,134.45,132.91,133.05,147137,,,,,historical_baseline,,fe33df9ae5456d8ee27133c42c244c81d150008ababc19399c7ed428638b57ea
6050,2019-09-10,133.19,133.89,130.12,130.4,167408,,,,,historical_baseline,,fe33df9ae5456d8ee27133c42c244c81d150008ababc19399c7ed428638b57ea
6050,2019-09-11,130.4,130.4,123.4,124.52,268686,,,,,historical_baseline,,fe33df9ae5456d8ee27133c42c244c81d150008ababc19399c7ed428638b57ea
6050,2019-09-12,124.94,126.62,124.94,125.36,176224,,,,,historical_baseline,,fe33df9ae5456d8ee27133c42c244c81d150008ababc19399c7ed428638b57ea
6050,2019-09-15,122.0,125.36,122.0,124.1,111099,,,,,historical_baseline,,fe33df9ae5456d8ee27133c42c244c81d150008ababc19399c7ed428638b57ea
6050,2019-09-16,124.8,126.62,123.26,123.82,246376,,,,,historical_baseline,,fe33df9ae5456d8ee27133c42c244c81d150008ababc19399c7ed428638b57ea
6050,2019-09-17,123.68,124.52,122.7,122.98,153770,,,,,historical_baseline,,fe33df9ae5456d8ee27133c42c244c81d150008ababc19399c7ed428638b57ea
6050,2019-09-18,124.38,129.28,122.98,124.94,797252,,,,,historical_baseline,,fe33df9ae5456d8ee27133c42c244c81d150008ababc19399c7ed428638b57ea
6050,2019-09-19,125.36,127.18,122.84,122.84,355366,,,,,historical_baseline,,fe33df9ae5456d8ee27133c42c244c81d150008ababc19399c7ed428638b57ea
6050,2019-09-22,122.84,124.24,122.56,122.84,150342,,,,,historical_baseline,,fe33df9ae5456d8ee27133c42c244c81d150008ababc19399c7ed428638b57ea
6050,2019-09-24,123.4,125.5,123.4,124.52,297865,,,,,historical_baseline,,fe33df9ae5456d8ee27133c42c244c81d150008ababc19399c7ed428638b57ea
6050,2019-09-25,125.22,125.22,123.12,123.54,184157,,,,,historical_baseline,,fe33df9ae5456d8ee27133c42c244c81d150008ababc19399c7ed428638b57ea
6050,2019-09-26,123.68,127.18,123.68,124.52,655718,,,,,historical_baseline,,fe33df9ae5456d8ee27133c42c244c81d150008ababc19399c7ed428638b57ea
6050,2019-09-29,124.24,127.88,124.24,127.32,434720,,,,,historical_baseline,,fe33df9ae5456d8ee27133c42c244c81d150008ababc19399c7ed428638b57ea
6050,2019-09-30,127.18,128.72,126.76,126.76,273563,,,,,historical_baseline,,fe33df9ae5456d8ee27133c42c244c81d150008ababc19399c7ed428638b57ea
6060,2019-09-01,16.22,16.26,16.14,16.14,44724,,,,,historical_baseline,,fe33df9ae5456d8ee27133c42c244c81d150008ababc19399c7ed428638b57ea
6060,2019-09-02,16.22,16.41,16.22,16.37,60917,,,,,historical_baseline,,fe33df9ae5456d8ee27133c42c244c81d150008ababc19399c7ed428638b57ea
6060,2019-09-03,16.37,16.79,16.37,16.64,397191,,,,,historical_baseline,,fe33df9ae5456d8ee27133c42c244c81d150008ababc19399c7ed428638b57ea
6060,2019-09-04,16.56,16.79,16.56,16.62,118127,,,,,historical_baseline,,fe33df9ae5456d8ee27133c42c244c81d150008ababc19399c7ed428638b57ea
6060,2019-09-05,16.67,16.87,16.43,16.47,208357,,,,,historical_baseline,,fe33df9ae5456d8ee27133c42c244c81d150008ababc19399c7ed428638b57ea
6060,2019-09-08,16.52,16.6,16.52,16.54,51003,,,,,historical_baseline,,fe33df9ae5456d8ee27133c42c244c81d150008ababc19399c7ed428638b57ea
6060,2019-09-09,16.64,16.66,16.47,16.47,117029,,,,,historical_baseline,,fe33df9ae5456d8ee27133c42c244c81d150008ababc19399c7ed428638b57ea
6060,2019-09-10,16.45,16.45,16.37,16.37,77703,,,,,historical_baseline,,fe33df9ae5456d8ee27133c42c244c81d150008ababc19399c7ed428638b57ea
6060,2019-09-11,16.37,16.37,15.95,16.1,80808,,,,,historical_baseline,,fe33df9ae5456d8ee27133c42c244c81d150008ababc19399c7ed428638b57ea
6060,2019-09-12,16.03,16.56,16.03,16.26,120952,,,,,historical_baseline,,fe33df9ae5456d8ee27133c42c244c81d150008ababc19399c7ed428638b57ea
6060,2019-09-15,15.95,16.26,15.64,16.05,70260,,,,,historical_baseline,,fe33df9ae5456d8ee27133c42c244c81d150008ababc19399c7ed428638b57ea
6060,2019-09-16,16.29,16.29,15.84,15.95,70952,,,,,historical_baseline,,fe33df9ae5456d8ee27133c42c244c81d150008ababc19399c7ed428638b57ea
6060,2019-09-17,16.1,16.22,15.95,15.99,100823,,,,,historical_baseline,,fe33df9ae5456d8ee27133c42c244c81d150008ababc19399c7ed428638b57ea
6060,2019-09-18,16.06,16.2,15.89,16.01,109943,,,,,historical_baseline,,fe33df9ae5456d8ee27133c42c244c81d150008ababc19399c7ed428638b57ea
6060,2019-09-19,16.14,16.29,16.03,16.06,112390,,,,,historical_baseline,,fe33df9ae5456d8ee27133c42c244c81d150008ababc19399c7ed428638b57ea
6060,2019-09-22,16.18,16.24,16.03,16.06,47413,,,,,historical_baseline,,fe33df9ae5456d8ee27133c42c244c81d150008ababc19399c7ed428638b57ea
6060,2019-09-24,16.14,16.29,16.12,16.2,104497,,,,,historical_baseline,,fe33df9ae5456d8ee27133c42c244c81d150008ababc19399c7ed428638b57ea
6060,2019-09-25,16.29,16.31,16.05,16.05,75525,,,,,historical_baseline,,fe33df9ae5456d8ee27133c42c244c81d150008ababc19399c7ed428638b57ea
6060,2019-09-26,16.06,16.26,16.06,16.2,84640,,,,,historical_baseline,,fe33df9ae5456d8ee27133c42c244c81d150008ababc19399c7ed428638b57ea
6060,2019-09-29,16.18,16.41,16.18,16.2,272030,,,,,historical_baseline,,fe33df9ae5456d8ee27133c42c244c81d150008ababc19399c7ed428638b57ea
6060,2019-09-30,16.31,16.33,16.22,16.24,80966,,,,,historical_baseline,,fe33df9ae5456d8ee27133c42c244c81d150008ababc19399c7ed428638b57ea
6070,2019-09-01,22.02,22.02,21.9,21.9,20577,,,,,historical_baseline,,fe33df9ae5456d8ee27133c42c244c81d150008ababc19399c7ed428638b57ea
6070,2019-09-02,22.0,22.0,21.96,21.96,24941,,,,,historical_baseline,,fe33df9ae5456d8ee27133c42c244c81d150008ababc19399c7ed428638b57ea
6070,2019-09-03,22.0,22.8,21.84,22.14,119000,,,,,historical_baseline,,fe33df9ae5456d8ee27133c42c244c81d150008ababc19399c7ed428638b57ea
6070,2019-09-04,22.28,22.3,22.14,22.14,27637,,,,,historical_baseline,,fe33df9ae5456d8ee27133c42c244c81d150008ababc19399c7ed428638b57ea
6070,2019-09-05,22.4,22.4,22.22,22.22,42435,,,,,historical_baseline,,fe33df9ae5456d8ee27133c42c244c81d150008ababc19399c7ed428638b57ea
6070,2019-09-08,22.28,22.28,22.28,22.28,7743,,,,,historical_baseline,,fe33df9ae5456d8ee27133c42c244c81d150008ababc19399c7ed428638b57ea
6070,2019-09-09,22.22,22.3,22.2,22.2,16787,,,,,historical_baseline,,fe33df9ae5456d8ee27133c42c244c81d150008ababc19399c7ed428638b57ea
6070,2019-09-10,22.12,22.12,22.0,22.0,26991,,,,,historical_baseline,,fe33df9ae5456d8ee27133c42c244c81d150008ababc19399c7ed428638b57ea
6070,2019-09-11,21.8,21.82,21.66,21.82,17788,,,,,historical_baseline,,fe33df9ae5456d8ee27133c42c244c81d150008ababc19399c7ed428638b57ea
6070,2019-09-12,21.74,21.88,21.74,21.88,14064,,,,,historical_baseline,,fe33df9ae5456d8ee27133c42c244c81d150008ababc19399c7ed428638b57ea
6070,2019-09-15,21.88,22.1,21.8,22.02,36762,,,,,historical_baseline,,fe33df9ae5456d8ee27133c42c244c81d150008ababc19399c7ed428638b57ea
6070,2019-09-16,22.04,22.04,20.94,21.38,46789,,,,,historical_baseline,,fe33df9ae5456d8ee27133c42c244c81d150008ababc19399c7ed428638b57ea
6070,2019-09-17,21.46,22.04,21.46,21.84,34429,,,,,historical_baseline,,fe33df9ae5456d8ee27133c42c244c81d150008ababc19399c7ed428638b57ea
6070,2019-09-18,21.8,21.94,21.5,21.54,56940,,,,,historical_baseline,,fe33df9ae5456d8ee27133c42c244c81d150008ababc19399c7ed428638b57ea
6070,2019-09-19,21.4,21.7,21.2,21.36,97076,,,,,historical_baseline,,fe33df9ae5456d8ee27133c42c244c81d150008ababc19399c7ed428638b57ea
6070,2019-09-22,21.36,21.48,21.36,21.48,13661,,,,,historical_baseline,,fe33df9ae5456d8ee27133c42c244c81d150008ababc19399c7ed428638b57ea
6070,2019-09-24,21.6,21.68,21.5,21.66,65605,,,,,historical_baseline,,fe33df9ae5456d8ee27133c42c244c81d150008ababc19399c7ed428638b57ea
6070,2019-09-25,21.66,21.9,21.6,21.6,167239,,,,,historical_baseline,,fe33df9ae5456d8ee27133c42c244c81d150008ababc19399c7ed428638b57ea
6070,2019-09-26,21.5,21.7,21.44,21.5,142265,,,,,historical_baseline,,fe33df9ae5456d8ee27133c42c244c81d150008ababc19399c7ed428638b57ea
6070,2019-09-29,21.6,21.6,21.54,21.54,23632,,,,,historical_baseline,,fe33df9ae5456d8ee27133c42c244c81d150008ababc19399c7ed428638b57ea
6070,2019-09-30,21.5,21.52,21.36,21.36,137121,,,,,historical_baseline,,fe33df9ae5456d8ee27133c42c244c81d150008ababc19399c7ed428638b57ea
6090,2019-09-01,12.12,12.2,12.1,12.12,77105,,,,,historical_baseline,,fe33df9ae5456d8ee27133c42c244c81d150008ababc19399c7ed428638b57ea
6090,2019-09-02,12.16,12.18,12.16,12.16,35375,,,,,historical_baseline,,fe33df9ae5456d8ee27133c42c244c81d150008ababc19399c7ed428638b57ea
6090,2019-09-03,12.12,12.58,12.12,12.34,738036,,,,,historical_baseline,,fe33df9ae5456d8ee27133c42c244c81d150008ababc19399c7ed428638b57ea
6090,2019-09-04,12.48,12.48,12.1,12.22,306688,,,,,historical_baseline,,fe33df9ae5456d8ee27133c42c244c81d150008ababc19399c7ed428638b57ea
6090,2019-09-05,12.24,12.24,12.06,12.12,153941,,,,,historical_baseline,,fe33df9ae5456d8ee27133c42c244c81d150008ababc19399c7ed428638b57ea
6090,2019-09-08,12.1,12.16,12.0,12.08,433635,,,,,historical_baseline,,fe33df9ae5456d8ee27133c42c244c81d150008ababc19399c7ed428638b57ea
6090,2019-09-09,12.06,12.12,12.02,12.12,158760,,,,,historical_baseline,,fe33df9ae5456d8ee27133c42c244c81d150008ababc19399c7ed428638b57ea
6090,2019-09-10,12.1,12.1,11.92,12.02,275155,,,,,historical_baseline,,fe33df9ae5456d8ee27133c42c244c81d150008ababc19399c7ed428638b57ea
6090,2019-09-11,11.94,11.94,11.5,11.68,222345,,,,,historical_baseline,,fe33df9ae5456d8ee27133c42c244c81d150008ababc19399c7ed428638b57ea
6090,2019-09-12,11.66,11.94,11.66,11.74,83912,,,,,historical_baseline,,fe33df9ae5456d8ee27133c42c244c81d150008ababc19399c7ed428638b57ea
6090,2019-09-15,11.6,12.0,11.6,11.74,133065,,,,,historical_baseline,,fe33df9ae5456d8ee27133c42c244c81d150008ababc19399c7ed428638b57ea
6090,2019-09-16,11.82,11.82,11.74,11.74,56601,,,,,historical_baseline,,fe33df9ae5456d8ee27133c42c244c81d150008ababc19399c7ed428638b57ea
6090,2019-09-17,11.74,11.88,11.72,11.8,54447,,,,,historical_baseline,,fe33df9ae5456d8ee27133c42c244c81d150008ababc19399c7ed428638b57ea
6090,2019-09-18,11.96,11.96,11.7,11.72,50340,,,,,historical_baseline,,fe33df9ae5456d8ee27133c42c244c81d150008ababc19399c7ed428638b57ea
6090,2019-09-19,11.7,11.94,11.7,11.94,77006,,,,,historical_baseline,,fe33df9ae5456d8ee27133c42c244c81d150008ababc19399c7ed428638b57ea
6090,2019-09-22,12.0,12.08,11.8,12.0,69974,,,,,historical_baseline,,fe33df9ae5456d8ee27133c42c244c81d150008ababc19399c7ed428638b57ea
6090,2019-09-24,11.98,12.1,11.98,12.04,122473,,,,,historical_baseline,,fe33df9ae5456d8ee27133c42c244c81d150008ababc19399c7ed428638b57ea
6090,2019-09-25,12.04,12.08,11.94,12.0,158507,,,,,historical_baseline,,fe33df9ae5456d8ee27133c42c244c81d150008ababc19399c7ed428638b57ea
6090,2019-09-26,12.0,12.06,11.96,12.02,123787,,,,,historical_baseline,,fe33df9ae5456d8ee27133c42c244c81d150008ababc19399c7ed428638b57ea
6090,2019-09-29,12.08,12.08,11.96,12.0,45294,,,,,historical_baseline,,fe33df9ae5456d8ee27133c42c244c81d150008ababc19399c7ed428638b57ea
6090,2019-09-30,12.02,12.06,11.94,12.04,193172,,,,,historical_baseline,,fe33df9ae5456d8ee27133c42c244c81d150008ababc19399c7ed428638b57ea
7010,2019-09-01,39.6,40.08,39.4,39.52,1639702,,,,,historical_baseline,,fe33df9ae5456d8ee27133c42c244c81d150008ababc19399c7ed428638b57ea
7010,2019-09-02,39.6,40.0,38.72,40.0,2962280,,,,,historical_baseline,,fe33df9ae5456d8ee27133c42c244c81d150008ababc19399c7ed428638b57ea
7010,2019-09-03,40.0,40.8,39.88,40.32,1615285,,,,,historical_baseline,,fe33df9ae5456d8ee27133c42c244c81d150008ababc19399c7ed428638b57ea
7010,2019-09-04,40.32,41.6,40.32,41.6,2927592,,,,,historical_baseline,,fe33df9ae5456d8ee27133c42c244c81d150008ababc19399c7ed428638b57ea
7010,2019-09-05,41.68,42.08,40.96,41.2,3391277,,,,,historical_baseline,,fe33df9ae5456d8ee27133c42c244c81d150008ababc19399c7ed428638b57ea
7010,2019-09-08,41.44,41.44,40.96,41.28,604617,,,,,historical_baseline,,fe33df9ae5456d8ee27133c42c244c81d150008ababc19399c7ed428638b57ea
7010,2019-09-09,41.28,42.16,40.96,41.84,1974990,,,,,historical_baseline,,fe33df9ae5456d8ee27133c42c244c81d150008ababc19399c7ed428638b57ea
7010,2019-09-10,41.68,41.68,40.8,41.52,1753405,,,,,historical_baseline,,fe33df9ae5456d8ee27133c42c244c81d150008ababc19399c7ed428638b57ea
7010,2019-09-11,41.28,41.28,39.6,40.4,2453875,,,,,historical_baseline,,fe33df9ae5456d8ee27133c42c244c81d150008ababc19399c7ed428638b57ea
7010,2019-09-12,40.32,40.4,39.92,39.92,1854722,,,,,historical_baseline,,fe33df9ae5456d8ee27133c42c244c81d150008ababc19399c7ed428638b57ea
7010,2019-09-15,39.2,39.68,38.84,39.6,1545252,,,,,historical_baseline,,fe33df9ae5456d8ee27133c42c244c81d150008ababc19399c7ed428638b57ea
7010,2019-09-16,39.6,40.56,39.6,40.4,4096865,,,,,historical_baseline,,fe33df9ae5456d8ee27133c42c244c81d150008ababc19399c7ed428638b57ea
7010,2019-09-17,40.24,40.56,39.96,40.56,1750365,,,,,historical_baseline,,fe33df9ae5456d8ee27133c42c244c81d150008ababc19399c7ed428638b57ea
7010,2019-09-18,40.64,40.96,40.32,40.8,966890,,,,,historical_baseline,,fe33df9ae5456d8ee27133c42c244c81d150008ababc19399c7ed428638b57ea
7010,2019-09-19,41.12,42.0,40.48,42.0,15370300,,,,,historical_baseline,,fe33df9ae5456d8ee27133c42c244c81d150008ababc19399c7ed428638b57ea
7010,2019-09-22,41.6,42.08,41.12,41.52,1055577,,,,,historical_baseline,,fe33df9ae5456d8ee27133c42c244c81d150008ababc19399c7ed428638b57ea
7010,2019-09-24,41.52,42.56,41.36,42.56,1723500,,,,,historical_baseline,,fe33df9ae5456d8ee27133c42c244c81d150008ababc19399c7ed428638b57ea
7010,2019-09-25,42.56,42.72,41.92,42.24,1712642,,,,,historical_baseline,,fe33df9ae5456d8ee27133c42c244c81d150008ababc19399c7ed428638b57ea
7010,2019-09-26,42.16,42.8,42.0,42.72,1033135,,,,,historical_baseline,,fe33df9ae5456d8ee27133c42c244c81d150008ababc19399c7ed428638b57ea
7010,2019-09-29,42.8,42.88,42.56,42.88,742497,,,,,historical_baseline,,fe33df9ae5456d8ee27133c42c244c81d150008ababc19399c7ed428638b57ea
7010,2019-09-30,42.88,43.52,42.88,43.52,2878567,,,,,historical_baseline,,fe33df9ae5456d8ee27133c42c244c81d150008ababc19399c7ed428638b57ea
7020,2019-09-01,24.76,25.0,24.72,24.84,1213294,,,,,historical_baseline,,fe33df9ae5456d8ee27133c42c244c81d150008ababc19399c7ed428638b57ea
7020,2019-09-02,24.82,25.0,24.74,25.0,1082216,,,,,historical_baseline,,fe33df9ae5456d8ee27133c42c244c81d150008ababc19399c7ed428638b57ea
7020,2019-09-03,25.0,25.1,24.74,24.8,1391055,,,,,historical_baseline,,fe33df9ae5456d8ee27133c42c244c81d150008ababc19399c7ed428638b57ea
7020,2019-09-04,24.8,25.1,24.78,25.1,1055964,,,,,historical_baseline,,fe33df9ae5456d8ee27133c42c244c81d150008ababc19399c7ed428638b57ea
7020,2019-09-05,25.1,25.2,24.7,24.7,1597364,,,,,historical_baseline,,fe33df9ae5456d8ee27133c42c244c81d150008ababc19399c7ed428638b57ea
7020,2019-09-08,24.8,24.88,24.74,24.78,500475,,,,,historical_baseline,,fe33df9ae5456d8ee27133c42c244c81d150008ababc19399c7ed428638b57ea
7020,2019-09-09,24.78,24.88,24.66,24.88,556939,,,,,historical_baseline,,fe33df9ae5456d8ee27133c42c244c81d150008ababc19399c7ed428638b57ea
7020,2019-09-10,24.78,24.8,24.4,24.62,931791,,,,,historical_baseline,,fe33df9ae5456d8ee27133c42c244c81d150008ababc19399c7ed428638b57ea
7020,2019-09-11,24.4,24.48,24.08,24.46,965560,,,,,historical_baseline,,fe33df9ae5456d8ee27133c42c244c81d150008ababc19399c7ed428638b57ea
7020,2019-09-12,24.4,24.54,24.2,24.2,673971,,,,,historical_baseline,,fe33df9ae5456d8ee27133c42c244c81d150008ababc19399c7ed428638b57ea
7020,2019-09-15,23.9,23.9,22.9,23.38,1973800,,,,,historical_baseline,,fe33df9ae5456d8ee27133c42c244c81d150008ababc19399c7ed428638b57ea
7020,2019-09-16,23.42,23.6,22.7,23.16,2057246,,,,,historical_baseline,,fe33df9ae5456d8ee27133c42c244c81d150008ababc19399c7ed428638b57ea
7020,2019-09-17,23.16,23.18,22.96,23.16,2039625,,,,,historical_baseline,,fe33df9ae5456d8ee27133c42c244c81d150008ababc19399c7ed428638b57ea
7020,2019-09-18,23.42,23.42,22.96,23.02,1538905,,,,,historical_baseline,,fe33df9ae5456d8ee27133c42c244c81d150008ababc19399c7ed428638b57ea
7020,2019-09-19,23.04,23.72,22.88,23.72,6478980,,,,,historical_baseline,,fe33df9ae5456d8ee27133c42c244c81d150008ababc19399c7ed428638b57ea
7020,2019-09-22,23.68,23.86,23.3,23.84,887941,,,,,historical_baseline,,fe33df9ae5456d8ee27133c42c244c81d150008ababc19399c7ed428638b57ea
7020,2019-09-24,23.9,24.4,23.9,24.36,960597,,,,,historical_baseline,,fe33df9ae5456d8ee27133c42c244c81d150008ababc19399c7ed428638b57ea
7020,2019-09-25,24.4,24.4,24.1,24.28,716490,,,,,historical_baseline,,fe33df9ae5456d8ee27133c42c244c81d150008ababc19399c7ed428638b57ea
7020,2019-09-26,24.2,24.28,23.98,23.98,723648,,,,,historical_baseline,,fe33df9ae5456d8ee27133c42c244c81d150008ababc19399c7ed428638b57ea
7020,2019-09-29,23.9,23.98,23.84,23.98,416212,,,,,historical_baseline,,fe33df9ae5456d8ee27133c42c244c81d150008ababc19399c7ed428638b57ea
7020,2019-09-30,23.98,24.18,23.96,24.14,1251634,,,,,historical_baseline,,fe33df9ae5456d8ee27133c42c244c81d150008ababc19399c7ed428638b57ea
7030,2019-09-01,11.95,12.28,11.75,12.24,2542812,,,,,historical_baseline,,fe33df9ae5456d8ee27133c42c244c81d150008ababc19399c7ed428638b57ea
7030,2019-09-02,12.17,12.48,12.11,12.32,2598930,,,,,historical_baseline,,fe33df9ae5456d8ee27133c42c244c81d150008ababc19399c7ed428638b57ea
7030,2019-09-03,12.34,12.42,12.24,12.26,1385981,,,,,historical_baseline,,fe33df9ae5456d8ee27133c42c244c81d150008ababc19399c7ed428638b57ea
7030,2019-09-04,12.3,12.66,12.3,12.66,3204549,,,,,historical_baseline,,fe33df9ae5456d8ee27133c42c244c81d150008ababc19399c7ed428638b57ea
7030,2019-09-05,12.7,13.03,12.68,12.91,5247400,,,,,historical_baseline,,fe33df9ae5456d8ee27133c42c244c81d150008ababc19399c7ed428638b57ea
7030,2019-09-08,12.95,13.11,12.95,13.07,2310320,,,,,historical_baseline,,fe33df9ae5456d8ee27133c42c244c81d150008ababc19399c7ed428638b57ea
7030,2019-09-09,13.05,13.05,12.87,12.99,1339059,,,,,historical_baseline,,fe33df9ae5456d8ee27133c42c244c81d150008ababc19399c7ed428638b57ea
7030,2019-09-10,12.99,13.01,12.6,12.74,2547364,,,,,historical_baseline,,fe33df9ae5456d8ee27133c42c244c81d150008ababc19399c7ed428638b57ea
7030,2019-09-11,12.6,12.7,12.32,12.62,1710095,,,,,historical_baseline,,fe33df9ae5456d8ee27133c42c244c81d150008ababc19399c7ed428638b57ea
7030,2019-09-12,12.7,12.77,12.54,12.54,887920,,,,,historical_baseline,,fe33df9ae5456d8ee27133c42c244c81d150008ababc19399c7ed428638b57ea
7030,2019-09-15,12.22,12.52,12.13,12.4,990450,,,,,historical_baseline,,fe33df9ae5456d8ee27133c42c244c81d150008ababc19399c7ed428638b57ea
7030,2019-09-16,12.44,12.5,12.15,12.38,1521415,,,,,historical_baseline,,fe33df9ae5456d8ee27133c42c244c81d150008ababc19399c7ed428638b57ea
7030,2019-09-17,12.28,12.42,12.17,12.22,1362979,,,,,historical_baseline,,fe33df9ae5456d8ee27133c42c244c81d150008ababc19399c7ed428638b57ea
7030,2019-09-18,12.34,12.36,12.11,12.13,1828457,,,,,historical_baseline,,fe33df9ae5456d8ee27133c42c244c81d150008ababc19399c7ed428638b57ea
7030,2019-09-19,12.13,12.24,11.93,12.24,6146022,,,,,historical_baseline,,fe33df9ae5456d8ee27133c42c244c81d150008ababc19399c7ed428638b57ea
7030,2019-09-22,12.19,12.24,12.11,12.15,2022544,,,,,historical_baseline,,fe33df9ae5456d8ee27133c42c244c81d150008ababc19399c7ed428638b57ea
7030,2019-09-24,12.17,12.4,12.17,12.38,2171951,,,,,historical_baseline,,fe33df9ae5456d8ee27133c42c244c81d150008ababc19399c7ed428638b57ea
7030,2019-09-25,12.38,12.42,12.17,12.17,1812540,,,,,historical_baseline,,fe33df9ae5456d8ee27133c42c244c81d150008ababc19399c7ed428638b57ea
7030,2019-09-26,12.19,12.28,12.13,12.17,873813,,,,,historical_baseline,,fe33df9ae5456d8ee27133c42c244c81d150008ababc19399c7ed428638b57ea
7030,2019-09-29,12.19,12.28,12.13,12.19,1526059,,,,,historical_baseline,,fe33df9ae5456d8ee27133c42c244c81d150008ababc19399c7ed428638b57ea
7030,2019-09-30,12.22,12.36,12.17,12.19,1555558,,,,,historical_baseline,,fe33df9ae5456d8ee27133c42c244c81d150008ababc19399c7ed428638b57ea
7040,2019-09-01,28.32,28.32,28.32,28.32,0,,,,,historical_baseline,,fe33df9ae5456d8ee27133c42c244c81d150008ababc19399c7ed428638b57ea
7040,2019-09-02,28.32,28.32,28.32,28.32,0,,,,,historical_baseline,,fe33df9ae5456d8ee27133c42c244c81d150008ababc19399c7ed428638b57ea
7040,2019-09-03,28.32,28.32,28.32,28.32,0,,,,,historical_baseline,,fe33df9ae5456d8ee27133c42c244c81d150008ababc19399c7ed428638b57ea
7040,2019-09-04,28.32,28.32,28.32,28.32,0,,,,,historical_baseline,,fe33df9ae5456d8ee27133c42c244c81d150008ababc19399c7ed428638b57ea
7040,2019-09-05,28.32,28.32,28.32,28.32,0,,,,,historical_baseline,,fe33df9ae5456d8ee27133c42c244c81d150008ababc19399c7ed428638b57ea
7040,2019-09-08,28.32,28.32,28.32,28.32,0,,,,,historical_baseline,,fe33df9ae5456d8ee27133c42c244c81d150008ababc19399c7ed428638b57ea
7040,2019-09-09,28.32,28.32,28.32,28.32,0,,,,,historical_baseline,,fe33df9ae5456d8ee27133c42c244c81d150008ababc19399c7ed428638b57ea
7040,2019-09-10,28.32,28.32,28.32,28.32,0,,,,,historical_baseline,,fe33df9ae5456d8ee27133c42c244c81d150008ababc19399c7ed428638b57ea
7040,2019-09-11,28.32,28.32,28.32,28.32,0,,,,,historical_baseline,,fe33df9ae5456d8ee27133c42c244c81d150008ababc19399c7ed428638b57ea
7040,2019-09-12,28.32,28.32,28.32,28.32,0,,,,,historical_baseline,,fe33df9ae5456d8ee27133c42c244c81d150008ababc19399c7ed428638b57ea
7040,2019-09-15,28.32,28.32,28.32,28.32,0,,,,,historical_baseline,,fe33df9ae5456d8ee27133c42c244c81d150008ababc19399c7ed428638b57ea
7040,2019-09-16,28.32,28.32,28.32,28.32,0,,,,,historical_baseline,,fe33df9ae5456d8ee27133c42c244c81d150008ababc19399c7ed428638b57ea
7040,2019-09-17,28.32,28.32,28.32,28.32,0,,,,,historical_baseline,,fe33df9ae5456d8ee27133c42c244c81d150008ababc19399c7ed428638b57ea
7040,2019-09-18,28.32,28.32,28.32,28.32,0,,,,,historical_baseline,,fe33df9ae5456d8ee27133c42c244c81d150008ababc19399c7ed428638b57ea
7040,2019-09-19,28.32,28.32,28.32,28.32,0,,,,,historical_baseline,,fe33df9ae5456d8ee27133c42c244c81d150008ababc19399c7ed428638b57ea
7040,2019-09-22,28.32,28.32,28.32,28.32,0,,,,,historical_baseline,,fe33df9ae5456d8ee27133c42c244c81d150008ababc19399c7ed428638b57ea
7040,2019-09-24,28.32,28.32,28.32,28.32,0,,,,,historical_baseline,,fe33df9ae5456d8ee27133c42c244c81d150008ababc19399c7ed428638b57ea
7040,2019-09-25,28.32,28.32,28.32,28.32,0,,,,,historical_baseline,,fe33df9ae5456d8ee27133c42c244c81d150008ababc19399c7ed428638b57ea
7040,2019-09-26,28.32,28.32,28.32,28.32,0,,,,,historical_baseline,,fe33df9ae5456d8ee27133c42c244c81d150008ababc19399c7ed428638b57ea
7040,2019-09-29,28.32,28.32,28.32,28.32,0,,,,,historical_baseline,,fe33df9ae5456d8ee27133c42c244c81d150008ababc19399c7ed428638b57ea
7040,2019-09-30,28.32,28.32,28.32,28.32,0,,,,,historical_baseline,,fe33df9ae5456d8ee27133c42c244c81d150008ababc19399c7ed428638b57ea
8010,2019-09-01,56.25,56.25,55.42,56.25,115056,,,,,historical_baseline,,fe33df9ae5456d8ee27133c42c244c81d150008ababc19399c7ed428638b57ea
8010,2019-09-02,56.67,57.25,55.42,57.0,442836,,,,,historical_baseline,,fe33df9ae5456d8ee27133c42c244c81d150008ababc19399c7ed428638b57ea
8010,2019-09-03,56.67,57.25,56.5,57.17,215300,,,,,historical_baseline,,fe33df9ae5456d8ee27133c42c244c81d150008ababc19399c7ed428638b57ea
8010,2019-09-04,57.17,58.25,57.17,58.25,440989,,,,,historical_baseline,,fe33df9ae5456d8ee27133c42c244c81d150008ababc19399c7ed428638b57ea
8010,2019-09-05,58.17,58.25,57.08,57.42,437377,,,,,historical_baseline,,fe33df9ae5456d8ee27133c42c244c81d150008ababc19399c7ed428638b57ea
8010,2019-09-08,57.75,57.83,56.58,56.67,135046,,,,,historical_baseline,,fe33df9ae5456d8ee27133c42c244c81d150008ababc19399c7ed428638b57ea
8010,2019-09-09,56.58,56.58,55.83,56.58,166136,,,,,historical_baseline,,fe33df9ae5456d8ee27133c42c244c81d150008ababc19399c7ed428638b57ea
8010,2019-09-10,56.25,56.67,55.83,56.33,123686,,,,,historical_baseline,,fe33df9ae5456d8ee27133c42c244c81d150008ababc19399c7ed428638b57ea
8010,2019-09-11,56.58,56.58,54.67,55.17,112328,,,,,historical_baseline,,fe33df9ae5456d8ee27133c42c244c81d150008ababc19399c7ed428638b57ea
8010,2019-09-12,55.42,55.83,54.58,54.58,104954,,,,,historical_baseline,,fe33df9ae5456d8ee27133c42c244c81d150008ababc19399c7ed428638b57ea
8010,2019-09-15,54.17,54.33,53.83,54.08,89413,,,,,historical_baseline,,fe33df9ae5456d8ee27133c42c244c81d150008ababc19399c7ed428638b57ea
8010,2019-09-16,54.17,56.0,54.17,56.0,249886,,,,,historical_baseline,,fe33df9ae5456d8ee27133c42c244c81d150008ababc19399c7ed428638b57ea
8010,2019-09-17,55.08,55.75,54.58,55.75,308210,,,,,historical_baseline,,fe33df9ae5456d8ee27133c42c244c81d150008ababc19399c7ed428638b57ea
8010,2019-09-18,55.75,56.92,55.17,56.92,348568,,,,,historical_baseline,,fe33df9ae5456d8ee27133c42c244c81d150008ababc19399c7ed428638b57ea
8010,2019-09-19,56.42,58.0,56.25,58.0,982088,,,,,historical_baseline,,fe33df9ae5456d8ee27133c42c244c81d150008ababc19399c7ed428638b57ea
8010,2019-09-22,57.5,57.67,56.67,57.42,93470,,,,,historical_baseline,,fe33df9ae5456d8ee27133c42c244c81d150008ababc19399c7ed428638b57ea
8010,2019-09-24,57.33,57.75,57.17,57.58,179917,,,,,historical_baseline,,fe33df9ae5456d8ee27133c42c244c81d150008ababc19399c7ed428638b57ea
8010,2019-09-25,57.25,57.5,56.75,57.17,294565,,,,,historical_baseline,,fe33df9ae5456d8ee27133c42c244c81d150008ababc19399c7ed428638b57ea
8010,2019-09-26,56.75,57.0,55.67,55.83,588982,,,,,historical_baseline,,fe33df9ae5456d8ee27133c42c244c81d150008ababc19399c7ed428638b57ea
8010,2019-09-29,56.08,56.25,55.92,56.25,51427,,,,,historical_baseline,,fe33df9ae5456d8ee27133c42c244c81d150008ababc19399c7ed428638b57ea
8010,2019-09-30,56.42,56.83,56.25,56.5,393096,,,,,historical_baseline,,fe33df9ae5456d8ee27133c42c244c81d150008ababc19399c7ed428638b57ea
8012,2019-09-01,11.48,11.48,11.27,11.4,183736,,,,,historical_baseline,,fe33df9ae5456d8ee27133c42c244c81d150008ababc19399c7ed428638b57ea
8012,2019-09-02,11.32,11.48,11.32,11.48,102564,,,,,historical_baseline,,fe33df9ae5456d8ee27133c42c244c81d150008ababc19399c7ed428638b57ea
8012,2019-09-03,11.48,11.51,11.35,11.35,221893,,,,,historical_baseline,,fe33df9ae5456d8ee27133c42c244c81d150008ababc19399c7ed428638b57ea
8012,2019-09-04,11.4,11.62,11.35,11.62,324408,,,,,historical_baseline,,fe33df9ae5456d8ee27133c42c244c81d150008ababc19399c7ed428638b57ea
8012,2019-09-05,11.67,11.74,11.51,11.51,300822,,,,,historical_baseline,,fe33df9ae5456d8ee27133c42c244c81d150008ababc19399c7ed428638b57ea
8012,2019-09-08,11.55,11.67,11.52,11.67,189983,,,,,historical_baseline,,fe33df9ae5456d8ee27133c42c244c81d150008ababc19399c7ed428638b57ea
8012,2019-09-09,11.67,11.74,11.58,11.67,153819,,,,,historical_baseline,,fe33df9ae5456d8ee27133c42c244c81d150008ababc19399c7ed428638b57ea
8012,2019-09-10,11.67,11.71,11.54,11.55,226009,,,,,historical_baseline,,fe33df9ae5456d8ee27133c42c244c81d150008ababc19399c7ed428638b57ea
8012,2019-09-11,11.54,11.54,11.27,11.34,268733,,,,,historical_baseline,,fe33df9ae5456d8ee27133c42c244c81d150008ababc19399c7ed428638b57ea
8012,2019-09-12,11.41,11.41,11.32,11.32,86692,,,,,historical_baseline,,fe33df9ae5456d8ee27133c42c244c81d150008ababc19399c7ed428638b57ea
8012,2019-09-15,11.27,11.38,11.05,11.28,172645,,,,,historical_baseline,,fe33df9ae5456d8ee27133c42c244c81d150008ababc19399c7ed428638b57ea
8012,2019-09-16,11.31,11.4,11.05,11.05,123918,,,,,historical_baseline,,fe33df9ae5456d8ee27133c42c244c81d150008ababc19399c7ed428638b57ea
8012,2019-09-17,11.17,11.2,11.1,11.1,73018,,,,,historical_baseline,,fe33df9ae5456d8ee27133c42c244c81d150008ababc19399c7ed428638b57ea
8012,2019-09-18,11.18,11.2,11.1,11.14,38415,,,,,historical_baseline,,fe33df9ae5456d8ee27133c42c244c81d150008ababc19399c7ed428638b57ea
8012,2019-09-19,11.1,11.12,11.05,11.08,95126,,,,,historical_baseline,,fe33df9ae5456d8ee27133c42c244c81d150008ababc19399c7ed428638b57ea
8012,2019-09-22,11.12,11.24,11.11,11.18,98991,,,,,historical_baseline,,fe33df9ae5456d8ee27133c42c244c81d150008ababc19399c7ed428638b57ea
8012,2019-09-24,11.2,11.35,11.2,11.28,120377,,,,,historical_baseline,,fe33df9ae5456d8ee27133c42c244c81d150008ababc19399c7ed428638b57ea
8012,2019-09-25,11.3,11.3,11.27,11.28,72435,,,,,historical_baseline,,fe33df9ae5456d8ee27133c42c244c81d150008ababc19399c7ed428638b57ea
8012,2019-09-26,11.28,11.34,11.27,11.27,67258,,,,,historical_baseline,,fe33df9ae5456d8ee27133c42c244c81d150008ababc19399c7ed428638b57ea
8012,2019-09-29,11.28,11.42,11.28,11.42,202629,,,,,historical_baseline,,fe33df9ae5456d8ee27133c42c244c81d150008ababc19399c7ed428638b57ea
8012,2019-09-30,11.41,11.47,11.41,11.45,104697,,,,,historical_baseline,,fe33df9ae5456d8ee27133c42c244c81d150008ababc19399c7ed428638b57ea
8020,2019-09-01,9.18,9.18,8.94,8.99,703202,,,,,historical_baseline,,fe33df9ae5456d8ee27133c42c244c81d150008ababc19399c7ed428638b57ea
8020,2019-09-02,9.0,9.05,8.85,9.01,762769,,,,,historical_baseline,,fe33df9ae5456d8ee27133c42c244c81d150008ababc19399c7ed428638b57ea
8020,2019-09-03,9.04,9.24,8.98,9.12,1577704,,,,,historical_baseline,,fe33df9ae5456d8ee27133c42c244c81d150008ababc19399c7ed428638b57ea
8020,2019-09-04,9.12,9.4,9.1,9.4,1845105,,,,,historical_baseline,,fe33df9ae5456d8ee27133c42c244c81d150008ababc19399c7ed428638b57ea
8020,2019-09-05,9.42,9.5,9.26,9.29,1143742,,,,,historical_baseline,,fe33df9ae5456d8ee27133c42c244c81d150008ababc19399c7ed428638b57ea
8020,2019-09-08,9.32,9.36,9.27,9.32,567410,,,,,historical_baseline,,fe33df9ae5456d8ee27133c42c244c81d150008ababc19399c7ed428638b57ea
8020,2019-09-09,9.34,9.34,9.24,9.24,329004,,,,,historical_baseline,,fe33df9ae5456d8ee27133c42c244c81d150008ababc19399c7ed428638b57ea
8020,2019-09-10,9.22,9.23,9.05,9.05,485381,,,,,historical_baseline,,fe33df9ae5456d8ee27133c42c244c81d150008ababc19399c7ed428638b57ea
8020,2019-09-11,9.02,9.02,8.8,8.85,556030,,,,,historical_baseline,,fe33df9ae5456d8ee27133c42c244c81d150008ababc19399c7ed428638b57ea
8020,2019-09-12,8.92,8.92,8.85,8.89,379185,,,,,historical_baseline,,fe33df9ae5456d8ee27133c42c244c81d150008ababc19399c7ed428638b57ea
8020,2019-09-15,8.82,8.9,8.8,8.86,419479,,,,,historical_baseline,,fe33df9ae5456d8ee27133c42c244c81d150008ababc19399c7ed428638b57ea
8020,2019-09-16,8.91,9.02,8.81,8.83,816415,,,,,historical_baseline,,fe33df9ae5456d8ee27133c42c244c81d150008ababc19399c7ed428638b57ea
8020,2019-09-17,8.83,8.93,8.8,8.8,394008,,,,,historical_baseline,,fe33df9ae5456d8ee27133c42c244c81d150008ababc19399c7ed428638b57ea
8020,2019-09-18,8.8,8.9,8.8,8.83,434157,,,,,historical_baseline,,fe33df9ae5456d8ee27133c42c244c81d150008ababc19399c7ed428638b57ea
8020,2019-09-19,8.81,8.82,8.61,8.68,476709,,,,,historical_baseline,,fe33df9ae5456d8ee27133c42c244c81d150008ababc19399c7ed428638b57ea
8020,2019-09-22,8.79,8.84,8.68,8.8,2080814,,,,,historical_baseline,,fe33df9ae5456d8ee27133c42c244c81d150008ababc19399c7ed428638b57ea
8020,2019-09-24,8.84,9.01,8.83,9.0,1362288,,,,,historical_baseline,,fe33df9ae5456d8ee27133c42c244c81d150008ababc19399c7ed428638b57ea
8020,2019-09-25,9.03,9.2,8.85,8.89,1812968,,,,,historical_baseline,,fe33df9ae5456d8ee27133c42c244c81d150008ababc19399c7ed428638b57ea
8020,2019-09-26,8.89,8.96,8.87,8.9,470454,,,,,historical_baseline,,fe33df9ae5456d8ee27133c42c244c81d150008ababc19399c7ed428638b57ea
8020,2019-09-29,8.91,8.99,8.91,8.98,469411,,,,,historical_baseline,,fe33df9ae5456d8ee27133c42c244c81d150008ababc19399c7ed428638b57ea
8020,2019-09-30,9.0,9.05,8.95,9.05,621282,,,,,historical_baseline,,fe33df9ae5456d8ee27133c42c244c81d150008ababc19399c7ed428638b57ea
8030,2019-09-01,13.62,13.7,13.41,13.64,169016,,,,,historical_baseline,,fe33df9ae5456d8ee27133c42c244c81d150008ababc19399c7ed428638b57ea
8030,2019-09-02,13.62,13.89,13.62,13.74,78074,,,,,historical_baseline,,fe33df9ae5456d8ee27133c42c244c81d150008ababc19399c7ed428638b57ea
8030,2019-09-03,13.72,13.89,13.7,13.82,210180,,,,,historical_baseline,,fe33df9ae5456d8ee27133c42c244c81d150008ababc19399c7ed428638b57ea
8030,2019-09-04,13.82,14.05,13.82,13.91,167609,,,,,historical_baseline,,fe33df9ae5456d8ee27133c42c244c81d150008ababc19399c7ed428638b57ea
8030,2019-09-05,14.16,14.24,13.97,14.03,195560,,,,,historical_baseline,,fe33df9ae5456d8ee27133c42c244c81d150008ababc19399c7ed428638b57ea
8030,2019-09-08,13.99,14.1,13.89,14.06,102253,,,,,historical_baseline,,fe33df9ae5456d8ee27133c42c244c81d150008ababc19399c7ed428638b57ea
8030,2019-09-09,14.05,14.28,13.7,14.16,191402,,,,,historical_baseline,,fe33df9ae5456d8ee27133c42c244c81d150008ababc19399c7ed428638b57ea
8030,2019-09-10,14.08,14.26,13.93,14.01,492559,,,,,historical_baseline,,fe33df9ae5456d8ee27133c42c244c81d150008ababc19399c7ed428638b57ea
8030,2019-09-11,14.08,14.52,13.87,14.31,847793,,,,,historical_baseline,,fe33df9ae5456d8ee27133c42c244c81d150008ababc19399c7ed428638b57ea
8030,2019-09-12,14.28,14.43,14.08,14.14,356333,,,,,historical_baseline,,fe33df9ae5456d8ee27133c42c244c81d150008ababc19399c7ed428638b57ea
8030,2019-09-15,13.89,14.14,13.8,14.06,236830,,,,,historical_baseline,,fe33df9ae5456d8ee27133c42c244c81d150008ababc19399c7ed428638b57ea
8030,2019-09-16,14.2,14.28,13.82,13.93,191162,,,,,historical_baseline,,fe33df9ae5456d8ee27133c42c244c81d150008ababc19399c7ed428638b57ea
8030,2019-09-17,13.93,14.18,13.89,13.97,176812,,,,,historical_baseline,,fe33df9ae5456d8ee27133c42c244c81d150008ababc19399c7ed428638b57ea
8030,2019-09-18,13.93,14.28,13.85,14.22,197866,,,,,historical_baseline,,fe33df9ae5456d8ee27133c42c244c81d150008ababc19399c7ed428638b57ea
8030,2019-09-19,14.22,14.22,13.93,14.08,464559,,,,,historical_baseline,,fe33df9ae5456d8ee27133c42c244c81d150008ababc19399c7ed428638b57ea
8030,2019-09-22,13.97,14.28,13.89,14.16,205780,,,,,historical_baseline,,fe33df9ae5456d8ee27133c42c244c81d150008ababc19399c7ed428638b57ea
8030,2019-09-24,14.1,14.62,14.08,14.35,713060,,,,,historical_baseline,,fe33df9ae5456d8ee27133c42c244c81d150008ababc19399c7ed428638b57ea
8030,2019-09-25,14.28,14.47,14.08,14.22,326862,,,,,historical_baseline,,fe33df9ae5456d8ee27133c42c244c81d150008ababc19399c7ed428638b57ea
8030,2019-09-26,14.18,14.35,14.12,14.28,195690,,,,,historical_baseline,,fe33df9ae5456d8ee27133c42c244c81d150008ababc19399c7ed428638b57ea
8030,2019-09-29,14.28,14.41,14.28,14.29,167159,,,,,historical_baseline,,fe33df9ae5456d8ee27133c42c244c81d150008ababc19399c7ed428638b57ea
8030,2019-09-30,14.31,14.75,14.31,14.66,653974,,,,,historical_baseline,,fe33df9ae5456d8ee27133c42c244c81d150008ababc19399c7ed428638b57ea
8040,2019-09-01,14.41,14.47,13.84,14.16,69164,,,,,historical_baseline,,fe33df9ae5456d8ee27133c42c244c81d150008ababc19399c7ed428638b57ea
8040,2019-09-02,14.18,14.3,14.15,14.3,41671,,,,,historical_baseline,,fe33df9ae5456d8ee27133c42c244c81d150008ababc19399c7ed428638b57ea
8040,2019-09-03,14.3,14.7,14.16,14.58,511408,,,,,historical_baseline,,fe33df9ae5456d8ee27133c42c244c81d150008ababc19399c7ed428638b57ea
8040,2019-09-04,14.58,16.01,14.55,15.84,2395260,,,,,historical_baseline,,fe33df9ae5456d8ee27133c42c244c81d150008ababc19399c7ed428638b57ea
8040,2019-09-05,15.67,15.78,15.13,15.27,893337,,,,,historical_baseline,,fe33df9ae5456d8ee27133c42c244c81d150008ababc19399c7ed428638b57ea
8040,2019-09-08,15.1,15.27,15.04,15.21,334697,,,,,historical_baseline,,fe33df9ae5456d8ee27133c42c244c81d150008ababc19399c7ed428638b57ea
8040,2019-09-09,15.21,15.27,15.04,15.27,146881,,,,,historical_baseline,,fe33df9ae5456d8ee27133c42c244c81d150008ababc19399c7ed428638b57ea
8040,2019-09-10,15.21,16.78,15.15,16.53,2507358,,,,,historical_baseline,,fe33df9ae5456d8ee27133c42c244c81d150008ababc19399c7ed428638b57ea
8040,2019-09-11,16.58,16.7,15.5,15.9,713963,,,,,historical_baseline,,fe33df9ae5456d8ee27133c42c244c81d150008ababc19399c7ed428638b57ea
8040,2019-09-12,15.75,17.16,15.73,16.67,1478026,,,,,historical_baseline,,fe33df9ae5456d8ee27133c42c244c81d150008ababc19399c7ed428638b57ea
8040,2019-09-15,16.24,17.13,15.9,16.3,1307659,,,,,historical_baseline,,fe33df9ae5456d8ee27133c42c244c81d150008ababc19399c7ed428638b57ea
8040,2019-09-16,16.36,16.9,16.3,16.53,1036902,,,,,historical_baseline,,fe33df9ae5456d8ee27133c42c244c81d150008ababc19399c7ed428638b57ea
8040,2019-09-17,16.53,17.5,16.33,16.96,1255676,,,,,historical_baseline,,fe33df9ae5456d8ee27133c42c244c81d150008ababc19399c7ed428638b57ea
8040,2019-09-18,16.76,17.33,16.64,16.87,690471,,,,,historical_baseline,,fe33df9ae5456d8ee27133c42c244c81d150008ababc19399c7ed428638b57ea
8040,2019-09-19,16.76,16.9,16.41,16.41,359296,,,,,historical_baseline,,fe33df9ae5456d8ee27133c42c244c81d150008ababc19399c7ed428638b57ea
8040,2019-09-22,16.3,16.98,16.3,16.81,263103,,,,,historical_baseline,,fe33df9ae5456d8ee27133c42c244c81d150008ababc19399c7ed428638b57ea
8040,2019-09-24,16.87,17.33,16.87,17.1,548552,,,,,historical_baseline,,fe33df9ae5456d8ee27133c42c244c81d150008ababc19399c7ed428638b57ea
8040,2019-09-25,16.98,17.16,16.67,16.76,349230,,,,,historical_baseline,,fe33df9ae5456d8ee27133c42c244c81d150008ababc19399c7ed428638b57ea
8040,2019-09-26,16.87,17.18,16.58,17.07,511051,,,,,historical_baseline,,fe33df9ae5456d8ee27133c42c244c81d150008ababc19399c7ed428638b57ea
8040,2019-09-29,17.04,17.44,16.9,17.21,796643,,,,,historical_baseline,,fe33df9ae5456d8ee27133c42c244c81d150008ababc19399c7ed428638b57ea
8040,2019-09-30,17.24,17.24,16.81,16.87,572677,,,,,historical_baseline,,fe33df9ae5456d8ee27133c42c244c81d150008ababc19399c7ed428638b57ea
8050,2019-09-01,18.01,18.01,17.69,18.01,44950,,,,,historical_baseline,,fe33df9ae5456d8ee27133c42c244c81d150008ababc19399c7ed428638b57ea
8050,2019-09-02,18.01,18.11,17.85,18.05,52742,,,,,historical_baseline,,fe33df9ae5456d8ee27133c42c244c81d150008ababc19399c7ed428638b57ea
8050,2019-09-03,18.18,18.24,18.01,18.01,49092,,,,,historical_baseline,,fe33df9ae5456d8ee27133c42c244c81d150008ababc19399c7ed428638b57ea
8050,2019-09-04,18.18,18.37,18.05,18.31,83421,,,,,historical_baseline,,fe33df9ae5456d8ee27133c42c244c81d150008ababc19399c7ed428638b57ea
8050,2019-09-05,18.41,19.98,18.41,19.0,739947,,,,,historical_baseline,,fe33df9ae5456d8ee27133c42c244c81d150008ababc19399c7ed428638b57ea
8050,2019-09-08,19.0,19.16,18.83,19.03,134787,,,,,historical_baseline,,fe33df9ae5456d8ee27133c42c244c81d150008ababc19399c7ed428638b57ea
8050,2019-09-09,19.26,19.26,19.03,19.09,44363,,,,,historical_baseline,,fe33df9ae5456d8ee27133c42c244c81d150008ababc19399c7ed428638b57ea
8050,2019-09-10,18.87,18.9,18.67,18.73,95229,,,,,historical_baseline,,fe33df9ae5456d8ee27133c42c244c81d150008ababc19399c7ed428638b57ea
8050,2019-09-11,18.5,18.5,18.31,18.31,68838,,,,,historical_baseline,,fe33df9ae5456d8ee27133c42c244c81d150008ababc19399c7ed428638b57ea
8050,2019-09-12,18.34,18.96,18.34,18.64,131911,,,,,historical_baseline,,fe33df9ae5456d8ee27133c42c244c81d150008ababc19399c7ed428638b57ea
8050,2019-09-15,18.21,18.67,18.21,18.5,45484,,,,,historical_baseline,,fe33df9ae5456d8ee27133c42c244c81d150008ababc19399c7ed428638b57ea
8050,2019-09-16,18.6,18.6,18.34,18.34,28445,,,,,historical_baseline,,fe33df9ae5456d8ee27133c42c244c81d150008ababc19399c7ed428638b57ea
8050,2019-09-17,18.41,19.39,18.41,18.67,115663,,,,,historical_baseline,,fe33df9ae5456d8ee27133c42c244c81d150008ababc19399c7ed428638b57ea
8050,2019-09-18,18.83,18.9,18.77,18.77,48981,,,,,historical_baseline,,fe33df9ae5456d8ee27133c42c244c81d150008ababc19399c7ed428638b57ea
8050,2019-09-19,18.47,18.67,18.47,18.47,48696,,,,,historical_baseline,,fe33df9ae5456d8ee27133c42c244c81d150008ababc19399c7ed428638b57ea
8050,2019-09-22,18.54,18.83,18.54,18.67,23229,,,,,historical_baseline,,fe33df9ae5456d8ee27133c42c244c81d150008ababc19399c7ed428638b57ea
8050,2019-09-24,18.77,18.9,18.77,18.9,52814,,,,,historical_baseline,,fe33df9ae5456d8ee27133c42c244c81d150008ababc19399c7ed428638b57ea
8050,2019-09-25,18.9,18.96,18.7,18.9,44867,,,,,historical_baseline,,fe33df9ae5456d8ee27133c42c244c81d150008ababc19399c7ed428638b57ea
8050,2019-09-26,18.87,18.87,18.64,18.64,20555,,,,,historical_baseline,,fe33df9ae5456d8ee27133c42c244c81d150008ababc19399c7ed428638b57ea
8050,2019-09-29,18.6,18.8,18.6,18.73,54055,,,,,historical_baseline,,fe33df9ae5456d8ee27133c42c244c81d150008ababc19399c7ed428638b57ea
8050,2019-09-30,18.9,18.93,18.83,18.9,29210,,,,,historical_baseline,,fe33df9ae5456d8ee27133c42c244c81d150008ababc19399c7ed428638b57ea
8060,2019-09-01,14.2,14.28,13.9,14.0,120650,,,,,historical_baseline,,fe33df9ae5456d8ee27133c42c244c81d150008ababc19399c7ed428638b57ea
8060,2019-09-02,13.9,14.18,13.9,14.16,92960,,,,,historical_baseline,,fe33df9ae5456d8ee27133c42c244c81d150008ababc19399c7ed428638b57ea
8060,2019-09-03,14.14,14.38,14.1,14.2,88115,,,,,historical_baseline,,fe33df9ae5456d8ee27133c42c244c81d150008ababc19399c7ed428638b57ea
8060,2019-09-04,14.0,14.6,14.0,14.44,482812,,,,,historical_baseline,,fe33df9ae5456d8ee27133c42c244c81d150008ababc19399c7ed428638b57ea
8060,2019-09-05,14.56,14.94,14.5,14.92,624245,,,,,historical_baseline,,fe33df9ae5456d8ee27133c42c244c81d150008ababc19399c7ed428638b57ea
8060,2019-09-08,14.98,14.98,14.76,14.84,126519,,,,,historical_baseline,,fe33df9ae5456d8ee27133c42c244c81d150008ababc19399c7ed428638b57ea
8060,2019-09-09,14.76,14.8,14.68,14.7,127599,,,,,historical_baseline,,fe33df9ae5456d8ee27133c42c244c81d150008ababc19399c7ed428638b57ea
8060,2019-09-10,14.54,14.68,14.4,14.68,107554,,,,,historical_baseline,,fe33df9ae5456d8ee27133c42c244c81d150008ababc19399c7ed428638b57ea
8060,2019-09-11,14.42,14.54,14.38,14.48,33665,,,,,historical_baseline,,fe33df9ae5456d8ee27133c42c244c81d150008ababc19399c7ed428638b57ea
8060,2019-09-12,14.34,14.64,14.34,14.46,196640,,,,,historical_baseline,,fe33df9ae5456d8ee27133c42c244c81d150008ababc19399c7ed428638b57ea
8060,2019-09-15,14.0,14.44,14.0,14.44,72694,,,,,historical_baseline,,fe33df9ae5456d8ee27133c42c244c81d150008ababc19399c7ed428638b57ea
8060,2019-09-16,14.6,14.6,14.06,14.38,70292,,,,,historical_baseline,,fe33df9ae5456d8ee27133c42c244c81d150008ababc19399c7ed428638b57ea
8060,2019-09-17,14.3,14.3,14.12,14.3,69372,,,,,historical_baseline,,fe33df9ae5456d8ee27133c42c244c81d150008ababc19399c7ed428638b57ea
8060,2019-09-18,14.38,14.4,14.28,14.38,20332,,,,,historical_baseline,,fe33df9ae5456d8ee27133c42c244c81d150008ababc19399c7ed428638b57ea
8060,2019-09-19,14.3,14.38,14.2,14.38,62362,,,,,historical_baseline,,fe33df9ae5456d8ee27133c42c244c81d150008ababc19399c7ed428638b57ea
8060,2019-09-22,14.38,14.5,14.28,14.5,38104,,,,,historical_baseline,,fe33df9ae5456d8ee27133c42c244c81d150008ababc19399c7ed428638b57ea
8060,2019-09-24,14.52,14.64,14.44,14.5,210797,,,,,historical_baseline,,fe33df9ae5456d8ee27133c42c244c81d150008ababc19399c7ed428638b57ea
8060,2019-09-25,14.46,14.5,14.4,14.5,104590,,,,,historical_baseline,,fe33df9ae5456d8ee27133c42c244c81d150008ababc19399c7ed428638b57ea
8060,2019-09-26,14.44,14.5,14.36,14.46,114075,,,,,historical_baseline,,fe33df9ae5456d8ee27133c42c244c81d150008ababc19399c7ed428638b57ea
8060,2019-09-29,14.36,14.52,14.36,14.4,51642,,,,,historical_baseline,,fe33df9ae5456d8ee27133c42c244c81d150008ababc19399c7ed428638b57ea
8060,2019-09-30,14.9,15.24,14.84,15.02,1451664,,,,,historical_baseline,,fe33df9ae5456d8ee27133c42c244c81d150008ababc19399c7ed428638b57ea
8070,2019-09-01,11.48,11.63,11.39,11.63,101603,,,,,historical_baseline,,fe33df9ae5456d8ee27133c42c244c81d150008ababc19399c7ed428638b57ea
8070,2019-09-02,11.49,11.78,11.48,11.78,98186,,,,,historical_baseline,,fe33df9ae5456d8ee27133c42c244c81d150008ababc19399c7ed428638b57ea
8070,2019-09-03,11.64,11.76,11.42,11.42,92639,,,,,historical_baseline,,fe33df9ae5456d8ee27133c42c244c81d150008ababc19399c7ed428638b57ea
8070,2019-09-04,11.42,11.76,11.42,11.76,244647,,,,,historical_baseline,,fe33df9ae5456d8ee27133c42c244c81d150008ababc19399c7ed428638b57ea
8070,2019-09-05,11.85,12.11,11.76,11.97,545641,,,,,historical_baseline,,fe33df9ae5456d8ee27133c42c244c81d150008ababc19399c7ed428638b57ea
8070,2019-09-08,12.0,12.09,11.91,12.08,261038,,,,,historical_baseline,,fe33df9ae5456d8ee27133c42c244c81d150008ababc19399c7ed428638b57ea
8070,2019-09-09,12.0,12.03,11.85,11.87,106354,,,,,historical_baseline,,fe33df9ae5456d8ee27133c42c244c81d150008ababc19399c7ed428638b57ea
8070,2019-09-10,11.85,11.85,11.67,11.7,159954,,,,,historical_baseline,,fe33df9ae5456d8ee27133c42c244c81d150008ababc19399c7ed428638b57ea
8070,2019-09-11,11.63,11.66,11.34,11.66,292729,,,,,historical_baseline,,fe33df9ae5456d8ee27133c42c244c81d150008ababc19399c7ed428638b57ea
8070,2019-09-12,11.51,11.63,11.51,11.55,89525,,,,,historical_baseline,,fe33df9ae5456d8ee27133c42c244c81d150008ababc19399c7ed428638b57ea
8070,2019-09-15,11.4,11.55,11.4,11.51,93277,,,,,historical_baseline,,fe33df9ae5456d8ee27133c42c244c81d150008ababc19399c7ed428638b57ea
8070,2019-09-16,11.63,11.63,11.36,11.42,114387,,,,,historical_baseline,,fe33df9ae5456d8ee27133c42c244c81d150008ababc19399c7ed428638b57ea
8070,2019-09-17,11.4,11.55,11.39,11.4,172647,,,,,historical_baseline,,fe33df9ae5456d8ee27133c42c244c81d150008ababc19399c7ed428638b57ea
8070,2019-09-18,11.43,11.49,11.4,11.45,102366,,,,,historical_baseline,,fe33df9ae5456d8ee27133c42c244c81d150008ababc19399c7ed428638b57ea
8070,2019-09-19,11.4,11.43,11.25,11.4,119589,,,,,historical_baseline,,fe33df9ae5456d8ee27133c42c244c81d150008ababc19399c7ed428638b57ea
8070,2019-09-22,11.42,11.63,11.42,11.54,155419,,,,,historical_baseline,,fe33df9ae5456d8ee27133c42c244c81d150008ababc19399c7ed428638b57ea
8070,2019-09-24,11.52,11.69,11.51,11.69,189195,,,,,historical_baseline,,fe33df9ae5456d8ee27133c42c244c81d150008ababc19399c7ed428638b57ea
8070,2019-09-25,11.69,11.73,11.58,11.67,229401,,,,,historical_baseline,,fe33df9ae5456d8ee27133c42c244c81d150008ababc19399c7ed428638b57ea
8070,2019-09-26,11.72,11.72,11.57,11.61,185334,,,,,historical_baseline,,fe33df9ae5456d8ee27133c42c244c81d150008ababc19399c7ed428638b57ea
8070,2019-09-29,11.63,11.7,11.63,11.69,119059,,,,,historical_baseline,,fe33df9ae5456d8ee27133c42c244c81d150008ababc19399c7ed428638b57ea
8070,2019-09-30,11.7,11.85,11.7,11.81,187475,,,,,historical_baseline,,fe33df9ae5456d8ee27133c42c244c81d150008ababc19399c7ed428638b57ea
8100,2019-09-01,10.9,10.92,10.8,10.84,106773,,,,,historical_baseline,,fe33df9ae5456d8ee27133c42c244c81d150008ababc19399c7ed428638b57ea
8100,2019-09-02,10.9,11.0,10.8,10.9,155508,,,,,historical_baseline,,fe33df9ae5456d8ee27133c42c244c81d150008ababc19399c7ed428638b57ea
8100,2019-09-03,10.92,11.06,10.82,11.0,222201,,,,,historical_baseline,,fe33df9ae5456d8ee27133c42c244c81d150008ababc19399c7ed428638b57ea
8100,2019-09-04,11.0,11.3,10.92,11.16,493589,,,,,historical_baseline,,fe33df9ae5456d8ee27133c42c244c81d150008ababc19399c7ed428638b57ea
8100,2019-09-05,11.26,11.46,11.16,11.16,601319,,,,,historical_baseline,,fe33df9ae5456d8ee27133c42c244c81d150008ababc19399c7ed428638b57ea
8100,2019-09-08,11.28,11.3,11.14,11.14,169302,,,,,historical_baseline,,fe33df9ae5456d8ee27133c42c244c81d150008ababc19399c7ed428638b57ea
8100,2019-09-09,11.14,11.14,11.02,11.06,255693,,,,,historical_baseline,,fe33df9ae5456d8ee27133c42c244c81d150008ababc19399c7ed428638b57ea
8100,2019-09-10,11.06,11.06,10.9,10.9,297341,,,,,historical_baseline,,fe33df9ae5456d8ee27133c42c244c81d150008ababc19399c7ed428638b57ea
8100,2019-09-11,10.9,10.9,10.64,10.64,189928,,,,,historical_baseline,,fe33df9ae5456d8ee27133c42c244c81d150008ababc19399c7ed428638b57ea
8100,2019-09-12,10.78,10.82,10.6,10.6,165939,,,,,historical_baseline,,fe33df9ae5456d8ee27133c42c244c81d150008ababc19399c7ed428638b57ea
8100,2019-09-15,10.38,10.6,10.38,10.46,179596,,,,,historical_baseline,,fe33df9ae5456d8ee27133c42c244c81d150008ababc19399c7ed428638b57ea
8100,2019-09-16,10.44,10.58,10.36,10.36,119092,,,,,historical_baseline,,fe33df9ae5456d8ee27133c42c244c81d150008ababc19399c7ed428638b57ea
8100,2019-09-17,10.4,10.46,10.2,10.2,203464,,,,,historical_baseline,,fe33df9ae5456d8ee27133c42c244c81d150008ababc19399c7ed428638b57ea
8100,2019-09-18,10.3,10.36,10.18,10.2,132337,,,,,historical_baseline,,fe33df9ae5456d8ee27133c42c244c81d150008ababc19399c7ed428638b57ea
8100,2019-09-19,10.1,10.14,9.99,10.0,355168,,,,,historical_baseline,,fe33df9ae5456d8ee27133c42c244c81d150008ababc19399c7ed428638b57ea
8100,2019-09-22,10.08,10.22,10.06,10.14,253266,,,,,historical_baseline,,fe33df9ae5456d8ee27133c42c244c81d150008ababc19399c7ed428638b57ea
8100,2019-09-24,10.14,10.24,10.14,10.24,102563,,,,,historical_baseline,,fe33df9ae5456d8ee27133c42c244c81d150008ababc19399c7ed428638b57ea
8100,2019-09-25,10.22,10.32,10.1,10.16,229708,,,,,historical_baseline,,fe33df9ae5456d8ee27133c42c244c81d150008ababc19399c7ed428638b57ea
8100,2019-09-26,10.16,10.24,10.1,10.1,123185,,,,,historical_baseline,,fe33df9ae5456d8ee27133c42c244c81d150008ababc19399c7ed428638b57ea
8100,2019-09-29,10.2,10.24,10.14,10.18,160208,,,,,historical_baseline,,fe33df9ae5456d8ee27133c42c244c81d150008ababc19399c7ed428638b57ea
8100,2019-09-30,10.24,10.3,10.2,10.2,91230,,,,,historical_baseline,,fe33df9ae5456d8ee27133c42c244c81d150008ababc19399c7ed428638b57ea
8120,2019-09-01,9.3,9.32,9.21,9.21,29760,,,,,historical_baseline,,fe33df9ae5456d8ee27133c42c244c81d150008ababc19399c7ed428638b57ea
8120,2019-09-02,9.3,9.42,9.3,9.42,86942,,,,,historical_baseline,,fe33df9ae5456d8ee27133c42c244c81d150008ababc19399c7ed428638b57ea
8120,2019-09-03,9.42,9.64,9.42,9.54,142126,,,,,historical_baseline,,fe33df9ae5456d8ee27133c42c244c81d150008ababc19399c7ed428638b57ea
8120,2019-09-04,9.57,9.66,9.57,9.57,99102,,,,,historical_baseline,,fe33df9ae5456d8ee27133c42c244c81d150008ababc19399c7ed428638b57ea
8120,2019-09-05,9.71,9.71,9.55,9.67,225808,,,,,historical_baseline,,fe33df9ae5456d8ee27133c42c244c81d150008ababc19399c7ed428638b57ea
8120,2019-09-08,9.67,9.73,9.64,9.64,167981,,,,,historical_baseline,,fe33df9ae5456d8ee27133c42c244c81d150008ababc19399c7ed428638b57ea
8120,2019-09-09,9.59,9.59,9.5,9.54,130538,,,,,historical_baseline,,fe33df9ae5456d8ee27133c42c244c81d150008ababc19399c7ed428638b57ea
8120,2019-09-10,9.54,9.54,9.32,9.42,225681,,,,,historical_baseline,,fe33df9ae5456d8ee27133c42c244c81d150008ababc19399c7ed428638b57ea
8120,2019-09-11,9.3,9.64,9.3,9.47,161711,,,,,historical_baseline,,fe33df9ae5456d8ee27133c42c244c81d150008ababc19399c7ed428638b57ea
8120,2019-09-12,9.47,9.5,9.32,9.47,67563,,,,,historical_baseline,,fe33df9ae5456d8ee27133c42c244c81d150008ababc19399c7ed428638b57ea
8120,2019-09-15,9.13,9.3,9.13,9.28,53017,,,,,historical_baseline,,fe33df9ae5456d8ee27133c42c244c81d150008ababc19399c7ed428638b57ea
8120,2019-09-16,9.32,9.44,9.2,9.2,144179,,,,,historical_baseline,,fe33df9ae5456d8ee27133c42c244c81d150008ababc19399c7ed428638b57ea
8120,2019-09-17,9.28,9.33,9.2,9.21,119933,,,,,historical_baseline,,fe33df9ae5456d8ee27133c42c244c81d150008ababc19399c7ed428638b57ea
8120,2019-09-18,9.21,9.38,9.21,9.25,39172,,,,,historical_baseline,,fe33df9ae5456d8ee27133c42c244c81d150008ababc19399c7ed428638b57ea
8120,2019-09-19,9.25,9.25,9.06,9.15,51035,,,,,historical_baseline,,fe33df9ae5456d8ee27133c42c244c81d150008ababc19399c7ed428638b57ea
8120,2019-09-22,9.37,9.44,9.21,9.38,99044,,,,,historical_baseline,,fe33df9ae5456d8ee27133c42c244c81d150008ababc19399c7ed428638b57ea
8120,2019-09-24,9.47,9.61,9.47,9.54,188138,,,,,historical_baseline,,fe33df9ae5456d8ee27133c42c244c81d150008ababc19399c7ed428638b57ea
8120,2019-09-25,9.55,9.55,9.5,9.52,38294,,,,,historical_baseline,,fe33df9ae5456d8ee27133c42c244c81d150008ababc19399c7ed428638b57ea
8120,2019-09-26,9.52,9.54,9.4,9.42,80404,,,,,historical_baseline,,fe33df9ae5456d8ee27133c42c244c81d150008ababc19399c7ed428638b57ea
8120,2019-09-29,9.47,9.55,9.44,9.54,112755,,,,,historical_baseline,,fe33df9ae5456d8ee27133c42c244c81d150008ababc19399c7ed428638b57ea
8120,2019-09-30,9.55,9.59,9.52,9.52,87994,,,,,historical_baseline,,fe33df9ae5456d8ee27133c42c244c81d150008ababc19399c7ed428638b57ea
8150,2019-09-01,13.53,13.79,13.53,13.77,51172,,,,,historical_baseline,,fe33df9ae5456d8ee27133c42c244c81d150008ababc19399c7ed428638b57ea
8150,2019-09-02,13.97,13.97,13.79,13.86,22974,,,,,historical_baseline,,fe33df9ae5456d8ee27133c42c244c81d150008ababc19399c7ed428638b57ea
8150,2019-09-03,13.83,13.97,13.79,13.97,59961,,,,,historical_baseline,,fe33df9ae5456d8ee27133c42c244c81d150008ababc19399c7ed428638b57ea
8150,2019-09-04,13.86,14.24,13.86,14.2,169520,,,,,historical_baseline,,fe33df9ae5456d8ee27133c42c244c81d150008ababc19399c7ed428638b57ea
8150,2019-09-05,14.22,14.22,13.99,13.99,56577,,,,,historical_baseline,,fe33df9ae5456d8ee27133c42c244c81d150008ababc19399c7ed428638b57ea
8150,2019-09-08,13.99,14.15,13.99,13.99,44717,,,,,historical_baseline,,fe33df9ae5456d8ee27133c42c244c81d150008ababc19399c7ed428638b57ea
8150,2019-09-09,14.01,14.15,13.99,14.15,38133,,,,,historical_baseline,,fe33df9ae5456d8ee27133c42c244c81d150008ababc19399c7ed428638b57ea
8150,2019-09-10,13.99,13.99,13.9,13.97,76046,,,,,historical_baseline,,fe33df9ae5456d8ee27133c42c244c81d150008ababc19399c7ed428638b57ea
8150,2019-09-11,13.81,13.88,13.79,13.88,41748,,,,,historical_baseline,,fe33df9ae5456d8ee27133c42c244c81d150008ababc19399c7ed428638b57ea
8150,2019-09-12,13.95,13.95,13.85,13.85,9461,,,,,historical_baseline,,fe33df9ae5456d8ee27133c42c244c81d150008ababc19399c7ed428638b57ea
8150,2019-09-15,13.7,13.72,13.7,13.7,83788,,,,,historical_baseline,,fe33df9ae5456d8ee27133c42c244c81d150008ababc19399c7ed428638b57ea
8150,2019-09-16,14.2,14.5,13.97,13.97,128589,,,,,historical_baseline,,fe33df9ae5456d8ee27133c42c244c81d150008ababc19399c7ed428638b57ea
8150,2019-09-17,14.15,14.29,14.01,14.06,51145,,,,,historical_baseline,,fe33df9ae5456d8ee27133c42c244c81d150008ababc19399c7ed428638b57ea
8150,2019-09-18,13.97,14.08,13.74,13.79,61611,,,,,historical_baseline,,fe33df9ae5456d8ee27133c42c244c81d150008ababc19399c7ed428638b57ea
8150,2019-09-19,13.7,13.93,13.35,13.93,116498,,,,,historical_baseline,,fe33df9ae5456d8ee27133c42c244c81d150008ababc19399c7ed428638b57ea
8150,2019-09-22,13.93,13.93,13.93,13.93,10550,,,,,historical_baseline,,fe33df9ae5456d8ee27133c42c244c81d150008ababc19399c7ed428638b57ea
8150,2019-09-24,14.15,14.86,14.15,14.86,185112,,,,,historical_baseline,,fe33df9ae5456d8ee27133c42c244c81d150008ababc19399c7ed428638b57ea
8150,2019-09-25,14.68,15.02,14.45,14.66,91040,,,,,historical_baseline,,fe33df9ae5456d8ee27133c42c244c81d150008ababc19399c7ed428638b57ea
8150,2019-09-26,14.5,15.06,14.5,14.5,170026,,,,,historical_baseline,,fe33df9ae5456d8ee27133c42c244c81d150008ababc19399c7ed428638b57ea
8150,2019-09-29,15.04,15.31,14.95,15.13,97583,,,,,historical_baseline,,fe33df9ae5456d8ee27133c42c244c81d150008ababc19399c7ed428638b57ea
8150,2019-09-30,14.77,14.91,14.5,14.59,369896,,,,,historical_baseline,,fe33df9ae5456d8ee27133c42c244c81d150008ababc19399c7ed428638b57ea
8160,2019-09-01,16.28,16.28,15.88,16.02,132869,,,,,historical_baseline,,fe33df9ae5456d8ee27133c42c244c81d150008ababc19399c7ed428638b57ea
8160,2019-09-02,15.99,15.99,15.03,15.75,215603,,,,,historical_baseline,,fe33df9ae5456d8ee27133c42c244c81d150008ababc19399c7ed428638b57ea
8160,2019-09-03,15.79,16.11,15.73,16.02,211274,,,,,historical_baseline,,fe33df9ae5456d8ee27133c42c244c81d150008ababc19399c7ed428638b57ea
8160,2019-09-04,15.8,16.0,15.75,15.82,261522,,,,,historical_baseline,,fe33df9ae5456d8ee27133c42c244c81d150008ababc19399c7ed428638b57ea
8160,2019-09-05,15.84,16.09,15.75,15.75,383062,,,,,historical_baseline,,fe33df9ae5456d8ee27133c42c244c81d150008ababc19399c7ed428638b57ea
8160,2019-09-08,15.75,16.2,15.75,15.84,706796,,,,,historical_baseline,,fe33df9ae5456d8ee27133c42c244c81d150008ababc19399c7ed428638b57ea
8160,2019-09-09,15.95,15.95,15.71,15.9,217146,,,,,historical_baseline,,fe33df9ae5456d8ee27133c42c244c81d150008ababc19399c7ed428638b57ea
8160,2019-09-10,15.84,15.84,15.57,15.84,234580,,,,,historical_baseline,,fe33df9ae5456d8ee27133c42c244c81d150008ababc19399c7ed428638b57ea
8160,2019-09-11,15.62,15.62,15.23,15.39,179880,,,,,historical_baseline,,fe33df9ae5456d8ee27133c42c244c81d150008ababc19399c7ed428638b57ea
8160,2019-09-12,15.62,16.04,15.39,15.75,387546,,,,,historical_baseline,,fe33df9ae5456d8ee27133c42c244c81d150008ababc19399c7ed428638b57ea
8160,2019-09-15,15.39,16.04,15.39,15.99,443625,,,,,historical_baseline,,fe33df9ae5456d8ee27133c42c244c81d150008ababc19399c7ed428638b57ea
8160,2019-09-16,15.99,16.2,15.66,15.84,375552,,,,,historical_baseline,,fe33df9ae5456d8ee27133c42c244c81d150008ababc19399c7ed428638b57ea
8160,2019-09-17,15.8,15.95,15.39,15.39,193942,,,,,historical_baseline,,fe33df9ae5456d8ee27133c42c244c81d150008ababc19399c7ed428638b57ea
8160,2019-09-18,15.66,15.66,15.32,15.35,218318,,,,,historical_baseline,,fe33df9ae5456d8ee27133c42c244c81d150008ababc19399c7ed428638b57ea
8160,2019-09-19,15.26,15.39,14.97,15.37,274537,,,,,historical_baseline,,fe33df9ae5456d8ee27133c42c244c81d150008ababc19399c7ed428638b57ea
8160,2019-09-22,15.35,16.15,15.35,15.93,378486,,,,,historical_baseline,,fe33df9ae5456d8ee27133c42c244c81d150008ababc19399c7ed428638b57ea
8160,2019-09-24,15.84,16.2,15.79,16.02,255322,,,,,historical_baseline,,fe33df9ae5456d8ee27133c42c244c81d150008ababc19399c7ed428638b57ea
8160,2019-09-25,16.22,16.69,16.02,16.24,459981,,,,,historical_baseline,,fe33df9ae5456d8ee27133c42c244c81d150008ababc19399c7ed428638b57ea
8160,2019-09-26,16.02,16.47,16.02,16.11,257594,,,,,historical_baseline,,fe33df9ae5456d8ee27133c42c244c81d150008ababc19399c7ed428638b57ea
8160,2019-09-29,16.2,16.29,15.95,16.2,133580,,,,,historical_baseline,,fe33df9ae5456d8ee27133c42c244c81d150008ababc19399c7ed428638b57ea
8160,2019-09-30,16.24,16.84,16.2,16.56,633922,,,,,historical_baseline,,fe33df9ae5456d8ee27133c42c244c81d150008ababc19399c7ed428638b57ea
8170,2019-09-01,12.53,12.53,12.44,12.44,83046,,,,,historical_baseline,,fe33df9ae5456d8ee27133c42c244c81d150008ababc19399c7ed428638b57ea
8170,2019-09-02,12.44,12.59,12.44,12.52,68895,,,,,historical_baseline,,fe33df9ae5456d8ee27133c42c244c81d150008ababc19399c7ed428638b57ea
8170,2019-09-03,12.55,12.59,12.46,12.48,121746,,,,,historical_baseline,,fe33df9ae5456d8ee27133c42c244c81d150008ababc19399c7ed428638b57ea
8170,2019-09-04,12.44,12.62,12.44,12.6,132745,,,,,historical_baseline,,fe33df9ae5456d8ee27133c42c244c81d150008ababc19399c7ed428638b57ea
8170,2019-09-05,12.66,12.68,12.57,12.64,201553,,,,,historical_baseline,,fe33df9ae5456d8ee27133c42c244c81d150008ababc19399c7ed428638b57ea
8170,2019-09-08,12.71,12.71,12.62,12.69,148581,,,,,historical_baseline,,fe33df9ae5456d8ee27133c42c244c81d150008ababc19399c7ed428638b57ea
8170,2019-09-09,12.68,12.68,12.57,12.59,108738,,,,,historical_baseline,,fe33df9ae5456d8ee27133c42c244c81d150008ababc19399c7ed428638b57ea
8170,2019-09-10,12.5,12.5,12.36,12.36,172062,,,,,historical_baseline,,fe33df9ae5456d8ee27133c42c244c81d150008ababc19399c7ed428638b57ea
8170,2019-09-11,12.34,12.34,12.0,12.12,264054,,,,,historical_baseline,,fe33df9ae5456d8ee27133c42c244c81d150008ababc19399c7ed428638b57ea
8170,2019-09-12,12.11,12.23,12.11,12.14,147742,,,,,historical_baseline,,fe33df9ae5456d8ee27133c42c244c81d150008ababc19399c7ed428638b57ea
8170,2019-09-15,11.11,11.91,11.11,11.72,316211,,,,,historical_baseline,,fe33df9ae5456d8ee27133c42c244c81d150008ababc19399c7ed428638b57ea
8170,2019-09-16,11.73,11.91,11.72,11.77,186309,,,,,historical_baseline,,fe33df9ae5456d8ee27133c42c244c81d150008ababc19399c7ed428638b57ea
8170,2019-09-17,11.79,11.91,11.64,11.66,143824,,,,,historical_baseline,,fe33df9ae5456d8ee27133c42c244c81d150008ababc19399c7ed428638b57ea
8170,2019-09-18,11.73,11.77,11.66,11.66,119540,,,,,historical_baseline,,fe33df9ae5456d8ee27133c42c244c81d150008ababc19399c7ed428638b57ea
8170,2019-09-19,11.63,11.68,11.47,11.68,156790,,,,,historical_baseline,,fe33df9ae5456d8ee27133c42c244c81d150008ababc19399c7ed428638b57ea
8170,2019-09-22,11.68,11.86,11.61,11.73,67308,,,,,historical_baseline,,fe33df9ae5456d8ee27133c42c244c81d150008ababc19399c7ed428638b57ea
8170,2019-09-24,11.8,11.84,11.73,11.84,73444,,,,,historical_baseline,,fe33df9ae5456d8ee27133c42c244c81d150008ababc19399c7ed428638b57ea
8170,2019-09-25,11.8,11.84,11.79,11.84,64554,,,,,historical_baseline,,fe33df9ae5456d8ee27133c42c244c81d150008ababc19399c7ed428638b57ea
8170,2019-09-26,11.82,11.86,11.75,11.79,86460,,,,,historical_baseline,,fe33df9ae5456d8ee27133c42c244c81d150008ababc19399c7ed428638b57ea
8170,2019-09-29,11.82,11.96,11.82,11.89,140847,,,,,historical_baseline,,fe33df9ae5456d8ee27133c42c244c81d150008ababc19399c7ed428638b57ea
8170,2019-09-30,12.0,12.25,11.95,12.25,130011,,,,,historical_baseline,,fe33df9ae5456d8ee27133c42c244c81d150008ababc19399c7ed428638b57ea
8180,2019-09-01,28.11,28.11,27.69,27.71,21521,,,,,historical_baseline,,fe33df9ae5456d8ee27133c42c244c81d150008ababc19399c7ed428638b57ea
8180,2019-09-02,27.71,28.14,27.71,28.0,24798,,,,,historical_baseline,,fe33df9ae5456d8ee27133c42c244c81d150008ababc19399c7ed428638b57ea
8180,2019-09-03,28.0,28.34,28.0,28.23,126840,,,,,historical_baseline,,fe33df9ae5456d8ee27133c42c244c81d150008ababc19399c7ed428638b57ea
8180,2019-09-04,28.29,28.69,28.29,28.69,105787,,,,,historical_baseline,,fe33df9ae5456d8ee27133c42c244c81d150008ababc19399c7ed428638b57ea
8180,2019-09-05,29.09,29.26,28.69,28.97,132765,,,,,historical_baseline,,fe33df9ae5456d8ee27133c42c244c81d150008ababc19399c7ed428638b57ea
8180,2019-09-08,29.14,29.26,28.97,29.09,82999,,,,,historical_baseline,,fe33df9ae5456d8ee27133c42c244c81d150008ababc19399c7ed428638b57ea
8180,2019-09-09,28.97,28.97,28.69,28.8,42833,,,,,historical_baseline,,fe33df9ae5456d8ee27133c42c244c81d150008ababc19399c7ed428638b57ea
8180,2019-09-10,28.57,28.57,28.23,28.23,125570,,,,,historical_baseline,,fe33df9ae5456d8ee27133c42c244c81d150008ababc19399c7ed428638b57ea
8180,2019-09-11,28.34,28.34,27.83,27.89,90185,,,,,historical_baseline,,fe33df9ae5456d8ee27133c42c244c81d150008ababc19399c7ed428638b57ea
8180,2019-09-12,28.14,28.14,28.0,28.03,26745,,,,,historical_baseline,,fe33df9ae5456d8ee27133c42c244c81d150008ababc19399c7ed428638b57ea
8180,2019-09-15,27.57,27.94,27.43,27.57,80337,,,,,historical_baseline,,fe33df9ae5456d8ee27133c42c244c81d150008ababc19399c7ed428638b57ea
8180,2019-09-16,27.71,27.77,27.31,27.54,53960,,,,,historical_baseline,,fe33df9ae5456d8ee27133c42c244c81d150008ababc19399c7ed428638b57ea
8180,2019-09-17,27.83,27.86,27.43,27.6,47587,,,,,historical_baseline,,fe33df9ae5456d8ee27133c42c244c81d150008ababc19399c7ed428638b57ea
8180,2019-09-18,27.51,27.63,27.43,27.63,26703,,,,,historical_baseline,,fe33df9ae5456d8ee27133c42c244c81d150008ababc19399c7ed428638b57ea
8180,2019-09-19,27.46,27.46,27.0,27.09,92818,,,,,historical_baseline,,fe33df9ae5456d8ee27133c42c244c81d150008ababc19399c7ed428638b57ea
8180,2019-09-22,27.34,27.43,27.31,27.43,25435,,,,,historical_baseline,,fe33df9ae5456d8ee27133c42c244c81d150008ababc19399c7ed428638b57ea
8180,2019-09-24,27.4,27.66,27.4,27.6,42543,,,,,historical_baseline,,fe33df9ae5456d8ee27133c42c244c81d150008ababc19399c7ed428638b57ea
8180,2019-09-25,27.66,27.66,27.46,27.51,37535,,,,,historical_baseline,,fe33df9ae5456d8ee27133c42c244c81d150008ababc19399c7ed428638b57ea
8180,2019-09-26,27.49,27.57,27.43,27.43,27416,,,,,historical_baseline,,fe33df9ae5456d8ee27133c42c244c81d150008ababc19399c7ed428638b57ea
8180,2019-09-29,27.63,28.06,27.63,27.83,65135,,,,,historical_baseline,,fe33df9ae5456d8ee27133c42c244c81d150008ababc19399c7ed428638b57ea
8180,2019-09-30,27.89,28.26,27.89,28.26,65086,,,,,historical_baseline,,fe33df9ae5456d8ee27133c42c244c81d150008ababc19399c7ed428638b57ea
8190,2019-09-01,9.15,9.15,9.12,9.12,71833,,,,,historical_baseline,,fe33df9ae5456d8ee27133c42c244c81d150008ababc19399c7ed428638b57ea
8190,2019-09-02,9.19,9.24,9.1,9.17,185254,,,,,historical_baseline,,fe33df9ae5456d8ee27133c42c244c81d150008ababc19399c7ed428638b57ea
8190,2019-09-03,9.26,9.47,9.26,9.31,564185,,,,,historical_baseline,,fe33df9ae5456d8ee27133c42c244c81d150008ababc19399c7ed428638b57ea
8190,2019-09-04,9.34,9.78,9.3,9.4,1696703,,,,,historical_baseline,,fe33df9ae5456d8ee27133c42c244c81d150008ababc19399c7ed428638b57ea
8190,2019-09-05,9.46,9.6,9.35,9.35,526055,,,,,historical_baseline,,fe33df9ae5456d8ee27133c42c244c81d150008ababc19399c7ed428638b57ea
8190,2019-09-08,9.49,9.59,9.42,9.42,583631,,,,,historical_baseline,,fe33df9ae5456d8ee27133c42c244c81d150008ababc19399c7ed428638b57ea
8190,2019-09-09,9.45,9.48,9.4,9.41,253482,,,,,historical_baseline,,fe33df9ae5456d8ee27133c42c244c81d150008ababc19399c7ed428638b57ea
8190,2019-09-10,9.39,9.39,9.22,9.22,343475,,,,,historical_baseline,,fe33df9ae5456d8ee27133c42c244c81d150008ababc19399c7ed428638b57ea
8190,2019-09-11,9.18,9.19,9.0,9.06,205373,,,,,historical_baseline,,fe33df9ae5456d8ee27133c42c244c81d150008ababc19399c7ed428638b57ea
8190,2019-09-12,9.11,9.11,8.97,8.98,367898,,,,,historical_baseline,,fe33df9ae5456d8ee27133c42c244c81d150008ababc19399c7ed428638b57ea
8190,2019-09-15,8.56,8.85,8.56,8.81,225744,,,,,historical_baseline,,fe33df9ae5456d8ee27133c42c244c81d150008ababc19399c7ed428638b57ea
8190,2019-09-16,8.92,8.92,8.75,8.8,307442,,,,,historical_baseline,,fe33df9ae5456d8ee27133c42c244c81d150008ababc19399c7ed428638b57ea
8190,2019-09-17,8.79,8.85,8.5,8.73,296834,,,,,historical_baseline,,fe33df9ae5456d8ee27133c42c244c81d150008ababc19399c7ed428638b57ea
8190,2019-09-18,8.79,8.8,8.75,8.77,98061,,,,,historical_baseline,,fe33df9ae5456d8ee27133c42c244c81d150008ababc19399c7ed428638b57ea
8190,2019-09-19,8.78,8.79,8.65,8.65,149231,,,,,historical_baseline,,fe33df9ae5456d8ee27133c42c244c81d150008ababc19399c7ed428638b57ea
8190,2019-09-22,8.74,8.94,8.69,8.92,752324,,,,,historical_baseline,,fe33df9ae5456d8ee27133c42c244c81d150008ababc19399c7ed428638b57ea
8190,2019-09-24,8.98,9.07,8.92,8.95,906997,,,,,historical_baseline,,fe33df9ae5456d8ee27133c42c244c81d150008ababc19399c7ed428638b57ea
8190,2019-09-25,9.0,9.01,8.85,8.87,418930,,,,,historical_baseline,,fe33df9ae5456d8ee27133c42c244c81d150008ababc19399c7ed428638b57ea
8190,2019-09-26,8.8,8.85,8.8,8.81,221302,,,,,historical_baseline,,fe33df9ae5456d8ee27133c42c244c81d150008ababc19399c7ed428638b57ea
8190,2019-09-29,8.9,8.9,8.81,8.83,262875,,,,,historical_baseline,,fe33df9ae5456d8ee27133c42c244c81d150008ababc19399c7ed428638b57ea
8190,2019-09-30,8.84,8.87,8.82,8.85,284856,,,,,historical_baseline,,fe33df9ae5456d8ee27133c42c244c81d150008ababc19399c7ed428638b57ea
8200,2019-09-01,8.48,8.56,8.37,8.5,1479054,,,,,historical_baseline,,fe33df9ae5456d8ee27133c42c244c81d150008ababc19399c7ed428638b57ea
8200,2019-09-02,8.54,8.56,8.44,8.46,1940785,,,,,historical_baseline,,fe33df9ae5456d8ee27133c42c244c81d150008ababc19399c7ed428638b57ea
8200,2019-09-03,8.47,8.53,8.35,8.36,2230476,,,,,historical_baseline,,fe33df9ae5456d8ee27133c42c244c81d150008ababc19399c7ed428638b57ea
8200,2019-09-04,8.36,8.49,8.34,8.38,1229498,,,,,historical_baseline,,fe33df9ae5456d8ee27133c42c244c81d150008ababc19399c7ed428638b57ea
8200,2019-09-05,8.45,8.51,8.39,8.45,2328143,,,,,historical_baseline,,fe33df9ae5456d8ee27133c42c244c81d150008ababc19399c7ed428638b57ea
8200,2019-09-08,8.5,8.8,8.5,8.67,2955806,,,,,historical_baseline,,fe33df9ae5456d8ee27133c42c244c81d150008ababc19399c7ed428638b57ea
8200,2019-09-09,8.75,8.85,8.64,8.77,2065474,,,,,historical_baseline,,fe33df9ae5456d8ee27133c42c244c81d150008ababc19399c7ed428638b57ea
8200,2019-09-10,8.77,8.78,8.58,8.63,2002482,,,,,historical_baseline,,fe33df9ae5456d8ee27133c42c244c81d150008ababc19399c7ed428638b57ea
8200,2019-09-11,8.6,8.6,8.26,8.32,1883767,,,,,historical_baseline,,fe33df9ae5456d8ee27133c42c244c81d150008ababc19399c7ed428638b57ea
8200,2019-09-12,8.34,8.42,8.32,8.32,1043070,,,,,historical_baseline,,fe33df9ae5456d8ee27133c42c244c81d150008ababc19399c7ed428638b57ea
8200,2019-09-15,8.25,8.34,8.09,8.25,1227957,,,,,historical_baseline,,fe33df9ae5456d8ee27133c42c244c81d150008ababc19399c7ed428638b57ea
8200,2019-09-16,8.24,8.44,8.24,8.39,2153643,,,,,historical_baseline,,fe33df9ae5456d8ee27133c42c244c81d150008ababc19399c7ed428638b57ea
8200,2019-09-17,8.38,8.52,8.17,8.21,1895391,,,,,historical_baseline,,fe33df9ae5456d8ee27133c42c244c81d150008ababc19399c7ed428638b57ea
8200,2019-09-18,8.23,8.38,8.18,8.27,1691841,,,,,historical_baseline,,fe33df9ae5456d8ee27133c42c244c81d150008ababc19399c7ed428638b57ea
8200,2019-09-19,8.23,8.26,7.87,7.91,1861355,,,,,historical_baseline,,fe33df9ae5456d8ee27133c42c244c81d150008ababc19399c7ed428638b57ea
8200,2019-09-22,7.91,8.24,7.91,8.18,1722494,,,,,historical_baseline,,fe33df9ae5456d8ee27133c42c244c81d150008ababc19399c7ed428638b57ea
8200,2019-09-24,8.24,8.32,8.18,8.32,1606116,,,,,historical_baseline,,fe33df9ae5456d8ee27133c42c244c81d150008ababc19399c7ed428638b57ea
8200,2019-09-25,8.33,8.34,8.16,8.18,945039,,,,,historical_baseline,,fe33df9ae5456d8ee27133c42c244c81d150008ababc19399c7ed428638b57ea
8200,2019-09-26,8.11,8.19,8.1,8.12,573130,,,,,historical_baseline,,fe33df9ae5456d8ee27133c42c244c81d150008ababc19399c7ed428638b57ea
8200,2019-09-29,8.16,8.25,8.13,8.25,646685,,,,,historical_baseline,,fe33df9ae5456d8ee27133c42c244c81d150008ababc19399c7ed428638b57ea
8200,2019-09-30,8.23,8.34,8.22,8.33,547670,,,,,historical_baseline,,fe33df9ae5456d8ee27133c42c244c81d150008ababc19399c7ed428638b57ea
8210,2019-09-01,83.2,84.64,83.2,84.16,92192,,,,,historical_baseline,,fe33df9ae5456d8ee27133c42c244c81d150008ababc19399c7ed428638b57ea
8210,2019-09-02,84.64,85.44,83.04,84.16,128446,,,,,historical_baseline,,fe33df9ae5456d8ee27133c42c244c81d150008ababc19399c7ed428638b57ea
8210,2019-09-03,84.0,85.28,83.04,83.68,62643,,,,,historical_baseline,,fe33df9ae5456d8ee27133c42c244c81d150008ababc19399c7ed428638b57ea
8210,2019-09-04,84.32,85.44,83.68,84.32,117922,,,,,historical_baseline,,fe33df9ae5456d8ee27133c42c244c81d150008ababc19399c7ed428638b57ea
8210,2019-09-05,84.32,84.8,82.4,82.4,162127,,,,,historical_baseline,,fe33df9ae5456d8ee27133c42c244c81d150008ababc19399c7ed428638b57ea
8210,2019-09-08,82.88,83.52,82.72,83.04,41238,,,,,historical_baseline,,fe33df9ae5456d8ee27133c42c244c81d150008ababc19399c7ed428638b57ea
8210,2019-09-09,83.2,83.36,81.6,81.76,129517,,,,,historical_baseline,,fe33df9ae5456d8ee27133c42c244c81d150008ababc19399c7ed428638b57ea
8210,2019-09-10,82.4,82.4,79.76,80.8,178425,,,,,historical_baseline,,fe33df9ae5456d8ee27133c42c244c81d150008ababc19399c7ed428638b57ea
8210,2019-09-11,80.0,80.0,79.52,79.84,56363,,,,,historical_baseline,,fe33df9ae5456d8ee27133c42c244c81d150008ababc19399c7ed428638b57ea
8210,2019-09-12,79.84,82.24,79.84,80.8,147176,,,,,historical_baseline,,fe33df9ae5456d8ee27133c42c244c81d150008ababc19399c7ed428638b57ea
8210,2019-09-15,80.0,82.4,80.0,81.44,79261,,,,,historical_baseline,,fe33df9ae5456d8ee27133c42c244c81d150008ababc19399c7ed428638b57ea
8210,2019-09-16,82.24,83.84,81.28,83.84,190627,,,,,historical_baseline,,fe33df9ae5456d8ee27133c42c244c81d150008ababc19399c7ed428638b57ea
8210,2019-09-17,83.2,83.84,83.2,83.84,75572,,,,,historical_baseline,,fe33df9ae5456d8ee27133c42c244c81d150008ababc19399c7ed428638b57ea
8210,2019-09-18,84.0,84.0,83.04,83.52,87405,,,,,historical_baseline,,fe33df9ae5456d8ee27133c42c244c81d150008ababc19399c7ed428638b57ea
8210,2019-09-19,83.84,85.12,83.84,84.8,535448,,,,,historical_baseline,,fe33df9ae5456d8ee27133c42c244c81d150008ababc19399c7ed428638b57ea
8210,2019-09-22,84.32,84.8,83.52,84.8,10250,,,,,historical_baseline,,fe33df9ae5456d8ee27133c42c244c81d150008ababc19399c7ed428638b57ea
8210,2019-09-24,84.16,85.28,83.68,85.28,74591,,,,,historical_baseline,,fe33df9ae5456d8ee27133c42c244c81d150008ababc19399c7ed428638b57ea
8210,2019-09-25,85.28,86.4,84.16,85.6,101866,,,,,historical_baseline,,fe33df9ae5456d8ee27133c42c244c81d150008ababc19399c7ed428638b57ea
8210,2019-09-26,86.4,87.2,84.8,84.8,182656,,,,,historical_baseline,,fe33df9ae5456d8ee27133c42c244c81d150008ababc19399c7ed428638b57ea
8210,2019-09-29,85.6,85.6,84.32,84.96,492570,,,,,historical_baseline,,fe33df9ae5456d8ee27133c42c244c81d150008ababc19399c7ed428638b57ea
8210,2019-09-30,85.12,87.84,84.96,85.12,472028,,,,,historical_baseline,,fe33df9ae5456d8ee27133c42c244c81d150008ababc19399c7ed428638b57ea
8230,2019-09-01,23.16,23.28,23.0,23.16,138735,,,,,historical_baseline,,fe33df9ae5456d8ee27133c42c244c81d150008ababc19399c7ed428638b57ea
8230,2019-09-02,23.2,23.52,23.0,23.52,168022,,,,,historical_baseline,,fe33df9ae5456d8ee27133c42c244c81d150008ababc19399c7ed428638b57ea
8230,2019-09-03,23.52,24.44,23.24,24.12,567780,,,,,historical_baseline,,fe33df9ae5456d8ee27133c42c244c81d150008ababc19399c7ed428638b57ea
8230,2019-09-04,24.2,24.68,24.08,24.48,717590,,,,,historical_baseline,,fe33df9ae5456d8ee27133c42c244c81d150008ababc19399c7ed428638b57ea
8230,2019-09-05,24.52,25.6,24.52,25.24,680020,,,,,historical_baseline,,fe33df9ae5456d8ee27133c42c244c81d150008ababc19399c7ed428638b57ea
8230,2019-09-08,25.32,26.16,25.32,26.08,709320,,,,,historical_baseline,,fe33df9ae5456d8ee27133c42c244c81d150008ababc19399c7ed428638b57ea
8230,2019-09-09,26.16,26.2,25.6,25.72,240275,,,,,historical_baseline,,fe33df9ae5456d8ee27133c42c244c81d150008ababc19399c7ed428638b57ea
8230,2019-09-10,25.8,25.88,25.6,25.84,120482,,,,,historical_baseline,,fe33df9ae5456d8ee27133c42c244c81d150008ababc19399c7ed428638b57ea
8230,2019-09-11,25.6,25.6,24.68,25.44,208857,,,,,historical_baseline,,fe33df9ae5456d8ee27133c42c244c81d150008ababc19399c7ed428638b57ea
8230,2019-09-12,25.28,26.04,25.2,25.24,221967,,,,,historical_baseline,,fe33df9ae5456d8ee27133c42c244c81d150008ababc19399c7ed428638b57ea
8230,2019-09-15,25.2,25.72,25.0,25.6,120382,,,,,historical_baseline,,fe33df9ae5456d8ee27133c42c244c81d150008ababc19399c7ed428638b57ea
8230,2019-09-16,25.4,25.68,25.2,25.6,166470,,,,,historical_baseline,,fe33df9ae5456d8ee27133c42c244c81d150008ababc19399c7ed428638b57ea
8230,2019-09-17,25.6,25.64,25.44,25.44,121390,,,,,historical_baseline,,fe33df9ae5456d8ee27133c42c244c81d150008ababc19399c7ed428638b57ea
8230,2019-09-18,25.48,25.48,25.36,25.4,63012,,,,,historical_baseline,,fe33df9ae5456d8ee27133c42c244c81d150008ababc19399c7ed428638b57ea
8230,2019-09-19,25.36,25.4,24.76,25.24,105532,,,,,historical_baseline,,fe33df9ae5456d8ee27133c42c244c81d150008ababc19399c7ed428638b57ea
8230,2019-09-22,25.44,25.52,25.24,25.52,160845,,,,,historical_baseline,,fe33df9ae5456d8ee27133c42c244c81d150008ababc19399c7ed428638b57ea
8230,2019-09-24,25.52,25.6,25.44,25.56,140365,,,,,historical_baseline,,fe33df9ae5456d8ee27133c42c244c81d150008ababc19399c7ed428638b57ea
8230,2019-09-25,25.36,25.8,25.36,25.68,180575,,,,,historical_baseline,,fe33df9ae5456d8ee27133c42c244c81d150008ababc19399c7ed428638b57ea
8230,2019-09-26,25.48,25.92,25.48,25.8,182002,,,,,historical_baseline,,fe33df9ae5456d8ee27133c42c244c81d150008ababc19399c7ed428638b57ea
8230,2019-09-29,25.8,26.76,25.8,26.6,468120,,,,,historical_baseline,,fe33df9ae5456d8ee27133c42c244c81d150008ababc19399c7ed428638b57ea
8230,2019-09-30,26.8,27.0,26.72,26.96,427600,,,,,historical_baseline,,fe33df9ae5456d8ee27133c42c244c81d150008ababc19399c7ed428638b57ea
8240,2019-09-01,13.2,13.23,13.0,13.16,266791,,,,,historical_baseline,,fe33df9ae5456d8ee27133c42c244c81d150008ababc19399c7ed428638b57ea
8240,2019-09-02,13.07,13.57,13.04,13.41,264394,,,,,historical_baseline,,fe33df9ae5456d8ee27133c42c244c81d150008ababc19399c7ed428638b57ea
8240,2019-09-03,13.41,13.53,13.27,13.29,195562,,,,,historical_baseline,,fe33df9ae5456d8ee27133c42c244c81d150008ababc19399c7ed428638b57ea
8240,2019-09-04,13.21,14.0,13.16,13.83,721174,,,,,historical_baseline,,fe33df9ae5456d8ee27133c42c244c81d150008ababc19399c7ed428638b57ea
8240,2019-09-05,13.92,14.13,13.59,13.88,520663,,,,,historical_baseline,,fe33df9ae5456d8ee27133c42c244c81d150008ababc19399c7ed428638b57ea
8240,2019-09-08,13.75,14.07,13.73,13.75,263335,,,,,historical_baseline,,fe33df9ae5456d8ee27133c42c244c81d150008ababc19399c7ed428638b57ea
8240,2019-09-09,13.73,13.73,13.56,13.65,126345,,,,,historical_baseline,,fe33df9ae5456d8ee27133c42c244c81d150008ababc19399c7ed428638b57ea
8240,2019-09-10,13.61,13.69,13.48,13.51,156795,,,,,historical_baseline,,fe33df9ae5456d8ee27133c42c244c81d150008ababc19399c7ed428638b57ea
8240,2019-09-11,13.4,13.4,13.11,13.11,186733,,,,,historical_baseline,,fe33df9ae5456d8ee27133c42c244c81d150008ababc19399c7ed428638b57ea
8240,2019-09-12,13.2,13.29,13.11,13.11,118564,,,,,historical_baseline,,fe33df9ae5456d8ee27133c42c244c81d150008ababc19399c7ed428638b57ea
8240,2019-09-15,12.73,12.96,12.73,12.87,150922,,,,,historical_baseline,,fe33df9ae5456d8ee27133c42c244c81d150008ababc19399c7ed428638b57ea
8240,2019-09-16,12.87,13.07,12.67,12.68,206239,,,,,historical_baseline,,fe33df9ae5456d8ee27133c42c244c81d150008ababc19399c7ed428638b57ea
8240,2019-09-17,12.75,12.91,12.67,12.79,152625,,,,,historical_baseline,,fe33df9ae5456d8ee27133c42c244c81d150008ababc19399c7ed428638b57ea
8240,2019-09-18,12.77,12.91,12.75,12.75,142384,,,,,historical_baseline,,fe33df9ae5456d8ee27133c42c244c81d150008ababc19399c7ed428638b57ea
8240,2019-09-19,12.69,12.79,12.4,12.4,193260,,,,,historical_baseline,,fe33df9ae5456d8ee27133c42c244c81d150008ababc19399c7ed428638b57ea
8240,2019-09-22,12.64,12.67,12.51,12.53,121365,,,,,historical_baseline,,fe33df9ae5456d8ee27133c42c244c81d150008ababc19399c7ed428638b57ea
8240,2019-09-24,12.56,12.8,12.56,12.76,241488,,,,,historical_baseline,,fe33df9ae5456d8ee27133c42c244c81d150008ababc19399c7ed428638b57ea
8240,2019-09-25,12.73,12.91,12.73,12.88,265710,,,,,historical_baseline,,fe33df9ae5456d8ee27133c42c244c81d150008ababc19399c7ed428638b57ea
8240,2019-09-26,12.8,12.85,12.73,12.73,152308,,,,,historical_baseline,,fe33df9ae5456d8ee27133c42c244c81d150008ababc19399c7ed428638b57ea
8240,2019-09-29,12.99,13.07,12.91,13.03,196720,,,,,historical_baseline,,fe33df9ae5456d8ee27133c42c244c81d150008ababc19399c7ed428638b57ea
8240,2019-09-30,13.0,13.16,13.0,13.07,182004,,,,,historical_baseline,,fe33df9ae5456d8ee27133c42c244c81d150008ababc19399c7ed428638b57ea
8250,2019-09-01,20.3,20.37,20.06,20.06,71082,,,,,historical_baseline,,fe33df9ae5456d8ee27133c42c244c81d150008ababc19399c7ed428638b57ea
8250,2019-09-02,20.06,20.31,20.06,20.07,55953,,,,,historical_baseline,,fe33df9ae5456d8ee27133c42c244c81d150008ababc19399c7ed428638b57ea
8250,2019-09-03,20.07,20.38,19.89,20.13,79838,,,,,historical_baseline,,fe33df9ae5456d8ee27133c42c244c81d150008ababc19399c7ed428638b57ea
8250,2019-09-04,19.89,20.76,19.89,20.57,328148,,,,,historical_baseline,,fe33df9ae5456d8ee27133c42c244c81d150008ababc19399c7ed428638b57ea
8250,2019-09-05,20.91,21.0,20.71,20.71,120336,,,,,historical_baseline,,fe33df9ae5456d8ee27133c42c244c81d150008ababc19399c7ed428638b57ea
8250,2019-09-08,20.91,21.0,20.83,21.0,98090,,,,,historical_baseline,,fe33df9ae5456d8ee27133c42c244c81d150008ababc19399c7ed428638b57ea
8250,2019-09-09,20.81,20.9,20.81,20.81,55416,,,,,historical_baseline,,fe33df9ae5456d8ee27133c42c244c81d150008ababc19399c7ed428638b57ea
8250,2019-09-10,20.81,20.83,20.73,20.73,49596,,,,,historical_baseline,,fe33df9ae5456d8ee27133c42c244c81d150008ababc19399c7ed428638b57ea
8250,2019-09-11,20.49,20.49,20.16,20.28,67989,,,,,historical_baseline,,fe33df9ae5456d8ee27133c42c244c81d150008ababc19399c7ed428638b57ea
8250,2019-09-12,20.13,20.5,20.13,20.4,33860,,,,,historical_baseline,,fe33df9ae5456d8ee27133c42c244c81d150008ababc19399c7ed428638b57ea
8250,2019-09-15,19.82,20.4,19.75,20.31,64004,,,,,historical_baseline,,fe33df9ae5456d8ee27133c42c244c81d150008ababc19399c7ed428638b57ea
8250,2019-09-16,20.31,20.5,20.13,20.14,56842,,,,,historical_baseline,,fe33df9ae5456d8ee27133c42c244c81d150008ababc19399c7ed428638b57ea
8250,2019-09-17,20.18,21.0,20.18,20.57,114882,,,,,historical_baseline,,fe33df9ae5456d8ee27133c42c244c81d150008ababc19399c7ed428638b57ea
8250,2019-09-18,20.83,20.86,20.57,20.59,87025,,,,,historical_baseline,,fe33df9ae5456d8ee27133c42c244c81d150008ababc19399c7ed428638b57ea
8250,2019-09-19,20.57,20.57,19.97,19.97,104133,,,,,historical_baseline,,fe33df9ae5456d8ee27133c42c244c81d150008ababc19399c7ed428638b57ea
8250,2019-09-22,20.04,20.07,19.97,20.06,49367,,,,,historical_baseline,,fe33df9ae5456d8ee27133c42c244c81d150008ababc19399c7ed428638b57ea
8250,2019-09-24,20.06,20.4,20.06,20.28,66217,,,,,historical_baseline,,fe33df9ae5456d8ee27133c42c244c81d150008ababc19399c7ed428638b57ea
8250,2019-09-25,20.4,20.4,20.06,20.23,64739,,,,,historical_baseline,,fe33df9ae5456d8ee27133c42c244c81d150008ababc19399c7ed428638b57ea
8250,2019-09-26,20.14,20.37,20.06,20.18,59728,,,,,historical_baseline,,fe33df9ae5456d8ee27133c42c244c81d150008ababc19399c7ed428638b57ea
8250,2019-09-29,20.3,20.54,20.3,20.4,78922,,,,,historical_baseline,,fe33df9ae5456d8ee27133c42c244c81d150008ababc19399c7ed428638b57ea
8250,2019-09-30,20.49,21.14,20.49,21.14,68073,,,,,historical_baseline,,fe33df9ae5456d8ee27133c42c244c81d150008ababc19399c7ed428638b57ea
8260,2019-09-01,11.25,11.5,11.25,11.35,126853,,,,,historical_baseline,,fe33df9ae5456d8ee27133c42c244c81d150008ababc19399c7ed428638b57ea
8260,2019-09-02,11.35,11.42,11.33,11.42,102541,,,,,historical_baseline,,fe33df9ae5456d8ee27133c42c244c81d150008ababc19399c7ed428638b57ea
8260,2019-09-03,11.33,11.69,11.33,11.54,460022,,,,,historical_baseline,,fe33df9ae5456d8ee27133c42c244c81d150008ababc19399c7ed428638b57ea
8260,2019-09-04,11.54,12.12,11.54,12.04,657215,,,,,historical_baseline,,fe33df9ae5456d8ee27133c42c244c81d150008ababc19399c7ed428638b57ea
8260,2019-09-05,12.06,12.2,11.87,11.87,320926,,,,,historical_baseline,,fe33df9ae5456d8ee27133c42c244c81d150008ababc19399c7ed428638b57ea
8260,2019-09-08,11.83,12.04,11.73,11.83,199231,,,,,historical_baseline,,fe33df9ae5456d8ee27133c42c244c81d150008ababc19399c7ed428638b57ea
8260,2019-09-09,11.85,11.87,11.64,11.66,158392,,,,,historical_baseline,,fe33df9ae5456d8ee27133c42c244c81d150008ababc19399c7ed428638b57ea
8260,2019-09-10,11.64,11.64,11.38,11.46,102750,,,,,historical_baseline,,fe33df9ae5456d8ee27133c42c244c81d150008ababc19399c7ed428638b57ea
8260,2019-09-11,11.36,11.36,11.04,11.05,299155,,,,,historical_baseline,,fe33df9ae5456d8ee27133c42c244c81d150008ababc19399c7ed428638b57ea
8260,2019-09-12,11.13,11.69,10.96,10.96,871786,,,,,historical_baseline,,fe33df9ae5456d8ee27133c42c244c81d150008ababc19399c7ed428638b57ea
8260,2019-09-15,10.71,10.96,10.69,10.94,283207,,,,,historical_baseline,,fe33df9ae5456d8ee27133c42c244c81d150008ababc19399c7ed428638b57ea
8260,2019-09-16,11.0,11.07,10.82,10.86,260201,,,,,historical_baseline,,fe33df9ae5456d8ee27133c42c244c81d150008ababc19399c7ed428638b57ea
8260,2019-09-17,10.8,10.96,10.8,10.86,185257,,,,,historical_baseline,,fe33df9ae5456d8ee27133c42c244c81d150008ababc19399c7ed428638b57ea
8260,2019-09-18,10.9,10.96,10.82,10.82,122935,,,,,historical_baseline,,fe33df9ae5456d8ee27133c42c244c81d150008ababc19399c7ed428638b57ea
8260,2019-09-19,10.82,10.82,10.67,10.71,131136,,,,,historical_baseline,,fe33df9ae5456d8ee27133c42c244c81d150008ababc19399c7ed428638b57ea
8260,2019-09-22,10.96,11.0,10.88,10.96,179676,,,,,historical_baseline,,fe33df9ae5456d8ee27133c42c244c81d150008ababc19399c7ed428638b57ea
8260,2019-09-24,10.96,11.05,10.94,11.04,139245,,,,,historical_baseline,,fe33df9ae5456d8ee27133c42c244c81d150008ababc19399c7ed428638b57ea
8260,2019-09-25,10.98,11.05,10.94,10.94,150712,,,,,historical_baseline,,fe33df9ae5456d8ee27133c42c244c81d150008ababc19399c7ed428638b57ea
8260,2019-09-26,10.96,10.96,10.78,10.78,58292,,,,,historical_baseline,,fe33df9ae5456d8ee27133c42c244c81d150008ababc19399c7ed428638b57ea
8260,2019-09-29,10.96,11.04,10.9,10.92,104813,,,,,historical_baseline,,fe33df9ae5456d8ee27133c42c244c81d150008ababc19399c7ed428638b57ea
8260,2019-09-30,11.0,11.07,10.96,11.02,109780,,,,,historical_baseline,,fe33df9ae5456d8ee27133c42c244c81d150008ababc19399c7ed428638b57ea
8280,2019-09-01,19.2,19.3,19.06,19.06,165098,,,,,historical_baseline,,fe33df9ae5456d8ee27133c42c244c81d150008ababc19399c7ed428638b57ea
8280,2019-09-02,19.34,19.34,19.14,19.18,112043,,,,,historical_baseline,,fe33df9ae5456d8ee27133c42c244c81d150008ababc19399c7ed428638b57ea
8280,2019-09-03,19.16,19.4,19.16,19.22,98087,,,,,historical_baseline,,fe33df9ae5456d8ee27133c42c244c81d150008ababc19399c7ed428638b57ea
8280,2019-09-04,19.14,19.7,19.12,19.68,227253,,,,,historical_baseline,,fe33df9ae5456d8ee27133c42c244c81d150008ababc19399c7ed428638b57ea
8280,2019-09-05,20.0,20.3,19.5,19.5,515746,,,,,historical_baseline,,fe33df9ae5456d8ee27133c42c244c81d150008ababc19399c7ed428638b57ea
8280,2019-09-08,19.66,20.2,19.62,19.66,791760,,,,,historical_baseline,,fe33df9ae5456d8ee27133c42c244c81d150008ababc19399c7ed428638b57ea
8280,2019-09-09,19.64,19.7,19.28,19.32,621846,,,,,historical_baseline,,fe33df9ae5456d8ee27133c42c244c81d150008ababc19399c7ed428638b57ea
8280,2019-09-10,19.2,19.22,18.66,18.66,444674,,,,,historical_baseline,,fe33df9ae5456d8ee27133c42c244c81d150008ababc19399c7ed428638b57ea
8280,2019-09-11,18.56,18.56,17.82,17.82,723670,,,,,historical_baseline,,fe33df9ae5456d8ee27133c42c244c81d150008ababc19399c7ed428638b57ea
8280,2019-09-12,17.88,18.08,17.84,17.86,577443,,,,,historical_baseline,,fe33df9ae5456d8ee27133c42c244c81d150008ababc19399c7ed428638b57ea
8280,2019-09-15,17.22,17.7,17.02,17.58,314457,,,,,historical_baseline,,fe33df9ae5456d8ee27133c42c244c81d150008ababc19399c7ed428638b57ea
8280,2019-09-16,17.66,18.06,17.62,17.78,327555,,,,,historical_baseline,,fe33df9ae5456d8ee27133c42c244c81d150008ababc19399c7ed428638b57ea
8280,2019-09-17,17.94,18.14,17.78,17.8,366681,,,,,historical_baseline,,fe33df9ae5456d8ee27133c42c244c81d150008ababc19399c7ed428638b57ea
8280,2019-09-18,17.9,18.3,17.7,18.3,496310,,,,,historical_baseline,,fe33df9ae5456d8ee27133c42c244c81d150008ababc19399c7ed428638b57ea
8280,2019-09-19,18.04,18.2,17.8,17.8,227960,,,,,historical_baseline,,fe33df9ae5456d8ee27133c42c244c81d150008ababc19399c7ed428638b57ea
8280,2019-09-22,17.6,17.9,17.56,17.58,329427,,,,,historical_baseline,,fe33df9ae5456d8ee27133c42c244c81d150008ababc19399c7ed428638b57ea
8280,2019-09-24,17.68,17.78,17.64,17.74,251800,,,,,historical_baseline,,fe33df9ae5456d8ee27133c42c244c81d150008ababc19399c7ed428638b57ea
8280,2019-09-25,17.8,17.84,17.54,17.6,296378,,,,,historical_baseline,,fe33df9ae5456d8ee27133c42c244c81d150008ababc19399c7ed428638b57ea
8280,2019-09-26,17.68,17.96,17.64,17.74,324455,,,,,historical_baseline,,fe33df9ae5456d8ee27133c42c244c81d150008ababc19399c7ed428638b57ea
8280,2019-09-29,17.94,17.98,17.72,17.76,281912,,,,,historical_baseline,,fe33df9ae5456d8ee27133c42c244c81d150008ababc19399c7ed428638b57ea
8280,2019-09-30,17.74,18.1,17.72,18.1,516455,,,,,historical_baseline,,fe33df9ae5456d8ee27133c42c244c81d150008ababc19399c7ed428638b57ea
8300,2019-09-01,11.91,11.91,11.82,11.82,13023,,,,,historical_baseline,,fe33df9ae5456d8ee27133c42c244c81d150008ababc19399c7ed428638b57ea
8300,2019-09-02,11.91,12.24,11.91,12.24,26930,,,,,historical_baseline,,fe33df9ae5456d8ee27133c42c244c81d150008ababc19399c7ed428638b57ea
8300,2019-09-03,12.21,12.3,12.04,12.04,69046,,,,,historical_baseline,,fe33df9ae5456d8ee27133c42c244c81d150008ababc19399c7ed428638b57ea
8300,2019-09-04,11.91,12.24,11.91,12.24,85533,,,,,historical_baseline,,fe33df9ae5456d8ee27133c42c244c81d150008ababc19399c7ed428638b57ea
8300,2019-09-05,12.3,12.4,12.11,12.2,96180,,,,,historical_baseline,,fe33df9ae5456d8ee27133c42c244c81d150008ababc19399c7ed428638b57ea
8300,2019-09-08,12.42,13.11,12.41,12.52,784981,,,,,historical_baseline,,fe33df9ae5456d8ee27133c42c244c81d150008ababc19399c7ed428638b57ea
8300,2019-09-09,12.34,12.5,12.34,12.4,88244,,,,,historical_baseline,,fe33df9ae5456d8ee27133c42c244c81d150008ababc19399c7ed428638b57ea
8300,2019-09-10,12.28,12.34,12.04,12.05,301722,,,,,historical_baseline,,fe33df9ae5456d8ee27133c42c244c81d150008ababc19399c7ed428638b57ea
8300,2019-09-11,11.93,11.95,11.68,11.7,226321,,,,,historical_baseline,,fe33df9ae5456d8ee27133c42c244c81d150008ababc19399c7ed428638b57ea
8300,2019-09-12,11.82,11.99,11.72,11.78,113749,,,,,historical_baseline,,fe33df9ae5456d8ee27133c42c244c81d150008ababc19399c7ed428638b57ea
8300,2019-09-15,11.52,11.71,11.52,11.71,142354,,,,,historical_baseline,,fe33df9ae5456d8ee27133c42c244c81d150008ababc19399c7ed428638b57ea
8300,2019-09-16,11.78,11.89,11.58,11.59,159643,,,,,historical_baseline,,fe33df9ae5456d8ee27133c42c244c81d150008ababc19399c7ed428638b57ea
8300,2019-09-17,11.58,12.04,11.58,11.78,310992,,,,,historical_baseline,,fe33df9ae5456d8ee27133c42c244c81d150008ababc19399c7ed428638b57ea
8300,2019-09-18,11.84,11.91,11.75,11.75,213629,,,,,historical_baseline,,fe33df9ae5456d8ee27133c42c244c81d150008ababc19399c7ed428638b57ea
8300,2019-09-19,11.78,11.85,11.47,11.51,206186,,,,,historical_baseline,,fe33df9ae5456d8ee27133c42c244c81d150008ababc19399c7ed428638b57ea
8300,2019-09-22,11.6,11.97,11.6,11.66,187110,,,,,historical_baseline,,fe33df9ae5456d8ee27133c42c244c81d150008ababc19399c7ed428638b57ea
8300,2019-09-24,11.66,11.89,11.66,11.89,114248,,,,,historical_baseline,,fe33df9ae5456d8ee27133c42c244c81d150008ababc19399c7ed428638b57ea
8300,2019-09-25,11.91,11.91,11.71,11.72,97948,,,,,historical_baseline,,fe33df9ae5456d8ee27133c42c244c81d150008ababc19399c7ed428638b57ea
8300,2019-09-26,11.71,11.71,11.62,11.64,112668,,,,,historical_baseline,,fe33df9ae5456d8ee27133c42c244c81d150008ababc19399c7ed428638b57ea
8300,2019-09-29,11.85,11.88,11.75,11.75,177476,,,,,historical_baseline,,fe33df9ae5456d8ee27133c42c244c81d150008ababc19399c7ed428638b57ea
8300,2019-09-30,11.71,11.96,11.71,11.95,215839,,,,,historical_baseline,,fe33df9ae5456d8ee27133c42c244c81d150008ababc19399c7ed428638b57ea
8310,2019-09-01,20.57,20.57,19.72,20.12,243468,,,,,historical_baseline,,fe33df9ae5456d8ee27133c42c244c81d150008ababc19399c7ed428638b57ea
8310,2019-09-02,20.12,20.46,19.94,20.46,139912,,,,,historical_baseline,,fe33df9ae5456d8ee27133c42c244c81d150008ababc19399c7ed428638b57ea
8310,2019-09-03,20.42,21.16,20.42,20.6,305110,,,,,historical_baseline,,fe33df9ae5456d8ee27133c42c244c81d150008ababc19399c7ed428638b57ea
8310,2019-09-04,20.57,20.9,20.57,20.79,133409,,,,,historical_baseline,,fe33df9ae5456d8ee27133c42c244c81d150008ababc19399c7ed428638b57ea
8310,2019-09-05,21.05,21.34,20.86,20.94,387706,,,,,historical_baseline,,fe33df9ae5456d8ee27133c42c244c81d150008ababc19399c7ed428638b57ea
8310,2019-09-08,21.05,21.19,20.86,21.19,110285,,,,,historical_baseline,,fe33df9ae5456d8ee27133c42c244c81d150008ababc19399c7ed428638b57ea
8310,2019-09-09,21.27,21.97,21.12,21.49,673503,,,,,historical_baseline,,fe33df9ae5456d8ee27133c42c244c81d150008ababc19399c7ed428638b57ea
8310,2019-09-10,21.23,21.45,20.68,20.79,302456,,,,,historical_baseline,,fe33df9ae5456d8ee27133c42c244c81d150008ababc19399c7ed428638b57ea
8310,2019-09-11,20.75,20.75,20.2,20.2,252755,,,,,historical_baseline,,fe33df9ae5456d8ee27133c42c244c81d150008ababc19399c7ed428638b57ea
8310,2019-09-12,20.42,20.6,20.12,20.16,177488,,,,,historical_baseline,,fe33df9ae5456d8ee27133c42c244c81d150008ababc19399c7ed428638b57ea
8310,2019-09-15,19.75,20.12,19.61,19.94,126328,,,,,historical_baseline,,fe33df9ae5456d8ee27133c42c244c81d150008ababc19399c7ed428638b57ea
8310,2019-09-16,20.23,20.49,19.83,19.98,273895,,,,,historical_baseline,,fe33df9ae5456d8ee27133c42c244c81d150008ababc19399c7ed428638b57ea
8310,2019-09-17,19.94,20.23,19.64,19.72,173176,,,,,historical_baseline,,fe33df9ae5456d8ee27133c42c244c81d150008ababc19399c7ed428638b57ea
8310,2019-09-18,19.75,20.05,19.5,19.5,188493,,,,,historical_baseline,,fe33df9ae5456d8ee27133c42c244c81d150008ababc19399c7ed428638b57ea
8310,2019-09-19,19.5,19.5,19.02,19.02,125890,,,,,historical_baseline,,fe33df9ae5456d8ee27133c42c244c81d150008ababc19399c7ed428638b57ea
8310,2019-09-22,19.38,19.75,19.24,19.57,272098,,,,,historical_baseline,,fe33df9ae5456d8ee27133c42c244c81d150008ababc19399c7ed428638b57ea
8310,2019-09-24,19.42,19.98,19.42,19.75,227673,,,,,historical_baseline,,fe33df9ae5456d8ee27133c42c244c81d150008ababc19399c7ed428638b57ea
8310,2019-09-25,19.61,19.83,19.57,19.61,120331,,,,,historical_baseline,,fe33df9ae5456d8ee27133c42c244c81d150008ababc19399c7ed428638b57ea
8310,2019-09-26,19.68,19.75,19.42,19.5,91146,,,,,historical_baseline,,fe33df9ae5456d8ee27133c42c244c81d150008ababc19399c7ed428638b57ea
8310,2019-09-29,19.72,19.86,19.64,19.68,107320,,,,,historical_baseline,,fe33df9ae5456d8ee27133c42c244c81d150008ababc19399c7ed428638b57ea
8310,2019-09-30,19.83,19.86,19.72,19.72,60201,,,,,historical_baseline,,fe33df9ae5456d8ee27133c42c244c81d150008ababc19399c7ed428638b57ea
8311,2019-09-01,20.65,20.65,19.84,20.1,158901,,,,,historical_baseline,,fe33df9ae5456d8ee27133c42c244c81d150008ababc19399c7ed428638b57ea
8311,2019-09-02,19.86,20.52,19.84,20.4,138654,,,,,historical_baseline,,fe33df9ae5456d8ee27133c42c244c81d150008ababc19399c7ed428638b57ea
8311,2019-09-03,20.32,21.05,20.28,20.52,316408,,,,,historical_baseline,,fe33df9ae5456d8ee27133c42c244c81d150008ababc19399c7ed428638b57ea
8311,2019-09-04,20.52,20.85,20.52,20.85,279660,,,,,historical_baseline,,fe33df9ae5456d8ee27133c42c244c81d150008ababc19399c7ed428638b57ea
8311,2019-09-05,21.05,21.33,20.73,20.81,482918,,,,,historical_baseline,,fe33df9ae5456d8ee27133c42c244c81d150008ababc19399c7ed428638b57ea
8311,2019-09-08,20.81,20.97,20.81,20.97,159777,,,,,historical_baseline,,fe33df9ae5456d8ee27133c42c244c81d150008ababc19399c7ed428638b57ea
8311,2019-09-09,21.01,21.37,20.93,21.09,548719,,,,,historical_baseline,,fe33df9ae5456d8ee27133c42c244c81d150008ababc19399c7ed428638b57ea
8311,2019-09-10,20.73,20.85,19.88,20.06,860232,,,,,historical_baseline,,fe33df9ae5456d8ee27133c42c244c81d150008ababc19399c7ed428638b57ea
8311,2019-09-11,19.82,20.06,19.23,19.59,237783,,,,,historical_baseline,,fe33df9ae5456d8ee27133c42c244c81d150008ababc19399c7ed428638b57ea
8311,2019-09-12,19.45,20.24,19.45,20.2,276240,,,,,historical_baseline,,fe33df9ae5456d8ee27133c42c244c81d150008ababc19399c7ed428638b57ea
8311,2019-09-15,19.43,19.98,19.43,19.78,144858,,,,,historical_baseline,,fe33df9ae5456d8ee27133c42c244c81d150008ababc19399c7ed428638b57ea
8311,2019-09-16,19.94,20.02,19.55,19.59,176074,,,,,historical_baseline,,fe33df9ae5456d8ee27133c42c244c81d150008ababc19399c7ed428638b57ea
8311,2019-09-17,19.84,19.84,19.23,19.31,155967,,,,,historical_baseline,,fe33df9ae5456d8ee27133c42c244c81d150008ababc19399c7ed428638b57ea
8311,2019-09-18,19.55,19.59,19.27,19.31,142349,,,,,historical_baseline,,fe33df9ae5456d8ee27133c42c244c81d150008ababc19399c7ed428638b57ea
8311,2019-09-19,19.23,19.23,18.68,18.68,243921,,,,,historical_baseline,,fe33df9ae5456d8ee27133c42c244c81d150008ababc19399c7ed428638b57ea
8311,2019-09-22,18.9,19.07,18.74,18.9,214767,,,,,historical_baseline,,fe33df9ae5456d8ee27133c42c244c81d150008ababc19399c7ed428638b57ea
8311,2019-09-24,18.74,19.03,18.74,18.82,167643,,,,,historical_baseline,,fe33df9ae5456d8ee27133c42c244c81d150008ababc19399c7ed428638b57ea
8311,2019-09-25,18.86,19.17,18.68,18.78,204290,,,,,historical_baseline,,fe33df9ae5456d8ee27133c42c244c81d150008ababc19399c7ed428638b57ea
8311,2019-09-26,18.82,18.93,18.66,18.7,108201,,,,,historical_baseline,,fe33df9ae5456d8ee27133c42c244c81d150008ababc19399c7ed428638b57ea
8311,2019-09-29,18.76,18.9,18.72,18.8,73053,,,,,historical_baseline,,fe33df9ae5456d8ee27133c42c244c81d150008ababc19399c7ed428638b57ea
8311,2019-09-30,18.9,18.93,18.74,18.86,93343,,,,,historical_baseline,,fe33df9ae5456d8ee27133c42c244c81d150008ababc19399c7ed428638b57ea
