symbol,date,open,high,low,close,volume,value_traded,trades_count,is_final,partial,source_layer,source_run_id,source_file_sha256
1010,2026-08-02,20.3,20.36,20.13,20.13,930021,18843738.48,,,,render_normalized,tasi_2026-07-31_2026-08-02_20260802T153020127593Z,2eb23ca39fcf0e44fa270e6e4d6a1341261e22b2abfbc789ec2875a29009248b
1010,2026-08-03,20.13,20.3,20.06,20.29,1749042,35375369.19,,,,render_normalized,tasi_2026-08-03_2026-08-03_20260803T153021496139Z,4b0f0fa9c3b343cf96fecea13101ae13ad2a21806fd55533770061ac5bb0689d
1010,2026-08-04,20.28,20.5,20.21,20.21,4012145,81560271.86,,,,render_normalized,tasi_2026-08-04_2026-08-04_20260804T153023696814Z,32de4882671eec0a9062962d0f5591f8e56969b134d0070652d21718d4563e66
1010,2026-08-05,20.27,20.42,20.22,20.3,3283833,66724790.87,,,,render_normalized,tasi_2026-08-05_2026-08-05_20260805T153024437012Z,9fd93f225e2663ef72017465f1af6b5bb1e9f620c1b69c07a1f0fd54b850091a
1010,2026-08-06,20.35,20.5,20.32,20.42,2742820,55973967.55,,,,render_normalized,tasi_2026-08-06_2026-08-06_20260806T153021501965Z,6ff377152d0ead67e84f33bc0daa618a818145aa8e2f551c9273431d88ac3851
1010,2026-08-09,20.42,20.5,20.38,20.39,1212964,24792198.17,,,,render_normalized,tasi_2026-08-07_2026-08-09_20260809T153020287151Z,d7eb763bea83ef8684d027dfe3fb0fb7c951f2a9c34d7e37300eab6704449ed3
1010,2026-08-10,20.41,20.5,20.35,20.37,2021332,41287742.56,,,,render_normalized,tasi_2026-08-10_2026-08-10_20260810T153020102570Z,84d11a25e4f1e5c1fd93cef767caa7b24135f07229eeaeab08169c657f7b53de
1010,2026-08-11,20.46,20.6,20.34,20.59,1584942,32541525.63,,,,render_normalized,tasi_2026-08-11_2026-08-11_20260811T153022011718Z,2ca6395fd3fcc72ba670e2961883e5c743cbb0e78c08f0ae926df09c31320865
1010,2026-08-12,20.45,20.45,20.0,20.05,12026776,241798644.06,,,,render_normalized,tasi_2026-08-12_2026-08-12_20260812T153021905708Z,8862a2d01571a3c9a9cdaef7d6c4c85e805809ad63506c8d9042aff3fa53b579
1010,2026-08-13,20.14,20.32,20.09,20.24,2237144,45301329.84,,,,render_normalized,tasi_2026-08-13_2026-08-13_20260813T153020777659Z,e0b6e7e97827824585b899f3f5ae2a43f595aeae92435da9a370d3df14b68b99
1010,2026-08-16,20.41,20.52,20.21,20.3,1636720,33327317.26,,,,render_normalized,tasi_2026-08-14_2026-08-16_20260816T153020395457Z,5392abdf5e4a97362d33f1f6287bf2bc003c7d4bb43d28918b8aa095af9310d7
1010,2026-08-17,20.4,20.48,20.26,20.27,4017260,81881295.11,,,,render_normalized,tasi_2026-08-17_2026-08-17_20260817T153022794323Z,56ab1200186f32f6bf2b699463f355510bc0a3da931f38c90816013f38a2eaf0
1010,2026-08-18,20.28,20.39,20.16,20.16,2971135,60138809.41,,,,render_normalized,tasi_2026-08-18_2026-08-18_20260818T153020653358Z,1cfd844fc98ba7ee716337d459294e8e314daaa0f85480a8e110399f3a6b856d
1010,2026-08-19,20.16,20.37,20.16,20.36,1880223,38160322.0,,,,render_normalized,tasi_2026-08-19_2026-08-19_20260819T153022440747Z,c9f50859d8825bb8e17dc890cb696be42681eb6c5d61b3749a33257a86f3517b
1010,2026-08-20,20.39,20.54,20.39,20.49,2193738,44904046.19,,,,render_normalized,tasi_2026-08-20_2026-08-28_20260827T215758538311Z,7a00d373848e778f83c80f1777575ad48a6a4c0c192fe2e6a4123b56ae26cdee
1010,2026-08-23,20.49,20.65,20.48,20.62,1466451,30177044.1,,,,render_normalized,tasi_2026-08-20_2026-08-28_20260827T215758538311Z,7a00d373848e778f83c80f1777575ad48a6a4c0c192fe2e6a4123b56ae26cdee
1010,2026-08-24,20.69,20.8,20.63,20.8,3041367,63098194.64,,,,render_normalized,tasi_2026-08-20_2026-08-28_20260827T215758538311Z,7a00d373848e778f83c80f1777575ad48a6a4c0c192fe2e6a4123b56ae26cdee
1010,2026-08-25,20.8,20.9,20.72,20.89,5283247,110090714.0,,,,render_normalized,tasi_2026-08-20_2026-08-28_20260827T215758538311Z,7a00d373848e778f83c80f1777575ad48a6a4c0c192fe2e6a4123b56ae26cdee
1010,2026-08-26,20.9,21.06,20.86,21.06,2991953,62835653.94,,,,render_normalized,tasi_2026-08-20_2026-08-28_20260827T215758538311Z,7a00d373848e778f83c80f1777575ad48a6a4c0c192fe2e6a4123b56ae26cdee
1010,2026-08-27,21.06,21.15,20.85,20.85,1572909,32930560.22,,,,render_normalized,tasi_2026-08-20_2026-08-28_20260827T215758538311Z,7a00d373848e778f83c80f1777575ad48a6a4c0c192fe2e6a4123b56ae26cdee
1010,2026-08-30,20.81,20.91,20.67,20.71,1084131,22477158.04,,,,render_normalized,tasi_2026-08-29_2026-08-30_20260830T153021490619Z,40f2932d214f44ed867e412ffba0369130210869179423e6eadc9f965765cdba
1010,2026-08-31,20.7,20.9,20.6,20.9,3808106,79484630.99,,,,render_normalized,tasi_2026-08-31_2026-08-31_20260831T153022596960Z,374b46eb50c52f8fd4d5c98f4b7cf8e0c79e078fd621a4b30f58d5382471b4af
1020,2026-08-02,12.15,12.27,12.1,12.17,1114412,13602965.24,,,,render_normalized,tasi_2026-07-31_2026-08-02_20260802T153020127593Z,2eb23ca39fcf0e44fa270e6e4d6a1341261e22b2abfbc789ec2875a29009248b
1020,2026-08-03,12.17,12.28,12.11,12.26,3041618,37189946.43,,,,render_normalized,tasi_2026-08-03_2026-08-03_20260803T153021496139Z,4b0f0fa9c3b343cf96fecea13101ae13ad2a21806fd55533770061ac5bb0689d
1020,2026-08-04,12.4,12.55,12.28,12.44,5307956,66110742.89,,,,render_normalized,tasi_2026-08-04_2026-08-04_20260804T153023696814Z,32de4882671eec0a9062962d0f5591f8e56969b134d0070652d21718d4563e66
1020,2026-08-05,12.44,12.55,12.43,12.51,2488468,31078175.78,,,,render_normalized,tasi_2026-08-05_2026-08-05_20260805T153024437012Z,9fd93f225e2663ef72017465f1af6b5bb1e9f620c1b69c07a1f0fd54b850091a
1020,2026-08-06,12.51,12.51,12.35,12.35,2150415,26725828.23,,,,render_normalized,tasi_2026-08-06_2026-08-06_20260806T153021501965Z,6ff377152d0ead67e84f33bc0daa618a818145aa8e2f551c9273431d88ac3851
1020,2026-08-09,12.33,12.33,12.16,12.16,1828882,22365541.48,,,,render_normalized,tasi_2026-08-07_2026-08-09_20260809T153020287151Z,d7eb763bea83ef8684d027dfe3fb0fb7c951f2a9c34d7e37300eab6704449ed3
1020,2026-08-10,12.16,12.32,12.15,12.32,2276757,27916616.69,,,,render_normalized,tasi_2026-08-10_2026-08-10_20260810T153020102570Z,84d11a25e4f1e5c1fd93cef767caa7b24135f07229eeaeab08169c657f7b53de
1020,2026-08-11,12.24,12.27,12.14,12.23,2490490,30424768.03,,,,render_normalized,tasi_2026-08-11_2026-08-11_20260811T153022011718Z,2ca6395fd3fcc72ba670e2961883e5c743cbb0e78c08f0ae926df09c31320865
1020,2026-08-12,12.21,12.24,12.08,12.2,2567421,31156015.12,,,,render_normalized,tasi_2026-08-12_2026-08-12_20260812T153021905708Z,8862a2d01571a3c9a9cdaef7d6c4c85e805809ad63506c8d9042aff3fa53b579
1020,2026-08-13,11.87,11.99,11.47,11.83,17381786,203054938.62,,,,render_normalized,tasi_2026-08-13_2026-08-13_20260813T153020777659Z,e0b6e7e97827824585b899f3f5ae2a43f595aeae92435da9a370d3df14b68b99
1020,2026-08-16,11.9,11.94,11.75,11.77,2969077,35060837.38,,,,render_normalized,tasi_2026-08-14_2026-08-16_20260816T153020395457Z,5392abdf5e4a97362d33f1f6287bf2bc003c7d4bb43d28918b8aa095af9310d7
1020,2026-08-17,11.8,12.05,11.74,12.02,4607481,54932629.62,,,,render_normalized,tasi_2026-08-17_2026-08-17_20260817T153022794323Z,56ab1200186f32f6bf2b699463f355510bc0a3da931f38c90816013f38a2eaf0
1020,2026-08-18,12.01,12.19,11.99,12.19,4576642,55289483.57,,,,render_normalized,tasi_2026-08-18_2026-08-18_20260818T153020653358Z,1cfd844fc98ba7ee716337d459294e8e314daaa0f85480a8e110399f3a6b856d
1020,2026-08-19,12.06,12.19,11.98,12.0,3450232,41516880.38,,,,render_normalized,tasi_2026-08-19_2026-08-19_20260819T153022440747Z,c9f50859d8825bb8e17dc890cb696be42681eb6c5d61b3749a33257a86f3517b
1020,2026-08-20,11.99,12.13,11.95,12.13,2044317,24646849.87,,,,render_normalized,tasi_2026-08-20_2026-08-28_20260827T215758538311Z,7a00d373848e778f83c80f1777575ad48a6a4c0c192fe2e6a4123b56ae26cdee
1020,2026-08-23,12.13,12.15,12.06,12.1,2064855,25025020.7,,,,render_normalized,tasi_2026-08-20_2026-08-28_20260827T215758538311Z,7a00d373848e778f83c80f1777575ad48a6a4c0c192fe2e6a4123b56ae26cdee
1020,2026-08-24,12.09,12.27,12.08,12.19,2992778,36529340.78,,,,render_normalized,tasi_2026-08-20_2026-08-28_20260827T215758538311Z,7a00d373848e778f83c80f1777575ad48a6a4c0c192fe2e6a4123b56ae26cdee
1020,2026-08-25,12.19,12.28,12.15,12.25,4552116,55692309.48,,,,render_normalized,tasi_2026-08-20_2026-08-28_20260827T215758538311Z,7a00d373848e778f83c80f1777575ad48a6a4c0c192fe2e6a4123b56ae26cdee
1020,2026-08-26,12.25,12.41,12.22,12.36,3550491,43842883.98,,,,render_normalized,tasi_2026-08-20_2026-08-28_20260827T215758538311Z,7a00d373848e778f83c80f1777575ad48a6a4c0c192fe2e6a4123b56ae26cdee
1020,2026-08-27,12.37,12.48,12.31,12.31,3986893,49331505.9,,,,render_normalized,tasi_2026-08-20_2026-08-28_20260827T215758538311Z,7a00d373848e778f83c80f1777575ad48a6a4c0c192fe2e6a4123b56ae26cdee
1020,2026-08-30,12.33,12.42,12.17,12.17,1485863,18190933.63,,,,render_normalized,tasi_2026-08-29_2026-08-30_20260830T153021490619Z,40f2932d214f44ed867e412ffba0369130210869179423e6eadc9f965765cdba
1020,2026-08-31,12.15,12.24,12.0,12.0,56828824,682569779.69,,,,render_normalized,tasi_2026-08-31_2026-08-31_20260831T153022596960Z,374b46eb50c52f8fd4d5c98f4b7cf8e0c79e078fd621a4b30f58d5382471b4af
1030,2026-08-02,13.78,13.93,13.78,13.83,422093,5840237.26,,,,render_normalized,tasi_2026-07-31_2026-08-02_20260802T153020127593Z,2eb23ca39fcf0e44fa270e6e4d6a1341261e22b2abfbc789ec2875a29009248b
1030,2026-08-03,13.81,13.99,13.71,13.99,769478,10676628.48,,,,render_normalized,tasi_2026-08-03_2026-08-03_20260803T153021496139Z,4b0f0fa9c3b343cf96fecea13101ae13ad2a21806fd55533770061ac5bb0689d
1030,2026-08-04,14.0,14.12,13.93,14.06,942786,13244126.44,,,,render_normalized,tasi_2026-08-04_2026-08-04_20260804T153023696814Z,32de4882671eec0a9062962d0f5591f8e56969b134d0070652d21718d4563e66
1030,2026-08-05,13.67,13.81,13.65,13.8,787581,10837418.79,,,,render_normalized,tasi_2026-08-05_2026-08-05_20260805T153024437012Z,9fd93f225e2663ef72017465f1af6b5bb1e9f620c1b69c07a1f0fd54b850091a
1030,2026-08-06,13.84,13.89,13.69,13.72,731879,10085156.99,,,,render_normalized,tasi_2026-08-06_2026-08-06_20260806T153021501965Z,6ff377152d0ead67e84f33bc0daa618a818145aa8e2f551c9273431d88ac3851
1030,2026-08-09,13.72,13.72,13.55,13.59,380949,5181806.95,,,,render_normalized,tasi_2026-08-07_2026-08-09_20260809T153020287151Z,d7eb763bea83ef8684d027dfe3fb0fb7c951f2a9c34d7e37300eab6704449ed3
1030,2026-08-10,13.61,13.84,13.6,13.84,651032,8974355.19,,,,render_normalized,tasi_2026-08-10_2026-08-10_20260810T153020102570Z,84d11a25e4f1e5c1fd93cef767caa7b24135f07229eeaeab08169c657f7b53de
1030,2026-08-11,13.84,13.97,13.76,13.95,477888,6642964.93,,,,render_normalized,tasi_2026-08-11_2026-08-11_20260811T153022011718Z,2ca6395fd3fcc72ba670e2961883e5c743cbb0e78c08f0ae926df09c31320865
1030,2026-08-12,13.94,13.94,13.68,13.78,336915,4638187.61,,,,render_normalized,tasi_2026-08-12_2026-08-12_20260812T153021905708Z,8862a2d01571a3c9a9cdaef7d6c4c85e805809ad63506c8d9042aff3fa53b579
1030,2026-08-13,13.78,13.99,13.74,13.99,626446,8705108.66,,,,render_normalized,tasi_2026-08-13_2026-08-13_20260813T153020777659Z,e0b6e7e97827824585b899f3f5ae2a43f595aeae92435da9a370d3df14b68b99
1030,2026-08-16,13.98,13.98,13.7,13.85,126578,1754291.22,,,,render_normalized,tasi_2026-08-14_2026-08-16_20260816T153020395457Z,5392abdf5e4a97362d33f1f6287bf2bc003c7d4bb43d28918b8aa095af9310d7
1030,2026-08-17,13.92,14.0,13.86,14.0,974336,13624821.79,,,,render_normalized,tasi_2026-08-17_2026-08-17_20260817T153022794323Z,56ab1200186f32f6bf2b699463f355510bc0a3da931f38c90816013f38a2eaf0
1030,2026-08-18,14.0,14.25,13.96,14.25,1295399,18311816.32,,,,render_normalized,tasi_2026-08-18_2026-08-18_20260818T153020653358Z,1cfd844fc98ba7ee716337d459294e8e314daaa0f85480a8e110399f3a6b856d
1030,2026-08-19,14.24,14.25,14.08,14.08,537867,7605745.61,,,,render_normalized,tasi_2026-08-19_2026-08-19_20260819T153022440747Z,c9f50859d8825bb8e17dc890cb696be42681eb6c5d61b3749a33257a86f3517b
1030,2026-08-20,14.15,14.18,14.05,14.14,766768,10838793.99,,,,render_normalized,tasi_2026-08-20_2026-08-28_20260827T215758538311Z,7a00d373848e778f83c80f1777575ad48a6a4c0c192fe2e6a4123b56ae26cdee
1030,2026-08-23,14.08,14.17,14.08,14.1,145976,2060780.47,,,,render_normalized,tasi_2026-08-20_2026-08-28_20260827T215758538311Z,7a00d373848e778f83c80f1777575ad48a6a4c0c192fe2e6a4123b56ae26cdee
1030,2026-08-24,14.12,14.25,14.1,14.25,421133,5992477.59,,,,render_normalized,tasi_2026-08-20_2026-08-28_20260827T215758538311Z,7a00d373848e778f83c80f1777575ad48a6a4c0c192fe2e6a4123b56ae26cdee
1030,2026-08-25,14.25,14.44,14.21,14.44,517964,7430593.76,,,,render_normalized,tasi_2026-08-20_2026-08-28_20260827T215758538311Z,7a00d373848e778f83c80f1777575ad48a6a4c0c192fe2e6a4123b56ae26cdee
1030,2026-08-26,14.45,14.5,14.41,14.49,575659,8335028.38,,,,render_normalized,tasi_2026-08-20_2026-08-28_20260827T215758538311Z,7a00d373848e778f83c80f1777575ad48a6a4c0c192fe2e6a4123b56ae26cdee
1030,2026-08-27,14.45,14.54,14.41,14.49,441982,6399145.59,,,,render_normalized,tasi_2026-08-20_2026-08-28_20260827T215758538311Z,7a00d373848e778f83c80f1777575ad48a6a4c0c192fe2e6a4123b56ae26cdee
1030,2026-08-30,14.98,14.98,14.39,14.55,373732,5414456.39,,,,render_normalized,tasi_2026-08-29_2026-08-30_20260830T153021490619Z,40f2932d214f44ed867e412ffba0369130210869179423e6eadc9f965765cdba
1030,2026-08-31,14.51,14.67,14.45,14.67,1276874,18680893.1,,,,render_normalized,tasi_2026-08-31_2026-08-31_20260831T153022596960Z,374b46eb50c52f8fd4d5c98f4b7cf8e0c79e078fd621a4b30f58d5382471b4af
1050,2026-08-02,19.7,19.76,19.57,19.6,1258494,24726625.04,,,,render_normalized,tasi_2026-07-31_2026-08-02_20260802T153020127593Z,2eb23ca39fcf0e44fa270e6e4d6a1341261e22b2abfbc789ec2875a29009248b
1050,2026-08-03,19.66,20.2,19.46,20.2,1854287,36833469.3,,,,render_normalized,tasi_2026-08-03_2026-08-03_20260803T153021496139Z,4b0f0fa9c3b343cf96fecea13101ae13ad2a21806fd55533770061ac5bb0689d
1050,2026-08-04,20.02,20.39,20.02,20.3,1297434,26285923.44,,,,render_normalized,tasi_2026-08-04_2026-08-04_20260804T153023696814Z,32de4882671eec0a9062962d0f5591f8e56969b134d0070652d21718d4563e66
1050,2026-08-05,20.32,20.44,20.15,20.4,1507878,30696301.6,,,,render_normalized,tasi_2026-08-05_2026-08-05_20260805T153024437012Z,9fd93f225e2663ef72017465f1af6b5bb1e9f620c1b69c07a1f0fd54b850091a
1050,2026-08-06,20.46,20.5,20.13,20.15,1355210,27480156.45,,,,render_normalized,tasi_2026-08-06_2026-08-06_20260806T153021501965Z,6ff377152d0ead67e84f33bc0daa618a818145aa8e2f551c9273431d88ac3851
1050,2026-08-09,20.15,20.56,20.15,20.19,792034,16170438.69,,,,render_normalized,tasi_2026-08-07_2026-08-09_20260809T153020287151Z,d7eb763bea83ef8684d027dfe3fb0fb7c951f2a9c34d7e37300eab6704449ed3
1050,2026-08-10,20.5,20.5,20.12,20.12,985670,19997296.51,,,,render_normalized,tasi_2026-08-10_2026-08-10_20260810T153020102570Z,84d11a25e4f1e5c1fd93cef767caa7b24135f07229eeaeab08169c657f7b53de
1050,2026-08-11,20.32,20.49,20.09,20.39,1205164,24532313.74,,,,render_normalized,tasi_2026-08-11_2026-08-11_20260811T153022011718Z,2ca6395fd3fcc72ba670e2961883e5c743cbb0e78c08f0ae926df09c31320865
1050,2026-08-12,20.5,20.5,20.17,20.39,1508868,30675827.39,,,,render_normalized,tasi_2026-08-12_2026-08-12_20260812T153021905708Z,8862a2d01571a3c9a9cdaef7d6c4c85e805809ad63506c8d9042aff3fa53b579
1050,2026-08-13,20.39,20.67,20.39,20.65,938591,19308192.92,,,,render_normalized,tasi_2026-08-13_2026-08-13_20260813T153020777659Z,e0b6e7e97827824585b899f3f5ae2a43f595aeae92435da9a370d3df14b68b99
1050,2026-08-16,20.69,21.05,20.59,21.01,1118471,23370360.99,,,,render_normalized,tasi_2026-08-14_2026-08-16_20260816T153020395457Z,5392abdf5e4a97362d33f1f6287bf2bc003c7d4bb43d28918b8aa095af9310d7
1050,2026-08-17,20.94,20.94,20.64,20.91,1459946,30405166.62,,,,render_normalized,tasi_2026-08-17_2026-08-17_20260817T153022794323Z,56ab1200186f32f6bf2b699463f355510bc0a3da931f38c90816013f38a2eaf0
1050,2026-08-18,20.94,21.14,20.7,20.7,1462564,30464009.25,,,,render_normalized,tasi_2026-08-18_2026-08-18_20260818T153020653358Z,1cfd844fc98ba7ee716337d459294e8e314daaa0f85480a8e110399f3a6b856d
1050,2026-08-19,20.7,21.2,20.68,21.2,2505128,52598652.83,,,,render_normalized,tasi_2026-08-19_2026-08-19_20260819T153022440747Z,c9f50859d8825bb8e17dc890cb696be42681eb6c5d61b3749a33257a86f3517b
1050,2026-08-20,21.29,21.29,20.76,20.79,2614883,54975790.13,,,,render_normalized,tasi_2026-08-20_2026-08-28_20260827T215758538311Z,7a00d373848e778f83c80f1777575ad48a6a4c0c192fe2e6a4123b56ae26cdee
1050,2026-08-23,20.58,20.99,20.58,20.9,530773,11077962.75,,,,render_normalized,tasi_2026-08-20_2026-08-28_20260827T215758538311Z,7a00d373848e778f83c80f1777575ad48a6a4c0c192fe2e6a4123b56ae26cdee
1050,2026-08-24,20.96,21.45,20.96,21.45,1632050,34794896.22,,,,render_normalized,tasi_2026-08-20_2026-08-28_20260827T215758538311Z,7a00d373848e778f83c80f1777575ad48a6a4c0c192fe2e6a4123b56ae26cdee
1050,2026-08-25,21.47,22.0,21.33,21.85,2208640,48097081.52,,,,render_normalized,tasi_2026-08-20_2026-08-28_20260827T215758538311Z,7a00d373848e778f83c80f1777575ad48a6a4c0c192fe2e6a4123b56ae26cdee
1050,2026-08-26,21.75,22.31,21.64,21.98,2265513,49995754.49,,,,render_normalized,tasi_2026-08-20_2026-08-28_20260827T215758538311Z,7a00d373848e778f83c80f1777575ad48a6a4c0c192fe2e6a4123b56ae26cdee
1050,2026-08-27,22.1,22.5,21.81,21.81,1557105,34281483.45,,,,render_normalized,tasi_2026-08-20_2026-08-28_20260827T215758538311Z,7a00d373848e778f83c80f1777575ad48a6a4c0c192fe2e6a4123b56ae26cdee
1050,2026-08-30,21.89,22.07,21.42,21.75,384045,8345388.93,,,,render_normalized,tasi_2026-08-29_2026-08-30_20260830T153021490619Z,40f2932d214f44ed867e412ffba0369130210869179423e6eadc9f965765cdba
1050,2026-08-31,21.75,22.0,21.59,21.91,4088876,89550043.29,,,,render_normalized,tasi_2026-08-31_2026-08-31_20260831T153022596960Z,374b46eb50c52f8fd4d5c98f4b7cf8e0c79e078fd621a4b30f58d5382471b4af
1060,2026-08-02,33.84,34.08,33.78,33.82,1078871,36566303.68,,,,render_normalized,tasi_2026-07-31_2026-08-02_20260802T153020127593Z,2eb23ca39fcf0e44fa270e6e4d6a1341261e22b2abfbc789ec2875a29009248b
1060,2026-08-03,33.08,33.12,32.62,33.06,3092316,101790223.96,,,,render_normalized,tasi_2026-08-03_2026-08-03_20260803T153021496139Z,4b0f0fa9c3b343cf96fecea13101ae13ad2a21806fd55533770061ac5bb0689d
1060,2026-08-04,33.2,33.36,32.92,33.04,1632213,54064405.56,,,,render_normalized,tasi_2026-08-04_2026-08-04_20260804T153023696814Z,32de4882671eec0a9062962d0f5591f8e56969b134d0070652d21718d4563e66
1060,2026-08-05,33.12,33.24,32.86,33.0,1896621,62644492.38,,,,render_normalized,tasi_2026-08-05_2026-08-05_20260805T153024437012Z,9fd93f225e2663ef72017465f1af6b5bb1e9f620c1b69c07a1f0fd54b850091a
1060,2026-08-06,33.24,33.42,32.94,33.08,6644621,219197882.02,,,,render_normalized,tasi_2026-08-06_2026-08-06_20260806T153021501965Z,6ff377152d0ead67e84f33bc0daa618a818145aa8e2f551c9273431d88ac3851
1060,2026-08-09,33.18,33.58,33.06,33.48,814599,27161912.22,,,,render_normalized,tasi_2026-08-07_2026-08-09_20260809T153020287151Z,d7eb763bea83ef8684d027dfe3fb0fb7c951f2a9c34d7e37300eab6704449ed3
1060,2026-08-10,33.5,33.66,32.96,33.0,2876701,95456915.88,,,,render_normalized,tasi_2026-08-10_2026-08-10_20260810T153020102570Z,84d11a25e4f1e5c1fd93cef767caa7b24135f07229eeaeab08169c657f7b53de
1060,2026-08-11,33.1,33.34,32.8,33.2,2392434,79258490.78,,,,render_normalized,tasi_2026-08-11_2026-08-11_20260811T153022011718Z,2ca6395fd3fcc72ba670e2961883e5c743cbb0e78c08f0ae926df09c31320865
1060,2026-08-12,33.1,33.22,32.54,32.66,1925924,63032134.66,,,,render_normalized,tasi_2026-08-12_2026-08-12_20260812T153021905708Z,8862a2d01571a3c9a9cdaef7d6c4c85e805809ad63506c8d9042aff3fa53b579
1060,2026-08-13,32.78,33.22,32.66,33.14,3728206,123170044.7,,,,render_normalized,tasi_2026-08-13_2026-08-13_20260813T153020777659Z,e0b6e7e97827824585b899f3f5ae2a43f595aeae92435da9a370d3df14b68b99
1060,2026-08-16,33.24,33.66,33.2,33.42,885422,29575719.24,,,,render_normalized,tasi_2026-08-14_2026-08-16_20260816T153020395457Z,5392abdf5e4a97362d33f1f6287bf2bc003c7d4bb43d28918b8aa095af9310d7
1060,2026-08-17,33.48,33.62,33.22,33.52,1551512,51883495.46,,,,render_normalized,tasi_2026-08-17_2026-08-17_20260817T153022794323Z,56ab1200186f32f6bf2b699463f355510bc0a3da931f38c90816013f38a2eaf0
1060,2026-08-18,33.52,33.7,33.4,33.54,1816631,60968252.92,,,,render_normalized,tasi_2026-08-18_2026-08-18_20260818T153020653358Z,1cfd844fc98ba7ee716337d459294e8e314daaa0f85480a8e110399f3a6b856d
1060,2026-08-19,33.62,33.7,33.48,33.68,1001302,33647631.24,,,,render_normalized,tasi_2026-08-19_2026-08-19_20260819T153022440747Z,c9f50859d8825bb8e17dc890cb696be42681eb6c5d61b3749a33257a86f3517b
1060,2026-08-20,33.7,33.88,33.6,33.88,2200902,74233992.26,,,,render_normalized,tasi_2026-08-20_2026-08-28_20260827T215758538311Z,7a00d373848e778f83c80f1777575ad48a6a4c0c192fe2e6a4123b56ae26cdee
1060,2026-08-23,33.9,34.0,33.88,33.92,396609,13470278.5,,,,render_normalized,tasi_2026-08-20_2026-08-28_20260827T215758538311Z,7a00d373848e778f83c80f1777575ad48a6a4c0c192fe2e6a4123b56ae26cdee
1060,2026-08-24,33.94,34.2,33.82,34.18,3717247,126321993.24,,,,render_normalized,tasi_2026-08-20_2026-08-28_20260827T215758538311Z,7a00d373848e778f83c80f1777575ad48a6a4c0c192fe2e6a4123b56ae26cdee
1060,2026-08-25,34.16,34.42,34.04,34.24,2694151,92359221.46,,,,render_normalized,tasi_2026-08-20_2026-08-28_20260827T215758538311Z,7a00d373848e778f83c80f1777575ad48a6a4c0c192fe2e6a4123b56ae26cdee
1060,2026-08-26,34.24,34.68,34.24,34.4,2086823,71959542.06,,,,render_normalized,tasi_2026-08-20_2026-08-28_20260827T215758538311Z,7a00d373848e778f83c80f1777575ad48a6a4c0c192fe2e6a4123b56ae26cdee
1060,2026-08-27,34.4,34.64,34.3,34.32,2702386,92816400.8,,,,render_normalized,tasi_2026-08-20_2026-08-28_20260827T215758538311Z,7a00d373848e778f83c80f1777575ad48a6a4c0c192fe2e6a4123b56ae26cdee
1060,2026-08-30,34.34,34.46,34.0,34.18,1197352,41010056.82,,,,render_normalized,tasi_2026-08-29_2026-08-30_20260830T153021490619Z,40f2932d214f44ed867e412ffba0369130210869179423e6eadc9f965765cdba
1060,2026-08-31,34.32,34.38,34.1,34.1,2441394,83367896.32,,,,render_normalized,tasi_2026-08-31_2026-08-31_20260831T153022596960Z,374b46eb50c52f8fd4d5c98f4b7cf8e0c79e078fd621a4b30f58d5382471b4af
1080,2026-08-02,21.58,21.88,21.57,21.87,298914,6519295.97,,,,render_normalized,tasi_2026-07-31_2026-08-02_20260802T153020127593Z,2eb23ca39fcf0e44fa270e6e4d6a1341261e22b2abfbc789ec2875a29009248b
1080,2026-08-03,21.83,21.88,21.49,21.88,788824,17112704.65,,,,render_normalized,tasi_2026-08-03_2026-08-03_20260803T153021496139Z,4b0f0fa9c3b343cf96fecea13101ae13ad2a21806fd55533770061ac5bb0689d
1080,2026-08-04,21.9,22.18,21.84,22.18,1436039,31675446.32,,,,render_normalized,tasi_2026-08-04_2026-08-04_20260804T153023696814Z,32de4882671eec0a9062962d0f5591f8e56969b134d0070652d21718d4563e66
1080,2026-08-05,22.16,22.16,21.84,22.11,1407719,31033136.1,,,,render_normalized,tasi_2026-08-05_2026-08-05_20260805T153024437012Z,9fd93f225e2663ef72017465f1af6b5bb1e9f620c1b69c07a1f0fd54b850091a
1080,2026-08-06,22.11,22.2,21.9,21.9,546039,12023989.05,,,,render_normalized,tasi_2026-08-06_2026-08-06_20260806T153021501965Z,6ff377152d0ead67e84f33bc0daa618a818145aa8e2f551c9273431d88ac3851
1080,2026-08-09,21.89,22.2,21.89,21.92,331792,7332815.83,,,,render_normalized,tasi_2026-08-07_2026-08-09_20260809T153020287151Z,d7eb763bea83ef8684d027dfe3fb0fb7c951f2a9c34d7e37300eab6704449ed3
1080,2026-08-10,22.03,22.2,21.89,21.89,747042,16466455.56,,,,render_normalized,tasi_2026-08-10_2026-08-10_20260810T153020102570Z,84d11a25e4f1e5c1fd93cef767caa7b24135f07229eeaeab08169c657f7b53de
1080,2026-08-11,21.99,22.16,21.88,21.9,1434285,31523450.82,,,,render_normalized,tasi_2026-08-11_2026-08-11_20260811T153022011718Z,2ca6395fd3fcc72ba670e2961883e5c743cbb0e78c08f0ae926df09c31320865
1080,2026-08-12,21.83,21.99,21.76,21.9,1021469,22326598.32,,,,render_normalized,tasi_2026-08-12_2026-08-12_20260812T153021905708Z,8862a2d01571a3c9a9cdaef7d6c4c85e805809ad63506c8d9042aff3fa53b579
1080,2026-08-13,21.9,22.25,21.83,22.2,787824,17460713.98,,,,render_normalized,tasi_2026-08-13_2026-08-13_20260813T153020777659Z,e0b6e7e97827824585b899f3f5ae2a43f595aeae92435da9a370d3df14b68b99
1080,2026-08-16,22.3,22.5,22.18,22.49,477913,10714915.62,,,,render_normalized,tasi_2026-08-14_2026-08-16_20260816T153020395457Z,5392abdf5e4a97362d33f1f6287bf2bc003c7d4bb43d28918b8aa095af9310d7
1080,2026-08-17,22.5,22.5,22.21,22.4,606919,13587767.37,,,,render_normalized,tasi_2026-08-17_2026-08-17_20260817T153022794323Z,56ab1200186f32f6bf2b699463f355510bc0a3da931f38c90816013f38a2eaf0
1080,2026-08-18,22.4,22.6,22.39,22.49,472150,10622202.23,,,,render_normalized,tasi_2026-08-18_2026-08-18_20260818T153020653358Z,1cfd844fc98ba7ee716337d459294e8e314daaa0f85480a8e110399f3a6b856d
1080,2026-08-19,22.38,22.52,22.18,22.35,1014406,22610721.82,,,,render_normalized,tasi_2026-08-19_2026-08-19_20260819T153022440747Z,c9f50859d8825bb8e17dc890cb696be42681eb6c5d61b3749a33257a86f3517b
1080,2026-08-20,22.25,22.42,22.19,22.19,1055718,23491485.01,,,,render_normalized,tasi_2026-08-20_2026-08-28_20260827T215758538311Z,7a00d373848e778f83c80f1777575ad48a6a4c0c192fe2e6a4123b56ae26cdee
1080,2026-08-23,22.23,22.43,22.23,22.25,431540,9637400.59,,,,render_normalized,tasi_2026-08-20_2026-08-28_20260827T215758538311Z,7a00d373848e778f83c80f1777575ad48a6a4c0c192fe2e6a4123b56ae26cdee
1080,2026-08-24,22.25,22.48,22.24,22.4,1087224,24316794.2,,,,render_normalized,tasi_2026-08-20_2026-08-28_20260827T215758538311Z,7a00d373848e778f83c80f1777575ad48a6a4c0c192fe2e6a4123b56ae26cdee
1080,2026-08-25,22.5,22.97,22.43,22.8,2298508,52242433.35,,,,render_normalized,tasi_2026-08-20_2026-08-28_20260827T215758538311Z,7a00d373848e778f83c80f1777575ad48a6a4c0c192fe2e6a4123b56ae26cdee
1080,2026-08-26,22.82,23.07,22.5,22.5,1418005,32267704.42,,,,render_normalized,tasi_2026-08-20_2026-08-28_20260827T215758538311Z,7a00d373848e778f83c80f1777575ad48a6a4c0c192fe2e6a4123b56ae26cdee
1080,2026-08-27,22.5,22.65,22.28,22.4,3042429,67886120.74,,,,render_normalized,tasi_2026-08-20_2026-08-28_20260827T215758538311Z,7a00d373848e778f83c80f1777575ad48a6a4c0c192fe2e6a4123b56ae26cdee
1080,2026-08-30,22.5,22.58,22.0,22.14,591922,13144972.56,,,,render_normalized,tasi_2026-08-29_2026-08-30_20260830T153021490619Z,40f2932d214f44ed867e412ffba0369130210869179423e6eadc9f965765cdba
1080,2026-08-31,22.14,22.34,22.1,22.32,3332927,74275337.26,,,,render_normalized,tasi_2026-08-31_2026-08-31_20260831T153022596960Z,374b46eb50c52f8fd4d5c98f4b7cf8e0c79e078fd621a4b30f58d5382471b4af
1111,2026-08-02,119.0,121.6,118.2,119.9,314240,37619169.7,,,,render_normalized,tasi_2026-07-31_2026-08-02_20260802T153020127593Z,2eb23ca39fcf0e44fa270e6e4d6a1341261e22b2abfbc789ec2875a29009248b
1111,2026-08-03,119.9,121.9,118.9,121.6,457693,55305476.7,,,,render_normalized,tasi_2026-08-03_2026-08-03_20260803T153021496139Z,4b0f0fa9c3b343cf96fecea13101ae13ad2a21806fd55533770061ac5bb0689d
1111,2026-08-04,122.0,123.9,121.0,122.5,752435,92072686.6,,,,render_normalized,tasi_2026-08-04_2026-08-04_20260804T153023696814Z,32de4882671eec0a9062962d0f5591f8e56969b134d0070652d21718d4563e66
1111,2026-08-05,122.5,124.7,121.1,123.9,828311,101799707.5,,,,render_normalized,tasi_2026-08-05_2026-08-05_20260805T153024437012Z,9fd93f225e2663ef72017465f1af6b5bb1e9f620c1b69c07a1f0fd54b850091a
1111,2026-08-06,123.9,123.9,120.2,120.5,312475,37875027.1,,,,render_normalized,tasi_2026-08-06_2026-08-06_20260806T153021501965Z,6ff377152d0ead67e84f33bc0daa618a818145aa8e2f551c9273431d88ac3851
1111,2026-08-09,120.5,121.1,117.5,117.8,339084,40369647.0,,,,render_normalized,tasi_2026-08-07_2026-08-09_20260809T153020287151Z,d7eb763bea83ef8684d027dfe3fb0fb7c951f2a9c34d7e37300eab6704449ed3
1111,2026-08-10,117.8,120.6,116.8,119.7,333194,39653305.4,,,,render_normalized,tasi_2026-08-10_2026-08-10_20260810T153020102570Z,84d11a25e4f1e5c1fd93cef767caa7b24135f07229eeaeab08169c657f7b53de
1111,2026-08-11,119.7,119.9,117.9,117.9,189124,22469116.9,,,,render_normalized,tasi_2026-08-11_2026-08-11_20260811T153022011718Z,2ca6395fd3fcc72ba670e2961883e5c743cbb0e78c08f0ae926df09c31320865
1111,2026-08-12,117.5,118.9,117.5,118.5,146974,17384405.0,,,,render_normalized,tasi_2026-08-12_2026-08-12_20260812T153021905708Z,8862a2d01571a3c9a9cdaef7d6c4c85e805809ad63506c8d9042aff3fa53b579
1111,2026-08-13,117.4,117.4,115.5,115.9,470436,54671953.1,,,,render_normalized,tasi_2026-08-13_2026-08-13_20260813T153020777659Z,e0b6e7e97827824585b899f3f5ae2a43f595aeae92435da9a370d3df14b68b99
1111,2026-08-16,120.0,124.6,118.8,120.4,1037547,126415668.1,,,,render_normalized,tasi_2026-08-14_2026-08-16_20260816T153020395457Z,5392abdf5e4a97362d33f1f6287bf2bc003c7d4bb43d28918b8aa095af9310d7
1111,2026-08-17,120.4,122.3,119.7,120.7,469114,56874596.7,,,,render_normalized,tasi_2026-08-17_2026-08-17_20260817T153022794323Z,56ab1200186f32f6bf2b699463f355510bc0a3da931f38c90816013f38a2eaf0
1111,2026-08-18,120.2,121.8,119.7,120.0,248663,29978075.5,,,,render_normalized,tasi_2026-08-18_2026-08-18_20260818T153020653358Z,1cfd844fc98ba7ee716337d459294e8e314daaa0f85480a8e110399f3a6b856d
1111,2026-08-19,120.0,120.5,119.0,119.0,229517,27427773.8,,,,render_normalized,tasi_2026-08-19_2026-08-19_20260819T153022440747Z,c9f50859d8825bb8e17dc890cb696be42681eb6c5d61b3749a33257a86f3517b
1111,2026-08-20,119.8,121.7,119.4,121.3,236263,28505141.1,,,,render_normalized,tasi_2026-08-20_2026-08-28_20260827T215758538311Z,7a00d373848e778f83c80f1777575ad48a6a4c0c192fe2e6a4123b56ae26cdee
1111,2026-08-23,121.3,124.0,121.3,124.0,263911,32297876.4,,,,render_normalized,tasi_2026-08-20_2026-08-28_20260827T215758538311Z,7a00d373848e778f83c80f1777575ad48a6a4c0c192fe2e6a4123b56ae26cdee
1111,2026-08-24,124.4,131.4,123.9,129.5,993359,127784918.5,,,,render_normalized,tasi_2026-08-20_2026-08-28_20260827T215758538311Z,7a00d373848e778f83c80f1777575ad48a6a4c0c192fe2e6a4123b56ae26cdee
1111,2026-08-25,129.3,131.1,128.8,130.0,294539,38315999.6,,,,render_normalized,tasi_2026-08-20_2026-08-28_20260827T215758538311Z,7a00d373848e778f83c80f1777575ad48a6a4c0c192fe2e6a4123b56ae26cdee
1111,2026-08-26,130.0,137.2,129.6,135.0,1089876,147361232.2,,,,render_normalized,tasi_2026-08-20_2026-08-28_20260827T215758538311Z,7a00d373848e778f83c80f1777575ad48a6a4c0c192fe2e6a4123b56ae26cdee
1111,2026-08-27,134.9,136.6,133.6,133.6,426987,57635545.2,,,,render_normalized,tasi_2026-08-20_2026-08-28_20260827T215758538311Z,7a00d373848e778f83c80f1777575ad48a6a4c0c192fe2e6a4123b56ae26cdee
1111,2026-08-30,133.6,136.9,133.1,136.2,264661,36057084.3,,,,render_normalized,tasi_2026-08-29_2026-08-30_20260830T153021490619Z,40f2932d214f44ed867e412ffba0369130210869179423e6eadc9f965765cdba
1111,2026-08-31,135.2,135.7,130.0,130.0,4198795,547262475.3,,,,render_normalized,tasi_2026-08-31_2026-08-31_20260831T153022596960Z,374b46eb50c52f8fd4d5c98f4b7cf8e0c79e078fd621a4b30f58d5382471b4af
1120,2026-08-02,63.05,64.85,62.8,64.5,5969229,381696590.35,,,,render_normalized,tasi_2026-07-31_2026-08-02_20260802T153020127593Z,2eb23ca39fcf0e44fa270e6e4d6a1341261e22b2abfbc789ec2875a29009248b
1120,2026-08-03,64.3,64.6,63.85,64.2,8204869,527479799.2,,,,render_normalized,tasi_2026-08-03_2026-08-03_20260803T153021496139Z,4b0f0fa9c3b343cf96fecea13101ae13ad2a21806fd55533770061ac5bb0689d
1120,2026-08-04,64.2,64.75,64.1,64.3,4544140,292848156.65,,,,render_normalized,tasi_2026-08-04_2026-08-04_20260804T153023696814Z,32de4882671eec0a9062962d0f5591f8e56969b134d0070652d21718d4563e66
1120,2026-08-05,64.4,65.15,64.4,65.0,5350816,347418464.25,,,,render_normalized,tasi_2026-08-05_2026-08-05_20260805T153024437012Z,9fd93f225e2663ef72017465f1af6b5bb1e9f620c1b69c07a1f0fd54b850091a
1120,2026-08-06,65.0,65.1,64.45,64.55,9771319,635504025.7,,,,render_normalized,tasi_2026-08-06_2026-08-06_20260806T153021501965Z,6ff377152d0ead67e84f33bc0daa618a818145aa8e2f551c9273431d88ac3851
1120,2026-08-09,64.75,65.1,64.65,64.75,5134371,333489159.5,,,,render_normalized,tasi_2026-08-07_2026-08-09_20260809T153020287151Z,d7eb763bea83ef8684d027dfe3fb0fb7c951f2a9c34d7e37300eab6704449ed3
1120,2026-08-10,64.6,64.75,64.2,64.3,5428306,349739375.7,,,,render_normalized,tasi_2026-08-10_2026-08-10_20260810T153020102570Z,84d11a25e4f1e5c1fd93cef767caa7b24135f07229eeaeab08169c657f7b53de
1120,2026-08-11,64.3,64.4,63.9,64.1,4762102,305555518.05,,,,render_normalized,tasi_2026-08-11_2026-08-11_20260811T153022011718Z,2ca6395fd3fcc72ba670e2961883e5c743cbb0e78c08f0ae926df09c31320865
1120,2026-08-12,64.1,64.3,63.7,64.05,3775688,241624164.7,,,,render_normalized,tasi_2026-08-12_2026-08-12_20260812T153021905708Z,8862a2d01571a3c9a9cdaef7d6c4c85e805809ad63506c8d9042aff3fa53b579
1120,2026-08-13,64.0,64.15,63.8,64.05,3210308,205389222.25,,,,render_normalized,tasi_2026-08-13_2026-08-13_20260813T153020777659Z,e0b6e7e97827824585b899f3f5ae2a43f595aeae92435da9a370d3df14b68b99
1120,2026-08-16,64.7,65.35,64.65,65.0,6483804,421050253.25,,,,render_normalized,tasi_2026-08-14_2026-08-16_20260816T153020395457Z,5392abdf5e4a97362d33f1f6287bf2bc003c7d4bb43d28918b8aa095af9310d7
1120,2026-08-17,65.0,65.0,64.4,64.65,4005134,258834080.3,,,,render_normalized,tasi_2026-08-17_2026-08-17_20260817T153022794323Z,56ab1200186f32f6bf2b699463f355510bc0a3da931f38c90816013f38a2eaf0
1120,2026-08-18,64.65,65.0,64.4,64.4,4789669,309973350.9,,,,render_normalized,tasi_2026-08-18_2026-08-18_20260818T153020653358Z,1cfd844fc98ba7ee716337d459294e8e314daaa0f85480a8e110399f3a6b856d
1120,2026-08-19,64.5,64.8,64.2,64.5,3094214,199205498.3,,,,render_normalized,tasi_2026-08-19_2026-08-19_20260819T153022440747Z,c9f50859d8825bb8e17dc890cb696be42681eb6c5d61b3749a33257a86f3517b
1120,2026-08-20,64.5,65.05,64.45,64.8,9346789,605513942.05,,,,render_normalized,tasi_2026-08-20_2026-08-28_20260827T215758538311Z,7a00d373848e778f83c80f1777575ad48a6a4c0c192fe2e6a4123b56ae26cdee
1120,2026-08-23,65.0,66.15,65.0,66.15,11112262,726842537.0,,,,render_normalized,tasi_2026-08-20_2026-08-28_20260827T215758538311Z,7a00d373848e778f83c80f1777575ad48a6a4c0c192fe2e6a4123b56ae26cdee
1120,2026-08-24,66.2,67.65,66.2,67.25,12202624,820096816.6,,,,render_normalized,tasi_2026-08-20_2026-08-28_20260827T215758538311Z,7a00d373848e778f83c80f1777575ad48a6a4c0c192fe2e6a4123b56ae26cdee
1120,2026-08-25,67.3,68.95,67.1,68.95,11644981,794546769.05,,,,render_normalized,tasi_2026-08-20_2026-08-28_20260827T215758538311Z,7a00d373848e778f83c80f1777575ad48a6a4c0c192fe2e6a4123b56ae26cdee
1120,2026-08-26,69.0,69.55,68.6,69.0,9362117,646639485.65,,,,render_normalized,tasi_2026-08-20_2026-08-28_20260827T215758538311Z,7a00d373848e778f83c80f1777575ad48a6a4c0c192fe2e6a4123b56ae26cdee
1120,2026-08-27,68.95,69.25,68.25,68.3,6843026,468668224.0,,,,render_normalized,tasi_2026-08-20_2026-08-28_20260827T215758538311Z,7a00d373848e778f83c80f1777575ad48a6a4c0c192fe2e6a4123b56ae26cdee
1120,2026-08-30,68.3,68.55,67.55,67.8,5178236,352073317.2,,,,render_normalized,tasi_2026-08-29_2026-08-30_20260830T153021490619Z,40f2932d214f44ed867e412ffba0369130210869179423e6eadc9f965765cdba
1120,2026-08-31,67.8,68.2,67.45,67.45,11347350,767445687.1,,,,render_normalized,tasi_2026-08-31_2026-08-31_20260831T153022596960Z,374b46eb50c52f8fd4d5c98f4b7cf8e0c79e078fd621a4b30f58d5382471b4af
1140,2026-08-02,24.24,24.39,24.07,24.2,1440840,34863812.52,,,,render_normalized,tasi_2026-07-31_2026-08-02_20260802T153020127593Z,2eb23ca39fcf0e44fa270e6e4d6a1341261e22b2abfbc789ec2875a29009248b
1140,2026-08-03,24.18,24.33,24.02,24.3,1708942,41380662.38,,,,render_normalized,tasi_2026-08-03_2026-08-03_20260803T153021496139Z,4b0f0fa9c3b343cf96fecea13101ae13ad2a21806fd55533770061ac5bb0689d
1140,2026-08-04,24.21,24.69,24.21,24.62,1791641,43972631.3,,,,render_normalized,tasi_2026-08-04_2026-08-04_20260804T153023696814Z,32de4882671eec0a9062962d0f5591f8e56969b134d0070652d21718d4563e66
1140,2026-08-05,24.51,24.84,24.51,24.78,1540030,38023281.67,,,,render_normalized,tasi_2026-08-05_2026-08-05_20260805T153024437012Z,9fd93f225e2663ef72017465f1af6b5bb1e9f620c1b69c07a1f0fd54b850091a
1140,2026-08-06,24.84,24.85,24.53,24.68,1302607,32144453.67,,,,render_normalized,tasi_2026-08-06_2026-08-06_20260806T153021501965Z,6ff377152d0ead67e84f33bc0daa618a818145aa8e2f551c9273431d88ac3851
1140,2026-08-09,24.62,24.8,24.47,24.59,583403,14341558.75,,,,render_normalized,tasi_2026-08-07_2026-08-09_20260809T153020287151Z,d7eb763bea83ef8684d027dfe3fb0fb7c951f2a9c34d7e37300eab6704449ed3
1140,2026-08-10,24.4,24.72,24.4,24.68,1197641,29501105.7,,,,render_normalized,tasi_2026-08-10_2026-08-10_20260810T153020102570Z,84d11a25e4f1e5c1fd93cef767caa7b24135f07229eeaeab08169c657f7b53de
1140,2026-08-11,24.66,24.78,24.44,24.76,1301219,32063897.74,,,,render_normalized,tasi_2026-08-11_2026-08-11_20260811T153022011718Z,2ca6395fd3fcc72ba670e2961883e5c743cbb0e78c08f0ae926df09c31320865
1140,2026-08-12,24.67,24.85,24.62,24.72,682592,16865615.72,,,,render_normalized,tasi_2026-08-12_2026-08-12_20260812T153021905708Z,8862a2d01571a3c9a9cdaef7d6c4c85e805809ad63506c8d9042aff3fa53b579
1140,2026-08-13,24.72,24.95,24.63,24.9,1213676,30144179.24,,,,render_normalized,tasi_2026-08-13_2026-08-13_20260813T153020777659Z,e0b6e7e97827824585b899f3f5ae2a43f595aeae92435da9a370d3df14b68b99
1140,2026-08-16,25.06,25.3,24.87,24.94,1195275,29855482.72,,,,render_normalized,tasi_2026-08-14_2026-08-16_20260816T153020395457Z,5392abdf5e4a97362d33f1f6287bf2bc003c7d4bb43d28918b8aa095af9310d7
1140,2026-08-17,24.99,25.4,24.84,25.32,1831620,46163452.15,,,,render_normalized,tasi_2026-08-17_2026-08-17_20260817T153022794323Z,56ab1200186f32f6bf2b699463f355510bc0a3da931f38c90816013f38a2eaf0
1140,2026-08-18,25.3,25.46,25.22,25.4,863440,21884362.9,,,,render_normalized,tasi_2026-08-18_2026-08-18_20260818T153020653358Z,1cfd844fc98ba7ee716337d459294e8e314daaa0f85480a8e110399f3a6b856d
1140,2026-08-19,25.3,25.34,25.16,25.26,826850,20867122.06,,,,render_normalized,tasi_2026-08-19_2026-08-19_20260819T153022440747Z,c9f50859d8825bb8e17dc890cb696be42681eb6c5d61b3749a33257a86f3517b
1140,2026-08-20,25.26,25.3,25.06,25.26,1009021,25425545.48,,,,render_normalized,tasi_2026-08-20_2026-08-28_20260827T215758538311Z,7a00d373848e778f83c80f1777575ad48a6a4c0c192fe2e6a4123b56ae26cdee
1140,2026-08-23,25.28,25.5,25.24,25.44,1073371,27234793.56,,,,render_normalized,tasi_2026-08-20_2026-08-28_20260827T215758538311Z,7a00d373848e778f83c80f1777575ad48a6a4c0c192fe2e6a4123b56ae26cdee
1140,2026-08-24,25.44,26.0,25.44,25.9,2379345,61456017.32,,,,render_normalized,tasi_2026-08-20_2026-08-28_20260827T215758538311Z,7a00d373848e778f83c80f1777575ad48a6a4c0c192fe2e6a4123b56ae26cdee
1140,2026-08-25,25.92,26.16,25.78,26.06,1941130,50430192.98,,,,render_normalized,tasi_2026-08-20_2026-08-28_20260827T215758538311Z,7a00d373848e778f83c80f1777575ad48a6a4c0c192fe2e6a4123b56ae26cdee
1140,2026-08-26,26.0,26.48,25.96,26.4,2611255,68648473.9,,,,render_normalized,tasi_2026-08-20_2026-08-28_20260827T215758538311Z,7a00d373848e778f83c80f1777575ad48a6a4c0c192fe2e6a4123b56ae26cdee
1140,2026-08-27,26.38,26.44,26.14,26.16,1559841,41055063.7,,,,render_normalized,tasi_2026-08-20_2026-08-28_20260827T215758538311Z,7a00d373848e778f83c80f1777575ad48a6a4c0c192fe2e6a4123b56ae26cdee
1140,2026-08-30,26.16,26.36,25.9,25.9,493706,12852857.66,,,,render_normalized,tasi_2026-08-29_2026-08-30_20260830T153021490619Z,40f2932d214f44ed867e412ffba0369130210869179423e6eadc9f965765cdba
1140,2026-08-31,25.88,26.22,25.88,26.12,1797942,46923528.66,,,,render_normalized,tasi_2026-08-31_2026-08-31_20260831T153022596960Z,374b46eb50c52f8fd4d5c98f4b7cf8e0c79e078fd621a4b30f58d5382471b4af
1150,2026-08-02,23.36,23.93,23.36,23.89,5119015,121555222.89,,,,render_normalized,tasi_2026-07-31_2026-08-02_20260802T153020127593Z,2eb23ca39fcf0e44fa270e6e4d6a1341261e22b2abfbc789ec2875a29009248b
1150,2026-08-03,23.89,24.05,23.65,24.05,7389334,176831892.03,,,,render_normalized,tasi_2026-08-03_2026-08-03_20260803T153021496139Z,4b0f0fa9c3b343cf96fecea13101ae13ad2a21806fd55533770061ac5bb0689d
1150,2026-08-04,23.75,24.3,23.7,24.07,6734798,162304507.12,,,,render_normalized,tasi_2026-08-04_2026-08-04_20260804T153023696814Z,32de4882671eec0a9062962d0f5591f8e56969b134d0070652d21718d4563e66
1150,2026-08-05,24.1,24.22,24.0,24.13,4018026,96876596.23,,,,render_normalized,tasi_2026-08-05_2026-08-05_20260805T153024437012Z,9fd93f225e2663ef72017465f1af6b5bb1e9f620c1b69c07a1f0fd54b850091a
1150,2026-08-06,24.14,24.22,23.91,23.91,3802288,91363030.68,,,,render_normalized,tasi_2026-08-06_2026-08-06_20260806T153021501965Z,6ff377152d0ead67e84f33bc0daa618a818145aa8e2f551c9273431d88ac3851
1150,2026-08-09,23.91,24.02,23.91,23.99,1686686,40440880.15,,,,render_normalized,tasi_2026-08-07_2026-08-09_20260809T153020287151Z,d7eb763bea83ef8684d027dfe3fb0fb7c951f2a9c34d7e37300eab6704449ed3
1150,2026-08-10,24.0,24.24,24.0,24.03,3897365,93927208.25,,,,render_normalized,tasi_2026-08-10_2026-08-10_20260810T153020102570Z,84d11a25e4f1e5c1fd93cef767caa7b24135f07229eeaeab08169c657f7b53de
1150,2026-08-11,24.03,24.17,23.96,24.1,3046684,73365572.8,,,,render_normalized,tasi_2026-08-11_2026-08-11_20260811T153022011718Z,2ca6395fd3fcc72ba670e2961883e5c743cbb0e78c08f0ae926df09c31320865
1150,2026-08-12,24.1,24.25,24.1,24.25,3653306,88359735.34,,,,render_normalized,tasi_2026-08-12_2026-08-12_20260812T153021905708Z,8862a2d01571a3c9a9cdaef7d6c4c85e805809ad63506c8d9042aff3fa53b579
1150,2026-08-13,24.25,24.5,24.19,24.24,3038935,73945391.85,,,,render_normalized,tasi_2026-08-13_2026-08-13_20260813T153020777659Z,e0b6e7e97827824585b899f3f5ae2a43f595aeae92435da9a370d3df14b68b99
1150,2026-08-16,24.75,24.8,24.6,24.68,5557595,137327398.1,,,,render_normalized,tasi_2026-08-14_2026-08-16_20260816T153020395457Z,5392abdf5e4a97362d33f1f6287bf2bc003c7d4bb43d28918b8aa095af9310d7
1150,2026-08-17,24.68,24.99,24.62,24.9,7347345,182586768.86,,,,render_normalized,tasi_2026-08-17_2026-08-17_20260817T153022794323Z,56ab1200186f32f6bf2b699463f355510bc0a3da931f38c90816013f38a2eaf0
1150,2026-08-18,24.9,25.12,24.74,24.8,8779681,218929086.65,,,,render_normalized,tasi_2026-08-18_2026-08-18_20260818T153020653358Z,1cfd844fc98ba7ee716337d459294e8e314daaa0f85480a8e110399f3a6b856d
1150,2026-08-19,24.8,24.91,24.63,24.79,3353892,82994914.0,,,,render_normalized,tasi_2026-08-19_2026-08-19_20260819T153022440747Z,c9f50859d8825bb8e17dc890cb696be42681eb6c5d61b3749a33257a86f3517b
1150,2026-08-20,24.77,25.0,24.63,24.86,5548838,137626509.37,,,,render_normalized,tasi_2026-08-20_2026-08-28_20260827T215758538311Z,7a00d373848e778f83c80f1777575ad48a6a4c0c192fe2e6a4123b56ae26cdee
1150,2026-08-23,24.86,25.26,24.86,25.22,6643006,166449288.38,,,,render_normalized,tasi_2026-08-20_2026-08-28_20260827T215758538311Z,7a00d373848e778f83c80f1777575ad48a6a4c0c192fe2e6a4123b56ae26cdee
1150,2026-08-24,25.22,25.44,25.16,25.24,7465189,189019648.16,,,,render_normalized,tasi_2026-08-20_2026-08-28_20260827T215758538311Z,7a00d373848e778f83c80f1777575ad48a6a4c0c192fe2e6a4123b56ae26cdee
1150,2026-08-25,25.2,25.5,25.12,25.42,7854109,199397309.36,,,,render_normalized,tasi_2026-08-20_2026-08-28_20260827T215758538311Z,7a00d373848e778f83c80f1777575ad48a6a4c0c192fe2e6a4123b56ae26cdee
1150,2026-08-26,25.46,26.0,25.36,25.9,10490718,270361848.44,,,,render_normalized,tasi_2026-08-20_2026-08-28_20260827T215758538311Z,7a00d373848e778f83c80f1777575ad48a6a4c0c192fe2e6a4123b56ae26cdee
1150,2026-08-27,25.9,25.98,25.66,25.84,5287983,136385003.4,,,,render_normalized,tasi_2026-08-20_2026-08-28_20260827T215758538311Z,7a00d373848e778f83c80f1777575ad48a6a4c0c192fe2e6a4123b56ae26cdee
1150,2026-08-30,25.84,25.9,25.5,25.5,3408210,87324875.88,,,,render_normalized,tasi_2026-08-29_2026-08-30_20260830T153021490619Z,40f2932d214f44ed867e412ffba0369130210869179423e6eadc9f965765cdba
1150,2026-08-31,25.5,25.88,25.5,25.72,8723305,224110436.42,,,,render_normalized,tasi_2026-08-31_2026-08-31_20260831T153022596960Z,374b46eb50c52f8fd4d5c98f4b7cf8e0c79e078fd621a4b30f58d5382471b4af
1180,2026-08-02,39.14,39.52,38.84,39.2,2021454,79215041.02,,,,render_normalized,tasi_2026-07-31_2026-08-02_20260802T153020127593Z,2eb23ca39fcf0e44fa270e6e4d6a1341261e22b2abfbc789ec2875a29009248b
1180,2026-08-03,39.6,39.6,39.04,39.52,5732538,225302097.62,,,,render_normalized,tasi_2026-08-03_2026-08-03_20260803T153021496139Z,4b0f0fa9c3b343cf96fecea13101ae13ad2a21806fd55533770061ac5bb0689d
1180,2026-08-04,39.52,40.38,39.38,40.38,4127026,165356841.9,,,,render_normalized,tasi_2026-08-04_2026-08-04_20260804T153023696814Z,32de4882671eec0a9062962d0f5591f8e56969b134d0070652d21718d4563e66
1180,2026-08-05,40.38,40.48,40.04,40.34,3639832,146763398.88,,,,render_normalized,tasi_2026-08-05_2026-08-05_20260805T153024437012Z,9fd93f225e2663ef72017465f1af6b5bb1e9f620c1b69c07a1f0fd54b850091a
1180,2026-08-06,40.48,41.2,40.28,40.86,6372295,260622802.04,,,,render_normalized,tasi_2026-08-06_2026-08-06_20260806T153021501965Z,6ff377152d0ead67e84f33bc0daa618a818145aa8e2f551c9273431d88ac3851
1180,2026-08-09,40.88,41.16,40.86,41.1,1720398,70654684.08,,,,render_normalized,tasi_2026-08-07_2026-08-09_20260809T153020287151Z,d7eb763bea83ef8684d027dfe3fb0fb7c951f2a9c34d7e37300eab6704449ed3
1180,2026-08-10,41.0,41.32,40.84,41.0,4855543,199615917.26,,,,render_normalized,tasi_2026-08-10_2026-08-10_20260810T153020102570Z,84d11a25e4f1e5c1fd93cef767caa7b24135f07229eeaeab08169c657f7b53de
1180,2026-08-11,41.0,41.0,40.44,40.9,2684962,109318606.72,,,,render_normalized,tasi_2026-08-11_2026-08-11_20260811T153022011718Z,2ca6395fd3fcc72ba670e2961883e5c743cbb0e78c08f0ae926df09c31320865
1180,2026-08-12,40.88,41.0,40.76,41.0,2425874,99318295.02,,,,render_normalized,tasi_2026-08-12_2026-08-12_20260812T153021905708Z,8862a2d01571a3c9a9cdaef7d6c4c85e805809ad63506c8d9042aff3fa53b579
1180,2026-08-13,41.14,41.58,40.98,41.3,2826900,116726528.88,,,,render_normalized,tasi_2026-08-13_2026-08-13_20260813T153020777659Z,e0b6e7e97827824585b899f3f5ae2a43f595aeae92435da9a370d3df14b68b99
1180,2026-08-16,41.54,41.9,41.26,41.74,2377452,98918830.14,,,,render_normalized,tasi_2026-08-14_2026-08-16_20260816T153020395457Z,5392abdf5e4a97362d33f1f6287bf2bc003c7d4bb43d28918b8aa095af9310d7
1180,2026-08-17,41.92,41.96,41.34,41.88,2793544,116482693.36,,,,render_normalized,tasi_2026-08-17_2026-08-17_20260817T153022794323Z,56ab1200186f32f6bf2b699463f355510bc0a3da931f38c90816013f38a2eaf0
1180,2026-08-18,41.86,42.14,41.5,41.68,4298217,179750817.98,,,,render_normalized,tasi_2026-08-18_2026-08-18_20260818T153020653358Z,1cfd844fc98ba7ee716337d459294e8e314daaa0f85480a8e110399f3a6b856d
1180,2026-08-19,41.78,42.0,41.4,41.68,2649048,110282270.84,,,,render_normalized,tasi_2026-08-19_2026-08-19_20260819T153022440747Z,c9f50859d8825bb8e17dc890cb696be42681eb6c5d61b3749a33257a86f3517b
1180,2026-08-20,41.74,41.78,41.46,41.66,2181628,90830125.26,,,,render_normalized,tasi_2026-08-20_2026-08-28_20260827T215758538311Z,7a00d373848e778f83c80f1777575ad48a6a4c0c192fe2e6a4123b56ae26cdee
1180,2026-08-23,41.6,42.4,41.52,42.4,1356692,57157462.88,,,,render_normalized,tasi_2026-08-20_2026-08-28_20260827T215758538311Z,7a00d373848e778f83c80f1777575ad48a6a4c0c192fe2e6a4123b56ae26cdee
1180,2026-08-24,42.3,42.96,42.28,42.96,4172842,178051496.4,,,,render_normalized,tasi_2026-08-20_2026-08-28_20260827T215758538311Z,7a00d373848e778f83c80f1777575ad48a6a4c0c192fe2e6a4123b56ae26cdee
1180,2026-08-25,42.8,43.1,42.54,43.02,4111235,176216530.82,,,,render_normalized,tasi_2026-08-20_2026-08-28_20260827T215758538311Z,7a00d373848e778f83c80f1777575ad48a6a4c0c192fe2e6a4123b56ae26cdee
1180,2026-08-26,43.02,43.42,42.82,43.4,4082296,176445061.3,,,,render_normalized,tasi_2026-08-20_2026-08-28_20260827T215758538311Z,7a00d373848e778f83c80f1777575ad48a6a4c0c192fe2e6a4123b56ae26cdee
1180,2026-08-27,43.48,43.7,43.2,43.4,2540297,110163538.4,,,,render_normalized,tasi_2026-08-20_2026-08-28_20260827T215758538311Z,7a00d373848e778f83c80f1777575ad48a6a4c0c192fe2e6a4123b56ae26cdee
1180,2026-08-30,43.4,43.4,42.58,42.88,1459009,62496062.08,,,,render_normalized,tasi_2026-08-29_2026-08-30_20260830T153021490619Z,40f2932d214f44ed867e412ffba0369130210869179423e6eadc9f965765cdba
1180,2026-08-31,42.8,43.3,42.66,43.3,5364483,231861696.76,,,,render_normalized,tasi_2026-08-31_2026-08-31_20260831T153022596960Z,374b46eb50c52f8fd4d5c98f4b7cf8e0c79e078fd621a4b30f58d5382471b4af
1182,2026-08-02,8.59,8.72,8.5,8.7,725836,6244966.08,,,,render_normalized,tasi_2026-07-31_2026-08-02_20260802T153020127593Z,2eb23ca39fcf0e44fa270e6e4d6a1341261e22b2abfbc789ec2875a29009248b
1182,2026-08-03,8.74,9.2,8.66,9.08,1205884,10800193.02,,,,render_normalized,tasi_2026-08-03_2026-08-03_20260803T153021496139Z,4b0f0fa9c3b343cf96fecea13101ae13ad2a21806fd55533770061ac5bb0689d
1182,2026-08-04,9.09,9.2,8.97,9.1,642232,5835634.6,,,,render_normalized,tasi_2026-08-04_2026-08-04_20260804T153023696814Z,32de4882671eec0a9062962d0f5591f8e56969b134d0070652d21718d4563e66
1182,2026-08-05,9.09,9.09,8.92,9.02,331247,2972660.91,,,,render_normalized,tasi_2026-08-05_2026-08-05_20260805T153024437012Z,9fd93f225e2663ef72017465f1af6b5bb1e9f620c1b69c07a1f0fd54b850091a
1182,2026-08-06,9.02,9.02,8.89,8.96,178976,1600754.48,,,,render_normalized,tasi_2026-08-06_2026-08-06_20260806T153021501965Z,6ff377152d0ead67e84f33bc0daa618a818145aa8e2f551c9273431d88ac3851
1182,2026-08-09,8.85,9.17,8.85,9.04,574650,5211113.43,,,,render_normalized,tasi_2026-08-07_2026-08-09_20260809T153020287151Z,d7eb763bea83ef8684d027dfe3fb0fb7c951f2a9c34d7e37300eab6704449ed3
1182,2026-08-10,9.04,9.04,8.8,8.86,291913,2589192.11,,,,render_normalized,tasi_2026-08-10_2026-08-10_20260810T153020102570Z,84d11a25e4f1e5c1fd93cef767caa7b24135f07229eeaeab08169c657f7b53de
1182,2026-08-11,8.84,8.84,8.65,8.7,513371,4468479.82,,,,render_normalized,tasi_2026-08-11_2026-08-11_20260811T153022011718Z,2ca6395fd3fcc72ba670e2961883e5c743cbb0e78c08f0ae926df09c31320865
1182,2026-08-12,8.71,8.71,8.46,8.5,520934,4445948.5,,,,render_normalized,tasi_2026-08-12_2026-08-12_20260812T153021905708Z,8862a2d01571a3c9a9cdaef7d6c4c85e805809ad63506c8d9042aff3fa53b579
1182,2026-08-13,8.44,8.73,8.39,8.67,572334,4893685.02,,,,render_normalized,tasi_2026-08-13_2026-08-13_20260813T153020777659Z,e0b6e7e97827824585b899f3f5ae2a43f595aeae92435da9a370d3df14b68b99
1182,2026-08-16,8.7,8.94,8.7,8.87,523486,4639086.89,,,,render_normalized,tasi_2026-08-14_2026-08-16_20260816T153020395457Z,5392abdf5e4a97362d33f1f6287bf2bc003c7d4bb43d28918b8aa095af9310d7
1182,2026-08-17,8.86,8.93,8.81,8.91,100376,891133.65,,,,render_normalized,tasi_2026-08-17_2026-08-17_20260817T153022794323Z,56ab1200186f32f6bf2b699463f355510bc0a3da931f38c90816013f38a2eaf0
1182,2026-08-18,8.95,9.0,8.77,8.86,1242489,11119531.44,,,,render_normalized,tasi_2026-08-18_2026-08-18_20260818T153020653358Z,1cfd844fc98ba7ee716337d459294e8e314daaa0f85480a8e110399f3a6b856d
1182,2026-08-19,8.82,8.83,8.76,8.78,145117,1277283.55,,,,render_normalized,tasi_2026-08-19_2026-08-19_20260819T153022440747Z,c9f50859d8825bb8e17dc890cb696be42681eb6c5d61b3749a33257a86f3517b
1182,2026-08-20,8.7,8.88,8.7,8.87,199407,1759443.0,,,,render_normalized,tasi_2026-08-20_2026-08-28_20260827T215758538311Z,7a00d373848e778f83c80f1777575ad48a6a4c0c192fe2e6a4123b56ae26cdee
1182,2026-08-23,8.87,8.98,8.87,8.95,199351,1782297.76,,,,render_normalized,tasi_2026-08-20_2026-08-28_20260827T215758538311Z,7a00d373848e778f83c80f1777575ad48a6a4c0c192fe2e6a4123b56ae26cdee
1182,2026-08-24,8.95,8.98,8.85,8.87,429741,3824411.1,,,,render_normalized,tasi_2026-08-20_2026-08-28_20260827T215758538311Z,7a00d373848e778f83c80f1777575ad48a6a4c0c192fe2e6a4123b56ae26cdee
1182,2026-08-25,8.89,8.95,8.85,8.92,150331,1340175.27,,,,render_normalized,tasi_2026-08-20_2026-08-28_20260827T215758538311Z,7a00d373848e778f83c80f1777575ad48a6a4c0c192fe2e6a4123b56ae26cdee
1182,2026-08-26,8.93,8.95,8.88,8.92,518569,4633178.42,,,,render_normalized,tasi_2026-08-20_2026-08-28_20260827T215758538311Z,7a00d373848e778f83c80f1777575ad48a6a4c0c192fe2e6a4123b56ae26cdee
1182,2026-08-27,8.94,9.0,8.92,8.94,254285,2279795.5,,,,render_normalized,tasi_2026-08-20_2026-08-28_20260827T215758538311Z,7a00d373848e778f83c80f1777575ad48a6a4c0c192fe2e6a4123b56ae26cdee
1182,2026-08-30,8.95,8.98,8.87,8.88,161867,1441882.9,,,,render_normalized,tasi_2026-08-29_2026-08-30_20260830T153021490619Z,40f2932d214f44ed867e412ffba0369130210869179423e6eadc9f965765cdba
1182,2026-08-31,8.88,8.92,8.72,8.75,231029,2034685.57,,,,render_normalized,tasi_2026-08-31_2026-08-31_20260831T153022596960Z,374b46eb50c52f8fd4d5c98f4b7cf8e0c79e078fd621a4b30f58d5382471b4af
1183,2026-08-02,14.41,14.6,14.39,14.49,27932,404475.55,,,,render_normalized,tasi_2026-07-31_2026-08-02_20260802T153020127593Z,2eb23ca39fcf0e44fa270e6e4d6a1341261e22b2abfbc789ec2875a29009248b
1183,2026-08-03,14.49,14.75,14.45,14.69,45084,660150.49,,,,render_normalized,tasi_2026-08-03_2026-08-03_20260803T153021496139Z,4b0f0fa9c3b343cf96fecea13101ae13ad2a21806fd55533770061ac5bb0689d
1183,2026-08-04,14.9,14.9,14.45,14.7,43228,635552.28,,,,render_normalized,tasi_2026-08-04_2026-08-04_20260804T153023696814Z,32de4882671eec0a9062962d0f5591f8e56969b134d0070652d21718d4563e66
1183,2026-08-05,14.8,14.9,14.7,14.71,39337,580768.1,,,,render_normalized,tasi_2026-08-05_2026-08-05_20260805T153024437012Z,9fd93f225e2663ef72017465f1af6b5bb1e9f620c1b69c07a1f0fd54b850091a
1183,2026-08-06,14.71,14.8,14.67,14.71,19734,290648.04,,,,render_normalized,tasi_2026-08-06_2026-08-06_20260806T153021501965Z,6ff377152d0ead67e84f33bc0daa618a818145aa8e2f551c9273431d88ac3851
1183,2026-08-09,14.7,14.76,14.61,14.65,21347,313178.22,,,,render_normalized,tasi_2026-08-07_2026-08-09_20260809T153020287151Z,d7eb763bea83ef8684d027dfe3fb0fb7c951f2a9c34d7e37300eab6704449ed3
1183,2026-08-10,14.64,14.64,14.41,14.55,13704,199280.65,,,,render_normalized,tasi_2026-08-10_2026-08-10_20260810T153020102570Z,84d11a25e4f1e5c1fd93cef767caa7b24135f07229eeaeab08169c657f7b53de
1183,2026-08-11,14.55,14.63,14.42,14.45,13153,191015.15,,,,render_normalized,tasi_2026-08-11_2026-08-11_20260811T153022011718Z,2ca6395fd3fcc72ba670e2961883e5c743cbb0e78c08f0ae926df09c31320865
1183,2026-08-12,14.44,14.59,14.4,14.46,10907,157948.82,,,,render_normalized,tasi_2026-08-12_2026-08-12_20260812T153021905708Z,8862a2d01571a3c9a9cdaef7d6c4c85e805809ad63506c8d9042aff3fa53b579
1183,2026-08-13,14.5,14.6,14.48,14.49,7660,111129.96,,,,render_normalized,tasi_2026-08-13_2026-08-13_20260813T153020777659Z,e0b6e7e97827824585b899f3f5ae2a43f595aeae92435da9a370d3df14b68b99
1183,2026-08-16,14.5,14.75,14.5,14.6,10483,153245.23,,,,render_normalized,tasi_2026-08-14_2026-08-16_20260816T153020395457Z,5392abdf5e4a97362d33f1f6287bf2bc003c7d4bb43d28918b8aa095af9310d7
1183,2026-08-17,14.77,14.77,14.49,14.54,25678,374529.55,,,,render_normalized,tasi_2026-08-17_2026-08-17_20260817T153022794323Z,56ab1200186f32f6bf2b699463f355510bc0a3da931f38c90816013f38a2eaf0
1183,2026-08-18,14.48,14.64,14.18,14.24,64095,920571.14,,,,render_normalized,tasi_2026-08-18_2026-08-18_20260818T153020653358Z,1cfd844fc98ba7ee716337d459294e8e314daaa0f85480a8e110399f3a6b856d
1183,2026-08-19,14.24,14.26,14.03,14.04,57148,805703.73,,,,render_normalized,tasi_2026-08-19_2026-08-19_20260819T153022440747Z,c9f50859d8825bb8e17dc890cb696be42681eb6c5d61b3749a33257a86f3517b
1183,2026-08-20,14.04,14.15,13.84,14.0,176809,2469694.83,,,,render_normalized,tasi_2026-08-20_2026-08-28_20260827T215758538311Z,7a00d373848e778f83c80f1777575ad48a6a4c0c192fe2e6a4123b56ae26cdee
1183,2026-08-23,14.1,14.77,14.1,14.32,154358,2225314.32,,,,render_normalized,tasi_2026-08-20_2026-08-28_20260827T215758538311Z,7a00d373848e778f83c80f1777575ad48a6a4c0c192fe2e6a4123b56ae26cdee
1183,2026-08-24,14.57,14.58,14.42,14.43,61976,896248.03,,,,render_normalized,tasi_2026-08-20_2026-08-28_20260827T215758538311Z,7a00d373848e778f83c80f1777575ad48a6a4c0c192fe2e6a4123b56ae26cdee
1183,2026-08-25,14.44,14.73,14.42,14.48,121013,1768031.47,,,,render_normalized,tasi_2026-08-20_2026-08-28_20260827T215758538311Z,7a00d373848e778f83c80f1777575ad48a6a4c0c192fe2e6a4123b56ae26cdee
1183,2026-08-26,14.51,14.69,14.49,14.55,50557,734989.5,,,,render_normalized,tasi_2026-08-20_2026-08-28_20260827T215758538311Z,7a00d373848e778f83c80f1777575ad48a6a4c0c192fe2e6a4123b56ae26cdee
1183,2026-08-27,14.51,14.57,14.46,14.5,29869,433858.4,,,,render_normalized,tasi_2026-08-20_2026-08-28_20260827T215758538311Z,7a00d373848e778f83c80f1777575ad48a6a4c0c192fe2e6a4123b56ae26cdee
1183,2026-08-30,14.5,14.58,14.42,14.46,15433,223573.44,,,,render_normalized,tasi_2026-08-29_2026-08-30_20260830T153021490619Z,40f2932d214f44ed867e412ffba0369130210869179423e6eadc9f965765cdba
1183,2026-08-31,14.46,14.55,14.37,14.46,23848,344442.22,,,,render_normalized,tasi_2026-08-31_2026-08-31_20260831T153022596960Z,374b46eb50c52f8fd4d5c98f4b7cf8e0c79e078fd621a4b30f58d5382471b4af
1201,2026-08-02,4.94,5.05,4.73,4.75,1852936,8935635.14,,,,render_normalized,tasi_2026-07-31_2026-08-02_20260802T153020127593Z,2eb23ca39fcf0e44fa270e6e4d6a1341261e22b2abfbc789ec2875a29009248b
1201,2026-08-03,4.75,4.89,4.75,4.81,965847,4639591.44,,,,render_normalized,tasi_2026-08-03_2026-08-03_20260803T153021496139Z,4b0f0fa9c3b343cf96fecea13101ae13ad2a21806fd55533770061ac5bb0689d
1201,2026-08-04,4.81,4.99,4.8,4.86,1040756,5103494.03,,,,render_normalized,tasi_2026-08-04_2026-08-04_20260804T153023696814Z,32de4882671eec0a9062962d0f5591f8e56969b134d0070652d21718d4563e66
1201,2026-08-05,4.86,5.16,4.86,4.88,1198155,5956369.26,,,,render_normalized,tasi_2026-08-05_2026-08-05_20260805T153024437012Z,9fd93f225e2663ef72017465f1af6b5bb1e9f620c1b69c07a1f0fd54b850091a
1201,2026-08-06,4.86,4.89,4.78,4.81,421280,2035312.09,,,,render_normalized,tasi_2026-08-06_2026-08-06_20260806T153021501965Z,6ff377152d0ead67e84f33bc0daa618a818145aa8e2f551c9273431d88ac3851
1201,2026-08-09,4.79,5.1,4.78,4.9,1511958,7478852.03,,,,render_normalized,tasi_2026-08-07_2026-08-09_20260809T153020287151Z,d7eb763bea83ef8684d027dfe3fb0fb7c951f2a9c34d7e37300eab6704449ed3
1201,2026-08-10,4.9,4.9,4.75,4.75,609214,2911779.89,,,,render_normalized,tasi_2026-08-10_2026-08-10_20260810T153020102570Z,84d11a25e4f1e5c1fd93cef767caa7b24135f07229eeaeab08169c657f7b53de
1201,2026-08-11,4.75,4.75,4.6,4.62,506749,2365342.83,,,,render_normalized,tasi_2026-08-11_2026-08-11_20260811T153022011718Z,2ca6395fd3fcc72ba670e2961883e5c743cbb0e78c08f0ae926df09c31320865
1201,2026-08-12,4.57,4.65,4.41,4.6,742661,3353230.29,,,,render_normalized,tasi_2026-08-12_2026-08-12_20260812T153021905708Z,8862a2d01571a3c9a9cdaef7d6c4c85e805809ad63506c8d9042aff3fa53b579
1201,2026-08-13,4.6,4.69,4.57,4.62,318319,1470288.63,,,,render_normalized,tasi_2026-08-13_2026-08-13_20260813T153020777659Z,e0b6e7e97827824585b899f3f5ae2a43f595aeae92435da9a370d3df14b68b99
1201,2026-08-16,4.65,5.0,4.64,4.87,1525361,7397859.7,,,,render_normalized,tasi_2026-08-14_2026-08-16_20260816T153020395457Z,5392abdf5e4a97362d33f1f6287bf2bc003c7d4bb43d28918b8aa095af9310d7
1201,2026-08-17,4.93,4.93,4.75,4.79,552283,2654740.75,,,,render_normalized,tasi_2026-08-17_2026-08-17_20260817T153022794323Z,56ab1200186f32f6bf2b699463f355510bc0a3da931f38c90816013f38a2eaf0
1201,2026-08-18,4.8,4.85,4.7,4.77,514771,2455871.6,,,,render_normalized,tasi_2026-08-18_2026-08-18_20260818T153020653358Z,1cfd844fc98ba7ee716337d459294e8e314daaa0f85480a8e110399f3a6b856d
1201,2026-08-19,4.71,4.89,4.7,4.72,955793,4572459.82,,,,render_normalized,tasi_2026-08-19_2026-08-19_20260819T153022440747Z,c9f50859d8825bb8e17dc890cb696be42681eb6c5d61b3749a33257a86f3517b
1201,2026-08-20,4.72,4.87,4.72,4.8,423090,2028475.09,,,,render_normalized,tasi_2026-08-20_2026-08-28_20260827T215758538311Z,7a00d373848e778f83c80f1777575ad48a6a4c0c192fe2e6a4123b56ae26cdee
1201,2026-08-23,4.85,4.87,4.77,4.8,467901,2261902.03,,,,render_normalized,tasi_2026-08-20_2026-08-28_20260827T215758538311Z,7a00d373848e778f83c80f1777575ad48a6a4c0c192fe2e6a4123b56ae26cdee
1201,2026-08-24,4.81,4.94,4.81,4.88,707743,3454643.06,,,,render_normalized,tasi_2026-08-20_2026-08-28_20260827T215758538311Z,7a00d373848e778f83c80f1777575ad48a6a4c0c192fe2e6a4123b56ae26cdee
1201,2026-08-25,4.88,4.9,4.82,4.83,246501,1198654.06,,,,render_normalized,tasi_2026-08-20_2026-08-28_20260827T215758538311Z,7a00d373848e778f83c80f1777575ad48a6a4c0c192fe2e6a4123b56ae26cdee
1201,2026-08-26,4.85,4.86,4.78,4.82,254293,1224131.34,,,,render_normalized,tasi_2026-08-20_2026-08-28_20260827T215758538311Z,7a00d373848e778f83c80f1777575ad48a6a4c0c192fe2e6a4123b56ae26cdee
1201,2026-08-27,4.82,4.85,4.75,4.83,337735,1621974.45,,,,render_normalized,tasi_2026-08-20_2026-08-28_20260827T215758538311Z,7a00d373848e778f83c80f1777575ad48a6a4c0c192fe2e6a4123b56ae26cdee
1201,2026-08-30,4.84,4.87,4.8,4.8,283434,1369728.85,,,,render_normalized,tasi_2026-08-29_2026-08-30_20260830T153021490619Z,40f2932d214f44ed867e412ffba0369130210869179423e6eadc9f965765cdba
1201,2026-08-31,4.81,4.83,4.76,4.77,192380,918816.07,,,,render_normalized,tasi_2026-08-31_2026-08-31_20260831T153022596960Z,374b46eb50c52f8fd4d5c98f4b7cf8e0c79e078fd621a4b30f58d5382471b4af
1202,2026-08-02,15.93,16.52,15.78,16.26,546887,8917306.59,,,,render_normalized,tasi_2026-07-31_2026-08-02_20260802T153020127593Z,2eb23ca39fcf0e44fa270e6e4d6a1341261e22b2abfbc789ec2875a29009248b
1202,2026-08-03,16.28,16.7,16.28,16.56,432674,7147435.89,,,,render_normalized,tasi_2026-08-03_2026-08-03_20260803T153021496139Z,4b0f0fa9c3b343cf96fecea13101ae13ad2a21806fd55533770061ac5bb0689d
1202,2026-08-04,16.6,17.1,16.57,17.03,716601,12117310.01,,,,render_normalized,tasi_2026-08-04_2026-08-04_20260804T153023696814Z,32de4882671eec0a9062962d0f5591f8e56969b134d0070652d21718d4563e66
1202,2026-08-05,17.06,17.67,16.96,17.33,951558,16559323.39,,,,render_normalized,tasi_2026-08-05_2026-08-05_20260805T153024437012Z,9fd93f225e2663ef72017465f1af6b5bb1e9f620c1b69c07a1f0fd54b850091a
1202,2026-08-06,17.3,17.46,17.01,17.27,312525,5387634.61,,,,render_normalized,tasi_2026-08-06_2026-08-06_20260806T153021501965Z,6ff377152d0ead67e84f33bc0daa618a818145aa8e2f551c9273431d88ac3851
1202,2026-08-09,17.58,17.65,17.17,17.3,497572,8653373.99,,,,render_normalized,tasi_2026-08-07_2026-08-09_20260809T153020287151Z,d7eb763bea83ef8684d027dfe3fb0fb7c951f2a9c34d7e37300eab6704449ed3
1202,2026-08-10,17.3,17.63,17.12,17.61,379811,6597546.75,,,,render_normalized,tasi_2026-08-10_2026-08-10_20260810T153020102570Z,84d11a25e4f1e5c1fd93cef767caa7b24135f07229eeaeab08169c657f7b53de
1202,2026-08-11,18.13,18.28,17.56,17.97,2670148,47965552.89,,,,render_normalized,tasi_2026-08-11_2026-08-11_20260811T153022011718Z,2ca6395fd3fcc72ba670e2961883e5c743cbb0e78c08f0ae926df09c31320865
1202,2026-08-12,18.12,18.65,17.82,18.25,1906208,34522550.56,,,,render_normalized,tasi_2026-08-12_2026-08-12_20260812T153021905708Z,8862a2d01571a3c9a9cdaef7d6c4c85e805809ad63506c8d9042aff3fa53b579
1202,2026-08-13,18.36,18.9,18.16,18.74,2136006,39779122.73,,,,render_normalized,tasi_2026-08-13_2026-08-13_20260813T153020777659Z,e0b6e7e97827824585b899f3f5ae2a43f595aeae92435da9a370d3df14b68b99
1202,2026-08-16,18.9,19.1,18.41,18.5,1240356,23142397.33,,,,render_normalized,tasi_2026-08-14_2026-08-16_20260816T153020395457Z,5392abdf5e4a97362d33f1f6287bf2bc003c7d4bb43d28918b8aa095af9310d7
1202,2026-08-17,18.44,18.65,18.29,18.32,1078019,19874924.43,,,,render_normalized,tasi_2026-08-17_2026-08-17_20260817T153022794323Z,56ab1200186f32f6bf2b699463f355510bc0a3da931f38c90816013f38a2eaf0
1202,2026-08-18,18.32,18.69,18.11,18.2,1560864,28745764.78,,,,render_normalized,tasi_2026-08-18_2026-08-18_20260818T153020653358Z,1cfd844fc98ba7ee716337d459294e8e314daaa0f85480a8e110399f3a6b856d
1202,2026-08-19,18.2,18.2,17.9,18.17,1162740,20966374.91,,,,render_normalized,tasi_2026-08-19_2026-08-19_20260819T153022440747Z,c9f50859d8825bb8e17dc890cb696be42681eb6c5d61b3749a33257a86f3517b
1202,2026-08-20,18.12,18.52,18.1,18.49,1016270,18626971.56,,,,render_normalized,tasi_2026-08-20_2026-08-28_20260827T215758538311Z,7a00d373848e778f83c80f1777575ad48a6a4c0c192fe2e6a4123b56ae26cdee
1202,2026-08-23,18.63,19.2,18.59,18.98,1977914,37432411.88,,,,render_normalized,tasi_2026-08-20_2026-08-28_20260827T215758538311Z,7a00d373848e778f83c80f1777575ad48a6a4c0c192fe2e6a4123b56ae26cdee
1202,2026-08-24,19.0,19.19,18.78,18.8,932314,17640894.58,,,,render_normalized,tasi_2026-08-20_2026-08-28_20260827T215758538311Z,7a00d373848e778f83c80f1777575ad48a6a4c0c192fe2e6a4123b56ae26cdee
1202,2026-08-25,18.79,18.93,18.63,18.69,759854,14247235.16,,,,render_normalized,tasi_2026-08-20_2026-08-28_20260827T215758538311Z,7a00d373848e778f83c80f1777575ad48a6a4c0c192fe2e6a4123b56ae26cdee
1202,2026-08-26,18.69,19.05,18.67,18.93,903448,17079745.91,,,,render_normalized,tasi_2026-08-20_2026-08-28_20260827T215758538311Z,7a00d373848e778f83c80f1777575ad48a6a4c0c192fe2e6a4123b56ae26cdee
1202,2026-08-27,18.95,19.1,18.8,18.92,617216,11673465.56,,,,render_normalized,tasi_2026-08-20_2026-08-28_20260827T215758538311Z,7a00d373848e778f83c80f1777575ad48a6a4c0c192fe2e6a4123b56ae26cdee
1202,2026-08-30,19.02,19.31,19.02,19.06,1101918,21110717.55,,,,render_normalized,tasi_2026-08-29_2026-08-30_20260830T153021490619Z,40f2932d214f44ed867e412ffba0369130210869179423e6eadc9f965765cdba
1202,2026-08-31,19.06,19.06,18.8,19.01,856608,16190716.42,,,,render_normalized,tasi_2026-08-31_2026-08-31_20260831T153022596960Z,374b46eb50c52f8fd4d5c98f4b7cf8e0c79e078fd621a4b30f58d5382471b4af
1210,2026-08-02,22.6,23.0,22.6,22.89,13276,302652.96,,,,render_normalized,tasi_2026-07-31_2026-08-02_20260802T153020127593Z,2eb23ca39fcf0e44fa270e6e4d6a1341261e22b2abfbc789ec2875a29009248b
1210,2026-08-03,23.04,23.11,22.82,23.1,24299,560129.9,,,,render_normalized,tasi_2026-08-03_2026-08-03_20260803T153021496139Z,4b0f0fa9c3b343cf96fecea13101ae13ad2a21806fd55533770061ac5bb0689d
1210,2026-08-04,23.18,23.56,23.18,23.54,48317,1130673.57,,,,render_normalized,tasi_2026-08-04_2026-08-04_20260804T153023696814Z,32de4882671eec0a9062962d0f5591f8e56969b134d0070652d21718d4563e66
1210,2026-08-05,24.12,25.2,24.02,25.0,319595,7872373.6,,,,render_normalized,tasi_2026-08-05_2026-08-05_20260805T153024437012Z,9fd93f225e2663ef72017465f1af6b5bb1e9f620c1b69c07a1f0fd54b850091a
1210,2026-08-06,25.12,25.3,24.8,25.0,129776,3254030.47,,,,render_normalized,tasi_2026-08-06_2026-08-06_20260806T153021501965Z,6ff377152d0ead67e84f33bc0daa618a818145aa8e2f551c9273431d88ac3851
1210,2026-08-09,24.81,25.5,24.8,25.4,92053,2323083.57,,,,render_normalized,tasi_2026-08-07_2026-08-09_20260809T153020287151Z,d7eb763bea83ef8684d027dfe3fb0fb7c951f2a9c34d7e37300eab6704449ed3
1210,2026-08-10,25.3,25.4,25.0,25.26,44303,1112878.7,,,,render_normalized,tasi_2026-08-10_2026-08-10_20260810T153020102570Z,84d11a25e4f1e5c1fd93cef767caa7b24135f07229eeaeab08169c657f7b53de
1210,2026-08-11,25.18,25.18,24.83,25.08,49345,1234905.14,,,,render_normalized,tasi_2026-08-11_2026-08-11_20260811T153022011718Z,2ca6395fd3fcc72ba670e2961883e5c743cbb0e78c08f0ae926df09c31320865
1210,2026-08-12,24.95,25.2,24.91,25.14,40206,1011279.45,,,,render_normalized,tasi_2026-08-12_2026-08-12_20260812T153021905708Z,8862a2d01571a3c9a9cdaef7d6c4c85e805809ad63506c8d9042aff3fa53b579
1210,2026-08-13,25.2,25.46,24.82,24.89,51983,1309464.71,,,,render_normalized,tasi_2026-08-13_2026-08-13_20260813T153020777659Z,e0b6e7e97827824585b899f3f5ae2a43f595aeae92435da9a370d3df14b68b99
1210,2026-08-16,24.93,25.3,24.84,25.0,24726,620376.14,,,,render_normalized,tasi_2026-08-14_2026-08-16_20260816T153020395457Z,5392abdf5e4a97362d33f1f6287bf2bc003c7d4bb43d28918b8aa095af9310d7
1210,2026-08-17,25.0,25.18,24.83,25.18,46968,1173963.89,,,,render_normalized,tasi_2026-08-17_2026-08-17_20260817T153022794323Z,56ab1200186f32f6bf2b699463f355510bc0a3da931f38c90816013f38a2eaf0
1210,2026-08-18,25.18,25.18,24.9,24.93,67010,1673477.37,,,,render_normalized,tasi_2026-08-18_2026-08-18_20260818T153020653358Z,1cfd844fc98ba7ee716337d459294e8e314daaa0f85480a8e110399f3a6b856d
1210,2026-08-19,24.98,25.1,24.84,24.98,20878,521117.9,,,,render_normalized,tasi_2026-08-19_2026-08-19_20260819T153022440747Z,c9f50859d8825bb8e17dc890cb696be42681eb6c5d61b3749a33257a86f3517b
1210,2026-08-20,24.97,25.16,24.88,25.12,33552,838635.15,,,,render_normalized,tasi_2026-08-20_2026-08-28_20260827T215758538311Z,7a00d373848e778f83c80f1777575ad48a6a4c0c192fe2e6a4123b56ae26cdee
1210,2026-08-23,25.12,25.42,24.9,25.0,57020,1441123.35,,,,render_normalized,tasi_2026-08-20_2026-08-28_20260827T215758538311Z,7a00d373848e778f83c80f1777575ad48a6a4c0c192fe2e6a4123b56ae26cdee
1210,2026-08-24,25.14,25.66,25.12,25.42,72213,1842217.3,,,,render_normalized,tasi_2026-08-20_2026-08-28_20260827T215758538311Z,7a00d373848e778f83c80f1777575ad48a6a4c0c192fe2e6a4123b56ae26cdee
1210,2026-08-25,25.4,25.5,25.22,25.28,27002,685186.46,,,,render_normalized,tasi_2026-08-20_2026-08-28_20260827T215758538311Z,7a00d373848e778f83c80f1777575ad48a6a4c0c192fe2e6a4123b56ae26cdee
1210,2026-08-26,25.18,25.48,25.18,25.26,21744,550652.76,,,,render_normalized,tasi_2026-08-20_2026-08-28_20260827T215758538311Z,7a00d373848e778f83c80f1777575ad48a6a4c0c192fe2e6a4123b56ae26cdee
1210,2026-08-27,25.48,25.48,25.22,25.34,17163,434701.46,,,,render_normalized,tasi_2026-08-20_2026-08-28_20260827T215758538311Z,7a00d373848e778f83c80f1777575ad48a6a4c0c192fe2e6a4123b56ae26cdee
1210,2026-08-30,25.32,25.34,25.06,25.14,20538,516765.44,,,,render_normalized,tasi_2026-08-29_2026-08-30_20260830T153021490619Z,40f2932d214f44ed867e412ffba0369130210869179423e6eadc9f965765cdba
1210,2026-08-31,25.02,25.24,25.0,25.02,27479,690255.36,,,,render_normalized,tasi_2026-08-31_2026-08-31_20260831T153022596960Z,374b46eb50c52f8fd4d5c98f4b7cf8e0c79e078fd621a4b30f58d5382471b4af
1211,2026-08-02,57.0,60.55,57.0,58.8,1790613,105904924.75,,,,render_normalized,tasi_2026-07-31_2026-08-02_20260802T153020127593Z,2eb23ca39fcf0e44fa270e6e4d6a1341261e22b2abfbc789ec2875a29009248b
1211,2026-08-03,58.55,58.85,57.55,58.05,1665847,96633716.1,,,,render_normalized,tasi_2026-08-03_2026-08-03_20260803T153021496139Z,4b0f0fa9c3b343cf96fecea13101ae13ad2a21806fd55533770061ac5bb0689d
1211,2026-08-04,58.05,59.35,58.05,58.55,1781511,104711620.55,,,,render_normalized,tasi_2026-08-04_2026-08-04_20260804T153023696814Z,32de4882671eec0a9062962d0f5591f8e56969b134d0070652d21718d4563e66
1211,2026-08-05,58.7,59.7,58.7,59.6,1492746,88499254.7,,,,render_normalized,tasi_2026-08-05_2026-08-05_20260805T153024437012Z,9fd93f225e2663ef72017465f1af6b5bb1e9f620c1b69c07a1f0fd54b850091a
1211,2026-08-06,59.8,61.2,59.8,60.45,2733923,165657532.95,,,,render_normalized,tasi_2026-08-06_2026-08-06_20260806T153021501965Z,6ff377152d0ead67e84f33bc0daa618a818145aa8e2f551c9273431d88ac3851
1211,2026-08-09,60.45,62.35,60.45,61.6,1272849,78656727.4,,,,render_normalized,tasi_2026-08-07_2026-08-09_20260809T153020287151Z,d7eb763bea83ef8684d027dfe3fb0fb7c951f2a9c34d7e37300eab6704449ed3
1211,2026-08-10,64.0,65.7,62.5,64.9,4983910,319025558.65,,,,render_normalized,tasi_2026-08-10_2026-08-10_20260810T153020102570Z,84d11a25e4f1e5c1fd93cef767caa7b24135f07229eeaeab08169c657f7b53de
1211,2026-08-11,65.35,65.9,64.1,64.15,2395197,155292621.15,,,,render_normalized,tasi_2026-08-11_2026-08-11_20260811T153022011718Z,2ca6395fd3fcc72ba670e2961883e5c743cbb0e78c08f0ae926df09c31320865
1211,2026-08-12,64.15,65.3,64.05,65.1,1608978,104296315.85,,,,render_normalized,tasi_2026-08-12_2026-08-12_20260812T153021905708Z,8862a2d01571a3c9a9cdaef7d6c4c85e805809ad63506c8d9042aff3fa53b579
1211,2026-08-13,65.1,65.35,64.45,64.45,908046,58689699.85,,,,render_normalized,tasi_2026-08-13_2026-08-13_20260813T153020777659Z,e0b6e7e97827824585b899f3f5ae2a43f595aeae92435da9a370d3df14b68b99
1211,2026-08-16,64.45,65.3,64.4,64.8,854831,55381731.65,,,,render_normalized,tasi_2026-08-14_2026-08-16_20260816T153020395457Z,5392abdf5e4a97362d33f1f6287bf2bc003c7d4bb43d28918b8aa095af9310d7
1211,2026-08-17,64.95,65.65,64.6,64.8,1062883,69206188.95,,,,render_normalized,tasi_2026-08-17_2026-08-17_20260817T153022794323Z,56ab1200186f32f6bf2b699463f355510bc0a3da931f38c90816013f38a2eaf0
1211,2026-08-18,64.8,66.0,64.6,66.0,1616309,106023965.95,,,,render_normalized,tasi_2026-08-18_2026-08-18_20260818T153020653358Z,1cfd844fc98ba7ee716337d459294e8e314daaa0f85480a8e110399f3a6b856d
1211,2026-08-19,66.0,66.15,64.9,65.5,1061065,69351438.2,,,,render_normalized,tasi_2026-08-19_2026-08-19_20260819T153022440747Z,c9f50859d8825bb8e17dc890cb696be42681eb6c5d61b3749a33257a86f3517b
1211,2026-08-20,65.8,68.5,65.5,66.8,2035071,136800586.2,,,,render_normalized,tasi_2026-08-20_2026-08-28_20260827T215758538311Z,7a00d373848e778f83c80f1777575ad48a6a4c0c192fe2e6a4123b56ae26cdee
1211,2026-08-23,67.05,69.65,67.05,69.5,1828961,125638327.8,,,,render_normalized,tasi_2026-08-20_2026-08-28_20260827T215758538311Z,7a00d373848e778f83c80f1777575ad48a6a4c0c192fe2e6a4123b56ae26cdee
1211,2026-08-24,69.3,71.1,68.8,70.05,2575848,180449292.85,,,,render_normalized,tasi_2026-08-20_2026-08-28_20260827T215758538311Z,7a00d373848e778f83c80f1777575ad48a6a4c0c192fe2e6a4123b56ae26cdee
1211,2026-08-25,70.05,70.5,69.45,69.5,1323177,92697659.05,,,,render_normalized,tasi_2026-08-20_2026-08-28_20260827T215758538311Z,7a00d373848e778f83c80f1777575ad48a6a4c0c192fe2e6a4123b56ae26cdee
1211,2026-08-26,69.75,70.65,69.35,70.4,1382103,96909181.85,,,,render_normalized,tasi_2026-08-20_2026-08-28_20260827T215758538311Z,7a00d373848e778f83c80f1777575ad48a6a4c0c192fe2e6a4123b56ae26cdee
1211,2026-08-27,70.0,70.2,69.4,69.7,903820,63011493.45,,,,render_normalized,tasi_2026-08-20_2026-08-28_20260827T215758538311Z,7a00d373848e778f83c80f1777575ad48a6a4c0c192fe2e6a4123b56ae26cdee
1211,2026-08-30,68.9,69.05,66.9,67.4,1038704,70141309.1,,,,render_normalized,tasi_2026-08-29_2026-08-30_20260830T153021490619Z,40f2932d214f44ed867e412ffba0369130210869179423e6eadc9f965765cdba
1211,2026-08-31,67.1,67.9,66.1,66.1,3950139,262057173.15,,,,render_normalized,tasi_2026-08-31_2026-08-31_20260831T153022596960Z,374b46eb50c52f8fd4d5c98f4b7cf8e0c79e078fd621a4b30f58d5382471b4af
1212,2026-08-02,125.0,127.1,123.6,124.6,42882,5379038.2,,,,render_normalized,tasi_2026-07-31_2026-08-02_20260802T153020127593Z,2eb23ca39fcf0e44fa270e6e4d6a1341261e22b2abfbc789ec2875a29009248b
1212,2026-08-03,124.6,126.8,123.6,125.4,76709,9625757.6,,,,render_normalized,tasi_2026-08-03_2026-08-03_20260803T153021496139Z,4b0f0fa9c3b343cf96fecea13101ae13ad2a21806fd55533770061ac5bb0689d
1212,2026-08-04,125.4,134.5,124.7,133.3,353565,46260785.6,,,,render_normalized,tasi_2026-08-04_2026-08-04_20260804T153023696814Z,32de4882671eec0a9062962d0f5591f8e56969b134d0070652d21718d4563e66
1212,2026-08-05,133.6,138.3,132.3,137.4,163378,22293916.7,,,,render_normalized,tasi_2026-08-05_2026-08-05_20260805T153024437012Z,9fd93f225e2663ef72017465f1af6b5bb1e9f620c1b69c07a1f0fd54b850091a
1212,2026-08-06,137.0,140.1,136.4,137.5,332060,45867555.0,,,,render_normalized,tasi_2026-08-06_2026-08-06_20260806T153021501965Z,6ff377152d0ead67e84f33bc0daa618a818145aa8e2f551c9273431d88ac3851
1212,2026-08-09,137.5,139.4,136.1,139.1,21227,2927891.4,,,,render_normalized,tasi_2026-08-07_2026-08-09_20260809T153020287151Z,d7eb763bea83ef8684d027dfe3fb0fb7c951f2a9c34d7e37300eab6704449ed3
1212,2026-08-10,137.2,140.3,137.2,138.2,49625,6902357.3,,,,render_normalized,tasi_2026-08-10_2026-08-10_20260810T153020102570Z,84d11a25e4f1e5c1fd93cef767caa7b24135f07229eeaeab08169c657f7b53de
1212,2026-08-11,138.4,139.8,136.9,138.1,33824,4682300.9,,,,render_normalized,tasi_2026-08-11_2026-08-11_20260811T153022011718Z,2ca6395fd3fcc72ba670e2961883e5c743cbb0e78c08f0ae926df09c31320865
1212,2026-08-12,137.4,140.0,137.4,138.1,77841,10841803.2,,,,render_normalized,tasi_2026-08-12_2026-08-12_20260812T153021905708Z,8862a2d01571a3c9a9cdaef7d6c4c85e805809ad63506c8d9042aff3fa53b579
1212,2026-08-13,138.1,139.5,137.6,138.1,28330,3917229.2,,,,render_normalized,tasi_2026-08-13_2026-08-13_20260813T153020777659Z,e0b6e7e97827824585b899f3f5ae2a43f595aeae92435da9a370d3df14b68b99
1212,2026-08-16,138.3,139.5,138.3,139.0,10114,1407181.3,,,,render_normalized,tasi_2026-08-14_2026-08-16_20260816T153020395457Z,5392abdf5e4a97362d33f1f6287bf2bc003c7d4bb43d28918b8aa095af9310d7
1212,2026-08-17,139.1,141.6,138.4,139.5,91180,12770387.8,,,,render_normalized,tasi_2026-08-17_2026-08-17_20260817T153022794323Z,56ab1200186f32f6bf2b699463f355510bc0a3da931f38c90816013f38a2eaf0
1212,2026-08-18,139.6,139.6,137.0,137.0,69607,9582166.6,,,,render_normalized,tasi_2026-08-18_2026-08-18_20260818T153020653358Z,1cfd844fc98ba7ee716337d459294e8e314daaa0f85480a8e110399f3a6b856d
1212,2026-08-19,136.2,138.4,136.2,136.9,22784,3129296.0,,,,render_normalized,tasi_2026-08-19_2026-08-19_20260819T153022440747Z,c9f50859d8825bb8e17dc890cb696be42681eb6c5d61b3749a33257a86f3517b
1212,2026-08-20,138.4,138.6,137.2,137.5,23106,3186056.9,,,,render_normalized,tasi_2026-08-20_2026-08-28_20260827T215758538311Z,7a00d373848e778f83c80f1777575ad48a6a4c0c192fe2e6a4123b56ae26cdee
1212,2026-08-23,138.5,139.7,137.3,137.5,16282,2255756.2,,,,render_normalized,tasi_2026-08-20_2026-08-28_20260827T215758538311Z,7a00d373848e778f83c80f1777575ad48a6a4c0c192fe2e6a4123b56ae26cdee
1212,2026-08-24,137.6,140.2,137.6,139.4,30863,4308790.0,,,,render_normalized,tasi_2026-08-20_2026-08-28_20260827T215758538311Z,7a00d373848e778f83c80f1777575ad48a6a4c0c192fe2e6a4123b56ae26cdee
1212,2026-08-25,139.4,140.1,138.3,139.3,39995,5565897.7,,,,render_normalized,tasi_2026-08-20_2026-08-28_20260827T215758538311Z,7a00d373848e778f83c80f1777575ad48a6a4c0c192fe2e6a4123b56ae26cdee
1212,2026-08-26,139.8,140.6,136.6,138.7,121399,16786521.4,,,,render_normalized,tasi_2026-08-20_2026-08-28_20260827T215758538311Z,7a00d373848e778f83c80f1777575ad48a6a4c0c192fe2e6a4123b56ae26cdee
1212,2026-08-27,138.5,141.5,138.5,141.4,89429,12593127.4,,,,render_normalized,tasi_2026-08-20_2026-08-28_20260827T215758538311Z,7a00d373848e778f83c80f1777575ad48a6a4c0c192fe2e6a4123b56ae26cdee
1212,2026-08-30,141.1,141.9,138.0,138.0,24667,3445383.2,,,,render_normalized,tasi_2026-08-29_2026-08-30_20260830T153021490619Z,40f2932d214f44ed867e412ffba0369130210869179423e6eadc9f965765cdba
1212,2026-08-31,138.0,138.1,135.5,136.1,62849,8570856.5,,,,render_normalized,tasi_2026-08-31_2026-08-31_20260831T153022596960Z,374b46eb50c52f8fd4d5c98f4b7cf8e0c79e078fd621a4b30f58d5382471b4af
1213,2026-08-02,21.88,22.44,21.0,21.87,340672,7434179.94,,,,render_normalized,tasi_2026-07-31_2026-08-02_20260802T153020127593Z,2eb23ca39fcf0e44fa270e6e4d6a1341261e22b2abfbc789ec2875a29009248b
1213,2026-08-03,22.0,22.24,21.89,22.11,118052,2609035.86,,,,render_normalized,tasi_2026-08-03_2026-08-03_20260803T153021496139Z,4b0f0fa9c3b343cf96fecea13101ae13ad2a21806fd55533770061ac5bb0689d
1213,2026-08-04,22.23,22.57,22.17,22.27,135684,3032908.26,,,,render_normalized,tasi_2026-08-04_2026-08-04_20260804T153023696814Z,32de4882671eec0a9062962d0f5591f8e56969b134d0070652d21718d4563e66
1213,2026-08-05,22.26,22.36,21.92,21.94,107164,2368791.03,,,,render_normalized,tasi_2026-08-05_2026-08-05_20260805T153024437012Z,9fd93f225e2663ef72017465f1af6b5bb1e9f620c1b69c07a1f0fd54b850091a
1213,2026-08-06,21.76,21.97,21.57,21.63,112276,2437358.96,,,,render_normalized,tasi_2026-08-06_2026-08-06_20260806T153021501965Z,6ff377152d0ead67e84f33bc0daa618a818145aa8e2f551c9273431d88ac3851
1213,2026-08-09,21.79,22.39,21.6,21.78,252357,5525984.86,,,,render_normalized,tasi_2026-08-07_2026-08-09_20260809T153020287151Z,d7eb763bea83ef8684d027dfe3fb0fb7c951f2a9c34d7e37300eab6704449ed3
1213,2026-08-10,21.8,21.8,21.16,21.4,196018,4192013.01,,,,render_normalized,tasi_2026-08-10_2026-08-10_20260810T153020102570Z,84d11a25e4f1e5c1fd93cef767caa7b24135f07229eeaeab08169c657f7b53de
1213,2026-08-11,21.25,21.86,21.02,21.59,254616,5463242.27,,,,render_normalized,tasi_2026-08-11_2026-08-11_20260811T153022011718Z,2ca6395fd3fcc72ba670e2961883e5c743cbb0e78c08f0ae926df09c31320865
1213,2026-08-12,21.79,22.6,21.6,22.4,543321,12039674.23,,,,render_normalized,tasi_2026-08-12_2026-08-12_20260812T153021905708Z,8862a2d01571a3c9a9cdaef7d6c4c85e805809ad63506c8d9042aff3fa53b579
1213,2026-08-13,22.4,23.5,21.84,23.06,382045,8597879.78,,,,render_normalized,tasi_2026-08-13_2026-08-13_20260813T153020777659Z,e0b6e7e97827824585b899f3f5ae2a43f595aeae92435da9a370d3df14b68b99
1213,2026-08-16,23.47,25.36,23.28,25.36,574768,14330688.34,,,,render_normalized,tasi_2026-08-14_2026-08-16_20260816T153020395457Z,5392abdf5e4a97362d33f1f6287bf2bc003c7d4bb43d28918b8aa095af9310d7
1213,2026-08-17,26.3,26.68,24.3,25.1,1696411,43062390.28,,,,render_normalized,tasi_2026-08-17_2026-08-17_20260817T153022794323Z,56ab1200186f32f6bf2b699463f355510bc0a3da931f38c90816013f38a2eaf0
1213,2026-08-18,25.14,26.5,24.8,25.38,1170126,30245426.64,,,,render_normalized,tasi_2026-08-18_2026-08-18_20260818T153020653358Z,1cfd844fc98ba7ee716337d459294e8e314daaa0f85480a8e110399f3a6b856d
1213,2026-08-19,25.38,25.9,25.16,25.42,435351,11087466.24,,,,render_normalized,tasi_2026-08-19_2026-08-19_20260819T153022440747Z,c9f50859d8825bb8e17dc890cb696be42681eb6c5d61b3749a33257a86f3517b
1213,2026-08-20,16.14,16.29,15.7,15.76,548971,8727127.12,,,,render_normalized,tasi_2026-08-20_2026-08-28_20260827T215758538311Z,7a00d373848e778f83c80f1777575ad48a6a4c0c192fe2e6a4123b56ae26cdee
1213,2026-08-23,15.86,16.01,15.54,15.54,453186,7110432.22,,,,render_normalized,tasi_2026-08-20_2026-08-28_20260827T215758538311Z,7a00d373848e778f83c80f1777575ad48a6a4c0c192fe2e6a4123b56ae26cdee
1213,2026-08-24,15.64,16.73,15.64,16.28,1888286,30875356.84,,,,render_normalized,tasi_2026-08-20_2026-08-28_20260827T215758538311Z,7a00d373848e778f83c80f1777575ad48a6a4c0c192fe2e6a4123b56ae26cdee
1213,2026-08-25,16.54,16.75,15.82,15.86,701758,11444492.22,,,,render_normalized,tasi_2026-08-20_2026-08-28_20260827T215758538311Z,7a00d373848e778f83c80f1777575ad48a6a4c0c192fe2e6a4123b56ae26cdee
1213,2026-08-26,16.04,16.53,15.86,16.24,1449664,23506865.3,,,,render_normalized,tasi_2026-08-20_2026-08-28_20260827T215758538311Z,7a00d373848e778f83c80f1777575ad48a6a4c0c192fe2e6a4123b56ae26cdee
1213,2026-08-27,17.86,17.86,17.86,17.86,92304,1648549.44,,,,render_normalized,tasi_2026-08-20_2026-08-28_20260827T215758538311Z,7a00d373848e778f83c80f1777575ad48a6a4c0c192fe2e6a4123b56ae26cdee
1213,2026-08-30,19.58,19.64,19.0,19.64,502177,9800136.69,,,,render_normalized,tasi_2026-08-29_2026-08-30_20260830T153021490619Z,40f2932d214f44ed867e412ffba0369130210869179423e6eadc9f965765cdba
1213,2026-08-31,20.6,21.16,17.68,17.68,3682539,68443056.19,,,,render_normalized,tasi_2026-08-31_2026-08-31_20260831T153022596960Z,374b46eb50c52f8fd4d5c98f4b7cf8e0c79e078fd621a4b30f58d5382471b4af
1214,2026-08-02,12.96,13.32,12.86,13.22,1259358,16573357.78,,,,render_normalized,tasi_2026-07-31_2026-08-02_20260802T153020127593Z,2eb23ca39fcf0e44fa270e6e4d6a1341261e22b2abfbc789ec2875a29009248b
1214,2026-08-03,12.62,12.69,12.2,12.38,2325634,29021146.92,,,,render_normalized,tasi_2026-08-03_2026-08-03_20260803T153021496139Z,4b0f0fa9c3b343cf96fecea13101ae13ad2a21806fd55533770061ac5bb0689d
1214,2026-08-04,12.38,13.2,12.29,13.0,4948362,63464037.24,,,,render_normalized,tasi_2026-08-04_2026-08-04_20260804T153023696814Z,32de4882671eec0a9062962d0f5591f8e56969b134d0070652d21718d4563e66
1214,2026-08-05,13.0,13.22,12.9,13.05,2940556,38350395.09,,,,render_normalized,tasi_2026-08-05_2026-08-05_20260805T153024437012Z,9fd93f225e2663ef72017465f1af6b5bb1e9f620c1b69c07a1f0fd54b850091a
1214,2026-08-06,13.05,13.05,12.6,12.61,2184083,27883592.28,,,,render_normalized,tasi_2026-08-06_2026-08-06_20260806T153021501965Z,6ff377152d0ead67e84f33bc0daa618a818145aa8e2f551c9273431d88ac3851
1214,2026-08-09,12.61,12.66,12.25,12.34,713902,8825450.76,,,,render_normalized,tasi_2026-08-07_2026-08-09_20260809T153020287151Z,d7eb763bea83ef8684d027dfe3fb0fb7c951f2a9c34d7e37300eab6704449ed3
1214,2026-08-10,12.3,12.3,11.89,12.08,1689635,20335171.07,,,,render_normalized,tasi_2026-08-10_2026-08-10_20260810T153020102570Z,84d11a25e4f1e5c1fd93cef767caa7b24135f07229eeaeab08169c657f7b53de
1214,2026-08-11,12.07,12.16,11.89,12.0,1332534,16020968.92,,,,render_normalized,tasi_2026-08-11_2026-08-11_20260811T153022011718Z,2ca6395fd3fcc72ba670e2961883e5c743cbb0e78c08f0ae926df09c31320865
1214,2026-08-12,12.0,12.06,11.74,11.78,1607927,19054662.77,,,,render_normalized,tasi_2026-08-12_2026-08-12_20260812T153021905708Z,8862a2d01571a3c9a9cdaef7d6c4c85e805809ad63506c8d9042aff3fa53b579
1214,2026-08-13,11.75,11.8,11.45,11.53,2047864,23660841.41,,,,render_normalized,tasi_2026-08-13_2026-08-13_20260813T153020777659Z,e0b6e7e97827824585b899f3f5ae2a43f595aeae92435da9a370d3df14b68b99
1214,2026-08-16,11.61,11.68,11.41,11.45,1556343,17936764.84,,,,render_normalized,tasi_2026-08-14_2026-08-16_20260816T153020395457Z,5392abdf5e4a97362d33f1f6287bf2bc003c7d4bb43d28918b8aa095af9310d7
1214,2026-08-17,11.44,11.5,11.28,11.3,1550437,17616980.17,,,,render_normalized,tasi_2026-08-17_2026-08-17_20260817T153022794323Z,56ab1200186f32f6bf2b699463f355510bc0a3da931f38c90816013f38a2eaf0
1214,2026-08-18,11.31,11.47,11.23,11.37,2904607,32889474.57,,,,render_normalized,tasi_2026-08-18_2026-08-18_20260818T153020653358Z,1cfd844fc98ba7ee716337d459294e8e314daaa0f85480a8e110399f3a6b856d
1214,2026-08-19,11.37,11.5,11.28,11.42,3566832,40665402.35,,,,render_normalized,tasi_2026-08-19_2026-08-19_20260819T153022440747Z,c9f50859d8825bb8e17dc890cb696be42681eb6c5d61b3749a33257a86f3517b
1214,2026-08-20,11.58,12.21,11.56,12.05,8531512,102236577.06,,,,render_normalized,tasi_2026-08-20_2026-08-28_20260827T215758538311Z,7a00d373848e778f83c80f1777575ad48a6a4c0c192fe2e6a4123b56ae26cdee
1214,2026-08-23,12.22,12.43,12.04,12.17,3004290,36635246.44,,,,render_normalized,tasi_2026-08-20_2026-08-28_20260827T215758538311Z,7a00d373848e778f83c80f1777575ad48a6a4c0c192fe2e6a4123b56ae26cdee
1214,2026-08-24,12.19,12.25,12.07,12.08,1518296,18434882.3,,,,render_normalized,tasi_2026-08-20_2026-08-28_20260827T215758538311Z,7a00d373848e778f83c80f1777575ad48a6a4c0c192fe2e6a4123b56ae26cdee
1214,2026-08-25,12.07,12.12,11.92,11.96,1748876,20994862.0,,,,render_normalized,tasi_2026-08-20_2026-08-28_20260827T215758538311Z,7a00d373848e778f83c80f1777575ad48a6a4c0c192fe2e6a4123b56ae26cdee
1214,2026-08-26,11.98,12.05,11.88,11.98,2022827,24203719.42,,,,render_normalized,tasi_2026-08-20_2026-08-28_20260827T215758538311Z,7a00d373848e778f83c80f1777575ad48a6a4c0c192fe2e6a4123b56ae26cdee
1214,2026-08-27,12.02,12.23,11.98,12.15,1994804,24097821.24,,,,render_normalized,tasi_2026-08-20_2026-08-28_20260827T215758538311Z,7a00d373848e778f83c80f1777575ad48a6a4c0c192fe2e6a4123b56ae26cdee
1214,2026-08-30,12.24,12.4,12.15,12.21,2193946,26918909.13,,,,render_normalized,tasi_2026-08-29_2026-08-30_20260830T153021490619Z,40f2932d214f44ed867e412ffba0369130210869179423e6eadc9f965765cdba
1214,2026-08-31,12.17,12.28,12.08,12.12,1527347,18576862.16,,,,render_normalized,tasi_2026-08-31_2026-08-31_20260831T153022596960Z,374b46eb50c52f8fd4d5c98f4b7cf8e0c79e078fd621a4b30f58d5382471b4af
1301,2026-08-02,16.04,16.24,15.92,16.22,69138,1113927.81,,,,render_normalized,tasi_2026-07-31_2026-08-02_20260802T153020127593Z,2eb23ca39fcf0e44fa270e6e4d6a1341261e22b2abfbc789ec2875a29009248b
1301,2026-08-03,16.22,16.35,16.01,16.29,46701,756750.38,,,,render_normalized,tasi_2026-08-03_2026-08-03_20260803T153021496139Z,4b0f0fa9c3b343cf96fecea13101ae13ad2a21806fd55533770061ac5bb0689d
1301,2026-08-04,17.9,17.91,17.3,17.91,292757,5219153.89,,,,render_normalized,tasi_2026-08-04_2026-08-04_20260804T153023696814Z,32de4882671eec0a9062962d0f5591f8e56969b134d0070652d21718d4563e66
1301,2026-08-05,18.52,19.47,18.52,18.84,1104292,21038420.4,,,,render_normalized,tasi_2026-08-05_2026-08-05_20260805T153024437012Z,9fd93f225e2663ef72017465f1af6b5bb1e9f620c1b69c07a1f0fd54b850091a
1301,2026-08-06,18.49,18.49,18.04,18.23,296950,5419441.11,,,,render_normalized,tasi_2026-08-06_2026-08-06_20260806T153021501965Z,6ff377152d0ead67e84f33bc0daa618a818145aa8e2f551c9273431d88ac3851
1301,2026-08-09,18.28,18.28,17.98,18.07,62383,1128172.44,,,,render_normalized,tasi_2026-08-07_2026-08-09_20260809T153020287151Z,d7eb763bea83ef8684d027dfe3fb0fb7c951f2a9c34d7e37300eab6704449ed3
1301,2026-08-10,18.1,18.25,17.9,17.9,76523,1381202.93,,,,render_normalized,tasi_2026-08-10_2026-08-10_20260810T153020102570Z,84d11a25e4f1e5c1fd93cef767caa7b24135f07229eeaeab08169c657f7b53de
1301,2026-08-11,17.88,18.17,17.86,18.03,232226,4168327.72,,,,render_normalized,tasi_2026-08-11_2026-08-11_20260811T153022011718Z,2ca6395fd3fcc72ba670e2961883e5c743cbb0e78c08f0ae926df09c31320865
1301,2026-08-12,18.29,18.33,17.6,17.72,91889,1641201.85,,,,render_normalized,tasi_2026-08-12_2026-08-12_20260812T153021905708Z,8862a2d01571a3c9a9cdaef7d6c4c85e805809ad63506c8d9042aff3fa53b579
1301,2026-08-13,17.72,17.85,17.5,17.66,56490,997028.22,,,,render_normalized,tasi_2026-08-13_2026-08-13_20260813T153020777659Z,e0b6e7e97827824585b899f3f5ae2a43f595aeae92435da9a370d3df14b68b99
1301,2026-08-16,17.76,18.2,17.64,17.64,91524,1632080.58,,,,render_normalized,tasi_2026-08-14_2026-08-16_20260816T153020395457Z,5392abdf5e4a97362d33f1f6287bf2bc003c7d4bb43d28918b8aa095af9310d7
1301,2026-08-17,18.0,18.0,17.56,17.72,52293,925878.88,,,,render_normalized,tasi_2026-08-17_2026-08-17_20260817T153022794323Z,56ab1200186f32f6bf2b699463f355510bc0a3da931f38c90816013f38a2eaf0
1301,2026-08-18,18.02,18.39,18.02,18.04,383275,6950782.87,,,,render_normalized,tasi_2026-08-18_2026-08-18_20260818T153020653358Z,1cfd844fc98ba7ee716337d459294e8e314daaa0f85480a8e110399f3a6b856d
1301,2026-08-19,18.04,18.22,18.02,18.06,93641,1692170.86,,,,render_normalized,tasi_2026-08-19_2026-08-19_20260819T153022440747Z,c9f50859d8825bb8e17dc890cb696be42681eb6c5d61b3749a33257a86f3517b
1301,2026-08-20,18.12,18.43,18.12,18.34,136113,2490450.12,,,,render_normalized,tasi_2026-08-20_2026-08-28_20260827T215758538311Z,7a00d373848e778f83c80f1777575ad48a6a4c0c192fe2e6a4123b56ae26cdee
1301,2026-08-23,18.42,18.5,18.42,18.42,76515,1412152.1,,,,render_normalized,tasi_2026-08-20_2026-08-28_20260827T215758538311Z,7a00d373848e778f83c80f1777575ad48a6a4c0c192fe2e6a4123b56ae26cdee
1301,2026-08-24,18.46,18.92,18.46,18.9,211449,3958905.42,,,,render_normalized,tasi_2026-08-20_2026-08-28_20260827T215758538311Z,7a00d373848e778f83c80f1777575ad48a6a4c0c192fe2e6a4123b56ae26cdee
1301,2026-08-25,19.04,19.5,19.02,19.32,551163,10648600.88,,,,render_normalized,tasi_2026-08-20_2026-08-28_20260827T215758538311Z,7a00d373848e778f83c80f1777575ad48a6a4c0c192fe2e6a4123b56ae26cdee
1301,2026-08-26,19.5,19.5,18.91,19.04,163818,3140443.51,,,,render_normalized,tasi_2026-08-20_2026-08-28_20260827T215758538311Z,7a00d373848e778f83c80f1777575ad48a6a4c0c192fe2e6a4123b56ae26cdee
1301,2026-08-27,19.03,19.12,18.91,18.92,54884,1043339.19,,,,render_normalized,tasi_2026-08-20_2026-08-28_20260827T215758538311Z,7a00d373848e778f83c80f1777575ad48a6a4c0c192fe2e6a4123b56ae26cdee
1301,2026-08-30,18.73,18.94,18.66,18.77,49855,935018.55,,,,render_normalized,tasi_2026-08-29_2026-08-30_20260830T153021490619Z,40f2932d214f44ed867e412ffba0369130210869179423e6eadc9f965765cdba
1301,2026-08-31,18.7,18.85,18.6,18.62,42995,803453.78,,,,render_normalized,tasi_2026-08-31_2026-08-31_20260831T153022596960Z,374b46eb50c52f8fd4d5c98f4b7cf8e0c79e078fd621a4b30f58d5382471b4af
1302,2026-08-02,34.1,35.48,34.1,35.24,181558,6342806.78,,,,render_normalized,tasi_2026-07-31_2026-08-02_20260802T153020127593Z,2eb23ca39fcf0e44fa270e6e4d6a1341261e22b2abfbc789ec2875a29009248b
1302,2026-08-03,35.36,35.7,35.04,35.58,208121,7357362.58,,,,render_normalized,tasi_2026-08-03_2026-08-03_20260803T153021496139Z,4b0f0fa9c3b343cf96fecea13101ae13ad2a21806fd55533770061ac5bb0689d
1302,2026-08-04,35.58,36.28,35.42,36.14,262639,9415862.12,,,,render_normalized,tasi_2026-08-04_2026-08-04_20260804T153023696814Z,32de4882671eec0a9062962d0f5591f8e56969b134d0070652d21718d4563e66
1302,2026-08-05,36.22,36.4,35.48,35.66,214264,7681911.96,,,,render_normalized,tasi_2026-08-05_2026-08-05_20260805T153024437012Z,9fd93f225e2663ef72017465f1af6b5bb1e9f620c1b69c07a1f0fd54b850091a
1302,2026-08-06,35.76,35.76,35.14,35.3,120790,4271062.12,,,,render_normalized,tasi_2026-08-06_2026-08-06_20260806T153021501965Z,6ff377152d0ead67e84f33bc0daa618a818145aa8e2f551c9273431d88ac3851
1302,2026-08-09,35.52,35.52,34.0,34.2,146817,5105874.32,,,,render_normalized,tasi_2026-08-07_2026-08-09_20260809T153020287151Z,d7eb763bea83ef8684d027dfe3fb0fb7c951f2a9c34d7e37300eab6704449ed3
1302,2026-08-10,34.1,34.42,33.56,34.0,540185,18352988.94,,,,render_normalized,tasi_2026-08-10_2026-08-10_20260810T153020102570Z,84d11a25e4f1e5c1fd93cef767caa7b24135f07229eeaeab08169c657f7b53de
1302,2026-08-11,33.92,34.02,33.18,33.24,494306,16553185.28,,,,render_normalized,tasi_2026-08-11_2026-08-11_20260811T153022011718Z,2ca6395fd3fcc72ba670e2961883e5c743cbb0e78c08f0ae926df09c31320865
1302,2026-08-12,33.12,33.66,32.98,33.66,724020,24092438.9,,,,render_normalized,tasi_2026-08-12_2026-08-12_20260812T153021905708Z,8862a2d01571a3c9a9cdaef7d6c4c85e805809ad63506c8d9042aff3fa53b579
1302,2026-08-13,33.84,33.84,33.08,33.54,249627,8325463.62,,,,render_normalized,tasi_2026-08-13_2026-08-13_20260813T153020777659Z,e0b6e7e97827824585b899f3f5ae2a43f595aeae92435da9a370d3df14b68b99
1302,2026-08-16,33.9,34.5,33.84,34.5,123222,4203517.54,,,,render_normalized,tasi_2026-08-14_2026-08-16_20260816T153020395457Z,5392abdf5e4a97362d33f1f6287bf2bc003c7d4bb43d28918b8aa095af9310d7
1302,2026-08-17,34.5,34.94,33.94,34.82,382613,13231323.96,,,,render_normalized,tasi_2026-08-17_2026-08-17_20260817T153022794323Z,56ab1200186f32f6bf2b699463f355510bc0a3da931f38c90816013f38a2eaf0
1302,2026-08-18,35.0,35.0,34.26,34.34,254299,8770908.28,,,,render_normalized,tasi_2026-08-18_2026-08-18_20260818T153020653358Z,1cfd844fc98ba7ee716337d459294e8e314daaa0f85480a8e110399f3a6b856d
1302,2026-08-19,34.34,34.5,34.1,34.22,105610,3616523.8,,,,render_normalized,tasi_2026-08-19_2026-08-19_20260819T153022440747Z,c9f50859d8825bb8e17dc890cb696be42681eb6c5d61b3749a33257a86f3517b
1302,2026-08-20,34.22,35.2,34.12,34.76,319126,11079439.42,,,,render_normalized,tasi_2026-08-20_2026-08-28_20260827T215758538311Z,7a00d373848e778f83c80f1777575ad48a6a4c0c192fe2e6a4123b56ae26cdee
1302,2026-08-23,34.88,35.86,34.84,35.86,297911,10584415.64,,,,render_normalized,tasi_2026-08-20_2026-08-28_20260827T215758538311Z,7a00d373848e778f83c80f1777575ad48a6a4c0c192fe2e6a4123b56ae26cdee
1302,2026-08-24,35.88,36.2,35.42,35.42,287825,10300488.34,,,,render_normalized,tasi_2026-08-20_2026-08-28_20260827T215758538311Z,7a00d373848e778f83c80f1777575ad48a6a4c0c192fe2e6a4123b56ae26cdee
1302,2026-08-25,36.0,36.0,34.98,35.14,345484,12218625.42,,,,render_normalized,tasi_2026-08-20_2026-08-28_20260827T215758538311Z,7a00d373848e778f83c80f1777575ad48a6a4c0c192fe2e6a4123b56ae26cdee
1302,2026-08-26,35.14,35.8,35.14,35.6,238625,8474845.12,,,,render_normalized,tasi_2026-08-20_2026-08-28_20260827T215758538311Z,7a00d373848e778f83c80f1777575ad48a6a4c0c192fe2e6a4123b56ae26cdee
1302,2026-08-27,35.66,35.94,35.5,35.94,156785,5595128.92,,,,render_normalized,tasi_2026-08-20_2026-08-28_20260827T215758538311Z,7a00d373848e778f83c80f1777575ad48a6a4c0c192fe2e6a4123b56ae26cdee
1302,2026-08-30,36.0,38.12,36.0,38.04,1170941,43735087.24,,,,render_normalized,tasi_2026-08-29_2026-08-30_20260830T153021490619Z,40f2932d214f44ed867e412ffba0369130210869179423e6eadc9f965765cdba
1302,2026-08-31,38.2,39.16,37.76,37.76,1129608,43351115.62,,,,render_normalized,tasi_2026-08-31_2026-08-31_20260831T153022596960Z,374b46eb50c52f8fd4d5c98f4b7cf8e0c79e078fd621a4b30f58d5382471b4af
1303,2026-08-02,14.14,14.64,14.0,14.54,1581704,22868755.96,,,,render_normalized,tasi_2026-07-31_2026-08-02_20260802T153020127593Z,2eb23ca39fcf0e44fa270e6e4d6a1341261e22b2abfbc789ec2875a29009248b
1303,2026-08-03,14.62,14.83,14.38,14.83,4114015,60096738.18,,,,render_normalized,tasi_2026-08-03_2026-08-03_20260803T153021496139Z,4b0f0fa9c3b343cf96fecea13101ae13ad2a21806fd55533770061ac5bb0689d
1303,2026-08-04,14.83,15.15,14.8,14.92,2988402,44773226.08,,,,render_normalized,tasi_2026-08-04_2026-08-04_20260804T153023696814Z,32de4882671eec0a9062962d0f5591f8e56969b134d0070652d21718d4563e66
1303,2026-08-05,14.88,15.0,14.8,14.98,1734466,25884234.81,,,,render_normalized,tasi_2026-08-05_2026-08-05_20260805T153024437012Z,9fd93f225e2663ef72017465f1af6b5bb1e9f620c1b69c07a1f0fd54b850091a
1303,2026-08-06,14.98,14.98,14.63,14.9,2464773,36496357.07,,,,render_normalized,tasi_2026-08-06_2026-08-06_20260806T153021501965Z,6ff377152d0ead67e84f33bc0daa618a818145aa8e2f551c9273431d88ac3851
1303,2026-08-09,14.9,15.19,14.8,14.92,2276348,34144584.01,,,,render_normalized,tasi_2026-08-07_2026-08-09_20260809T153020287151Z,d7eb763bea83ef8684d027dfe3fb0fb7c951f2a9c34d7e37300eab6704449ed3
1303,2026-08-10,14.98,15.28,14.84,15.28,4171387,62807047.17,,,,render_normalized,tasi_2026-08-10_2026-08-10_20260810T153020102570Z,84d11a25e4f1e5c1fd93cef767caa7b24135f07229eeaeab08169c657f7b53de
1303,2026-08-11,15.34,15.7,15.3,15.5,4182579,64705308.0,,,,render_normalized,tasi_2026-08-11_2026-08-11_20260811T153022011718Z,2ca6395fd3fcc72ba670e2961883e5c743cbb0e78c08f0ae926df09c31320865
1303,2026-08-12,15.5,16.0,15.38,15.6,7244597,113921628.71,,,,render_normalized,tasi_2026-08-12_2026-08-12_20260812T153021905708Z,8862a2d01571a3c9a9cdaef7d6c4c85e805809ad63506c8d9042aff3fa53b579
1303,2026-08-13,15.66,15.8,15.35,15.45,1975664,30750990.93,,,,render_normalized,tasi_2026-08-13_2026-08-13_20260813T153020777659Z,e0b6e7e97827824585b899f3f5ae2a43f595aeae92435da9a370d3df14b68b99
1303,2026-08-16,15.68,15.69,15.0,15.01,2882985,43901957.03,,,,render_normalized,tasi_2026-08-14_2026-08-16_20260816T153020395457Z,5392abdf5e4a97362d33f1f6287bf2bc003c7d4bb43d28918b8aa095af9310d7
1303,2026-08-17,15.01,15.55,14.99,15.3,3293592,50453769.88,,,,render_normalized,tasi_2026-08-17_2026-08-17_20260817T153022794323Z,56ab1200186f32f6bf2b699463f355510bc0a3da931f38c90816013f38a2eaf0
1303,2026-08-18,15.31,15.37,15.06,15.19,2972554,45080205.89,,,,render_normalized,tasi_2026-08-18_2026-08-18_20260818T153020653358Z,1cfd844fc98ba7ee716337d459294e8e314daaa0f85480a8e110399f3a6b856d
1303,2026-08-19,15.1,15.23,14.98,15.06,1878765,28308124.4,,,,render_normalized,tasi_2026-08-19_2026-08-19_20260819T153022440747Z,c9f50859d8825bb8e17dc890cb696be42681eb6c5d61b3749a33257a86f3517b
1303,2026-08-20,15.0,15.2,14.94,15.06,2721671,41062877.24,,,,render_normalized,tasi_2026-08-20_2026-08-28_20260827T215758538311Z,7a00d373848e778f83c80f1777575ad48a6a4c0c192fe2e6a4123b56ae26cdee
1303,2026-08-23,15.06,15.24,15.04,15.13,1676374,25362557.32,,,,render_normalized,tasi_2026-08-20_2026-08-28_20260827T215758538311Z,7a00d373848e778f83c80f1777575ad48a6a4c0c192fe2e6a4123b56ae26cdee
1303,2026-08-24,15.12,15.32,15.03,15.13,3849686,58431139.01,,,,render_normalized,tasi_2026-08-20_2026-08-28_20260827T215758538311Z,7a00d373848e778f83c80f1777575ad48a6a4c0c192fe2e6a4123b56ae26cdee
1303,2026-08-25,15.11,15.64,15.07,15.38,4339686,66954749.38,,,,render_normalized,tasi_2026-08-20_2026-08-28_20260827T215758538311Z,7a00d373848e778f83c80f1777575ad48a6a4c0c192fe2e6a4123b56ae26cdee
1303,2026-08-26,15.4,15.7,15.18,15.48,2833485,43926243.34,,,,render_normalized,tasi_2026-08-20_2026-08-28_20260827T215758538311Z,7a00d373848e778f83c80f1777575ad48a6a4c0c192fe2e6a4123b56ae26cdee
1303,2026-08-27,15.5,15.56,15.43,15.48,911109,14107345.44,,,,render_normalized,tasi_2026-08-20_2026-08-28_20260827T215758538311Z,7a00d373848e778f83c80f1777575ad48a6a4c0c192fe2e6a4123b56ae26cdee
1303,2026-08-30,15.47,15.69,15.45,15.61,1496896,23348431.44,,,,render_normalized,tasi_2026-08-29_2026-08-30_20260830T153021490619Z,40f2932d214f44ed867e412ffba0369130210869179423e6eadc9f965765cdba
1303,2026-08-31,15.61,15.61,15.34,15.55,2472472,38356515.41,,,,render_normalized,tasi_2026-08-31_2026-08-31_20260831T153022596960Z,374b46eb50c52f8fd4d5c98f4b7cf8e0c79e078fd621a4b30f58d5382471b4af
1304,2026-08-02,34.9,36.44,34.5,36.4,233580,8345917.52,,,,render_normalized,tasi_2026-07-31_2026-08-02_20260802T153020127593Z,2eb23ca39fcf0e44fa270e6e4d6a1341261e22b2abfbc789ec2875a29009248b
1304,2026-08-03,36.42,37.6,35.86,37.3,383966,14145032.54,,,,render_normalized,tasi_2026-08-03_2026-08-03_20260803T153021496139Z,4b0f0fa9c3b343cf96fecea13101ae13ad2a21806fd55533770061ac5bb0689d
1304,2026-08-04,37.3,39.1,37.16,38.9,510257,19478529.44,,,,render_normalized,tasi_2026-08-04_2026-08-04_20260804T153023696814Z,32de4882671eec0a9062962d0f5591f8e56969b134d0070652d21718d4563e66
1304,2026-08-05,38.98,39.56,38.54,39.2,397727,15568140.36,,,,render_normalized,tasi_2026-08-05_2026-08-05_20260805T153024437012Z,9fd93f225e2663ef72017465f1af6b5bb1e9f620c1b69c07a1f0fd54b850091a
1304,2026-08-06,39.56,40.1,39.22,39.6,289023,11451005.98,,,,render_normalized,tasi_2026-08-06_2026-08-06_20260806T153021501965Z,6ff377152d0ead67e84f33bc0daa618a818145aa8e2f551c9273431d88ac3851
1304,2026-08-09,40.5,41.3,38.76,38.94,901301,35782385.3,,,,render_normalized,tasi_2026-08-07_2026-08-09_20260809T153020287151Z,d7eb763bea83ef8684d027dfe3fb0fb7c951f2a9c34d7e37300eab6704449ed3
1304,2026-08-10,38.96,39.06,37.84,38.08,315537,12076029.4,,,,render_normalized,tasi_2026-08-10_2026-08-10_20260810T153020102570Z,84d11a25e4f1e5c1fd93cef767caa7b24135f07229eeaeab08169c657f7b53de
1304,2026-08-11,38.0,38.48,37.98,37.98,164052,6257315.48,,,,render_normalized,tasi_2026-08-11_2026-08-11_20260811T153022011718Z,2ca6395fd3fcc72ba670e2961883e5c743cbb0e78c08f0ae926df09c31320865
1304,2026-08-12,38.0,38.36,37.7,37.9,120444,4571421.6,,,,render_normalized,tasi_2026-08-12_2026-08-12_20260812T153021905708Z,8862a2d01571a3c9a9cdaef7d6c4c85e805809ad63506c8d9042aff3fa53b579
1304,2026-08-13,37.9,38.2,37.34,37.34,183860,6955186.86,,,,render_normalized,tasi_2026-08-13_2026-08-13_20260813T153020777659Z,e0b6e7e97827824585b899f3f5ae2a43f595aeae92435da9a370d3df14b68b99
1304,2026-08-16,38.0,38.72,37.74,37.82,244583,9345759.12,,,,render_normalized,tasi_2026-08-14_2026-08-16_20260816T153020395457Z,5392abdf5e4a97362d33f1f6287bf2bc003c7d4bb43d28918b8aa095af9310d7
1304,2026-08-17,37.82,38.1,37.52,37.66,101988,3855974.32,,,,render_normalized,tasi_2026-08-17_2026-08-17_20260817T153022794323Z,56ab1200186f32f6bf2b699463f355510bc0a3da931f38c90816013f38a2eaf0
1304,2026-08-18,37.8,37.8,37.14,37.3,201737,7539109.06,,,,render_normalized,tasi_2026-08-18_2026-08-18_20260818T153020653358Z,1cfd844fc98ba7ee716337d459294e8e314daaa0f85480a8e110399f3a6b856d
1304,2026-08-19,37.3,37.66,37.14,37.58,102484,3829168.0,,,,render_normalized,tasi_2026-08-19_2026-08-19_20260819T153022440747Z,c9f50859d8825bb8e17dc890cb696be42681eb6c5d61b3749a33257a86f3517b
1304,2026-08-20,37.44,37.86,37.36,37.6,140146,5270828.1,,,,render_normalized,tasi_2026-08-20_2026-08-28_20260827T215758538311Z,7a00d373848e778f83c80f1777575ad48a6a4c0c192fe2e6a4123b56ae26cdee
1304,2026-08-23,37.62,38.6,37.62,38.52,229752,8790455.24,,,,render_normalized,tasi_2026-08-20_2026-08-28_20260827T215758538311Z,7a00d373848e778f83c80f1777575ad48a6a4c0c192fe2e6a4123b56ae26cdee
1304,2026-08-24,38.76,39.3,38.3,38.36,318393,12341424.06,,,,render_normalized,tasi_2026-08-20_2026-08-28_20260827T215758538311Z,7a00d373848e778f83c80f1777575ad48a6a4c0c192fe2e6a4123b56ae26cdee
1304,2026-08-25,38.36,38.6,37.32,37.36,487833,18363381.28,,,,render_normalized,tasi_2026-08-20_2026-08-28_20260827T215758538311Z,7a00d373848e778f83c80f1777575ad48a6a4c0c192fe2e6a4123b56ae26cdee
1304,2026-08-26,37.4,37.98,37.14,37.7,318610,11989551.88,,,,render_normalized,tasi_2026-08-20_2026-08-28_20260827T215758538311Z,7a00d373848e778f83c80f1777575ad48a6a4c0c192fe2e6a4123b56ae26cdee
1304,2026-08-27,37.82,38.08,37.58,37.82,245171,9270040.42,,,,render_normalized,tasi_2026-08-20_2026-08-28_20260827T215758538311Z,7a00d373848e778f83c80f1777575ad48a6a4c0c192fe2e6a4123b56ae26cdee
1304,2026-08-30,37.76,38.46,37.52,37.9,276988,10567091.08,,,,render_normalized,tasi_2026-08-29_2026-08-30_20260830T153021490619Z,40f2932d214f44ed867e412ffba0369130210869179423e6eadc9f965765cdba
1304,2026-08-31,37.9,38.34,37.86,37.96,215334,8200640.04,,,,render_normalized,tasi_2026-08-31_2026-08-31_20260831T153022596960Z,374b46eb50c52f8fd4d5c98f4b7cf8e0c79e078fd621a4b30f58d5382471b4af
1320,2026-08-02,46.94,47.5,46.0,47.38,73782,3483256.38,,,,render_normalized,tasi_2026-07-31_2026-08-02_20260802T153020127593Z,2eb23ca39fcf0e44fa270e6e4d6a1341261e22b2abfbc789ec2875a29009248b
1320,2026-08-03,47.38,47.66,46.76,46.98,159212,7500897.52,,,,render_normalized,tasi_2026-08-03_2026-08-03_20260803T153021496139Z,4b0f0fa9c3b343cf96fecea13101ae13ad2a21806fd55533770061ac5bb0689d
1320,2026-08-04,47.0,48.9,47.0,48.72,273061,13112421.02,,,,render_normalized,tasi_2026-08-04_2026-08-04_20260804T153023696814Z,32de4882671eec0a9062962d0f5591f8e56969b134d0070652d21718d4563e66
1320,2026-08-05,48.98,49.36,48.28,49.0,245365,12004281.26,,,,render_normalized,tasi_2026-08-05_2026-08-05_20260805T153024437012Z,9fd93f225e2663ef72017465f1af6b5bb1e9f620c1b69c07a1f0fd54b850091a
1320,2026-08-06,47.0,47.78,46.04,47.6,353258,16543854.2,,,,render_normalized,tasi_2026-08-06_2026-08-06_20260806T153021501965Z,6ff377152d0ead67e84f33bc0daa618a818145aa8e2f551c9273431d88ac3851
1320,2026-08-09,47.6,47.6,46.2,46.5,109744,5145124.7,,,,render_normalized,tasi_2026-08-07_2026-08-09_20260809T153020287151Z,d7eb763bea83ef8684d027dfe3fb0fb7c951f2a9c34d7e37300eab6704449ed3
1320,2026-08-10,46.5,47.5,46.18,47.26,115408,5428652.02,,,,render_normalized,tasi_2026-08-10_2026-08-10_20260810T153020102570Z,84d11a25e4f1e5c1fd93cef767caa7b24135f07229eeaeab08169c657f7b53de
1320,2026-08-11,47.26,48.0,46.94,47.4,179589,8505383.36,,,,render_normalized,tasi_2026-08-11_2026-08-11_20260811T153022011718Z,2ca6395fd3fcc72ba670e2961883e5c743cbb0e78c08f0ae926df09c31320865
1320,2026-08-12,47.3,47.72,46.82,46.92,92753,4372065.22,,,,render_normalized,tasi_2026-08-12_2026-08-12_20260812T153021905708Z,8862a2d01571a3c9a9cdaef7d6c4c85e805809ad63506c8d9042aff3fa53b579
1320,2026-08-13,47.0,47.0,45.02,45.8,161373,7433427.66,,,,render_normalized,tasi_2026-08-13_2026-08-13_20260813T153020777659Z,e0b6e7e97827824585b899f3f5ae2a43f595aeae92435da9a370d3df14b68b99
1320,2026-08-16,46.0,47.1,46.0,46.18,75839,3533086.02,,,,render_normalized,tasi_2026-08-14_2026-08-16_20260816T153020395457Z,5392abdf5e4a97362d33f1f6287bf2bc003c7d4bb43d28918b8aa095af9310d7
1320,2026-08-17,46.2,46.42,45.56,45.6,119375,5487755.92,,,,render_normalized,tasi_2026-08-17_2026-08-17_20260817T153022794323Z,56ab1200186f32f6bf2b699463f355510bc0a3da931f38c90816013f38a2eaf0
1320,2026-08-18,45.6,46.6,45.4,46.4,117554,5441077.44,,,,render_normalized,tasi_2026-08-18_2026-08-18_20260818T153020653358Z,1cfd844fc98ba7ee716337d459294e8e314daaa0f85480a8e110399f3a6b856d
1320,2026-08-19,46.8,47.64,46.4,47.6,211591,9976044.18,,,,render_normalized,tasi_2026-08-19_2026-08-19_20260819T153022440747Z,c9f50859d8825bb8e17dc890cb696be42681eb6c5d61b3749a33257a86f3517b
1320,2026-08-20,47.6,47.96,47.24,47.3,145139,6905640.6,,,,render_normalized,tasi_2026-08-20_2026-08-28_20260827T215758538311Z,7a00d373848e778f83c80f1777575ad48a6a4c0c192fe2e6a4123b56ae26cdee
1320,2026-08-23,47.06,48.0,47.0,47.2,128251,6089815.54,,,,render_normalized,tasi_2026-08-20_2026-08-28_20260827T215758538311Z,7a00d373848e778f83c80f1777575ad48a6a4c0c192fe2e6a4123b56ae26cdee
1320,2026-08-24,47.34,48.58,47.26,47.4,218014,10447666.3,,,,render_normalized,tasi_2026-08-20_2026-08-28_20260827T215758538311Z,7a00d373848e778f83c80f1777575ad48a6a4c0c192fe2e6a4123b56ae26cdee
1320,2026-08-25,47.98,50.0,47.82,49.04,498930,24423121.8,,,,render_normalized,tasi_2026-08-20_2026-08-28_20260827T215758538311Z,7a00d373848e778f83c80f1777575ad48a6a4c0c192fe2e6a4123b56ae26cdee
1320,2026-08-26,49.3,52.25,49.06,51.7,762053,38964134.66,,,,render_normalized,tasi_2026-08-20_2026-08-28_20260827T215758538311Z,7a00d373848e778f83c80f1777575ad48a6a4c0c192fe2e6a4123b56ae26cdee
1320,2026-08-27,51.8,52.7,51.55,52.35,313426,16335526.75,,,,render_normalized,tasi_2026-08-20_2026-08-28_20260827T215758538311Z,7a00d373848e778f83c80f1777575ad48a6a4c0c192fe2e6a4123b56ae26cdee
1320,2026-08-30,52.5,52.5,50.95,51.4,167665,8639919.25,,,,render_normalized,tasi_2026-08-29_2026-08-30_20260830T153021490619Z,40f2932d214f44ed867e412ffba0369130210869179423e6eadc9f965765cdba
1320,2026-08-31,51.3,53.8,51.25,53.7,528390,28042081.95,,,,render_normalized,tasi_2026-08-31_2026-08-31_20260831T153022596960Z,374b46eb50c52f8fd4d5c98f4b7cf8e0c79e078fd621a4b30f58d5382471b4af
1321,2026-08-02,184.0,186.2,182.0,185.2,60911,11234646.2,,,,render_normalized,tasi_2026-07-31_2026-08-02_20260802T153020127593Z,2eb23ca39fcf0e44fa270e6e4d6a1341261e22b2abfbc789ec2875a29009248b
1321,2026-08-03,184.0,185.7,181.1,184.0,147068,27024678.9,,,,render_normalized,tasi_2026-08-03_2026-08-03_20260803T153021496139Z,4b0f0fa9c3b343cf96fecea13101ae13ad2a21806fd55533770061ac5bb0689d
1321,2026-08-04,184.9,189.2,184.6,186.5,295800,55205423.3,,,,render_normalized,tasi_2026-08-04_2026-08-04_20260804T153023696814Z,32de4882671eec0a9062962d0f5591f8e56969b134d0070652d21718d4563e66
1321,2026-08-05,186.6,192.1,186.6,189.0,298365,56563636.5,,,,render_normalized,tasi_2026-08-05_2026-08-05_20260805T153024437012Z,9fd93f225e2663ef72017465f1af6b5bb1e9f620c1b69c07a1f0fd54b850091a
1321,2026-08-06,189.7,195.0,183.2,191.3,516826,97654596.0,,,,render_normalized,tasi_2026-08-06_2026-08-06_20260806T153021501965Z,6ff377152d0ead67e84f33bc0daa618a818145aa8e2f551c9273431d88ac3851
1321,2026-08-09,193.9,195.0,191.0,192.0,82425,15929673.4,,,,render_normalized,tasi_2026-08-07_2026-08-09_20260809T153020287151Z,d7eb763bea83ef8684d027dfe3fb0fb7c951f2a9c34d7e37300eab6704449ed3
1321,2026-08-10,192.0,196.5,191.3,194.8,183670,35808544.7,,,,render_normalized,tasi_2026-08-10_2026-08-10_20260810T153020102570Z,84d11a25e4f1e5c1fd93cef767caa7b24135f07229eeaeab08169c657f7b53de
1321,2026-08-11,195.1,199.7,195.0,195.9,156853,30888654.5,,,,render_normalized,tasi_2026-08-11_2026-08-11_20260811T153022011718Z,2ca6395fd3fcc72ba670e2961883e5c743cbb0e78c08f0ae926df09c31320865
1321,2026-08-12,197.9,200.0,195.1,195.1,120751,23826631.6,,,,render_normalized,tasi_2026-08-12_2026-08-12_20260812T153021905708Z,8862a2d01571a3c9a9cdaef7d6c4c85e805809ad63506c8d9042aff3fa53b579
1321,2026-08-13,196.3,196.3,190.2,191.5,112602,21694091.4,,,,render_normalized,tasi_2026-08-13_2026-08-13_20260813T153020777659Z,e0b6e7e97827824585b899f3f5ae2a43f595aeae92435da9a370d3df14b68b99
1321,2026-08-16,194.0,195.0,191.4,192.5,28711,5535126.5,,,,render_normalized,tasi_2026-08-14_2026-08-16_20260816T153020395457Z,5392abdf5e4a97362d33f1f6287bf2bc003c7d4bb43d28918b8aa095af9310d7
1321,2026-08-17,193.0,195.4,191.4,193.9,113727,22035619.5,,,,render_normalized,tasi_2026-08-17_2026-08-17_20260817T153022794323Z,56ab1200186f32f6bf2b699463f355510bc0a3da931f38c90816013f38a2eaf0
1321,2026-08-18,193.4,193.4,189.0,190.0,98900,18809134.9,,,,render_normalized,tasi_2026-08-18_2026-08-18_20260818T153020653358Z,1cfd844fc98ba7ee716337d459294e8e314daaa0f85480a8e110399f3a6b856d
1321,2026-08-19,190.0,191.2,187.2,190.0,119516,22536904.0,,,,render_normalized,tasi_2026-08-19_2026-08-19_20260819T153022440747Z,c9f50859d8825bb8e17dc890cb696be42681eb6c5d61b3749a33257a86f3517b
1321,2026-08-20,189.9,190.6,187.7,187.9,166944,31635687.2,,,,render_normalized,tasi_2026-08-20_2026-08-28_20260827T215758538311Z,7a00d373848e778f83c80f1777575ad48a6a4c0c192fe2e6a4123b56ae26cdee
1321,2026-08-23,187.3,189.5,186.7,187.9,60414,11361104.7,,,,render_normalized,tasi_2026-08-20_2026-08-28_20260827T215758538311Z,7a00d373848e778f83c80f1777575ad48a6a4c0c192fe2e6a4123b56ae26cdee
1321,2026-08-24,187.1,191.3,187.1,190.0,258766,49112981.4,,,,render_normalized,tasi_2026-08-20_2026-08-28_20260827T215758538311Z,7a00d373848e778f83c80f1777575ad48a6a4c0c192fe2e6a4123b56ae26cdee
1321,2026-08-25,190.0,192.5,188.0,190.0,172122,32827440.8,,,,render_normalized,tasi_2026-08-20_2026-08-28_20260827T215758538311Z,7a00d373848e778f83c80f1777575ad48a6a4c0c192fe2e6a4123b56ae26cdee
1321,2026-08-26,190.1,191.3,186.3,188.5,194416,36693748.9,,,,render_normalized,tasi_2026-08-20_2026-08-28_20260827T215758538311Z,7a00d373848e778f83c80f1777575ad48a6a4c0c192fe2e6a4123b56ae26cdee
1321,2026-08-27,189.5,190.2,188.6,189.0,210458,39809680.2,,,,render_normalized,tasi_2026-08-20_2026-08-28_20260827T215758538311Z,7a00d373848e778f83c80f1777575ad48a6a4c0c192fe2e6a4123b56ae26cdee
1321,2026-08-30,189.6,189.6,186.0,186.7,47618,8903206.0,,,,render_normalized,tasi_2026-08-29_2026-08-30_20260830T153021490619Z,40f2932d214f44ed867e412ffba0369130210869179423e6eadc9f965765cdba
1321,2026-08-31,186.5,200.0,186.1,196.7,796154,154952958.1,,,,render_normalized,tasi_2026-08-31_2026-08-31_20260831T153022596960Z,374b46eb50c52f8fd4d5c98f4b7cf8e0c79e078fd621a4b30f58d5382471b4af
1322,2026-08-02,72.7,75.95,72.7,75.0,233670,17582812.2,,,,render_normalized,tasi_2026-07-31_2026-08-02_20260802T153020127593Z,2eb23ca39fcf0e44fa270e6e4d6a1341261e22b2abfbc789ec2875a29009248b
1322,2026-08-03,75.0,75.0,72.9,74.05,341141,25193559.3,,,,render_normalized,tasi_2026-08-03_2026-08-03_20260803T153021496139Z,4b0f0fa9c3b343cf96fecea13101ae13ad2a21806fd55533770061ac5bb0689d
1322,2026-08-04,74.05,75.15,73.1,73.7,196691,14580496.0,,,,render_normalized,tasi_2026-08-04_2026-08-04_20260804T153023696814Z,32de4882671eec0a9062962d0f5591f8e56969b134d0070652d21718d4563e66
1322,2026-08-05,74.4,75.7,74.2,75.0,243779,18251384.55,,,,render_normalized,tasi_2026-08-05_2026-08-05_20260805T153024437012Z,9fd93f225e2663ef72017465f1af6b5bb1e9f620c1b69c07a1f0fd54b850091a
1322,2026-08-06,75.6,78.75,75.05,78.3,558561,43412221.2,,,,render_normalized,tasi_2026-08-06_2026-08-06_20260806T153021501965Z,6ff377152d0ead67e84f33bc0daa618a818145aa8e2f551c9273431d88ac3851
1322,2026-08-09,79.2,81.85,79.2,81.0,329592,26616989.75,,,,render_normalized,tasi_2026-08-07_2026-08-09_20260809T153020287151Z,d7eb763bea83ef8684d027dfe3fb0fb7c951f2a9c34d7e37300eab6704449ed3
1322,2026-08-10,80.35,82.5,79.55,82.0,301876,24530284.55,,,,render_normalized,tasi_2026-08-10_2026-08-10_20260810T153020102570Z,84d11a25e4f1e5c1fd93cef767caa7b24135f07229eeaeab08169c657f7b53de
1322,2026-08-11,82.0,84.6,82.0,84.45,473769,39625293.0,,,,render_normalized,tasi_2026-08-11_2026-08-11_20260811T153022011718Z,2ca6395fd3fcc72ba670e2961883e5c743cbb0e78c08f0ae926df09c31320865
1322,2026-08-12,84.1,87.3,84.0,86.35,433686,37459871.6,,,,render_normalized,tasi_2026-08-12_2026-08-12_20260812T153021905708Z,8862a2d01571a3c9a9cdaef7d6c4c85e805809ad63506c8d9042aff3fa53b579
1322,2026-08-13,90.9,90.9,85.2,86.7,438453,38253356.5,,,,render_normalized,tasi_2026-08-13_2026-08-13_20260813T153020777659Z,e0b6e7e97827824585b899f3f5ae2a43f595aeae92435da9a370d3df14b68b99
1322,2026-08-16,90.0,90.0,86.6,87.5,231442,20254269.7,,,,render_normalized,tasi_2026-08-14_2026-08-16_20260816T153020395457Z,5392abdf5e4a97362d33f1f6287bf2bc003c7d4bb43d28918b8aa095af9310d7
1322,2026-08-17,87.2,88.05,83.0,83.5,254670,21721067.5,,,,render_normalized,tasi_2026-08-17_2026-08-17_20260817T153022794323Z,56ab1200186f32f6bf2b699463f355510bc0a3da931f38c90816013f38a2eaf0
1322,2026-08-18,83.5,84.75,82.6,83.95,388415,32527860.15,,,,render_normalized,tasi_2026-08-18_2026-08-18_20260818T153020653358Z,1cfd844fc98ba7ee716337d459294e8e314daaa0f85480a8e110399f3a6b856d
1322,2026-08-19,83.5,83.5,80.3,80.3,231291,18848468.75,,,,render_normalized,tasi_2026-08-19_2026-08-19_20260819T153022440747Z,c9f50859d8825bb8e17dc890cb696be42681eb6c5d61b3749a33257a86f3517b
1322,2026-08-20,82.9,85.8,82.5,85.15,564071,47566708.6,,,,render_normalized,tasi_2026-08-20_2026-08-28_20260827T215758538311Z,7a00d373848e778f83c80f1777575ad48a6a4c0c192fe2e6a4123b56ae26cdee
1322,2026-08-23,86.6,89.9,86.5,88.5,432732,38326031.7,,,,render_normalized,tasi_2026-08-20_2026-08-28_20260827T215758538311Z,7a00d373848e778f83c80f1777575ad48a6a4c0c192fe2e6a4123b56ae26cdee
1322,2026-08-24,89.0,89.0,87.0,88.45,316627,27898433.35,,,,render_normalized,tasi_2026-08-20_2026-08-28_20260827T215758538311Z,7a00d373848e778f83c80f1777575ad48a6a4c0c192fe2e6a4123b56ae26cdee
1322,2026-08-25,88.45,89.4,88.05,88.2,328551,29142068.0,,,,render_normalized,tasi_2026-08-20_2026-08-28_20260827T215758538311Z,7a00d373848e778f83c80f1777575ad48a6a4c0c192fe2e6a4123b56ae26cdee
1322,2026-08-26,88.0,89.0,86.9,88.4,241155,21181745.4,,,,render_normalized,tasi_2026-08-20_2026-08-28_20260827T215758538311Z,7a00d373848e778f83c80f1777575ad48a6a4c0c192fe2e6a4123b56ae26cdee
1322,2026-08-27,87.4,88.7,87.4,88.0,144690,12752151.8,,,,render_normalized,tasi_2026-08-20_2026-08-28_20260827T215758538311Z,7a00d373848e778f83c80f1777575ad48a6a4c0c192fe2e6a4123b56ae26cdee
1322,2026-08-30,87.0,87.0,84.3,85.05,212460,18042464.75,,,,render_normalized,tasi_2026-08-29_2026-08-30_20260830T153021490619Z,40f2932d214f44ed867e412ffba0369130210869179423e6eadc9f965765cdba
1322,2026-08-31,85.5,86.0,82.9,82.9,289029,24295000.85,,,,render_normalized,tasi_2026-08-31_2026-08-31_20260831T153022596960Z,374b46eb50c52f8fd4d5c98f4b7cf8e0c79e078fd621a4b30f58d5382471b4af
1323,2026-08-02,27.4,28.1,26.96,26.98,325627,8918666.7,,,,render_normalized,tasi_2026-07-31_2026-08-02_20260802T153020127593Z,2eb23ca39fcf0e44fa270e6e4d6a1341261e22b2abfbc789ec2875a29009248b
1323,2026-08-03,26.98,28.1,26.94,27.6,564299,15641003.02,,,,render_normalized,tasi_2026-08-03_2026-08-03_20260803T153021496139Z,4b0f0fa9c3b343cf96fecea13101ae13ad2a21806fd55533770061ac5bb0689d
1323,2026-08-04,27.82,28.28,27.82,28.06,265188,7420507.72,,,,render_normalized,tasi_2026-08-04_2026-08-04_20260804T153023696814Z,32de4882671eec0a9062962d0f5591f8e56969b134d0070652d21718d4563e66
1323,2026-08-05,28.18,28.54,27.94,28.22,372223,10511847.88,,,,render_normalized,tasi_2026-08-05_2026-08-05_20260805T153024437012Z,9fd93f225e2663ef72017465f1af6b5bb1e9f620c1b69c07a1f0fd54b850091a
1323,2026-08-06,28.22,28.26,27.7,27.86,227808,6379272.12,,,,render_normalized,tasi_2026-08-06_2026-08-06_20260806T153021501965Z,6ff377152d0ead67e84f33bc0daa618a818145aa8e2f551c9273431d88ac3851
1323,2026-08-09,27.74,27.74,27.28,27.38,100932,2766870.34,,,,render_normalized,tasi_2026-08-07_2026-08-09_20260809T153020287151Z,d7eb763bea83ef8684d027dfe3fb0fb7c951f2a9c34d7e37300eab6704449ed3
1323,2026-08-10,27.48,27.76,27.22,27.44,133504,3660601.66,,,,render_normalized,tasi_2026-08-10_2026-08-10_20260810T153020102570Z,84d11a25e4f1e5c1fd93cef767caa7b24135f07229eeaeab08169c657f7b53de
1323,2026-08-11,27.7,27.7,27.3,27.4,82986,2277509.06,,,,render_normalized,tasi_2026-08-11_2026-08-11_20260811T153022011718Z,2ca6395fd3fcc72ba670e2961883e5c743cbb0e78c08f0ae926df09c31320865
1323,2026-08-12,27.38,27.92,27.32,27.92,138354,3822514.88,,,,render_normalized,tasi_2026-08-12_2026-08-12_20260812T153021905708Z,8862a2d01571a3c9a9cdaef7d6c4c85e805809ad63506c8d9042aff3fa53b579
1323,2026-08-13,27.98,28.18,27.74,28.14,176966,4955442.7,,,,render_normalized,tasi_2026-08-13_2026-08-13_20260813T153020777659Z,e0b6e7e97827824585b899f3f5ae2a43f595aeae92435da9a370d3df14b68b99
1323,2026-08-16,28.3,28.94,27.96,28.18,217218,6176519.4,,,,render_normalized,tasi_2026-08-14_2026-08-16_20260816T153020395457Z,5392abdf5e4a97362d33f1f6287bf2bc003c7d4bb43d28918b8aa095af9310d7
1323,2026-08-17,28.02,28.02,27.28,27.36,129748,3574676.6,,,,render_normalized,tasi_2026-08-17_2026-08-17_20260817T153022794323Z,56ab1200186f32f6bf2b699463f355510bc0a3da931f38c90816013f38a2eaf0
1323,2026-08-18,27.34,27.6,27.22,27.4,101109,2771484.96,,,,render_normalized,tasi_2026-08-18_2026-08-18_20260818T153020653358Z,1cfd844fc98ba7ee716337d459294e8e314daaa0f85480a8e110399f3a6b856d
1323,2026-08-19,27.46,27.6,27.22,27.26,54332,1487732.64,,,,render_normalized,tasi_2026-08-19_2026-08-19_20260819T153022440747Z,c9f50859d8825bb8e17dc890cb696be42681eb6c5d61b3749a33257a86f3517b
1323,2026-08-20,27.26,27.34,27.16,27.32,84183,2294737.7,,,,render_normalized,tasi_2026-08-20_2026-08-28_20260827T215758538311Z,7a00d373848e778f83c80f1777575ad48a6a4c0c192fe2e6a4123b56ae26cdee
1323,2026-08-23,27.4,28.08,27.38,27.78,158866,4414422.58,,,,render_normalized,tasi_2026-08-20_2026-08-28_20260827T215758538311Z,7a00d373848e778f83c80f1777575ad48a6a4c0c192fe2e6a4123b56ae26cdee
1323,2026-08-24,27.72,28.06,27.62,27.62,73073,2035315.12,,,,render_normalized,tasi_2026-08-20_2026-08-28_20260827T215758538311Z,7a00d373848e778f83c80f1777575ad48a6a4c0c192fe2e6a4123b56ae26cdee
1323,2026-08-25,27.64,27.72,27.48,27.5,97262,2681958.32,,,,render_normalized,tasi_2026-08-20_2026-08-28_20260827T215758538311Z,7a00d373848e778f83c80f1777575ad48a6a4c0c192fe2e6a4123b56ae26cdee
1323,2026-08-26,27.48,27.58,27.38,27.44,40202,1104886.64,,,,render_normalized,tasi_2026-08-20_2026-08-28_20260827T215758538311Z,7a00d373848e778f83c80f1777575ad48a6a4c0c192fe2e6a4123b56ae26cdee
1323,2026-08-27,27.68,27.68,27.44,27.6,37802,1041322.24,,,,render_normalized,tasi_2026-08-20_2026-08-28_20260827T215758538311Z,7a00d373848e778f83c80f1777575ad48a6a4c0c192fe2e6a4123b56ae26cdee
1323,2026-08-30,27.56,27.86,27.4,27.42,82842,2288263.72,,,,render_normalized,tasi_2026-08-29_2026-08-30_20260830T153021490619Z,40f2932d214f44ed867e412ffba0369130210869179423e6eadc9f965765cdba
1323,2026-08-31,27.42,27.62,27.28,27.52,59536,1637029.52,,,,render_normalized,tasi_2026-08-31_2026-08-31_20260831T153022596960Z,374b46eb50c52f8fd4d5c98f4b7cf8e0c79e078fd621a4b30f58d5382471b4af
1324,2026-08-02,39.7,39.92,39.3,39.64,75869,3007423.74,,,,render_normalized,tasi_2026-07-31_2026-08-02_20260802T153020127593Z,2eb23ca39fcf0e44fa270e6e4d6a1341261e22b2abfbc789ec2875a29009248b
1324,2026-08-03,39.64,40.16,39.5,40.0,102999,4113389.2,,,,render_normalized,tasi_2026-08-03_2026-08-03_20260803T153021496139Z,4b0f0fa9c3b343cf96fecea13101ae13ad2a21806fd55533770061ac5bb0689d
1324,2026-08-04,40.02,40.52,39.98,40.18,113766,4576319.2,,,,render_normalized,tasi_2026-08-04_2026-08-04_20260804T153023696814Z,32de4882671eec0a9062962d0f5591f8e56969b134d0070652d21718d4563e66
1324,2026-08-05,40.02,40.46,40.0,40.22,74706,3002169.38,,,,render_normalized,tasi_2026-08-05_2026-08-05_20260805T153024437012Z,9fd93f225e2663ef72017465f1af6b5bb1e9f620c1b69c07a1f0fd54b850091a
1324,2026-08-06,40.22,40.22,39.44,39.54,87099,3460644.28,,,,render_normalized,tasi_2026-08-06_2026-08-06_20260806T153021501965Z,6ff377152d0ead67e84f33bc0daa618a818145aa8e2f551c9273431d88ac3851
1324,2026-08-09,36.6,39.2,36.6,38.9,166321,6397905.22,,,,render_normalized,tasi_2026-08-07_2026-08-09_20260809T153020287151Z,d7eb763bea83ef8684d027dfe3fb0fb7c951f2a9c34d7e37300eab6704449ed3
1324,2026-08-10,39.0,39.38,37.7,38.0,80977,3126912.02,,,,render_normalized,tasi_2026-08-10_2026-08-10_20260810T153020102570Z,84d11a25e4f1e5c1fd93cef767caa7b24135f07229eeaeab08169c657f7b53de
1324,2026-08-11,38.22,38.22,37.6,37.96,87485,3323622.3,,,,render_normalized,tasi_2026-08-11_2026-08-11_20260811T153022011718Z,2ca6395fd3fcc72ba670e2961883e5c743cbb0e78c08f0ae926df09c31320865
1324,2026-08-12,38.02,38.52,37.62,37.94,110854,4219361.86,,,,render_normalized,tasi_2026-08-12_2026-08-12_20260812T153021905708Z,8862a2d01571a3c9a9cdaef7d6c4c85e805809ad63506c8d9042aff3fa53b579
1324,2026-08-13,37.94,38.1,37.62,37.78,69469,2630545.08,,,,render_normalized,tasi_2026-08-13_2026-08-13_20260813T153020777659Z,e0b6e7e97827824585b899f3f5ae2a43f595aeae92435da9a370d3df14b68b99
1324,2026-08-16,38.12,38.98,37.66,37.92,89191,3402561.42,,,,render_normalized,tasi_2026-08-14_2026-08-16_20260816T153020395457Z,5392abdf5e4a97362d33f1f6287bf2bc003c7d4bb43d28918b8aa095af9310d7
1324,2026-08-17,37.92,39.0,37.8,38.5,147829,5675097.82,,,,render_normalized,tasi_2026-08-17_2026-08-17_20260817T153022794323Z,56ab1200186f32f6bf2b699463f355510bc0a3da931f38c90816013f38a2eaf0
1324,2026-08-18,38.44,39.38,38.44,39.04,161620,6291766.48,,,,render_normalized,tasi_2026-08-18_2026-08-18_20260818T153020653358Z,1cfd844fc98ba7ee716337d459294e8e314daaa0f85480a8e110399f3a6b856d
1324,2026-08-19,39.06,39.2,38.3,38.48,77287,2981420.52,,,,render_normalized,tasi_2026-08-19_2026-08-19_20260819T153022440747Z,c9f50859d8825bb8e17dc890cb696be42681eb6c5d61b3749a33257a86f3517b
1324,2026-08-20,38.48,38.98,38.38,38.66,73312,2831865.56,,,,render_normalized,tasi_2026-08-20_2026-08-28_20260827T215758538311Z,7a00d373848e778f83c80f1777575ad48a6a4c0c192fe2e6a4123b56ae26cdee
1324,2026-08-23,38.4,38.98,38.4,38.46,60956,2356262.02,,,,render_normalized,tasi_2026-08-20_2026-08-28_20260827T215758538311Z,7a00d373848e778f83c80f1777575ad48a6a4c0c192fe2e6a4123b56ae26cdee
1324,2026-08-24,38.5,39.38,38.46,38.8,170217,6634079.6,,,,render_normalized,tasi_2026-08-20_2026-08-28_20260827T215758538311Z,7a00d373848e778f83c80f1777575ad48a6a4c0c192fe2e6a4123b56ae26cdee
1324,2026-08-25,38.62,38.96,38.62,38.8,46549,1806383.7,,,,render_normalized,tasi_2026-08-20_2026-08-28_20260827T215758538311Z,7a00d373848e778f83c80f1777575ad48a6a4c0c192fe2e6a4123b56ae26cdee
1324,2026-08-26,39.0,39.0,38.78,38.86,68495,2661586.3,,,,render_normalized,tasi_2026-08-20_2026-08-28_20260827T215758538311Z,7a00d373848e778f83c80f1777575ad48a6a4c0c192fe2e6a4123b56ae26cdee
1324,2026-08-27,38.9,39.62,38.8,39.1,221219,8681595.62,,,,render_normalized,tasi_2026-08-20_2026-08-28_20260827T215758538311Z,7a00d373848e778f83c80f1777575ad48a6a4c0c192fe2e6a4123b56ae26cdee
1324,2026-08-30,39.38,41.98,39.22,40.56,740920,30176750.62,,,,render_normalized,tasi_2026-08-29_2026-08-30_20260830T153021490619Z,40f2932d214f44ed867e412ffba0369130210869179423e6eadc9f965765cdba
1324,2026-08-31,40.0,41.66,39.8,41.22,400157,16338765.32,,,,render_normalized,tasi_2026-08-31_2026-08-31_20260831T153022596960Z,374b46eb50c52f8fd4d5c98f4b7cf8e0c79e078fd621a4b30f58d5382471b4af
1810,2026-08-02,20.12,20.56,20.1,20.43,302159,6142408.85,,,,render_normalized,tasi_2026-07-31_2026-08-02_20260802T153020127593Z,2eb23ca39fcf0e44fa270e6e4d6a1341261e22b2abfbc789ec2875a29009248b
1810,2026-08-03,20.4,20.72,20.32,20.64,385398,7923867.57,,,,render_normalized,tasi_2026-08-03_2026-08-03_20260803T153021496139Z,4b0f0fa9c3b343cf96fecea13101ae13ad2a21806fd55533770061ac5bb0689d
1810,2026-08-04,20.43,20.74,20.43,20.52,378733,7771711.95,,,,render_normalized,tasi_2026-08-04_2026-08-04_20260804T153023696814Z,32de4882671eec0a9062962d0f5591f8e56969b134d0070652d21718d4563e66
1810,2026-08-05,20.46,20.48,20.0,20.06,800576,16116553.91,,,,render_normalized,tasi_2026-08-05_2026-08-05_20260805T153024437012Z,9fd93f225e2663ef72017465f1af6b5bb1e9f620c1b69c07a1f0fd54b850091a
1810,2026-08-06,20.07,20.3,19.92,20.01,771499,15435112.37,,,,render_normalized,tasi_2026-08-06_2026-08-06_20260806T153021501965Z,6ff377152d0ead67e84f33bc0daa618a818145aa8e2f551c9273431d88ac3851
1810,2026-08-09,20.01,20.2,19.92,19.93,975803,19482625.58,,,,render_normalized,tasi_2026-08-07_2026-08-09_20260809T153020287151Z,d7eb763bea83ef8684d027dfe3fb0fb7c951f2a9c34d7e37300eab6704449ed3
1810,2026-08-10,20.52,21.1,20.12,20.2,2596339,53620554.59,,,,render_normalized,tasi_2026-08-10_2026-08-10_20260810T153020102570Z,84d11a25e4f1e5c1fd93cef767caa7b24135f07229eeaeab08169c657f7b53de
1810,2026-08-11,20.2,20.4,20.01,20.04,725549,14632309.21,,,,render_normalized,tasi_2026-08-11_2026-08-11_20260811T153022011718Z,2ca6395fd3fcc72ba670e2961883e5c743cbb0e78c08f0ae926df09c31320865
1810,2026-08-12,20.04,20.24,19.9,20.2,901108,18045825.43,,,,render_normalized,tasi_2026-08-12_2026-08-12_20260812T153021905708Z,8862a2d01571a3c9a9cdaef7d6c4c85e805809ad63506c8d9042aff3fa53b579
1810,2026-08-13,20.02,20.39,20.02,20.26,558763,11318366.8,,,,render_normalized,tasi_2026-08-13_2026-08-13_20260813T153020777659Z,e0b6e7e97827824585b899f3f5ae2a43f595aeae92435da9a370d3df14b68b99
1810,2026-08-16,20.5,20.66,20.28,20.3,597928,12216451.12,,,,render_normalized,tasi_2026-08-14_2026-08-16_20260816T153020395457Z,5392abdf5e4a97362d33f1f6287bf2bc003c7d4bb43d28918b8aa095af9310d7
1810,2026-08-17,20.3,20.67,20.15,20.5,1831568,37456464.9,,,,render_normalized,tasi_2026-08-17_2026-08-17_20260817T153022794323Z,56ab1200186f32f6bf2b699463f355510bc0a3da931f38c90816013f38a2eaf0
1810,2026-08-18,20.41,21.06,20.41,20.93,2462851,51435248.17,,,,render_normalized,tasi_2026-08-18_2026-08-18_20260818T153020653358Z,1cfd844fc98ba7ee716337d459294e8e314daaa0f85480a8e110399f3a6b856d
1810,2026-08-19,21.02,22.0,20.93,21.8,4009714,85792023.53,,,,render_normalized,tasi_2026-08-19_2026-08-19_20260819T153022440747Z,c9f50859d8825bb8e17dc890cb696be42681eb6c5d61b3749a33257a86f3517b
1810,2026-08-20,21.8,22.39,21.43,21.54,3110380,67825811.36,,,,render_normalized,tasi_2026-08-20_2026-08-28_20260827T215758538311Z,7a00d373848e778f83c80f1777575ad48a6a4c0c192fe2e6a4123b56ae26cdee
1810,2026-08-23,21.5,21.78,21.18,21.22,989925,21277888.63,,,,render_normalized,tasi_2026-08-20_2026-08-28_20260827T215758538311Z,7a00d373848e778f83c80f1777575ad48a6a4c0c192fe2e6a4123b56ae26cdee
1810,2026-08-24,21.25,21.8,21.25,21.66,2020918,43668415.07,,,,render_normalized,tasi_2026-08-20_2026-08-28_20260827T215758538311Z,7a00d373848e778f83c80f1777575ad48a6a4c0c192fe2e6a4123b56ae26cdee
1810,2026-08-25,21.68,21.69,21.13,21.41,1728700,36788147.75,,,,render_normalized,tasi_2026-08-20_2026-08-28_20260827T215758538311Z,7a00d373848e778f83c80f1777575ad48a6a4c0c192fe2e6a4123b56ae26cdee
1810,2026-08-26,21.41,21.5,21.19,21.21,1257454,26756676.52,,,,render_normalized,tasi_2026-08-20_2026-08-28_20260827T215758538311Z,7a00d373848e778f83c80f1777575ad48a6a4c0c192fe2e6a4123b56ae26cdee
1810,2026-08-27,21.28,21.77,20.99,21.68,2554048,54436294.8,,,,render_normalized,tasi_2026-08-20_2026-08-28_20260827T215758538311Z,7a00d373848e778f83c80f1777575ad48a6a4c0c192fe2e6a4123b56ae26cdee
1810,2026-08-30,21.6,21.74,21.2,21.26,1233653,26359463.04,,,,render_normalized,tasi_2026-08-29_2026-08-30_20260830T153021490619Z,40f2932d214f44ed867e412ffba0369130210869179423e6eadc9f965765cdba
1810,2026-08-31,21.31,21.82,21.12,21.79,2555130,55159427.85,,,,render_normalized,tasi_2026-08-31_2026-08-31_20260831T153022596960Z,374b46eb50c52f8fd4d5c98f4b7cf8e0c79e078fd621a4b30f58d5382471b4af
1820,2026-08-02,2.01,2.03,1.99,2.0,3541469,7108924.33,,,,render_normalized,tasi_2026-07-31_2026-08-02_20260802T153020127593Z,2eb23ca39fcf0e44fa270e6e4d6a1341261e22b2abfbc789ec2875a29009248b
1820,2026-08-03,2.01,2.11,1.98,2.09,8597491,17795232.76,,,,render_normalized,tasi_2026-08-03_2026-08-03_20260803T153021496139Z,4b0f0fa9c3b343cf96fecea13101ae13ad2a21806fd55533770061ac5bb0689d
1820,2026-08-04,2.07,2.11,2.06,2.07,3571776,7421381.55,,,,render_normalized,tasi_2026-08-04_2026-08-04_20260804T153023696814Z,32de4882671eec0a9062962d0f5591f8e56969b134d0070652d21718d4563e66
1820,2026-08-05,2.09,2.12,2.02,2.06,8945574,18385358.52,,,,render_normalized,tasi_2026-08-05_2026-08-05_20260805T153024437012Z,9fd93f225e2663ef72017465f1af6b5bb1e9f620c1b69c07a1f0fd54b850091a
1820,2026-08-06,2.08,2.1,2.05,2.07,3401345,7043310.48,,,,render_normalized,tasi_2026-08-06_2026-08-06_20260806T153021501965Z,6ff377152d0ead67e84f33bc0daa618a818145aa8e2f551c9273431d88ac3851
1820,2026-08-09,2.06,2.1,2.05,2.05,2358925,4882034.03,,,,render_normalized,tasi_2026-08-07_2026-08-09_20260809T153020287151Z,d7eb763bea83ef8684d027dfe3fb0fb7c951f2a9c34d7e37300eab6704449ed3
1820,2026-08-10,2.05,2.06,2.02,2.02,2969672,6046764.9,,,,render_normalized,tasi_2026-08-10_2026-08-10_20260810T153020102570Z,84d11a25e4f1e5c1fd93cef767caa7b24135f07229eeaeab08169c657f7b53de
1820,2026-08-11,2.05,2.07,2.01,2.02,5559165,11336844.93,,,,render_normalized,tasi_2026-08-11_2026-08-11_20260811T153022011718Z,2ca6395fd3fcc72ba670e2961883e5c743cbb0e78c08f0ae926df09c31320865
1820,2026-08-12,2.03,2.05,2.02,2.04,2337148,4754215.69,,,,render_normalized,tasi_2026-08-12_2026-08-12_20260812T153021905708Z,8862a2d01571a3c9a9cdaef7d6c4c85e805809ad63506c8d9042aff3fa53b579
1820,2026-08-13,2.05,2.07,2.03,2.03,1846148,3786290.3,,,,render_normalized,tasi_2026-08-13_2026-08-13_20260813T153020777659Z,e0b6e7e97827824585b899f3f5ae2a43f595aeae92435da9a370d3df14b68b99
1820,2026-08-16,2.04,2.08,2.04,2.04,2634374,5424648.93,,,,render_normalized,tasi_2026-08-14_2026-08-16_20260816T153020395457Z,5392abdf5e4a97362d33f1f6287bf2bc003c7d4bb43d28918b8aa095af9310d7
1820,2026-08-17,2.05,2.05,2.01,2.02,3425477,6939629.93,,,,render_normalized,tasi_2026-08-17_2026-08-17_20260817T153022794323Z,56ab1200186f32f6bf2b699463f355510bc0a3da931f38c90816013f38a2eaf0
1820,2026-08-18,2.03,2.04,1.99,2.01,3458534,6969550.6,,,,render_normalized,tasi_2026-08-18_2026-08-18_20260818T153020653358Z,1cfd844fc98ba7ee716337d459294e8e314daaa0f85480a8e110399f3a6b856d
1820,2026-08-19,2.02,2.03,2.0,2.02,1442886,2912838.21,,,,render_normalized,tasi_2026-08-19_2026-08-19_20260819T153022440747Z,c9f50859d8825bb8e17dc890cb696be42681eb6c5d61b3749a33257a86f3517b
1820,2026-08-20,2.03,2.07,2.02,2.06,4151129,8516338.58,,,,render_normalized,tasi_2026-08-20_2026-08-28_20260827T215758538311Z,7a00d373848e778f83c80f1777575ad48a6a4c0c192fe2e6a4123b56ae26cdee
1820,2026-08-23,2.06,2.1,2.06,2.1,5678483,11829495.81,,,,render_normalized,tasi_2026-08-20_2026-08-28_20260827T215758538311Z,7a00d373848e778f83c80f1777575ad48a6a4c0c192fe2e6a4123b56ae26cdee
1820,2026-08-24,2.1,2.15,2.09,2.13,6588276,14021710.18,,,,render_normalized,tasi_2026-08-20_2026-08-28_20260827T215758538311Z,7a00d373848e778f83c80f1777575ad48a6a4c0c192fe2e6a4123b56ae26cdee
1820,2026-08-25,2.13,2.2,2.12,2.19,9377585,20282105.99,,,,render_normalized,tasi_2026-08-20_2026-08-28_20260827T215758538311Z,7a00d373848e778f83c80f1777575ad48a6a4c0c192fe2e6a4123b56ae26cdee
1820,2026-08-26,2.2,2.21,2.08,2.1,12994409,27736937.35,,,,render_normalized,tasi_2026-08-20_2026-08-28_20260827T215758538311Z,7a00d373848e778f83c80f1777575ad48a6a4c0c192fe2e6a4123b56ae26cdee
1820,2026-08-27,2.1,2.11,2.08,2.08,3042414,6355527.48,,,,render_normalized,tasi_2026-08-20_2026-08-28_20260827T215758538311Z,7a00d373848e778f83c80f1777575ad48a6a4c0c192fe2e6a4123b56ae26cdee
1820,2026-08-30,2.09,2.09,2.05,2.06,2957115,6109312.35,,,,render_normalized,tasi_2026-08-29_2026-08-30_20260830T153021490619Z,40f2932d214f44ed867e412ffba0369130210869179423e6eadc9f965765cdba
1820,2026-08-31,2.06,2.07,2.04,2.06,1943145,3992376.05,,,,render_normalized,tasi_2026-08-31_2026-08-31_20260831T153022596960Z,374b46eb50c52f8fd4d5c98f4b7cf8e0c79e078fd621a4b30f58d5382471b4af
1830,2026-08-02,79.7,81.0,78.0,80.15,206562,16499308.6,,,,render_normalized,tasi_2026-07-31_2026-08-02_20260802T153020127593Z,2eb23ca39fcf0e44fa270e6e4d6a1341261e22b2abfbc789ec2875a29009248b
1830,2026-08-03,80.15,84.5,79.35,83.85,454433,37853236.65,,,,render_normalized,tasi_2026-08-03_2026-08-03_20260803T153021496139Z,4b0f0fa9c3b343cf96fecea13101ae13ad2a21806fd55533770061ac5bb0689d
1830,2026-08-04,84.0,84.8,82.75,82.8,342654,28764678.0,,,,render_normalized,tasi_2026-08-04_2026-08-04_20260804T153023696814Z,32de4882671eec0a9062962d0f5591f8e56969b134d0070652d21718d4563e66
1830,2026-08-05,83.0,83.95,81.55,82.15,218168,18050187.7,,,,render_normalized,tasi_2026-08-05_2026-08-05_20260805T153024437012Z,9fd93f225e2663ef72017465f1af6b5bb1e9f620c1b69c07a1f0fd54b850091a
1830,2026-08-06,82.15,84.4,81.6,83.05,241918,20063958.15,,,,render_normalized,tasi_2026-08-06_2026-08-06_20260806T153021501965Z,6ff377152d0ead67e84f33bc0daa618a818145aa8e2f551c9273431d88ac3851
1830,2026-08-09,83.05,83.05,80.8,81.35,97392,7965763.1,,,,render_normalized,tasi_2026-08-07_2026-08-09_20260809T153020287151Z,d7eb763bea83ef8684d027dfe3fb0fb7c951f2a9c34d7e37300eab6704449ed3
1830,2026-08-10,81.05,81.15,79.35,79.8,103460,8268320.4,,,,render_normalized,tasi_2026-08-10_2026-08-10_20260810T153020102570Z,84d11a25e4f1e5c1fd93cef767caa7b24135f07229eeaeab08169c657f7b53de
1830,2026-08-11,80.0,81.1,79.05,80.0,87932,7051578.25,,,,render_normalized,tasi_2026-08-11_2026-08-11_20260811T153022011718Z,2ca6395fd3fcc72ba670e2961883e5c743cbb0e78c08f0ae926df09c31320865
1830,2026-08-12,79.95,79.95,78.3,78.8,72200,5700711.05,,,,render_normalized,tasi_2026-08-12_2026-08-12_20260812T153021905708Z,8862a2d01571a3c9a9cdaef7d6c4c85e805809ad63506c8d9042aff3fa53b579
1830,2026-08-13,78.95,81.65,78.35,78.65,202207,16206521.9,,,,render_normalized,tasi_2026-08-13_2026-08-13_20260813T153020777659Z,e0b6e7e97827824585b899f3f5ae2a43f595aeae92435da9a370d3df14b68b99
1830,2026-08-16,79.6,79.95,78.9,79.5,23096,1833187.5,,,,render_normalized,tasi_2026-08-14_2026-08-16_20260816T153020395457Z,5392abdf5e4a97362d33f1f6287bf2bc003c7d4bb43d28918b8aa095af9310d7
1830,2026-08-17,79.5,80.5,79.2,79.7,45807,3653820.55,,,,render_normalized,tasi_2026-08-17_2026-08-17_20260817T153022794323Z,56ab1200186f32f6bf2b699463f355510bc0a3da931f38c90816013f38a2eaf0
1830,2026-08-18,79.4,80.4,79.15,79.8,85789,6855924.25,,,,render_normalized,tasi_2026-08-18_2026-08-18_20260818T153020653358Z,1cfd844fc98ba7ee716337d459294e8e314daaa0f85480a8e110399f3a6b856d
1830,2026-08-19,79.8,79.85,78.3,78.7,52750,4153021.55,,,,render_normalized,tasi_2026-08-19_2026-08-19_20260819T153022440747Z,c9f50859d8825bb8e17dc890cb696be42681eb6c5d61b3749a33257a86f3517b
1830,2026-08-20,78.7,80.85,78.6,80.25,93548,7468884.4,,,,render_normalized,tasi_2026-08-20_2026-08-28_20260827T215758538311Z,7a00d373848e778f83c80f1777575ad48a6a4c0c192fe2e6a4123b56ae26cdee
1830,2026-08-23,80.4,81.35,80.4,81.35,59078,4788945.5,,,,render_normalized,tasi_2026-08-20_2026-08-28_20260827T215758538311Z,7a00d373848e778f83c80f1777575ad48a6a4c0c192fe2e6a4123b56ae26cdee
1830,2026-08-24,81.4,82.0,80.5,81.8,71748,5842876.3,,,,render_normalized,tasi_2026-08-20_2026-08-28_20260827T215758538311Z,7a00d373848e778f83c80f1777575ad48a6a4c0c192fe2e6a4123b56ae26cdee
1830,2026-08-25,81.8,81.8,80.4,80.65,49831,4030372.65,,,,render_normalized,tasi_2026-08-20_2026-08-28_20260827T215758538311Z,7a00d373848e778f83c80f1777575ad48a6a4c0c192fe2e6a4123b56ae26cdee
1830,2026-08-26,80.5,82.0,80.5,81.95,96182,7819479.4,,,,render_normalized,tasi_2026-08-20_2026-08-28_20260827T215758538311Z,7a00d373848e778f83c80f1777575ad48a6a4c0c192fe2e6a4123b56ae26cdee
1830,2026-08-27,82.0,82.0,80.7,80.7,61318,4973784.9,,,,render_normalized,tasi_2026-08-20_2026-08-28_20260827T215758538311Z,7a00d373848e778f83c80f1777575ad48a6a4c0c192fe2e6a4123b56ae26cdee
1830,2026-08-30,80.7,81.1,79.35,79.5,61857,4950779.65,,,,render_normalized,tasi_2026-08-29_2026-08-30_20260830T153021490619Z,40f2932d214f44ed867e412ffba0369130210869179423e6eadc9f965765cdba
1830,2026-08-31,79.25,79.3,77.7,78.5,76369,5994550.3,,,,render_normalized,tasi_2026-08-31_2026-08-31_20260831T153022596960Z,374b46eb50c52f8fd4d5c98f4b7cf8e0c79e078fd621a4b30f58d5382471b4af
1831,2026-08-02,5.22,5.26,5.15,5.25,1540243,8043263.77,,,,render_normalized,tasi_2026-07-31_2026-08-02_20260802T153020127593Z,2eb23ca39fcf0e44fa270e6e4d6a1341261e22b2abfbc789ec2875a29009248b
1831,2026-08-03,5.26,5.36,5.21,5.36,2052827,10903841.87,,,,render_normalized,tasi_2026-08-03_2026-08-03_20260803T153021496139Z,4b0f0fa9c3b343cf96fecea13101ae13ad2a21806fd55533770061ac5bb0689d
1831,2026-08-04,5.37,5.4,5.33,5.38,2395970,12854158.22,,,,render_normalized,tasi_2026-08-04_2026-08-04_20260804T153023696814Z,32de4882671eec0a9062962d0f5591f8e56969b134d0070652d21718d4563e66
1831,2026-08-05,5.37,5.42,5.36,5.39,2624816,14144199.97,,,,render_normalized,tasi_2026-08-05_2026-08-05_20260805T153024437012Z,9fd93f225e2663ef72017465f1af6b5bb1e9f620c1b69c07a1f0fd54b850091a
1831,2026-08-06,5.39,5.43,5.32,5.33,2450815,13161927.84,,,,render_normalized,tasi_2026-08-06_2026-08-06_20260806T153021501965Z,6ff377152d0ead67e84f33bc0daa618a818145aa8e2f551c9273431d88ac3851
1831,2026-08-09,5.35,5.39,5.23,5.25,2248391,11923247.87,,,,render_normalized,tasi_2026-08-07_2026-08-09_20260809T153020287151Z,d7eb763bea83ef8684d027dfe3fb0fb7c951f2a9c34d7e37300eab6704449ed3
1831,2026-08-10,5.01,5.01,4.73,4.8,24624045,118782105.24,,,,render_normalized,tasi_2026-08-10_2026-08-10_20260810T153020102570Z,84d11a25e4f1e5c1fd93cef767caa7b24135f07229eeaeab08169c657f7b53de
1831,2026-08-11,4.82,4.82,4.66,4.73,8950170,42180414.7,,,,render_normalized,tasi_2026-08-11_2026-08-11_20260811T153022011718Z,2ca6395fd3fcc72ba670e2961883e5c743cbb0e78c08f0ae926df09c31320865
1831,2026-08-12,4.75,4.75,4.6,4.65,6766072,31538792.9,,,,render_normalized,tasi_2026-08-12_2026-08-12_20260812T153021905708Z,8862a2d01571a3c9a9cdaef7d6c4c85e805809ad63506c8d9042aff3fa53b579
1831,2026-08-13,4.68,4.7,4.6,4.69,4465811,20813599.38,,,,render_normalized,tasi_2026-08-13_2026-08-13_20260813T153020777659Z,e0b6e7e97827824585b899f3f5ae2a43f595aeae92435da9a370d3df14b68b99
1831,2026-08-16,4.74,4.75,4.66,4.66,3997703,18760265.83,,,,render_normalized,tasi_2026-08-14_2026-08-16_20260816T153020395457Z,5392abdf5e4a97362d33f1f6287bf2bc003c7d4bb43d28918b8aa095af9310d7
1831,2026-08-17,4.66,4.71,4.54,4.67,4557644,21148750.93,,,,render_normalized,tasi_2026-08-17_2026-08-17_20260817T153022794323Z,56ab1200186f32f6bf2b699463f355510bc0a3da931f38c90816013f38a2eaf0
1831,2026-08-18,4.67,4.7,4.64,4.65,4538410,21182329.93,,,,render_normalized,tasi_2026-08-18_2026-08-18_20260818T153020653358Z,1cfd844fc98ba7ee716337d459294e8e314daaa0f85480a8e110399f3a6b856d
1831,2026-08-19,4.64,4.69,4.62,4.69,4077747,18993063.78,,,,render_normalized,tasi_2026-08-19_2026-08-19_20260819T153022440747Z,c9f50859d8825bb8e17dc890cb696be42681eb6c5d61b3749a33257a86f3517b
1831,2026-08-20,4.73,4.82,4.7,4.73,11044635,52495360.62,,,,render_normalized,tasi_2026-08-20_2026-08-28_20260827T215758538311Z,7a00d373848e778f83c80f1777575ad48a6a4c0c192fe2e6a4123b56ae26cdee
1831,2026-08-23,4.72,4.74,4.69,4.71,3758038,17723742.93,,,,render_normalized,tasi_2026-08-20_2026-08-28_20260827T215758538311Z,7a00d373848e778f83c80f1777575ad48a6a4c0c192fe2e6a4123b56ae26cdee
1831,2026-08-24,4.72,4.8,4.66,4.72,16270356,76705384.69,,,,render_normalized,tasi_2026-08-20_2026-08-28_20260827T215758538311Z,7a00d373848e778f83c80f1777575ad48a6a4c0c192fe2e6a4123b56ae26cdee
1831,2026-08-25,4.72,4.73,4.67,4.7,3771621,17715536.54,,,,render_normalized,tasi_2026-08-20_2026-08-28_20260827T215758538311Z,7a00d373848e778f83c80f1777575ad48a6a4c0c192fe2e6a4123b56ae26cdee
1831,2026-08-26,4.71,4.71,4.66,4.68,3446866,16114441.76,,,,render_normalized,tasi_2026-08-20_2026-08-28_20260827T215758538311Z,7a00d373848e778f83c80f1777575ad48a6a4c0c192fe2e6a4123b56ae26cdee
1831,2026-08-27,4.68,4.69,4.64,4.65,3718957,17321462.31,,,,render_normalized,tasi_2026-08-20_2026-08-28_20260827T215758538311Z,7a00d373848e778f83c80f1777575ad48a6a4c0c192fe2e6a4123b56ae26cdee
1831,2026-08-30,4.66,4.68,4.64,4.66,2485769,11580928.15,,,,render_normalized,tasi_2026-08-29_2026-08-30_20260830T153021490619Z,40f2932d214f44ed867e412ffba0369130210869179423e6eadc9f965765cdba
1831,2026-08-31,4.66,4.74,4.65,4.68,10554434,49541753.03,,,,render_normalized,tasi_2026-08-31_2026-08-31_20260831T153022596960Z,374b46eb50c52f8fd4d5c98f4b7cf8e0c79e078fd621a4b30f58d5382471b4af
1832,2026-08-02,2.5,2.52,2.48,2.5,775102,1945011.52,,,,render_normalized,tasi_2026-07-31_2026-08-02_20260802T153020127593Z,2eb23ca39fcf0e44fa270e6e4d6a1341261e22b2abfbc789ec2875a29009248b
1832,2026-08-03,2.52,2.58,2.51,2.57,2670177,6805231.02,,,,render_normalized,tasi_2026-08-03_2026-08-03_20260803T153021496139Z,4b0f0fa9c3b343cf96fecea13101ae13ad2a21806fd55533770061ac5bb0689d
1832,2026-08-04,2.58,2.61,2.57,2.6,1354923,3505574.78,,,,render_normalized,tasi_2026-08-04_2026-08-04_20260804T153023696814Z,32de4882671eec0a9062962d0f5591f8e56969b134d0070652d21718d4563e66
1832,2026-08-05,2.6,2.63,2.59,2.6,1734672,4522189.32,,,,render_normalized,tasi_2026-08-05_2026-08-05_20260805T153024437012Z,9fd93f225e2663ef72017465f1af6b5bb1e9f620c1b69c07a1f0fd54b850091a
1832,2026-08-06,2.59,2.62,2.57,2.57,891468,2302447.23,,,,render_normalized,tasi_2026-08-06_2026-08-06_20260806T153021501965Z,6ff377152d0ead67e84f33bc0daa618a818145aa8e2f551c9273431d88ac3851
1832,2026-08-09,2.59,2.61,2.49,2.5,2979681,7575486.17,,,,render_normalized,tasi_2026-08-07_2026-08-09_20260809T153020287151Z,d7eb763bea83ef8684d027dfe3fb0fb7c951f2a9c34d7e37300eab6704449ed3
1832,2026-08-10,2.5,2.55,2.47,2.54,1967551,4948018.97,,,,render_normalized,tasi_2026-08-10_2026-08-10_20260810T153020102570Z,84d11a25e4f1e5c1fd93cef767caa7b24135f07229eeaeab08169c657f7b53de
1832,2026-08-11,2.54,2.54,2.5,2.5,754286,1897905.86,,,,render_normalized,tasi_2026-08-11_2026-08-11_20260811T153022011718Z,2ca6395fd3fcc72ba670e2961883e5c743cbb0e78c08f0ae926df09c31320865
1832,2026-08-12,2.5,2.55,2.5,2.51,1483565,3741641.61,,,,render_normalized,tasi_2026-08-12_2026-08-12_20260812T153021905708Z,8862a2d01571a3c9a9cdaef7d6c4c85e805809ad63506c8d9042aff3fa53b579
1832,2026-08-13,2.5,2.58,2.5,2.53,5306566,13499949.76,,,,render_normalized,tasi_2026-08-13_2026-08-13_20260813T153020777659Z,e0b6e7e97827824585b899f3f5ae2a43f595aeae92435da9a370d3df14b68b99
1832,2026-08-16,2.56,2.58,2.52,2.52,1522205,3867791.23,,,,render_normalized,tasi_2026-08-14_2026-08-16_20260816T153020395457Z,5392abdf5e4a97362d33f1f6287bf2bc003c7d4bb43d28918b8aa095af9310d7
1832,2026-08-17,2.52,2.52,2.49,2.5,952600,2386618.54,,,,render_normalized,tasi_2026-08-17_2026-08-17_20260817T153022794323Z,56ab1200186f32f6bf2b699463f355510bc0a3da931f38c90816013f38a2eaf0
1832,2026-08-18,2.5,2.51,2.49,2.5,973497,2435542.96,,,,render_normalized,tasi_2026-08-18_2026-08-18_20260818T153020653358Z,1cfd844fc98ba7ee716337d459294e8e314daaa0f85480a8e110399f3a6b856d
1832,2026-08-19,2.5,2.53,2.5,2.5,1101900,2762709.65,,,,render_normalized,tasi_2026-08-19_2026-08-19_20260819T153022440747Z,c9f50859d8825bb8e17dc890cb696be42681eb6c5d61b3749a33257a86f3517b
1832,2026-08-20,2.51,2.55,2.5,2.52,1871121,4723795.26,,,,render_normalized,tasi_2026-08-20_2026-08-28_20260827T215758538311Z,7a00d373848e778f83c80f1777575ad48a6a4c0c192fe2e6a4123b56ae26cdee
1832,2026-08-23,2.54,2.55,2.53,2.55,1244013,3159198.56,,,,render_normalized,tasi_2026-08-20_2026-08-28_20260827T215758538311Z,7a00d373848e778f83c80f1777575ad48a6a4c0c192fe2e6a4123b56ae26cdee
1832,2026-08-24,2.54,2.58,2.54,2.54,3106474,7946870.46,,,,render_normalized,tasi_2026-08-20_2026-08-28_20260827T215758538311Z,7a00d373848e778f83c80f1777575ad48a6a4c0c192fe2e6a4123b56ae26cdee
1832,2026-08-25,2.54,2.58,2.54,2.56,1784284,4578857.82,,,,render_normalized,tasi_2026-08-20_2026-08-28_20260827T215758538311Z,7a00d373848e778f83c80f1777575ad48a6a4c0c192fe2e6a4123b56ae26cdee
1832,2026-08-26,2.56,2.59,2.55,2.56,1338232,3437624.7,,,,render_normalized,tasi_2026-08-20_2026-08-28_20260827T215758538311Z,7a00d373848e778f83c80f1777575ad48a6a4c0c192fe2e6a4123b56ae26cdee
1832,2026-08-27,2.56,2.57,2.53,2.55,1198632,3050932.87,,,,render_normalized,tasi_2026-08-20_2026-08-28_20260827T215758538311Z,7a00d373848e778f83c80f1777575ad48a6a4c0c192fe2e6a4123b56ae26cdee
1832,2026-08-30,2.55,2.56,2.53,2.53,1136964,2887140.49,,,,render_normalized,tasi_2026-08-29_2026-08-30_20260830T153021490619Z,40f2932d214f44ed867e412ffba0369130210869179423e6eadc9f965765cdba
1832,2026-08-31,2.53,2.54,2.5,2.5,1567161,3949152.24,,,,render_normalized,tasi_2026-08-31_2026-08-31_20260831T153022596960Z,374b46eb50c52f8fd4d5c98f4b7cf8e0c79e078fd621a4b30f58d5382471b4af
1833,2026-08-02,105.8,106.0,103.5,105.2,67056,7015884.4,,,,render_normalized,tasi_2026-07-31_2026-08-02_20260802T153020127593Z,2eb23ca39fcf0e44fa270e6e4d6a1341261e22b2abfbc789ec2875a29009248b
1833,2026-08-03,105.2,107.8,104.6,107.8,64966,6911120.2,,,,render_normalized,tasi_2026-08-03_2026-08-03_20260803T153021496139Z,4b0f0fa9c3b343cf96fecea13101ae13ad2a21806fd55533770061ac5bb0689d
1833,2026-08-04,107.7,110.0,107.5,109.9,115486,12587287.5,,,,render_normalized,tasi_2026-08-04_2026-08-04_20260804T153023696814Z,32de4882671eec0a9062962d0f5591f8e56969b134d0070652d21718d4563e66
1833,2026-08-05,109.8,109.8,107.3,108.0,52763,5724092.3,,,,render_normalized,tasi_2026-08-05_2026-08-05_20260805T153024437012Z,9fd93f225e2663ef72017465f1af6b5bb1e9f620c1b69c07a1f0fd54b850091a
1833,2026-08-06,110.0,112.2,108.8,109.0,251685,27728668.0,,,,render_normalized,tasi_2026-08-06_2026-08-06_20260806T153021501965Z,6ff377152d0ead67e84f33bc0daa618a818145aa8e2f551c9273431d88ac3851
1833,2026-08-09,110.2,110.2,106.7,106.8,47274,5110107.4,,,,render_normalized,tasi_2026-08-07_2026-08-09_20260809T153020287151Z,d7eb763bea83ef8684d027dfe3fb0fb7c951f2a9c34d7e37300eab6704449ed3
1833,2026-08-10,106.8,106.9,104.8,106.7,50175,5323736.6,,,,render_normalized,tasi_2026-08-10_2026-08-10_20260810T153020102570Z,84d11a25e4f1e5c1fd93cef767caa7b24135f07229eeaeab08169c657f7b53de
1833,2026-08-11,106.8,106.8,104.6,105.0,60508,6384133.8,,,,render_normalized,tasi_2026-08-11_2026-08-11_20260811T153022011718Z,2ca6395fd3fcc72ba670e2961883e5c743cbb0e78c08f0ae926df09c31320865
1833,2026-08-12,104.8,106.4,104.7,105.0,64855,6827921.6,,,,render_normalized,tasi_2026-08-12_2026-08-12_20260812T153021905708Z,8862a2d01571a3c9a9cdaef7d6c4c85e805809ad63506c8d9042aff3fa53b579
1833,2026-08-13,104.7,105.7,104.0,104.7,69656,7299402.5,,,,render_normalized,tasi_2026-08-13_2026-08-13_20260813T153020777659Z,e0b6e7e97827824585b899f3f5ae2a43f595aeae92435da9a370d3df14b68b99
1833,2026-08-16,104.8,105.5,102.6,103.0,83280,8645208.3,,,,render_normalized,tasi_2026-08-14_2026-08-16_20260816T153020395457Z,5392abdf5e4a97362d33f1f6287bf2bc003c7d4bb43d28918b8aa095af9310d7
1833,2026-08-17,103.5,103.8,101.7,103.1,76501,7848455.8,,,,render_normalized,tasi_2026-08-17_2026-08-17_20260817T153022794323Z,56ab1200186f32f6bf2b699463f355510bc0a3da931f38c90816013f38a2eaf0
1833,2026-08-18,103.1,105.2,103.1,104.4,157238,16398745.9,,,,render_normalized,tasi_2026-08-18_2026-08-18_20260818T153020653358Z,1cfd844fc98ba7ee716337d459294e8e314daaa0f85480a8e110399f3a6b856d
1833,2026-08-19,102.2,104.0,102.2,103.3,81928,8430369.6,,,,render_normalized,tasi_2026-08-19_2026-08-19_20260819T153022440747Z,c9f50859d8825bb8e17dc890cb696be42681eb6c5d61b3749a33257a86f3517b
1833,2026-08-20,103.3,104.4,102.2,103.3,60950,6300480.3,,,,render_normalized,tasi_2026-08-20_2026-08-28_20260827T215758538311Z,7a00d373848e778f83c80f1777575ad48a6a4c0c192fe2e6a4123b56ae26cdee
1833,2026-08-23,103.1,104.1,103.1,103.8,56786,5880538.3,,,,render_normalized,tasi_2026-08-20_2026-08-28_20260827T215758538311Z,7a00d373848e778f83c80f1777575ad48a6a4c0c192fe2e6a4123b56ae26cdee
1833,2026-08-24,104.2,106.9,103.3,104.0,195534,20535616.6,,,,render_normalized,tasi_2026-08-20_2026-08-28_20260827T215758538311Z,7a00d373848e778f83c80f1777575ad48a6a4c0c192fe2e6a4123b56ae26cdee
1833,2026-08-25,103.5,105.0,103.0,104.5,98008,10200524.6,,,,render_normalized,tasi_2026-08-20_2026-08-28_20260827T215758538311Z,7a00d373848e778f83c80f1777575ad48a6a4c0c192fe2e6a4123b56ae26cdee
1833,2026-08-26,104.5,105.5,103.6,104.5,72132,7535594.0,,,,render_normalized,tasi_2026-08-20_2026-08-28_20260827T215758538311Z,7a00d373848e778f83c80f1777575ad48a6a4c0c192fe2e6a4123b56ae26cdee
1833,2026-08-27,105.0,105.0,103.0,104.0,66519,6890427.7,,,,render_normalized,tasi_2026-08-20_2026-08-28_20260827T215758538311Z,7a00d373848e778f83c80f1777575ad48a6a4c0c192fe2e6a4123b56ae26cdee
1833,2026-08-30,104.1,105.0,103.0,103.7,41280,4294104.6,,,,render_normalized,tasi_2026-08-29_2026-08-30_20260830T153021490619Z,40f2932d214f44ed867e412ffba0369130210869179423e6eadc9f965765cdba
1833,2026-08-31,103.4,105.5,103.4,105.0,67764,7095807.7,,,,render_normalized,tasi_2026-08-31_2026-08-31_20260831T153022596960Z,374b46eb50c52f8fd4d5c98f4b7cf8e0c79e078fd621a4b30f58d5382471b4af
1834,2026-08-02,6.18,6.21,6.14,6.21,199095,1233229.43,,,,render_normalized,tasi_2026-07-31_2026-08-02_20260802T153020127593Z,2eb23ca39fcf0e44fa270e6e4d6a1341261e22b2abfbc789ec2875a29009248b
1834,2026-08-03,6.18,6.4,6.18,6.36,1215443,7694157.11,,,,render_normalized,tasi_2026-08-03_2026-08-03_20260803T153021496139Z,4b0f0fa9c3b343cf96fecea13101ae13ad2a21806fd55533770061ac5bb0689d
1834,2026-08-04,6.36,6.46,6.36,6.45,1392913,8948247.11,,,,render_normalized,tasi_2026-08-04_2026-08-04_20260804T153023696814Z,32de4882671eec0a9062962d0f5591f8e56969b134d0070652d21718d4563e66
1834,2026-08-05,6.44,6.49,6.4,6.48,1502061,9682572.5,,,,render_normalized,tasi_2026-08-05_2026-08-05_20260805T153024437012Z,9fd93f225e2663ef72017465f1af6b5bb1e9f620c1b69c07a1f0fd54b850091a
1834,2026-08-06,6.42,6.47,6.36,6.4,947958,6084273.16,,,,render_normalized,tasi_2026-08-06_2026-08-06_20260806T153021501965Z,6ff377152d0ead67e84f33bc0daa618a818145aa8e2f551c9273431d88ac3851
1834,2026-08-09,6.5,6.61,6.35,6.35,1794968,11635600.9,,,,render_normalized,tasi_2026-08-07_2026-08-09_20260809T153020287151Z,d7eb763bea83ef8684d027dfe3fb0fb7c951f2a9c34d7e37300eab6704449ed3
1834,2026-08-10,6.35,6.35,5.84,5.88,5579191,33315754.43,,,,render_normalized,tasi_2026-08-10_2026-08-10_20260810T153020102570Z,84d11a25e4f1e5c1fd93cef767caa7b24135f07229eeaeab08169c657f7b53de
1834,2026-08-11,5.9,5.9,5.74,5.79,2224423,12891032.69,,,,render_normalized,tasi_2026-08-11_2026-08-11_20260811T153022011718Z,2ca6395fd3fcc72ba670e2961883e5c743cbb0e78c08f0ae926df09c31320865
1834,2026-08-12,5.8,5.84,5.72,5.78,1498471,8669889.36,,,,render_normalized,tasi_2026-08-12_2026-08-12_20260812T153021905708Z,8862a2d01571a3c9a9cdaef7d6c4c85e805809ad63506c8d9042aff3fa53b579
1834,2026-08-13,5.75,5.77,5.67,5.69,1706141,9743630.74,,,,render_normalized,tasi_2026-08-13_2026-08-13_20260813T153020777659Z,e0b6e7e97827824585b899f3f5ae2a43f595aeae92435da9a370d3df14b68b99
1834,2026-08-16,5.71,5.79,5.66,5.71,1062689,6070984.31,,,,render_normalized,tasi_2026-08-14_2026-08-16_20260816T153020395457Z,5392abdf5e4a97362d33f1f6287bf2bc003c7d4bb43d28918b8aa095af9310d7
1834,2026-08-17,5.71,5.71,5.6,5.7,2070956,11721739.44,,,,render_normalized,tasi_2026-08-17_2026-08-17_20260817T153022794323Z,56ab1200186f32f6bf2b699463f355510bc0a3da931f38c90816013f38a2eaf0
1834,2026-08-18,5.7,5.76,5.6,5.69,2518223,14221758.99,,,,render_normalized,tasi_2026-08-18_2026-08-18_20260818T153020653358Z,1cfd844fc98ba7ee716337d459294e8e314daaa0f85480a8e110399f3a6b856d
1834,2026-08-19,5.69,5.71,5.62,5.71,1975888,11206713.41,,,,render_normalized,tasi_2026-08-19_2026-08-19_20260819T153022440747Z,c9f50859d8825bb8e17dc890cb696be42681eb6c5d61b3749a33257a86f3517b
1834,2026-08-20,5.8,5.82,5.7,5.77,3093987,17804124.09,,,,render_normalized,tasi_2026-08-20_2026-08-28_20260827T215758538311Z,7a00d373848e778f83c80f1777575ad48a6a4c0c192fe2e6a4123b56ae26cdee
1834,2026-08-23,5.8,5.89,5.8,5.87,1915957,11201029.47,,,,render_normalized,tasi_2026-08-20_2026-08-28_20260827T215758538311Z,7a00d373848e778f83c80f1777575ad48a6a4c0c192fe2e6a4123b56ae26cdee
1834,2026-08-24,5.89,6.0,5.87,5.97,3328019,19830073.99,,,,render_normalized,tasi_2026-08-20_2026-08-28_20260827T215758538311Z,7a00d373848e778f83c80f1777575ad48a6a4c0c192fe2e6a4123b56ae26cdee
1834,2026-08-25,5.98,5.99,5.88,5.9,2371581,14005530.37,,,,render_normalized,tasi_2026-08-20_2026-08-28_20260827T215758538311Z,7a00d373848e778f83c80f1777575ad48a6a4c0c192fe2e6a4123b56ae26cdee
1834,2026-08-26,5.94,5.96,5.88,5.92,2210844,13086271.65,,,,render_normalized,tasi_2026-08-20_2026-08-28_20260827T215758538311Z,7a00d373848e778f83c80f1777575ad48a6a4c0c192fe2e6a4123b56ae26cdee
1834,2026-08-27,5.94,5.99,5.89,5.97,5473457,32448116.86,,,,render_normalized,tasi_2026-08-20_2026-08-28_20260827T215758538311Z,7a00d373848e778f83c80f1777575ad48a6a4c0c192fe2e6a4123b56ae26cdee
1834,2026-08-30,5.87,5.89,5.73,5.76,3322116,19196629.62,,,,render_normalized,tasi_2026-08-29_2026-08-30_20260830T153021490619Z,40f2932d214f44ed867e412ffba0369130210869179423e6eadc9f965765cdba
1834,2026-08-31,5.74,5.82,5.74,5.78,1457786,8426485.6,,,,render_normalized,tasi_2026-08-31_2026-08-31_20260831T153022596960Z,374b46eb50c52f8fd4d5c98f4b7cf8e0c79e078fd621a4b30f58d5382471b4af
1835,2026-08-02,48.2,48.84,47.9,48.8,47434,2300359.16,,,,render_normalized,tasi_2026-07-31_2026-08-02_20260802T153020127593Z,2eb23ca39fcf0e44fa270e6e4d6a1341261e22b2abfbc789ec2875a29009248b
1835,2026-08-03,48.8,49.58,48.6,49.4,71774,3534925.78,,,,render_normalized,tasi_2026-08-03_2026-08-03_20260803T153021496139Z,4b0f0fa9c3b343cf96fecea13101ae13ad2a21806fd55533770061ac5bb0689d
1835,2026-08-04,49.3,50.3,49.3,49.98,80308,4001418.6,,,,render_normalized,tasi_2026-08-04_2026-08-04_20260804T153023696814Z,32de4882671eec0a9062962d0f5591f8e56969b134d0070652d21718d4563e66
1835,2026-08-05,50.5,50.8,49.3,49.86,167284,8395789.68,,,,render_normalized,tasi_2026-08-05_2026-08-05_20260805T153024437012Z,9fd93f225e2663ef72017465f1af6b5bb1e9f620c1b69c07a1f0fd54b850091a
1835,2026-08-06,50.3,50.8,49.94,50.6,80059,4034383.92,,,,render_normalized,tasi_2026-08-06_2026-08-06_20260806T153021501965Z,6ff377152d0ead67e84f33bc0daa618a818145aa8e2f551c9273431d88ac3851
1835,2026-08-09,50.85,50.95,49.72,49.82,43669,2190572.77,,,,render_normalized,tasi_2026-08-07_2026-08-09_20260809T153020287151Z,d7eb763bea83ef8684d027dfe3fb0fb7c951f2a9c34d7e37300eab6704449ed3
1835,2026-08-10,49.48,49.56,48.3,48.48,115388,5620899.74,,,,render_normalized,tasi_2026-08-10_2026-08-10_20260810T153020102570Z,84d11a25e4f1e5c1fd93cef767caa7b24135f07229eeaeab08169c657f7b53de
1835,2026-08-11,48.5,49.34,48.12,48.9,113398,5541913.2,,,,render_normalized,tasi_2026-08-11_2026-08-11_20260811T153022011718Z,2ca6395fd3fcc72ba670e2961883e5c743cbb0e78c08f0ae926df09c31320865
1835,2026-08-12,48.92,49.2,48.42,48.5,69381,3375525.84,,,,render_normalized,tasi_2026-08-12_2026-08-12_20260812T153021905708Z,8862a2d01571a3c9a9cdaef7d6c4c85e805809ad63506c8d9042aff3fa53b579
1835,2026-08-13,48.5,48.66,48.14,48.14,89232,4320742.68,,,,render_normalized,tasi_2026-08-13_2026-08-13_20260813T153020777659Z,e0b6e7e97827824585b899f3f5ae2a43f595aeae92435da9a370d3df14b68b99
1835,2026-08-16,47.04,47.3,46.3,46.58,102706,4783976.36,,,,render_normalized,tasi_2026-08-14_2026-08-16_20260816T153020395457Z,5392abdf5e4a97362d33f1f6287bf2bc003c7d4bb43d28918b8aa095af9310d7
1835,2026-08-17,46.58,46.58,45.92,46.14,42970,1982145.74,,,,render_normalized,tasi_2026-08-17_2026-08-17_20260817T153022794323Z,56ab1200186f32f6bf2b699463f355510bc0a3da931f38c90816013f38a2eaf0
1835,2026-08-18,46.1,46.1,45.64,45.7,44928,2058121.8,,,,render_normalized,tasi_2026-08-18_2026-08-18_20260818T153020653358Z,1cfd844fc98ba7ee716337d459294e8e314daaa0f85480a8e110399f3a6b856d
1835,2026-08-19,45.7,46.16,45.62,46.16,30591,1404892.16,,,,render_normalized,tasi_2026-08-19_2026-08-19_20260819T153022440747Z,c9f50859d8825bb8e17dc890cb696be42681eb6c5d61b3749a33257a86f3517b
1835,2026-08-20,46.12,46.24,45.74,46.1,84432,3884220.2,,,,render_normalized,tasi_2026-08-20_2026-08-28_20260827T215758538311Z,7a00d373848e778f83c80f1777575ad48a6a4c0c192fe2e6a4123b56ae26cdee
1835,2026-08-23,45.98,47.04,45.98,46.98,75970,3543496.98,,,,render_normalized,tasi_2026-08-20_2026-08-28_20260827T215758538311Z,7a00d373848e778f83c80f1777575ad48a6a4c0c192fe2e6a4123b56ae26cdee
1835,2026-08-24,46.9,47.72,46.82,47.04,92789,4393568.98,,,,render_normalized,tasi_2026-08-20_2026-08-28_20260827T215758538311Z,7a00d373848e778f83c80f1777575ad48a6a4c0c192fe2e6a4123b56ae26cdee
1835,2026-08-25,47.04,47.6,46.6,47.38,105142,4954873.98,,,,render_normalized,tasi_2026-08-20_2026-08-28_20260827T215758538311Z,7a00d373848e778f83c80f1777575ad48a6a4c0c192fe2e6a4123b56ae26cdee
1835,2026-08-26,47.5,47.72,47.16,47.7,68472,3252254.02,,,,render_normalized,tasi_2026-08-20_2026-08-28_20260827T215758538311Z,7a00d373848e778f83c80f1777575ad48a6a4c0c192fe2e6a4123b56ae26cdee
1835,2026-08-27,47.72,48.66,47.6,48.26,101267,4887365.72,,,,render_normalized,tasi_2026-08-20_2026-08-28_20260827T215758538311Z,7a00d373848e778f83c80f1777575ad48a6a4c0c192fe2e6a4123b56ae26cdee
1835,2026-08-30,48.3,48.82,47.9,48.5,46989,2273190.22,,,,render_normalized,tasi_2026-08-29_2026-08-30_20260830T153021490619Z,40f2932d214f44ed867e412ffba0369130210869179423e6eadc9f965765cdba
1835,2026-08-31,48.5,48.92,48.28,48.66,55577,2704059.7,,,,render_normalized,tasi_2026-08-31_2026-08-31_20260831T153022596960Z,374b46eb50c52f8fd4d5c98f4b7cf8e0c79e078fd621a4b30f58d5382471b4af
2001,2026-08-02,32.9,34.0,32.32,32.32,394713,12986425.54,,,,render_normalized,tasi_2026-07-31_2026-08-02_20260802T153020127593Z,2eb23ca39fcf0e44fa270e6e4d6a1341261e22b2abfbc789ec2875a29009248b
2001,2026-08-03,31.8,35.1,31.32,33.3,513903,17220332.82,,,,render_normalized,tasi_2026-08-03_2026-08-03_20260803T153021496139Z,4b0f0fa9c3b343cf96fecea13101ae13ad2a21806fd55533770061ac5bb0689d
2001,2026-08-04,33.0,34.3,32.84,33.0,229325,7678036.96,,,,render_normalized,tasi_2026-08-04_2026-08-04_20260804T153023696814Z,32de4882671eec0a9062962d0f5591f8e56969b134d0070652d21718d4563e66
2001,2026-08-05,33.1,33.52,32.26,32.46,180466,5959484.58,,,,render_normalized,tasi_2026-08-05_2026-08-05_20260805T153024437012Z,9fd93f225e2663ef72017465f1af6b5bb1e9f620c1b69c07a1f0fd54b850091a
2001,2026-08-06,32.46,32.46,30.12,31.16,106208,3379547.12,,,,render_normalized,tasi_2026-08-06_2026-08-06_20260806T153021501965Z,6ff377152d0ead67e84f33bc0daa618a818145aa8e2f551c9273431d88ac3851
2001,2026-08-09,31.14,31.2,30.54,30.54,72293,2228707.34,,,,render_normalized,tasi_2026-08-07_2026-08-09_20260809T153020287151Z,d7eb763bea83ef8684d027dfe3fb0fb7c951f2a9c34d7e37300eab6704449ed3
2001,2026-08-10,30.52,30.52,29.4,29.48,131793,3913469.76,,,,render_normalized,tasi_2026-08-10_2026-08-10_20260810T153020102570Z,84d11a25e4f1e5c1fd93cef767caa7b24135f07229eeaeab08169c657f7b53de
2001,2026-08-11,29.44,29.8,29.1,29.1,93905,2766916.72,,,,render_normalized,tasi_2026-08-11_2026-08-11_20260811T153022011718Z,2ca6395fd3fcc72ba670e2961883e5c743cbb0e78c08f0ae926df09c31320865
2001,2026-08-13,29.1,29.1,27.74,28.08,145078,4099952.66,,,,render_normalized,tasi_2026-08-13_2026-08-13_20260813T153020777659Z,e0b6e7e97827824585b899f3f5ae2a43f595aeae92435da9a370d3df14b68b99
2001,2026-08-16,28.08,29.2,27.7,27.7,100676,2847377.14,,,,render_normalized,tasi_2026-08-14_2026-08-16_20260816T153020395457Z,5392abdf5e4a97362d33f1f6287bf2bc003c7d4bb43d28918b8aa095af9310d7
2001,2026-08-17,27.68,28.24,27.38,27.5,73604,2043013.26,,,,render_normalized,tasi_2026-08-17_2026-08-17_20260817T153022794323Z,56ab1200186f32f6bf2b699463f355510bc0a3da931f38c90816013f38a2eaf0
2001,2026-08-18,27.22,30.24,27.04,30.24,263185,7682519.04,,,,render_normalized,tasi_2026-08-18_2026-08-18_20260818T153020653358Z,1cfd844fc98ba7ee716337d459294e8e314daaa0f85480a8e110399f3a6b856d
2001,2026-08-19,31.38,33.24,31.0,32.58,983008,31747175.74,,,,render_normalized,tasi_2026-08-19_2026-08-19_20260819T153022440747Z,c9f50859d8825bb8e17dc890cb696be42681eb6c5d61b3749a33257a86f3517b
2001,2026-08-20,32.6,34.0,32.1,32.1,348468,11490499.8,,,,render_normalized,tasi_2026-08-20_2026-08-28_20260827T215758538311Z,7a00d373848e778f83c80f1777575ad48a6a4c0c192fe2e6a4123b56ae26cdee
2001,2026-08-23,32.1,32.4,31.4,31.4,166242,5311784.46,,,,render_normalized,tasi_2026-08-20_2026-08-28_20260827T215758538311Z,7a00d373848e778f83c80f1777575ad48a6a4c0c192fe2e6a4123b56ae26cdee
2001,2026-08-24,31.4,34.1,31.4,32.56,532564,17759766.2,,,,render_normalized,tasi_2026-08-20_2026-08-28_20260827T215758538311Z,7a00d373848e778f83c80f1777575ad48a6a4c0c192fe2e6a4123b56ae26cdee
2001,2026-08-25,32.94,32.94,31.88,31.9,161668,5192028.06,,,,render_normalized,tasi_2026-08-20_2026-08-28_20260827T215758538311Z,7a00d373848e778f83c80f1777575ad48a6a4c0c192fe2e6a4123b56ae26cdee
2001,2026-08-26,32.0,32.34,31.56,32.0,121377,3879767.76,,,,render_normalized,tasi_2026-08-20_2026-08-28_20260827T215758538311Z,7a00d373848e778f83c80f1777575ad48a6a4c0c192fe2e6a4123b56ae26cdee
2001,2026-08-27,32.04,32.06,30.8,31.1,190164,5961276.12,,,,render_normalized,tasi_2026-08-20_2026-08-28_20260827T215758538311Z,7a00d373848e778f83c80f1777575ad48a6a4c0c192fe2e6a4123b56ae26cdee
2001,2026-08-30,31.1,31.5,30.6,30.9,67753,2102341.64,,,,render_normalized,tasi_2026-08-29_2026-08-30_20260830T153021490619Z,40f2932d214f44ed867e412ffba0369130210869179423e6eadc9f965765cdba
2001,2026-08-31,30.86,30.92,30.26,30.26,112784,3439057.96,,,,render_normalized,tasi_2026-08-31_2026-08-31_20260831T153022596960Z,374b46eb50c52f8fd4d5c98f4b7cf8e0c79e078fd621a4b30f58d5382471b4af
2010,2026-08-02,49.9,50.5,49.76,50.05,1259490,63235291.91,,,,render_normalized,tasi_2026-07-31_2026-08-02_20260802T153020127593Z,2eb23ca39fcf0e44fa270e6e4d6a1341261e22b2abfbc789ec2875a29009248b
2010,2026-08-03,50.25,51.25,50.1,50.95,2079847,105794976.1,,,,render_normalized,tasi_2026-08-03_2026-08-03_20260803T153021496139Z,4b0f0fa9c3b343cf96fecea13101ae13ad2a21806fd55533770061ac5bb0689d
2010,2026-08-04,51.0,52.0,50.95,51.3,2413536,124334227.9,,,,render_normalized,tasi_2026-08-04_2026-08-04_20260804T153023696814Z,32de4882671eec0a9062962d0f5591f8e56969b134d0070652d21718d4563e66
2010,2026-08-05,51.3,51.75,50.95,51.0,1599699,81972405.6,,,,render_normalized,tasi_2026-08-05_2026-08-05_20260805T153024437012Z,9fd93f225e2663ef72017465f1af6b5bb1e9f620c1b69c07a1f0fd54b850091a
2010,2026-08-06,51.0,51.2,50.55,50.55,1640351,83444052.35,,,,render_normalized,tasi_2026-08-06_2026-08-06_20260806T153021501965Z,6ff377152d0ead67e84f33bc0daa618a818145aa8e2f551c9273431d88ac3851
2010,2026-08-09,50.8,51.3,50.65,51.15,781305,39870289.6,,,,render_normalized,tasi_2026-08-07_2026-08-09_20260809T153020287151Z,d7eb763bea83ef8684d027dfe3fb0fb7c951f2a9c34d7e37300eab6704449ed3
2010,2026-08-10,51.2,51.3,50.85,51.0,1576318,80464444.4,,,,render_normalized,tasi_2026-08-10_2026-08-10_20260810T153020102570Z,84d11a25e4f1e5c1fd93cef767caa7b24135f07229eeaeab08169c657f7b53de
2010,2026-08-11,51.0,51.7,51.0,51.2,1800165,92515508.05,,,,render_normalized,tasi_2026-08-11_2026-08-11_20260811T153022011718Z,2ca6395fd3fcc72ba670e2961883e5c743cbb0e78c08f0ae926df09c31320865
2010,2026-08-12,50.55,50.55,49.64,49.64,2770165,138735086.19,,,,render_normalized,tasi_2026-08-12_2026-08-12_20260812T153021905708Z,8862a2d01571a3c9a9cdaef7d6c4c85e805809ad63506c8d9042aff3fa53b579
2010,2026-08-13,49.82,49.92,49.2,49.2,1946805,96189213.06,,,,render_normalized,tasi_2026-08-13_2026-08-13_20260813T153020777659Z,e0b6e7e97827824585b899f3f5ae2a43f595aeae92435da9a370d3df14b68b99
2010,2026-08-16,49.6,50.3,49.6,50.2,1137099,56910686.55,,,,render_normalized,tasi_2026-08-14_2026-08-16_20260816T153020395457Z,5392abdf5e4a97362d33f1f6287bf2bc003c7d4bb43d28918b8aa095af9310d7
2010,2026-08-17,50.1,50.1,49.56,49.62,1272940,63288529.18,,,,render_normalized,tasi_2026-08-17_2026-08-17_20260817T153022794323Z,56ab1200186f32f6bf2b699463f355510bc0a3da931f38c90816013f38a2eaf0
2010,2026-08-18,49.7,50.3,49.6,49.6,1813466,90291032.54,,,,render_normalized,tasi_2026-08-18_2026-08-18_20260818T153020653358Z,1cfd844fc98ba7ee716337d459294e8e314daaa0f85480a8e110399f3a6b856d
2010,2026-08-19,49.6,49.84,49.42,49.5,870902,43138544.44,,,,render_normalized,tasi_2026-08-19_2026-08-19_20260819T153022440747Z,c9f50859d8825bb8e17dc890cb696be42681eb6c5d61b3749a33257a86f3517b
2010,2026-08-20,49.5,49.64,49.4,49.5,1295184,64126058.1,,,,render_normalized,tasi_2026-08-20_2026-08-28_20260827T215758538311Z,7a00d373848e778f83c80f1777575ad48a6a4c0c192fe2e6a4123b56ae26cdee
2010,2026-08-23,49.54,50.3,49.54,50.15,1334017,66722207.06,,,,render_normalized,tasi_2026-08-20_2026-08-28_20260827T215758538311Z,7a00d373848e778f83c80f1777575ad48a6a4c0c192fe2e6a4123b56ae26cdee
2010,2026-08-24,50.2,51.15,50.15,50.95,1987164,100838994.5,,,,render_normalized,tasi_2026-08-20_2026-08-28_20260827T215758538311Z,7a00d373848e778f83c80f1777575ad48a6a4c0c192fe2e6a4123b56ae26cdee
2010,2026-08-25,50.95,50.95,50.3,50.3,1406813,71097227.25,,,,render_normalized,tasi_2026-08-20_2026-08-28_20260827T215758538311Z,7a00d373848e778f83c80f1777575ad48a6a4c0c192fe2e6a4123b56ae26cdee
2010,2026-08-26,50.3,50.5,50.15,50.35,1167768,58828203.15,,,,render_normalized,tasi_2026-08-20_2026-08-28_20260827T215758538311Z,7a00d373848e778f83c80f1777575ad48a6a4c0c192fe2e6a4123b56ae26cdee
2010,2026-08-27,50.45,50.6,50.1,50.1,1660644,83584402.7,,,,render_normalized,tasi_2026-08-20_2026-08-28_20260827T215758538311Z,7a00d373848e778f83c80f1777575ad48a6a4c0c192fe2e6a4123b56ae26cdee
2010,2026-08-30,50.2,50.35,50.15,50.3,423912,21299791.0,,,,render_normalized,tasi_2026-08-29_2026-08-30_20260830T153021490619Z,40f2932d214f44ed867e412ffba0369130210869179423e6eadc9f965765cdba
2010,2026-08-31,50.25,50.35,49.44,49.44,3000872,149145045.98,,,,render_normalized,tasi_2026-08-31_2026-08-31_20260831T153022596960Z,374b46eb50c52f8fd4d5c98f4b7cf8e0c79e078fd621a4b30f58d5382471b4af
2020,2026-08-02,119.4,120.3,118.8,119.1,435981,52190651.0,,,,render_normalized,tasi_2026-07-31_2026-08-02_20260802T153020127593Z,2eb23ca39fcf0e44fa270e6e4d6a1341261e22b2abfbc789ec2875a29009248b
2020,2026-08-03,119.2,119.5,115.9,117.1,1035457,121694247.7,,,,render_normalized,tasi_2026-08-03_2026-08-03_20260803T153021496139Z,4b0f0fa9c3b343cf96fecea13101ae13ad2a21806fd55533770061ac5bb0689d
2020,2026-08-04,117.1,123.6,116.9,122.3,1026653,124301460.5,,,,render_normalized,tasi_2026-08-04_2026-08-04_20260804T153023696814Z,32de4882671eec0a9062962d0f5591f8e56969b134d0070652d21718d4563e66
2020,2026-08-05,121.4,122.2,120.4,121.3,394873,47895628.5,,,,render_normalized,tasi_2026-08-05_2026-08-05_20260805T153024437012Z,9fd93f225e2663ef72017465f1af6b5bb1e9f620c1b69c07a1f0fd54b850091a
2020,2026-08-06,121.3,124.7,120.5,121.6,553390,67605145.8,,,,render_normalized,tasi_2026-08-06_2026-08-06_20260806T153021501965Z,6ff377152d0ead67e84f33bc0daa618a818145aa8e2f551c9273431d88ac3851
2020,2026-08-09,121.7,125.0,121.6,124.4,358445,44294254.6,,,,render_normalized,tasi_2026-08-07_2026-08-09_20260809T153020287151Z,d7eb763bea83ef8684d027dfe3fb0fb7c951f2a9c34d7e37300eab6704449ed3
2020,2026-08-10,124.6,127.1,123.8,123.8,1048808,131296162.5,,,,render_normalized,tasi_2026-08-10_2026-08-10_20260810T153020102570Z,84d11a25e4f1e5c1fd93cef767caa7b24135f07229eeaeab08169c657f7b53de
2020,2026-08-11,124.2,126.6,123.6,125.6,778145,97581827.8,,,,render_normalized,tasi_2026-08-11_2026-08-11_20260811T153022011718Z,2ca6395fd3fcc72ba670e2961883e5c743cbb0e78c08f0ae926df09c31320865
2020,2026-08-12,125.6,126.5,125.2,126.5,778585,97973991.4,,,,render_normalized,tasi_2026-08-12_2026-08-12_20260812T153021905708Z,8862a2d01571a3c9a9cdaef7d6c4c85e805809ad63506c8d9042aff3fa53b579
2020,2026-08-13,126.0,126.4,122.1,122.2,566995,70027033.9,,,,render_normalized,tasi_2026-08-13_2026-08-13_20260813T153020777659Z,e0b6e7e97827824585b899f3f5ae2a43f595aeae92435da9a370d3df14b68b99
2020,2026-08-16,124.0,124.0,122.6,122.7,174752,21504765.3,,,,render_normalized,tasi_2026-08-14_2026-08-16_20260816T153020395457Z,5392abdf5e4a97362d33f1f6287bf2bc003c7d4bb43d28918b8aa095af9310d7
2020,2026-08-17,123.4,123.4,122.1,122.1,302800,37129876.9,,,,render_normalized,tasi_2026-08-17_2026-08-17_20260817T153022794323Z,56ab1200186f32f6bf2b699463f355510bc0a3da931f38c90816013f38a2eaf0
2020,2026-08-18,122.3,126.4,122.0,125.0,704791,88019836.1,,,,render_normalized,tasi_2026-08-18_2026-08-18_20260818T153020653358Z,1cfd844fc98ba7ee716337d459294e8e314daaa0f85480a8e110399f3a6b856d
2020,2026-08-19,125.0,125.2,123.6,124.0,281603,34950747.2,,,,render_normalized,tasi_2026-08-19_2026-08-19_20260819T153022440747Z,c9f50859d8825bb8e17dc890cb696be42681eb6c5d61b3749a33257a86f3517b
2020,2026-08-20,125.0,125.8,124.3,124.5,461078,57602511.9,,,,render_normalized,tasi_2026-08-20_2026-08-28_20260827T215758538311Z,7a00d373848e778f83c80f1777575ad48a6a4c0c192fe2e6a4123b56ae26cdee
2020,2026-08-23,124.0,125.2,123.9,125.0,132142,16477075.5,,,,render_normalized,tasi_2026-08-20_2026-08-28_20260827T215758538311Z,7a00d373848e778f83c80f1777575ad48a6a4c0c192fe2e6a4123b56ae26cdee
2020,2026-08-24,125.0,127.5,124.7,127.5,499081,63200486.5,,,,render_normalized,tasi_2026-08-20_2026-08-28_20260827T215758538311Z,7a00d373848e778f83c80f1777575ad48a6a4c0c192fe2e6a4123b56ae26cdee
2020,2026-08-25,127.6,130.7,127.0,129.8,949694,123191411.5,,,,render_normalized,tasi_2026-08-20_2026-08-28_20260827T215758538311Z,7a00d373848e778f83c80f1777575ad48a6a4c0c192fe2e6a4123b56ae26cdee
2020,2026-08-26,130.0,131.1,129.6,130.0,370782,48307546.4,,,,render_normalized,tasi_2026-08-20_2026-08-28_20260827T215758538311Z,7a00d373848e778f83c80f1777575ad48a6a4c0c192fe2e6a4123b56ae26cdee
2020,2026-08-27,130.0,131.5,129.9,130.5,408066,53302982.9,,,,render_normalized,tasi_2026-08-20_2026-08-28_20260827T215758538311Z,7a00d373848e778f83c80f1777575ad48a6a4c0c192fe2e6a4123b56ae26cdee
2020,2026-08-30,130.5,131.5,129.6,129.6,207074,27005704.8,,,,render_normalized,tasi_2026-08-29_2026-08-30_20260830T153021490619Z,40f2932d214f44ed867e412ffba0369130210869179423e6eadc9f965765cdba
2020,2026-08-31,130.0,132.6,129.0,130.6,886054,115459077.1,,,,render_normalized,tasi_2026-08-31_2026-08-31_20260831T153022596960Z,374b46eb50c52f8fd4d5c98f4b7cf8e0c79e078fd621a4b30f58d5382471b4af
2030,2026-08-02,46.72,48.1,46.64,47.28,166358,7897027.06,,,,render_normalized,tasi_2026-07-31_2026-08-02_20260802T153020127593Z,2eb23ca39fcf0e44fa270e6e4d6a1341261e22b2abfbc789ec2875a29009248b
2030,2026-08-03,47.98,48.28,47.42,47.9,93161,4463209.68,,,,render_normalized,tasi_2026-08-03_2026-08-03_20260803T153021496139Z,4b0f0fa9c3b343cf96fecea13101ae13ad2a21806fd55533770061ac5bb0689d
2030,2026-08-04,48.28,49.04,48.16,48.52,125019,6086794.42,,,,render_normalized,tasi_2026-08-04_2026-08-04_20260804T153023696814Z,32de4882671eec0a9062962d0f5591f8e56969b134d0070652d21718d4563e66
2030,2026-08-05,48.56,48.96,48.3,48.36,72360,3515025.56,,,,render_normalized,tasi_2026-08-05_2026-08-05_20260805T153024437012Z,9fd93f225e2663ef72017465f1af6b5bb1e9f620c1b69c07a1f0fd54b850091a
2030,2026-08-06,48.36,48.7,47.66,47.66,79251,3813887.04,,,,render_normalized,tasi_2026-08-06_2026-08-06_20260806T153021501965Z,6ff377152d0ead67e84f33bc0daa618a818145aa8e2f551c9273431d88ac3851
2030,2026-08-09,47.66,48.4,47.38,47.48,63162,3016788.84,,,,render_normalized,tasi_2026-08-07_2026-08-09_20260809T153020287151Z,d7eb763bea83ef8684d027dfe3fb0fb7c951f2a9c34d7e37300eab6704449ed3
2030,2026-08-10,47.48,48.16,47.0,47.9,71455,3401500.12,,,,render_normalized,tasi_2026-08-10_2026-08-10_20260810T153020102570Z,84d11a25e4f1e5c1fd93cef767caa7b24135f07229eeaeab08169c657f7b53de
2030,2026-08-11,48.0,49.58,47.74,48.8,272217,13252360.26,,,,render_normalized,tasi_2026-08-11_2026-08-11_20260811T153022011718Z,2ca6395fd3fcc72ba670e2961883e5c743cbb0e78c08f0ae926df09c31320865
2030,2026-08-12,47.56,48.92,47.56,48.38,167600,8096401.34,,,,render_normalized,tasi_2026-08-12_2026-08-12_20260812T153021905708Z,8862a2d01571a3c9a9cdaef7d6c4c85e805809ad63506c8d9042aff3fa53b579
2030,2026-08-13,48.38,48.78,47.68,47.72,72854,3497638.9,,,,render_normalized,tasi_2026-08-13_2026-08-13_20260813T153020777659Z,e0b6e7e97827824585b899f3f5ae2a43f595aeae92435da9a370d3df14b68b99
2030,2026-08-16,48.0,51.45,48.0,50.05,387059,19374394.27,,,,render_normalized,tasi_2026-08-14_2026-08-16_20260816T153020395457Z,5392abdf5e4a97362d33f1f6287bf2bc003c7d4bb43d28918b8aa095af9310d7
2030,2026-08-17,50.05,52.8,49.56,50.9,511658,26471778.08,,,,render_normalized,tasi_2026-08-17_2026-08-17_20260817T153022794323Z,56ab1200186f32f6bf2b699463f355510bc0a3da931f38c90816013f38a2eaf0
2030,2026-08-18,50.9,51.95,50.8,51.15,178891,9160260.9,,,,render_normalized,tasi_2026-08-18_2026-08-18_20260818T153020653358Z,1cfd844fc98ba7ee716337d459294e8e314daaa0f85480a8e110399f3a6b856d
2030,2026-08-19,51.15,51.3,50.1,50.3,106538,5394189.05,,,,render_normalized,tasi_2026-08-19_2026-08-19_20260819T153022440747Z,c9f50859d8825bb8e17dc890cb696be42681eb6c5d61b3749a33257a86f3517b
2030,2026-08-20,50.6,51.85,50.6,51.2,219444,11300822.05,,,,render_normalized,tasi_2026-08-20_2026-08-28_20260827T215758538311Z,7a00d373848e778f83c80f1777575ad48a6a4c0c192fe2e6a4123b56ae26cdee
2030,2026-08-23,51.5,52.35,51.4,51.75,133219,6916120.95,,,,render_normalized,tasi_2026-08-20_2026-08-28_20260827T215758538311Z,7a00d373848e778f83c80f1777575ad48a6a4c0c192fe2e6a4123b56ae26cdee
2030,2026-08-24,52.0,52.45,51.25,51.3,102842,5310230.05,,,,render_normalized,tasi_2026-08-20_2026-08-28_20260827T215758538311Z,7a00d373848e778f83c80f1777575ad48a6a4c0c192fe2e6a4123b56ae26cdee
2030,2026-08-25,51.4,51.65,50.1,50.25,175870,8918141.5,,,,render_normalized,tasi_2026-08-20_2026-08-28_20260827T215758538311Z,7a00d373848e778f83c80f1777575ad48a6a4c0c192fe2e6a4123b56ae26cdee
2030,2026-08-26,50.05,51.95,50.05,50.65,231683,11806895.55,,,,render_normalized,tasi_2026-08-20_2026-08-28_20260827T215758538311Z,7a00d373848e778f83c80f1777575ad48a6a4c0c192fe2e6a4123b56ae26cdee
2030,2026-08-27,50.95,51.35,50.7,51.0,117922,6015505.7,,,,render_normalized,tasi_2026-08-20_2026-08-28_20260827T215758538311Z,7a00d373848e778f83c80f1777575ad48a6a4c0c192fe2e6a4123b56ae26cdee
2030,2026-08-30,51.05,51.8,50.85,51.1,183813,9417292.85,,,,render_normalized,tasi_2026-08-29_2026-08-30_20260830T153021490619Z,40f2932d214f44ed867e412ffba0369130210869179423e6eadc9f965765cdba
2030,2026-08-31,51.2,51.45,50.55,50.75,137804,7014381.55,,,,render_normalized,tasi_2026-08-31_2026-08-31_20260831T153022596960Z,374b46eb50c52f8fd4d5c98f4b7cf8e0c79e078fd621a4b30f58d5382471b4af
2040,2026-08-02,24.08,25.0,23.87,24.95,132156,3255903.33,,,,render_normalized,tasi_2026-07-31_2026-08-02_20260802T153020127593Z,2eb23ca39fcf0e44fa270e6e4d6a1341261e22b2abfbc789ec2875a29009248b
2040,2026-08-03,25.2,25.54,24.88,25.48,313623,7924105.52,,,,render_normalized,tasi_2026-08-03_2026-08-03_20260803T153021496139Z,4b0f0fa9c3b343cf96fecea13101ae13ad2a21806fd55533770061ac5bb0689d
2040,2026-08-04,25.48,25.74,25.46,25.68,223522,5723910.46,,,,render_normalized,tasi_2026-08-04_2026-08-04_20260804T153023696814Z,32de4882671eec0a9062962d0f5591f8e56969b134d0070652d21718d4563e66
2040,2026-08-05,25.68,25.68,25.24,25.32,143620,3646500.72,,,,render_normalized,tasi_2026-08-05_2026-08-05_20260805T153024437012Z,9fd93f225e2663ef72017465f1af6b5bb1e9f620c1b69c07a1f0fd54b850091a
2040,2026-08-06,25.36,25.54,25.06,25.28,172108,4337133.88,,,,render_normalized,tasi_2026-08-06_2026-08-06_20260806T153021501965Z,6ff377152d0ead67e84f33bc0daa618a818145aa8e2f551c9273431d88ac3851
2040,2026-08-09,25.22,25.32,25.02,25.02,93669,2352889.88,,,,render_normalized,tasi_2026-08-07_2026-08-09_20260809T153020287151Z,d7eb763bea83ef8684d027dfe3fb0fb7c951f2a9c34d7e37300eab6704449ed3
2040,2026-08-10,25.02,25.02,24.7,24.7,138114,3424234.12,,,,render_normalized,tasi_2026-08-10_2026-08-10_20260810T153020102570Z,84d11a25e4f1e5c1fd93cef767caa7b24135f07229eeaeab08169c657f7b53de
2040,2026-08-11,24.7,25.0,24.42,24.52,135014,3324103.16,,,,render_normalized,tasi_2026-08-11_2026-08-11_20260811T153022011718Z,2ca6395fd3fcc72ba670e2961883e5c743cbb0e78c08f0ae926df09c31320865
2040,2026-08-12,24.52,24.75,24.44,24.6,117740,2898805.97,,,,render_normalized,tasi_2026-08-12_2026-08-12_20260812T153021905708Z,8862a2d01571a3c9a9cdaef7d6c4c85e805809ad63506c8d9042aff3fa53b579
2040,2026-08-13,24.63,24.65,24.3,24.3,96906,2369212.03,,,,render_normalized,tasi_2026-08-13_2026-08-13_20260813T153020777659Z,e0b6e7e97827824585b899f3f5ae2a43f595aeae92435da9a370d3df14b68b99
2040,2026-08-16,24.74,25.1,24.6,24.62,136175,3382860.8,,,,render_normalized,tasi_2026-08-14_2026-08-16_20260816T153020395457Z,5392abdf5e4a97362d33f1f6287bf2bc003c7d4bb43d28918b8aa095af9310d7
2040,2026-08-17,24.63,25.2,24.47,24.85,284414,7086234.21,,,,render_normalized,tasi_2026-08-17_2026-08-17_20260817T153022794323Z,56ab1200186f32f6bf2b699463f355510bc0a3da931f38c90816013f38a2eaf0
2040,2026-08-18,25.08,25.44,25.02,25.18,334271,8414818.32,,,,render_normalized,tasi_2026-08-18_2026-08-18_20260818T153020653358Z,1cfd844fc98ba7ee716337d459294e8e314daaa0f85480a8e110399f3a6b856d
2040,2026-08-19,25.0,25.38,24.85,24.86,188495,4704764.69,,,,render_normalized,tasi_2026-08-19_2026-08-19_20260819T153022440747Z,c9f50859d8825bb8e17dc890cb696be42681eb6c5d61b3749a33257a86f3517b
2040,2026-08-20,24.86,25.54,24.84,25.32,347088,8778927.56,,,,render_normalized,tasi_2026-08-20_2026-08-28_20260827T215758538311Z,7a00d373848e778f83c80f1777575ad48a6a4c0c192fe2e6a4123b56ae26cdee
2040,2026-08-23,25.32,26.1,25.3,26.0,375354,9653542.58,,,,render_normalized,tasi_2026-08-20_2026-08-28_20260827T215758538311Z,7a00d373848e778f83c80f1777575ad48a6a4c0c192fe2e6a4123b56ae26cdee
2040,2026-08-24,26.1,26.18,25.74,25.78,417477,10810176.4,,,,render_normalized,tasi_2026-08-20_2026-08-28_20260827T215758538311Z,7a00d373848e778f83c80f1777575ad48a6a4c0c192fe2e6a4123b56ae26cdee
2040,2026-08-25,25.8,26.08,25.8,25.96,174638,4531872.58,,,,render_normalized,tasi_2026-08-20_2026-08-28_20260827T215758538311Z,7a00d373848e778f83c80f1777575ad48a6a4c0c192fe2e6a4123b56ae26cdee
2040,2026-08-26,25.82,26.02,25.78,25.82,209272,5417020.88,,,,render_normalized,tasi_2026-08-20_2026-08-28_20260827T215758538311Z,7a00d373848e778f83c80f1777575ad48a6a4c0c192fe2e6a4123b56ae26cdee
2040,2026-08-27,25.92,26.04,25.82,25.9,143850,3728220.42,,,,render_normalized,tasi_2026-08-20_2026-08-28_20260827T215758538311Z,7a00d373848e778f83c80f1777575ad48a6a4c0c192fe2e6a4123b56ae26cdee
2040,2026-08-30,25.94,26.18,25.8,25.82,216411,5605814.08,,,,render_normalized,tasi_2026-08-29_2026-08-30_20260830T153021490619Z,40f2932d214f44ed867e412ffba0369130210869179423e6eadc9f965765cdba
2040,2026-08-31,25.82,25.82,25.36,25.48,208815,5331596.46,,,,render_normalized,tasi_2026-08-31_2026-08-31_20260831T153022596960Z,374b46eb50c52f8fd4d5c98f4b7cf8e0c79e078fd621a4b30f58d5382471b4af
2050,2026-08-02,25.94,26.38,25.9,26.24,274529,7173515.54,,,,render_normalized,tasi_2026-07-31_2026-08-02_20260802T153020127593Z,2eb23ca39fcf0e44fa270e6e4d6a1341261e22b2abfbc789ec2875a29009248b
2050,2026-08-03,26.26,26.72,26.04,26.4,963471,25432314.22,,,,render_normalized,tasi_2026-08-03_2026-08-03_20260803T153021496139Z,4b0f0fa9c3b343cf96fecea13101ae13ad2a21806fd55533770061ac5bb0689d
2050,2026-08-04,26.4,26.6,26.04,26.46,580643,15280488.08,,,,render_normalized,tasi_2026-08-04_2026-08-04_20260804T153023696814Z,32de4882671eec0a9062962d0f5591f8e56969b134d0070652d21718d4563e66
2050,2026-08-05,26.46,26.94,26.02,26.34,683859,18123850.54,,,,render_normalized,tasi_2026-08-05_2026-08-05_20260805T153024437012Z,9fd93f225e2663ef72017465f1af6b5bb1e9f620c1b69c07a1f0fd54b850091a
2050,2026-08-06,26.66,27.12,26.02,26.3,2649110,69889876.14,,,,render_normalized,tasi_2026-08-06_2026-08-06_20260806T153021501965Z,6ff377152d0ead67e84f33bc0daa618a818145aa8e2f551c9273431d88ac3851
2050,2026-08-09,26.32,26.4,25.76,25.92,684418,17812785.12,,,,render_normalized,tasi_2026-08-07_2026-08-09_20260809T153020287151Z,d7eb763bea83ef8684d027dfe3fb0fb7c951f2a9c34d7e37300eab6704449ed3
2050,2026-08-10,26.0,26.6,26.0,26.18,978867,25719589.22,,,,render_normalized,tasi_2026-08-10_2026-08-10_20260810T153020102570Z,84d11a25e4f1e5c1fd93cef767caa7b24135f07229eeaeab08169c657f7b53de
2050,2026-08-11,26.08,26.1,25.6,25.86,842343,21803364.54,,,,render_normalized,tasi_2026-08-11_2026-08-11_20260811T153022011718Z,2ca6395fd3fcc72ba670e2961883e5c743cbb0e78c08f0ae926df09c31320865
2050,2026-08-12,25.82,25.82,24.98,25.34,1747623,44005723.66,,,,render_normalized,tasi_2026-08-12_2026-08-12_20260812T153021905708Z,8862a2d01571a3c9a9cdaef7d6c4c85e805809ad63506c8d9042aff3fa53b579
2050,2026-08-13,25.06,25.92,25.06,25.92,973021,25002738.1,,,,render_normalized,tasi_2026-08-13_2026-08-13_20260813T153020777659Z,e0b6e7e97827824585b899f3f5ae2a43f595aeae92435da9a370d3df14b68b99
2050,2026-08-16,26.0,26.0,25.5,25.58,388676,9973747.7,,,,render_normalized,tasi_2026-08-14_2026-08-16_20260816T153020395457Z,5392abdf5e4a97362d33f1f6287bf2bc003c7d4bb43d28918b8aa095af9310d7
2050,2026-08-17,25.66,25.84,25.36,25.82,648873,16649189.34,,,,render_normalized,tasi_2026-08-17_2026-08-17_20260817T153022794323Z,56ab1200186f32f6bf2b699463f355510bc0a3da931f38c90816013f38a2eaf0
2050,2026-08-18,25.66,25.78,25.2,25.4,859264,21887684.7,,,,render_normalized,tasi_2026-08-18_2026-08-18_20260818T153020653358Z,1cfd844fc98ba7ee716337d459294e8e314daaa0f85480a8e110399f3a6b856d
2050,2026-08-19,25.2,25.6,25.18,25.52,777084,19795723.82,,,,render_normalized,tasi_2026-08-19_2026-08-19_20260819T153022440747Z,c9f50859d8825bb8e17dc890cb696be42681eb6c5d61b3749a33257a86f3517b
2050,2026-08-20,25.44,26.14,25.4,26.14,1088105,28208601.52,,,,render_normalized,tasi_2026-08-20_2026-08-28_20260827T215758538311Z,7a00d373848e778f83c80f1777575ad48a6a4c0c192fe2e6a4123b56ae26cdee
2050,2026-08-23,26.14,26.22,25.98,26.14,456329,11923874.2,,,,render_normalized,tasi_2026-08-20_2026-08-28_20260827T215758538311Z,7a00d373848e778f83c80f1777575ad48a6a4c0c192fe2e6a4123b56ae26cdee
2050,2026-08-24,26.1,26.64,26.0,26.32,1024410,26938801.58,,,,render_normalized,tasi_2026-08-20_2026-08-28_20260827T215758538311Z,7a00d373848e778f83c80f1777575ad48a6a4c0c192fe2e6a4123b56ae26cdee
2050,2026-08-25,26.22,26.28,25.92,26.0,529300,13800915.12,,,,render_normalized,tasi_2026-08-20_2026-08-28_20260827T215758538311Z,7a00d373848e778f83c80f1777575ad48a6a4c0c192fe2e6a4123b56ae26cdee
2050,2026-08-26,26.0,26.24,25.9,26.18,620642,16208760.7,,,,render_normalized,tasi_2026-08-20_2026-08-28_20260827T215758538311Z,7a00d373848e778f83c80f1777575ad48a6a4c0c192fe2e6a4123b56ae26cdee
2050,2026-08-27,26.24,26.6,26.16,26.5,1930389,51075164.82,,,,render_normalized,tasi_2026-08-20_2026-08-28_20260827T215758538311Z,7a00d373848e778f83c80f1777575ad48a6a4c0c192fe2e6a4123b56ae26cdee
2050,2026-08-30,26.5,26.56,25.86,25.9,671243,17497349.02,,,,render_normalized,tasi_2026-08-29_2026-08-30_20260830T153021490619Z,40f2932d214f44ed867e412ffba0369130210869179423e6eadc9f965765cdba
2050,2026-08-31,25.94,26.12,25.8,25.92,935536,24246665.98,,,,render_normalized,tasi_2026-08-31_2026-08-31_20260831T153022596960Z,374b46eb50c52f8fd4d5c98f4b7cf8e0c79e078fd621a4b30f58d5382471b4af
2060,2026-08-02,8.51,8.75,8.49,8.74,541808,4683370.24,,,,render_normalized,tasi_2026-07-31_2026-08-02_20260802T153020127593Z,2eb23ca39fcf0e44fa270e6e4d6a1341261e22b2abfbc789ec2875a29009248b
2060,2026-08-03,8.74,8.88,8.69,8.86,555281,4889417.48,,,,render_normalized,tasi_2026-08-03_2026-08-03_20260803T153021496139Z,4b0f0fa9c3b343cf96fecea13101ae13ad2a21806fd55533770061ac5bb0689d
2060,2026-08-04,8.88,9.04,8.86,9.01,665291,5957902.63,,,,render_normalized,tasi_2026-08-04_2026-08-04_20260804T153023696814Z,32de4882671eec0a9062962d0f5591f8e56969b134d0070652d21718d4563e66
2060,2026-08-05,9.03,9.1,8.98,9.01,720151,6509648.11,,,,render_normalized,tasi_2026-08-05_2026-08-05_20260805T153024437012Z,9fd93f225e2663ef72017465f1af6b5bb1e9f620c1b69c07a1f0fd54b850091a
2060,2026-08-06,8.95,9.04,8.79,8.84,798739,7095852.21,,,,render_normalized,tasi_2026-08-06_2026-08-06_20260806T153021501965Z,6ff377152d0ead67e84f33bc0daa618a818145aa8e2f551c9273431d88ac3851
2060,2026-08-09,8.7,8.8,8.4,8.48,1364038,11684945.45,,,,render_normalized,tasi_2026-08-07_2026-08-09_20260809T153020287151Z,d7eb763bea83ef8684d027dfe3fb0fb7c951f2a9c34d7e37300eab6704449ed3
2060,2026-08-10,8.5,8.7,8.43,8.62,1325481,11357679.18,,,,render_normalized,tasi_2026-08-10_2026-08-10_20260810T153020102570Z,84d11a25e4f1e5c1fd93cef767caa7b24135f07229eeaeab08169c657f7b53de
2060,2026-08-11,8.62,8.89,8.59,8.87,900877,7907531.04,,,,render_normalized,tasi_2026-08-11_2026-08-11_20260811T153022011718Z,2ca6395fd3fcc72ba670e2961883e5c743cbb0e78c08f0ae926df09c31320865
2060,2026-08-12,8.87,8.96,8.82,8.88,530677,4712102.55,,,,render_normalized,tasi_2026-08-12_2026-08-12_20260812T153021905708Z,8862a2d01571a3c9a9cdaef7d6c4c85e805809ad63506c8d9042aff3fa53b579
2060,2026-08-13,8.82,8.9,8.66,8.7,920511,8063437.31,,,,render_normalized,tasi_2026-08-13_2026-08-13_20260813T153020777659Z,e0b6e7e97827824585b899f3f5ae2a43f595aeae92435da9a370d3df14b68b99
2060,2026-08-16,8.78,8.87,8.74,8.79,668289,5878239.76,,,,render_normalized,tasi_2026-08-14_2026-08-16_20260816T153020395457Z,5392abdf5e4a97362d33f1f6287bf2bc003c7d4bb43d28918b8aa095af9310d7
2060,2026-08-17,8.75,9.12,8.75,9.07,1547435,13904661.61,,,,render_normalized,tasi_2026-08-17_2026-08-17_20260817T153022794323Z,56ab1200186f32f6bf2b699463f355510bc0a3da931f38c90816013f38a2eaf0
2060,2026-08-18,9.1,9.6,9.07,9.4,3505958,33051647.07,,,,render_normalized,tasi_2026-08-18_2026-08-18_20260818T153020653358Z,1cfd844fc98ba7ee716337d459294e8e314daaa0f85480a8e110399f3a6b856d
2060,2026-08-19,9.45,9.49,9.3,9.46,1027003,9663447.34,,,,render_normalized,tasi_2026-08-19_2026-08-19_20260819T153022440747Z,c9f50859d8825bb8e17dc890cb696be42681eb6c5d61b3749a33257a86f3517b
2060,2026-08-20,9.46,9.66,9.44,9.55,1947993,18668002.94,,,,render_normalized,tasi_2026-08-20_2026-08-28_20260827T215758538311Z,7a00d373848e778f83c80f1777575ad48a6a4c0c192fe2e6a4123b56ae26cdee
2060,2026-08-23,9.56,9.73,9.56,9.71,3090761,29953126.54,,,,render_normalized,tasi_2026-08-20_2026-08-28_20260827T215758538311Z,7a00d373848e778f83c80f1777575ad48a6a4c0c192fe2e6a4123b56ae26cdee
2060,2026-08-24,9.63,9.74,9.58,9.64,1546928,14942702.19,,,,render_normalized,tasi_2026-08-20_2026-08-28_20260827T215758538311Z,7a00d373848e778f83c80f1777575ad48a6a4c0c192fe2e6a4123b56ae26cdee
2060,2026-08-25,9.64,9.7,9.51,9.51,1516167,14601641.33,,,,render_normalized,tasi_2026-08-20_2026-08-28_20260827T215758538311Z,7a00d373848e778f83c80f1777575ad48a6a4c0c192fe2e6a4123b56ae26cdee
2060,2026-08-26,9.54,9.7,9.3,9.3,1623951,15512428.14,,,,render_normalized,tasi_2026-08-20_2026-08-28_20260827T215758538311Z,7a00d373848e778f83c80f1777575ad48a6a4c0c192fe2e6a4123b56ae26cdee
2060,2026-08-27,9.39,9.71,9.38,9.47,1730406,16564123.1,,,,render_normalized,tasi_2026-08-20_2026-08-28_20260827T215758538311Z,7a00d373848e778f83c80f1777575ad48a6a4c0c192fe2e6a4123b56ae26cdee
2060,2026-08-30,9.47,9.64,9.11,9.11,2461826,23060276.23,,,,render_normalized,tasi_2026-08-29_2026-08-30_20260830T153021490619Z,40f2932d214f44ed867e412ffba0369130210869179423e6eadc9f965765cdba
2060,2026-08-31,9.13,9.28,8.89,8.89,2631861,23872510.85,,,,render_normalized,tasi_2026-08-31_2026-08-31_20260831T153022596960Z,374b46eb50c52f8fd4d5c98f4b7cf8e0c79e078fd621a4b30f58d5382471b4af
2070,2026-08-02,31.3,31.64,31.0,31.0,317622,9942791.94,,,,render_normalized,tasi_2026-07-31_2026-08-02_20260802T153020127593Z,2eb23ca39fcf0e44fa270e6e4d6a1341261e22b2abfbc789ec2875a29009248b
2070,2026-08-03,31.0,31.58,30.98,31.4,251072,7874132.84,,,,render_normalized,tasi_2026-08-03_2026-08-03_20260803T153021496139Z,4b0f0fa9c3b343cf96fecea13101ae13ad2a21806fd55533770061ac5bb0689d
2070,2026-08-04,31.4,31.78,31.14,31.68,513321,16134261.04,,,,render_normalized,tasi_2026-08-04_2026-08-04_20260804T153023696814Z,32de4882671eec0a9062962d0f5591f8e56969b134d0070652d21718d4563e66
2070,2026-08-05,31.68,32.0,31.58,32.0,464069,14779459.5,,,,render_normalized,tasi_2026-08-05_2026-08-05_20260805T153024437012Z,9fd93f225e2663ef72017465f1af6b5bb1e9f620c1b69c07a1f0fd54b850091a
2070,2026-08-06,31.88,31.94,31.38,31.44,307365,9708335.36,,,,render_normalized,tasi_2026-08-06_2026-08-06_20260806T153021501965Z,6ff377152d0ead67e84f33bc0daa618a818145aa8e2f551c9273431d88ac3851
2070,2026-08-09,31.44,31.6,30.82,30.96,239927,7471379.78,,,,render_normalized,tasi_2026-08-07_2026-08-09_20260809T153020287151Z,d7eb763bea83ef8684d027dfe3fb0fb7c951f2a9c34d7e37300eab6704449ed3
2070,2026-08-10,30.8,31.44,30.8,31.44,219438,6853029.4,,,,render_normalized,tasi_2026-08-10_2026-08-10_20260810T153020102570Z,84d11a25e4f1e5c1fd93cef767caa7b24135f07229eeaeab08169c657f7b53de
2070,2026-08-11,31.22,31.38,30.84,30.98,243208,7531617.34,,,,render_normalized,tasi_2026-08-11_2026-08-11_20260811T153022011718Z,2ca6395fd3fcc72ba670e2961883e5c743cbb0e78c08f0ae926df09c31320865
2070,2026-08-12,30.9,31.0,30.72,30.8,188368,5804255.7,,,,render_normalized,tasi_2026-08-12_2026-08-12_20260812T153021905708Z,8862a2d01571a3c9a9cdaef7d6c4c85e805809ad63506c8d9042aff3fa53b579
2070,2026-08-13,30.6,30.96,30.6,30.96,202399,6231272.2,,,,render_normalized,tasi_2026-08-13_2026-08-13_20260813T153020777659Z,e0b6e7e97827824585b899f3f5ae2a43f595aeae92435da9a370d3df14b68b99
2070,2026-08-16,31.02,31.18,30.7,30.72,122623,3784546.48,,,,render_normalized,tasi_2026-08-14_2026-08-16_20260816T153020395457Z,5392abdf5e4a97362d33f1f6287bf2bc003c7d4bb43d28918b8aa095af9310d7
2070,2026-08-17,30.72,31.06,30.6,30.9,130435,4031929.0,,,,render_normalized,tasi_2026-08-17_2026-08-17_20260817T153022794323Z,56ab1200186f32f6bf2b699463f355510bc0a3da931f38c90816013f38a2eaf0
2070,2026-08-18,30.9,31.16,30.76,31.0,187707,5810649.24,,,,render_normalized,tasi_2026-08-18_2026-08-18_20260818T153020653358Z,1cfd844fc98ba7ee716337d459294e8e314daaa0f85480a8e110399f3a6b856d
2070,2026-08-19,30.92,31.3,30.84,31.3,208008,6464434.48,,,,render_normalized,tasi_2026-08-19_2026-08-19_20260819T153022440747Z,c9f50859d8825bb8e17dc890cb696be42681eb6c5d61b3749a33257a86f3517b
2070,2026-08-20,31.24,31.42,31.1,31.36,160018,4999691.2,,,,render_normalized,tasi_2026-08-20_2026-08-28_20260827T215758538311Z,7a00d373848e778f83c80f1777575ad48a6a4c0c192fe2e6a4123b56ae26cdee
2070,2026-08-23,31.36,31.46,31.12,31.24,134884,4214422.2,,,,render_normalized,tasi_2026-08-20_2026-08-28_20260827T215758538311Z,7a00d373848e778f83c80f1777575ad48a6a4c0c192fe2e6a4123b56ae26cdee
2070,2026-08-24,31.24,31.4,31.1,31.12,161107,5037826.92,,,,render_normalized,tasi_2026-08-20_2026-08-28_20260827T215758538311Z,7a00d373848e778f83c80f1777575ad48a6a4c0c192fe2e6a4123b56ae26cdee
2070,2026-08-25,31.16,31.32,30.94,31.0,173819,5402430.06,,,,render_normalized,tasi_2026-08-20_2026-08-28_20260827T215758538311Z,7a00d373848e778f83c80f1777575ad48a6a4c0c192fe2e6a4123b56ae26cdee
2070,2026-08-26,31.0,31.16,30.7,31.04,183908,5684979.9,,,,render_normalized,tasi_2026-08-20_2026-08-28_20260827T215758538311Z,7a00d373848e778f83c80f1777575ad48a6a4c0c192fe2e6a4123b56ae26cdee
2070,2026-08-27,30.88,31.12,30.7,30.94,214560,6624927.7,,,,render_normalized,tasi_2026-08-20_2026-08-28_20260827T215758538311Z,7a00d373848e778f83c80f1777575ad48a6a4c0c192fe2e6a4123b56ae26cdee
2070,2026-08-30,30.86,30.94,30.68,30.76,152926,4712861.54,,,,render_normalized,tasi_2026-08-29_2026-08-30_20260830T153021490619Z,40f2932d214f44ed867e412ffba0369130210869179423e6eadc9f965765cdba
2070,2026-08-31,30.7,30.96,30.32,30.32,285326,8728116.58,,,,render_normalized,tasi_2026-08-31_2026-08-31_20260831T153022596960Z,374b46eb50c52f8fd4d5c98f4b7cf8e0c79e078fd621a4b30f58d5382471b4af
2080,2026-08-02,63.2,64.3,63.05,63.5,87567,5566204.85,,,,render_normalized,tasi_2026-07-31_2026-08-02_20260802T153020127593Z,2eb23ca39fcf0e44fa270e6e4d6a1341261e22b2abfbc789ec2875a29009248b
2080,2026-08-03,63.55,64.65,63.15,63.95,266156,17020187.95,,,,render_normalized,tasi_2026-08-03_2026-08-03_20260803T153021496139Z,4b0f0fa9c3b343cf96fecea13101ae13ad2a21806fd55533770061ac5bb0689d
2080,2026-08-04,64.1,64.95,63.8,64.6,283981,18237314.25,,,,render_normalized,tasi_2026-08-04_2026-08-04_20260804T153023696814Z,32de4882671eec0a9062962d0f5591f8e56969b134d0070652d21718d4563e66
2080,2026-08-05,64.6,67.3,63.6,64.05,571683,37251425.45,,,,render_normalized,tasi_2026-08-05_2026-08-05_20260805T153024437012Z,9fd93f225e2663ef72017465f1af6b5bb1e9f620c1b69c07a1f0fd54b850091a
2080,2026-08-06,64.35,64.55,62.35,63.45,208637,13188656.5,,,,render_normalized,tasi_2026-08-06_2026-08-06_20260806T153021501965Z,6ff377152d0ead67e84f33bc0daa618a818145aa8e2f551c9273431d88ac3851
2080,2026-08-09,63.55,63.55,61.4,61.9,231106,14351514.15,,,,render_normalized,tasi_2026-08-07_2026-08-09_20260809T153020287151Z,d7eb763bea83ef8684d027dfe3fb0fb7c951f2a9c34d7e37300eab6704449ed3
2080,2026-08-10,62.3,62.75,61.1,61.65,233046,14428900.9,,,,render_normalized,tasi_2026-08-10_2026-08-10_20260810T153020102570Z,84d11a25e4f1e5c1fd93cef767caa7b24135f07229eeaeab08169c657f7b53de
2080,2026-08-11,62.95,62.95,60.4,60.4,423897,25795666.25,,,,render_normalized,tasi_2026-08-11_2026-08-11_20260811T153022011718Z,2ca6395fd3fcc72ba670e2961883e5c743cbb0e78c08f0ae926df09c31320865
2080,2026-08-12,60.4,61.4,60.3,61.1,419827,25531948.05,,,,render_normalized,tasi_2026-08-12_2026-08-12_20260812T153021905708Z,8862a2d01571a3c9a9cdaef7d6c4c85e805809ad63506c8d9042aff3fa53b579
2080,2026-08-13,60.8,61.15,59.7,60.2,360641,21778051.45,,,,render_normalized,tasi_2026-08-13_2026-08-13_20260813T153020777659Z,e0b6e7e97827824585b899f3f5ae2a43f595aeae92435da9a370d3df14b68b99
2080,2026-08-16,61.05,61.65,59.55,60.05,403523,24272905.5,,,,render_normalized,tasi_2026-08-14_2026-08-16_20260816T153020395457Z,5392abdf5e4a97362d33f1f6287bf2bc003c7d4bb43d28918b8aa095af9310d7
2080,2026-08-17,60.6,62.35,60.1,61.3,900768,55346151.35,,,,render_normalized,tasi_2026-08-17_2026-08-17_20260817T153022794323Z,56ab1200186f32f6bf2b699463f355510bc0a3da931f38c90816013f38a2eaf0
2080,2026-08-18,61.3,61.7,60.15,60.5,404939,24565938.85,,,,render_normalized,tasi_2026-08-18_2026-08-18_20260818T153020653358Z,1cfd844fc98ba7ee716337d459294e8e314daaa0f85480a8e110399f3a6b856d
2080,2026-08-19,60.5,60.9,59.85,60.05,155496,9334629.55,,,,render_normalized,tasi_2026-08-19_2026-08-19_20260819T153022440747Z,c9f50859d8825bb8e17dc890cb696be42681eb6c5d61b3749a33257a86f3517b
2080,2026-08-20,60.0,61.0,59.9,60.1,459690,27667835.2,,,,render_normalized,tasi_2026-08-20_2026-08-28_20260827T215758538311Z,7a00d373848e778f83c80f1777575ad48a6a4c0c192fe2e6a4123b56ae26cdee
2080,2026-08-23,60.3,61.45,60.3,61.15,647687,39457222.35,,,,render_normalized,tasi_2026-08-20_2026-08-28_20260827T215758538311Z,7a00d373848e778f83c80f1777575ad48a6a4c0c192fe2e6a4123b56ae26cdee
2080,2026-08-24,60.3,60.4,59.05,59.5,765916,45629025.4,,,,render_normalized,tasi_2026-08-20_2026-08-28_20260827T215758538311Z,7a00d373848e778f83c80f1777575ad48a6a4c0c192fe2e6a4123b56ae26cdee
2080,2026-08-25,59.5,60.85,59.35,60.55,578502,34757632.1,,,,render_normalized,tasi_2026-08-20_2026-08-28_20260827T215758538311Z,7a00d373848e778f83c80f1777575ad48a6a4c0c192fe2e6a4123b56ae26cdee
2080,2026-08-26,60.6,60.9,60.2,60.65,291186,17634584.0,,,,render_normalized,tasi_2026-08-20_2026-08-28_20260827T215758538311Z,7a00d373848e778f83c80f1777575ad48a6a4c0c192fe2e6a4123b56ae26cdee
2080,2026-08-27,60.6,62.5,60.5,62.3,462369,28506999.1,,,,render_normalized,tasi_2026-08-20_2026-08-28_20260827T215758538311Z,7a00d373848e778f83c80f1777575ad48a6a4c0c192fe2e6a4123b56ae26cdee
2080,2026-08-30,63.0,64.15,62.5,63.4,539241,34186894.65,,,,render_normalized,tasi_2026-08-29_2026-08-30_20260830T153021490619Z,40f2932d214f44ed867e412ffba0369130210869179423e6eadc9f965765cdba
2080,2026-08-31,63.7,63.8,62.6,63.75,614507,38872109.15,,,,render_normalized,tasi_2026-08-31_2026-08-31_20260831T153022596960Z,374b46eb50c52f8fd4d5c98f4b7cf8e0c79e078fd621a4b30f58d5382471b4af
2081,2026-08-02,100.0,101.5,99.2,100.0,81120,8144549.75,,,,render_normalized,tasi_2026-07-31_2026-08-02_20260802T153020127593Z,2eb23ca39fcf0e44fa270e6e4d6a1341261e22b2abfbc789ec2875a29009248b
2081,2026-08-03,100.1,101.6,99.5,100.7,160069,16140285.9,,,,render_normalized,tasi_2026-08-03_2026-08-03_20260803T153021496139Z,4b0f0fa9c3b343cf96fecea13101ae13ad2a21806fd55533770061ac5bb0689d
2081,2026-08-04,101.1,101.2,99.6,100.9,203464,20451442.35,,,,render_normalized,tasi_2026-08-04_2026-08-04_20260804T153023696814Z,32de4882671eec0a9062962d0f5591f8e56969b134d0070652d21718d4563e66
2081,2026-08-05,101.4,102.4,100.1,101.4,322107,32660796.0,,,,render_normalized,tasi_2026-08-05_2026-08-05_20260805T153024437012Z,9fd93f225e2663ef72017465f1af6b5bb1e9f620c1b69c07a1f0fd54b850091a
2081,2026-08-06,101.0,101.0,98.6,99.05,196707,19627734.15,,,,render_normalized,tasi_2026-08-06_2026-08-06_20260806T153021501965Z,6ff377152d0ead67e84f33bc0daa618a818145aa8e2f551c9273431d88ac3851
2081,2026-08-09,99.5,100.4,98.9,99.25,108576,10811043.75,,,,render_normalized,tasi_2026-08-07_2026-08-09_20260809T153020287151Z,d7eb763bea83ef8684d027dfe3fb0fb7c951f2a9c34d7e37300eab6704449ed3
2081,2026-08-10,99.8,100.3,97.85,99.75,262444,26080767.0,,,,render_normalized,tasi_2026-08-10_2026-08-10_20260810T153020102570Z,84d11a25e4f1e5c1fd93cef767caa7b24135f07229eeaeab08169c657f7b53de
2081,2026-08-11,99.75,99.95,98.2,98.5,149322,14792841.0,,,,render_normalized,tasi_2026-08-11_2026-08-11_20260811T153022011718Z,2ca6395fd3fcc72ba670e2961883e5c743cbb0e78c08f0ae926df09c31320865
2081,2026-08-12,99.3,100.6,98.6,99.25,115852,11557196.75,,,,render_normalized,tasi_2026-08-12_2026-08-12_20260812T153021905708Z,8862a2d01571a3c9a9cdaef7d6c4c85e805809ad63506c8d9042aff3fa53b579
2081,2026-08-13,99.7,99.75,98.6,99.0,68400,6781711.35,,,,render_normalized,tasi_2026-08-13_2026-08-13_20260813T153020777659Z,e0b6e7e97827824585b899f3f5ae2a43f595aeae92435da9a370d3df14b68b99
2081,2026-08-16,100.5,100.5,99.3,99.5,35015,3492623.4,,,,render_normalized,tasi_2026-08-14_2026-08-16_20260816T153020395457Z,5392abdf5e4a97362d33f1f6287bf2bc003c7d4bb43d28918b8aa095af9310d7
2081,2026-08-17,99.5,101.0,98.95,100.4,92867,9317232.15,,,,render_normalized,tasi_2026-08-17_2026-08-17_20260817T153022794323Z,56ab1200186f32f6bf2b699463f355510bc0a3da931f38c90816013f38a2eaf0
2081,2026-08-18,100.8,102.0,99.8,99.85,78323,7865968.3,,,,render_normalized,tasi_2026-08-18_2026-08-18_20260818T153020653358Z,1cfd844fc98ba7ee716337d459294e8e314daaa0f85480a8e110399f3a6b856d
2081,2026-08-19,99.85,100.3,99.15,100.1,73813,7370170.35,,,,render_normalized,tasi_2026-08-19_2026-08-19_20260819T153022440747Z,c9f50859d8825bb8e17dc890cb696be42681eb6c5d61b3749a33257a86f3517b
2081,2026-08-20,100.2,101.2,99.9,99.9,79024,7926231.95,,,,render_normalized,tasi_2026-08-20_2026-08-28_20260827T215758538311Z,7a00d373848e778f83c80f1777575ad48a6a4c0c192fe2e6a4123b56ae26cdee
2081,2026-08-23,100.0,101.2,100.0,100.9,54442,5478258.3,,,,render_normalized,tasi_2026-08-20_2026-08-28_20260827T215758538311Z,7a00d373848e778f83c80f1777575ad48a6a4c0c192fe2e6a4123b56ae26cdee
2081,2026-08-24,100.8,102.2,100.5,100.8,175784,17793411.1,,,,render_normalized,tasi_2026-08-20_2026-08-28_20260827T215758538311Z,7a00d373848e778f83c80f1777575ad48a6a4c0c192fe2e6a4123b56ae26cdee
2081,2026-08-25,100.6,102.0,100.2,100.6,228524,23071364.7,,,,render_normalized,tasi_2026-08-20_2026-08-28_20260827T215758538311Z,7a00d373848e778f83c80f1777575ad48a6a4c0c192fe2e6a4123b56ae26cdee
2081,2026-08-26,100.5,102.0,100.5,101.5,110729,11218418.7,,,,render_normalized,tasi_2026-08-20_2026-08-28_20260827T215758538311Z,7a00d373848e778f83c80f1777575ad48a6a4c0c192fe2e6a4123b56ae26cdee
2081,2026-08-27,101.6,102.0,101.2,101.4,92625,9404689.9,,,,render_normalized,tasi_2026-08-20_2026-08-28_20260827T215758538311Z,7a00d373848e778f83c80f1777575ad48a6a4c0c192fe2e6a4123b56ae26cdee
2081,2026-08-30,101.4,101.5,100.2,100.4,74390,7491079.4,,,,render_normalized,tasi_2026-08-29_2026-08-30_20260830T153021490619Z,40f2932d214f44ed867e412ffba0369130210869179423e6eadc9f965765cdba
2081,2026-08-31,100.4,100.4,96.0,98.2,263511,25839292.0,,,,render_normalized,tasi_2026-08-31_2026-08-31_20260831T153022596960Z,374b46eb50c52f8fd4d5c98f4b7cf8e0c79e078fd621a4b30f58d5382471b4af
2082,2026-08-02,189.0,193.6,187.6,193.1,237774,45598839.8,,,,render_normalized,tasi_2026-07-31_2026-08-02_20260802T153020127593Z,2eb23ca39fcf0e44fa270e6e4d6a1341261e22b2abfbc789ec2875a29009248b
2082,2026-08-03,193.9,198.3,192.4,198.2,442872,87196130.8,,,,render_normalized,tasi_2026-08-03_2026-08-03_20260803T153021496139Z,4b0f0fa9c3b343cf96fecea13101ae13ad2a21806fd55533770061ac5bb0689d
2082,2026-08-04,198.2,199.9,194.9,196.2,435666,85745893.0,,,,render_normalized,tasi_2026-08-04_2026-08-04_20260804T153023696814Z,32de4882671eec0a9062962d0f5591f8e56969b134d0070652d21718d4563e66
2082,2026-08-05,196.2,202.0,196.1,201.3,465826,93389213.1,,,,render_normalized,tasi_2026-08-05_2026-08-05_20260805T153024437012Z,9fd93f225e2663ef72017465f1af6b5bb1e9f620c1b69c07a1f0fd54b850091a
2082,2026-08-06,202.2,202.2,193.0,193.0,307049,60814528.6,,,,render_normalized,tasi_2026-08-06_2026-08-06_20260806T153021501965Z,6ff377152d0ead67e84f33bc0daa618a818145aa8e2f551c9273431d88ac3851
2082,2026-08-09,189.9,189.9,185.0,185.0,407407,76201057.2,,,,render_normalized,tasi_2026-08-07_2026-08-09_20260809T153020287151Z,d7eb763bea83ef8684d027dfe3fb0fb7c951f2a9c34d7e37300eab6704449ed3
2082,2026-08-10,185.0,188.0,181.5,187.1,547148,100876744.5,,,,render_normalized,tasi_2026-08-10_2026-08-10_20260810T153020102570Z,84d11a25e4f1e5c1fd93cef767caa7b24135f07229eeaeab08169c657f7b53de
2082,2026-08-11,187.5,187.5,183.8,184.0,326437,60357230.6,,,,render_normalized,tasi_2026-08-11_2026-08-11_20260811T153022011718Z,2ca6395fd3fcc72ba670e2961883e5c743cbb0e78c08f0ae926df09c31320865
2082,2026-08-12,184.0,186.5,184.0,185.8,166778,30936623.6,,,,render_normalized,tasi_2026-08-12_2026-08-12_20260812T153021905708Z,8862a2d01571a3c9a9cdaef7d6c4c85e805809ad63506c8d9042aff3fa53b579
2082,2026-08-13,185.8,186.5,184.1,184.5,153069,28286916.5,,,,render_normalized,tasi_2026-08-13_2026-08-13_20260813T153020777659Z,e0b6e7e97827824585b899f3f5ae2a43f595aeae92435da9a370d3df14b68b99
2082,2026-08-16,188.0,189.3,186.8,188.0,229505,43120817.5,,,,render_normalized,tasi_2026-08-14_2026-08-16_20260816T153020395457Z,5392abdf5e4a97362d33f1f6287bf2bc003c7d4bb43d28918b8aa095af9310d7
2082,2026-08-17,188.0,188.0,184.6,184.8,235123,43636097.3,,,,render_normalized,tasi_2026-08-17_2026-08-17_20260817T153022794323Z,56ab1200186f32f6bf2b699463f355510bc0a3da931f38c90816013f38a2eaf0
2082,2026-08-18,184.8,185.7,182.5,184.3,206202,37948899.8,,,,render_normalized,tasi_2026-08-18_2026-08-18_20260818T153020653358Z,1cfd844fc98ba7ee716337d459294e8e314daaa0f85480a8e110399f3a6b856d
2082,2026-08-19,184.8,185.4,182.8,184.5,247030,45483756.0,,,,render_normalized,tasi_2026-08-19_2026-08-19_20260819T153022440747Z,c9f50859d8825bb8e17dc890cb696be42681eb6c5d61b3749a33257a86f3517b
2082,2026-08-20,184.5,188.0,184.5,186.4,199445,37190061.0,,,,render_normalized,tasi_2026-08-20_2026-08-28_20260827T215758538311Z,7a00d373848e778f83c80f1777575ad48a6a4c0c192fe2e6a4123b56ae26cdee
2082,2026-08-23,188.0,189.0,186.8,188.6,282669,53150363.4,,,,render_normalized,tasi_2026-08-20_2026-08-28_20260827T215758538311Z,7a00d373848e778f83c80f1777575ad48a6a4c0c192fe2e6a4123b56ae26cdee
2082,2026-08-24,188.6,194.0,188.2,192.4,548942,105100481.3,,,,render_normalized,tasi_2026-08-20_2026-08-28_20260827T215758538311Z,7a00d373848e778f83c80f1777575ad48a6a4c0c192fe2e6a4123b56ae26cdee
2082,2026-08-25,192.5,197.4,191.1,197.4,513353,99982506.4,,,,render_normalized,tasi_2026-08-20_2026-08-28_20260827T215758538311Z,7a00d373848e778f83c80f1777575ad48a6a4c0c192fe2e6a4123b56ae26cdee
2082,2026-08-26,196.1,197.9,194.4,196.8,316912,62251175.1,,,,render_normalized,tasi_2026-08-20_2026-08-28_20260827T215758538311Z,7a00d373848e778f83c80f1777575ad48a6a4c0c192fe2e6a4123b56ae26cdee
2082,2026-08-27,196.5,199.4,194.9,195.4,333641,65523302.6,,,,render_normalized,tasi_2026-08-20_2026-08-28_20260827T215758538311Z,7a00d373848e778f83c80f1777575ad48a6a4c0c192fe2e6a4123b56ae26cdee
2082,2026-08-30,195.3,196.2,193.1,193.3,116934,22734153.6,,,,render_normalized,tasi_2026-08-29_2026-08-30_20260830T153021490619Z,40f2932d214f44ed867e412ffba0369130210869179423e6eadc9f965765cdba
2082,2026-08-31,193.8,196.0,191.5,191.9,606934,116918975.9,,,,render_normalized,tasi_2026-08-31_2026-08-31_20260831T153022596960Z,374b46eb50c52f8fd4d5c98f4b7cf8e0c79e078fd621a4b30f58d5382471b4af
2083,2026-08-02,37.58,38.08,37.5,38.0,188156,7132738.62,,,,render_normalized,tasi_2026-07-31_2026-08-02_20260802T153020127593Z,2eb23ca39fcf0e44fa270e6e4d6a1341261e22b2abfbc789ec2875a29009248b
2083,2026-08-03,37.64,38.9,37.64,38.8,271368,10452868.86,,,,render_normalized,tasi_2026-08-03_2026-08-03_20260803T153021496139Z,4b0f0fa9c3b343cf96fecea13101ae13ad2a21806fd55533770061ac5bb0689d
2083,2026-08-04,38.76,40.12,38.76,39.86,706807,28016001.2,,,,render_normalized,tasi_2026-08-04_2026-08-04_20260804T153023696814Z,32de4882671eec0a9062962d0f5591f8e56969b134d0070652d21718d4563e66
2083,2026-08-05,36.4,36.66,35.88,35.88,3620553,129978851.9,,,,render_normalized,tasi_2026-08-05_2026-08-05_20260805T153024437012Z,9fd93f225e2663ef72017465f1af6b5bb1e9f620c1b69c07a1f0fd54b850091a
2083,2026-08-06,35.88,38.0,35.42,37.0,1868032,69106242.56,,,,render_normalized,tasi_2026-08-06_2026-08-06_20260806T153021501965Z,6ff377152d0ead67e84f33bc0daa618a818145aa8e2f551c9273431d88ac3851
2083,2026-08-09,37.02,39.26,37.02,38.4,811249,31166905.54,,,,render_normalized,tasi_2026-08-07_2026-08-09_20260809T153020287151Z,d7eb763bea83ef8684d027dfe3fb0fb7c951f2a9c34d7e37300eab6704449ed3
2083,2026-08-10,38.7,40.78,38.5,40.32,1399239,56161444.42,,,,render_normalized,tasi_2026-08-10_2026-08-10_20260810T153020102570Z,84d11a25e4f1e5c1fd93cef767caa7b24135f07229eeaeab08169c657f7b53de
2083,2026-08-11,40.5,40.5,39.48,39.48,837520,33299670.38,,,,render_normalized,tasi_2026-08-11_2026-08-11_20260811T153022011718Z,2ca6395fd3fcc72ba670e2961883e5c743cbb0e78c08f0ae926df09c31320865
2083,2026-08-12,39.5,39.58,38.68,38.72,678546,26467658.16,,,,render_normalized,tasi_2026-08-12_2026-08-12_20260812T153021905708Z,8862a2d01571a3c9a9cdaef7d6c4c85e805809ad63506c8d9042aff3fa53b579
2083,2026-08-13,38.72,41.2,38.72,40.04,1433057,57679502.64,,,,render_normalized,tasi_2026-08-13_2026-08-13_20260813T153020777659Z,e0b6e7e97827824585b899f3f5ae2a43f595aeae92435da9a370d3df14b68b99
2083,2026-08-16,39.9,42.34,39.9,41.76,1052929,43725427.0,,,,render_normalized,tasi_2026-08-14_2026-08-16_20260816T153020395457Z,5392abdf5e4a97362d33f1f6287bf2bc003c7d4bb43d28918b8aa095af9310d7
2083,2026-08-17,41.76,42.56,41.68,41.86,978626,41069868.32,,,,render_normalized,tasi_2026-08-17_2026-08-17_20260817T153022794323Z,56ab1200186f32f6bf2b699463f355510bc0a3da931f38c90816013f38a2eaf0
2083,2026-08-18,41.66,42.76,41.38,42.52,1932126,80741335.78,,,,render_normalized,tasi_2026-08-18_2026-08-18_20260818T153020653358Z,1cfd844fc98ba7ee716337d459294e8e314daaa0f85480a8e110399f3a6b856d
2083,2026-08-19,42.68,42.68,40.6,41.0,781415,32213793.26,,,,render_normalized,tasi_2026-08-19_2026-08-19_20260819T153022440747Z,c9f50859d8825bb8e17dc890cb696be42681eb6c5d61b3749a33257a86f3517b
2083,2026-08-20,41.1,41.8,41.1,41.24,926624,38370616.5,,,,render_normalized,tasi_2026-08-20_2026-08-28_20260827T215758538311Z,7a00d373848e778f83c80f1777575ad48a6a4c0c192fe2e6a4123b56ae26cdee
2083,2026-08-23,41.22,42.8,41.0,42.62,708403,29692157.26,,,,render_normalized,tasi_2026-08-20_2026-08-28_20260827T215758538311Z,7a00d373848e778f83c80f1777575ad48a6a4c0c192fe2e6a4123b56ae26cdee
2083,2026-08-24,42.62,43.5,42.02,43.24,675831,29000466.16,,,,render_normalized,tasi_2026-08-20_2026-08-28_20260827T215758538311Z,7a00d373848e778f83c80f1777575ad48a6a4c0c192fe2e6a4123b56ae26cdee
2083,2026-08-25,43.26,45.6,43.26,44.8,1586232,70833871.56,,,,render_normalized,tasi_2026-08-20_2026-08-28_20260827T215758538311Z,7a00d373848e778f83c80f1777575ad48a6a4c0c192fe2e6a4123b56ae26cdee
2083,2026-08-26,44.8,44.8,43.06,43.24,917107,40081151.06,,,,render_normalized,tasi_2026-08-20_2026-08-28_20260827T215758538311Z,7a00d373848e778f83c80f1777575ad48a6a4c0c192fe2e6a4123b56ae26cdee
2083,2026-08-27,43.36,44.6,43.3,43.88,675222,29713601.76,,,,render_normalized,tasi_2026-08-20_2026-08-28_20260827T215758538311Z,7a00d373848e778f83c80f1777575ad48a6a4c0c192fe2e6a4123b56ae26cdee
2083,2026-08-30,43.88,44.76,43.76,44.7,418298,18494710.58,,,,render_normalized,tasi_2026-08-29_2026-08-30_20260830T153021490619Z,40f2932d214f44ed867e412ffba0369130210869179423e6eadc9f965765cdba
2083,2026-08-31,44.84,45.16,44.14,44.8,781838,34923246.86,,,,render_normalized,tasi_2026-08-31_2026-08-31_20260831T153022596960Z,374b46eb50c52f8fd4d5c98f4b7cf8e0c79e078fd621a4b30f58d5382471b4af
2084,2026-08-02,12.17,12.9,12.17,12.31,1124944,14093225.21,,,,render_normalized,tasi_2026-07-31_2026-08-02_20260802T153020127593Z,2eb23ca39fcf0e44fa270e6e4d6a1341261e22b2abfbc789ec2875a29009248b
2084,2026-08-03,12.34,12.73,12.31,12.68,661318,8291795.17,,,,render_normalized,tasi_2026-08-03_2026-08-03_20260803T153021496139Z,4b0f0fa9c3b343cf96fecea13101ae13ad2a21806fd55533770061ac5bb0689d
2084,2026-08-04,12.9,12.9,12.55,12.6,949987,12018763.25,,,,render_normalized,tasi_2026-08-04_2026-08-04_20260804T153023696814Z,32de4882671eec0a9062962d0f5591f8e56969b134d0070652d21718d4563e66
2084,2026-08-05,12.72,12.72,12.37,12.39,834575,10430916.93,,,,render_normalized,tasi_2026-08-05_2026-08-05_20260805T153024437012Z,9fd93f225e2663ef72017465f1af6b5bb1e9f620c1b69c07a1f0fd54b850091a
2084,2026-08-06,12.48,12.48,12.18,12.22,575726,7052335.18,,,,render_normalized,tasi_2026-08-06_2026-08-06_20260806T153021501965Z,6ff377152d0ead67e84f33bc0daa618a818145aa8e2f551c9273431d88ac3851
2084,2026-08-09,12.22,12.22,11.85,11.9,832154,9954177.11,,,,render_normalized,tasi_2026-08-07_2026-08-09_20260809T153020287151Z,d7eb763bea83ef8684d027dfe3fb0fb7c951f2a9c34d7e37300eab6704449ed3
2084,2026-08-10,11.92,11.93,11.45,11.71,1496568,17372391.73,,,,render_normalized,tasi_2026-08-10_2026-08-10_20260810T153020102570Z,84d11a25e4f1e5c1fd93cef767caa7b24135f07229eeaeab08169c657f7b53de
2084,2026-08-11,11.72,11.86,11.54,11.61,775520,9057113.78,,,,render_normalized,tasi_2026-08-11_2026-08-11_20260811T153022011718Z,2ca6395fd3fcc72ba670e2961883e5c743cbb0e78c08f0ae926df09c31320865
2084,2026-08-12,11.56,11.64,11.4,11.42,943954,10857785.81,,,,render_normalized,tasi_2026-08-12_2026-08-12_20260812T153021905708Z,8862a2d01571a3c9a9cdaef7d6c4c85e805809ad63506c8d9042aff3fa53b579
2084,2026-08-13,11.42,11.48,11.17,11.19,1224331,13783671.37,,,,render_normalized,tasi_2026-08-13_2026-08-13_20260813T153020777659Z,e0b6e7e97827824585b899f3f5ae2a43f595aeae92435da9a370d3df14b68b99
2084,2026-08-16,11.26,11.38,11.02,11.02,1307048,14553204.45,,,,render_normalized,tasi_2026-08-14_2026-08-16_20260816T153020395457Z,5392abdf5e4a97362d33f1f6287bf2bc003c7d4bb43d28918b8aa095af9310d7
2084,2026-08-17,11.03,11.84,11.02,11.3,3892880,44197419.34,,,,render_normalized,tasi_2026-08-17_2026-08-17_20260817T153022794323Z,56ab1200186f32f6bf2b699463f355510bc0a3da931f38c90816013f38a2eaf0
2084,2026-08-18,11.3,11.46,11.1,11.16,2573197,28855033.73,,,,render_normalized,tasi_2026-08-18_2026-08-18_20260818T153020653358Z,1cfd844fc98ba7ee716337d459294e8e314daaa0f85480a8e110399f3a6b856d
2084,2026-08-19,11.25,11.4,11.08,11.19,1912824,21452994.28,,,,render_normalized,tasi_2026-08-19_2026-08-19_20260819T153022440747Z,c9f50859d8825bb8e17dc890cb696be42681eb6c5d61b3749a33257a86f3517b
2084,2026-08-20,11.21,11.32,11.12,11.16,2281983,25525994.01,,,,render_normalized,tasi_2026-08-20_2026-08-28_20260827T215758538311Z,7a00d373848e778f83c80f1777575ad48a6a4c0c192fe2e6a4123b56ae26cdee
2084,2026-08-23,11.2,11.56,11.2,11.4,2818994,32126153.95,,,,render_normalized,tasi_2026-08-20_2026-08-28_20260827T215758538311Z,7a00d373848e778f83c80f1777575ad48a6a4c0c192fe2e6a4123b56ae26cdee
2084,2026-08-24,11.42,11.64,11.27,11.32,2430320,27714147.04,,,,render_normalized,tasi_2026-08-20_2026-08-28_20260827T215758538311Z,7a00d373848e778f83c80f1777575ad48a6a4c0c192fe2e6a4123b56ae26cdee
2084,2026-08-25,11.34,11.5,11.25,11.32,3635184,41239593.27,,,,render_normalized,tasi_2026-08-20_2026-08-28_20260827T215758538311Z,7a00d373848e778f83c80f1777575ad48a6a4c0c192fe2e6a4123b56ae26cdee
2084,2026-08-26,11.32,11.45,11.15,11.19,3370411,37955333.74,,,,render_normalized,tasi_2026-08-20_2026-08-28_20260827T215758538311Z,7a00d373848e778f83c80f1777575ad48a6a4c0c192fe2e6a4123b56ae26cdee
2084,2026-08-27,11.21,11.64,11.18,11.58,6023574,68727240.45,,,,render_normalized,tasi_2026-08-20_2026-08-28_20260827T215758538311Z,7a00d373848e778f83c80f1777575ad48a6a4c0c192fe2e6a4123b56ae26cdee
2084,2026-08-30,11.75,11.85,11.48,11.51,7080223,82609992.98,,,,render_normalized,tasi_2026-08-29_2026-08-30_20260830T153021490619Z,40f2932d214f44ed867e412ffba0369130210869179423e6eadc9f965765cdba
2084,2026-08-31,11.5,11.5,11.2,11.4,4603152,52081447.87,,,,render_normalized,tasi_2026-08-31_2026-08-31_20260831T153022596960Z,374b46eb50c52f8fd4d5c98f4b7cf8e0c79e078fd621a4b30f58d5382471b4af
2090,2026-08-02,13.86,13.94,13.74,13.85,52868,731979.28,,,,render_normalized,tasi_2026-07-31_2026-08-02_20260802T153020127593Z,2eb23ca39fcf0e44fa270e6e4d6a1341261e22b2abfbc789ec2875a29009248b
2090,2026-08-03,13.95,14.05,13.84,13.99,88391,1234251.35,,,,render_normalized,tasi_2026-08-03_2026-08-03_20260803T153021496139Z,4b0f0fa9c3b343cf96fecea13101ae13ad2a21806fd55533770061ac5bb0689d
2090,2026-08-04,13.99,14.36,13.98,14.31,255409,3638686.84,,,,render_normalized,tasi_2026-08-04_2026-08-04_20260804T153023696814Z,32de4882671eec0a9062962d0f5591f8e56969b134d0070652d21718d4563e66
2090,2026-08-05,14.24,14.5,14.24,14.36,101538,1462326.42,,,,render_normalized,tasi_2026-08-05_2026-08-05_20260805T153024437012Z,9fd93f225e2663ef72017465f1af6b5bb1e9f620c1b69c07a1f0fd54b850091a
2090,2026-08-06,14.36,14.36,14.12,14.17,43951,625183.32,,,,render_normalized,tasi_2026-08-06_2026-08-06_20260806T153021501965Z,6ff377152d0ead67e84f33bc0daa618a818145aa8e2f551c9273431d88ac3851
2090,2026-08-09,13.92,14.24,13.92,13.94,66410,930550.18,,,,render_normalized,tasi_2026-08-07_2026-08-09_20260809T153020287151Z,d7eb763bea83ef8684d027dfe3fb0fb7c951f2a9c34d7e37300eab6704449ed3
2090,2026-08-10,14.01,14.01,13.8,13.88,68863,957309.41,,,,render_normalized,tasi_2026-08-10_2026-08-10_20260810T153020102570Z,84d11a25e4f1e5c1fd93cef767caa7b24135f07229eeaeab08169c657f7b53de
2090,2026-08-11,13.8,13.8,13.25,13.31,244109,3278401.76,,,,render_normalized,tasi_2026-08-11_2026-08-11_20260811T153022011718Z,2ca6395fd3fcc72ba670e2961883e5c743cbb0e78c08f0ae926df09c31320865
2090,2026-08-13,13.36,13.44,13.13,13.17,88995,1179392.16,,,,render_normalized,tasi_2026-08-13_2026-08-13_20260813T153020777659Z,e0b6e7e97827824585b899f3f5ae2a43f595aeae92435da9a370d3df14b68b99
2090,2026-08-16,13.2,13.47,13.2,13.43,43822,587740.63,,,,render_normalized,tasi_2026-08-14_2026-08-16_20260816T153020395457Z,5392abdf5e4a97362d33f1f6287bf2bc003c7d4bb43d28918b8aa095af9310d7
2090,2026-08-17,13.25,13.42,13.25,13.29,51472,685415.03,,,,render_normalized,tasi_2026-08-17_2026-08-17_20260817T153022794323Z,56ab1200186f32f6bf2b699463f355510bc0a3da931f38c90816013f38a2eaf0
2090,2026-08-18,13.3,13.55,13.27,13.43,76063,1021869.57,,,,render_normalized,tasi_2026-08-18_2026-08-18_20260818T153020653358Z,1cfd844fc98ba7ee716337d459294e8e314daaa0f85480a8e110399f3a6b856d
2090,2026-08-19,13.5,13.55,13.3,13.39,52890,708086.01,,,,render_normalized,tasi_2026-08-19_2026-08-19_20260819T153022440747Z,c9f50859d8825bb8e17dc890cb696be42681eb6c5d61b3749a33257a86f3517b
2090,2026-08-20,13.39,13.49,13.36,13.38,47713,639627.49,,,,render_normalized,tasi_2026-08-20_2026-08-28_20260827T215758538311Z,7a00d373848e778f83c80f1777575ad48a6a4c0c192fe2e6a4123b56ae26cdee
2090,2026-08-23,13.46,13.56,13.4,13.42,125606,1690450.62,,,,render_normalized,tasi_2026-08-20_2026-08-28_20260827T215758538311Z,7a00d373848e778f83c80f1777575ad48a6a4c0c192fe2e6a4123b56ae26cdee
2090,2026-08-24,13.4,13.85,13.4,13.7,228991,3139310.8,,,,render_normalized,tasi_2026-08-20_2026-08-28_20260827T215758538311Z,7a00d373848e778f83c80f1777575ad48a6a4c0c192fe2e6a4123b56ae26cdee
2090,2026-08-25,13.71,13.78,13.61,13.61,64291,880529.39,,,,render_normalized,tasi_2026-08-20_2026-08-28_20260827T215758538311Z,7a00d373848e778f83c80f1777575ad48a6a4c0c192fe2e6a4123b56ae26cdee
2090,2026-08-26,13.6,13.8,13.6,13.68,68030,931427.33,,,,render_normalized,tasi_2026-08-20_2026-08-28_20260827T215758538311Z,7a00d373848e778f83c80f1777575ad48a6a4c0c192fe2e6a4123b56ae26cdee
2090,2026-08-27,13.68,13.78,13.65,13.72,49094,673390.78,,,,render_normalized,tasi_2026-08-20_2026-08-28_20260827T215758538311Z,7a00d373848e778f83c80f1777575ad48a6a4c0c192fe2e6a4123b56ae26cdee
2090,2026-08-30,13.72,13.79,13.5,13.5,55802,759738.74,,,,render_normalized,tasi_2026-08-29_2026-08-30_20260830T153021490619Z,40f2932d214f44ed867e412ffba0369130210869179423e6eadc9f965765cdba
2090,2026-08-31,13.45,13.59,13.36,13.38,83576,1123597.41,,,,render_normalized,tasi_2026-08-31_2026-08-31_20260831T153022596960Z,374b46eb50c52f8fd4d5c98f4b7cf8e0c79e078fd621a4b30f58d5382471b4af
2100,2026-08-02,20.7,21.24,20.26,20.84,199733,4184183.36,,,,render_normalized,tasi_2026-07-31_2026-08-02_20260802T153020127593Z,2eb23ca39fcf0e44fa270e6e4d6a1341261e22b2abfbc789ec2875a29009248b
2100,2026-08-03,21.0,21.2,20.73,20.98,94546,1985107.48,,,,render_normalized,tasi_2026-08-03_2026-08-03_20260803T153021496139Z,4b0f0fa9c3b343cf96fecea13101ae13ad2a21806fd55533770061ac5bb0689d
2100,2026-08-04,21.0,21.59,21.0,21.28,211118,4503771.14,,,,render_normalized,tasi_2026-08-04_2026-08-04_20260804T153023696814Z,32de4882671eec0a9062962d0f5591f8e56969b134d0070652d21718d4563e66
2100,2026-08-05,21.32,21.32,20.95,21.18,108551,2296399.26,,,,render_normalized,tasi_2026-08-05_2026-08-05_20260805T153024437012Z,9fd93f225e2663ef72017465f1af6b5bb1e9f620c1b69c07a1f0fd54b850091a
2100,2026-08-06,21.11,21.66,21.1,21.25,170885,3651827.83,,,,render_normalized,tasi_2026-08-06_2026-08-06_20260806T153021501965Z,6ff377152d0ead67e84f33bc0daa618a818145aa8e2f551c9273431d88ac3851
2100,2026-08-09,21.41,21.51,21.25,21.3,88645,1892445.78,,,,render_normalized,tasi_2026-08-07_2026-08-09_20260809T153020287151Z,d7eb763bea83ef8684d027dfe3fb0fb7c951f2a9c34d7e37300eab6704449ed3
2100,2026-08-10,21.14,21.88,21.01,21.39,219665,4747030.82,,,,render_normalized,tasi_2026-08-10_2026-08-10_20260810T153020102570Z,84d11a25e4f1e5c1fd93cef767caa7b24135f07229eeaeab08169c657f7b53de
2100,2026-08-11,21.45,22.08,21.41,21.56,298651,6500687.6,,,,render_normalized,tasi_2026-08-11_2026-08-11_20260811T153022011718Z,2ca6395fd3fcc72ba670e2961883e5c743cbb0e78c08f0ae926df09c31320865
2100,2026-08-12,21.4,21.45,20.95,21.1,237761,5031779.08,,,,render_normalized,tasi_2026-08-12_2026-08-12_20260812T153021905708Z,8862a2d01571a3c9a9cdaef7d6c4c85e805809ad63506c8d9042aff3fa53b579
2100,2026-08-13,21.02,21.19,20.97,21.0,40243,846889.72,,,,render_normalized,tasi_2026-08-13_2026-08-13_20260813T153020777659Z,e0b6e7e97827824585b899f3f5ae2a43f595aeae92435da9a370d3df14b68b99
2100,2026-08-16,21.35,21.42,20.99,21.06,155912,3304950.72,,,,render_normalized,tasi_2026-08-14_2026-08-16_20260816T153020395457Z,5392abdf5e4a97362d33f1f6287bf2bc003c7d4bb43d28918b8aa095af9310d7
2100,2026-08-17,20.96,21.4,20.69,20.8,122975,2578654.27,,,,render_normalized,tasi_2026-08-17_2026-08-17_20260817T153022794323Z,56ab1200186f32f6bf2b699463f355510bc0a3da931f38c90816013f38a2eaf0
2100,2026-08-18,20.78,21.68,20.44,21.18,314449,6670859.79,,,,render_normalized,tasi_2026-08-18_2026-08-18_20260818T153020653358Z,1cfd844fc98ba7ee716337d459294e8e314daaa0f85480a8e110399f3a6b856d
2100,2026-08-19,21.2,21.28,20.9,20.91,81020,1706769.68,,,,render_normalized,tasi_2026-08-19_2026-08-19_20260819T153022440747Z,c9f50859d8825bb8e17dc890cb696be42681eb6c5d61b3749a33257a86f3517b
2100,2026-08-20,20.9,21.16,20.83,20.85,123160,2585721.06,,,,render_normalized,tasi_2026-08-20_2026-08-28_20260827T215758538311Z,7a00d373848e778f83c80f1777575ad48a6a4c0c192fe2e6a4123b56ae26cdee
2100,2026-08-23,20.88,21.19,20.88,20.96,92139,1936145.13,,,,render_normalized,tasi_2026-08-20_2026-08-28_20260827T215758538311Z,7a00d373848e778f83c80f1777575ad48a6a4c0c192fe2e6a4123b56ae26cdee
2100,2026-08-24,20.95,21.45,20.95,21.35,210483,4483012.86,,,,render_normalized,tasi_2026-08-20_2026-08-28_20260827T215758538311Z,7a00d373848e778f83c80f1777575ad48a6a4c0c192fe2e6a4123b56ae26cdee
2100,2026-08-25,21.3,21.71,21.16,21.27,193684,4143235.59,,,,render_normalized,tasi_2026-08-20_2026-08-28_20260827T215758538311Z,7a00d373848e778f83c80f1777575ad48a6a4c0c192fe2e6a4123b56ae26cdee
2100,2026-08-26,21.25,21.37,21.12,21.16,91316,1938388.86,,,,render_normalized,tasi_2026-08-20_2026-08-28_20260827T215758538311Z,7a00d373848e778f83c80f1777575ad48a6a4c0c192fe2e6a4123b56ae26cdee
2100,2026-08-27,21.17,21.5,21.1,21.35,113120,2412611.9,,,,render_normalized,tasi_2026-08-20_2026-08-28_20260827T215758538311Z,7a00d373848e778f83c80f1777575ad48a6a4c0c192fe2e6a4123b56ae26cdee
2100,2026-08-30,21.4,22.2,21.4,22.0,831141,18246529.86,,,,render_normalized,tasi_2026-08-29_2026-08-30_20260830T153021490619Z,40f2932d214f44ed867e412ffba0369130210869179423e6eadc9f965765cdba
2100,2026-08-31,21.9,22.94,21.8,22.83,870511,19535618.86,,,,render_normalized,tasi_2026-08-31_2026-08-31_20260831T153022596960Z,374b46eb50c52f8fd4d5c98f4b7cf8e0c79e078fd621a4b30f58d5382471b4af
2110,2026-08-02,160.0,162.2,158.0,158.8,17833,2835798.8,,,,render_normalized,tasi_2026-07-31_2026-08-02_20260802T153020127593Z,2eb23ca39fcf0e44fa270e6e4d6a1341261e22b2abfbc789ec2875a29009248b
2110,2026-08-03,158.0,160.9,155.9,160.0,28357,4482030.8,,,,render_normalized,tasi_2026-08-03_2026-08-03_20260803T153021496139Z,4b0f0fa9c3b343cf96fecea13101ae13ad2a21806fd55533770061ac5bb0689d
2110,2026-08-04,160.9,164.0,160.5,162.2,31448,5114236.3,,,,render_normalized,tasi_2026-08-04_2026-08-04_20260804T153023696814Z,32de4882671eec0a9062962d0f5591f8e56969b134d0070652d21718d4563e66
2110,2026-08-05,164.0,166.4,162.1,165.6,35650,5878542.4,,,,render_normalized,tasi_2026-08-05_2026-08-05_20260805T153024437012Z,9fd93f225e2663ef72017465f1af6b5bb1e9f620c1b69c07a1f0fd54b850091a
2110,2026-08-06,166.1,167.3,164.3,165.2,8513,1413433.1,,,,render_normalized,tasi_2026-08-06_2026-08-06_20260806T153021501965Z,6ff377152d0ead67e84f33bc0daa618a818145aa8e2f551c9273431d88ac3851
2110,2026-08-09,166.0,172.9,163.3,172.1,33638,5696642.3,,,,render_normalized,tasi_2026-08-07_2026-08-09_20260809T153020287151Z,d7eb763bea83ef8684d027dfe3fb0fb7c951f2a9c34d7e37300eab6704449ed3
2110,2026-08-10,172.1,178.8,172.1,175.2,26046,4587514.4,,,,render_normalized,tasi_2026-08-10_2026-08-10_20260810T153020102570Z,84d11a25e4f1e5c1fd93cef767caa7b24135f07229eeaeab08169c657f7b53de
2110,2026-08-11,176.0,178.2,174.9,176.6,33311,5868556.0,,,,render_normalized,tasi_2026-08-11_2026-08-11_20260811T153022011718Z,2ca6395fd3fcc72ba670e2961883e5c743cbb0e78c08f0ae926df09c31320865
2110,2026-08-12,176.6,180.9,176.4,177.3,27082,4855527.5,,,,render_normalized,tasi_2026-08-12_2026-08-12_20260812T153021905708Z,8862a2d01571a3c9a9cdaef7d6c4c85e805809ad63506c8d9042aff3fa53b579
2110,2026-08-13,177.1,180.0,177.0,179.8,25798,4601575.7,,,,render_normalized,tasi_2026-08-13_2026-08-13_20260813T153020777659Z,e0b6e7e97827824585b899f3f5ae2a43f595aeae92435da9a370d3df14b68b99
2110,2026-08-16,179.5,182.1,178.0,178.7,18393,3318042.6,,,,render_normalized,tasi_2026-08-14_2026-08-16_20260816T153020395457Z,5392abdf5e4a97362d33f1f6287bf2bc003c7d4bb43d28918b8aa095af9310d7
2110,2026-08-17,175.6,181.8,175.6,176.7,22761,4071769.6,,,,render_normalized,tasi_2026-08-17_2026-08-17_20260817T153022794323Z,56ab1200186f32f6bf2b699463f355510bc0a3da931f38c90816013f38a2eaf0
2110,2026-08-18,175.2,179.9,175.2,177.0,14149,2518455.7,,,,render_normalized,tasi_2026-08-18_2026-08-18_20260818T153020653358Z,1cfd844fc98ba7ee716337d459294e8e314daaa0f85480a8e110399f3a6b856d
2110,2026-08-19,176.7,179.0,175.9,176.3,15689,2783453.4,,,,render_normalized,tasi_2026-08-19_2026-08-19_20260819T153022440747Z,c9f50859d8825bb8e17dc890cb696be42681eb6c5d61b3749a33257a86f3517b
2110,2026-08-20,176.4,181.0,176.4,179.0,19379,3483934.7,,,,render_normalized,tasi_2026-08-20_2026-08-28_20260827T215758538311Z,7a00d373848e778f83c80f1777575ad48a6a4c0c192fe2e6a4123b56ae26cdee
2110,2026-08-23,179.0,179.9,178.5,179.0,11996,2148310.7,,,,render_normalized,tasi_2026-08-20_2026-08-28_20260827T215758538311Z,7a00d373848e778f83c80f1777575ad48a6a4c0c192fe2e6a4123b56ae26cdee
2110,2026-08-24,176.5,178.7,176.0,176.8,17029,3014092.1,,,,render_normalized,tasi_2026-08-20_2026-08-28_20260827T215758538311Z,7a00d373848e778f83c80f1777575ad48a6a4c0c192fe2e6a4123b56ae26cdee
2110,2026-08-25,176.8,185.8,176.8,179.2,61398,11096974.0,,,,render_normalized,tasi_2026-08-20_2026-08-28_20260827T215758538311Z,7a00d373848e778f83c80f1777575ad48a6a4c0c192fe2e6a4123b56ae26cdee
2110,2026-08-26,179.2,181.0,175.6,176.0,16741,2983557.7,,,,render_normalized,tasi_2026-08-20_2026-08-28_20260827T215758538311Z,7a00d373848e778f83c80f1777575ad48a6a4c0c192fe2e6a4123b56ae26cdee
2110,2026-08-27,176.1,177.8,176.0,177.0,16654,2943369.5,,,,render_normalized,tasi_2026-08-20_2026-08-28_20260827T215758538311Z,7a00d373848e778f83c80f1777575ad48a6a4c0c192fe2e6a4123b56ae26cdee
2110,2026-08-30,177.0,177.8,175.1,175.2,8026,1412695.8,,,,render_normalized,tasi_2026-08-29_2026-08-30_20260830T153021490619Z,40f2932d214f44ed867e412ffba0369130210869179423e6eadc9f965765cdba
2110,2026-08-31,172.0,185.0,172.0,183.5,90923,16319019.2,,,,render_normalized,tasi_2026-08-31_2026-08-31_20260831T153022596960Z,374b46eb50c52f8fd4d5c98f4b7cf8e0c79e078fd621a4b30f58d5382471b4af
2120,2026-08-02,15.19,15.57,15.18,15.42,50236,774333.3,,,,render_normalized,tasi_2026-07-31_2026-08-02_20260802T153020127593Z,2eb23ca39fcf0e44fa270e6e4d6a1341261e22b2abfbc789ec2875a29009248b
2120,2026-08-03,15.6,15.74,15.46,15.5,118766,1853134.32,,,,render_normalized,tasi_2026-08-03_2026-08-03_20260803T153021496139Z,4b0f0fa9c3b343cf96fecea13101ae13ad2a21806fd55533770061ac5bb0689d
2120,2026-08-04,15.84,16.26,15.64,15.77,324886,5199213.28,,,,render_normalized,tasi_2026-08-04_2026-08-04_20260804T153023696814Z,32de4882671eec0a9062962d0f5591f8e56969b134d0070652d21718d4563e66
2120,2026-08-05,15.77,16.17,15.75,16.1,140035,2244986.27,,,,render_normalized,tasi_2026-08-05_2026-08-05_20260805T153024437012Z,9fd93f225e2663ef72017465f1af6b5bb1e9f620c1b69c07a1f0fd54b850091a
2120,2026-08-06,16.1,16.1,15.82,15.95,90941,1449313.87,,,,render_normalized,tasi_2026-08-06_2026-08-06_20260806T153021501965Z,6ff377152d0ead67e84f33bc0daa618a818145aa8e2f551c9273431d88ac3851
2120,2026-08-09,16.0,17.0,15.95,16.22,681538,11255677.89,,,,render_normalized,tasi_2026-08-07_2026-08-09_20260809T153020287151Z,d7eb763bea83ef8684d027dfe3fb0fb7c951f2a9c34d7e37300eab6704449ed3
2120,2026-08-10,16.22,16.68,15.97,16.36,429611,7052047.05,,,,render_normalized,tasi_2026-08-10_2026-08-10_20260810T153020102570Z,84d11a25e4f1e5c1fd93cef767caa7b24135f07229eeaeab08169c657f7b53de
2120,2026-08-11,16.5,16.67,16.11,16.31,349066,5742257.6,,,,render_normalized,tasi_2026-08-11_2026-08-11_20260811T153022011718Z,2ca6395fd3fcc72ba670e2961883e5c743cbb0e78c08f0ae926df09c31320865
2120,2026-08-12,16.25,16.63,16.01,16.29,345549,5624261.81,,,,render_normalized,tasi_2026-08-12_2026-08-12_20260812T153021905708Z,8862a2d01571a3c9a9cdaef7d6c4c85e805809ad63506c8d9042aff3fa53b579
2120,2026-08-13,16.12,16.49,16.06,16.21,286293,4650611.23,,,,render_normalized,tasi_2026-08-13_2026-08-13_20260813T153020777659Z,e0b6e7e97827824585b899f3f5ae2a43f595aeae92435da9a370d3df14b68b99
2120,2026-08-16,16.49,16.6,16.19,16.38,321133,5261678.74,,,,render_normalized,tasi_2026-08-14_2026-08-16_20260816T153020395457Z,5392abdf5e4a97362d33f1f6287bf2bc003c7d4bb43d28918b8aa095af9310d7
2120,2026-08-17,16.4,16.56,16.22,16.28,408542,6691712.09,,,,render_normalized,tasi_2026-08-17_2026-08-17_20260817T153022794323Z,56ab1200186f32f6bf2b699463f355510bc0a3da931f38c90816013f38a2eaf0
2120,2026-08-18,16.28,16.5,16.21,16.25,331312,5410773.87,,,,render_normalized,tasi_2026-08-18_2026-08-18_20260818T153020653358Z,1cfd844fc98ba7ee716337d459294e8e314daaa0f85480a8e110399f3a6b856d
2120,2026-08-19,16.22,16.45,16.2,16.37,521828,8525238.05,,,,render_normalized,tasi_2026-08-19_2026-08-19_20260819T153022440747Z,c9f50859d8825bb8e17dc890cb696be42681eb6c5d61b3749a33257a86f3517b
2120,2026-08-20,16.49,16.49,16.01,16.1,888178,14398851.96,,,,render_normalized,tasi_2026-08-20_2026-08-28_20260827T215758538311Z,7a00d373848e778f83c80f1777575ad48a6a4c0c192fe2e6a4123b56ae26cdee
2120,2026-08-23,16.2,16.6,16.08,16.53,844405,13826259.96,,,,render_normalized,tasi_2026-08-20_2026-08-28_20260827T215758538311Z,7a00d373848e778f83c80f1777575ad48a6a4c0c192fe2e6a4123b56ae26cdee
2120,2026-08-24,16.56,17.09,16.56,16.96,480607,8116385.05,,,,render_normalized,tasi_2026-08-20_2026-08-28_20260827T215758538311Z,7a00d373848e778f83c80f1777575ad48a6a4c0c192fe2e6a4123b56ae26cdee
2120,2026-08-25,16.96,17.07,16.85,16.93,595068,10112989.51,,,,render_normalized,tasi_2026-08-20_2026-08-28_20260827T215758538311Z,7a00d373848e778f83c80f1777575ad48a6a4c0c192fe2e6a4123b56ae26cdee
2120,2026-08-26,16.95,17.11,16.93,16.94,757963,12893005.33,,,,render_normalized,tasi_2026-08-20_2026-08-28_20260827T215758538311Z,7a00d373848e778f83c80f1777575ad48a6a4c0c192fe2e6a4123b56ae26cdee
2120,2026-08-27,16.86,17.07,16.72,16.98,903577,15268677.47,,,,render_normalized,tasi_2026-08-20_2026-08-28_20260827T215758538311Z,7a00d373848e778f83c80f1777575ad48a6a4c0c192fe2e6a4123b56ae26cdee
2120,2026-08-30,16.97,17.17,16.95,17.03,281059,4781880.69,,,,render_normalized,tasi_2026-08-29_2026-08-30_20260830T153021490619Z,40f2932d214f44ed867e412ffba0369130210869179423e6eadc9f965765cdba
2120,2026-08-31,17.1,17.1,16.76,16.91,561037,9492247.86,,,,render_normalized,tasi_2026-08-31_2026-08-31_20260831T153022596960Z,374b46eb50c52f8fd4d5c98f4b7cf8e0c79e078fd621a4b30f58d5382471b4af
2130,2026-08-02,15.9,16.56,15.89,16.21,304742,4977385.85,,,,render_normalized,tasi_2026-07-31_2026-08-02_20260802T153020127593Z,2eb23ca39fcf0e44fa270e6e4d6a1341261e22b2abfbc789ec2875a29009248b
2130,2026-08-03,16.24,16.39,16.1,16.39,340621,5522628.78,,,,render_normalized,tasi_2026-08-03_2026-08-03_20260803T153021496139Z,4b0f0fa9c3b343cf96fecea13101ae13ad2a21806fd55533770061ac5bb0689d
2130,2026-08-04,16.65,17.27,16.64,16.8,1021599,17337167.01,,,,render_normalized,tasi_2026-08-04_2026-08-04_20260804T153023696814Z,32de4882671eec0a9062962d0f5591f8e56969b134d0070652d21718d4563e66
2130,2026-08-05,16.75,17.06,16.55,16.66,318941,5368013.21,,,,render_normalized,tasi_2026-08-05_2026-08-05_20260805T153024437012Z,9fd93f225e2663ef72017465f1af6b5bb1e9f620c1b69c07a1f0fd54b850091a
2130,2026-08-06,16.68,17.0,16.55,16.83,373521,6302534.27,,,,render_normalized,tasi_2026-08-06_2026-08-06_20260806T153021501965Z,6ff377152d0ead67e84f33bc0daa618a818145aa8e2f551c9273431d88ac3851
2130,2026-08-09,16.79,17.0,16.52,16.62,270381,4523293.8,,,,render_normalized,tasi_2026-08-07_2026-08-09_20260809T153020287151Z,d7eb763bea83ef8684d027dfe3fb0fb7c951f2a9c34d7e37300eab6704449ed3
2130,2026-08-10,16.55,16.8,16.3,16.65,129911,2151933.75,,,,render_normalized,tasi_2026-08-10_2026-08-10_20260810T153020102570Z,84d11a25e4f1e5c1fd93cef767caa7b24135f07229eeaeab08169c657f7b53de
2130,2026-08-11,16.65,16.65,16.47,16.49,114719,1895671.17,,,,render_normalized,tasi_2026-08-11_2026-08-11_20260811T153022011718Z,2ca6395fd3fcc72ba670e2961883e5c743cbb0e78c08f0ae926df09c31320865
2130,2026-08-12,16.5,16.67,16.41,16.51,130145,2152356.2,,,,render_normalized,tasi_2026-08-12_2026-08-12_20260812T153021905708Z,8862a2d01571a3c9a9cdaef7d6c4c85e805809ad63506c8d9042aff3fa53b579
2130,2026-08-13,16.6,16.79,16.5,16.57,101627,1692313.41,,,,render_normalized,tasi_2026-08-13_2026-08-13_20260813T153020777659Z,e0b6e7e97827824585b899f3f5ae2a43f595aeae92435da9a370d3df14b68b99
2130,2026-08-16,16.52,16.77,16.51,16.54,93552,1552569.89,,,,render_normalized,tasi_2026-08-14_2026-08-16_20260816T153020395457Z,5392abdf5e4a97362d33f1f6287bf2bc003c7d4bb43d28918b8aa095af9310d7
2130,2026-08-17,16.55,16.78,16.54,16.64,219293,3657412.44,,,,render_normalized,tasi_2026-08-17_2026-08-17_20260817T153022794323Z,56ab1200186f32f6bf2b699463f355510bc0a3da931f38c90816013f38a2eaf0
2130,2026-08-18,16.64,16.69,16.5,16.52,148203,2460423.96,,,,render_normalized,tasi_2026-08-18_2026-08-18_20260818T153020653358Z,1cfd844fc98ba7ee716337d459294e8e314daaa0f85480a8e110399f3a6b856d
2130,2026-08-19,16.5,16.58,16.29,16.3,150438,2464243.03,,,,render_normalized,tasi_2026-08-19_2026-08-19_20260819T153022440747Z,c9f50859d8825bb8e17dc890cb696be42681eb6c5d61b3749a33257a86f3517b
2130,2026-08-20,16.3,16.38,16.17,16.28,102985,1675265.37,,,,render_normalized,tasi_2026-08-20_2026-08-28_20260827T215758538311Z,7a00d373848e778f83c80f1777575ad48a6a4c0c192fe2e6a4123b56ae26cdee
2130,2026-08-23,16.17,16.63,16.17,16.35,239026,3932630.86,,,,render_normalized,tasi_2026-08-20_2026-08-28_20260827T215758538311Z,7a00d373848e778f83c80f1777575ad48a6a4c0c192fe2e6a4123b56ae26cdee
2130,2026-08-24,16.28,16.54,16.28,16.34,192167,3147195.93,,,,render_normalized,tasi_2026-08-20_2026-08-28_20260827T215758538311Z,7a00d373848e778f83c80f1777575ad48a6a4c0c192fe2e6a4123b56ae26cdee
2130,2026-08-25,16.44,16.44,16.11,16.13,131470,2133966.67,,,,render_normalized,tasi_2026-08-20_2026-08-28_20260827T215758538311Z,7a00d373848e778f83c80f1777575ad48a6a4c0c192fe2e6a4123b56ae26cdee
2130,2026-08-26,16.13,16.26,15.9,16.24,196906,3159618.97,,,,render_normalized,tasi_2026-08-20_2026-08-28_20260827T215758538311Z,7a00d373848e778f83c80f1777575ad48a6a4c0c192fe2e6a4123b56ae26cdee
2130,2026-08-27,16.24,16.36,16.14,16.22,98684,1604485.31,,,,render_normalized,tasi_2026-08-20_2026-08-28_20260827T215758538311Z,7a00d373848e778f83c80f1777575ad48a6a4c0c192fe2e6a4123b56ae26cdee
2130,2026-08-30,16.3,16.37,16.0,16.29,124763,2030717.43,,,,render_normalized,tasi_2026-08-29_2026-08-30_20260830T153021490619Z,40f2932d214f44ed867e412ffba0369130210869179423e6eadc9f965765cdba
2130,2026-08-31,16.29,16.72,15.9,16.05,968285,15860247.88,,,,render_normalized,tasi_2026-08-31_2026-08-31_20260831T153022596960Z,374b46eb50c52f8fd4d5c98f4b7cf8e0c79e078fd621a4b30f58d5382471b4af
2140,2026-08-02,9.11,9.42,9.1,9.32,318775,2952357.0,,,,render_normalized,tasi_2026-07-31_2026-08-02_20260802T153020127593Z,2eb23ca39fcf0e44fa270e6e4d6a1341261e22b2abfbc789ec2875a29009248b
2140,2026-08-03,9.31,9.44,9.29,9.31,273728,2557999.65,,,,render_normalized,tasi_2026-08-03_2026-08-03_20260803T153021496139Z,4b0f0fa9c3b343cf96fecea13101ae13ad2a21806fd55533770061ac5bb0689d
2140,2026-08-04,9.31,9.45,9.25,9.41,335350,3138217.92,,,,render_normalized,tasi_2026-08-04_2026-08-04_20260804T153023696814Z,32de4882671eec0a9062962d0f5591f8e56969b134d0070652d21718d4563e66
2140,2026-08-05,9.4,9.46,9.26,9.27,205484,1922224.33,,,,render_normalized,tasi_2026-08-05_2026-08-05_20260805T153024437012Z,9fd93f225e2663ef72017465f1af6b5bb1e9f620c1b69c07a1f0fd54b850091a
2140,2026-08-06,9.25,9.33,9.21,9.24,218966,2027869.38,,,,render_normalized,tasi_2026-08-06_2026-08-06_20260806T153021501965Z,6ff377152d0ead67e84f33bc0daa618a818145aa8e2f551c9273431d88ac3851
2140,2026-08-09,9.24,9.28,9.14,9.19,156315,1440255.01,,,,render_normalized,tasi_2026-08-07_2026-08-09_20260809T153020287151Z,d7eb763bea83ef8684d027dfe3fb0fb7c951f2a9c34d7e37300eab6704449ed3
2140,2026-08-10,9.18,9.2,9.1,9.17,197709,1804357.72,,,,render_normalized,tasi_2026-08-10_2026-08-10_20260810T153020102570Z,84d11a25e4f1e5c1fd93cef767caa7b24135f07229eeaeab08169c657f7b53de
2140,2026-08-11,9.11,9.27,9.02,9.21,325077,2960380.14,,,,render_normalized,tasi_2026-08-11_2026-08-11_20260811T153022011718Z,2ca6395fd3fcc72ba670e2961883e5c743cbb0e78c08f0ae926df09c31320865
2140,2026-08-12,9.15,9.19,9.09,9.17,148010,1351052.28,,,,render_normalized,tasi_2026-08-12_2026-08-12_20260812T153021905708Z,8862a2d01571a3c9a9cdaef7d6c4c85e805809ad63506c8d9042aff3fa53b579
2140,2026-08-13,9.17,9.19,9.07,9.1,212369,1938405.06,,,,render_normalized,tasi_2026-08-13_2026-08-13_20260813T153020777659Z,e0b6e7e97827824585b899f3f5ae2a43f595aeae92435da9a370d3df14b68b99
2140,2026-08-16,9.27,9.28,9.08,9.1,292630,2687352.44,,,,render_normalized,tasi_2026-08-14_2026-08-16_20260816T153020395457Z,5392abdf5e4a97362d33f1f6287bf2bc003c7d4bb43d28918b8aa095af9310d7
2140,2026-08-17,9.12,9.24,9.06,9.16,244264,2231138.44,,,,render_normalized,tasi_2026-08-17_2026-08-17_20260817T153022794323Z,56ab1200186f32f6bf2b699463f355510bc0a3da931f38c90816013f38a2eaf0
2140,2026-08-18,9.26,9.37,9.02,9.09,688892,6306498.37,,,,render_normalized,tasi_2026-08-18_2026-08-18_20260818T153020653358Z,1cfd844fc98ba7ee716337d459294e8e314daaa0f85480a8e110399f3a6b856d
2140,2026-08-19,9.09,9.11,9.01,9.05,348547,3152744.07,,,,render_normalized,tasi_2026-08-19_2026-08-19_20260819T153022440747Z,c9f50859d8825bb8e17dc890cb696be42681eb6c5d61b3749a33257a86f3517b
2140,2026-08-20,9.04,9.13,9.04,9.08,146792,1333804.46,,,,render_normalized,tasi_2026-08-20_2026-08-28_20260827T215758538311Z,7a00d373848e778f83c80f1777575ad48a6a4c0c192fe2e6a4123b56ae26cdee
2140,2026-08-23,9.07,9.2,9.07,9.16,322121,2947425.71,,,,render_normalized,tasi_2026-08-20_2026-08-28_20260827T215758538311Z,7a00d373848e778f83c80f1777575ad48a6a4c0c192fe2e6a4123b56ae26cdee
2140,2026-08-24,9.19,9.53,9.14,9.47,1206821,11289344.38,,,,render_normalized,tasi_2026-08-20_2026-08-28_20260827T215758538311Z,7a00d373848e778f83c80f1777575ad48a6a4c0c192fe2e6a4123b56ae26cdee
2140,2026-08-25,9.51,9.7,9.4,9.62,1547534,14860451.12,,,,render_normalized,tasi_2026-08-20_2026-08-28_20260827T215758538311Z,7a00d373848e778f83c80f1777575ad48a6a4c0c192fe2e6a4123b56ae26cdee
2140,2026-08-26,9.66,10.2,9.66,9.84,1976069,19642863.55,,,,render_normalized,tasi_2026-08-20_2026-08-28_20260827T215758538311Z,7a00d373848e778f83c80f1777575ad48a6a4c0c192fe2e6a4123b56ae26cdee
2140,2026-08-27,9.86,9.9,9.63,9.68,506574,4908638.82,,,,render_normalized,tasi_2026-08-20_2026-08-28_20260827T215758538311Z,7a00d373848e778f83c80f1777575ad48a6a4c0c192fe2e6a4123b56ae26cdee
2140,2026-08-30,9.6,9.92,9.6,9.8,410335,4002843.07,,,,render_normalized,tasi_2026-08-29_2026-08-30_20260830T153021490619Z,40f2932d214f44ed867e412ffba0369130210869179423e6eadc9f965765cdba
2140,2026-08-31,9.79,9.79,9.5,9.57,789154,7582044.27,,,,render_normalized,tasi_2026-08-31_2026-08-31_20260831T153022596960Z,374b46eb50c52f8fd4d5c98f4b7cf8e0c79e078fd621a4b30f58d5382471b4af
2150,2026-08-02,36.6,36.82,36.36,36.6,121118,4428206.98,,,,render_normalized,tasi_2026-07-31_2026-08-02_20260802T153020127593Z,2eb23ca39fcf0e44fa270e6e4d6a1341261e22b2abfbc789ec2875a29009248b
2150,2026-08-03,36.6,37.5,36.44,37.12,190385,7070769.24,,,,render_normalized,tasi_2026-08-03_2026-08-03_20260803T153021496139Z,4b0f0fa9c3b343cf96fecea13101ae13ad2a21806fd55533770061ac5bb0689d
2150,2026-08-04,37.14,37.44,37.0,37.18,174311,6487782.88,,,,render_normalized,tasi_2026-08-04_2026-08-04_20260804T153023696814Z,32de4882671eec0a9062962d0f5591f8e56969b134d0070652d21718d4563e66
2150,2026-08-05,37.18,37.42,37.14,37.18,85567,3187544.06,,,,render_normalized,tasi_2026-08-05_2026-08-05_20260805T153024437012Z,9fd93f225e2663ef72017465f1af6b5bb1e9f620c1b69c07a1f0fd54b850091a
2150,2026-08-06,37.16,37.38,36.9,36.94,63748,2361672.94,,,,render_normalized,tasi_2026-08-06_2026-08-06_20260806T153021501965Z,6ff377152d0ead67e84f33bc0daa618a818145aa8e2f551c9273431d88ac3851
2150,2026-08-09,36.94,37.2,36.84,36.84,34583,1279655.94,,,,render_normalized,tasi_2026-08-07_2026-08-09_20260809T153020287151Z,d7eb763bea83ef8684d027dfe3fb0fb7c951f2a9c34d7e37300eab6704449ed3
2150,2026-08-10,36.74,37.0,36.54,36.68,83161,3054780.1,,,,render_normalized,tasi_2026-08-10_2026-08-10_20260810T153020102570Z,84d11a25e4f1e5c1fd93cef767caa7b24135f07229eeaeab08169c657f7b53de
2150,2026-08-11,36.84,36.84,36.32,36.32,51470,1876164.78,,,,render_normalized,tasi_2026-08-11_2026-08-11_20260811T153022011718Z,2ca6395fd3fcc72ba670e2961883e5c743cbb0e78c08f0ae926df09c31320865
2150,2026-08-12,36.34,36.44,36.14,36.18,26148,947220.36,,,,render_normalized,tasi_2026-08-12_2026-08-12_20260812T153021905708Z,8862a2d01571a3c9a9cdaef7d6c4c85e805809ad63506c8d9042aff3fa53b579
2150,2026-08-13,36.18,36.34,35.82,35.92,76404,2752341.16,,,,render_normalized,tasi_2026-08-13_2026-08-13_20260813T153020777659Z,e0b6e7e97827824585b899f3f5ae2a43f595aeae92435da9a370d3df14b68b99
2150,2026-08-16,36.0,36.3,35.94,35.94,47516,1714264.78,,,,render_normalized,tasi_2026-08-14_2026-08-16_20260816T153020395457Z,5392abdf5e4a97362d33f1f6287bf2bc003c7d4bb43d28918b8aa095af9310d7
2150,2026-08-17,35.94,36.02,35.82,35.9,54445,1954821.94,,,,render_normalized,tasi_2026-08-17_2026-08-17_20260817T153022794323Z,56ab1200186f32f6bf2b699463f355510bc0a3da931f38c90816013f38a2eaf0
2150,2026-08-18,36.0,36.0,35.78,35.84,58556,2101765.3,,,,render_normalized,tasi_2026-08-18_2026-08-18_20260818T153020653358Z,1cfd844fc98ba7ee716337d459294e8e314daaa0f85480a8e110399f3a6b856d
2150,2026-08-19,35.78,36.28,35.6,36.28,208867,7529445.46,,,,render_normalized,tasi_2026-08-19_2026-08-19_20260819T153022440747Z,c9f50859d8825bb8e17dc890cb696be42681eb6c5d61b3749a33257a86f3517b
2150,2026-08-20,36.4,37.34,36.22,37.2,426542,15787603.0,,,,render_normalized,tasi_2026-08-20_2026-08-28_20260827T215758538311Z,7a00d373848e778f83c80f1777575ad48a6a4c0c192fe2e6a4123b56ae26cdee
2150,2026-08-23,37.54,39.3,37.38,39.3,1038979,40097719.98,,,,render_normalized,tasi_2026-08-20_2026-08-28_20260827T215758538311Z,7a00d373848e778f83c80f1777575ad48a6a4c0c192fe2e6a4123b56ae26cdee
2150,2026-08-24,39.3,39.88,38.6,39.08,859038,33818927.9,,,,render_normalized,tasi_2026-08-20_2026-08-28_20260827T215758538311Z,7a00d373848e778f83c80f1777575ad48a6a4c0c192fe2e6a4123b56ae26cdee
2150,2026-08-25,39.12,39.28,38.68,39.1,570724,22274716.92,,,,render_normalized,tasi_2026-08-20_2026-08-28_20260827T215758538311Z,7a00d373848e778f83c80f1777575ad48a6a4c0c192fe2e6a4123b56ae26cdee
2150,2026-08-26,39.1,39.58,38.8,39.54,388036,15245314.32,,,,render_normalized,tasi_2026-08-20_2026-08-28_20260827T215758538311Z,7a00d373848e778f83c80f1777575ad48a6a4c0c192fe2e6a4123b56ae26cdee
2150,2026-08-27,39.7,39.84,39.14,39.14,306147,12098132.06,,,,render_normalized,tasi_2026-08-20_2026-08-28_20260827T215758538311Z,7a00d373848e778f83c80f1777575ad48a6a4c0c192fe2e6a4123b56ae26cdee
2150,2026-08-30,39.34,39.38,39.04,39.1,159627,6257953.02,,,,render_normalized,tasi_2026-08-29_2026-08-30_20260830T153021490619Z,40f2932d214f44ed867e412ffba0369130210869179423e6eadc9f965765cdba
2150,2026-08-31,39.02,39.22,38.44,38.68,216126,8375098.72,,,,render_normalized,tasi_2026-08-31_2026-08-31_20260831T153022596960Z,374b46eb50c52f8fd4d5c98f4b7cf8e0c79e078fd621a4b30f58d5382471b4af
2160,2026-08-02,12.05,12.4,12.05,12.06,177679,2172300.71,,,,render_normalized,tasi_2026-07-31_2026-08-02_20260802T153020127593Z,2eb23ca39fcf0e44fa270e6e4d6a1341261e22b2abfbc789ec2875a29009248b
2160,2026-08-03,12.24,12.42,12.15,12.35,265779,3272444.83,,,,render_normalized,tasi_2026-08-03_2026-08-03_20260803T153021496139Z,4b0f0fa9c3b343cf96fecea13101ae13ad2a21806fd55533770061ac5bb0689d
2160,2026-08-04,12.46,12.9,12.46,12.72,614666,7803451.71,,,,render_normalized,tasi_2026-08-04_2026-08-04_20260804T153023696814Z,32de4882671eec0a9062962d0f5591f8e56969b134d0070652d21718d4563e66
2160,2026-08-05,12.71,12.98,12.68,12.79,438967,5638396.89,,,,render_normalized,tasi_2026-08-05_2026-08-05_20260805T153024437012Z,9fd93f225e2663ef72017465f1af6b5bb1e9f620c1b69c07a1f0fd54b850091a
2160,2026-08-06,12.8,12.8,12.53,12.62,150689,1902310.42,,,,render_normalized,tasi_2026-08-06_2026-08-06_20260806T153021501965Z,6ff377152d0ead67e84f33bc0daa618a818145aa8e2f551c9273431d88ac3851
2160,2026-08-09,11.98,12.26,11.8,12.0,799867,9622569.64,,,,render_normalized,tasi_2026-08-07_2026-08-09_20260809T153020287151Z,d7eb763bea83ef8684d027dfe3fb0fb7c951f2a9c34d7e37300eab6704449ed3
2160,2026-08-10,12.01,12.1,11.76,12.08,339733,4052109.3,,,,render_normalized,tasi_2026-08-10_2026-08-10_20260810T153020102570Z,84d11a25e4f1e5c1fd93cef767caa7b24135f07229eeaeab08169c657f7b53de
2160,2026-08-11,12.18,12.33,12.01,12.18,410503,5008422.24,,,,render_normalized,tasi_2026-08-11_2026-08-11_20260811T153022011718Z,2ca6395fd3fcc72ba670e2961883e5c743cbb0e78c08f0ae926df09c31320865
2160,2026-08-12,12.22,12.76,12.22,12.52,943326,11869445.85,,,,render_normalized,tasi_2026-08-12_2026-08-12_20260812T153021905708Z,8862a2d01571a3c9a9cdaef7d6c4c85e805809ad63506c8d9042aff3fa53b579
2160,2026-08-13,12.63,12.86,12.5,12.69,443758,5627868.61,,,,render_normalized,tasi_2026-08-13_2026-08-13_20260813T153020777659Z,e0b6e7e97827824585b899f3f5ae2a43f595aeae92435da9a370d3df14b68b99
2160,2026-08-16,12.81,13.6,12.81,13.17,1102698,14652760.93,,,,render_normalized,tasi_2026-08-14_2026-08-16_20260816T153020395457Z,5392abdf5e4a97362d33f1f6287bf2bc003c7d4bb43d28918b8aa095af9310d7
2160,2026-08-17,13.15,13.17,12.93,13.03,356319,4646697.81,,,,render_normalized,tasi_2026-08-17_2026-08-17_20260817T153022794323Z,56ab1200186f32f6bf2b699463f355510bc0a3da931f38c90816013f38a2eaf0
2160,2026-08-18,13.14,13.33,12.94,12.94,574707,7545302.4,,,,render_normalized,tasi_2026-08-18_2026-08-18_20260818T153020653358Z,1cfd844fc98ba7ee716337d459294e8e314daaa0f85480a8e110399f3a6b856d
2160,2026-08-19,13.1,13.4,13.0,13.11,484077,6383802.91,,,,render_normalized,tasi_2026-08-19_2026-08-19_20260819T153022440747Z,c9f50859d8825bb8e17dc890cb696be42681eb6c5d61b3749a33257a86f3517b
2160,2026-08-20,13.12,13.16,12.97,13.0,288498,3757269.11,,,,render_normalized,tasi_2026-08-20_2026-08-28_20260827T215758538311Z,7a00d373848e778f83c80f1777575ad48a6a4c0c192fe2e6a4123b56ae26cdee
2160,2026-08-23,13.03,13.56,13.03,13.27,879548,11755202.09,,,,render_normalized,tasi_2026-08-20_2026-08-28_20260827T215758538311Z,7a00d373848e778f83c80f1777575ad48a6a4c0c192fe2e6a4123b56ae26cdee
2160,2026-08-24,13.33,13.34,13.17,13.19,312811,4148528.56,,,,render_normalized,tasi_2026-08-20_2026-08-28_20260827T215758538311Z,7a00d373848e778f83c80f1777575ad48a6a4c0c192fe2e6a4123b56ae26cdee
2160,2026-08-25,13.22,13.22,13.05,13.09,176995,2323456.79,,,,render_normalized,tasi_2026-08-20_2026-08-28_20260827T215758538311Z,7a00d373848e778f83c80f1777575ad48a6a4c0c192fe2e6a4123b56ae26cdee
2160,2026-08-26,13.09,13.33,13.0,13.27,424581,5617885.4,,,,render_normalized,tasi_2026-08-20_2026-08-28_20260827T215758538311Z,7a00d373848e778f83c80f1777575ad48a6a4c0c192fe2e6a4123b56ae26cdee
2160,2026-08-27,13.34,13.36,13.01,13.26,487322,6441053.2,,,,render_normalized,tasi_2026-08-20_2026-08-28_20260827T215758538311Z,7a00d373848e778f83c80f1777575ad48a6a4c0c192fe2e6a4123b56ae26cdee
2160,2026-08-30,13.26,13.39,13.1,13.17,204735,2709683.54,,,,render_normalized,tasi_2026-08-29_2026-08-30_20260830T153021490619Z,40f2932d214f44ed867e412ffba0369130210869179423e6eadc9f965765cdba
2160,2026-08-31,13.17,13.2,13.01,13.11,203784,2666723.13,,,,render_normalized,tasi_2026-08-31_2026-08-31_20260831T153022596960Z,374b46eb50c52f8fd4d5c98f4b7cf8e0c79e078fd621a4b30f58d5382471b4af
2170,2026-08-02,27.6,27.92,27.16,27.2,853778,23465929.72,,,,render_normalized,tasi_2026-07-31_2026-08-02_20260802T153020127593Z,2eb23ca39fcf0e44fa270e6e4d6a1341261e22b2abfbc789ec2875a29009248b
2170,2026-08-03,27.22,28.12,27.1,27.82,595589,16518138.52,,,,render_normalized,tasi_2026-08-03_2026-08-03_20260803T153021496139Z,4b0f0fa9c3b343cf96fecea13101ae13ad2a21806fd55533770061ac5bb0689d
2170,2026-08-04,27.5,28.4,27.5,28.1,591435,16590337.18,,,,render_normalized,tasi_2026-08-04_2026-08-04_20260804T153023696814Z,32de4882671eec0a9062962d0f5591f8e56969b134d0070652d21718d4563e66
2170,2026-08-05,28.1,28.3,27.94,28.0,476720,13398437.18,,,,render_normalized,tasi_2026-08-05_2026-08-05_20260805T153024437012Z,9fd93f225e2663ef72017465f1af6b5bb1e9f620c1b69c07a1f0fd54b850091a
2170,2026-08-06,28.12,28.12,27.5,27.5,366804,10185977.04,,,,render_normalized,tasi_2026-08-06_2026-08-06_20260806T153021501965Z,6ff377152d0ead67e84f33bc0daa618a818145aa8e2f551c9273431d88ac3851
2170,2026-08-09,27.98,28.06,27.5,28.0,343723,9593874.54,,,,render_normalized,tasi_2026-08-07_2026-08-09_20260809T153020287151Z,d7eb763bea83ef8684d027dfe3fb0fb7c951f2a9c34d7e37300eab6704449ed3
2170,2026-08-10,28.0,28.5,27.98,28.04,640758,18095713.22,,,,render_normalized,tasi_2026-08-10_2026-08-10_20260810T153020102570Z,84d11a25e4f1e5c1fd93cef767caa7b24135f07229eeaeab08169c657f7b53de
2170,2026-08-11,27.4,27.68,27.06,27.42,538687,14752721.98,,,,render_normalized,tasi_2026-08-11_2026-08-11_20260811T153022011718Z,2ca6395fd3fcc72ba670e2961883e5c743cbb0e78c08f0ae926df09c31320865
2170,2026-08-12,27.72,27.84,27.4,27.6,411580,11367426.1,,,,render_normalized,tasi_2026-08-12_2026-08-12_20260812T153021905708Z,8862a2d01571a3c9a9cdaef7d6c4c85e805809ad63506c8d9042aff3fa53b579
2170,2026-08-13,27.5,27.58,27.16,27.2,344346,9419464.9,,,,render_normalized,tasi_2026-08-13_2026-08-13_20260813T153020777659Z,e0b6e7e97827824585b899f3f5ae2a43f595aeae92435da9a370d3df14b68b99
2170,2026-08-16,27.32,27.5,27.0,27.26,272529,7439855.22,,,,render_normalized,tasi_2026-08-14_2026-08-16_20260816T153020395457Z,5392abdf5e4a97362d33f1f6287bf2bc003c7d4bb43d28918b8aa095af9310d7
2170,2026-08-17,27.2,27.42,27.12,27.28,437687,11936541.2,,,,render_normalized,tasi_2026-08-17_2026-08-17_20260817T153022794323Z,56ab1200186f32f6bf2b699463f355510bc0a3da931f38c90816013f38a2eaf0
2170,2026-08-18,27.22,27.64,27.14,27.4,679904,18651011.18,,,,render_normalized,tasi_2026-08-18_2026-08-18_20260818T153020653358Z,1cfd844fc98ba7ee716337d459294e8e314daaa0f85480a8e110399f3a6b856d
2170,2026-08-19,27.36,27.52,26.86,26.92,727405,19738868.08,,,,render_normalized,tasi_2026-08-19_2026-08-19_20260819T153022440747Z,c9f50859d8825bb8e17dc890cb696be42681eb6c5d61b3749a33257a86f3517b
2170,2026-08-20,27.06,27.24,26.94,27.2,301097,8159828.02,,,,render_normalized,tasi_2026-08-20_2026-08-28_20260827T215758538311Z,7a00d373848e778f83c80f1777575ad48a6a4c0c192fe2e6a4123b56ae26cdee
2170,2026-08-23,27.18,27.84,27.18,27.8,605900,16687423.34,,,,render_normalized,tasi_2026-08-20_2026-08-28_20260827T215758538311Z,7a00d373848e778f83c80f1777575ad48a6a4c0c192fe2e6a4123b56ae26cdee
2170,2026-08-24,27.84,28.58,27.74,28.06,590392,16653587.6,,,,render_normalized,tasi_2026-08-20_2026-08-28_20260827T215758538311Z,7a00d373848e778f83c80f1777575ad48a6a4c0c192fe2e6a4123b56ae26cdee
2170,2026-08-25,28.16,28.16,27.7,27.94,452884,12645529.72,,,,render_normalized,tasi_2026-08-20_2026-08-28_20260827T215758538311Z,7a00d373848e778f83c80f1777575ad48a6a4c0c192fe2e6a4123b56ae26cdee
2170,2026-08-26,28.08,28.08,27.42,27.54,336936,9309002.44,,,,render_normalized,tasi_2026-08-20_2026-08-28_20260827T215758538311Z,7a00d373848e778f83c80f1777575ad48a6a4c0c192fe2e6a4123b56ae26cdee
2170,2026-08-27,27.54,27.66,27.4,27.5,198580,5462135.48,,,,render_normalized,tasi_2026-08-20_2026-08-28_20260827T215758538311Z,7a00d373848e778f83c80f1777575ad48a6a4c0c192fe2e6a4123b56ae26cdee
2170,2026-08-30,27.58,27.64,27.32,27.4,181177,4971708.14,,,,render_normalized,tasi_2026-08-29_2026-08-30_20260830T153021490619Z,40f2932d214f44ed867e412ffba0369130210869179423e6eadc9f965765cdba
2170,2026-08-31,27.48,27.5,27.0,27.12,275783,7503315.04,,,,render_normalized,tasi_2026-08-31_2026-08-31_20260831T153022596960Z,374b46eb50c52f8fd4d5c98f4b7cf8e0c79e078fd621a4b30f58d5382471b4af
2180,2026-08-02,33.0,33.7,32.64,33.2,223864,7449465.56,,,,render_normalized,tasi_2026-07-31_2026-08-02_20260802T153020127593Z,2eb23ca39fcf0e44fa270e6e4d6a1341261e22b2abfbc789ec2875a29009248b
2180,2026-08-03,33.26,33.7,32.9,33.42,116497,3875053.56,,,,render_normalized,tasi_2026-08-03_2026-08-03_20260803T153021496139Z,4b0f0fa9c3b343cf96fecea13101ae13ad2a21806fd55533770061ac5bb0689d
2180,2026-08-04,33.7,34.2,33.48,33.48,202049,6826007.24,,,,render_normalized,tasi_2026-08-04_2026-08-04_20260804T153023696814Z,32de4882671eec0a9062962d0f5591f8e56969b134d0070652d21718d4563e66
2180,2026-08-05,33.98,34.62,33.52,33.74,208110,7063499.96,,,,render_normalized,tasi_2026-08-05_2026-08-05_20260805T153024437012Z,9fd93f225e2663ef72017465f1af6b5bb1e9f620c1b69c07a1f0fd54b850091a
2180,2026-08-06,33.7,33.94,33.12,33.34,64279,2146522.88,,,,render_normalized,tasi_2026-08-06_2026-08-06_20260806T153021501965Z,6ff377152d0ead67e84f33bc0daa618a818145aa8e2f551c9273431d88ac3851
2180,2026-08-09,33.12,33.3,32.9,33.1,38609,1275992.76,,,,render_normalized,tasi_2026-08-07_2026-08-09_20260809T153020287151Z,d7eb763bea83ef8684d027dfe3fb0fb7c951f2a9c34d7e37300eab6704449ed3
2180,2026-08-10,32.9,33.26,32.86,33.14,40991,1357095.48,,,,render_normalized,tasi_2026-08-10_2026-08-10_20260810T153020102570Z,84d11a25e4f1e5c1fd93cef767caa7b24135f07229eeaeab08169c657f7b53de
2180,2026-08-11,32.82,33.06,32.82,32.9,22413,738247.38,,,,render_normalized,tasi_2026-08-11_2026-08-11_20260811T153022011718Z,2ca6395fd3fcc72ba670e2961883e5c743cbb0e78c08f0ae926df09c31320865
2180,2026-08-12,32.72,33.0,32.7,32.98,36125,1187422.88,,,,render_normalized,tasi_2026-08-12_2026-08-12_20260812T153021905708Z,8862a2d01571a3c9a9cdaef7d6c4c85e805809ad63506c8d9042aff3fa53b579
2180,2026-08-13,33.0,33.38,32.92,33.04,68931,2285926.14,,,,render_normalized,tasi_2026-08-13_2026-08-13_20260813T153020777659Z,e0b6e7e97827824585b899f3f5ae2a43f595aeae92435da9a370d3df14b68b99
2180,2026-08-16,33.0,33.36,32.98,33.28,35151,1164022.44,,,,render_normalized,tasi_2026-08-14_2026-08-16_20260816T153020395457Z,5392abdf5e4a97362d33f1f6287bf2bc003c7d4bb43d28918b8aa095af9310d7
2180,2026-08-17,33.3,33.3,33.0,33.06,20756,686738.48,,,,render_normalized,tasi_2026-08-17_2026-08-17_20260817T153022794323Z,56ab1200186f32f6bf2b699463f355510bc0a3da931f38c90816013f38a2eaf0
2180,2026-08-18,33.02,33.22,32.92,33.06,40308,1329382.24,,,,render_normalized,tasi_2026-08-18_2026-08-18_20260818T153020653358Z,1cfd844fc98ba7ee716337d459294e8e314daaa0f85480a8e110399f3a6b856d
2180,2026-08-19,32.8,33.64,32.8,33.28,56739,1887631.2,,,,render_normalized,tasi_2026-08-19_2026-08-19_20260819T153022440747Z,c9f50859d8825bb8e17dc890cb696be42681eb6c5d61b3749a33257a86f3517b
2180,2026-08-20,33.28,33.42,33.2,33.3,27618,920656.04,,,,render_normalized,tasi_2026-08-20_2026-08-28_20260827T215758538311Z,7a00d373848e778f83c80f1777575ad48a6a4c0c192fe2e6a4123b56ae26cdee
2180,2026-08-23,33.3,34.1,33.3,33.94,119600,4039645.96,,,,render_normalized,tasi_2026-08-20_2026-08-28_20260827T215758538311Z,7a00d373848e778f83c80f1777575ad48a6a4c0c192fe2e6a4123b56ae26cdee
2180,2026-08-24,34.12,34.2,33.86,33.98,37277,1267575.2,,,,render_normalized,tasi_2026-08-20_2026-08-28_20260827T215758538311Z,7a00d373848e778f83c80f1777575ad48a6a4c0c192fe2e6a4123b56ae26cdee
2180,2026-08-25,34.08,34.5,33.92,34.5,85015,2909060.0,,,,render_normalized,tasi_2026-08-20_2026-08-28_20260827T215758538311Z,7a00d373848e778f83c80f1777575ad48a6a4c0c192fe2e6a4123b56ae26cdee
2180,2026-08-26,34.6,36.6,34.0,36.4,243670,8609698.48,,,,render_normalized,tasi_2026-08-20_2026-08-28_20260827T215758538311Z,7a00d373848e778f83c80f1777575ad48a6a4c0c192fe2e6a4123b56ae26cdee
2180,2026-08-27,36.44,36.88,35.5,36.44,148362,5406906.5,,,,render_normalized,tasi_2026-08-20_2026-08-28_20260827T215758538311Z,7a00d373848e778f83c80f1777575ad48a6a4c0c192fe2e6a4123b56ae26cdee
2180,2026-08-30,36.7,36.76,36.4,36.52,83198,3038358.8,,,,render_normalized,tasi_2026-08-29_2026-08-30_20260830T153021490619Z,40f2932d214f44ed867e412ffba0369130210869179423e6eadc9f965765cdba
2180,2026-08-31,36.52,37.0,36.08,36.68,113363,4158462.48,,,,render_normalized,tasi_2026-08-31_2026-08-31_20260831T153022596960Z,374b46eb50c52f8fd4d5c98f4b7cf8e0c79e078fd621a4b30f58d5382471b4af
2190,2026-08-02,35.82,37.0,35.82,36.88,328958,12091542.66,,,,render_normalized,tasi_2026-07-31_2026-08-02_20260802T153020127593Z,2eb23ca39fcf0e44fa270e6e4d6a1341261e22b2abfbc789ec2875a29009248b
2190,2026-08-03,36.9,37.22,35.54,35.54,801225,28937230.74,,,,render_normalized,tasi_2026-08-03_2026-08-03_20260803T153021496139Z,4b0f0fa9c3b343cf96fecea13101ae13ad2a21806fd55533770061ac5bb0689d
2190,2026-08-04,35.72,35.72,34.66,35.1,633715,22207849.92,,,,render_normalized,tasi_2026-08-04_2026-08-04_20260804T153023696814Z,32de4882671eec0a9062962d0f5591f8e56969b134d0070652d21718d4563e66
2190,2026-08-05,35.0,35.28,34.2,34.32,666068,23175463.36,,,,render_normalized,tasi_2026-08-05_2026-08-05_20260805T153024437012Z,9fd93f225e2663ef72017465f1af6b5bb1e9f620c1b69c07a1f0fd54b850091a
2190,2026-08-06,34.32,34.78,33.8,34.48,1150229,39413478.32,,,,render_normalized,tasi_2026-08-06_2026-08-06_20260806T153021501965Z,6ff377152d0ead67e84f33bc0daa618a818145aa8e2f551c9273431d88ac3851
2190,2026-08-09,34.3,35.14,33.68,33.72,331091,11365955.4,,,,render_normalized,tasi_2026-08-07_2026-08-09_20260809T153020287151Z,d7eb763bea83ef8684d027dfe3fb0fb7c951f2a9c34d7e37300eab6704449ed3
2190,2026-08-10,33.72,34.2,33.66,34.2,326810,11108043.48,,,,render_normalized,tasi_2026-08-10_2026-08-10_20260810T153020102570Z,84d11a25e4f1e5c1fd93cef767caa7b24135f07229eeaeab08169c657f7b53de
2190,2026-08-11,34.22,35.4,34.16,35.0,851052,29726115.84,,,,render_normalized,tasi_2026-08-11_2026-08-11_20260811T153022011718Z,2ca6395fd3fcc72ba670e2961883e5c743cbb0e78c08f0ae926df09c31320865
2190,2026-08-12,35.12,35.18,34.14,34.3,411476,14203147.9,,,,render_normalized,tasi_2026-08-12_2026-08-12_20260812T153021905708Z,8862a2d01571a3c9a9cdaef7d6c4c85e805809ad63506c8d9042aff3fa53b579
2190,2026-08-13,34.3,34.48,34.24,34.4,143914,4945623.08,,,,render_normalized,tasi_2026-08-13_2026-08-13_20260813T153020777659Z,e0b6e7e97827824585b899f3f5ae2a43f595aeae92435da9a370d3df14b68b99
2190,2026-08-16,34.56,34.82,34.02,34.18,184410,6342231.88,,,,render_normalized,tasi_2026-08-14_2026-08-16_20260816T153020395457Z,5392abdf5e4a97362d33f1f6287bf2bc003c7d4bb43d28918b8aa095af9310d7
2190,2026-08-17,34.04,35.96,34.04,35.8,485365,17191961.36,,,,render_normalized,tasi_2026-08-17_2026-08-17_20260817T153022794323Z,56ab1200186f32f6bf2b699463f355510bc0a3da931f38c90816013f38a2eaf0
2190,2026-08-18,35.82,36.7,35.66,36.6,395904,14430061.94,,,,render_normalized,tasi_2026-08-18_2026-08-18_20260818T153020653358Z,1cfd844fc98ba7ee716337d459294e8e314daaa0f85480a8e110399f3a6b856d
2190,2026-08-19,36.6,37.1,36.5,36.74,261553,9630457.72,,,,render_normalized,tasi_2026-08-19_2026-08-19_20260819T153022440747Z,c9f50859d8825bb8e17dc890cb696be42681eb6c5d61b3749a33257a86f3517b
2190,2026-08-20,36.54,37.44,36.54,37.4,386687,14415210.98,,,,render_normalized,tasi_2026-08-20_2026-08-28_20260827T215758538311Z,7a00d373848e778f83c80f1777575ad48a6a4c0c192fe2e6a4123b56ae26cdee
2190,2026-08-23,37.4,37.5,36.9,37.08,144504,5372682.02,,,,render_normalized,tasi_2026-08-20_2026-08-28_20260827T215758538311Z,7a00d373848e778f83c80f1777575ad48a6a4c0c192fe2e6a4123b56ae26cdee
2190,2026-08-24,37.08,37.22,36.74,37.12,359006,13287650.6,,,,render_normalized,tasi_2026-08-20_2026-08-28_20260827T215758538311Z,7a00d373848e778f83c80f1777575ad48a6a4c0c192fe2e6a4123b56ae26cdee
2190,2026-08-25,36.98,39.48,36.94,38.74,911830,35404391.12,,,,render_normalized,tasi_2026-08-20_2026-08-28_20260827T215758538311Z,7a00d373848e778f83c80f1777575ad48a6a4c0c192fe2e6a4123b56ae26cdee
2190,2026-08-26,38.74,39.36,38.44,38.46,634821,24693731.18,,,,render_normalized,tasi_2026-08-20_2026-08-28_20260827T215758538311Z,7a00d373848e778f83c80f1777575ad48a6a4c0c192fe2e6a4123b56ae26cdee
2190,2026-08-27,38.22,39.18,38.22,39.14,277337,10810341.64,,,,render_normalized,tasi_2026-08-20_2026-08-28_20260827T215758538311Z,7a00d373848e778f83c80f1777575ad48a6a4c0c192fe2e6a4123b56ae26cdee
2190,2026-08-30,39.0,39.52,38.84,39.38,212062,8323166.7,,,,render_normalized,tasi_2026-08-29_2026-08-30_20260830T153021490619Z,40f2932d214f44ed867e412ffba0369130210869179423e6eadc9f965765cdba
2190,2026-08-31,39.0,40.82,38.88,40.1,2206840,87970343.38,,,,render_normalized,tasi_2026-08-31_2026-08-31_20260831T153022596960Z,374b46eb50c52f8fd4d5c98f4b7cf8e0c79e078fd621a4b30f58d5382471b4af
2200,2026-08-02,6.19,6.28,6.14,6.22,1229430,7660164.69,,,,render_normalized,tasi_2026-07-31_2026-08-02_20260802T153020127593Z,2eb23ca39fcf0e44fa270e6e4d6a1341261e22b2abfbc789ec2875a29009248b
2200,2026-08-03,6.22,6.27,6.16,6.26,1934510,12043601.03,,,,render_normalized,tasi_2026-08-03_2026-08-03_20260803T153021496139Z,4b0f0fa9c3b343cf96fecea13101ae13ad2a21806fd55533770061ac5bb0689d
2200,2026-08-04,6.28,6.55,6.28,6.5,5077844,32805183.83,,,,render_normalized,tasi_2026-08-04_2026-08-04_20260804T153023696814Z,32de4882671eec0a9062962d0f5591f8e56969b134d0070652d21718d4563e66
2200,2026-08-05,6.51,6.59,6.48,6.5,2015118,13159414.19,,,,render_normalized,tasi_2026-08-05_2026-08-05_20260805T153024437012Z,9fd93f225e2663ef72017465f1af6b5bb1e9f620c1b69c07a1f0fd54b850091a
2200,2026-08-06,6.5,6.5,6.33,6.38,2171072,13870925.57,,,,render_normalized,tasi_2026-08-06_2026-08-06_20260806T153021501965Z,6ff377152d0ead67e84f33bc0daa618a818145aa8e2f551c9273431d88ac3851
2200,2026-08-09,6.22,6.3,6.13,6.23,2204408,13693228.72,,,,render_normalized,tasi_2026-08-07_2026-08-09_20260809T153020287151Z,d7eb763bea83ef8684d027dfe3fb0fb7c951f2a9c34d7e37300eab6704449ed3
2200,2026-08-10,6.22,6.26,6.14,6.23,1495309,9259170.19,,,,render_normalized,tasi_2026-08-10_2026-08-10_20260810T153020102570Z,84d11a25e4f1e5c1fd93cef767caa7b24135f07229eeaeab08169c657f7b53de
2200,2026-08-11,6.23,6.25,6.16,6.2,1181027,7313799.26,,,,render_normalized,tasi_2026-08-11_2026-08-11_20260811T153022011718Z,2ca6395fd3fcc72ba670e2961883e5c743cbb0e78c08f0ae926df09c31320865
2200,2026-08-12,6.2,6.33,6.19,6.28,2099659,13160855.04,,,,render_normalized,tasi_2026-08-12_2026-08-12_20260812T153021905708Z,8862a2d01571a3c9a9cdaef7d6c4c85e805809ad63506c8d9042aff3fa53b579
2200,2026-08-13,6.28,6.28,6.21,6.22,988666,6165703.76,,,,render_normalized,tasi_2026-08-13_2026-08-13_20260813T153020777659Z,e0b6e7e97827824585b899f3f5ae2a43f595aeae92435da9a370d3df14b68b99
2200,2026-08-16,6.28,6.37,6.21,6.21,1629056,10217262.73,,,,render_normalized,tasi_2026-08-14_2026-08-16_20260816T153020395457Z,5392abdf5e4a97362d33f1f6287bf2bc003c7d4bb43d28918b8aa095af9310d7
2200,2026-08-17,6.24,6.3,6.16,6.2,1809887,11264546.68,,,,render_normalized,tasi_2026-08-17_2026-08-17_20260817T153022794323Z,56ab1200186f32f6bf2b699463f355510bc0a3da931f38c90816013f38a2eaf0
2200,2026-08-18,6.24,6.28,6.18,6.25,2510871,15635642.63,,,,render_normalized,tasi_2026-08-18_2026-08-18_20260818T153020653358Z,1cfd844fc98ba7ee716337d459294e8e314daaa0f85480a8e110399f3a6b856d
2200,2026-08-19,6.25,6.42,6.25,6.41,3482071,22078102.46,,,,render_normalized,tasi_2026-08-19_2026-08-19_20260819T153022440747Z,c9f50859d8825bb8e17dc890cb696be42681eb6c5d61b3749a33257a86f3517b
2200,2026-08-20,5.1,5.19,5.05,5.16,3465959,17759745.76,,,,render_normalized,tasi_2026-08-20_2026-08-28_20260827T215758538311Z,7a00d373848e778f83c80f1777575ad48a6a4c0c192fe2e6a4123b56ae26cdee
2200,2026-08-23,5.2,5.27,5.18,5.24,3347206,17509907.13,,,,render_normalized,tasi_2026-08-20_2026-08-28_20260827T215758538311Z,7a00d373848e778f83c80f1777575ad48a6a4c0c192fe2e6a4123b56ae26cdee
2200,2026-08-24,5.25,5.26,5.06,5.08,6567075,33894046.5,,,,render_normalized,tasi_2026-08-20_2026-08-28_20260827T215758538311Z,7a00d373848e778f83c80f1777575ad48a6a4c0c192fe2e6a4123b56ae26cdee
2200,2026-08-25,5.15,5.41,5.15,5.32,10702643,56943398.77,,,,render_normalized,tasi_2026-08-20_2026-08-28_20260827T215758538311Z,7a00d373848e778f83c80f1777575ad48a6a4c0c192fe2e6a4123b56ae26cdee
2200,2026-08-26,5.36,5.36,5.16,5.26,5990993,31395125.87,,,,render_normalized,tasi_2026-08-20_2026-08-28_20260827T215758538311Z,7a00d373848e778f83c80f1777575ad48a6a4c0c192fe2e6a4123b56ae26cdee
2200,2026-08-27,5.25,5.35,5.2,5.35,5763237,30387760.31,,,,render_normalized,tasi_2026-08-20_2026-08-28_20260827T215758538311Z,7a00d373848e778f83c80f1777575ad48a6a4c0c192fe2e6a4123b56ae26cdee
2200,2026-08-30,5.34,5.34,5.19,5.23,4029443,21121176.21,,,,render_normalized,tasi_2026-08-29_2026-08-30_20260830T153021490619Z,40f2932d214f44ed867e412ffba0369130210869179423e6eadc9f965765cdba
2200,2026-08-31,5.26,5.47,5.25,5.34,9786298,52809926.12,,,,render_normalized,tasi_2026-08-31_2026-08-31_20260831T153022596960Z,374b46eb50c52f8fd4d5c98f4b7cf8e0c79e078fd621a4b30f58d5382471b4af
2220,2026-08-02,11.63,11.85,11.58,11.75,52988,621059.23,,,,render_normalized,tasi_2026-07-31_2026-08-02_20260802T153020127593Z,2eb23ca39fcf0e44fa270e6e4d6a1341261e22b2abfbc789ec2875a29009248b
2220,2026-08-03,11.86,11.86,11.71,11.81,89153,1051710.58,,,,render_normalized,tasi_2026-08-03_2026-08-03_20260803T153021496139Z,4b0f0fa9c3b343cf96fecea13101ae13ad2a21806fd55533770061ac5bb0689d
2220,2026-08-04,11.79,12.15,11.79,12.15,148573,1787933.26,,,,render_normalized,tasi_2026-08-04_2026-08-04_20260804T153023696814Z,32de4882671eec0a9062962d0f5591f8e56969b134d0070652d21718d4563e66
2220,2026-08-05,12.2,12.26,12.0,12.08,98999,1203349.81,,,,render_normalized,tasi_2026-08-05_2026-08-05_20260805T153024437012Z,9fd93f225e2663ef72017465f1af6b5bb1e9f620c1b69c07a1f0fd54b850091a
2220,2026-08-06,12.1,12.1,11.97,12.01,89158,1072597.22,,,,render_normalized,tasi_2026-08-06_2026-08-06_20260806T153021501965Z,6ff377152d0ead67e84f33bc0daa618a818145aa8e2f551c9273431d88ac3851
2220,2026-08-09,11.9,11.98,11.8,11.82,57381,681411.37,,,,render_normalized,tasi_2026-08-07_2026-08-09_20260809T153020287151Z,d7eb763bea83ef8684d027dfe3fb0fb7c951f2a9c34d7e37300eab6704449ed3
2220,2026-08-10,11.82,11.94,11.55,11.87,84769,997844.0,,,,render_normalized,tasi_2026-08-10_2026-08-10_20260810T153020102570Z,84d11a25e4f1e5c1fd93cef767caa7b24135f07229eeaeab08169c657f7b53de
2220,2026-08-11,11.86,11.91,11.77,11.77,83203,983770.34,,,,render_normalized,tasi_2026-08-11_2026-08-11_20260811T153022011718Z,2ca6395fd3fcc72ba670e2961883e5c743cbb0e78c08f0ae926df09c31320865
2220,2026-08-12,11.75,12.0,11.75,11.9,67888,808489.01,,,,render_normalized,tasi_2026-08-12_2026-08-12_20260812T153021905708Z,8862a2d01571a3c9a9cdaef7d6c4c85e805809ad63506c8d9042aff3fa53b579
2220,2026-08-13,11.99,12.19,11.82,11.87,101955,1222795.25,,,,render_normalized,tasi_2026-08-13_2026-08-13_20260813T153020777659Z,e0b6e7e97827824585b899f3f5ae2a43f595aeae92435da9a370d3df14b68b99
2220,2026-08-16,11.87,12.37,11.87,12.07,356360,4353156.9,,,,render_normalized,tasi_2026-08-14_2026-08-16_20260816T153020395457Z,5392abdf5e4a97362d33f1f6287bf2bc003c7d4bb43d28918b8aa095af9310d7
2220,2026-08-17,12.01,12.18,11.9,12.02,121817,1464288.51,,,,render_normalized,tasi_2026-08-17_2026-08-17_20260817T153022794323Z,56ab1200186f32f6bf2b699463f355510bc0a3da931f38c90816013f38a2eaf0
2220,2026-08-18,11.95,12.1,11.95,11.99,87120,1047473.47,,,,render_normalized,tasi_2026-08-18_2026-08-18_20260818T153020653358Z,1cfd844fc98ba7ee716337d459294e8e314daaa0f85480a8e110399f3a6b856d
2220,2026-08-19,11.97,12.06,11.94,11.97,93144,1116555.47,,,,render_normalized,tasi_2026-08-19_2026-08-19_20260819T153022440747Z,c9f50859d8825bb8e17dc890cb696be42681eb6c5d61b3749a33257a86f3517b
2220,2026-08-20,11.96,12.3,11.93,12.12,184403,2237311.81,,,,render_normalized,tasi_2026-08-20_2026-08-28_20260827T215758538311Z,7a00d373848e778f83c80f1777575ad48a6a4c0c192fe2e6a4123b56ae26cdee
2220,2026-08-23,12.23,12.62,12.12,12.61,327481,4057348.59,,,,render_normalized,tasi_2026-08-20_2026-08-28_20260827T215758538311Z,7a00d373848e778f83c80f1777575ad48a6a4c0c192fe2e6a4123b56ae26cdee
2220,2026-08-24,12.64,12.88,12.6,12.81,606804,7730178.28,,,,render_normalized,tasi_2026-08-20_2026-08-28_20260827T215758538311Z,7a00d373848e778f83c80f1777575ad48a6a4c0c192fe2e6a4123b56ae26cdee
2220,2026-08-25,12.9,12.9,12.6,12.69,271497,3458221.34,,,,render_normalized,tasi_2026-08-20_2026-08-28_20260827T215758538311Z,7a00d373848e778f83c80f1777575ad48a6a4c0c192fe2e6a4123b56ae26cdee
2220,2026-08-26,12.55,12.79,12.55,12.7,139891,1772201.51,,,,render_normalized,tasi_2026-08-20_2026-08-28_20260827T215758538311Z,7a00d373848e778f83c80f1777575ad48a6a4c0c192fe2e6a4123b56ae26cdee
2220,2026-08-27,12.65,12.81,12.55,12.62,124756,1577261.54,,,,render_normalized,tasi_2026-08-20_2026-08-28_20260827T215758538311Z,7a00d373848e778f83c80f1777575ad48a6a4c0c192fe2e6a4123b56ae26cdee
2220,2026-08-30,12.62,12.69,12.44,12.44,89112,1119182.42,,,,render_normalized,tasi_2026-08-29_2026-08-30_20260830T153021490619Z,40f2932d214f44ed867e412ffba0369130210869179423e6eadc9f965765cdba
2220,2026-08-31,12.43,12.51,12.18,12.21,125408,1537966.36,,,,render_normalized,tasi_2026-08-31_2026-08-31_20260831T153022596960Z,374b46eb50c52f8fd4d5c98f4b7cf8e0c79e078fd621a4b30f58d5382471b4af
2222,2026-08-02,26.6,26.68,26.52,26.58,6774627,180278089.16,,,,render_normalized,tasi_2026-07-31_2026-08-02_20260802T153020127593Z,2eb23ca39fcf0e44fa270e6e4d6a1341261e22b2abfbc789ec2875a29009248b
2222,2026-08-03,26.7,27.12,26.58,27.12,15479213,416684094.36,,,,render_normalized,tasi_2026-08-03_2026-08-03_20260803T153021496139Z,4b0f0fa9c3b343cf96fecea13101ae13ad2a21806fd55533770061ac5bb0689d
2222,2026-08-04,27.22,27.26,26.9,26.9,18655451,505180874.32,,,,render_normalized,tasi_2026-08-04_2026-08-04_20260804T153023696814Z,32de4882671eec0a9062962d0f5591f8e56969b134d0070652d21718d4563e66
2222,2026-08-05,26.82,26.86,26.6,26.74,10639237,283914082.34,,,,render_normalized,tasi_2026-08-05_2026-08-05_20260805T153024437012Z,9fd93f225e2663ef72017465f1af6b5bb1e9f620c1b69c07a1f0fd54b850091a
2222,2026-08-06,26.74,26.78,26.5,26.5,9327140,248170145.08,,,,render_normalized,tasi_2026-08-06_2026-08-06_20260806T153021501965Z,6ff377152d0ead67e84f33bc0daa618a818145aa8e2f551c9273431d88ac3851
2222,2026-08-09,26.5,26.68,26.5,26.6,3003565,79907395.86,,,,render_normalized,tasi_2026-08-07_2026-08-09_20260809T153020287151Z,d7eb763bea83ef8684d027dfe3fb0fb7c951f2a9c34d7e37300eab6704449ed3
2222,2026-08-10,26.6,26.78,26.54,26.62,8320762,222000052.48,,,,render_normalized,tasi_2026-08-10_2026-08-10_20260810T153020102570Z,84d11a25e4f1e5c1fd93cef767caa7b24135f07229eeaeab08169c657f7b53de
2222,2026-08-11,26.64,26.86,26.6,26.6,10714020,286563404.34,,,,render_normalized,tasi_2026-08-11_2026-08-11_20260811T153022011718Z,2ca6395fd3fcc72ba670e2961883e5c743cbb0e78c08f0ae926df09c31320865
2222,2026-08-12,26.6,26.68,26.52,26.6,6601208,175637052.96,,,,render_normalized,tasi_2026-08-12_2026-08-12_20260812T153021905708Z,8862a2d01571a3c9a9cdaef7d6c4c85e805809ad63506c8d9042aff3fa53b579
2222,2026-08-13,26.56,26.6,26.48,26.48,7482066,198389932.2,,,,render_normalized,tasi_2026-08-13_2026-08-13_20260813T153020777659Z,e0b6e7e97827824585b899f3f5ae2a43f595aeae92435da9a370d3df14b68b99
2222,2026-08-16,26.52,26.76,26.5,26.74,4610968,122956123.44,,,,render_normalized,tasi_2026-08-14_2026-08-16_20260816T153020395457Z,5392abdf5e4a97362d33f1f6287bf2bc003c7d4bb43d28918b8aa095af9310d7
2222,2026-08-17,26.7,26.7,26.52,26.52,9968769,264972855.32,,,,render_normalized,tasi_2026-08-17_2026-08-17_20260817T153022794323Z,56ab1200186f32f6bf2b699463f355510bc0a3da931f38c90816013f38a2eaf0
2222,2026-08-18,26.58,26.7,26.56,26.58,10271573,273237771.4,,,,render_normalized,tasi_2026-08-18_2026-08-18_20260818T153020653358Z,1cfd844fc98ba7ee716337d459294e8e314daaa0f85480a8e110399f3a6b856d
2222,2026-08-19,26.6,26.72,26.6,26.64,6721038,179201240.06,,,,render_normalized,tasi_2026-08-19_2026-08-19_20260819T153022440747Z,c9f50859d8825bb8e17dc890cb696be42681eb6c5d61b3749a33257a86f3517b
2222,2026-08-20,26.36,26.46,26.26,26.4,12123209,319360962.2,,,,render_normalized,tasi_2026-08-20_2026-08-28_20260827T215758538311Z,7a00d373848e778f83c80f1777575ad48a6a4c0c192fe2e6a4123b56ae26cdee
2222,2026-08-23,26.4,26.52,26.38,26.4,6087880,161068212.32,,,,render_normalized,tasi_2026-08-20_2026-08-28_20260827T215758538311Z,7a00d373848e778f83c80f1777575ad48a6a4c0c192fe2e6a4123b56ae26cdee
2222,2026-08-24,26.4,26.58,26.38,26.58,8015248,212437081.48,,,,render_normalized,tasi_2026-08-20_2026-08-28_20260827T215758538311Z,7a00d373848e778f83c80f1777575ad48a6a4c0c192fe2e6a4123b56ae26cdee
2222,2026-08-25,26.5,26.56,26.28,26.28,10229205,269950064.86,,,,render_normalized,tasi_2026-08-20_2026-08-28_20260827T215758538311Z,7a00d373848e778f83c80f1777575ad48a6a4c0c192fe2e6a4123b56ae26cdee
2222,2026-08-26,26.26,26.28,26.04,26.1,7275261,190356291.2,,,,render_normalized,tasi_2026-08-20_2026-08-28_20260827T215758538311Z,7a00d373848e778f83c80f1777575ad48a6a4c0c192fe2e6a4123b56ae26cdee
2222,2026-08-27,26.16,26.28,26.08,26.1,8198665,214746818.4,,,,render_normalized,tasi_2026-08-20_2026-08-28_20260827T215758538311Z,7a00d373848e778f83c80f1777575ad48a6a4c0c192fe2e6a4123b56ae26cdee
2222,2026-08-30,26.1,26.18,26.04,26.14,5068373,132311589.58,,,,render_normalized,tasi_2026-08-29_2026-08-30_20260830T153021490619Z,40f2932d214f44ed867e412ffba0369130210869179423e6eadc9f965765cdba
2222,2026-08-31,26.22,26.32,26.06,26.06,15880147,414854596.28,,,,render_normalized,tasi_2026-08-31_2026-08-31_20260831T153022596960Z,374b46eb50c52f8fd4d5c98f4b7cf8e0c79e078fd621a4b30f58d5382471b4af
2223,2026-08-02,130.0,131.0,122.4,125.0,613434,77101667.1,,,,render_normalized,tasi_2026-07-31_2026-08-02_20260802T153020127593Z,2eb23ca39fcf0e44fa270e6e4d6a1341261e22b2abfbc789ec2875a29009248b
2223,2026-08-03,125.1,127.9,122.0,127.4,660607,82229824.2,,,,render_normalized,tasi_2026-08-03_2026-08-03_20260803T153021496139Z,4b0f0fa9c3b343cf96fecea13101ae13ad2a21806fd55533770061ac5bb0689d
2223,2026-08-04,127.3,128.1,125.0,127.4,520355,66148493.1,,,,render_normalized,tasi_2026-08-04_2026-08-04_20260804T153023696814Z,32de4882671eec0a9062962d0f5591f8e56969b134d0070652d21718d4563e66
2223,2026-08-05,127.0,128.7,126.1,127.9,346449,44193974.6,,,,render_normalized,tasi_2026-08-05_2026-08-05_20260805T153024437012Z,9fd93f225e2663ef72017465f1af6b5bb1e9f620c1b69c07a1f0fd54b850091a
2223,2026-08-06,127.5,128.2,126.2,126.7,275211,34988085.9,,,,render_normalized,tasi_2026-08-06_2026-08-06_20260806T153021501965Z,6ff377152d0ead67e84f33bc0daa618a818145aa8e2f551c9273431d88ac3851
2223,2026-08-09,127.0,127.0,125.6,125.7,93041,11752221.2,,,,render_normalized,tasi_2026-08-07_2026-08-09_20260809T153020287151Z,d7eb763bea83ef8684d027dfe3fb0fb7c951f2a9c34d7e37300eab6704449ed3
2223,2026-08-10,125.8,128.0,125.8,127.6,241872,30810917.9,,,,render_normalized,tasi_2026-08-10_2026-08-10_20260810T153020102570Z,84d11a25e4f1e5c1fd93cef767caa7b24135f07229eeaeab08169c657f7b53de
2223,2026-08-11,127.2,128.4,126.1,126.7,306103,38844706.0,,,,render_normalized,tasi_2026-08-11_2026-08-11_20260811T153022011718Z,2ca6395fd3fcc72ba670e2961883e5c743cbb0e78c08f0ae926df09c31320865
2223,2026-08-12,126.1,129.5,126.0,126.7,842478,107385360.8,,,,render_normalized,tasi_2026-08-12_2026-08-12_20260812T153021905708Z,8862a2d01571a3c9a9cdaef7d6c4c85e805809ad63506c8d9042aff3fa53b579
2223,2026-08-13,126.7,127.7,125.2,126.5,248376,31398321.5,,,,render_normalized,tasi_2026-08-13_2026-08-13_20260813T153020777659Z,e0b6e7e97827824585b899f3f5ae2a43f595aeae92435da9a370d3df14b68b99
2223,2026-08-16,126.7,128.4,126.7,128.0,128522,16432071.1,,,,render_normalized,tasi_2026-08-14_2026-08-16_20260816T153020395457Z,5392abdf5e4a97362d33f1f6287bf2bc003c7d4bb43d28918b8aa095af9310d7
2223,2026-08-17,128.0,132.6,127.4,132.6,696956,91232549.6,,,,render_normalized,tasi_2026-08-17_2026-08-17_20260817T153022794323Z,56ab1200186f32f6bf2b699463f355510bc0a3da931f38c90816013f38a2eaf0
2223,2026-08-18,132.9,138.0,132.6,137.5,672449,91694184.5,,,,render_normalized,tasi_2026-08-18_2026-08-18_20260818T153020653358Z,1cfd844fc98ba7ee716337d459294e8e314daaa0f85480a8e110399f3a6b856d
2223,2026-08-19,137.5,137.5,133.6,134.0,294964,39752932.7,,,,render_normalized,tasi_2026-08-19_2026-08-19_20260819T153022440747Z,c9f50859d8825bb8e17dc890cb696be42681eb6c5d61b3749a33257a86f3517b
2223,2026-08-20,134.0,137.5,134.0,137.0,346421,47178825.9,,,,render_normalized,tasi_2026-08-20_2026-08-28_20260827T215758538311Z,7a00d373848e778f83c80f1777575ad48a6a4c0c192fe2e6a4123b56ae26cdee
2223,2026-08-23,137.0,137.4,136.1,136.6,167475,22899545.9,,,,render_normalized,tasi_2026-08-20_2026-08-28_20260827T215758538311Z,7a00d373848e778f83c80f1777575ad48a6a4c0c192fe2e6a4123b56ae26cdee
2223,2026-08-24,136.1,137.9,135.8,137.6,332702,45554270.5,,,,render_normalized,tasi_2026-08-20_2026-08-28_20260827T215758538311Z,7a00d373848e778f83c80f1777575ad48a6a4c0c192fe2e6a4123b56ae26cdee
2223,2026-08-25,137.6,138.8,137.2,137.9,239511,33021703.5,,,,render_normalized,tasi_2026-08-20_2026-08-28_20260827T215758538311Z,7a00d373848e778f83c80f1777575ad48a6a4c0c192fe2e6a4123b56ae26cdee
2223,2026-08-26,137.3,137.8,134.6,134.6,327471,44569410.5,,,,render_normalized,tasi_2026-08-20_2026-08-28_20260827T215758538311Z,7a00d373848e778f83c80f1777575ad48a6a4c0c192fe2e6a4123b56ae26cdee
2223,2026-08-27,134.9,136.6,134.2,136.5,265429,35980715.2,,,,render_normalized,tasi_2026-08-20_2026-08-28_20260827T215758538311Z,7a00d373848e778f83c80f1777575ad48a6a4c0c192fe2e6a4123b56ae26cdee
2223,2026-08-30,135.9,137.3,135.6,135.7,84074,11477167.1,,,,render_normalized,tasi_2026-08-29_2026-08-30_20260830T153021490619Z,40f2932d214f44ed867e412ffba0369130210869179423e6eadc9f965765cdba
2223,2026-08-31,136.4,137.8,135.9,137.8,339269,46465749.9,,,,render_normalized,tasi_2026-08-31_2026-08-31_20260831T153022596960Z,374b46eb50c52f8fd4d5c98f4b7cf8e0c79e078fd621a4b30f58d5382471b4af
2230,2026-08-02,8.1,8.18,8.03,8.03,3338023,26995835.2,,,,render_normalized,tasi_2026-07-31_2026-08-02_20260802T153020127593Z,2eb23ca39fcf0e44fa270e6e4d6a1341261e22b2abfbc789ec2875a29009248b
2230,2026-08-03,8.06,8.19,7.97,8.13,4194180,33936870.64,,,,render_normalized,tasi_2026-08-03_2026-08-03_20260803T153021496139Z,4b0f0fa9c3b343cf96fecea13101ae13ad2a21806fd55533770061ac5bb0689d
2230,2026-08-04,8.13,8.25,8.07,8.19,4349904,35496690.91,,,,render_normalized,tasi_2026-08-04_2026-08-04_20260804T153023696814Z,32de4882671eec0a9062962d0f5591f8e56969b134d0070652d21718d4563e66
2230,2026-08-05,8.26,8.36,8.21,8.22,6038697,50068858.58,,,,render_normalized,tasi_2026-08-05_2026-08-05_20260805T153024437012Z,9fd93f225e2663ef72017465f1af6b5bb1e9f620c1b69c07a1f0fd54b850091a
2230,2026-08-06,8.28,8.28,8.02,8.07,6633302,53805728.52,,,,render_normalized,tasi_2026-08-06_2026-08-06_20260806T153021501965Z,6ff377152d0ead67e84f33bc0daa618a818145aa8e2f551c9273431d88ac3851
2230,2026-08-09,8.08,8.08,7.99,8.05,2239698,17981141.7,,,,render_normalized,tasi_2026-08-07_2026-08-09_20260809T153020287151Z,d7eb763bea83ef8684d027dfe3fb0fb7c951f2a9c34d7e37300eab6704449ed3
2230,2026-08-10,8.07,8.15,7.98,8.0,3876088,31241237.03,,,,render_normalized,tasi_2026-08-10_2026-08-10_20260810T153020102570Z,84d11a25e4f1e5c1fd93cef767caa7b24135f07229eeaeab08169c657f7b53de
2230,2026-08-11,8.02,8.1,7.98,8.07,3043597,24443703.15,,,,render_normalized,tasi_2026-08-11_2026-08-11_20260811T153022011718Z,2ca6395fd3fcc72ba670e2961883e5c743cbb0e78c08f0ae926df09c31320865
2230,2026-08-12,8.08,8.23,8.06,8.06,3315945,26963005.5,,,,render_normalized,tasi_2026-08-12_2026-08-12_20260812T153021905708Z,8862a2d01571a3c9a9cdaef7d6c4c85e805809ad63506c8d9042aff3fa53b579
2230,2026-08-13,8.03,8.18,7.92,8.13,4132966,33404748.96,,,,render_normalized,tasi_2026-08-13_2026-08-13_20260813T153020777659Z,e0b6e7e97827824585b899f3f5ae2a43f595aeae92435da9a370d3df14b68b99
2230,2026-08-16,8.18,8.25,8.07,8.1,2977181,24231712.52,,,,render_normalized,tasi_2026-08-14_2026-08-16_20260816T153020395457Z,5392abdf5e4a97362d33f1f6287bf2bc003c7d4bb43d28918b8aa095af9310d7
2230,2026-08-17,8.1,8.16,8.01,8.02,2502982,20203841.74,,,,render_normalized,tasi_2026-08-17_2026-08-17_20260817T153022794323Z,56ab1200186f32f6bf2b699463f355510bc0a3da931f38c90816013f38a2eaf0
2230,2026-08-18,8.03,8.06,7.78,7.8,7315299,57668495.94,,,,render_normalized,tasi_2026-08-18_2026-08-18_20260818T153020653358Z,1cfd844fc98ba7ee716337d459294e8e314daaa0f85480a8e110399f3a6b856d
2230,2026-08-19,7.8,7.85,7.71,7.82,2585373,20128441.61,,,,render_normalized,tasi_2026-08-19_2026-08-19_20260819T153022440747Z,c9f50859d8825bb8e17dc890cb696be42681eb6c5d61b3749a33257a86f3517b
2230,2026-08-20,7.84,7.95,7.78,7.89,3059085,24097240.67,,,,render_normalized,tasi_2026-08-20_2026-08-28_20260827T215758538311Z,7a00d373848e778f83c80f1777575ad48a6a4c0c192fe2e6a4123b56ae26cdee
2230,2026-08-23,7.9,8.02,7.9,7.99,2390940,19059645.74,,,,render_normalized,tasi_2026-08-20_2026-08-28_20260827T215758538311Z,7a00d373848e778f83c80f1777575ad48a6a4c0c192fe2e6a4123b56ae26cdee
2230,2026-08-24,7.99,8.03,7.86,7.88,4118022,32723098.39,,,,render_normalized,tasi_2026-08-20_2026-08-28_20260827T215758538311Z,7a00d373848e778f83c80f1777575ad48a6a4c0c192fe2e6a4123b56ae26cdee
2230,2026-08-25,7.9,7.92,7.81,7.84,2639289,20729819.16,,,,render_normalized,tasi_2026-08-20_2026-08-28_20260827T215758538311Z,7a00d373848e778f83c80f1777575ad48a6a4c0c192fe2e6a4123b56ae26cdee
2230,2026-08-26,7.86,7.89,7.81,7.88,1643497,12909415.08,,,,render_normalized,tasi_2026-08-20_2026-08-28_20260827T215758538311Z,7a00d373848e778f83c80f1777575ad48a6a4c0c192fe2e6a4123b56ae26cdee
2230,2026-08-27,7.88,7.88,7.78,7.79,2785006,21749065.17,,,,render_normalized,tasi_2026-08-20_2026-08-28_20260827T215758538311Z,7a00d373848e778f83c80f1777575ad48a6a4c0c192fe2e6a4123b56ae26cdee
2230,2026-08-30,7.83,7.87,7.79,7.85,2073319,16231189.54,,,,render_normalized,tasi_2026-08-29_2026-08-30_20260830T153021490619Z,40f2932d214f44ed867e412ffba0369130210869179423e6eadc9f965765cdba
2230,2026-08-31,7.87,7.9,7.75,7.78,3212058,25073542.22,,,,render_normalized,tasi_2026-08-31_2026-08-31_20260831T153022596960Z,374b46eb50c52f8fd4d5c98f4b7cf8e0c79e078fd621a4b30f58d5382471b4af
2240,2026-08-02,27.2,27.6,26.86,26.92,243943,6645513.4,,,,render_normalized,tasi_2026-07-31_2026-08-02_20260802T153020127593Z,2eb23ca39fcf0e44fa270e6e4d6a1341261e22b2abfbc789ec2875a29009248b
2240,2026-08-03,26.94,27.36,26.38,27.06,585369,15784941.88,,,,render_normalized,tasi_2026-08-03_2026-08-03_20260803T153021496139Z,4b0f0fa9c3b343cf96fecea13101ae13ad2a21806fd55533770061ac5bb0689d
2240,2026-08-04,27.0,28.4,26.54,27.68,814739,22512006.84,,,,render_normalized,tasi_2026-08-04_2026-08-04_20260804T153023696814Z,32de4882671eec0a9062962d0f5591f8e56969b134d0070652d21718d4563e66
2240,2026-08-05,27.7,28.96,27.38,28.7,971510,27406829.94,,,,render_normalized,tasi_2026-08-05_2026-08-05_20260805T153024437012Z,9fd93f225e2663ef72017465f1af6b5bb1e9f620c1b69c07a1f0fd54b850091a
2240,2026-08-06,28.7,28.7,27.36,27.88,979821,27293306.84,,,,render_normalized,tasi_2026-08-06_2026-08-06_20260806T153021501965Z,6ff377152d0ead67e84f33bc0daa618a818145aa8e2f551c9273431d88ac3851
2240,2026-08-09,27.9,28.12,27.14,27.64,674671,18737306.52,,,,render_normalized,tasi_2026-08-07_2026-08-09_20260809T153020287151Z,d7eb763bea83ef8684d027dfe3fb0fb7c951f2a9c34d7e37300eab6704449ed3
2240,2026-08-10,27.6,28.28,27.54,28.0,926770,25906052.38,,,,render_normalized,tasi_2026-08-10_2026-08-10_20260810T153020102570Z,84d11a25e4f1e5c1fd93cef767caa7b24135f07229eeaeab08169c657f7b53de
2240,2026-08-11,27.74,28.0,27.22,27.6,650255,17925029.62,,,,render_normalized,tasi_2026-08-11_2026-08-11_20260811T153022011718Z,2ca6395fd3fcc72ba670e2961883e5c743cbb0e78c08f0ae926df09c31320865
2240,2026-08-12,28.1,28.96,27.0,27.82,3700439,103766994.4,,,,render_normalized,tasi_2026-08-12_2026-08-12_20260812T153021905708Z,8862a2d01571a3c9a9cdaef7d6c4c85e805809ad63506c8d9042aff3fa53b579
2240,2026-08-13,27.84,28.0,26.92,27.1,681492,18666436.76,,,,render_normalized,tasi_2026-08-13_2026-08-13_20260813T153020777659Z,e0b6e7e97827824585b899f3f5ae2a43f595aeae92435da9a370d3df14b68b99
2240,2026-08-16,27.38,27.5,27.0,27.08,288261,7838052.92,,,,render_normalized,tasi_2026-08-14_2026-08-16_20260816T153020395457Z,5392abdf5e4a97362d33f1f6287bf2bc003c7d4bb43d28918b8aa095af9310d7
2240,2026-08-17,27.08,27.08,25.84,25.96,928007,24308785.22,,,,render_normalized,tasi_2026-08-17_2026-08-17_20260817T153022794323Z,56ab1200186f32f6bf2b699463f355510bc0a3da931f38c90816013f38a2eaf0
2240,2026-08-18,26.0,26.0,25.3,25.6,987747,25301470.86,,,,render_normalized,tasi_2026-08-18_2026-08-18_20260818T153020653358Z,1cfd844fc98ba7ee716337d459294e8e314daaa0f85480a8e110399f3a6b856d
2240,2026-08-19,25.76,26.76,25.6,26.34,1862252,48957352.96,,,,render_normalized,tasi_2026-08-19_2026-08-19_20260819T153022440747Z,c9f50859d8825bb8e17dc890cb696be42681eb6c5d61b3749a33257a86f3517b
2240,2026-08-20,26.34,26.56,25.9,26.26,709886,18703926.12,,,,render_normalized,tasi_2026-08-20_2026-08-28_20260827T215758538311Z,7a00d373848e778f83c80f1777575ad48a6a4c0c192fe2e6a4123b56ae26cdee
2240,2026-08-23,26.52,27.58,26.52,27.3,776618,21015491.14,,,,render_normalized,tasi_2026-08-20_2026-08-28_20260827T215758538311Z,7a00d373848e778f83c80f1777575ad48a6a4c0c192fe2e6a4123b56ae26cdee
2240,2026-08-24,28.02,28.28,27.6,27.72,1090725,30501732.86,,,,render_normalized,tasi_2026-08-20_2026-08-28_20260827T215758538311Z,7a00d373848e778f83c80f1777575ad48a6a4c0c192fe2e6a4123b56ae26cdee
2240,2026-08-25,27.72,28.26,27.7,27.86,513423,14389162.08,,,,render_normalized,tasi_2026-08-20_2026-08-28_20260827T215758538311Z,7a00d373848e778f83c80f1777575ad48a6a4c0c192fe2e6a4123b56ae26cdee
2240,2026-08-26,27.84,28.4,27.48,28.22,639738,17989656.78,,,,render_normalized,tasi_2026-08-20_2026-08-28_20260827T215758538311Z,7a00d373848e778f83c80f1777575ad48a6a4c0c192fe2e6a4123b56ae26cdee
2240,2026-08-27,28.24,28.56,28.12,28.4,414749,11773623.36,,,,render_normalized,tasi_2026-08-20_2026-08-28_20260827T215758538311Z,7a00d373848e778f83c80f1777575ad48a6a4c0c192fe2e6a4123b56ae26cdee
2240,2026-08-30,28.4,28.4,27.7,27.94,329446,9203692.58,,,,render_normalized,tasi_2026-08-29_2026-08-30_20260830T153021490619Z,40f2932d214f44ed867e412ffba0369130210869179423e6eadc9f965765cdba
2240,2026-08-31,27.9,28.3,27.66,28.3,918846,25856651.66,,,,render_normalized,tasi_2026-08-31_2026-08-31_20260831T153022596960Z,374b46eb50c52f8fd4d5c98f4b7cf8e0c79e078fd621a4b30f58d5382471b4af
2250,2026-08-02,11.95,12.23,11.9,12.1,1327811,16002250.23,,,,render_normalized,tasi_2026-07-31_2026-08-02_20260802T153020127593Z,2eb23ca39fcf0e44fa270e6e4d6a1341261e22b2abfbc789ec2875a29009248b
2250,2026-08-03,12.15,12.37,12.08,12.17,1023205,12502104.71,,,,render_normalized,tasi_2026-08-03_2026-08-03_20260803T153021496139Z,4b0f0fa9c3b343cf96fecea13101ae13ad2a21806fd55533770061ac5bb0689d
2250,2026-08-04,12.17,12.69,12.17,12.68,995877,12411092.17,,,,render_normalized,tasi_2026-08-04_2026-08-04_20260804T153023696814Z,32de4882671eec0a9062962d0f5591f8e56969b134d0070652d21718d4563e66
2250,2026-08-05,12.7,12.74,12.55,12.66,454276,5741159.04,,,,render_normalized,tasi_2026-08-05_2026-08-05_20260805T153024437012Z,9fd93f225e2663ef72017465f1af6b5bb1e9f620c1b69c07a1f0fd54b850091a
2250,2026-08-06,12.74,12.74,12.3,12.36,807028,10035662.01,,,,render_normalized,tasi_2026-08-06_2026-08-06_20260806T153021501965Z,6ff377152d0ead67e84f33bc0daa618a818145aa8e2f551c9273431d88ac3851
2250,2026-08-09,12.36,12.36,12.16,12.28,290659,3556425.69,,,,render_normalized,tasi_2026-08-07_2026-08-09_20260809T153020287151Z,d7eb763bea83ef8684d027dfe3fb0fb7c951f2a9c34d7e37300eab6704449ed3
2250,2026-08-10,12.25,12.47,12.24,12.37,750197,9300103.71,,,,render_normalized,tasi_2026-08-10_2026-08-10_20260810T153020102570Z,84d11a25e4f1e5c1fd93cef767caa7b24135f07229eeaeab08169c657f7b53de
2250,2026-08-11,12.32,12.61,12.24,12.46,649061,8067825.8,,,,render_normalized,tasi_2026-08-11_2026-08-11_20260811T153022011718Z,2ca6395fd3fcc72ba670e2961883e5c743cbb0e78c08f0ae926df09c31320865
2250,2026-08-12,12.4,12.64,12.4,12.49,802714,10048482.65,,,,render_normalized,tasi_2026-08-12_2026-08-12_20260812T153021905708Z,8862a2d01571a3c9a9cdaef7d6c4c85e805809ad63506c8d9042aff3fa53b579
2250,2026-08-13,12.49,12.5,12.25,12.31,994374,12308710.37,,,,render_normalized,tasi_2026-08-13_2026-08-13_20260813T153020777659Z,e0b6e7e97827824585b899f3f5ae2a43f595aeae92435da9a370d3df14b68b99
2250,2026-08-16,12.49,12.5,12.29,12.41,406445,5030848.93,,,,render_normalized,tasi_2026-08-14_2026-08-16_20260816T153020395457Z,5392abdf5e4a97362d33f1f6287bf2bc003c7d4bb43d28918b8aa095af9310d7
2250,2026-08-17,12.41,12.43,12.26,12.41,951468,11774783.45,,,,render_normalized,tasi_2026-08-17_2026-08-17_20260817T153022794323Z,56ab1200186f32f6bf2b699463f355510bc0a3da931f38c90816013f38a2eaf0
2250,2026-08-18,12.37,12.58,12.28,12.31,574926,7162054.29,,,,render_normalized,tasi_2026-08-18_2026-08-18_20260818T153020653358Z,1cfd844fc98ba7ee716337d459294e8e314daaa0f85480a8e110399f3a6b856d
2250,2026-08-19,12.38,12.38,12.18,12.19,697632,8542244.73,,,,render_normalized,tasi_2026-08-19_2026-08-19_20260819T153022440747Z,c9f50859d8825bb8e17dc890cb696be42681eb6c5d61b3749a33257a86f3517b
2250,2026-08-20,12.19,12.4,12.18,12.29,779742,9580190.92,,,,render_normalized,tasi_2026-08-20_2026-08-28_20260827T215758538311Z,7a00d373848e778f83c80f1777575ad48a6a4c0c192fe2e6a4123b56ae26cdee
2250,2026-08-23,12.29,12.48,12.2,12.28,729223,8968050.88,,,,render_normalized,tasi_2026-08-20_2026-08-28_20260827T215758538311Z,7a00d373848e778f83c80f1777575ad48a6a4c0c192fe2e6a4123b56ae26cdee
2250,2026-08-24,12.33,12.47,12.29,12.39,1054704,13079933.62,,,,render_normalized,tasi_2026-08-20_2026-08-28_20260827T215758538311Z,7a00d373848e778f83c80f1777575ad48a6a4c0c192fe2e6a4123b56ae26cdee
2250,2026-08-25,12.37,12.57,12.37,12.52,1160946,14469459.03,,,,render_normalized,tasi_2026-08-20_2026-08-28_20260827T215758538311Z,7a00d373848e778f83c80f1777575ad48a6a4c0c192fe2e6a4123b56ae26cdee
2250,2026-08-26,12.5,12.65,12.43,12.6,656035,8239575.79,,,,render_normalized,tasi_2026-08-20_2026-08-28_20260827T215758538311Z,7a00d373848e778f83c80f1777575ad48a6a4c0c192fe2e6a4123b56ae26cdee
2250,2026-08-27,12.68,12.69,12.57,12.62,541273,6829431.62,,,,render_normalized,tasi_2026-08-20_2026-08-28_20260827T215758538311Z,7a00d373848e778f83c80f1777575ad48a6a4c0c192fe2e6a4123b56ae26cdee
2250,2026-08-30,12.65,12.77,12.6,12.61,343771,4349327.23,,,,render_normalized,tasi_2026-08-29_2026-08-30_20260830T153021490619Z,40f2932d214f44ed867e412ffba0369130210869179423e6eadc9f965765cdba
2250,2026-08-31,12.61,12.65,12.29,12.38,878524,10877422.37,,,,render_normalized,tasi_2026-08-31_2026-08-31_20260831T153022596960Z,374b46eb50c52f8fd4d5c98f4b7cf8e0c79e078fd621a4b30f58d5382471b4af
2270,2026-08-02,204.4,206.0,203.0,206.0,29260,5984748.4,,,,render_normalized,tasi_2026-07-31_2026-08-02_20260802T153020127593Z,2eb23ca39fcf0e44fa270e6e4d6a1341261e22b2abfbc789ec2875a29009248b
2270,2026-08-03,206.0,206.0,202.6,204.3,50119,10228167.1,,,,render_normalized,tasi_2026-08-03_2026-08-03_20260803T153021496139Z,4b0f0fa9c3b343cf96fecea13101ae13ad2a21806fd55533770061ac5bb0689d
2270,2026-08-04,204.3,204.7,201.4,202.7,54393,11018692.6,,,,render_normalized,tasi_2026-08-04_2026-08-04_20260804T153023696814Z,32de4882671eec0a9062962d0f5591f8e56969b134d0070652d21718d4563e66
2270,2026-08-05,203.6,204.8,202.0,204.5,24958,5080537.8,,,,render_normalized,tasi_2026-08-05_2026-08-05_20260805T153024437012Z,9fd93f225e2663ef72017465f1af6b5bb1e9f620c1b69c07a1f0fd54b850091a
2270,2026-08-06,204.7,205.7,201.8,202.4,25140,5107666.2,,,,render_normalized,tasi_2026-08-06_2026-08-06_20260806T153021501965Z,6ff377152d0ead67e84f33bc0daa618a818145aa8e2f551c9273431d88ac3851
2270,2026-08-09,202.4,202.8,201.0,202.7,19500,3936262.4,,,,render_normalized,tasi_2026-08-07_2026-08-09_20260809T153020287151Z,d7eb763bea83ef8684d027dfe3fb0fb7c951f2a9c34d7e37300eab6704449ed3
2270,2026-08-10,202.7,203.7,201.5,203.7,21167,4292970.5,,,,render_normalized,tasi_2026-08-10_2026-08-10_20260810T153020102570Z,84d11a25e4f1e5c1fd93cef767caa7b24135f07229eeaeab08169c657f7b53de
2270,2026-08-11,203.6,203.6,201.0,201.9,27974,5644048.1,,,,render_normalized,tasi_2026-08-11_2026-08-11_20260811T153022011718Z,2ca6395fd3fcc72ba670e2961883e5c743cbb0e78c08f0ae926df09c31320865
2270,2026-08-12,200.9,207.2,200.7,205.8,49978,10230422.2,,,,render_normalized,tasi_2026-08-12_2026-08-12_20260812T153021905708Z,8862a2d01571a3c9a9cdaef7d6c4c85e805809ad63506c8d9042aff3fa53b579
2270,2026-08-13,205.8,205.8,202.5,202.8,26713,5434785.6,,,,render_normalized,tasi_2026-08-13_2026-08-13_20260813T153020777659Z,e0b6e7e97827824585b899f3f5ae2a43f595aeae92435da9a370d3df14b68b99
2270,2026-08-16,202.9,203.9,202.0,202.5,21241,4302635.9,,,,render_normalized,tasi_2026-08-14_2026-08-16_20260816T153020395457Z,5392abdf5e4a97362d33f1f6287bf2bc003c7d4bb43d28918b8aa095af9310d7
2270,2026-08-17,202.8,203.7,201.9,202.4,95279,19310637.3,,,,render_normalized,tasi_2026-08-17_2026-08-17_20260817T153022794323Z,56ab1200186f32f6bf2b699463f355510bc0a3da931f38c90816013f38a2eaf0
2270,2026-08-18,202.4,202.4,197.2,198.2,64548,12871549.9,,,,render_normalized,tasi_2026-08-18_2026-08-18_20260818T153020653358Z,1cfd844fc98ba7ee716337d459294e8e314daaa0f85480a8e110399f3a6b856d
2270,2026-08-19,199.1,199.1,197.6,198.1,18972,3760676.6,,,,render_normalized,tasi_2026-08-19_2026-08-19_20260819T153022440747Z,c9f50859d8825bb8e17dc890cb696be42681eb6c5d61b3749a33257a86f3517b
2270,2026-08-20,198.2,199.4,198.0,198.6,28333,5627097.2,,,,render_normalized,tasi_2026-08-20_2026-08-28_20260827T215758538311Z,7a00d373848e778f83c80f1777575ad48a6a4c0c192fe2e6a4123b56ae26cdee
2270,2026-08-23,198.6,201.5,198.6,200.0,20368,4077541.3,,,,render_normalized,tasi_2026-08-20_2026-08-28_20260827T215758538311Z,7a00d373848e778f83c80f1777575ad48a6a4c0c192fe2e6a4123b56ae26cdee
2270,2026-08-24,201.0,203.9,199.9,202.8,47812,9627536.7,,,,render_normalized,tasi_2026-08-20_2026-08-28_20260827T215758538311Z,7a00d373848e778f83c80f1777575ad48a6a4c0c192fe2e6a4123b56ae26cdee
2270,2026-08-25,204.4,205.6,202.7,204.7,22631,4636246.5,,,,render_normalized,tasi_2026-08-20_2026-08-28_20260827T215758538311Z,7a00d373848e778f83c80f1777575ad48a6a4c0c192fe2e6a4123b56ae26cdee
2270,2026-08-26,204.7,205.5,203.9,205.0,23711,4853810.4,,,,render_normalized,tasi_2026-08-20_2026-08-28_20260827T215758538311Z,7a00d373848e778f83c80f1777575ad48a6a4c0c192fe2e6a4123b56ae26cdee
2270,2026-08-27,205.0,206.9,204.9,206.2,10080,2078922.1,,,,render_normalized,tasi_2026-08-20_2026-08-28_20260827T215758538311Z,7a00d373848e778f83c80f1777575ad48a6a4c0c192fe2e6a4123b56ae26cdee
2270,2026-08-30,206.2,209.0,206.2,207.9,31841,6614932.0,,,,render_normalized,tasi_2026-08-29_2026-08-30_20260830T153021490619Z,40f2932d214f44ed867e412ffba0369130210869179423e6eadc9f965765cdba
2270,2026-08-31,208.8,208.8,203.3,203.6,52255,10711499.0,,,,render_normalized,tasi_2026-08-31_2026-08-31_20260831T153022596960Z,374b46eb50c52f8fd4d5c98f4b7cf8e0c79e078fd621a4b30f58d5382471b4af
2280,2026-08-02,46.42,47.24,46.34,46.94,266860,12519826.7,,,,render_normalized,tasi_2026-07-31_2026-08-02_20260802T153020127593Z,2eb23ca39fcf0e44fa270e6e4d6a1341261e22b2abfbc789ec2875a29009248b
2280,2026-08-03,46.26,47.9,46.26,47.54,516125,24481612.66,,,,render_normalized,tasi_2026-08-03_2026-08-03_20260803T153021496139Z,4b0f0fa9c3b343cf96fecea13101ae13ad2a21806fd55533770061ac5bb0689d
2280,2026-08-04,47.42,48.0,47.18,48.0,686566,32693315.14,,,,render_normalized,tasi_2026-08-04_2026-08-04_20260804T153023696814Z,32de4882671eec0a9062962d0f5591f8e56969b134d0070652d21718d4563e66
2280,2026-08-05,48.0,48.6,47.82,48.48,1002043,48311296.32,,,,render_normalized,tasi_2026-08-05_2026-08-05_20260805T153024437012Z,9fd93f225e2663ef72017465f1af6b5bb1e9f620c1b69c07a1f0fd54b850091a
2280,2026-08-06,48.48,48.48,47.24,47.24,445093,21299609.94,,,,render_normalized,tasi_2026-08-06_2026-08-06_20260806T153021501965Z,6ff377152d0ead67e84f33bc0daa618a818145aa8e2f551c9273431d88ac3851
2280,2026-08-09,47.3,47.88,47.3,47.8,112982,5378146.04,,,,render_normalized,tasi_2026-08-07_2026-08-09_20260809T153020287151Z,d7eb763bea83ef8684d027dfe3fb0fb7c951f2a9c34d7e37300eab6704449ed3
2280,2026-08-10,47.8,48.7,47.8,48.3,692054,33412072.54,,,,render_normalized,tasi_2026-08-10_2026-08-10_20260810T153020102570Z,84d11a25e4f1e5c1fd93cef767caa7b24135f07229eeaeab08169c657f7b53de
2280,2026-08-11,48.3,48.4,47.46,47.7,514625,24593484.62,,,,render_normalized,tasi_2026-08-11_2026-08-11_20260811T153022011718Z,2ca6395fd3fcc72ba670e2961883e5c743cbb0e78c08f0ae926df09c31320865
2280,2026-08-12,47.7,47.88,47.3,47.7,363955,17336370.56,,,,render_normalized,tasi_2026-08-12_2026-08-12_20260812T153021905708Z,8862a2d01571a3c9a9cdaef7d6c4c85e805809ad63506c8d9042aff3fa53b579
2280,2026-08-13,47.5,48.28,47.5,48.2,493414,23723847.66,,,,render_normalized,tasi_2026-08-13_2026-08-13_20260813T153020777659Z,e0b6e7e97827824585b899f3f5ae2a43f595aeae92435da9a370d3df14b68b99
2280,2026-08-16,48.2,48.94,47.52,48.6,483888,23402953.0,,,,render_normalized,tasi_2026-08-14_2026-08-16_20260816T153020395457Z,5392abdf5e4a97362d33f1f6287bf2bc003c7d4bb43d28918b8aa095af9310d7
2280,2026-08-17,48.76,48.88,47.8,48.18,519996,25001956.04,,,,render_normalized,tasi_2026-08-17_2026-08-17_20260817T153022794323Z,56ab1200186f32f6bf2b699463f355510bc0a3da931f38c90816013f38a2eaf0
2280,2026-08-18,47.88,48.66,47.88,48.44,709985,34296478.52,,,,render_normalized,tasi_2026-08-18_2026-08-18_20260818T153020653358Z,1cfd844fc98ba7ee716337d459294e8e314daaa0f85480a8e110399f3a6b856d
2280,2026-08-19,48.0,48.6,47.9,48.46,354685,17166082.3,,,,render_normalized,tasi_2026-08-19_2026-08-19_20260819T153022440747Z,c9f50859d8825bb8e17dc890cb696be42681eb6c5d61b3749a33257a86f3517b
2280,2026-08-20,48.3,48.64,48.0,48.24,337272,16260739.42,,,,render_normalized,tasi_2026-08-20_2026-08-28_20260827T215758538311Z,7a00d373848e778f83c80f1777575ad48a6a4c0c192fe2e6a4123b56ae26cdee
2280,2026-08-23,48.24,48.72,48.16,48.3,331710,16031949.96,,,,render_normalized,tasi_2026-08-20_2026-08-28_20260827T215758538311Z,7a00d373848e778f83c80f1777575ad48a6a4c0c192fe2e6a4123b56ae26cdee
2280,2026-08-24,48.2,48.46,47.96,48.2,865286,41730050.94,,,,render_normalized,tasi_2026-08-20_2026-08-28_20260827T215758538311Z,7a00d373848e778f83c80f1777575ad48a6a4c0c192fe2e6a4123b56ae26cdee
2280,2026-08-25,48.42,48.64,48.04,48.3,824392,39808083.1,,,,render_normalized,tasi_2026-08-20_2026-08-28_20260827T215758538311Z,7a00d373848e778f83c80f1777575ad48a6a4c0c192fe2e6a4123b56ae26cdee
2280,2026-08-26,48.1,49.38,48.1,49.08,804462,39238244.36,,,,render_normalized,tasi_2026-08-20_2026-08-28_20260827T215758538311Z,7a00d373848e778f83c80f1777575ad48a6a4c0c192fe2e6a4123b56ae26cdee
2280,2026-08-27,49.06,49.9,48.8,49.9,1003486,49711464.34,,,,render_normalized,tasi_2026-08-20_2026-08-28_20260827T215758538311Z,7a00d373848e778f83c80f1777575ad48a6a4c0c192fe2e6a4123b56ae26cdee
2280,2026-08-30,49.94,49.94,49.24,49.26,136395,6736628.58,,,,render_normalized,tasi_2026-08-29_2026-08-30_20260830T153021490619Z,40f2932d214f44ed867e412ffba0369130210869179423e6eadc9f965765cdba
2280,2026-08-31,49.5,49.58,49.0,49.0,1139307,55947891.76,,,,render_normalized,tasi_2026-08-31_2026-08-31_20260831T153022596960Z,374b46eb50c52f8fd4d5c98f4b7cf8e0c79e078fd621a4b30f58d5382471b4af
2281,2026-08-02,53.8,54.5,52.05,54.25,68287,3671407.05,,,,render_normalized,tasi_2026-07-31_2026-08-02_20260802T153020127593Z,2eb23ca39fcf0e44fa270e6e4d6a1341261e22b2abfbc789ec2875a29009248b
2281,2026-08-03,54.45,55.5,54.15,55.5,41932,2301916.35,,,,render_normalized,tasi_2026-08-03_2026-08-03_20260803T153021496139Z,4b0f0fa9c3b343cf96fecea13101ae13ad2a21806fd55533770061ac5bb0689d
2281,2026-08-04,55.5,56.25,55.2,56.2,57258,3195281.75,,,,render_normalized,tasi_2026-08-04_2026-08-04_20260804T153023696814Z,32de4882671eec0a9062962d0f5591f8e56969b134d0070652d21718d4563e66
2281,2026-08-05,56.2,56.85,55.8,56.2,49405,2781838.95,,,,render_normalized,tasi_2026-08-05_2026-08-05_20260805T153024437012Z,9fd93f225e2663ef72017465f1af6b5bb1e9f620c1b69c07a1f0fd54b850091a
2281,2026-08-06,56.75,57.7,55.55,56.8,107441,6088183.35,,,,render_normalized,tasi_2026-08-06_2026-08-06_20260806T153021501965Z,6ff377152d0ead67e84f33bc0daa618a818145aa8e2f551c9273431d88ac3851
2281,2026-08-09,62.45,62.45,58.2,59.0,425146,25819480.65,,,,render_normalized,tasi_2026-08-07_2026-08-09_20260809T153020287151Z,d7eb763bea83ef8684d027dfe3fb0fb7c951f2a9c34d7e37300eab6704449ed3
2281,2026-08-10,59.0,61.45,58.45,59.9,259976,15651779.75,,,,render_normalized,tasi_2026-08-10_2026-08-10_20260810T153020102570Z,84d11a25e4f1e5c1fd93cef767caa7b24135f07229eeaeab08169c657f7b53de
2281,2026-08-11,60.8,60.85,58.95,59.1,141098,8439518.15,,,,render_normalized,tasi_2026-08-11_2026-08-11_20260811T153022011718Z,2ca6395fd3fcc72ba670e2961883e5c743cbb0e78c08f0ae926df09c31320865
2281,2026-08-12,58.5,60.0,57.3,59.7,235749,13805534.8,,,,render_normalized,tasi_2026-08-12_2026-08-12_20260812T153021905708Z,8862a2d01571a3c9a9cdaef7d6c4c85e805809ad63506c8d9042aff3fa53b579
2281,2026-08-13,59.7,59.7,58.15,58.9,90263,5295124.1,,,,render_normalized,tasi_2026-08-13_2026-08-13_20260813T153020777659Z,e0b6e7e97827824585b899f3f5ae2a43f595aeae92435da9a370d3df14b68b99
2281,2026-08-16,59.9,60.3,59.1,59.2,113020,6749040.05,,,,render_normalized,tasi_2026-08-14_2026-08-16_20260816T153020395457Z,5392abdf5e4a97362d33f1f6287bf2bc003c7d4bb43d28918b8aa095af9310d7
2281,2026-08-17,59.55,60.85,58.85,59.45,133514,7950359.75,,,,render_normalized,tasi_2026-08-17_2026-08-17_20260817T153022794323Z,56ab1200186f32f6bf2b699463f355510bc0a3da931f38c90816013f38a2eaf0
2281,2026-08-18,59.45,64.2,59.0,60.6,567876,35240243.9,,,,render_normalized,tasi_2026-08-18_2026-08-18_20260818T153020653358Z,1cfd844fc98ba7ee716337d459294e8e314daaa0f85480a8e110399f3a6b856d
2281,2026-08-19,60.7,62.1,60.35,61.2,159962,9787474.15,,,,render_normalized,tasi_2026-08-19_2026-08-19_20260819T153022440747Z,c9f50859d8825bb8e17dc890cb696be42681eb6c5d61b3749a33257a86f3517b
2281,2026-08-20,61.0,63.5,60.9,63.5,279331,17425712.7,,,,render_normalized,tasi_2026-08-20_2026-08-28_20260827T215758538311Z,7a00d373848e778f83c80f1777575ad48a6a4c0c192fe2e6a4123b56ae26cdee
2281,2026-08-23,63.7,66.0,63.0,63.1,280641,18058062.6,,,,render_normalized,tasi_2026-08-20_2026-08-28_20260827T215758538311Z,7a00d373848e778f83c80f1777575ad48a6a4c0c192fe2e6a4123b56ae26cdee
2281,2026-08-24,63.0,65.0,62.7,64.45,201551,12944616.6,,,,render_normalized,tasi_2026-08-20_2026-08-28_20260827T215758538311Z,7a00d373848e778f83c80f1777575ad48a6a4c0c192fe2e6a4123b56ae26cdee
2281,2026-08-25,64.0,64.95,63.75,64.0,96287,6204970.1,,,,render_normalized,tasi_2026-08-20_2026-08-28_20260827T215758538311Z,7a00d373848e778f83c80f1777575ad48a6a4c0c192fe2e6a4123b56ae26cdee
2281,2026-08-26,64.0,64.85,63.7,63.85,123993,7952375.2,,,,render_normalized,tasi_2026-08-20_2026-08-28_20260827T215758538311Z,7a00d373848e778f83c80f1777575ad48a6a4c0c192fe2e6a4123b56ae26cdee
2281,2026-08-27,63.75,64.45,63.75,63.95,94087,6025507.8,,,,render_normalized,tasi_2026-08-20_2026-08-28_20260827T215758538311Z,7a00d373848e778f83c80f1777575ad48a6a4c0c192fe2e6a4123b56ae26cdee
2281,2026-08-30,64.45,64.45,62.5,62.55,62448,3945773.65,,,,render_normalized,tasi_2026-08-29_2026-08-30_20260830T153021490619Z,40f2932d214f44ed867e412ffba0369130210869179423e6eadc9f965765cdba
2281,2026-08-31,63.0,63.45,62.2,62.9,62016,3890530.65,,,,render_normalized,tasi_2026-08-31_2026-08-31_20260831T153022596960Z,374b46eb50c52f8fd4d5c98f4b7cf8e0c79e078fd621a4b30f58d5382471b4af
2282,2026-08-02,55.4,57.0,55.1,56.35,40532,2266354.8,,,,render_normalized,tasi_2026-07-31_2026-08-02_20260802T153020127593Z,2eb23ca39fcf0e44fa270e6e4d6a1341261e22b2abfbc789ec2875a29009248b
2282,2026-08-03,56.35,57.45,56.0,56.9,30183,1712619.9,,,,render_normalized,tasi_2026-08-03_2026-08-03_20260803T153021496139Z,4b0f0fa9c3b343cf96fecea13101ae13ad2a21806fd55533770061ac5bb0689d
2282,2026-08-04,57.25,58.4,56.8,57.0,89354,5149175.45,,,,render_normalized,tasi_2026-08-04_2026-08-04_20260804T153023696814Z,32de4882671eec0a9062962d0f5591f8e56969b134d0070652d21718d4563e66
2282,2026-08-05,57.5,57.5,56.35,56.9,16359,926758.3,,,,render_normalized,tasi_2026-08-05_2026-08-05_20260805T153024437012Z,9fd93f225e2663ef72017465f1af6b5bb1e9f620c1b69c07a1f0fd54b850091a
2282,2026-08-06,56.9,57.3,56.0,56.95,23227,1313016.05,,,,render_normalized,tasi_2026-08-06_2026-08-06_20260806T153021501965Z,6ff377152d0ead67e84f33bc0daa618a818145aa8e2f551c9273431d88ac3851
2282,2026-08-09,57.25,57.6,56.65,57.1,45653,2604344.45,,,,render_normalized,tasi_2026-08-07_2026-08-09_20260809T153020287151Z,d7eb763bea83ef8684d027dfe3fb0fb7c951f2a9c34d7e37300eab6704449ed3
2282,2026-08-10,57.0,57.5,56.4,56.65,17985,1018271.8,,,,render_normalized,tasi_2026-08-10_2026-08-10_20260810T153020102570Z,84d11a25e4f1e5c1fd93cef767caa7b24135f07229eeaeab08169c657f7b53de
2282,2026-08-11,56.6,57.15,56.2,57.15,19840,1124189.05,,,,render_normalized,tasi_2026-08-11_2026-08-11_20260811T153022011718Z,2ca6395fd3fcc72ba670e2961883e5c743cbb0e78c08f0ae926df09c31320865
2282,2026-08-12,57.15,57.3,56.6,57.2,18831,1072870.15,,,,render_normalized,tasi_2026-08-12_2026-08-12_20260812T153021905708Z,8862a2d01571a3c9a9cdaef7d6c4c85e805809ad63506c8d9042aff3fa53b579
2282,2026-08-13,57.2,57.25,56.4,56.95,24448,1389625.75,,,,render_normalized,tasi_2026-08-13_2026-08-13_20260813T153020777659Z,e0b6e7e97827824585b899f3f5ae2a43f595aeae92435da9a370d3df14b68b99
2282,2026-08-16,56.95,57.25,56.4,56.8,34736,1970871.4,,,,render_normalized,tasi_2026-08-14_2026-08-16_20260816T153020395457Z,5392abdf5e4a97362d33f1f6287bf2bc003c7d4bb43d28918b8aa095af9310d7
2282,2026-08-17,56.7,57.6,56.15,56.6,32499,1838519.2,,,,render_normalized,tasi_2026-08-17_2026-08-17_20260817T153022794323Z,56ab1200186f32f6bf2b699463f355510bc0a3da931f38c90816013f38a2eaf0
2282,2026-08-18,56.7,56.7,55.6,55.7,24704,1382662.55,,,,render_normalized,tasi_2026-08-18_2026-08-18_20260818T153020653358Z,1cfd844fc98ba7ee716337d459294e8e314daaa0f85480a8e110399f3a6b856d
2282,2026-08-19,55.65,56.4,55.4,56.25,14923,833732.3,,,,render_normalized,tasi_2026-08-19_2026-08-19_20260819T153022440747Z,c9f50859d8825bb8e17dc890cb696be42681eb6c5d61b3749a33257a86f3517b
2282,2026-08-20,56.35,56.35,56.0,56.25,4964,278602.7,,,,render_normalized,tasi_2026-08-20_2026-08-28_20260827T215758538311Z,7a00d373848e778f83c80f1777575ad48a6a4c0c192fe2e6a4123b56ae26cdee
2282,2026-08-23,56.25,56.6,56.1,56.3,9749,548469.8,,,,render_normalized,tasi_2026-08-20_2026-08-28_20260827T215758538311Z,7a00d373848e778f83c80f1777575ad48a6a4c0c192fe2e6a4123b56ae26cdee
2282,2026-08-24,56.3,56.85,56.1,56.45,23341,1321120.05,,,,render_normalized,tasi_2026-08-20_2026-08-28_20260827T215758538311Z,7a00d373848e778f83c80f1777575ad48a6a4c0c192fe2e6a4123b56ae26cdee
2282,2026-08-25,56.25,56.9,56.0,56.3,9551,537592.0,,,,render_normalized,tasi_2026-08-20_2026-08-28_20260827T215758538311Z,7a00d373848e778f83c80f1777575ad48a6a4c0c192fe2e6a4123b56ae26cdee
2282,2026-08-26,56.3,56.5,56.0,56.05,10938,613752.7,,,,render_normalized,tasi_2026-08-20_2026-08-28_20260827T215758538311Z,7a00d373848e778f83c80f1777575ad48a6a4c0c192fe2e6a4123b56ae26cdee
2282,2026-08-27,56.05,56.35,55.9,56.35,12190,683349.9,,,,render_normalized,tasi_2026-08-20_2026-08-28_20260827T215758538311Z,7a00d373848e778f83c80f1777575ad48a6a4c0c192fe2e6a4123b56ae26cdee
2282,2026-08-30,56.6,56.8,55.8,56.35,19142,1078042.35,,,,render_normalized,tasi_2026-08-29_2026-08-30_20260830T153021490619Z,40f2932d214f44ed867e412ffba0369130210869179423e6eadc9f965765cdba
2282,2026-08-31,56.1,56.35,55.65,56.35,16910,948001.05,,,,render_normalized,tasi_2026-08-31_2026-08-31_20260831T153022596960Z,374b46eb50c52f8fd4d5c98f4b7cf8e0c79e078fd621a4b30f58d5382471b4af
2283,2026-08-02,51.6,52.1,51.1,51.85,80780,4167823.55,,,,render_normalized,tasi_2026-07-31_2026-08-02_20260802T153020127593Z,2eb23ca39fcf0e44fa270e6e4d6a1341261e22b2abfbc789ec2875a29009248b
2283,2026-08-03,51.95,52.8,51.65,52.5,62823,3285998.4,,,,render_normalized,tasi_2026-08-03_2026-08-03_20260803T153021496139Z,4b0f0fa9c3b343cf96fecea13101ae13ad2a21806fd55533770061ac5bb0689d
2283,2026-08-04,52.8,53.25,52.4,52.9,194345,10289155.85,,,,render_normalized,tasi_2026-08-04_2026-08-04_20260804T153023696814Z,32de4882671eec0a9062962d0f5591f8e56969b134d0070652d21718d4563e66
2283,2026-08-05,51.8,53.1,51.2,52.6,243885,12812091.8,,,,render_normalized,tasi_2026-08-05_2026-08-05_20260805T153024437012Z,9fd93f225e2663ef72017465f1af6b5bb1e9f620c1b69c07a1f0fd54b850091a
2283,2026-08-06,52.85,53.0,51.55,51.85,63184,3310456.15,,,,render_normalized,tasi_2026-08-06_2026-08-06_20260806T153021501965Z,6ff377152d0ead67e84f33bc0daa618a818145aa8e2f551c9273431d88ac3851
2283,2026-08-09,51.8,52.2,51.15,51.7,34441,1776478.45,,,,render_normalized,tasi_2026-08-07_2026-08-09_20260809T153020287151Z,d7eb763bea83ef8684d027dfe3fb0fb7c951f2a9c34d7e37300eab6704449ed3
2283,2026-08-10,51.75,53.0,51.2,52.5,78384,4117025.2,,,,render_normalized,tasi_2026-08-10_2026-08-10_20260810T153020102570Z,84d11a25e4f1e5c1fd93cef767caa7b24135f07229eeaeab08169c657f7b53de
2283,2026-08-11,52.8,52.95,52.5,52.65,32625,1721354.9,,,,render_normalized,tasi_2026-08-11_2026-08-11_20260811T153022011718Z,2ca6395fd3fcc72ba670e2961883e5c743cbb0e78c08f0ae926df09c31320865
2283,2026-08-12,52.7,53.0,52.5,52.7,21980,1159219.25,,,,render_normalized,tasi_2026-08-12_2026-08-12_20260812T153021905708Z,8862a2d01571a3c9a9cdaef7d6c4c85e805809ad63506c8d9042aff3fa53b579
2283,2026-08-13,52.75,52.8,52.35,52.55,18764,986066.7,,,,render_normalized,tasi_2026-08-13_2026-08-13_20260813T153020777659Z,e0b6e7e97827824585b899f3f5ae2a43f595aeae92435da9a370d3df14b68b99
2283,2026-08-16,52.3,52.9,52.0,52.3,29964,1566982.6,,,,render_normalized,tasi_2026-08-14_2026-08-16_20260816T153020395457Z,5392abdf5e4a97362d33f1f6287bf2bc003c7d4bb43d28918b8aa095af9310d7
2283,2026-08-17,52.2,52.9,52.1,52.9,18048,947691.2,,,,render_normalized,tasi_2026-08-17_2026-08-17_20260817T153022794323Z,56ab1200186f32f6bf2b699463f355510bc0a3da931f38c90816013f38a2eaf0
2283,2026-08-18,52.9,53.3,52.5,53.15,46398,2455967.15,,,,render_normalized,tasi_2026-08-18_2026-08-18_20260818T153020653358Z,1cfd844fc98ba7ee716337d459294e8e314daaa0f85480a8e110399f3a6b856d
2283,2026-08-19,53.4,53.4,52.8,53.15,23744,1260047.7,,,,render_normalized,tasi_2026-08-19_2026-08-19_20260819T153022440747Z,c9f50859d8825bb8e17dc890cb696be42681eb6c5d61b3749a33257a86f3517b
2283,2026-08-20,53.0,53.4,53.0,53.05,11897,632317.2,,,,render_normalized,tasi_2026-08-20_2026-08-28_20260827T215758538311Z,7a00d373848e778f83c80f1777575ad48a6a4c0c192fe2e6a4123b56ae26cdee
2283,2026-08-23,53.05,54.05,53.05,53.9,91229,4904161.3,,,,render_normalized,tasi_2026-08-20_2026-08-28_20260827T215758538311Z,7a00d373848e778f83c80f1777575ad48a6a4c0c192fe2e6a4123b56ae26cdee
2283,2026-08-24,53.9,53.9,53.15,53.3,72173,3862875.9,,,,render_normalized,tasi_2026-08-20_2026-08-28_20260827T215758538311Z,7a00d373848e778f83c80f1777575ad48a6a4c0c192fe2e6a4123b56ae26cdee
2283,2026-08-25,53.15,53.5,53.0,53.45,79533,4236398.0,,,,render_normalized,tasi_2026-08-20_2026-08-28_20260827T215758538311Z,7a00d373848e778f83c80f1777575ad48a6a4c0c192fe2e6a4123b56ae26cdee
2283,2026-08-26,53.45,53.65,53.05,53.35,45910,2448435.6,,,,render_normalized,tasi_2026-08-20_2026-08-28_20260827T215758538311Z,7a00d373848e778f83c80f1777575ad48a6a4c0c192fe2e6a4123b56ae26cdee
2283,2026-08-27,53.5,53.9,53.3,53.8,92835,4977805.7,,,,render_normalized,tasi_2026-08-20_2026-08-28_20260827T215758538311Z,7a00d373848e778f83c80f1777575ad48a6a4c0c192fe2e6a4123b56ae26cdee
2283,2026-08-30,54.0,54.5,53.8,54.25,215617,11692872.55,,,,render_normalized,tasi_2026-08-29_2026-08-30_20260830T153021490619Z,40f2932d214f44ed867e412ffba0369130210869179423e6eadc9f965765cdba
2283,2026-08-31,52.1,52.3,51.65,51.9,168175,8747366.2,,,,render_normalized,tasi_2026-08-31_2026-08-31_20260831T153022596960Z,374b46eb50c52f8fd4d5c98f4b7cf8e0c79e078fd621a4b30f58d5382471b4af
2284,2026-08-02,29.3,29.78,29.28,29.66,110971,3281827.52,,,,render_normalized,tasi_2026-07-31_2026-08-02_20260802T153020127593Z,2eb23ca39fcf0e44fa270e6e4d6a1341261e22b2abfbc789ec2875a29009248b
2284,2026-08-03,29.76,30.4,29.76,30.4,210209,6339894.5,,,,render_normalized,tasi_2026-08-03_2026-08-03_20260803T153021496139Z,4b0f0fa9c3b343cf96fecea13101ae13ad2a21806fd55533770061ac5bb0689d
2284,2026-08-04,30.4,30.4,29.9,30.02,158321,4765288.48,,,,render_normalized,tasi_2026-08-04_2026-08-04_20260804T153023696814Z,32de4882671eec0a9062962d0f5591f8e56969b134d0070652d21718d4563e66
2284,2026-08-05,30.12,30.26,29.92,30.16,261383,7872219.6,,,,render_normalized,tasi_2026-08-05_2026-08-05_20260805T153024437012Z,9fd93f225e2663ef72017465f1af6b5bb1e9f620c1b69c07a1f0fd54b850091a
2284,2026-08-06,30.02,30.14,29.84,30.12,302614,9092527.1,,,,render_normalized,tasi_2026-08-06_2026-08-06_20260806T153021501965Z,6ff377152d0ead67e84f33bc0daa618a818145aa8e2f551c9273431d88ac3851
2284,2026-08-09,28.66,29.0,28.64,28.82,199043,5730112.08,,,,render_normalized,tasi_2026-08-07_2026-08-09_20260809T153020287151Z,d7eb763bea83ef8684d027dfe3fb0fb7c951f2a9c34d7e37300eab6704449ed3
2284,2026-08-10,28.82,28.82,28.5,28.52,103225,2947006.38,,,,render_normalized,tasi_2026-08-10_2026-08-10_20260810T153020102570Z,84d11a25e4f1e5c1fd93cef767caa7b24135f07229eeaeab08169c657f7b53de
2284,2026-08-11,28.52,28.52,27.96,28.1,76947,2163852.8,,,,render_normalized,tasi_2026-08-11_2026-08-11_20260811T153022011718Z,2ca6395fd3fcc72ba670e2961883e5c743cbb0e78c08f0ae926df09c31320865
2284,2026-08-12,28.1,28.26,28.02,28.04,40251,1131525.22,,,,render_normalized,tasi_2026-08-12_2026-08-12_20260812T153021905708Z,8862a2d01571a3c9a9cdaef7d6c4c85e805809ad63506c8d9042aff3fa53b579
2284,2026-08-13,28.04,28.04,27.68,27.76,56190,1566048.62,,,,render_normalized,tasi_2026-08-13_2026-08-13_20260813T153020777659Z,e0b6e7e97827824585b899f3f5ae2a43f595aeae92435da9a370d3df14b68b99
2284,2026-08-16,27.76,27.96,27.58,27.8,61930,1717666.82,,,,render_normalized,tasi_2026-08-14_2026-08-16_20260816T153020395457Z,5392abdf5e4a97362d33f1f6287bf2bc003c7d4bb43d28918b8aa095af9310d7
2284,2026-08-17,27.86,27.86,27.44,27.6,116013,3200929.54,,,,render_normalized,tasi_2026-08-17_2026-08-17_20260817T153022794323Z,56ab1200186f32f6bf2b699463f355510bc0a3da931f38c90816013f38a2eaf0
2284,2026-08-18,27.6,27.6,27.26,27.28,106377,2909850.9,,,,render_normalized,tasi_2026-08-18_2026-08-18_20260818T153020653358Z,1cfd844fc98ba7ee716337d459294e8e314daaa0f85480a8e110399f3a6b856d
2284,2026-08-19,27.28,27.42,27.12,27.42,54340,1480957.24,,,,render_normalized,tasi_2026-08-19_2026-08-19_20260819T153022440747Z,c9f50859d8825bb8e17dc890cb696be42681eb6c5d61b3749a33257a86f3517b
2284,2026-08-20,27.4,27.52,27.26,27.4,54109,1480055.48,,,,render_normalized,tasi_2026-08-20_2026-08-28_20260827T215758538311Z,7a00d373848e778f83c80f1777575ad48a6a4c0c192fe2e6a4123b56ae26cdee
2284,2026-08-23,27.46,27.68,27.42,27.5,66005,1815155.66,,,,render_normalized,tasi_2026-08-20_2026-08-28_20260827T215758538311Z,7a00d373848e778f83c80f1777575ad48a6a4c0c192fe2e6a4123b56ae26cdee
2284,2026-08-24,27.58,27.62,27.42,27.48,90617,2492901.36,,,,render_normalized,tasi_2026-08-20_2026-08-28_20260827T215758538311Z,7a00d373848e778f83c80f1777575ad48a6a4c0c192fe2e6a4123b56ae26cdee
2284,2026-08-25,27.56,27.76,27.32,27.68,162483,4469105.58,,,,render_normalized,tasi_2026-08-20_2026-08-28_20260827T215758538311Z,7a00d373848e778f83c80f1777575ad48a6a4c0c192fe2e6a4123b56ae26cdee
2284,2026-08-26,27.78,27.82,27.5,27.54,136642,3779090.84,,,,render_normalized,tasi_2026-08-20_2026-08-28_20260827T215758538311Z,7a00d373848e778f83c80f1777575ad48a6a4c0c192fe2e6a4123b56ae26cdee
2284,2026-08-27,27.68,27.82,27.64,27.74,59467,1649756.12,,,,render_normalized,tasi_2026-08-20_2026-08-28_20260827T215758538311Z,7a00d373848e778f83c80f1777575ad48a6a4c0c192fe2e6a4123b56ae26cdee
2284,2026-08-30,27.82,27.94,27.66,27.94,70262,1953401.74,,,,render_normalized,tasi_2026-08-29_2026-08-30_20260830T153021490619Z,40f2932d214f44ed867e412ffba0369130210869179423e6eadc9f965765cdba
2284,2026-08-31,27.82,28.14,27.72,28.14,604042,16984032.46,,,,render_normalized,tasi_2026-08-31_2026-08-31_20260831T153022596960Z,374b46eb50c52f8fd4d5c98f4b7cf8e0c79e078fd621a4b30f58d5382471b4af
2285,2026-08-02,44.96,45.0,43.96,44.0,125467,5557467.0,,,,render_normalized,tasi_2026-07-31_2026-08-02_20260802T153020127593Z,2eb23ca39fcf0e44fa270e6e4d6a1341261e22b2abfbc789ec2875a29009248b
2285,2026-08-03,44.0,44.42,43.34,44.12,94027,4135168.68,,,,render_normalized,tasi_2026-08-03_2026-08-03_20260803T153021496139Z,4b0f0fa9c3b343cf96fecea13101ae13ad2a21806fd55533770061ac5bb0689d
2285,2026-08-04,44.12,44.3,43.7,44.22,44251,1950481.54,,,,render_normalized,tasi_2026-08-04_2026-08-04_20260804T153023696814Z,32de4882671eec0a9062962d0f5591f8e56969b134d0070652d21718d4563e66
2285,2026-08-05,44.14,44.44,44.14,44.3,53446,2366947.56,,,,render_normalized,tasi_2026-08-05_2026-08-05_20260805T153024437012Z,9fd93f225e2663ef72017465f1af6b5bb1e9f620c1b69c07a1f0fd54b850091a
2285,2026-08-06,44.12,44.2,43.58,43.78,97131,4257883.08,,,,render_normalized,tasi_2026-08-06_2026-08-06_20260806T153021501965Z,6ff377152d0ead67e84f33bc0daa618a818145aa8e2f551c9273431d88ac3851
2285,2026-08-09,43.8,43.8,43.46,43.56,27945,1217295.52,,,,render_normalized,tasi_2026-08-07_2026-08-09_20260809T153020287151Z,d7eb763bea83ef8684d027dfe3fb0fb7c951f2a9c34d7e37300eab6704449ed3
2285,2026-08-10,43.6,43.84,43.26,43.5,72399,3149280.46,,,,render_normalized,tasi_2026-08-10_2026-08-10_20260810T153020102570Z,84d11a25e4f1e5c1fd93cef767caa7b24135f07229eeaeab08169c657f7b53de
2285,2026-08-11,43.46,43.46,42.42,42.54,128827,5499809.06,,,,render_normalized,tasi_2026-08-11_2026-08-11_20260811T153022011718Z,2ca6395fd3fcc72ba670e2961883e5c743cbb0e78c08f0ae926df09c31320865
2285,2026-08-12,42.5,42.8,42.26,42.26,122077,5180184.4,,,,render_normalized,tasi_2026-08-12_2026-08-12_20260812T153021905708Z,8862a2d01571a3c9a9cdaef7d6c4c85e805809ad63506c8d9042aff3fa53b579
2285,2026-08-13,42.28,42.7,42.16,42.18,67985,2877336.84,,,,render_normalized,tasi_2026-08-13_2026-08-13_20260813T153020777659Z,e0b6e7e97827824585b899f3f5ae2a43f595aeae92435da9a370d3df14b68b99
2285,2026-08-16,42.32,42.66,42.0,42.18,97460,4120142.82,,,,render_normalized,tasi_2026-08-14_2026-08-16_20260816T153020395457Z,5392abdf5e4a97362d33f1f6287bf2bc003c7d4bb43d28918b8aa095af9310d7
2285,2026-08-17,42.28,42.68,42.14,42.46,66354,2816461.64,,,,render_normalized,tasi_2026-08-17_2026-08-17_20260817T153022794323Z,56ab1200186f32f6bf2b699463f355510bc0a3da931f38c90816013f38a2eaf0
2285,2026-08-18,42.46,42.5,42.14,42.2,84926,3590419.26,,,,render_normalized,tasi_2026-08-18_2026-08-18_20260818T153020653358Z,1cfd844fc98ba7ee716337d459294e8e314daaa0f85480a8e110399f3a6b856d
2285,2026-08-19,42.12,42.5,42.04,42.1,105103,4432938.94,,,,render_normalized,tasi_2026-08-19_2026-08-19_20260819T153022440747Z,c9f50859d8825bb8e17dc890cb696be42681eb6c5d61b3749a33257a86f3517b
2285,2026-08-20,42.1,42.54,42.06,42.36,69417,2941128.88,,,,render_normalized,tasi_2026-08-20_2026-08-28_20260827T215758538311Z,7a00d373848e778f83c80f1777575ad48a6a4c0c192fe2e6a4123b56ae26cdee
2285,2026-08-23,42.36,43.02,42.32,42.74,51299,2197088.16,,,,render_normalized,tasi_2026-08-20_2026-08-28_20260827T215758538311Z,7a00d373848e778f83c80f1777575ad48a6a4c0c192fe2e6a4123b56ae26cdee
2285,2026-08-24,42.74,42.9,42.22,42.26,105418,4481516.72,,,,render_normalized,tasi_2026-08-20_2026-08-28_20260827T215758538311Z,7a00d373848e778f83c80f1777575ad48a6a4c0c192fe2e6a4123b56ae26cdee
2285,2026-08-25,42.46,42.5,42.18,42.46,54588,2309990.44,,,,render_normalized,tasi_2026-08-20_2026-08-28_20260827T215758538311Z,7a00d373848e778f83c80f1777575ad48a6a4c0c192fe2e6a4123b56ae26cdee
2285,2026-08-26,42.46,42.5,42.1,42.3,106082,4490143.78,,,,render_normalized,tasi_2026-08-20_2026-08-28_20260827T215758538311Z,7a00d373848e778f83c80f1777575ad48a6a4c0c192fe2e6a4123b56ae26cdee
2285,2026-08-27,42.34,42.5,42.2,42.24,48999,2073297.04,,,,render_normalized,tasi_2026-08-20_2026-08-28_20260827T215758538311Z,7a00d373848e778f83c80f1777575ad48a6a4c0c192fe2e6a4123b56ae26cdee
2285,2026-08-30,42.36,42.46,42.0,42.02,68337,2879855.78,,,,render_normalized,tasi_2026-08-29_2026-08-30_20260830T153021490619Z,40f2932d214f44ed867e412ffba0369130210869179423e6eadc9f965765cdba
2285,2026-08-31,42.0,42.44,41.82,42.1,82085,3452437.26,,,,render_normalized,tasi_2026-08-31_2026-08-31_20260831T153022596960Z,374b46eb50c52f8fd4d5c98f4b7cf8e0c79e078fd621a4b30f58d5382471b4af
2286,2026-08-02,3.97,3.99,3.91,3.94,1340439,5292320.6,,,,render_normalized,tasi_2026-07-31_2026-08-02_20260802T153020127593Z,2eb23ca39fcf0e44fa270e6e4d6a1341261e22b2abfbc789ec2875a29009248b
2286,2026-08-03,3.95,4.02,3.92,4.01,1162183,4630053.22,,,,render_normalized,tasi_2026-08-03_2026-08-03_20260803T153021496139Z,4b0f0fa9c3b343cf96fecea13101ae13ad2a21806fd55533770061ac5bb0689d
2286,2026-08-04,4.03,4.04,4.0,4.03,1147783,4617456.68,,,,render_normalized,tasi_2026-08-04_2026-08-04_20260804T153023696814Z,32de4882671eec0a9062962d0f5591f8e56969b134d0070652d21718d4563e66
2286,2026-08-05,4.03,4.05,3.99,4.01,1103106,4425780.76,,,,render_normalized,tasi_2026-08-05_2026-08-05_20260805T153024437012Z,9fd93f225e2663ef72017465f1af6b5bb1e9f620c1b69c07a1f0fd54b850091a
2286,2026-08-06,4.01,4.04,3.97,3.98,851180,3406870.22,,,,render_normalized,tasi_2026-08-06_2026-08-06_20260806T153021501965Z,6ff377152d0ead67e84f33bc0daa618a818145aa8e2f551c9273431d88ac3851
2286,2026-08-09,4.0,4.04,3.99,4.03,625252,2509330.84,,,,render_normalized,tasi_2026-08-07_2026-08-09_20260809T153020287151Z,d7eb763bea83ef8684d027dfe3fb0fb7c951f2a9c34d7e37300eab6704449ed3
2286,2026-08-10,4.03,4.07,4.01,4.04,830142,3350285.27,,,,render_normalized,tasi_2026-08-10_2026-08-10_20260810T153020102570Z,84d11a25e4f1e5c1fd93cef767caa7b24135f07229eeaeab08169c657f7b53de
2286,2026-08-11,4.03,4.04,4.0,4.01,757621,3041616.13,,,,render_normalized,tasi_2026-08-11_2026-08-11_20260811T153022011718Z,2ca6395fd3fcc72ba670e2961883e5c743cbb0e78c08f0ae926df09c31320865
2286,2026-08-12,4.01,4.03,4.0,4.02,245871,986432.04,,,,render_normalized,tasi_2026-08-12_2026-08-12_20260812T153021905708Z,8862a2d01571a3c9a9cdaef7d6c4c85e805809ad63506c8d9042aff3fa53b579
2286,2026-08-13,4.01,4.04,4.0,4.02,618693,2488587.65,,,,render_normalized,tasi_2026-08-13_2026-08-13_20260813T153020777659Z,e0b6e7e97827824585b899f3f5ae2a43f595aeae92435da9a370d3df14b68b99
2286,2026-08-16,4.04,4.06,4.02,4.05,643625,2601215.07,,,,render_normalized,tasi_2026-08-14_2026-08-16_20260816T153020395457Z,5392abdf5e4a97362d33f1f6287bf2bc003c7d4bb43d28918b8aa095af9310d7
2286,2026-08-17,4.05,4.08,4.03,4.08,765785,3112923.55,,,,render_normalized,tasi_2026-08-17_2026-08-17_20260817T153022794323Z,56ab1200186f32f6bf2b699463f355510bc0a3da931f38c90816013f38a2eaf0
2286,2026-08-18,4.08,4.1,4.07,4.09,760580,3107381.27,,,,render_normalized,tasi_2026-08-18_2026-08-18_20260818T153020653358Z,1cfd844fc98ba7ee716337d459294e8e314daaa0f85480a8e110399f3a6b856d
2286,2026-08-19,4.09,4.1,4.05,4.08,789025,3220933.25,,,,render_normalized,tasi_2026-08-19_2026-08-19_20260819T153022440747Z,c9f50859d8825bb8e17dc890cb696be42681eb6c5d61b3749a33257a86f3517b
2286,2026-08-20,4.08,4.11,4.08,4.1,2098316,8591571.63,,,,render_normalized,tasi_2026-08-20_2026-08-28_20260827T215758538311Z,7a00d373848e778f83c80f1777575ad48a6a4c0c192fe2e6a4123b56ae26cdee
2286,2026-08-23,3.99,4.01,3.96,4.01,1939561,7739133.98,,,,render_normalized,tasi_2026-08-20_2026-08-28_20260827T215758538311Z,7a00d373848e778f83c80f1777575ad48a6a4c0c192fe2e6a4123b56ae26cdee
2286,2026-08-24,4.03,4.03,3.97,3.99,1232929,4923378.61,,,,render_normalized,tasi_2026-08-20_2026-08-28_20260827T215758538311Z,7a00d373848e778f83c80f1777575ad48a6a4c0c192fe2e6a4123b56ae26cdee
2286,2026-08-25,3.99,4.0,3.98,3.99,400165,1595735.44,,,,render_normalized,tasi_2026-08-20_2026-08-28_20260827T215758538311Z,7a00d373848e778f83c80f1777575ad48a6a4c0c192fe2e6a4123b56ae26cdee
2286,2026-08-26,4.0,4.0,3.96,3.98,561812,2235870.91,,,,render_normalized,tasi_2026-08-20_2026-08-28_20260827T215758538311Z,7a00d373848e778f83c80f1777575ad48a6a4c0c192fe2e6a4123b56ae26cdee
2286,2026-08-27,3.99,3.99,3.97,3.99,447213,1780956.96,,,,render_normalized,tasi_2026-08-20_2026-08-28_20260827T215758538311Z,7a00d373848e778f83c80f1777575ad48a6a4c0c192fe2e6a4123b56ae26cdee
2286,2026-08-30,3.99,3.99,3.97,3.98,438615,1744566.6,,,,render_normalized,tasi_2026-08-29_2026-08-30_20260830T153021490619Z,40f2932d214f44ed867e412ffba0369130210869179423e6eadc9f965765cdba
2286,2026-08-31,3.98,4.02,3.96,4.02,1154371,4608438.78,,,,render_normalized,tasi_2026-08-31_2026-08-31_20260831T153022596960Z,374b46eb50c52f8fd4d5c98f4b7cf8e0c79e078fd621a4b30f58d5382471b4af
2287,2026-08-02,23.16,23.4,22.75,23.13,211972,4896922.1,,,,render_normalized,tasi_2026-07-31_2026-08-02_20260802T153020127593Z,2eb23ca39fcf0e44fa270e6e4d6a1341261e22b2abfbc789ec2875a29009248b
2287,2026-08-03,23.13,23.48,22.97,23.48,190351,4433570.16,,,,render_normalized,tasi_2026-08-03_2026-08-03_20260803T153021496139Z,4b0f0fa9c3b343cf96fecea13101ae13ad2a21806fd55533770061ac5bb0689d
2287,2026-08-04,23.5,23.9,23.4,23.79,177961,4209810.46,,,,render_normalized,tasi_2026-08-04_2026-08-04_20260804T153023696814Z,32de4882671eec0a9062962d0f5591f8e56969b134d0070652d21718d4563e66
2287,2026-08-05,23.7,23.75,23.45,23.7,189387,4473404.57,,,,render_normalized,tasi_2026-08-05_2026-08-05_20260805T153024437012Z,9fd93f225e2663ef72017465f1af6b5bb1e9f620c1b69c07a1f0fd54b850091a
2287,2026-08-06,23.84,23.84,23.4,23.59,116258,2735694.72,,,,render_normalized,tasi_2026-08-06_2026-08-06_20260806T153021501965Z,6ff377152d0ead67e84f33bc0daa618a818145aa8e2f551c9273431d88ac3851
2287,2026-08-09,23.64,24.5,22.81,22.91,674460,15698360.92,,,,render_normalized,tasi_2026-08-07_2026-08-09_20260809T153020287151Z,d7eb763bea83ef8684d027dfe3fb0fb7c951f2a9c34d7e37300eab6704449ed3
2287,2026-08-10,22.92,23.04,22.44,22.99,198770,4542846.06,,,,render_normalized,tasi_2026-08-10_2026-08-10_20260810T153020102570Z,84d11a25e4f1e5c1fd93cef767caa7b24135f07229eeaeab08169c657f7b53de
2287,2026-08-11,23.06,23.2,22.82,22.95,157352,3620524.98,,,,render_normalized,tasi_2026-08-11_2026-08-11_20260811T153022011718Z,2ca6395fd3fcc72ba670e2961883e5c743cbb0e78c08f0ae926df09c31320865
2287,2026-08-12,22.8,23.02,22.8,23.02,102119,2338727.93,,,,render_normalized,tasi_2026-08-12_2026-08-12_20260812T153021905708Z,8862a2d01571a3c9a9cdaef7d6c4c85e805809ad63506c8d9042aff3fa53b579
2287,2026-08-13,23.15,23.15,22.8,22.8,103892,2380785.81,,,,render_normalized,tasi_2026-08-13_2026-08-13_20260813T153020777659Z,e0b6e7e97827824585b899f3f5ae2a43f595aeae92435da9a370d3df14b68b99
2287,2026-08-16,22.85,23.0,22.85,22.94,87933,2016776.42,,,,render_normalized,tasi_2026-08-14_2026-08-16_20260816T153020395457Z,5392abdf5e4a97362d33f1f6287bf2bc003c7d4bb43d28918b8aa095af9310d7
2287,2026-08-17,22.94,23.35,22.94,23.12,304814,7043121.99,,,,render_normalized,tasi_2026-08-17_2026-08-17_20260817T153022794323Z,56ab1200186f32f6bf2b699463f355510bc0a3da931f38c90816013f38a2eaf0
2287,2026-08-18,23.16,23.98,23.0,23.16,723498,16980213.85,,,,render_normalized,tasi_2026-08-18_2026-08-18_20260818T153020653358Z,1cfd844fc98ba7ee716337d459294e8e314daaa0f85480a8e110399f3a6b856d
2287,2026-08-19,23.16,23.4,22.9,23.0,200238,4607222.26,,,,render_normalized,tasi_2026-08-19_2026-08-19_20260819T153022440747Z,c9f50859d8825bb8e17dc890cb696be42681eb6c5d61b3749a33257a86f3517b
2287,2026-08-20,23.09,23.34,23.0,23.22,180453,4181797.16,,,,render_normalized,tasi_2026-08-20_2026-08-28_20260827T215758538311Z,7a00d373848e778f83c80f1777575ad48a6a4c0c192fe2e6a4123b56ae26cdee
2287,2026-08-23,23.26,23.91,23.26,23.3,389246,9200104.69,,,,render_normalized,tasi_2026-08-20_2026-08-28_20260827T215758538311Z,7a00d373848e778f83c80f1777575ad48a6a4c0c192fe2e6a4123b56ae26cdee
2287,2026-08-24,23.32,23.68,23.27,23.58,254542,5985139.3,,,,render_normalized,tasi_2026-08-20_2026-08-28_20260827T215758538311Z,7a00d373848e778f83c80f1777575ad48a6a4c0c192fe2e6a4123b56ae26cdee
2287,2026-08-25,23.58,23.98,23.4,23.45,283296,6675518.25,,,,render_normalized,tasi_2026-08-20_2026-08-28_20260827T215758538311Z,7a00d373848e778f83c80f1777575ad48a6a4c0c192fe2e6a4123b56ae26cdee
2287,2026-08-26,23.45,23.6,23.24,23.38,162570,3803086.58,,,,render_normalized,tasi_2026-08-20_2026-08-28_20260827T215758538311Z,7a00d373848e778f83c80f1777575ad48a6a4c0c192fe2e6a4123b56ae26cdee
2287,2026-08-27,23.3,23.48,23.2,23.41,95939,2239174.87,,,,render_normalized,tasi_2026-08-20_2026-08-28_20260827T215758538311Z,7a00d373848e778f83c80f1777575ad48a6a4c0c192fe2e6a4123b56ae26cdee
2287,2026-08-30,23.42,23.44,23.14,23.15,137567,3198199.64,,,,render_normalized,tasi_2026-08-29_2026-08-30_20260830T153021490619Z,40f2932d214f44ed867e412ffba0369130210869179423e6eadc9f965765cdba
2287,2026-08-31,23.15,23.2,22.84,23.0,149775,3445451.18,,,,render_normalized,tasi_2026-08-31_2026-08-31_20260831T153022596960Z,374b46eb50c52f8fd4d5c98f4b7cf8e0c79e078fd621a4b30f58d5382471b4af
2288,2026-08-02,6.2,6.41,6.2,6.27,41849,264131.82,,,,render_normalized,tasi_2026-07-31_2026-08-02_20260802T153020127593Z,2eb23ca39fcf0e44fa270e6e4d6a1341261e22b2abfbc789ec2875a29009248b
2288,2026-08-03,6.29,6.4,6.28,6.32,41103,260997.13,,,,render_normalized,tasi_2026-08-03_2026-08-03_20260803T153021496139Z,4b0f0fa9c3b343cf96fecea13101ae13ad2a21806fd55533770061ac5bb0689d
2288,2026-08-04,6.45,6.45,6.34,6.37,38903,248277.55,,,,render_normalized,tasi_2026-08-04_2026-08-04_20260804T153023696814Z,32de4882671eec0a9062962d0f5591f8e56969b134d0070652d21718d4563e66
2288,2026-08-05,6.49,6.49,6.31,6.38,29356,188270.08,,,,render_normalized,tasi_2026-08-05_2026-08-05_20260805T153024437012Z,9fd93f225e2663ef72017465f1af6b5bb1e9f620c1b69c07a1f0fd54b850091a
2288,2026-08-06,6.35,6.35,6.19,6.19,43513,272301.27,,,,render_normalized,tasi_2026-08-06_2026-08-06_20260806T153021501965Z,6ff377152d0ead67e84f33bc0daa618a818145aa8e2f551c9273431d88ac3851
2288,2026-08-09,6.19,6.2,6.06,6.12,78057,477028.3,,,,render_normalized,tasi_2026-08-07_2026-08-09_20260809T153020287151Z,d7eb763bea83ef8684d027dfe3fb0fb7c951f2a9c34d7e37300eab6704449ed3
2288,2026-08-10,6.11,6.13,6.04,6.06,56756,344581.0,,,,render_normalized,tasi_2026-08-10_2026-08-10_20260810T153020102570Z,84d11a25e4f1e5c1fd93cef767caa7b24135f07229eeaeab08169c657f7b53de
2288,2026-08-11,6.06,6.06,5.9,5.94,159995,952299.11,,,,render_normalized,tasi_2026-08-11_2026-08-11_20260811T153022011718Z,2ca6395fd3fcc72ba670e2961883e5c743cbb0e78c08f0ae926df09c31320865
2288,2026-08-12,5.95,5.98,5.9,5.9,28974,171651.79,,,,render_normalized,tasi_2026-08-12_2026-08-12_20260812T153021905708Z,8862a2d01571a3c9a9cdaef7d6c4c85e805809ad63506c8d9042aff3fa53b579
2288,2026-08-13,5.96,5.96,5.77,5.88,146963,854293.68,,,,render_normalized,tasi_2026-08-13_2026-08-13_20260813T153020777659Z,e0b6e7e97827824585b899f3f5ae2a43f595aeae92435da9a370d3df14b68b99
2288,2026-08-16,5.9,6.06,5.85,5.88,84324,499478.36,,,,render_normalized,tasi_2026-08-14_2026-08-16_20260816T153020395457Z,5392abdf5e4a97362d33f1f6287bf2bc003c7d4bb43d28918b8aa095af9310d7
2288,2026-08-17,5.88,5.94,5.8,5.9,60718,356896.97,,,,render_normalized,tasi_2026-08-17_2026-08-17_20260817T153022794323Z,56ab1200186f32f6bf2b699463f355510bc0a3da931f38c90816013f38a2eaf0
2288,2026-08-18,5.95,5.95,5.85,5.92,77419,456732.91,,,,render_normalized,tasi_2026-08-18_2026-08-18_20260818T153020653358Z,1cfd844fc98ba7ee716337d459294e8e314daaa0f85480a8e110399f3a6b856d
2288,2026-08-19,5.92,6.0,5.91,5.99,64540,386519.98,,,,render_normalized,tasi_2026-08-19_2026-08-19_20260819T153022440747Z,c9f50859d8825bb8e17dc890cb696be42681eb6c5d61b3749a33257a86f3517b
2288,2026-08-20,5.99,6.37,5.99,6.2,474774,2939884.59,,,,render_normalized,tasi_2026-08-20_2026-08-28_20260827T215758538311Z,7a00d373848e778f83c80f1777575ad48a6a4c0c192fe2e6a4123b56ae26cdee
2288,2026-08-23,6.22,6.35,6.22,6.32,199170,1254171.84,,,,render_normalized,tasi_2026-08-20_2026-08-28_20260827T215758538311Z,7a00d373848e778f83c80f1777575ad48a6a4c0c192fe2e6a4123b56ae26cdee
2288,2026-08-24,6.36,6.36,6.25,6.31,145246,912898.42,,,,render_normalized,tasi_2026-08-20_2026-08-28_20260827T215758538311Z,7a00d373848e778f83c80f1777575ad48a6a4c0c192fe2e6a4123b56ae26cdee
2288,2026-08-25,6.26,6.32,6.25,6.29,64958,408384.69,,,,render_normalized,tasi_2026-08-20_2026-08-28_20260827T215758538311Z,7a00d373848e778f83c80f1777575ad48a6a4c0c192fe2e6a4123b56ae26cdee
2288,2026-08-26,6.26,6.32,6.23,6.26,95155,596461.47,,,,render_normalized,tasi_2026-08-20_2026-08-28_20260827T215758538311Z,7a00d373848e778f83c80f1777575ad48a6a4c0c192fe2e6a4123b56ae26cdee
2288,2026-08-27,6.26,6.31,6.22,6.24,47969,299941.64,,,,render_normalized,tasi_2026-08-20_2026-08-28_20260827T215758538311Z,7a00d373848e778f83c80f1777575ad48a6a4c0c192fe2e6a4123b56ae26cdee
2288,2026-08-30,6.21,6.3,6.21,6.22,15642,97549.64,,,,render_normalized,tasi_2026-08-29_2026-08-30_20260830T153021490619Z,40f2932d214f44ed867e412ffba0369130210869179423e6eadc9f965765cdba
2288,2026-08-31,6.22,6.3,6.11,6.15,87191,538888.43,,,,render_normalized,tasi_2026-08-31_2026-08-31_20260831T153022596960Z,374b46eb50c52f8fd4d5c98f4b7cf8e0c79e078fd621a4b30f58d5382471b4af
2290,2026-08-02,30.5,30.7,30.0,30.4,620036,18810209.12,,,,render_normalized,tasi_2026-07-31_2026-08-02_20260802T153020127593Z,2eb23ca39fcf0e44fa270e6e4d6a1341261e22b2abfbc789ec2875a29009248b
2290,2026-08-03,30.4,31.44,30.3,31.0,1171967,36253726.4,,,,render_normalized,tasi_2026-08-03_2026-08-03_20260803T153021496139Z,4b0f0fa9c3b343cf96fecea13101ae13ad2a21806fd55533770061ac5bb0689d
2290,2026-08-04,31.0,31.66,30.98,31.3,797946,24982494.68,,,,render_normalized,tasi_2026-08-04_2026-08-04_20260804T153023696814Z,32de4882671eec0a9062962d0f5591f8e56969b134d0070652d21718d4563e66
2290,2026-08-05,31.6,31.6,30.74,30.74,639623,19820092.1,,,,render_normalized,tasi_2026-08-05_2026-08-05_20260805T153024437012Z,9fd93f225e2663ef72017465f1af6b5bb1e9f620c1b69c07a1f0fd54b850091a
2290,2026-08-06,30.86,30.86,29.84,29.9,926854,27984458.9,,,,render_normalized,tasi_2026-08-06_2026-08-06_20260806T153021501965Z,6ff377152d0ead67e84f33bc0daa618a818145aa8e2f551c9273431d88ac3851
2290,2026-08-09,29.9,30.1,29.78,30.02,283192,8479736.08,,,,render_normalized,tasi_2026-08-07_2026-08-09_20260809T153020287151Z,d7eb763bea83ef8684d027dfe3fb0fb7c951f2a9c34d7e37300eab6704449ed3
2290,2026-08-10,30.0,30.46,29.92,30.3,689465,20835165.84,,,,render_normalized,tasi_2026-08-10_2026-08-10_20260810T153020102570Z,84d11a25e4f1e5c1fd93cef767caa7b24135f07229eeaeab08169c657f7b53de
2290,2026-08-11,30.3,30.56,30.1,30.48,631234,19170353.58,,,,render_normalized,tasi_2026-08-11_2026-08-11_20260811T153022011718Z,2ca6395fd3fcc72ba670e2961883e5c743cbb0e78c08f0ae926df09c31320865
2290,2026-08-12,30.5,31.1,30.48,31.0,627329,19369502.72,,,,render_normalized,tasi_2026-08-12_2026-08-12_20260812T153021905708Z,8862a2d01571a3c9a9cdaef7d6c4c85e805809ad63506c8d9042aff3fa53b579
2290,2026-08-13,30.96,31.08,30.66,31.06,361481,11157058.42,,,,render_normalized,tasi_2026-08-13_2026-08-13_20260813T153020777659Z,e0b6e7e97827824585b899f3f5ae2a43f595aeae92435da9a370d3df14b68b99
2290,2026-08-16,31.06,31.44,31.0,31.32,320723,10030733.9,,,,render_normalized,tasi_2026-08-14_2026-08-16_20260816T153020395457Z,5392abdf5e4a97362d33f1f6287bf2bc003c7d4bb43d28918b8aa095af9310d7
2290,2026-08-17,31.54,32.9,31.28,32.56,1465348,47234549.78,,,,render_normalized,tasi_2026-08-17_2026-08-17_20260817T153022794323Z,56ab1200186f32f6bf2b699463f355510bc0a3da931f38c90816013f38a2eaf0
2290,2026-08-18,32.56,32.9,32.44,32.82,445803,14565815.54,,,,render_normalized,tasi_2026-08-18_2026-08-18_20260818T153020653358Z,1cfd844fc98ba7ee716337d459294e8e314daaa0f85480a8e110399f3a6b856d
2290,2026-08-19,32.8,32.94,32.18,32.46,618594,20036940.06,,,,render_normalized,tasi_2026-08-19_2026-08-19_20260819T153022440747Z,c9f50859d8825bb8e17dc890cb696be42681eb6c5d61b3749a33257a86f3517b
2290,2026-08-20,32.22,32.64,32.22,32.48,370008,11998847.62,,,,render_normalized,tasi_2026-08-20_2026-08-28_20260827T215758538311Z,7a00d373848e778f83c80f1777575ad48a6a4c0c192fe2e6a4123b56ae26cdee
2290,2026-08-23,32.5,33.6,32.5,33.54,750259,24910225.62,,,,render_normalized,tasi_2026-08-20_2026-08-28_20260827T215758538311Z,7a00d373848e778f83c80f1777575ad48a6a4c0c192fe2e6a4123b56ae26cdee
2290,2026-08-24,33.6,34.58,33.58,34.3,1434414,49036668.24,,,,render_normalized,tasi_2026-08-20_2026-08-28_20260827T215758538311Z,7a00d373848e778f83c80f1777575ad48a6a4c0c192fe2e6a4123b56ae26cdee
2290,2026-08-25,34.48,34.86,33.9,33.98,875697,30106926.2,,,,render_normalized,tasi_2026-08-20_2026-08-28_20260827T215758538311Z,7a00d373848e778f83c80f1777575ad48a6a4c0c192fe2e6a4123b56ae26cdee
2290,2026-08-26,33.86,33.98,33.62,33.68,523146,17686058.24,,,,render_normalized,tasi_2026-08-20_2026-08-28_20260827T215758538311Z,7a00d373848e778f83c80f1777575ad48a6a4c0c192fe2e6a4123b56ae26cdee
2290,2026-08-27,33.74,34.14,33.72,34.1,381642,12976065.68,,,,render_normalized,tasi_2026-08-20_2026-08-28_20260827T215758538311Z,7a00d373848e778f83c80f1777575ad48a6a4c0c192fe2e6a4123b56ae26cdee
2290,2026-08-30,34.02,34.38,34.02,34.04,222406,7592065.16,,,,render_normalized,tasi_2026-08-29_2026-08-30_20260830T153021490619Z,40f2932d214f44ed867e412ffba0369130210869179423e6eadc9f965765cdba
2290,2026-08-31,34.0,34.38,33.98,33.98,736583,25086222.66,,,,render_normalized,tasi_2026-08-31_2026-08-31_20260831T153022596960Z,374b46eb50c52f8fd4d5c98f4b7cf8e0c79e078fd621a4b30f58d5382471b4af
2300,2026-08-02,68.9,70.55,66.5,67.5,174572,11961223.55,,,,render_normalized,tasi_2026-07-31_2026-08-02_20260802T153020127593Z,2eb23ca39fcf0e44fa270e6e4d6a1341261e22b2abfbc789ec2875a29009248b
2300,2026-08-03,67.95,69.4,67.7,67.95,123932,8482713.05,,,,render_normalized,tasi_2026-08-03_2026-08-03_20260803T153021496139Z,4b0f0fa9c3b343cf96fecea13101ae13ad2a21806fd55533770061ac5bb0689d
2300,2026-08-04,68.4,69.75,67.0,69.0,235282,16200941.3,,,,render_normalized,tasi_2026-08-04_2026-08-04_20260804T153023696814Z,32de4882671eec0a9062962d0f5591f8e56969b134d0070652d21718d4563e66
2300,2026-08-05,69.7,70.5,67.55,68.95,263417,18231127.95,,,,render_normalized,tasi_2026-08-05_2026-08-05_20260805T153024437012Z,9fd93f225e2663ef72017465f1af6b5bb1e9f620c1b69c07a1f0fd54b850091a
2300,2026-08-06,70.0,70.0,67.0,67.35,271707,18447686.25,,,,render_normalized,tasi_2026-08-06_2026-08-06_20260806T153021501965Z,6ff377152d0ead67e84f33bc0daa618a818145aa8e2f551c9273431d88ac3851
2300,2026-08-09,67.35,67.95,64.75,64.85,125260,8260580.85,,,,render_normalized,tasi_2026-08-07_2026-08-09_20260809T153020287151Z,d7eb763bea83ef8684d027dfe3fb0fb7c951f2a9c34d7e37300eab6704449ed3
2300,2026-08-10,65.0,66.2,64.65,64.65,88730,5788029.65,,,,render_normalized,tasi_2026-08-10_2026-08-10_20260810T153020102570Z,84d11a25e4f1e5c1fd93cef767caa7b24135f07229eeaeab08169c657f7b53de
2300,2026-08-11,64.65,64.9,62.4,62.8,208824,13217764.45,,,,render_normalized,tasi_2026-08-11_2026-08-11_20260811T153022011718Z,2ca6395fd3fcc72ba670e2961883e5c743cbb0e78c08f0ae926df09c31320865
2300,2026-08-12,62.8,63.55,62.1,62.25,107363,6727574.05,,,,render_normalized,tasi_2026-08-12_2026-08-12_20260812T153021905708Z,8862a2d01571a3c9a9cdaef7d6c4c85e805809ad63506c8d9042aff3fa53b579
2300,2026-08-13,62.3,65.3,60.9,61.5,470560,29642231.0,,,,render_normalized,tasi_2026-08-13_2026-08-13_20260813T153020777659Z,e0b6e7e97827824585b899f3f5ae2a43f595aeae92435da9a370d3df14b68b99
2300,2026-08-16,62.0,62.95,61.65,62.75,115227,7160631.9,,,,render_normalized,tasi_2026-08-14_2026-08-16_20260816T153020395457Z,5392abdf5e4a97362d33f1f6287bf2bc003c7d4bb43d28918b8aa095af9310d7
2300,2026-08-17,63.0,63.6,61.85,62.7,175259,10981132.6,,,,render_normalized,tasi_2026-08-17_2026-08-17_20260817T153022794323Z,56ab1200186f32f6bf2b699463f355510bc0a3da931f38c90816013f38a2eaf0
2300,2026-08-18,62.75,63.0,62.0,62.2,38523,2404845.75,,,,render_normalized,tasi_2026-08-18_2026-08-18_20260818T153020653358Z,1cfd844fc98ba7ee716337d459294e8e314daaa0f85480a8e110399f3a6b856d
2300,2026-08-19,62.6,63.5,62.2,62.85,87777,5516917.0,,,,render_normalized,tasi_2026-08-19_2026-08-19_20260819T153022440747Z,c9f50859d8825bb8e17dc890cb696be42681eb6c5d61b3749a33257a86f3517b
2300,2026-08-20,62.8,62.8,61.0,61.25,114752,7082316.9,,,,render_normalized,tasi_2026-08-20_2026-08-28_20260827T215758538311Z,7a00d373848e778f83c80f1777575ad48a6a4c0c192fe2e6a4123b56ae26cdee
2300,2026-08-23,61.65,63.95,61.35,63.35,155456,9802607.15,,,,render_normalized,tasi_2026-08-20_2026-08-28_20260827T215758538311Z,7a00d373848e778f83c80f1777575ad48a6a4c0c192fe2e6a4123b56ae26cdee
2300,2026-08-24,63.35,64.05,63.0,63.7,155401,9881989.95,,,,render_normalized,tasi_2026-08-20_2026-08-28_20260827T215758538311Z,7a00d373848e778f83c80f1777575ad48a6a4c0c192fe2e6a4123b56ae26cdee
2300,2026-08-25,63.3,64.65,62.75,63.5,115318,7346796.55,,,,render_normalized,tasi_2026-08-20_2026-08-28_20260827T215758538311Z,7a00d373848e778f83c80f1777575ad48a6a4c0c192fe2e6a4123b56ae26cdee
2300,2026-08-26,64.0,65.5,63.1,64.9,241379,15557549.65,,,,render_normalized,tasi_2026-08-20_2026-08-28_20260827T215758538311Z,7a00d373848e778f83c80f1777575ad48a6a4c0c192fe2e6a4123b56ae26cdee
2300,2026-08-27,64.95,65.45,64.45,65.0,151811,9839750.9,,,,render_normalized,tasi_2026-08-20_2026-08-28_20260827T215758538311Z,7a00d373848e778f83c80f1777575ad48a6a4c0c192fe2e6a4123b56ae26cdee
2300,2026-08-30,65.5,65.5,63.35,63.5,72118,4602575.3,,,,render_normalized,tasi_2026-08-29_2026-08-30_20260830T153021490619Z,40f2932d214f44ed867e412ffba0369130210869179423e6eadc9f965765cdba
2300,2026-08-31,65.0,68.4,63.45,66.0,780950,51802579.4,,,,render_normalized,tasi_2026-08-31_2026-08-31_20260831T153022596960Z,374b46eb50c52f8fd4d5c98f4b7cf8e0c79e078fd621a4b30f58d5382471b4af
2310,2026-08-02,12.85,13.08,12.66,12.94,1057070,13635439.3,,,,render_normalized,tasi_2026-07-31_2026-08-02_20260802T153020127593Z,2eb23ca39fcf0e44fa270e6e4d6a1341261e22b2abfbc789ec2875a29009248b
2310,2026-08-03,12.95,13.24,12.95,13.24,1546351,20346041.62,,,,render_normalized,tasi_2026-08-03_2026-08-03_20260803T153021496139Z,4b0f0fa9c3b343cf96fecea13101ae13ad2a21806fd55533770061ac5bb0689d
2310,2026-08-04,13.24,13.36,13.1,13.24,1601655,21182235.89,,,,render_normalized,tasi_2026-08-04_2026-08-04_20260804T153023696814Z,32de4882671eec0a9062962d0f5591f8e56969b134d0070652d21718d4563e66
2310,2026-08-05,13.24,13.4,13.18,13.28,1035594,13717858.57,,,,render_normalized,tasi_2026-08-05_2026-08-05_20260805T153024437012Z,9fd93f225e2663ef72017465f1af6b5bb1e9f620c1b69c07a1f0fd54b850091a
2310,2026-08-06,13.28,13.28,12.95,13.01,1487412,19408861.84,,,,render_normalized,tasi_2026-08-06_2026-08-06_20260806T153021501965Z,6ff377152d0ead67e84f33bc0daa618a818145aa8e2f551c9273431d88ac3851
2310,2026-08-09,13.05,13.07,12.95,13.0,710581,9244692.83,,,,render_normalized,tasi_2026-08-07_2026-08-09_20260809T153020287151Z,d7eb763bea83ef8684d027dfe3fb0fb7c951f2a9c34d7e37300eab6704449ed3
2310,2026-08-10,12.98,13.26,12.98,13.2,953107,12539493.16,,,,render_normalized,tasi_2026-08-10_2026-08-10_20260810T153020102570Z,84d11a25e4f1e5c1fd93cef767caa7b24135f07229eeaeab08169c657f7b53de
2310,2026-08-11,13.2,13.34,13.12,13.21,1056015,14000221.41,,,,render_normalized,tasi_2026-08-11_2026-08-11_20260811T153022011718Z,2ca6395fd3fcc72ba670e2961883e5c743cbb0e78c08f0ae926df09c31320865
2310,2026-08-12,13.2,13.27,13.12,13.12,780553,10291262.1,,,,render_normalized,tasi_2026-08-12_2026-08-12_20260812T153021905708Z,8862a2d01571a3c9a9cdaef7d6c4c85e805809ad63506c8d9042aff3fa53b579
2310,2026-08-13,13.12,13.15,13.05,13.12,593143,7769355.85,,,,render_normalized,tasi_2026-08-13_2026-08-13_20260813T153020777659Z,e0b6e7e97827824585b899f3f5ae2a43f595aeae92435da9a370d3df14b68b99
2310,2026-08-16,13.15,13.4,13.15,13.22,602864,8011092.22,,,,render_normalized,tasi_2026-08-14_2026-08-16_20260816T153020395457Z,5392abdf5e4a97362d33f1f6287bf2bc003c7d4bb43d28918b8aa095af9310d7
2310,2026-08-17,13.21,13.47,13.17,13.43,1012411,13523778.67,,,,render_normalized,tasi_2026-08-17_2026-08-17_20260817T153022794323Z,56ab1200186f32f6bf2b699463f355510bc0a3da931f38c90816013f38a2eaf0
2310,2026-08-18,13.46,13.62,13.24,13.3,1650756,22173039.1,,,,render_normalized,tasi_2026-08-18_2026-08-18_20260818T153020653358Z,1cfd844fc98ba7ee716337d459294e8e314daaa0f85480a8e110399f3a6b856d
2310,2026-08-19,13.28,13.38,13.13,13.14,645143,8520510.35,,,,render_normalized,tasi_2026-08-19_2026-08-19_20260819T153022440747Z,c9f50859d8825bb8e17dc890cb696be42681eb6c5d61b3749a33257a86f3517b
2310,2026-08-20,13.13,13.18,13.05,13.18,1562243,20496465.6,,,,render_normalized,tasi_2026-08-20_2026-08-28_20260827T215758538311Z,7a00d373848e778f83c80f1777575ad48a6a4c0c192fe2e6a4123b56ae26cdee
2310,2026-08-23,13.25,13.38,13.18,13.35,1278476,17008201.02,,,,render_normalized,tasi_2026-08-20_2026-08-28_20260827T215758538311Z,7a00d373848e778f83c80f1777575ad48a6a4c0c192fe2e6a4123b56ae26cdee
2310,2026-08-24,13.36,13.65,13.32,13.6,2275686,30768927.84,,,,render_normalized,tasi_2026-08-20_2026-08-28_20260827T215758538311Z,7a00d373848e778f83c80f1777575ad48a6a4c0c192fe2e6a4123b56ae26cdee
2310,2026-08-25,13.65,13.65,13.35,13.35,1683708,22646180.88,,,,render_normalized,tasi_2026-08-20_2026-08-28_20260827T215758538311Z,7a00d373848e778f83c80f1777575ad48a6a4c0c192fe2e6a4123b56ae26cdee
2310,2026-08-26,13.34,13.5,13.29,13.49,1134479,15185891.25,,,,render_normalized,tasi_2026-08-20_2026-08-28_20260827T215758538311Z,7a00d373848e778f83c80f1777575ad48a6a4c0c192fe2e6a4123b56ae26cdee
2310,2026-08-27,13.47,13.54,13.44,13.46,1092491,14736469.94,,,,render_normalized,tasi_2026-08-20_2026-08-28_20260827T215758538311Z,7a00d373848e778f83c80f1777575ad48a6a4c0c192fe2e6a4123b56ae26cdee
2310,2026-08-30,13.46,13.54,13.4,13.43,560224,7542328.19,,,,render_normalized,tasi_2026-08-29_2026-08-30_20260830T153021490619Z,40f2932d214f44ed867e412ffba0369130210869179423e6eadc9f965765cdba
2310,2026-08-31,13.47,13.47,13.2,13.21,2029911,26983423.62,,,,render_normalized,tasi_2026-08-31_2026-08-31_20260831T153022596960Z,374b46eb50c52f8fd4d5c98f4b7cf8e0c79e078fd621a4b30f58d5382471b4af
2320,2026-08-02,53.05,56.25,52.9,55.7,664697,36610781.3,,,,render_normalized,tasi_2026-07-31_2026-08-02_20260802T153020127593Z,2eb23ca39fcf0e44fa270e6e4d6a1341261e22b2abfbc789ec2875a29009248b
2320,2026-08-03,55.7,56.2,54.65,55.75,520255,28929672.2,,,,render_normalized,tasi_2026-08-03_2026-08-03_20260803T153021496139Z,4b0f0fa9c3b343cf96fecea13101ae13ad2a21806fd55533770061ac5bb0689d
2320,2026-08-04,55.75,57.65,55.55,57.25,910710,51779623.65,,,,render_normalized,tasi_2026-08-04_2026-08-04_20260804T153023696814Z,32de4882671eec0a9062962d0f5591f8e56969b134d0070652d21718d4563e66
2320,2026-08-05,57.25,59.45,56.95,59.45,905373,52892379.85,,,,render_normalized,tasi_2026-08-05_2026-08-05_20260805T153024437012Z,9fd93f225e2663ef72017465f1af6b5bb1e9f620c1b69c07a1f0fd54b850091a
2320,2026-08-06,65.3,65.3,60.5,60.65,3021416,187755304.75,,,,render_normalized,tasi_2026-08-06_2026-08-06_20260806T153021501965Z,6ff377152d0ead67e84f33bc0daa618a818145aa8e2f551c9273431d88ac3851
2320,2026-08-09,60.95,61.6,60.05,60.5,447472,27215953.55,,,,render_normalized,tasi_2026-08-07_2026-08-09_20260809T153020287151Z,d7eb763bea83ef8684d027dfe3fb0fb7c951f2a9c34d7e37300eab6704449ed3
2320,2026-08-10,60.7,61.45,59.55,60.7,998079,60402547.4,,,,render_normalized,tasi_2026-08-10_2026-08-10_20260810T153020102570Z,84d11a25e4f1e5c1fd93cef767caa7b24135f07229eeaeab08169c657f7b53de
2320,2026-08-11,60.95,61.4,59.7,60.15,704389,42531250.45,,,,render_normalized,tasi_2026-08-11_2026-08-11_20260811T153022011718Z,2ca6395fd3fcc72ba670e2961883e5c743cbb0e78c08f0ae926df09c31320865
2320,2026-08-12,60.3,60.3,58.6,58.6,992267,58793692.75,,,,render_normalized,tasi_2026-08-12_2026-08-12_20260812T153021905708Z,8862a2d01571a3c9a9cdaef7d6c4c85e805809ad63506c8d9042aff3fa53b579
2320,2026-08-13,58.75,59.2,58.3,58.85,654734,38446295.0,,,,render_normalized,tasi_2026-08-13_2026-08-13_20260813T153020777659Z,e0b6e7e97827824585b899f3f5ae2a43f595aeae92435da9a370d3df14b68b99
2320,2026-08-16,59.55,61.2,59.25,61.2,509735,30769955.3,,,,render_normalized,tasi_2026-08-14_2026-08-16_20260816T153020395457Z,5392abdf5e4a97362d33f1f6287bf2bc003c7d4bb43d28918b8aa095af9310d7
2320,2026-08-17,61.2,61.2,59.4,59.5,691696,41521994.05,,,,render_normalized,tasi_2026-08-17_2026-08-17_20260817T153022794323Z,56ab1200186f32f6bf2b699463f355510bc0a3da931f38c90816013f38a2eaf0
2320,2026-08-18,59.5,59.6,58.45,59.0,663485,39224474.6,,,,render_normalized,tasi_2026-08-18_2026-08-18_20260818T153020653358Z,1cfd844fc98ba7ee716337d459294e8e314daaa0f85480a8e110399f3a6b856d
2320,2026-08-19,58.75,59.05,58.2,58.3,397411,23263806.8,,,,render_normalized,tasi_2026-08-19_2026-08-19_20260819T153022440747Z,c9f50859d8825bb8e17dc890cb696be42681eb6c5d61b3749a33257a86f3517b
2320,2026-08-20,58.25,59.1,58.25,59.0,506715,29791945.25,,,,render_normalized,tasi_2026-08-20_2026-08-28_20260827T215758538311Z,7a00d373848e778f83c80f1777575ad48a6a4c0c192fe2e6a4123b56ae26cdee
2320,2026-08-23,59.5,59.9,59.0,59.45,380385,22617266.4,,,,render_normalized,tasi_2026-08-20_2026-08-28_20260827T215758538311Z,7a00d373848e778f83c80f1777575ad48a6a4c0c192fe2e6a4123b56ae26cdee
2320,2026-08-24,59.8,60.35,59.45,59.7,474131,28426440.3,,,,render_normalized,tasi_2026-08-20_2026-08-28_20260827T215758538311Z,7a00d373848e778f83c80f1777575ad48a6a4c0c192fe2e6a4123b56ae26cdee
2320,2026-08-25,59.7,60.9,59.45,59.85,709063,42608443.75,,,,render_normalized,tasi_2026-08-20_2026-08-28_20260827T215758538311Z,7a00d373848e778f83c80f1777575ad48a6a4c0c192fe2e6a4123b56ae26cdee
2320,2026-08-26,59.95,60.55,59.6,60.05,719604,43225913.75,,,,render_normalized,tasi_2026-08-20_2026-08-28_20260827T215758538311Z,7a00d373848e778f83c80f1777575ad48a6a4c0c192fe2e6a4123b56ae26cdee
2320,2026-08-27,60.2,62.4,60.2,62.25,1161785,71410691.1,,,,render_normalized,tasi_2026-08-20_2026-08-28_20260827T215758538311Z,7a00d373848e778f83c80f1777575ad48a6a4c0c192fe2e6a4123b56ae26cdee
2320,2026-08-30,63.0,64.0,61.45,61.45,1387404,87141978.75,,,,render_normalized,tasi_2026-08-29_2026-08-30_20260830T153021490619Z,40f2932d214f44ed867e412ffba0369130210869179423e6eadc9f965765cdba
2320,2026-08-31,61.0,62.0,60.55,61.7,775361,47596786.1,,,,render_normalized,tasi_2026-08-31_2026-08-31_20260831T153022596960Z,374b46eb50c52f8fd4d5c98f4b7cf8e0c79e078fd621a4b30f58d5382471b4af
2330,2026-08-02,22.0,22.42,21.93,22.26,267201,5935587.43,,,,render_normalized,tasi_2026-07-31_2026-08-02_20260802T153020127593Z,2eb23ca39fcf0e44fa270e6e4d6a1341261e22b2abfbc789ec2875a29009248b
2330,2026-08-03,22.3,23.14,22.22,23.0,684375,15653491.39,,,,render_normalized,tasi_2026-08-03_2026-08-03_20260803T153021496139Z,4b0f0fa9c3b343cf96fecea13101ae13ad2a21806fd55533770061ac5bb0689d
2330,2026-08-04,22.9,23.44,22.88,23.42,517346,12025141.95,,,,render_normalized,tasi_2026-08-04_2026-08-04_20260804T153023696814Z,32de4882671eec0a9062962d0f5591f8e56969b134d0070652d21718d4563e66
2330,2026-08-05,23.42,23.68,23.13,23.46,916578,21467528.62,,,,render_normalized,tasi_2026-08-05_2026-08-05_20260805T153024437012Z,9fd93f225e2663ef72017465f1af6b5bb1e9f620c1b69c07a1f0fd54b850091a
2330,2026-08-06,23.29,23.4,22.8,22.84,497707,11470466.93,,,,render_normalized,tasi_2026-08-06_2026-08-06_20260806T153021501965Z,6ff377152d0ead67e84f33bc0daa618a818145aa8e2f551c9273431d88ac3851
2330,2026-08-09,22.84,23.38,22.69,23.12,414806,9616797.67,,,,render_normalized,tasi_2026-08-07_2026-08-09_20260809T153020287151Z,d7eb763bea83ef8684d027dfe3fb0fb7c951f2a9c34d7e37300eab6704449ed3
2330,2026-08-10,23.14,24.36,23.1,24.28,1132086,27207730.18,,,,render_normalized,tasi_2026-08-10_2026-08-10_20260810T153020102570Z,84d11a25e4f1e5c1fd93cef767caa7b24135f07229eeaeab08169c657f7b53de
2330,2026-08-11,24.22,24.28,23.93,24.28,263479,6367302.77,,,,render_normalized,tasi_2026-08-11_2026-08-11_20260811T153022011718Z,2ca6395fd3fcc72ba670e2961883e5c743cbb0e78c08f0ae926df09c31320865
2330,2026-08-12,24.28,24.54,24.1,24.21,634953,15462129.34,,,,render_normalized,tasi_2026-08-12_2026-08-12_20260812T153021905708Z,8862a2d01571a3c9a9cdaef7d6c4c85e805809ad63506c8d9042aff3fa53b579
2330,2026-08-13,24.21,24.37,23.93,24.0,192495,4637789.14,,,,render_normalized,tasi_2026-08-13_2026-08-13_20260813T153020777659Z,e0b6e7e97827824585b899f3f5ae2a43f595aeae92435da9a370d3df14b68b99
2330,2026-08-16,24.0,24.48,24.0,24.12,230720,5601748.72,,,,render_normalized,tasi_2026-08-14_2026-08-16_20260816T153020395457Z,5392abdf5e4a97362d33f1f6287bf2bc003c7d4bb43d28918b8aa095af9310d7
2330,2026-08-17,24.12,24.87,24.12,24.8,699902,17188570.54,,,,render_normalized,tasi_2026-08-17_2026-08-17_20260817T153022794323Z,56ab1200186f32f6bf2b699463f355510bc0a3da931f38c90816013f38a2eaf0
2330,2026-08-18,24.7,24.92,24.61,24.62,490915,12172967.03,,,,render_normalized,tasi_2026-08-18_2026-08-18_20260818T153020653358Z,1cfd844fc98ba7ee716337d459294e8e314daaa0f85480a8e110399f3a6b856d
2330,2026-08-19,24.5,24.77,24.48,24.66,407122,10037201.91,,,,render_normalized,tasi_2026-08-19_2026-08-19_20260819T153022440747Z,c9f50859d8825bb8e17dc890cb696be42681eb6c5d61b3749a33257a86f3517b
2330,2026-08-20,24.66,24.98,24.62,24.75,251122,6221329.64,,,,render_normalized,tasi_2026-08-20_2026-08-28_20260827T215758538311Z,7a00d373848e778f83c80f1777575ad48a6a4c0c192fe2e6a4123b56ae26cdee
2330,2026-08-23,24.75,25.2,24.75,25.02,284051,7126744.35,,,,render_normalized,tasi_2026-08-20_2026-08-28_20260827T215758538311Z,7a00d373848e778f83c80f1777575ad48a6a4c0c192fe2e6a4123b56ae26cdee
2330,2026-08-24,25.04,25.3,24.89,24.92,744534,18606421.94,,,,render_normalized,tasi_2026-08-20_2026-08-28_20260827T215758538311Z,7a00d373848e778f83c80f1777575ad48a6a4c0c192fe2e6a4123b56ae26cdee
2330,2026-08-25,25.0,25.1,24.86,24.86,350953,8758545.67,,,,render_normalized,tasi_2026-08-20_2026-08-28_20260827T215758538311Z,7a00d373848e778f83c80f1777575ad48a6a4c0c192fe2e6a4123b56ae26cdee
2330,2026-08-26,24.86,24.99,24.45,24.6,653866,16187258.4,,,,render_normalized,tasi_2026-08-20_2026-08-28_20260827T215758538311Z,7a00d373848e778f83c80f1777575ad48a6a4c0c192fe2e6a4123b56ae26cdee
2330,2026-08-27,24.59,24.76,24.5,24.56,118330,2912537.03,,,,render_normalized,tasi_2026-08-20_2026-08-28_20260827T215758538311Z,7a00d373848e778f83c80f1777575ad48a6a4c0c192fe2e6a4123b56ae26cdee
2330,2026-08-30,24.51,24.55,24.03,24.17,316656,7688602.87,,,,render_normalized,tasi_2026-08-29_2026-08-30_20260830T153021490619Z,40f2932d214f44ed867e412ffba0369130210869179423e6eadc9f965765cdba
2330,2026-08-31,24.17,24.34,23.78,23.85,292140,7009051.16,,,,render_normalized,tasi_2026-08-31_2026-08-31_20260831T153022596960Z,374b46eb50c52f8fd4d5c98f4b7cf8e0c79e078fd621a4b30f58d5382471b4af
2340,2026-08-02,12.35,12.82,12.27,12.62,511387,6440245.95,,,,render_normalized,tasi_2026-07-31_2026-08-02_20260802T153020127593Z,2eb23ca39fcf0e44fa270e6e4d6a1341261e22b2abfbc789ec2875a29009248b
2340,2026-08-03,12.62,12.82,12.4,12.65,276184,3495601.03,,,,render_normalized,tasi_2026-08-03_2026-08-03_20260803T153021496139Z,4b0f0fa9c3b343cf96fecea13101ae13ad2a21806fd55533770061ac5bb0689d
2340,2026-08-04,12.65,13.3,12.58,12.81,1203508,15615391.12,,,,render_normalized,tasi_2026-08-04_2026-08-04_20260804T153023696814Z,32de4882671eec0a9062962d0f5591f8e56969b134d0070652d21718d4563e66
2340,2026-08-05,12.82,13.2,12.64,12.66,560618,7284308.41,,,,render_normalized,tasi_2026-08-05_2026-08-05_20260805T153024437012Z,9fd93f225e2663ef72017465f1af6b5bb1e9f620c1b69c07a1f0fd54b850091a
2340,2026-08-06,12.6,12.87,12.08,12.45,520620,6451481.78,,,,render_normalized,tasi_2026-08-06_2026-08-06_20260806T153021501965Z,6ff377152d0ead67e84f33bc0daa618a818145aa8e2f551c9273431d88ac3851
2340,2026-08-09,12.65,12.65,12.21,12.34,201676,2497426.5,,,,render_normalized,tasi_2026-08-07_2026-08-09_20260809T153020287151Z,d7eb763bea83ef8684d027dfe3fb0fb7c951f2a9c34d7e37300eab6704449ed3
2340,2026-08-10,12.21,12.21,11.51,11.85,278964,3250686.31,,,,render_normalized,tasi_2026-08-10_2026-08-10_20260810T153020102570Z,84d11a25e4f1e5c1fd93cef767caa7b24135f07229eeaeab08169c657f7b53de
2340,2026-08-11,11.84,11.86,11.54,11.65,127374,1485912.09,,,,render_normalized,tasi_2026-08-11_2026-08-11_20260811T153022011718Z,2ca6395fd3fcc72ba670e2961883e5c743cbb0e78c08f0ae926df09c31320865
2340,2026-08-12,11.54,11.7,11.53,11.59,82447,955643.0,,,,render_normalized,tasi_2026-08-12_2026-08-12_20260812T153021905708Z,8862a2d01571a3c9a9cdaef7d6c4c85e805809ad63506c8d9042aff3fa53b579
2340,2026-08-13,11.52,11.68,11.1,11.3,258213,2929981.63,,,,render_normalized,tasi_2026-08-13_2026-08-13_20260813T153020777659Z,e0b6e7e97827824585b899f3f5ae2a43f595aeae92435da9a370d3df14b68b99
2340,2026-08-16,11.48,11.75,11.3,11.37,70065,799838.26,,,,render_normalized,tasi_2026-08-14_2026-08-16_20260816T153020395457Z,5392abdf5e4a97362d33f1f6287bf2bc003c7d4bb43d28918b8aa095af9310d7
2340,2026-08-17,11.3,11.41,11.24,11.34,68485,775095.46,,,,render_normalized,tasi_2026-08-17_2026-08-17_20260817T153022794323Z,56ab1200186f32f6bf2b699463f355510bc0a3da931f38c90816013f38a2eaf0
2340,2026-08-18,11.28,11.36,11.09,11.2,109715,1226575.55,,,,render_normalized,tasi_2026-08-18_2026-08-18_20260818T153020653358Z,1cfd844fc98ba7ee716337d459294e8e314daaa0f85480a8e110399f3a6b856d
2340,2026-08-19,11.2,11.24,11.09,11.16,87902,980169.62,,,,render_normalized,tasi_2026-08-19_2026-08-19_20260819T153022440747Z,c9f50859d8825bb8e17dc890cb696be42681eb6c5d61b3749a33257a86f3517b
2340,2026-08-20,11.16,11.35,11.16,11.33,62754,708469.22,,,,render_normalized,tasi_2026-08-20_2026-08-28_20260827T215758538311Z,7a00d373848e778f83c80f1777575ad48a6a4c0c192fe2e6a4123b56ae26cdee
2340,2026-08-23,11.37,11.49,11.35,11.4,100444,1146820.4,,,,render_normalized,tasi_2026-08-20_2026-08-28_20260827T215758538311Z,7a00d373848e778f83c80f1777575ad48a6a4c0c192fe2e6a4123b56ae26cdee
2340,2026-08-24,11.4,11.53,11.36,11.42,70539,807010.79,,,,render_normalized,tasi_2026-08-20_2026-08-28_20260827T215758538311Z,7a00d373848e778f83c80f1777575ad48a6a4c0c192fe2e6a4123b56ae26cdee
2340,2026-08-25,11.48,11.52,11.36,11.41,57479,657315.53,,,,render_normalized,tasi_2026-08-20_2026-08-28_20260827T215758538311Z,7a00d373848e778f83c80f1777575ad48a6a4c0c192fe2e6a4123b56ae26cdee
2340,2026-08-26,11.45,11.78,11.41,11.78,266076,3096652.66,,,,render_normalized,tasi_2026-08-20_2026-08-28_20260827T215758538311Z,7a00d373848e778f83c80f1777575ad48a6a4c0c192fe2e6a4123b56ae26cdee
2340,2026-08-27,11.8,11.9,11.57,11.6,229481,2677873.77,,,,render_normalized,tasi_2026-08-20_2026-08-28_20260827T215758538311Z,7a00d373848e778f83c80f1777575ad48a6a4c0c192fe2e6a4123b56ae26cdee
2340,2026-08-30,11.57,11.62,11.3,11.41,141129,1611389.08,,,,render_normalized,tasi_2026-08-29_2026-08-30_20260830T153021490619Z,40f2932d214f44ed867e412ffba0369130210869179423e6eadc9f965765cdba
2340,2026-08-31,11.38,11.56,11.27,11.28,91883,1041285.98,,,,render_normalized,tasi_2026-08-31_2026-08-31_20260831T153022596960Z,374b46eb50c52f8fd4d5c98f4b7cf8e0c79e078fd621a4b30f58d5382471b4af
2350,2026-08-02,5.0,5.14,5.0,5.13,3776154,19293941.22,,,,render_normalized,tasi_2026-07-31_2026-08-02_20260802T153020127593Z,2eb23ca39fcf0e44fa270e6e4d6a1341261e22b2abfbc789ec2875a29009248b
2350,2026-08-03,5.11,5.42,5.11,5.4,14127092,75241853.76,,,,render_normalized,tasi_2026-08-03_2026-08-03_20260803T153021496139Z,4b0f0fa9c3b343cf96fecea13101ae13ad2a21806fd55533770061ac5bb0689d
2350,2026-08-04,5.4,5.62,5.39,5.49,14890732,82269886.73,,,,render_normalized,tasi_2026-08-04_2026-08-04_20260804T153023696814Z,32de4882671eec0a9062962d0f5591f8e56969b134d0070652d21718d4563e66
2350,2026-08-05,5.49,5.54,5.35,5.36,6166954,33312732.04,,,,render_normalized,tasi_2026-08-05_2026-08-05_20260805T153024437012Z,9fd93f225e2663ef72017465f1af6b5bb1e9f620c1b69c07a1f0fd54b850091a
2350,2026-08-06,5.36,5.38,5.2,5.2,4299662,22643730.7,,,,render_normalized,tasi_2026-08-06_2026-08-06_20260806T153021501965Z,6ff377152d0ead67e84f33bc0daa618a818145aa8e2f551c9273431d88ac3851
2350,2026-08-09,5.2,5.22,5.11,5.16,2540247,13120856.85,,,,render_normalized,tasi_2026-08-07_2026-08-09_20260809T153020287151Z,d7eb763bea83ef8684d027dfe3fb0fb7c951f2a9c34d7e37300eab6704449ed3
2350,2026-08-10,5.16,5.24,5.15,5.2,4668373,24276159.37,,,,render_normalized,tasi_2026-08-10_2026-08-10_20260810T153020102570Z,84d11a25e4f1e5c1fd93cef767caa7b24135f07229eeaeab08169c657f7b53de
2350,2026-08-11,5.2,5.23,5.11,5.15,6309126,32637754.14,,,,render_normalized,tasi_2026-08-11_2026-08-11_20260811T153022011718Z,2ca6395fd3fcc72ba670e2961883e5c743cbb0e78c08f0ae926df09c31320865
2350,2026-08-12,5.15,5.19,5.14,5.14,2787156,14393963.05,,,,render_normalized,tasi_2026-08-12_2026-08-12_20260812T153021905708Z,8862a2d01571a3c9a9cdaef7d6c4c85e805809ad63506c8d9042aff3fa53b579
2350,2026-08-13,5.14,5.17,5.13,5.15,2043517,10517997.34,,,,render_normalized,tasi_2026-08-13_2026-08-13_20260813T153020777659Z,e0b6e7e97827824585b899f3f5ae2a43f595aeae92435da9a370d3df14b68b99
2350,2026-08-16,5.23,5.23,5.14,5.15,3569983,18479984.95,,,,render_normalized,tasi_2026-08-14_2026-08-16_20260816T153020395457Z,5392abdf5e4a97362d33f1f6287bf2bc003c7d4bb43d28918b8aa095af9310d7
2350,2026-08-17,5.15,5.25,5.12,5.24,6192063,32166114.62,,,,render_normalized,tasi_2026-08-17_2026-08-17_20260817T153022794323Z,56ab1200186f32f6bf2b699463f355510bc0a3da931f38c90816013f38a2eaf0
2350,2026-08-18,5.24,5.37,5.22,5.3,7306443,38801471.44,,,,render_normalized,tasi_2026-08-18_2026-08-18_20260818T153020653358Z,1cfd844fc98ba7ee716337d459294e8e314daaa0f85480a8e110399f3a6b856d
2350,2026-08-19,5.3,5.31,5.21,5.23,3187628,16757059.07,,,,render_normalized,tasi_2026-08-19_2026-08-19_20260819T153022440747Z,c9f50859d8825bb8e17dc890cb696be42681eb6c5d61b3749a33257a86f3517b
2350,2026-08-20,5.21,5.32,5.2,5.3,4932728,25943143.7,,,,render_normalized,tasi_2026-08-20_2026-08-28_20260827T215758538311Z,7a00d373848e778f83c80f1777575ad48a6a4c0c192fe2e6a4123b56ae26cdee
2350,2026-08-23,5.32,5.39,5.24,5.27,5938598,31529424.42,,,,render_normalized,tasi_2026-08-20_2026-08-28_20260827T215758538311Z,7a00d373848e778f83c80f1777575ad48a6a4c0c192fe2e6a4123b56ae26cdee
2350,2026-08-24,5.26,5.32,5.26,5.31,3957155,20935626.59,,,,render_normalized,tasi_2026-08-20_2026-08-28_20260827T215758538311Z,7a00d373848e778f83c80f1777575ad48a6a4c0c192fe2e6a4123b56ae26cdee
2350,2026-08-25,5.3,5.32,5.23,5.25,3094856,16304383.18,,,,render_normalized,tasi_2026-08-20_2026-08-28_20260827T215758538311Z,7a00d373848e778f83c80f1777575ad48a6a4c0c192fe2e6a4123b56ae26cdee
2350,2026-08-26,5.25,5.33,5.23,5.28,5746870,30401780.79,,,,render_normalized,tasi_2026-08-20_2026-08-28_20260827T215758538311Z,7a00d373848e778f83c80f1777575ad48a6a4c0c192fe2e6a4123b56ae26cdee
2350,2026-08-27,5.28,5.4,5.28,5.39,7503172,40200991.73,,,,render_normalized,tasi_2026-08-20_2026-08-28_20260827T215758538311Z,7a00d373848e778f83c80f1777575ad48a6a4c0c192fe2e6a4123b56ae26cdee
2350,2026-08-30,5.4,5.41,5.29,5.32,4738481,25273056.31,,,,render_normalized,tasi_2026-08-29_2026-08-30_20260830T153021490619Z,40f2932d214f44ed867e412ffba0369130210869179423e6eadc9f965765cdba
2350,2026-08-31,5.32,5.35,5.23,5.26,6428419,33941902.12,,,,render_normalized,tasi_2026-08-31_2026-08-31_20260831T153022596960Z,374b46eb50c52f8fd4d5c98f4b7cf8e0c79e078fd621a4b30f58d5382471b4af
2360,2026-08-02,17.11,18.6,17.11,18.1,307516,5596141.49,,,,render_normalized,tasi_2026-07-31_2026-08-02_20260802T153020127593Z,2eb23ca39fcf0e44fa270e6e4d6a1341261e22b2abfbc789ec2875a29009248b
2360,2026-08-03,18.0,18.66,17.9,18.43,186560,3408496.97,,,,render_normalized,tasi_2026-08-03_2026-08-03_20260803T153021496139Z,4b0f0fa9c3b343cf96fecea13101ae13ad2a21806fd55533770061ac5bb0689d
2360,2026-08-04,18.4,18.5,18.0,18.32,60851,1112440.45,,,,render_normalized,tasi_2026-08-04_2026-08-04_20260804T153023696814Z,32de4882671eec0a9062962d0f5591f8e56969b134d0070652d21718d4563e66
2360,2026-08-05,18.32,18.32,17.86,17.93,49245,890290.74,,,,render_normalized,tasi_2026-08-05_2026-08-05_20260805T153024437012Z,9fd93f225e2663ef72017465f1af6b5bb1e9f620c1b69c07a1f0fd54b850091a
2360,2026-08-06,17.97,18.08,17.78,17.99,45823,821125.06,,,,render_normalized,tasi_2026-08-06_2026-08-06_20260806T153021501965Z,6ff377152d0ead67e84f33bc0daa618a818145aa8e2f551c9273431d88ac3851
2360,2026-08-09,17.55,18.2,17.43,17.62,65183,1158202.14,,,,render_normalized,tasi_2026-08-07_2026-08-09_20260809T153020287151Z,d7eb763bea83ef8684d027dfe3fb0fb7c951f2a9c34d7e37300eab6704449ed3
2360,2026-08-10,17.41,17.53,16.83,17.12,97361,1668720.86,,,,render_normalized,tasi_2026-08-10_2026-08-10_20260810T153020102570Z,84d11a25e4f1e5c1fd93cef767caa7b24135f07229eeaeab08169c657f7b53de
2360,2026-08-11,17.12,17.54,16.83,17.07,95192,1640714.46,,,,render_normalized,tasi_2026-08-11_2026-08-11_20260811T153022011718Z,2ca6395fd3fcc72ba670e2961883e5c743cbb0e78c08f0ae926df09c31320865
2360,2026-08-12,16.7,17.88,16.65,17.6,71601,1234362.51,,,,render_normalized,tasi_2026-08-12_2026-08-12_20260812T153021905708Z,8862a2d01571a3c9a9cdaef7d6c4c85e805809ad63506c8d9042aff3fa53b579
2360,2026-08-13,17.97,17.97,17.37,17.71,49224,867976.89,,,,render_normalized,tasi_2026-08-13_2026-08-13_20260813T153020777659Z,e0b6e7e97827824585b899f3f5ae2a43f595aeae92435da9a370d3df14b68b99
2360,2026-08-16,18.0,18.4,17.71,17.77,119873,2160050.02,,,,render_normalized,tasi_2026-08-14_2026-08-16_20260816T153020395457Z,5392abdf5e4a97362d33f1f6287bf2bc003c7d4bb43d28918b8aa095af9310d7
2360,2026-08-17,17.9,18.58,17.8,18.13,166352,3030188.56,,,,render_normalized,tasi_2026-08-17_2026-08-17_20260817T153022794323Z,56ab1200186f32f6bf2b699463f355510bc0a3da931f38c90816013f38a2eaf0
2360,2026-08-18,18.28,18.28,17.83,17.86,57158,1029085.0,,,,render_normalized,tasi_2026-08-18_2026-08-18_20260818T153020653358Z,1cfd844fc98ba7ee716337d459294e8e314daaa0f85480a8e110399f3a6b856d
2360,2026-08-19,18.01,18.15,17.59,17.71,76100,1357107.56,,,,render_normalized,tasi_2026-08-19_2026-08-19_20260819T153022440747Z,c9f50859d8825bb8e17dc890cb696be42681eb6c5d61b3749a33257a86f3517b
2360,2026-08-20,17.59,18.15,17.59,17.64,52996,946777.93,,,,render_normalized,tasi_2026-08-20_2026-08-28_20260827T215758538311Z,7a00d373848e778f83c80f1777575ad48a6a4c0c192fe2e6a4123b56ae26cdee
2360,2026-08-23,18.0,19.4,18.0,19.4,757204,14394103.07,,,,render_normalized,tasi_2026-08-20_2026-08-28_20260827T215758538311Z,7a00d373848e778f83c80f1777575ad48a6a4c0c192fe2e6a4123b56ae26cdee
2360,2026-08-24,20.0,21.34,20.0,21.34,608519,12710307.07,,,,render_normalized,tasi_2026-08-20_2026-08-28_20260827T215758538311Z,7a00d373848e778f83c80f1777575ad48a6a4c0c192fe2e6a4123b56ae26cdee
2360,2026-08-25,22.7,23.2,21.45,21.55,1251292,27690133.69,,,,render_normalized,tasi_2026-08-20_2026-08-28_20260827T215758538311Z,7a00d373848e778f83c80f1777575ad48a6a4c0c192fe2e6a4123b56ae26cdee
2360,2026-08-26,21.7,22.09,21.08,21.33,377474,8144297.88,,,,render_normalized,tasi_2026-08-20_2026-08-28_20260827T215758538311Z,7a00d373848e778f83c80f1777575ad48a6a4c0c192fe2e6a4123b56ae26cdee
2360,2026-08-27,21.13,21.94,21.01,21.44,377868,8091308.74,,,,render_normalized,tasi_2026-08-20_2026-08-28_20260827T215758538311Z,7a00d373848e778f83c80f1777575ad48a6a4c0c192fe2e6a4123b56ae26cdee
2360,2026-08-30,21.5,21.69,20.72,20.72,181874,3840953.62,,,,render_normalized,tasi_2026-08-29_2026-08-30_20260830T153021490619Z,40f2932d214f44ed867e412ffba0369130210869179423e6eadc9f965765cdba
2360,2026-08-31,20.95,21.24,20.1,21.0,298251,6220045.5,,,,render_normalized,tasi_2026-08-31_2026-08-31_20260831T153022596960Z,374b46eb50c52f8fd4d5c98f4b7cf8e0c79e078fd621a4b30f58d5382471b4af
2370,2026-08-02,30.8,31.2,30.2,31.18,174494,5391692.14,,,,render_normalized,tasi_2026-07-31_2026-08-02_20260802T153020127593Z,2eb23ca39fcf0e44fa270e6e4d6a1341261e22b2abfbc789ec2875a29009248b
2370,2026-08-03,31.18,32.14,30.72,31.72,236305,7493334.66,,,,render_normalized,tasi_2026-08-03_2026-08-03_20260803T153021496139Z,4b0f0fa9c3b343cf96fecea13101ae13ad2a21806fd55533770061ac5bb0689d
2370,2026-08-04,31.7,32.34,31.38,31.76,277512,8788881.26,,,,render_normalized,tasi_2026-08-04_2026-08-04_20260804T153023696814Z,32de4882671eec0a9062962d0f5591f8e56969b134d0070652d21718d4563e66
2370,2026-08-05,31.92,32.98,31.3,32.7,426237,13843722.9,,,,render_normalized,tasi_2026-08-05_2026-08-05_20260805T153024437012Z,9fd93f225e2663ef72017465f1af6b5bb1e9f620c1b69c07a1f0fd54b850091a
2370,2026-08-06,32.7,32.92,32.16,32.8,261391,8526871.22,,,,render_normalized,tasi_2026-08-06_2026-08-06_20260806T153021501965Z,6ff377152d0ead67e84f33bc0daa618a818145aa8e2f551c9273431d88ac3851
2370,2026-08-09,32.8,33.3,31.96,32.9,428464,14017492.18,,,,render_normalized,tasi_2026-08-07_2026-08-09_20260809T153020287151Z,d7eb763bea83ef8684d027dfe3fb0fb7c951f2a9c34d7e37300eab6704449ed3
2370,2026-08-10,33.1,33.86,32.5,33.86,638957,21281584.04,,,,render_normalized,tasi_2026-08-10_2026-08-10_20260810T153020102570Z,84d11a25e4f1e5c1fd93cef767caa7b24135f07229eeaeab08169c657f7b53de
2370,2026-08-11,33.0,33.2,30.48,30.72,1629490,50979052.64,,,,render_normalized,tasi_2026-08-11_2026-08-11_20260811T153022011718Z,2ca6395fd3fcc72ba670e2961883e5c743cbb0e78c08f0ae926df09c31320865
2370,2026-08-12,30.58,31.1,30.38,30.9,440265,13549075.72,,,,render_normalized,tasi_2026-08-12_2026-08-12_20260812T153021905708Z,8862a2d01571a3c9a9cdaef7d6c4c85e805809ad63506c8d9042aff3fa53b579
2370,2026-08-13,30.92,31.24,30.62,30.64,391552,12071985.54,,,,render_normalized,tasi_2026-08-13_2026-08-13_20260813T153020777659Z,e0b6e7e97827824585b899f3f5ae2a43f595aeae92435da9a370d3df14b68b99
2370,2026-08-16,30.7,31.0,30.46,30.5,231344,7090624.86,,,,render_normalized,tasi_2026-08-14_2026-08-16_20260816T153020395457Z,5392abdf5e4a97362d33f1f6287bf2bc003c7d4bb43d28918b8aa095af9310d7
2370,2026-08-17,30.7,30.7,30.4,30.4,160716,4902275.78,,,,render_normalized,tasi_2026-08-17_2026-08-17_20260817T153022794323Z,56ab1200186f32f6bf2b699463f355510bc0a3da931f38c90816013f38a2eaf0
2370,2026-08-18,30.44,30.68,30.18,30.4,184647,5622691.5,,,,render_normalized,tasi_2026-08-18_2026-08-18_20260818T153020653358Z,1cfd844fc98ba7ee716337d459294e8e314daaa0f85480a8e110399f3a6b856d
2370,2026-08-19,30.34,30.96,30.2,30.6,196461,6004153.4,,,,render_normalized,tasi_2026-08-19_2026-08-19_20260819T153022440747Z,c9f50859d8825bb8e17dc890cb696be42681eb6c5d61b3749a33257a86f3517b
2370,2026-08-20,30.6,30.6,30.26,30.46,214219,6512171.96,,,,render_normalized,tasi_2026-08-20_2026-08-28_20260827T215758538311Z,7a00d373848e778f83c80f1777575ad48a6a4c0c192fe2e6a4123b56ae26cdee
2370,2026-08-23,30.5,31.06,30.0,31.04,365579,11233518.34,,,,render_normalized,tasi_2026-08-20_2026-08-28_20260827T215758538311Z,7a00d373848e778f83c80f1777575ad48a6a4c0c192fe2e6a4123b56ae26cdee
2370,2026-08-24,31.04,31.46,30.92,31.0,407504,12731676.96,,,,render_normalized,tasi_2026-08-20_2026-08-28_20260827T215758538311Z,7a00d373848e778f83c80f1777575ad48a6a4c0c192fe2e6a4123b56ae26cdee
2370,2026-08-25,30.88,31.3,30.88,31.0,190534,5924553.36,,,,render_normalized,tasi_2026-08-20_2026-08-28_20260827T215758538311Z,7a00d373848e778f83c80f1777575ad48a6a4c0c192fe2e6a4123b56ae26cdee
2370,2026-08-26,31.0,31.3,30.8,30.9,293157,9087361.44,,,,render_normalized,tasi_2026-08-20_2026-08-28_20260827T215758538311Z,7a00d373848e778f83c80f1777575ad48a6a4c0c192fe2e6a4123b56ae26cdee
2370,2026-08-27,31.16,32.18,30.98,32.08,946152,30026096.94,,,,render_normalized,tasi_2026-08-20_2026-08-28_20260827T215758538311Z,7a00d373848e778f83c80f1777575ad48a6a4c0c192fe2e6a4123b56ae26cdee
2370,2026-08-30,32.1,33.12,31.9,32.58,828845,26991634.28,,,,render_normalized,tasi_2026-08-29_2026-08-30_20260830T153021490619Z,40f2932d214f44ed867e412ffba0369130210869179423e6eadc9f965765cdba
2370,2026-08-31,32.36,35.78,32.36,35.4,2004267,69248952.84,,,,render_normalized,tasi_2026-08-31_2026-08-31_20260831T153022596960Z,374b46eb50c52f8fd4d5c98f4b7cf8e0c79e078fd621a4b30f58d5382471b4af
2380,2026-08-02,14.98,15.53,14.7,15.43,6054163,92045975.77,,,,render_normalized,tasi_2026-07-31_2026-08-02_20260802T153020127593Z,2eb23ca39fcf0e44fa270e6e4d6a1341261e22b2abfbc789ec2875a29009248b
2380,2026-08-03,15.27,16.97,15.19,16.97,17588600,289492552.48,,,,render_normalized,tasi_2026-08-03_2026-08-03_20260803T153021496139Z,4b0f0fa9c3b343cf96fecea13101ae13ad2a21806fd55533770061ac5bb0689d
2380,2026-08-04,17.0,17.74,16.6,16.99,21966271,376931522.36,,,,render_normalized,tasi_2026-08-04_2026-08-04_20260804T153023696814Z,32de4882671eec0a9062962d0f5591f8e56969b134d0070652d21718d4563e66
2380,2026-08-05,16.98,17.06,16.62,16.67,7062696,119064725.67,,,,render_normalized,tasi_2026-08-05_2026-08-05_20260805T153024437012Z,9fd93f225e2663ef72017465f1af6b5bb1e9f620c1b69c07a1f0fd54b850091a
2380,2026-08-06,16.6,16.85,16.03,16.12,6720105,110712561.41,,,,render_normalized,tasi_2026-08-06_2026-08-06_20260806T153021501965Z,6ff377152d0ead67e84f33bc0daa618a818145aa8e2f551c9273431d88ac3851
2380,2026-08-09,16.12,16.24,15.54,15.55,3909862,61941700.65,,,,render_normalized,tasi_2026-08-07_2026-08-09_20260809T153020287151Z,d7eb763bea83ef8684d027dfe3fb0fb7c951f2a9c34d7e37300eab6704449ed3
2380,2026-08-10,15.54,16.64,15.35,16.38,9434086,153255411.56,,,,render_normalized,tasi_2026-08-10_2026-08-10_20260810T153020102570Z,84d11a25e4f1e5c1fd93cef767caa7b24135f07229eeaeab08169c657f7b53de
2380,2026-08-11,16.38,17.63,16.21,17.09,12990926,220451474.29,,,,render_normalized,tasi_2026-08-11_2026-08-11_20260811T153022011718Z,2ca6395fd3fcc72ba670e2961883e5c743cbb0e78c08f0ae926df09c31320865
2380,2026-08-12,17.09,18.0,17.09,17.6,14502060,257478357.3,,,,render_normalized,tasi_2026-08-12_2026-08-12_20260812T153021905708Z,8862a2d01571a3c9a9cdaef7d6c4c85e805809ad63506c8d9042aff3fa53b579
2380,2026-08-13,17.61,17.85,17.19,17.7,9628680,168472520.91,,,,render_normalized,tasi_2026-08-13_2026-08-13_20260813T153020777659Z,e0b6e7e97827824585b899f3f5ae2a43f595aeae92435da9a370d3df14b68b99
2380,2026-08-16,17.74,17.84,17.23,17.23,4336220,75919326.35,,,,render_normalized,tasi_2026-08-14_2026-08-16_20260816T153020395457Z,5392abdf5e4a97362d33f1f6287bf2bc003c7d4bb43d28918b8aa095af9310d7
2380,2026-08-17,17.39,18.25,17.32,18.2,11331032,203387003.21,,,,render_normalized,tasi_2026-08-17_2026-08-17_20260817T153022794323Z,56ab1200186f32f6bf2b699463f355510bc0a3da931f38c90816013f38a2eaf0
2380,2026-08-18,18.3,18.3,17.95,18.15,7033701,127539373.26,,,,render_normalized,tasi_2026-08-18_2026-08-18_20260818T153020653358Z,1cfd844fc98ba7ee716337d459294e8e314daaa0f85480a8e110399f3a6b856d
2380,2026-08-19,18.15,18.4,17.67,17.9,7994846,144695768.41,,,,render_normalized,tasi_2026-08-19_2026-08-19_20260819T153022440747Z,c9f50859d8825bb8e17dc890cb696be42681eb6c5d61b3749a33257a86f3517b
2380,2026-08-20,17.95,18.19,17.5,18.0,8476845,151155505.95,,,,render_normalized,tasi_2026-08-20_2026-08-28_20260827T215758538311Z,7a00d373848e778f83c80f1777575ad48a6a4c0c192fe2e6a4123b56ae26cdee
2380,2026-08-23,18.0,18.25,17.94,18.07,4588962,83000085.85,,,,render_normalized,tasi_2026-08-20_2026-08-28_20260827T215758538311Z,7a00d373848e778f83c80f1777575ad48a6a4c0c192fe2e6a4123b56ae26cdee
2380,2026-08-24,18.08,18.3,17.86,18.15,9903093,178907986.01,,,,render_normalized,tasi_2026-08-20_2026-08-28_20260827T215758538311Z,7a00d373848e778f83c80f1777575ad48a6a4c0c192fe2e6a4123b56ae26cdee
2380,2026-08-25,18.1,18.3,17.95,18.04,5642548,101886445.79,,,,render_normalized,tasi_2026-08-20_2026-08-28_20260827T215758538311Z,7a00d373848e778f83c80f1777575ad48a6a4c0c192fe2e6a4123b56ae26cdee
2380,2026-08-26,17.9,18.06,17.33,17.4,9007940,157712905.03,,,,render_normalized,tasi_2026-08-20_2026-08-28_20260827T215758538311Z,7a00d373848e778f83c80f1777575ad48a6a4c0c192fe2e6a4123b56ae26cdee
2380,2026-08-27,17.39,17.56,17.06,17.35,5869587,101720759.16,,,,render_normalized,tasi_2026-08-20_2026-08-28_20260827T215758538311Z,7a00d373848e778f83c80f1777575ad48a6a4c0c192fe2e6a4123b56ae26cdee
2380,2026-08-30,17.32,17.32,16.63,16.64,5795559,97309049.05,,,,render_normalized,tasi_2026-08-29_2026-08-30_20260830T153021490619Z,40f2932d214f44ed867e412ffba0369130210869179423e6eadc9f965765cdba
2380,2026-08-31,16.72,17.4,16.72,16.87,22443411,380920037.04,,,,render_normalized,tasi_2026-08-31_2026-08-31_20260831T153022596960Z,374b46eb50c52f8fd4d5c98f4b7cf8e0c79e078fd621a4b30f58d5382471b4af
2381,2026-08-02,80.7,82.45,80.0,82.05,48973,4008740.6,,,,render_normalized,tasi_2026-07-31_2026-08-02_20260802T153020127593Z,2eb23ca39fcf0e44fa270e6e4d6a1341261e22b2abfbc789ec2875a29009248b
2381,2026-08-03,82.05,83.25,81.15,82.7,84464,6983623.9,,,,render_normalized,tasi_2026-08-03_2026-08-03_20260803T153021496139Z,4b0f0fa9c3b343cf96fecea13101ae13ad2a21806fd55533770061ac5bb0689d
2381,2026-08-04,82.75,83.5,82.4,82.5,61518,5102208.5,,,,render_normalized,tasi_2026-08-04_2026-08-04_20260804T153023696814Z,32de4882671eec0a9062962d0f5591f8e56969b134d0070652d21718d4563e66
2381,2026-08-05,82.5,83.0,82.25,82.5,49376,4077872.0,,,,render_normalized,tasi_2026-08-05_2026-08-05_20260805T153024437012Z,9fd93f225e2663ef72017465f1af6b5bb1e9f620c1b69c07a1f0fd54b850091a
2381,2026-08-06,82.3,82.4,81.1,81.7,54120,4413630.9,,,,render_normalized,tasi_2026-08-06_2026-08-06_20260806T153021501965Z,6ff377152d0ead67e84f33bc0daa618a818145aa8e2f551c9273431d88ac3851
2381,2026-08-09,81.65,83.45,81.1,82.6,103477,8532551.25,,,,render_normalized,tasi_2026-08-07_2026-08-09_20260809T153020287151Z,d7eb763bea83ef8684d027dfe3fb0fb7c951f2a9c34d7e37300eab6704449ed3
2381,2026-08-10,81.0,87.7,79.85,86.7,371441,31698704.7,,,,render_normalized,tasi_2026-08-10_2026-08-10_20260810T153020102570Z,84d11a25e4f1e5c1fd93cef767caa7b24135f07229eeaeab08169c657f7b53de
2381,2026-08-11,86.2,89.6,84.75,88.9,388461,34006084.9,,,,render_normalized,tasi_2026-08-11_2026-08-11_20260811T153022011718Z,2ca6395fd3fcc72ba670e2961883e5c743cbb0e78c08f0ae926df09c31320865
2381,2026-08-12,89.15,92.0,88.4,89.25,198898,17945454.2,,,,render_normalized,tasi_2026-08-12_2026-08-12_20260812T153021905708Z,8862a2d01571a3c9a9cdaef7d6c4c85e805809ad63506c8d9042aff3fa53b579
2381,2026-08-13,91.0,91.0,88.0,88.65,67559,5992821.45,,,,render_normalized,tasi_2026-08-13_2026-08-13_20260813T153020777659Z,e0b6e7e97827824585b899f3f5ae2a43f595aeae92435da9a370d3df14b68b99
2381,2026-08-16,88.65,89.4,87.05,87.05,34651,3077561.65,,,,render_normalized,tasi_2026-08-14_2026-08-16_20260816T153020395457Z,5392abdf5e4a97362d33f1f6287bf2bc003c7d4bb43d28918b8aa095af9310d7
2381,2026-08-17,87.15,88.65,87.15,87.5,50360,4414415.35,,,,render_normalized,tasi_2026-08-17_2026-08-17_20260817T153022794323Z,56ab1200186f32f6bf2b699463f355510bc0a3da931f38c90816013f38a2eaf0
2381,2026-08-18,87.3,89.8,87.1,87.4,150302,13218454.95,,,,render_normalized,tasi_2026-08-18_2026-08-18_20260818T153020653358Z,1cfd844fc98ba7ee716337d459294e8e314daaa0f85480a8e110399f3a6b856d
2381,2026-08-19,87.4,87.4,85.7,87.0,78459,6792250.25,,,,render_normalized,tasi_2026-08-19_2026-08-19_20260819T153022440747Z,c9f50859d8825bb8e17dc890cb696be42681eb6c5d61b3749a33257a86f3517b
2381,2026-08-20,87.0,87.8,86.85,86.9,48921,4275177.8,,,,render_normalized,tasi_2026-08-20_2026-08-28_20260827T215758538311Z,7a00d373848e778f83c80f1777575ad48a6a4c0c192fe2e6a4123b56ae26cdee
2381,2026-08-23,86.7,88.7,86.7,88.25,51255,4511844.0,,,,render_normalized,tasi_2026-08-20_2026-08-28_20260827T215758538311Z,7a00d373848e778f83c80f1777575ad48a6a4c0c192fe2e6a4123b56ae26cdee
2381,2026-08-24,88.6,90.25,88.15,90.0,97177,8673287.85,,,,render_normalized,tasi_2026-08-20_2026-08-28_20260827T215758538311Z,7a00d373848e778f83c80f1777575ad48a6a4c0c192fe2e6a4123b56ae26cdee
2381,2026-08-25,90.35,91.8,89.9,91.5,170344,15505241.55,,,,render_normalized,tasi_2026-08-20_2026-08-28_20260827T215758538311Z,7a00d373848e778f83c80f1777575ad48a6a4c0c192fe2e6a4123b56ae26cdee
2381,2026-08-26,91.5,93.2,91.15,93.2,252691,23392634.65,,,,render_normalized,tasi_2026-08-20_2026-08-28_20260827T215758538311Z,7a00d373848e778f83c80f1777575ad48a6a4c0c192fe2e6a4123b56ae26cdee
2381,2026-08-27,93.25,94.2,92.7,93.5,262652,24566321.75,,,,render_normalized,tasi_2026-08-20_2026-08-28_20260827T215758538311Z,7a00d373848e778f83c80f1777575ad48a6a4c0c192fe2e6a4123b56ae26cdee
2381,2026-08-30,93.5,95.5,93.5,94.0,168088,15898274.9,,,,render_normalized,tasi_2026-08-29_2026-08-30_20260830T153021490619Z,40f2932d214f44ed867e412ffba0369130210869179423e6eadc9f965765cdba
2381,2026-08-31,96.1,98.4,94.25,94.9,391383,37815944.15,,,,render_normalized,tasi_2026-08-31_2026-08-31_20260831T153022596960Z,374b46eb50c52f8fd4d5c98f4b7cf8e0c79e078fd621a4b30f58d5382471b4af
2382,2026-08-02,16.68,17.29,16.67,17.15,513954,8779613.5,,,,render_normalized,tasi_2026-07-31_2026-08-02_20260802T153020127593Z,2eb23ca39fcf0e44fa270e6e4d6a1341261e22b2abfbc789ec2875a29009248b
2382,2026-08-03,17.2,17.56,17.08,17.55,1623419,28248582.93,,,,render_normalized,tasi_2026-08-03_2026-08-03_20260803T153021496139Z,4b0f0fa9c3b343cf96fecea13101ae13ad2a21806fd55533770061ac5bb0689d
2382,2026-08-04,17.55,18.43,17.54,18.28,3512923,63553380.58,,,,render_normalized,tasi_2026-08-04_2026-08-04_20260804T153023696814Z,32de4882671eec0a9062962d0f5591f8e56969b134d0070652d21718d4563e66
2382,2026-08-05,18.2,18.42,18.1,18.25,962485,17582817.37,,,,render_normalized,tasi_2026-08-05_2026-08-05_20260805T153024437012Z,9fd93f225e2663ef72017465f1af6b5bb1e9f620c1b69c07a1f0fd54b850091a
2382,2026-08-06,18.25,18.25,17.68,17.69,1189561,21223658.85,,,,render_normalized,tasi_2026-08-06_2026-08-06_20260806T153021501965Z,6ff377152d0ead67e84f33bc0daa618a818145aa8e2f551c9273431d88ac3851
2382,2026-08-09,17.72,17.84,17.5,17.55,484592,8545528.93,,,,render_normalized,tasi_2026-08-07_2026-08-09_20260809T153020287151Z,d7eb763bea83ef8684d027dfe3fb0fb7c951f2a9c34d7e37300eab6704449ed3
2382,2026-08-10,17.59,17.8,17.31,17.57,1487641,26233174.14,,,,render_normalized,tasi_2026-08-10_2026-08-10_20260810T153020102570Z,84d11a25e4f1e5c1fd93cef767caa7b24135f07229eeaeab08169c657f7b53de
2382,2026-08-11,17.92,18.55,17.9,18.18,2333477,42554332.88,,,,render_normalized,tasi_2026-08-11_2026-08-11_20260811T153022011718Z,2ca6395fd3fcc72ba670e2961883e5c743cbb0e78c08f0ae926df09c31320865
2382,2026-08-12,18.18,18.78,17.89,18.25,2746328,50181845.54,,,,render_normalized,tasi_2026-08-12_2026-08-12_20260812T153021905708Z,8862a2d01571a3c9a9cdaef7d6c4c85e805809ad63506c8d9042aff3fa53b579
2382,2026-08-13,18.23,18.35,17.92,18.09,3817364,69306052.25,,,,render_normalized,tasi_2026-08-13_2026-08-13_20260813T153020777659Z,e0b6e7e97827824585b899f3f5ae2a43f595aeae92435da9a370d3df14b68b99
2382,2026-08-16,18.2,18.63,18.15,18.55,885058,16317602.92,,,,render_normalized,tasi_2026-08-14_2026-08-16_20260816T153020395457Z,5392abdf5e4a97362d33f1f6287bf2bc003c7d4bb43d28918b8aa095af9310d7
2382,2026-08-17,18.55,18.62,18.44,18.5,894423,16585314.71,,,,render_normalized,tasi_2026-08-17_2026-08-17_20260817T153022794323Z,56ab1200186f32f6bf2b699463f355510bc0a3da931f38c90816013f38a2eaf0
2382,2026-08-18,18.5,19.05,18.5,18.9,3268470,61679843.05,,,,render_normalized,tasi_2026-08-18_2026-08-18_20260818T153020653358Z,1cfd844fc98ba7ee716337d459294e8e314daaa0f85480a8e110399f3a6b856d
2382,2026-08-19,18.9,19.1,18.48,18.57,954942,17838921.86,,,,render_normalized,tasi_2026-08-19_2026-08-19_20260819T153022440747Z,c9f50859d8825bb8e17dc890cb696be42681eb6c5d61b3749a33257a86f3517b
2382,2026-08-20,18.77,18.88,18.65,18.71,584545,10959911.71,,,,render_normalized,tasi_2026-08-20_2026-08-28_20260827T215758538311Z,7a00d373848e778f83c80f1777575ad48a6a4c0c192fe2e6a4123b56ae26cdee
2382,2026-08-23,18.65,18.99,18.65,18.96,587146,11114718.4,,,,render_normalized,tasi_2026-08-20_2026-08-28_20260827T215758538311Z,7a00d373848e778f83c80f1777575ad48a6a4c0c192fe2e6a4123b56ae26cdee
2382,2026-08-24,18.95,19.5,18.92,19.27,2512289,48494374.27,,,,render_normalized,tasi_2026-08-20_2026-08-28_20260827T215758538311Z,7a00d373848e778f83c80f1777575ad48a6a4c0c192fe2e6a4123b56ae26cdee
2382,2026-08-25,19.3,19.44,19.15,19.2,1893275,36431824.31,,,,render_normalized,tasi_2026-08-20_2026-08-28_20260827T215758538311Z,7a00d373848e778f83c80f1777575ad48a6a4c0c192fe2e6a4123b56ae26cdee
2382,2026-08-26,19.1,19.2,18.5,18.62,1914922,36074931.45,,,,render_normalized,tasi_2026-08-20_2026-08-28_20260827T215758538311Z,7a00d373848e778f83c80f1777575ad48a6a4c0c192fe2e6a4123b56ae26cdee
2382,2026-08-27,18.48,18.6,18.31,18.32,1348877,24825451.43,,,,render_normalized,tasi_2026-08-20_2026-08-28_20260827T215758538311Z,7a00d373848e778f83c80f1777575ad48a6a4c0c192fe2e6a4123b56ae26cdee
2382,2026-08-30,18.34,18.39,18.11,18.16,600749,10933427.54,,,,render_normalized,tasi_2026-08-29_2026-08-30_20260830T153021490619Z,40f2932d214f44ed867e412ffba0369130210869179423e6eadc9f965765cdba
2382,2026-08-31,18.2,18.43,18.02,18.35,2115195,38604292.74,,,,render_normalized,tasi_2026-08-31_2026-08-31_20260831T153022596960Z,374b46eb50c52f8fd4d5c98f4b7cf8e0c79e078fd621a4b30f58d5382471b4af
3002,2026-08-02,5.48,5.5,5.47,5.49,209719,1151285.94,,,,render_normalized,tasi_2026-07-31_2026-08-02_20260802T153020127593Z,2eb23ca39fcf0e44fa270e6e4d6a1341261e22b2abfbc789ec2875a29009248b
3002,2026-08-03,5.49,5.53,5.48,5.53,346753,1909956.48,,,,render_normalized,tasi_2026-08-03_2026-08-03_20260803T153021496139Z,4b0f0fa9c3b343cf96fecea13101ae13ad2a21806fd55533770061ac5bb0689d
3002,2026-08-04,5.55,5.61,5.53,5.6,216976,1211497.69,,,,render_normalized,tasi_2026-08-04_2026-08-04_20260804T153023696814Z,32de4882671eec0a9062962d0f5591f8e56969b134d0070652d21718d4563e66
3002,2026-08-05,5.62,5.62,5.56,5.59,120599,675624.81,,,,render_normalized,tasi_2026-08-05_2026-08-05_20260805T153024437012Z,9fd93f225e2663ef72017465f1af6b5bb1e9f620c1b69c07a1f0fd54b850091a
3002,2026-08-06,5.59,5.59,5.49,5.54,214393,1185320.19,,,,render_normalized,tasi_2026-08-06_2026-08-06_20260806T153021501965Z,6ff377152d0ead67e84f33bc0daa618a818145aa8e2f551c9273431d88ac3851
3002,2026-08-09,5.54,5.55,5.5,5.52,186607,1030678.87,,,,render_normalized,tasi_2026-08-07_2026-08-09_20260809T153020287151Z,d7eb763bea83ef8684d027dfe3fb0fb7c951f2a9c34d7e37300eab6704449ed3
3002,2026-08-10,5.51,5.55,5.5,5.55,242902,1341011.0,,,,render_normalized,tasi_2026-08-10_2026-08-10_20260810T153020102570Z,84d11a25e4f1e5c1fd93cef767caa7b24135f07229eeaeab08169c657f7b53de
3002,2026-08-11,5.53,5.54,5.47,5.49,563133,3095882.18,,,,render_normalized,tasi_2026-08-11_2026-08-11_20260811T153022011718Z,2ca6395fd3fcc72ba670e2961883e5c743cbb0e78c08f0ae926df09c31320865
3002,2026-08-12,5.5,5.51,5.43,5.44,191967,1050255.04,,,,render_normalized,tasi_2026-08-12_2026-08-12_20260812T153021905708Z,8862a2d01571a3c9a9cdaef7d6c4c85e805809ad63506c8d9042aff3fa53b579
3002,2026-08-13,5.44,5.44,5.32,5.34,387065,2076400.31,,,,render_normalized,tasi_2026-08-13_2026-08-13_20260813T153020777659Z,e0b6e7e97827824585b899f3f5ae2a43f595aeae92435da9a370d3df14b68b99
3002,2026-08-16,5.34,5.37,5.33,5.35,173362,927307.27,,,,render_normalized,tasi_2026-08-14_2026-08-16_20260816T153020395457Z,5392abdf5e4a97362d33f1f6287bf2bc003c7d4bb43d28918b8aa095af9310d7
3002,2026-08-17,5.35,5.38,5.33,5.35,232177,1242391.44,,,,render_normalized,tasi_2026-08-17_2026-08-17_20260817T153022794323Z,56ab1200186f32f6bf2b699463f355510bc0a3da931f38c90816013f38a2eaf0
3002,2026-08-18,5.36,5.39,5.33,5.37,236332,1266951.47,,,,render_normalized,tasi_2026-08-18_2026-08-18_20260818T153020653358Z,1cfd844fc98ba7ee716337d459294e8e314daaa0f85480a8e110399f3a6b856d
3002,2026-08-19,5.33,5.43,5.33,5.41,239813,1294420.58,,,,render_normalized,tasi_2026-08-19_2026-08-19_20260819T153022440747Z,c9f50859d8825bb8e17dc890cb696be42681eb6c5d61b3749a33257a86f3517b
3002,2026-08-20,5.42,5.55,5.39,5.53,466386,2559265.29,,,,render_normalized,tasi_2026-08-20_2026-08-28_20260827T215758538311Z,7a00d373848e778f83c80f1777575ad48a6a4c0c192fe2e6a4123b56ae26cdee
3002,2026-08-23,5.55,5.65,5.55,5.61,403261,2262534.59,,,,render_normalized,tasi_2026-08-20_2026-08-28_20260827T215758538311Z,7a00d373848e778f83c80f1777575ad48a6a4c0c192fe2e6a4123b56ae26cdee
3002,2026-08-24,5.61,5.71,5.61,5.7,386852,2197978.3,,,,render_normalized,tasi_2026-08-20_2026-08-28_20260827T215758538311Z,7a00d373848e778f83c80f1777575ad48a6a4c0c192fe2e6a4123b56ae26cdee
3002,2026-08-25,5.7,5.71,5.61,5.61,244058,1378947.09,,,,render_normalized,tasi_2026-08-20_2026-08-28_20260827T215758538311Z,7a00d373848e778f83c80f1777575ad48a6a4c0c192fe2e6a4123b56ae26cdee
3002,2026-08-26,5.62,5.66,5.6,5.62,188479,1061845.23,,,,render_normalized,tasi_2026-08-20_2026-08-28_20260827T215758538311Z,7a00d373848e778f83c80f1777575ad48a6a4c0c192fe2e6a4123b56ae26cdee
3002,2026-08-27,5.64,5.68,5.63,5.68,228380,1291358.7,,,,render_normalized,tasi_2026-08-20_2026-08-28_20260827T215758538311Z,7a00d373848e778f83c80f1777575ad48a6a4c0c192fe2e6a4123b56ae26cdee
3002,2026-08-30,5.68,5.69,5.62,5.62,165779,935225.54,,,,render_normalized,tasi_2026-08-29_2026-08-30_20260830T153021490619Z,40f2932d214f44ed867e412ffba0369130210869179423e6eadc9f965765cdba
3002,2026-08-31,5.63,5.65,5.56,5.56,340491,1909748.93,,,,render_normalized,tasi_2026-08-31_2026-08-31_20260831T153022596960Z,374b46eb50c52f8fd4d5c98f4b7cf8e0c79e078fd621a4b30f58d5382471b4af
3003,2026-08-02,10.06,10.22,10.06,10.1,621196,6292737.18,,,,render_normalized,tasi_2026-07-31_2026-08-02_20260802T153020127593Z,2eb23ca39fcf0e44fa270e6e4d6a1341261e22b2abfbc789ec2875a29009248b
3003,2026-08-03,10.14,10.19,10.1,10.18,591574,6008278.62,,,,render_normalized,tasi_2026-08-03_2026-08-03_20260803T153021496139Z,4b0f0fa9c3b343cf96fecea13101ae13ad2a21806fd55533770061ac5bb0689d
3003,2026-08-04,10.22,10.23,10.12,10.15,838547,8514762.52,,,,render_normalized,tasi_2026-08-04_2026-08-04_20260804T153023696814Z,32de4882671eec0a9062962d0f5591f8e56969b134d0070652d21718d4563e66
3003,2026-08-05,10.15,10.26,10.15,10.19,479399,4882027.19,,,,render_normalized,tasi_2026-08-05_2026-08-05_20260805T153024437012Z,9fd93f225e2663ef72017465f1af6b5bb1e9f620c1b69c07a1f0fd54b850091a
3003,2026-08-06,10.2,10.2,10.11,10.15,640265,6497640.94,,,,render_normalized,tasi_2026-08-06_2026-08-06_20260806T153021501965Z,6ff377152d0ead67e84f33bc0daa618a818145aa8e2f551c9273431d88ac3851
3003,2026-08-09,10.17,10.29,10.14,10.26,1292043,13208412.44,,,,render_normalized,tasi_2026-08-07_2026-08-09_20260809T153020287151Z,d7eb763bea83ef8684d027dfe3fb0fb7c951f2a9c34d7e37300eab6704449ed3
3003,2026-08-10,10.26,10.44,10.21,10.43,800973,8280948.54,,,,render_normalized,tasi_2026-08-10_2026-08-10_20260810T153020102570Z,84d11a25e4f1e5c1fd93cef767caa7b24135f07229eeaeab08169c657f7b53de
3003,2026-08-11,10.43,10.55,10.38,10.42,833571,8718412.15,,,,render_normalized,tasi_2026-08-11_2026-08-11_20260811T153022011718Z,2ca6395fd3fcc72ba670e2961883e5c743cbb0e78c08f0ae926df09c31320865
3003,2026-08-12,10.39,10.4,10.26,10.3,904057,9327006.73,,,,render_normalized,tasi_2026-08-12_2026-08-12_20260812T153021905708Z,8862a2d01571a3c9a9cdaef7d6c4c85e805809ad63506c8d9042aff3fa53b579
3003,2026-08-13,10.3,10.35,10.25,10.3,787525,8108374.35,,,,render_normalized,tasi_2026-08-13_2026-08-13_20260813T153020777659Z,e0b6e7e97827824585b899f3f5ae2a43f595aeae92435da9a370d3df14b68b99
3003,2026-08-16,10.08,10.13,10.01,10.08,799084,8042834.91,,,,render_normalized,tasi_2026-08-14_2026-08-16_20260816T153020395457Z,5392abdf5e4a97362d33f1f6287bf2bc003c7d4bb43d28918b8aa095af9310d7
3003,2026-08-17,10.1,10.12,9.99,10.03,856155,8586396.85,,,,render_normalized,tasi_2026-08-17_2026-08-17_20260817T153022794323Z,56ab1200186f32f6bf2b699463f355510bc0a3da931f38c90816013f38a2eaf0
3003,2026-08-18,10.06,10.11,10.02,10.03,583712,5875199.05,,,,render_normalized,tasi_2026-08-18_2026-08-18_20260818T153020653358Z,1cfd844fc98ba7ee716337d459294e8e314daaa0f85480a8e110399f3a6b856d
3003,2026-08-19,10.06,10.14,10.04,10.09,515819,5206131.77,,,,render_normalized,tasi_2026-08-19_2026-08-19_20260819T153022440747Z,c9f50859d8825bb8e17dc890cb696be42681eb6c5d61b3749a33257a86f3517b
3003,2026-08-20,10.09,10.18,10.09,10.15,504577,5111854.04,,,,render_normalized,tasi_2026-08-20_2026-08-28_20260827T215758538311Z,7a00d373848e778f83c80f1777575ad48a6a4c0c192fe2e6a4123b56ae26cdee
3003,2026-08-23,10.18,10.24,10.17,10.22,232923,2378862.68,,,,render_normalized,tasi_2026-08-20_2026-08-28_20260827T215758538311Z,7a00d373848e778f83c80f1777575ad48a6a4c0c192fe2e6a4123b56ae26cdee
3003,2026-08-24,10.2,10.32,10.18,10.24,621283,6367194.4,,,,render_normalized,tasi_2026-08-20_2026-08-28_20260827T215758538311Z,7a00d373848e778f83c80f1777575ad48a6a4c0c192fe2e6a4123b56ae26cdee
3003,2026-08-25,10.26,10.27,10.18,10.24,367296,3749596.55,,,,render_normalized,tasi_2026-08-20_2026-08-28_20260827T215758538311Z,7a00d373848e778f83c80f1777575ad48a6a4c0c192fe2e6a4123b56ae26cdee
3003,2026-08-26,10.24,10.3,10.19,10.19,583868,5979135.13,,,,render_normalized,tasi_2026-08-20_2026-08-28_20260827T215758538311Z,7a00d373848e778f83c80f1777575ad48a6a4c0c192fe2e6a4123b56ae26cdee
3003,2026-08-27,10.21,10.33,10.19,10.29,310181,3178934.16,,,,render_normalized,tasi_2026-08-20_2026-08-28_20260827T215758538311Z,7a00d373848e778f83c80f1777575ad48a6a4c0c192fe2e6a4123b56ae26cdee
3003,2026-08-30,10.31,10.32,10.26,10.28,360489,3708566.91,,,,render_normalized,tasi_2026-08-29_2026-08-30_20260830T153021490619Z,40f2932d214f44ed867e412ffba0369130210869179423e6eadc9f965765cdba
3003,2026-08-31,10.28,10.28,10.21,10.21,314392,3217481.47,,,,render_normalized,tasi_2026-08-31_2026-08-31_20260831T153022596960Z,374b46eb50c52f8fd4d5c98f4b7cf8e0c79e078fd621a4b30f58d5382471b4af
3004,2026-08-02,6.41,6.45,6.4,6.44,60056,385767.08,,,,render_normalized,tasi_2026-07-31_2026-08-02_20260802T153020127593Z,2eb23ca39fcf0e44fa270e6e4d6a1341261e22b2abfbc789ec2875a29009248b
3004,2026-08-03,6.44,6.47,6.41,6.47,138619,891734.22,,,,render_normalized,tasi_2026-08-03_2026-08-03_20260803T153021496139Z,4b0f0fa9c3b343cf96fecea13101ae13ad2a21806fd55533770061ac5bb0689d
3004,2026-08-04,6.5,6.58,6.46,6.54,163627,1066135.87,,,,render_normalized,tasi_2026-08-04_2026-08-04_20260804T153023696814Z,32de4882671eec0a9062962d0f5591f8e56969b134d0070652d21718d4563e66
3004,2026-08-05,6.54,6.58,6.53,6.55,66377,434930.59,,,,render_normalized,tasi_2026-08-05_2026-08-05_20260805T153024437012Z,9fd93f225e2663ef72017465f1af6b5bb1e9f620c1b69c07a1f0fd54b850091a
3004,2026-08-06,6.55,6.58,6.52,6.53,90110,589303.56,,,,render_normalized,tasi_2026-08-06_2026-08-06_20260806T153021501965Z,6ff377152d0ead67e84f33bc0daa618a818145aa8e2f551c9273431d88ac3851
3004,2026-08-09,6.6,6.76,6.59,6.63,564115,3752556.68,,,,render_normalized,tasi_2026-08-07_2026-08-09_20260809T153020287151Z,d7eb763bea83ef8684d027dfe3fb0fb7c951f2a9c34d7e37300eab6704449ed3
3004,2026-08-10,6.6,6.65,6.56,6.59,199506,1315615.59,,,,render_normalized,tasi_2026-08-10_2026-08-10_20260810T153020102570Z,84d11a25e4f1e5c1fd93cef767caa7b24135f07229eeaeab08169c657f7b53de
3004,2026-08-11,6.57,6.65,6.56,6.6,142225,938063.12,,,,render_normalized,tasi_2026-08-11_2026-08-11_20260811T153022011718Z,2ca6395fd3fcc72ba670e2961883e5c743cbb0e78c08f0ae926df09c31320865
3004,2026-08-12,6.61,6.65,6.57,6.61,136833,905426.92,,,,render_normalized,tasi_2026-08-12_2026-08-12_20260812T153021905708Z,8862a2d01571a3c9a9cdaef7d6c4c85e805809ad63506c8d9042aff3fa53b579
3004,2026-08-13,6.62,6.65,6.6,6.6,99984,661403.57,,,,render_normalized,tasi_2026-08-13_2026-08-13_20260813T153020777659Z,e0b6e7e97827824585b899f3f5ae2a43f595aeae92435da9a370d3df14b68b99
3004,2026-08-16,6.63,6.64,6.61,6.63,47388,313766.39,,,,render_normalized,tasi_2026-08-14_2026-08-16_20260816T153020395457Z,5392abdf5e4a97362d33f1f6287bf2bc003c7d4bb43d28918b8aa095af9310d7
3004,2026-08-17,6.61,6.66,6.61,6.66,127829,848665.74,,,,render_normalized,tasi_2026-08-17_2026-08-17_20260817T153022794323Z,56ab1200186f32f6bf2b699463f355510bc0a3da931f38c90816013f38a2eaf0
3004,2026-08-18,6.64,6.66,6.56,6.6,491200,3241522.42,,,,render_normalized,tasi_2026-08-18_2026-08-18_20260818T153020653358Z,1cfd844fc98ba7ee716337d459294e8e314daaa0f85480a8e110399f3a6b856d
3004,2026-08-19,6.6,6.61,6.51,6.59,353377,2321761.37,,,,render_normalized,tasi_2026-08-19_2026-08-19_20260819T153022440747Z,c9f50859d8825bb8e17dc890cb696be42681eb6c5d61b3749a33257a86f3517b
3004,2026-08-20,6.58,6.63,6.57,6.63,167406,1104489.69,,,,render_normalized,tasi_2026-08-20_2026-08-28_20260827T215758538311Z,7a00d373848e778f83c80f1777575ad48a6a4c0c192fe2e6a4123b56ae26cdee
3004,2026-08-23,6.6,6.66,6.59,6.63,219089,1448279.62,,,,render_normalized,tasi_2026-08-20_2026-08-28_20260827T215758538311Z,7a00d373848e778f83c80f1777575ad48a6a4c0c192fe2e6a4123b56ae26cdee
3004,2026-08-24,6.83,7.09,6.82,7.06,2665531,18610540.02,,,,render_normalized,tasi_2026-08-20_2026-08-28_20260827T215758538311Z,7a00d373848e778f83c80f1777575ad48a6a4c0c192fe2e6a4123b56ae26cdee
3004,2026-08-25,7.06,7.12,7.0,7.1,646032,4567394.97,,,,render_normalized,tasi_2026-08-20_2026-08-28_20260827T215758538311Z,7a00d373848e778f83c80f1777575ad48a6a4c0c192fe2e6a4123b56ae26cdee
3004,2026-08-26,7.1,7.15,7.05,7.13,583065,4146970.59,,,,render_normalized,tasi_2026-08-20_2026-08-28_20260827T215758538311Z,7a00d373848e778f83c80f1777575ad48a6a4c0c192fe2e6a4123b56ae26cdee
3004,2026-08-27,7.13,7.19,7.1,7.18,1035050,7401938.88,,,,render_normalized,tasi_2026-08-20_2026-08-28_20260827T215758538311Z,7a00d373848e778f83c80f1777575ad48a6a4c0c192fe2e6a4123b56ae26cdee
3004,2026-08-30,6.9,6.98,6.79,6.79,1174533,8071629.94,,,,render_normalized,tasi_2026-08-29_2026-08-30_20260830T153021490619Z,40f2932d214f44ed867e412ffba0369130210869179423e6eadc9f965765cdba
3004,2026-08-31,6.8,6.8,6.66,6.66,455312,3059100.71,,,,render_normalized,tasi_2026-08-31_2026-08-31_20260831T153022596960Z,374b46eb50c52f8fd4d5c98f4b7cf8e0c79e078fd621a4b30f58d5382471b4af
3005,2026-08-02,13.3,13.34,13.13,13.2,90797,1202098.22,,,,render_normalized,tasi_2026-07-31_2026-08-02_20260802T153020127593Z,2eb23ca39fcf0e44fa270e6e4d6a1341261e22b2abfbc789ec2875a29009248b
3005,2026-08-03,13.18,13.4,13.18,13.35,100792,1338109.58,,,,render_normalized,tasi_2026-08-03_2026-08-03_20260803T153021496139Z,4b0f0fa9c3b343cf96fecea13101ae13ad2a21806fd55533770061ac5bb0689d
3005,2026-08-04,13.5,13.74,13.3,13.6,106343,1427205.99,,,,render_normalized,tasi_2026-08-04_2026-08-04_20260804T153023696814Z,32de4882671eec0a9062962d0f5591f8e56969b134d0070652d21718d4563e66
3005,2026-08-05,13.75,13.88,13.66,13.75,251768,3462894.53,,,,render_normalized,tasi_2026-08-05_2026-08-05_20260805T153024437012Z,9fd93f225e2663ef72017465f1af6b5bb1e9f620c1b69c07a1f0fd54b850091a
3005,2026-08-06,13.01,13.32,12.83,12.89,436089,5636729.8,,,,render_normalized,tasi_2026-08-06_2026-08-06_20260806T153021501965Z,6ff377152d0ead67e84f33bc0daa618a818145aa8e2f551c9273431d88ac3851
3005,2026-08-09,12.89,12.95,12.63,12.79,124714,1595338.69,,,,render_normalized,tasi_2026-08-07_2026-08-09_20260809T153020287151Z,d7eb763bea83ef8684d027dfe3fb0fb7c951f2a9c34d7e37300eab6704449ed3
3005,2026-08-10,12.79,12.79,12.59,12.64,117109,1484146.0,,,,render_normalized,tasi_2026-08-10_2026-08-10_20260810T153020102570Z,84d11a25e4f1e5c1fd93cef767caa7b24135f07229eeaeab08169c657f7b53de
3005,2026-08-11,12.64,12.72,12.5,12.51,75204,944450.37,,,,render_normalized,tasi_2026-08-11_2026-08-11_20260811T153022011718Z,2ca6395fd3fcc72ba670e2961883e5c743cbb0e78c08f0ae926df09c31320865
3005,2026-08-12,12.44,12.5,12.35,12.37,53483,663752.47,,,,render_normalized,tasi_2026-08-12_2026-08-12_20260812T153021905708Z,8862a2d01571a3c9a9cdaef7d6c4c85e805809ad63506c8d9042aff3fa53b579
3005,2026-08-13,12.35,12.37,12.12,12.22,74492,910132.46,,,,render_normalized,tasi_2026-08-13_2026-08-13_20260813T153020777659Z,e0b6e7e97827824585b899f3f5ae2a43f595aeae92435da9a370d3df14b68b99
3005,2026-08-16,12.22,12.35,12.21,12.25,30557,374545.52,,,,render_normalized,tasi_2026-08-14_2026-08-16_20260816T153020395457Z,5392abdf5e4a97362d33f1f6287bf2bc003c7d4bb43d28918b8aa095af9310d7
3005,2026-08-17,12.25,12.4,12.11,12.4,70154,859379.17,,,,render_normalized,tasi_2026-08-17_2026-08-17_20260817T153022794323Z,56ab1200186f32f6bf2b699463f355510bc0a3da931f38c90816013f38a2eaf0
3005,2026-08-18,12.47,12.47,12.21,12.22,64167,786569.73,,,,render_normalized,tasi_2026-08-18_2026-08-18_20260818T153020653358Z,1cfd844fc98ba7ee716337d459294e8e314daaa0f85480a8e110399f3a6b856d
3005,2026-08-19,12.22,12.38,12.22,12.26,50794,623995.56,,,,render_normalized,tasi_2026-08-19_2026-08-19_20260819T153022440747Z,c9f50859d8825bb8e17dc890cb696be42681eb6c5d61b3749a33257a86f3517b
3005,2026-08-20,12.24,12.48,12.24,12.42,49866,618513.78,,,,render_normalized,tasi_2026-08-20_2026-08-28_20260827T215758538311Z,7a00d373848e778f83c80f1777575ad48a6a4c0c192fe2e6a4123b56ae26cdee
3005,2026-08-23,12.42,12.55,12.39,12.55,52401,655030.6,,,,render_normalized,tasi_2026-08-20_2026-08-28_20260827T215758538311Z,7a00d373848e778f83c80f1777575ad48a6a4c0c192fe2e6a4123b56ae26cdee
3005,2026-08-24,12.6,12.64,12.51,12.53,66932,842065.5,,,,render_normalized,tasi_2026-08-20_2026-08-28_20260827T215758538311Z,7a00d373848e778f83c80f1777575ad48a6a4c0c192fe2e6a4123b56ae26cdee
3005,2026-08-25,12.5,12.53,12.38,12.41,50998,633680.39,,,,render_normalized,tasi_2026-08-20_2026-08-28_20260827T215758538311Z,7a00d373848e778f83c80f1777575ad48a6a4c0c192fe2e6a4123b56ae26cdee
3005,2026-08-26,12.35,12.55,12.35,12.52,42933,535235.02,,,,render_normalized,tasi_2026-08-20_2026-08-28_20260827T215758538311Z,7a00d373848e778f83c80f1777575ad48a6a4c0c192fe2e6a4123b56ae26cdee
3005,2026-08-27,12.55,12.55,12.41,12.48,63065,785709.42,,,,render_normalized,tasi_2026-08-20_2026-08-28_20260827T215758538311Z,7a00d373848e778f83c80f1777575ad48a6a4c0c192fe2e6a4123b56ae26cdee
3005,2026-08-30,12.5,12.51,12.37,12.39,36239,450092.85,,,,render_normalized,tasi_2026-08-29_2026-08-30_20260830T153021490619Z,40f2932d214f44ed867e412ffba0369130210869179423e6eadc9f965765cdba
3005,2026-08-31,12.37,12.38,12.27,12.29,43777,538658.78,,,,render_normalized,tasi_2026-08-31_2026-08-31_20260831T153022596960Z,374b46eb50c52f8fd4d5c98f4b7cf8e0c79e078fd621a4b30f58d5382471b4af
3007,2026-08-02,2.75,2.75,2.67,2.73,1530310,4159489.1,,,,render_normalized,tasi_2026-07-31_2026-08-02_20260802T153020127593Z,2eb23ca39fcf0e44fa270e6e4d6a1341261e22b2abfbc789ec2875a29009248b
3007,2026-08-03,2.73,2.83,2.72,2.8,2136695,5941614.23,,,,render_normalized,tasi_2026-08-03_2026-08-03_20260803T153021496139Z,4b0f0fa9c3b343cf96fecea13101ae13ad2a21806fd55533770061ac5bb0689d
3007,2026-08-04,2.8,2.88,2.79,2.86,1781617,5057197.85,,,,render_normalized,tasi_2026-08-04_2026-08-04_20260804T153023696814Z,32de4882671eec0a9062962d0f5591f8e56969b134d0070652d21718d4563e66
3007,2026-08-05,2.86,2.9,2.84,2.85,1529126,4380543.9,,,,render_normalized,tasi_2026-08-05_2026-08-05_20260805T153024437012Z,9fd93f225e2663ef72017465f1af6b5bb1e9f620c1b69c07a1f0fd54b850091a
3007,2026-08-06,2.84,2.91,2.84,2.9,1418977,4090190.99,,,,render_normalized,tasi_2026-08-06_2026-08-06_20260806T153021501965Z,6ff377152d0ead67e84f33bc0daa618a818145aa8e2f551c9273431d88ac3851
3007,2026-08-09,2.91,2.95,2.86,2.88,1243174,3599748.87,,,,render_normalized,tasi_2026-08-07_2026-08-09_20260809T153020287151Z,d7eb763bea83ef8684d027dfe3fb0fb7c951f2a9c34d7e37300eab6704449ed3
3007,2026-08-10,2.89,2.93,2.85,2.89,1590783,4596570.85,,,,render_normalized,tasi_2026-08-10_2026-08-10_20260810T153020102570Z,84d11a25e4f1e5c1fd93cef767caa7b24135f07229eeaeab08169c657f7b53de
3007,2026-08-11,2.9,2.9,2.85,2.88,844471,2425314.78,,,,render_normalized,tasi_2026-08-11_2026-08-11_20260811T153022011718Z,2ca6395fd3fcc72ba670e2961883e5c743cbb0e78c08f0ae926df09c31320865
3007,2026-08-12,2.9,2.9,2.85,2.85,343411,984683.44,,,,render_normalized,tasi_2026-08-12_2026-08-12_20260812T153021905708Z,8862a2d01571a3c9a9cdaef7d6c4c85e805809ad63506c8d9042aff3fa53b579
3007,2026-08-13,2.84,2.86,2.8,2.82,418136,1179899.41,,,,render_normalized,tasi_2026-08-13_2026-08-13_20260813T153020777659Z,e0b6e7e97827824585b899f3f5ae2a43f595aeae92435da9a370d3df14b68b99
3007,2026-08-16,2.83,2.85,2.8,2.82,359119,1016779.05,,,,render_normalized,tasi_2026-08-14_2026-08-16_20260816T153020395457Z,5392abdf5e4a97362d33f1f6287bf2bc003c7d4bb43d28918b8aa095af9310d7
3007,2026-08-17,2.82,2.82,2.76,2.77,845473,2351115.39,,,,render_normalized,tasi_2026-08-17_2026-08-17_20260817T153022794323Z,56ab1200186f32f6bf2b699463f355510bc0a3da931f38c90816013f38a2eaf0
3007,2026-08-18,2.76,2.78,2.73,2.75,712068,1957962.14,,,,render_normalized,tasi_2026-08-18_2026-08-18_20260818T153020653358Z,1cfd844fc98ba7ee716337d459294e8e314daaa0f85480a8e110399f3a6b856d
3007,2026-08-19,2.74,2.78,2.74,2.75,599720,1653402.1,,,,render_normalized,tasi_2026-08-19_2026-08-19_20260819T153022440747Z,c9f50859d8825bb8e17dc890cb696be42681eb6c5d61b3749a33257a86f3517b
3007,2026-08-20,2.75,2.77,2.74,2.75,466935,1286021.29,,,,render_normalized,tasi_2026-08-20_2026-08-28_20260827T215758538311Z,7a00d373848e778f83c80f1777575ad48a6a4c0c192fe2e6a4123b56ae26cdee
3007,2026-08-23,2.77,2.84,2.77,2.81,680213,1903648.14,,,,render_normalized,tasi_2026-08-20_2026-08-28_20260827T215758538311Z,7a00d373848e778f83c80f1777575ad48a6a4c0c192fe2e6a4123b56ae26cdee
3007,2026-08-24,2.86,2.92,2.86,2.87,1954724,5630166.74,,,,render_normalized,tasi_2026-08-20_2026-08-28_20260827T215758538311Z,7a00d373848e778f83c80f1777575ad48a6a4c0c192fe2e6a4123b56ae26cdee
3007,2026-08-25,2.88,2.91,2.86,2.87,980485,2828967.94,,,,render_normalized,tasi_2026-08-20_2026-08-28_20260827T215758538311Z,7a00d373848e778f83c80f1777575ad48a6a4c0c192fe2e6a4123b56ae26cdee
3007,2026-08-26,2.88,2.88,2.83,2.85,600927,1709824.95,,,,render_normalized,tasi_2026-08-20_2026-08-28_20260827T215758538311Z,7a00d373848e778f83c80f1777575ad48a6a4c0c192fe2e6a4123b56ae26cdee
3007,2026-08-27,2.85,2.85,2.81,2.83,344131,971172.15,,,,render_normalized,tasi_2026-08-20_2026-08-28_20260827T215758538311Z,7a00d373848e778f83c80f1777575ad48a6a4c0c192fe2e6a4123b56ae26cdee
3007,2026-08-30,2.82,2.84,2.8,2.82,552004,1555268.5,,,,render_normalized,tasi_2026-08-29_2026-08-30_20260830T153021490619Z,40f2932d214f44ed867e412ffba0369130210869179423e6eadc9f965765cdba
3007,2026-08-31,2.83,2.83,2.77,2.79,416771,1165711.96,,,,render_normalized,tasi_2026-08-31_2026-08-31_20260831T153022596960Z,374b46eb50c52f8fd4d5c98f4b7cf8e0c79e078fd621a4b30f58d5382471b4af
3008,2026-08-02,1.35,1.36,1.33,1.36,2062614,2778532.81,,,,render_normalized,tasi_2026-07-31_2026-08-02_20260802T153020127593Z,2eb23ca39fcf0e44fa270e6e4d6a1341261e22b2abfbc789ec2875a29009248b
3008,2026-08-03,1.35,1.42,1.35,1.41,5926995,8239058.0,,,,render_normalized,tasi_2026-08-03_2026-08-03_20260803T153021496139Z,4b0f0fa9c3b343cf96fecea13101ae13ad2a21806fd55533770061ac5bb0689d
3008,2026-08-04,1.41,1.43,1.4,1.42,1862255,2640324.3,,,,render_normalized,tasi_2026-08-04_2026-08-04_20260804T153023696814Z,32de4882671eec0a9062962d0f5591f8e56969b134d0070652d21718d4563e66
3008,2026-08-05,1.42,1.43,1.41,1.43,1211241,1718595.53,,,,render_normalized,tasi_2026-08-05_2026-08-05_20260805T153024437012Z,9fd93f225e2663ef72017465f1af6b5bb1e9f620c1b69c07a1f0fd54b850091a
3008,2026-08-06,1.43,1.43,1.41,1.42,893458,1268592.68,,,,render_normalized,tasi_2026-08-06_2026-08-06_20260806T153021501965Z,6ff377152d0ead67e84f33bc0daa618a818145aa8e2f551c9273431d88ac3851
3008,2026-08-09,1.42,1.42,1.4,1.41,634392,891493.27,,,,render_normalized,tasi_2026-08-07_2026-08-09_20260809T153020287151Z,d7eb763bea83ef8684d027dfe3fb0fb7c951f2a9c34d7e37300eab6704449ed3
3008,2026-08-10,1.4,1.4,1.38,1.38,1626042,2253194.78,,,,render_normalized,tasi_2026-08-10_2026-08-10_20260810T153020102570Z,84d11a25e4f1e5c1fd93cef767caa7b24135f07229eeaeab08169c657f7b53de
3008,2026-08-11,1.39,1.39,1.37,1.39,592984,819870.9,,,,render_normalized,tasi_2026-08-11_2026-08-11_20260811T153022011718Z,2ca6395fd3fcc72ba670e2961883e5c743cbb0e78c08f0ae926df09c31320865
3008,2026-08-13,1.37,1.38,1.35,1.35,1193165,1619875.43,,,,render_normalized,tasi_2026-08-13_2026-08-13_20260813T153020777659Z,e0b6e7e97827824585b899f3f5ae2a43f595aeae92435da9a370d3df14b68b99
3008,2026-08-16,1.36,1.37,1.28,1.3,7119790,9368528.77,,,,render_normalized,tasi_2026-08-14_2026-08-16_20260816T153020395457Z,5392abdf5e4a97362d33f1f6287bf2bc003c7d4bb43d28918b8aa095af9310d7
3008,2026-08-17,1.3,1.3,1.17,1.17,25999953,31051808.67,,,,render_normalized,tasi_2026-08-17_2026-08-17_20260817T153022794323Z,56ab1200186f32f6bf2b699463f355510bc0a3da931f38c90816013f38a2eaf0
3008,2026-08-18,1.17,1.17,1.12,1.16,11368341,13024166.4,,,,render_normalized,tasi_2026-08-18_2026-08-18_20260818T153020653358Z,1cfd844fc98ba7ee716337d459294e8e314daaa0f85480a8e110399f3a6b856d
3008,2026-08-19,1.16,1.18,1.14,1.16,7359196,8570854.13,,,,render_normalized,tasi_2026-08-19_2026-08-19_20260819T153022440747Z,c9f50859d8825bb8e17dc890cb696be42681eb6c5d61b3749a33257a86f3517b
3008,2026-08-20,1.16,1.17,1.13,1.15,9554740,10958483.05,,,,render_normalized,tasi_2026-08-20_2026-08-28_20260827T215758538311Z,7a00d373848e778f83c80f1777575ad48a6a4c0c192fe2e6a4123b56ae26cdee
3008,2026-08-23,1.16,1.17,1.14,1.14,4003513,4601410.1,,,,render_normalized,tasi_2026-08-20_2026-08-28_20260827T215758538311Z,7a00d373848e778f83c80f1777575ad48a6a4c0c192fe2e6a4123b56ae26cdee
3008,2026-08-24,1.15,1.17,1.13,1.16,7366737,8517647.74,,,,render_normalized,tasi_2026-08-20_2026-08-28_20260827T215758538311Z,7a00d373848e778f83c80f1777575ad48a6a4c0c192fe2e6a4123b56ae26cdee
3008,2026-08-25,1.17,1.27,1.16,1.27,20387877,25246927.6,,,,render_normalized,tasi_2026-08-20_2026-08-28_20260827T215758538311Z,7a00d373848e778f83c80f1777575ad48a6a4c0c192fe2e6a4123b56ae26cdee
3008,2026-08-26,1.36,1.37,1.25,1.27,44472006,57800284.2,,,,render_normalized,tasi_2026-08-20_2026-08-28_20260827T215758538311Z,7a00d373848e778f83c80f1777575ad48a6a4c0c192fe2e6a4123b56ae26cdee
3008,2026-08-27,1.25,1.26,1.2,1.22,13747712,16877989.81,,,,render_normalized,tasi_2026-08-20_2026-08-28_20260827T215758538311Z,7a00d373848e778f83c80f1777575ad48a6a4c0c192fe2e6a4123b56ae26cdee
3008,2026-08-30,1.24,1.26,1.22,1.24,4701625,5805946.37,,,,render_normalized,tasi_2026-08-29_2026-08-30_20260830T153021490619Z,40f2932d214f44ed867e412ffba0369130210869179423e6eadc9f965765cdba
3008,2026-08-31,1.23,1.24,1.21,1.21,4585635,5577951.06,,,,render_normalized,tasi_2026-08-31_2026-08-31_20260831T153022596960Z,374b46eb50c52f8fd4d5c98f4b7cf8e0c79e078fd621a4b30f58d5382471b4af
3010,2026-08-02,22.19,22.19,21.95,22.03,194417,4279317.43,,,,render_normalized,tasi_2026-07-31_2026-08-02_20260802T153020127593Z,2eb23ca39fcf0e44fa270e6e4d6a1341261e22b2abfbc789ec2875a29009248b
3010,2026-08-03,22.14,22.23,21.89,22.23,234511,5163806.78,,,,render_normalized,tasi_2026-08-03_2026-08-03_20260803T153021496139Z,4b0f0fa9c3b343cf96fecea13101ae13ad2a21806fd55533770061ac5bb0689d
3010,2026-08-04,22.23,22.38,22.14,22.38,228671,5096049.87,,,,render_normalized,tasi_2026-08-04_2026-08-04_20260804T153023696814Z,32de4882671eec0a9062962d0f5591f8e56969b134d0070652d21718d4563e66
3010,2026-08-05,22.49,22.63,22.35,22.56,202476,4557542.82,,,,render_normalized,tasi_2026-08-05_2026-08-05_20260805T153024437012Z,9fd93f225e2663ef72017465f1af6b5bb1e9f620c1b69c07a1f0fd54b850091a
3010,2026-08-06,22.5,22.58,22.34,22.44,115967,2606309.72,,,,render_normalized,tasi_2026-08-06_2026-08-06_20260806T153021501965Z,6ff377152d0ead67e84f33bc0daa618a818145aa8e2f551c9273431d88ac3851
3010,2026-08-09,22.4,22.47,22.18,22.22,88574,1971229.57,,,,render_normalized,tasi_2026-08-07_2026-08-09_20260809T153020287151Z,d7eb763bea83ef8684d027dfe3fb0fb7c951f2a9c34d7e37300eab6704449ed3
3010,2026-08-10,22.22,22.32,22.08,22.26,122389,2714656.11,,,,render_normalized,tasi_2026-08-10_2026-08-10_20260810T153020102570Z,84d11a25e4f1e5c1fd93cef767caa7b24135f07229eeaeab08169c657f7b53de
3010,2026-08-11,22.24,22.24,22.08,22.1,192702,4263814.54,,,,render_normalized,tasi_2026-08-11_2026-08-11_20260811T153022011718Z,2ca6395fd3fcc72ba670e2961883e5c743cbb0e78c08f0ae926df09c31320865
3010,2026-08-12,22.08,22.22,22.07,22.2,69577,1540244.49,,,,render_normalized,tasi_2026-08-12_2026-08-12_20260812T153021905708Z,8862a2d01571a3c9a9cdaef7d6c4c85e805809ad63506c8d9042aff3fa53b579
3010,2026-08-13,22.11,22.24,22.01,22.11,119171,2630977.1,,,,render_normalized,tasi_2026-08-13_2026-08-13_20260813T153020777659Z,e0b6e7e97827824585b899f3f5ae2a43f595aeae92435da9a370d3df14b68b99
3010,2026-08-16,22.12,22.4,22.11,22.24,293342,6532430.35,,,,render_normalized,tasi_2026-08-14_2026-08-16_20260816T153020395457Z,5392abdf5e4a97362d33f1f6287bf2bc003c7d4bb43d28918b8aa095af9310d7
3010,2026-08-17,21.52,22.24,21.52,21.64,376575,8134106.02,,,,render_normalized,tasi_2026-08-17_2026-08-17_20260817T153022794323Z,56ab1200186f32f6bf2b699463f355510bc0a3da931f38c90816013f38a2eaf0
3010,2026-08-18,21.6,21.8,21.52,21.77,212824,4602037.93,,,,render_normalized,tasi_2026-08-18_2026-08-18_20260818T153020653358Z,1cfd844fc98ba7ee716337d459294e8e314daaa0f85480a8e110399f3a6b856d
3010,2026-08-19,21.7,21.92,21.54,21.92,153712,3337581.14,,,,render_normalized,tasi_2026-08-19_2026-08-19_20260819T153022440747Z,c9f50859d8825bb8e17dc890cb696be42681eb6c5d61b3749a33257a86f3517b
3010,2026-08-20,21.93,21.93,21.58,21.74,256288,5566665.39,,,,render_normalized,tasi_2026-08-20_2026-08-28_20260827T215758538311Z,7a00d373848e778f83c80f1777575ad48a6a4c0c192fe2e6a4123b56ae26cdee
3010,2026-08-23,21.72,21.84,21.72,21.81,105990,2307818.15,,,,render_normalized,tasi_2026-08-20_2026-08-28_20260827T215758538311Z,7a00d373848e778f83c80f1777575ad48a6a4c0c192fe2e6a4123b56ae26cdee
3010,2026-08-24,21.81,21.97,21.56,21.9,131131,2871817.09,,,,render_normalized,tasi_2026-08-20_2026-08-28_20260827T215758538311Z,7a00d373848e778f83c80f1777575ad48a6a4c0c192fe2e6a4123b56ae26cdee
3010,2026-08-25,21.88,21.91,21.8,21.82,69124,1508544.81,,,,render_normalized,tasi_2026-08-20_2026-08-28_20260827T215758538311Z,7a00d373848e778f83c80f1777575ad48a6a4c0c192fe2e6a4123b56ae26cdee
3010,2026-08-26,21.75,21.88,21.75,21.77,40522,883212.39,,,,render_normalized,tasi_2026-08-20_2026-08-28_20260827T215758538311Z,7a00d373848e778f83c80f1777575ad48a6a4c0c192fe2e6a4123b56ae26cdee
3010,2026-08-27,21.8,21.9,21.8,21.82,130639,2855255.37,,,,render_normalized,tasi_2026-08-20_2026-08-28_20260827T215758538311Z,7a00d373848e778f83c80f1777575ad48a6a4c0c192fe2e6a4123b56ae26cdee
3010,2026-08-30,21.92,21.92,21.76,21.85,106888,2331825.87,,,,render_normalized,tasi_2026-08-29_2026-08-30_20260830T153021490619Z,40f2932d214f44ed867e412ffba0369130210869179423e6eadc9f965765cdba
3010,2026-08-31,21.8,21.87,21.5,21.5,305231,6598938.74,,,,render_normalized,tasi_2026-08-31_2026-08-31_20260831T153022596960Z,374b46eb50c52f8fd4d5c98f4b7cf8e0c79e078fd621a4b30f58d5382471b4af
3020,2026-08-02,22.63,22.63,22.13,22.31,350858,7840647.81,,,,render_normalized,tasi_2026-07-31_2026-08-02_20260802T153020127593Z,2eb23ca39fcf0e44fa270e6e4d6a1341261e22b2abfbc789ec2875a29009248b
3020,2026-08-03,22.6,23.06,22.37,22.93,673254,15330581.32,,,,render_normalized,tasi_2026-08-03_2026-08-03_20260803T153021496139Z,4b0f0fa9c3b343cf96fecea13101ae13ad2a21806fd55533770061ac5bb0689d
3020,2026-08-04,22.93,23.44,22.65,23.25,572967,13274823.72,,,,render_normalized,tasi_2026-08-04_2026-08-04_20260804T153023696814Z,32de4882671eec0a9062962d0f5591f8e56969b134d0070652d21718d4563e66
3020,2026-08-05,23.25,23.44,23.09,23.1,360499,8368745.63,,,,render_normalized,tasi_2026-08-05_2026-08-05_20260805T153024437012Z,9fd93f225e2663ef72017465f1af6b5bb1e9f620c1b69c07a1f0fd54b850091a
3020,2026-08-06,23.1,23.17,22.85,22.94,367337,8438036.96,,,,render_normalized,tasi_2026-08-06_2026-08-06_20260806T153021501965Z,6ff377152d0ead67e84f33bc0daa618a818145aa8e2f551c9273431d88ac3851
3020,2026-08-09,22.94,23.07,22.81,23.0,113232,2602917.38,,,,render_normalized,tasi_2026-08-07_2026-08-09_20260809T153020287151Z,d7eb763bea83ef8684d027dfe3fb0fb7c951f2a9c34d7e37300eab6704449ed3
3020,2026-08-10,23.1,23.3,22.92,23.2,205660,4761450.63,,,,render_normalized,tasi_2026-08-10_2026-08-10_20260810T153020102570Z,84d11a25e4f1e5c1fd93cef767caa7b24135f07229eeaeab08169c657f7b53de
3020,2026-08-11,23.2,23.24,23.04,23.23,357538,8286381.35,,,,render_normalized,tasi_2026-08-11_2026-08-11_20260811T153022011718Z,2ca6395fd3fcc72ba670e2961883e5c743cbb0e78c08f0ae926df09c31320865
3020,2026-08-12,23.16,23.21,22.98,23.08,433919,10019288.52,,,,render_normalized,tasi_2026-08-12_2026-08-12_20260812T153021905708Z,8862a2d01571a3c9a9cdaef7d6c4c85e805809ad63506c8d9042aff3fa53b579
3020,2026-08-13,23.08,23.41,23.03,23.21,374708,8723188.55,,,,render_normalized,tasi_2026-08-13_2026-08-13_20260813T153020777659Z,e0b6e7e97827824585b899f3f5ae2a43f595aeae92435da9a370d3df14b68b99
3020,2026-08-16,23.24,23.37,23.21,23.27,106112,2471366.44,,,,render_normalized,tasi_2026-08-14_2026-08-16_20260816T153020395457Z,5392abdf5e4a97362d33f1f6287bf2bc003c7d4bb43d28918b8aa095af9310d7
3020,2026-08-17,23.27,23.35,23.16,23.31,301055,7014798.95,,,,render_normalized,tasi_2026-08-17_2026-08-17_20260817T153022794323Z,56ab1200186f32f6bf2b699463f355510bc0a3da931f38c90816013f38a2eaf0
3020,2026-08-18,23.2,23.35,23.11,23.19,411764,9548350.0,,,,render_normalized,tasi_2026-08-18_2026-08-18_20260818T153020653358Z,1cfd844fc98ba7ee716337d459294e8e314daaa0f85480a8e110399f3a6b856d
3020,2026-08-19,23.19,23.32,23.13,23.3,143294,3328485.26,,,,render_normalized,tasi_2026-08-19_2026-08-19_20260819T153022440747Z,c9f50859d8825bb8e17dc890cb696be42681eb6c5d61b3749a33257a86f3517b
3020,2026-08-20,23.31,23.44,23.25,23.39,210142,4906683.62,,,,render_normalized,tasi_2026-08-20_2026-08-28_20260827T215758538311Z,7a00d373848e778f83c80f1777575ad48a6a4c0c192fe2e6a4123b56ae26cdee
3020,2026-08-23,23.39,23.57,23.32,23.37,257710,6033165.46,,,,render_normalized,tasi_2026-08-20_2026-08-28_20260827T215758538311Z,7a00d373848e778f83c80f1777575ad48a6a4c0c192fe2e6a4123b56ae26cdee
3020,2026-08-24,23.35,23.53,23.34,23.45,530214,12418711.29,,,,render_normalized,tasi_2026-08-20_2026-08-28_20260827T215758538311Z,7a00d373848e778f83c80f1777575ad48a6a4c0c192fe2e6a4123b56ae26cdee
3020,2026-08-25,23.4,23.46,23.34,23.42,269489,6299997.87,,,,render_normalized,tasi_2026-08-20_2026-08-28_20260827T215758538311Z,7a00d373848e778f83c80f1777575ad48a6a4c0c192fe2e6a4123b56ae26cdee
3020,2026-08-26,23.36,23.63,23.36,23.6,548201,12892441.53,,,,render_normalized,tasi_2026-08-20_2026-08-28_20260827T215758538311Z,7a00d373848e778f83c80f1777575ad48a6a4c0c192fe2e6a4123b56ae26cdee
3020,2026-08-27,23.64,23.7,23.54,23.63,465657,10996277.31,,,,render_normalized,tasi_2026-08-20_2026-08-28_20260827T215758538311Z,7a00d373848e778f83c80f1777575ad48a6a4c0c192fe2e6a4123b56ae26cdee
3020,2026-08-30,23.5,23.67,23.49,23.57,247927,5836413.68,,,,render_normalized,tasi_2026-08-29_2026-08-30_20260830T153021490619Z,40f2932d214f44ed867e412ffba0369130210869179423e6eadc9f965765cdba
3020,2026-08-31,23.48,23.63,23.3,23.32,843792,19779404.64,,,,render_normalized,tasi_2026-08-31_2026-08-31_20260831T153022596960Z,374b46eb50c52f8fd4d5c98f4b7cf8e0c79e078fd621a4b30f58d5382471b4af
3030,2026-08-02,28.44,28.5,28.16,28.4,177792,5051479.8,,,,render_normalized,tasi_2026-07-31_2026-08-02_20260802T153020127593Z,2eb23ca39fcf0e44fa270e6e4d6a1341261e22b2abfbc789ec2875a29009248b
3030,2026-08-03,28.2,28.6,28.1,28.44,283283,8018217.94,,,,render_normalized,tasi_2026-08-03_2026-08-03_20260803T153021496139Z,4b0f0fa9c3b343cf96fecea13101ae13ad2a21806fd55533770061ac5bb0689d
3030,2026-08-04,28.46,28.5,28.1,28.44,221762,6278918.46,,,,render_normalized,tasi_2026-08-04_2026-08-04_20260804T153023696814Z,32de4882671eec0a9062962d0f5591f8e56969b134d0070652d21718d4563e66
3030,2026-08-05,28.4,28.46,28.1,28.22,201197,5693427.84,,,,render_normalized,tasi_2026-08-05_2026-08-05_20260805T153024437012Z,9fd93f225e2663ef72017465f1af6b5bb1e9f620c1b69c07a1f0fd54b850091a
3030,2026-08-06,28.2,28.28,28.02,28.1,201429,5665498.74,,,,render_normalized,tasi_2026-08-06_2026-08-06_20260806T153021501965Z,6ff377152d0ead67e84f33bc0daa618a818145aa8e2f551c9273431d88ac3851
3030,2026-08-09,28.22,28.4,28.16,28.3,119514,3379608.2,,,,render_normalized,tasi_2026-08-07_2026-08-09_20260809T153020287151Z,d7eb763bea83ef8684d027dfe3fb0fb7c951f2a9c34d7e37300eab6704449ed3
3030,2026-08-10,28.5,28.54,28.1,28.18,173352,4899555.28,,,,render_normalized,tasi_2026-08-10_2026-08-10_20260810T153020102570Z,84d11a25e4f1e5c1fd93cef767caa7b24135f07229eeaeab08169c657f7b53de
3030,2026-08-11,28.18,28.28,27.96,28.04,314841,8839752.16,,,,render_normalized,tasi_2026-08-11_2026-08-11_20260811T153022011718Z,2ca6395fd3fcc72ba670e2961883e5c743cbb0e78c08f0ae926df09c31320865
3030,2026-08-12,28.06,28.1,27.82,27.82,181242,5067313.62,,,,render_normalized,tasi_2026-08-12_2026-08-12_20260812T153021905708Z,8862a2d01571a3c9a9cdaef7d6c4c85e805809ad63506c8d9042aff3fa53b579
3030,2026-08-13,27.84,28.06,27.7,27.9,172771,4815913.74,,,,render_normalized,tasi_2026-08-13_2026-08-13_20260813T153020777659Z,e0b6e7e97827824585b899f3f5ae2a43f595aeae92435da9a370d3df14b68b99
3030,2026-08-16,27.9,28.18,27.9,27.98,240718,6744194.52,,,,render_normalized,tasi_2026-08-14_2026-08-16_20260816T153020395457Z,5392abdf5e4a97362d33f1f6287bf2bc003c7d4bb43d28918b8aa095af9310d7
3030,2026-08-17,27.98,28.18,27.98,28.04,113035,3173390.68,,,,render_normalized,tasi_2026-08-17_2026-08-17_20260817T153022794323Z,56ab1200186f32f6bf2b699463f355510bc0a3da931f38c90816013f38a2eaf0
3030,2026-08-18,28.0,28.18,27.92,28.0,119718,3353408.34,,,,render_normalized,tasi_2026-08-18_2026-08-18_20260818T153020653358Z,1cfd844fc98ba7ee716337d459294e8e314daaa0f85480a8e110399f3a6b856d
3030,2026-08-19,28.18,28.18,27.94,28.06,53737,1506934.04,,,,render_normalized,tasi_2026-08-19_2026-08-19_20260819T153022440747Z,c9f50859d8825bb8e17dc890cb696be42681eb6c5d61b3749a33257a86f3517b
3030,2026-08-20,28.1,28.4,28.08,28.32,217653,6148895.68,,,,render_normalized,tasi_2026-08-20_2026-08-28_20260827T215758538311Z,7a00d373848e778f83c80f1777575ad48a6a4c0c192fe2e6a4123b56ae26cdee
3030,2026-08-23,28.92,28.92,28.38,28.66,130743,3740284.12,,,,render_normalized,tasi_2026-08-20_2026-08-28_20260827T215758538311Z,7a00d373848e778f83c80f1777575ad48a6a4c0c192fe2e6a4123b56ae26cdee
3030,2026-08-24,28.8,28.94,28.64,28.82,165492,4774123.32,,,,render_normalized,tasi_2026-08-20_2026-08-28_20260827T215758538311Z,7a00d373848e778f83c80f1777575ad48a6a4c0c192fe2e6a4123b56ae26cdee
3030,2026-08-25,28.9,28.98,28.76,28.76,229902,6630973.92,,,,render_normalized,tasi_2026-08-20_2026-08-28_20260827T215758538311Z,7a00d373848e778f83c80f1777575ad48a6a4c0c192fe2e6a4123b56ae26cdee
3030,2026-08-26,28.8,29.04,28.78,28.9,142250,4116744.48,,,,render_normalized,tasi_2026-08-20_2026-08-28_20260827T215758538311Z,7a00d373848e778f83c80f1777575ad48a6a4c0c192fe2e6a4123b56ae26cdee
3030,2026-08-27,28.9,29.1,28.88,28.96,207365,6011527.2,,,,render_normalized,tasi_2026-08-20_2026-08-28_20260827T215758538311Z,7a00d373848e778f83c80f1777575ad48a6a4c0c192fe2e6a4123b56ae26cdee
3030,2026-08-30,28.96,28.98,28.74,28.86,123609,3565866.8,,,,render_normalized,tasi_2026-08-29_2026-08-30_20260830T153021490619Z,40f2932d214f44ed867e412ffba0369130210869179423e6eadc9f965765cdba
3030,2026-08-31,28.8,28.9,28.4,28.4,304166,8713008.74,,,,render_normalized,tasi_2026-08-31_2026-08-31_20260831T153022596960Z,374b46eb50c52f8fd4d5c98f4b7cf8e0c79e078fd621a4b30f58d5382471b4af
3040,2026-08-02,43.2,43.36,42.88,43.26,68976,2975032.4,,,,render_normalized,tasi_2026-07-31_2026-08-02_20260802T153020127593Z,2eb23ca39fcf0e44fa270e6e4d6a1341261e22b2abfbc789ec2875a29009248b
3040,2026-08-03,43.3,43.38,43.14,43.38,80571,3486047.54,,,,render_normalized,tasi_2026-08-03_2026-08-03_20260803T153021496139Z,4b0f0fa9c3b343cf96fecea13101ae13ad2a21806fd55533770061ac5bb0689d
3040,2026-08-04,43.38,43.46,43.2,43.4,147407,6383103.5,,,,render_normalized,tasi_2026-08-04_2026-08-04_20260804T153023696814Z,32de4882671eec0a9062962d0f5591f8e56969b134d0070652d21718d4563e66
3040,2026-08-05,43.36,43.54,43.34,43.38,53026,2303038.4,,,,render_normalized,tasi_2026-08-05_2026-08-05_20260805T153024437012Z,9fd93f225e2663ef72017465f1af6b5bb1e9f620c1b69c07a1f0fd54b850091a
3040,2026-08-06,43.38,43.6,43.26,43.32,121085,5258044.32,,,,render_normalized,tasi_2026-08-06_2026-08-06_20260806T153021501965Z,6ff377152d0ead67e84f33bc0daa618a818145aa8e2f551c9273431d88ac3851
3040,2026-08-09,43.42,43.42,43.3,43.3,39038,1692752.96,,,,render_normalized,tasi_2026-08-07_2026-08-09_20260809T153020287151Z,d7eb763bea83ef8684d027dfe3fb0fb7c951f2a9c34d7e37300eab6704449ed3
3040,2026-08-10,43.32,44.36,43.3,44.36,257760,11322651.96,,,,render_normalized,tasi_2026-08-10_2026-08-10_20260810T153020102570Z,84d11a25e4f1e5c1fd93cef767caa7b24135f07229eeaeab08169c657f7b53de
3040,2026-08-11,44.44,44.44,43.84,43.9,200628,8822095.88,,,,render_normalized,tasi_2026-08-11_2026-08-11_20260811T153022011718Z,2ca6395fd3fcc72ba670e2961883e5c743cbb0e78c08f0ae926df09c31320865
3040,2026-08-12,43.98,44.08,43.92,43.92,43410,1908641.88,,,,render_normalized,tasi_2026-08-12_2026-08-12_20260812T153021905708Z,8862a2d01571a3c9a9cdaef7d6c4c85e805809ad63506c8d9042aff3fa53b579
3040,2026-08-13,43.98,44.0,43.74,44.0,67027,2939929.5,,,,render_normalized,tasi_2026-08-13_2026-08-13_20260813T153020777659Z,e0b6e7e97827824585b899f3f5ae2a43f595aeae92435da9a370d3df14b68b99
3040,2026-08-16,44.0,44.14,43.8,44.1,172777,7606251.8,,,,render_normalized,tasi_2026-08-14_2026-08-16_20260816T153020395457Z,5392abdf5e4a97362d33f1f6287bf2bc003c7d4bb43d28918b8aa095af9310d7
3040,2026-08-17,44.12,44.28,43.92,44.26,75688,3337317.12,,,,render_normalized,tasi_2026-08-17_2026-08-17_20260817T153022794323Z,56ab1200186f32f6bf2b699463f355510bc0a3da931f38c90816013f38a2eaf0
3040,2026-08-18,44.32,44.64,44.06,44.44,83688,3713416.24,,,,render_normalized,tasi_2026-08-18_2026-08-18_20260818T153020653358Z,1cfd844fc98ba7ee716337d459294e8e314daaa0f85480a8e110399f3a6b856d
3040,2026-08-19,44.44,44.7,44.2,44.3,67910,3012961.36,,,,render_normalized,tasi_2026-08-19_2026-08-19_20260819T153022440747Z,c9f50859d8825bb8e17dc890cb696be42681eb6c5d61b3749a33257a86f3517b
3040,2026-08-20,44.32,44.9,44.32,44.9,84974,3787505.7,,,,render_normalized,tasi_2026-08-20_2026-08-28_20260827T215758538311Z,7a00d373848e778f83c80f1777575ad48a6a4c0c192fe2e6a4123b56ae26cdee
3040,2026-08-23,44.88,45.14,44.76,44.82,78835,3544396.94,,,,render_normalized,tasi_2026-08-20_2026-08-28_20260827T215758538311Z,7a00d373848e778f83c80f1777575ad48a6a4c0c192fe2e6a4123b56ae26cdee
3040,2026-08-24,44.82,45.08,44.76,44.98,131363,5903717.7,,,,render_normalized,tasi_2026-08-20_2026-08-28_20260827T215758538311Z,7a00d373848e778f83c80f1777575ad48a6a4c0c192fe2e6a4123b56ae26cdee
3040,2026-08-25,45.1,45.18,44.98,45.02,77326,3485069.84,,,,render_normalized,tasi_2026-08-20_2026-08-28_20260827T215758538311Z,7a00d373848e778f83c80f1777575ad48a6a4c0c192fe2e6a4123b56ae26cdee
3040,2026-08-26,45.02,45.16,45.0,45.14,79077,3563336.84,,,,render_normalized,tasi_2026-08-20_2026-08-28_20260827T215758538311Z,7a00d373848e778f83c80f1777575ad48a6a4c0c192fe2e6a4123b56ae26cdee
3040,2026-08-27,45.14,45.66,45.12,45.28,112558,5112665.24,,,,render_normalized,tasi_2026-08-20_2026-08-28_20260827T215758538311Z,7a00d373848e778f83c80f1777575ad48a6a4c0c192fe2e6a4123b56ae26cdee
3040,2026-08-30,45.3,45.44,45.16,45.3,94139,4262474.44,,,,render_normalized,tasi_2026-08-29_2026-08-30_20260830T153021490619Z,40f2932d214f44ed867e412ffba0369130210869179423e6eadc9f965765cdba
3040,2026-08-31,45.24,45.4,45.18,45.18,196458,8886996.58,,,,render_normalized,tasi_2026-08-31_2026-08-31_20260831T153022596960Z,374b46eb50c52f8fd4d5c98f4b7cf8e0c79e078fd621a4b30f58d5382471b4af
3050,2026-08-02,18.58,18.63,18.5,18.57,35071,650692.97,,,,render_normalized,tasi_2026-07-31_2026-08-02_20260802T153020127593Z,2eb23ca39fcf0e44fa270e6e4d6a1341261e22b2abfbc789ec2875a29009248b
3050,2026-08-03,18.58,18.68,18.58,18.68,30381,566017.27,,,,render_normalized,tasi_2026-08-03_2026-08-03_20260803T153021496139Z,4b0f0fa9c3b343cf96fecea13101ae13ad2a21806fd55533770061ac5bb0689d
3050,2026-08-04,18.95,18.98,18.77,18.91,82073,1549439.76,,,,render_normalized,tasi_2026-08-04_2026-08-04_20260804T153023696814Z,32de4882671eec0a9062962d0f5591f8e56969b134d0070652d21718d4563e66
3050,2026-08-05,18.95,18.97,18.69,18.9,50091,945037.95,,,,render_normalized,tasi_2026-08-05_2026-08-05_20260805T153024437012Z,9fd93f225e2663ef72017465f1af6b5bb1e9f620c1b69c07a1f0fd54b850091a
3050,2026-08-06,18.9,18.9,18.73,18.77,44643,839731.77,,,,render_normalized,tasi_2026-08-06_2026-08-06_20260806T153021501965Z,6ff377152d0ead67e84f33bc0daa618a818145aa8e2f551c9273431d88ac3851
3050,2026-08-09,18.77,18.77,18.6,18.74,37450,700601.44,,,,render_normalized,tasi_2026-08-07_2026-08-09_20260809T153020287151Z,d7eb763bea83ef8684d027dfe3fb0fb7c951f2a9c34d7e37300eab6704449ed3
3050,2026-08-10,18.72,18.87,18.55,18.55,43156,806244.75,,,,render_normalized,tasi_2026-08-10_2026-08-10_20260810T153020102570Z,84d11a25e4f1e5c1fd93cef767caa7b24135f07229eeaeab08169c657f7b53de
3050,2026-08-11,18.86,19.14,18.6,18.99,202775,3829397.57,,,,render_normalized,tasi_2026-08-11_2026-08-11_20260811T153022011718Z,2ca6395fd3fcc72ba670e2961883e5c743cbb0e78c08f0ae926df09c31320865
3050,2026-08-12,19.3,19.59,19.1,19.4,115607,2237593.3,,,,render_normalized,tasi_2026-08-12_2026-08-12_20260812T153021905708Z,8862a2d01571a3c9a9cdaef7d6c4c85e805809ad63506c8d9042aff3fa53b579
3050,2026-08-13,19.49,19.49,18.92,19.06,55746,1063629.28,,,,render_normalized,tasi_2026-08-13_2026-08-13_20260813T153020777659Z,e0b6e7e97827824585b899f3f5ae2a43f595aeae92435da9a370d3df14b68b99
3050,2026-08-16,19.06,19.17,18.93,19.02,26558,505730.25,,,,render_normalized,tasi_2026-08-14_2026-08-16_20260816T153020395457Z,5392abdf5e4a97362d33f1f6287bf2bc003c7d4bb43d28918b8aa095af9310d7
3050,2026-08-17,19.02,19.15,19.0,19.05,27255,519153.04,,,,render_normalized,tasi_2026-08-17_2026-08-17_20260817T153022794323Z,56ab1200186f32f6bf2b699463f355510bc0a3da931f38c90816013f38a2eaf0
3050,2026-08-18,18.96,19.14,18.96,19.13,36157,688450.8,,,,render_normalized,tasi_2026-08-18_2026-08-18_20260818T153020653358Z,1cfd844fc98ba7ee716337d459294e8e314daaa0f85480a8e110399f3a6b856d
3050,2026-08-19,19.13,19.13,18.9,18.9,58165,1103434.51,,,,render_normalized,tasi_2026-08-19_2026-08-19_20260819T153022440747Z,c9f50859d8825bb8e17dc890cb696be42681eb6c5d61b3749a33257a86f3517b
3050,2026-08-20,18.92,19.14,18.92,19.11,24582,468628.64,,,,render_normalized,tasi_2026-08-20_2026-08-28_20260827T215758538311Z,7a00d373848e778f83c80f1777575ad48a6a4c0c192fe2e6a4123b56ae26cdee
3050,2026-08-23,19.15,19.3,19.14,19.26,25753,494902.62,,,,render_normalized,tasi_2026-08-20_2026-08-28_20260827T215758538311Z,7a00d373848e778f83c80f1777575ad48a6a4c0c192fe2e6a4123b56ae26cdee
3050,2026-08-24,19.26,19.7,19.2,19.61,61383,1200999.94,,,,render_normalized,tasi_2026-08-20_2026-08-28_20260827T215758538311Z,7a00d373848e778f83c80f1777575ad48a6a4c0c192fe2e6a4123b56ae26cdee
3050,2026-08-25,19.63,19.77,19.46,19.47,39068,766023.53,,,,render_normalized,tasi_2026-08-20_2026-08-28_20260827T215758538311Z,7a00d373848e778f83c80f1777575ad48a6a4c0c192fe2e6a4123b56ae26cdee
3050,2026-08-26,19.45,19.65,19.12,19.62,75019,1460747.42,,,,render_normalized,tasi_2026-08-20_2026-08-28_20260827T215758538311Z,7a00d373848e778f83c80f1777575ad48a6a4c0c192fe2e6a4123b56ae26cdee
3050,2026-08-27,19.51,19.75,19.5,19.61,26070,512372.04,,,,render_normalized,tasi_2026-08-20_2026-08-28_20260827T215758538311Z,7a00d373848e778f83c80f1777575ad48a6a4c0c192fe2e6a4123b56ae26cdee
3050,2026-08-30,19.6,19.74,19.53,19.58,20547,403491.44,,,,render_normalized,tasi_2026-08-29_2026-08-30_20260830T153021490619Z,40f2932d214f44ed867e412ffba0369130210869179423e6eadc9f965765cdba
3050,2026-08-31,19.57,19.68,19.43,19.65,52371,1024222.01,,,,render_normalized,tasi_2026-08-31_2026-08-31_20260831T153022596960Z,374b46eb50c52f8fd4d5c98f4b7cf8e0c79e078fd621a4b30f58d5382471b4af
3060,2026-08-02,14.9,15.04,14.9,14.95,139127,2083236.95,,,,render_normalized,tasi_2026-07-31_2026-08-02_20260802T153020127593Z,2eb23ca39fcf0e44fa270e6e4d6a1341261e22b2abfbc789ec2875a29009248b
3060,2026-08-03,15.0,15.0,14.85,14.95,256942,3827487.83,,,,render_normalized,tasi_2026-08-03_2026-08-03_20260803T153021496139Z,4b0f0fa9c3b343cf96fecea13101ae13ad2a21806fd55533770061ac5bb0689d
3060,2026-08-04,14.96,15.19,14.91,15.14,431205,6481119.68,,,,render_normalized,tasi_2026-08-04_2026-08-04_20260804T153023696814Z,32de4882671eec0a9062962d0f5591f8e56969b134d0070652d21718d4563e66
3060,2026-08-05,15.14,15.15,15.02,15.06,193930,2923828.56,,,,render_normalized,tasi_2026-08-05_2026-08-05_20260805T153024437012Z,9fd93f225e2663ef72017465f1af6b5bb1e9f620c1b69c07a1f0fd54b850091a
3060,2026-08-06,15.1,15.27,15.03,15.04,537405,8143242.14,,,,render_normalized,tasi_2026-08-06_2026-08-06_20260806T153021501965Z,6ff377152d0ead67e84f33bc0daa618a818145aa8e2f551c9273431d88ac3851
3060,2026-08-09,15.01,15.07,14.97,14.98,277989,4168727.35,,,,render_normalized,tasi_2026-08-07_2026-08-09_20260809T153020287151Z,d7eb763bea83ef8684d027dfe3fb0fb7c951f2a9c34d7e37300eab6704449ed3
3060,2026-08-10,14.98,14.98,14.85,14.87,530078,7892285.08,,,,render_normalized,tasi_2026-08-10_2026-08-10_20260810T153020102570Z,84d11a25e4f1e5c1fd93cef767caa7b24135f07229eeaeab08169c657f7b53de
3060,2026-08-11,14.87,14.87,14.66,14.66,547692,8089459.4,,,,render_normalized,tasi_2026-08-11_2026-08-11_20260811T153022011718Z,2ca6395fd3fcc72ba670e2961883e5c743cbb0e78c08f0ae926df09c31320865
3060,2026-08-12,14.65,14.7,14.6,14.63,409939,6004184.8,,,,render_normalized,tasi_2026-08-12_2026-08-12_20260812T153021905708Z,8862a2d01571a3c9a9cdaef7d6c4c85e805809ad63506c8d9042aff3fa53b579
3060,2026-08-13,14.65,14.65,14.56,14.57,314011,4584421.5,,,,render_normalized,tasi_2026-08-13_2026-08-13_20260813T153020777659Z,e0b6e7e97827824585b899f3f5ae2a43f595aeae92435da9a370d3df14b68b99
3060,2026-08-16,14.57,14.79,14.57,14.77,268225,3944721.37,,,,render_normalized,tasi_2026-08-14_2026-08-16_20260816T153020395457Z,5392abdf5e4a97362d33f1f6287bf2bc003c7d4bb43d28918b8aa095af9310d7
3060,2026-08-17,14.76,14.8,14.72,14.78,210407,3103534.01,,,,render_normalized,tasi_2026-08-17_2026-08-17_20260817T153022794323Z,56ab1200186f32f6bf2b699463f355510bc0a3da931f38c90816013f38a2eaf0
3060,2026-08-18,14.74,14.76,14.62,14.68,323027,4741893.41,,,,render_normalized,tasi_2026-08-18_2026-08-18_20260818T153020653358Z,1cfd844fc98ba7ee716337d459294e8e314daaa0f85480a8e110399f3a6b856d
3060,2026-08-19,14.73,14.76,14.63,14.68,166579,2441900.06,,,,render_normalized,tasi_2026-08-19_2026-08-19_20260819T153022440747Z,c9f50859d8825bb8e17dc890cb696be42681eb6c5d61b3749a33257a86f3517b
3060,2026-08-20,14.69,14.88,14.69,14.88,394451,5840215.87,,,,render_normalized,tasi_2026-08-20_2026-08-28_20260827T215758538311Z,7a00d373848e778f83c80f1777575ad48a6a4c0c192fe2e6a4123b56ae26cdee
3060,2026-08-23,14.88,15.0,14.88,14.98,209433,3127898.11,,,,render_normalized,tasi_2026-08-20_2026-08-28_20260827T215758538311Z,7a00d373848e778f83c80f1777575ad48a6a4c0c192fe2e6a4123b56ae26cdee
3060,2026-08-24,14.98,15.12,14.92,15.05,304370,4585119.66,,,,render_normalized,tasi_2026-08-20_2026-08-28_20260827T215758538311Z,7a00d373848e778f83c80f1777575ad48a6a4c0c192fe2e6a4123b56ae26cdee
3060,2026-08-25,15.05,15.1,14.96,14.96,449873,6759891.38,,,,render_normalized,tasi_2026-08-20_2026-08-28_20260827T215758538311Z,7a00d373848e778f83c80f1777575ad48a6a4c0c192fe2e6a4123b56ae26cdee
3060,2026-08-26,15.06,15.15,14.94,15.04,440281,6630802.74,,,,render_normalized,tasi_2026-08-20_2026-08-28_20260827T215758538311Z,7a00d373848e778f83c80f1777575ad48a6a4c0c192fe2e6a4123b56ae26cdee
3060,2026-08-27,15.1,15.26,15.06,15.2,515665,7832989.64,,,,render_normalized,tasi_2026-08-20_2026-08-28_20260827T215758538311Z,7a00d373848e778f83c80f1777575ad48a6a4c0c192fe2e6a4123b56ae26cdee
3060,2026-08-30,15.2,15.38,15.2,15.27,341158,5221164.06,,,,render_normalized,tasi_2026-08-29_2026-08-30_20260830T153021490619Z,40f2932d214f44ed867e412ffba0369130210869179423e6eadc9f965765cdba
3060,2026-08-31,15.17,15.32,15.1,15.12,979480,14868582.09,,,,render_normalized,tasi_2026-08-31_2026-08-31_20260831T153022596960Z,374b46eb50c52f8fd4d5c98f4b7cf8e0c79e078fd621a4b30f58d5382471b4af
3080,2026-08-02,25.46,25.94,25.26,25.6,138980,3553512.14,,,,render_normalized,tasi_2026-07-31_2026-08-02_20260802T153020127593Z,2eb23ca39fcf0e44fa270e6e4d6a1341261e22b2abfbc789ec2875a29009248b
3080,2026-08-03,25.1,25.22,24.75,24.9,152223,3792951.63,,,,render_normalized,tasi_2026-08-03_2026-08-03_20260803T153021496139Z,4b0f0fa9c3b343cf96fecea13101ae13ad2a21806fd55533770061ac5bb0689d
3080,2026-08-04,24.92,25.1,24.84,24.9,143961,3592054.65,,,,render_normalized,tasi_2026-08-04_2026-08-04_20260804T153023696814Z,32de4882671eec0a9062962d0f5591f8e56969b134d0070652d21718d4563e66
3080,2026-08-05,24.85,25.34,24.85,25.12,139117,3498463.3,,,,render_normalized,tasi_2026-08-05_2026-08-05_20260805T153024437012Z,9fd93f225e2663ef72017465f1af6b5bb1e9f620c1b69c07a1f0fd54b850091a
3080,2026-08-06,25.36,25.36,24.96,25.0,224617,5620687.76,,,,render_normalized,tasi_2026-08-06_2026-08-06_20260806T153021501965Z,6ff377152d0ead67e84f33bc0daa618a818145aa8e2f551c9273431d88ac3851
3080,2026-08-09,25.3,25.32,24.98,25.14,82925,2090157.44,,,,render_normalized,tasi_2026-08-07_2026-08-09_20260809T153020287151Z,d7eb763bea83ef8684d027dfe3fb0fb7c951f2a9c34d7e37300eab6704449ed3
3080,2026-08-10,25.16,25.32,24.8,25.18,106515,2673375.79,,,,render_normalized,tasi_2026-08-10_2026-08-10_20260810T153020102570Z,84d11a25e4f1e5c1fd93cef767caa7b24135f07229eeaeab08169c657f7b53de
3080,2026-08-11,25.3,25.3,24.95,24.97,99503,2486165.65,,,,render_normalized,tasi_2026-08-11_2026-08-11_20260811T153022011718Z,2ca6395fd3fcc72ba670e2961883e5c743cbb0e78c08f0ae926df09c31320865
3080,2026-08-12,25.0,25.04,24.87,24.9,78558,1957992.47,,,,render_normalized,tasi_2026-08-12_2026-08-12_20260812T153021905708Z,8862a2d01571a3c9a9cdaef7d6c4c85e805809ad63506c8d9042aff3fa53b579
3080,2026-08-13,24.94,24.94,24.63,24.65,53116,1315602.11,,,,render_normalized,tasi_2026-08-13_2026-08-13_20260813T153020777659Z,e0b6e7e97827824585b899f3f5ae2a43f595aeae92435da9a370d3df14b68b99
3080,2026-08-16,24.96,24.96,24.8,24.86,10358,257856.09,,,,render_normalized,tasi_2026-08-14_2026-08-16_20260816T153020395457Z,5392abdf5e4a97362d33f1f6287bf2bc003c7d4bb43d28918b8aa095af9310d7
3080,2026-08-17,25.0,25.0,24.69,24.98,58994,1466731.99,,,,render_normalized,tasi_2026-08-17_2026-08-17_20260817T153022794323Z,56ab1200186f32f6bf2b699463f355510bc0a3da931f38c90816013f38a2eaf0
3080,2026-08-18,24.98,24.98,24.75,24.82,38698,961052.07,,,,render_normalized,tasi_2026-08-18_2026-08-18_20260818T153020653358Z,1cfd844fc98ba7ee716337d459294e8e314daaa0f85480a8e110399f3a6b856d
3080,2026-08-19,24.78,24.81,24.59,24.78,62303,1538261.04,,,,render_normalized,tasi_2026-08-19_2026-08-19_20260819T153022440747Z,c9f50859d8825bb8e17dc890cb696be42681eb6c5d61b3749a33257a86f3517b
3080,2026-08-20,24.8,24.99,24.76,24.98,51236,1276231.5,,,,render_normalized,tasi_2026-08-20_2026-08-28_20260827T215758538311Z,7a00d373848e778f83c80f1777575ad48a6a4c0c192fe2e6a4123b56ae26cdee
3080,2026-08-23,24.98,25.34,24.98,25.34,38993,982148.98,,,,render_normalized,tasi_2026-08-20_2026-08-28_20260827T215758538311Z,7a00d373848e778f83c80f1777575ad48a6a4c0c192fe2e6a4123b56ae26cdee
3080,2026-08-24,25.4,25.5,25.24,25.32,362287,9175329.48,,,,render_normalized,tasi_2026-08-20_2026-08-28_20260827T215758538311Z,7a00d373848e778f83c80f1777575ad48a6a4c0c192fe2e6a4123b56ae26cdee
3080,2026-08-25,25.4,25.52,25.32,25.46,55796,1419393.68,,,,render_normalized,tasi_2026-08-20_2026-08-28_20260827T215758538311Z,7a00d373848e778f83c80f1777575ad48a6a4c0c192fe2e6a4123b56ae26cdee
3080,2026-08-26,25.32,25.42,25.26,25.3,40084,1015046.86,,,,render_normalized,tasi_2026-08-20_2026-08-28_20260827T215758538311Z,7a00d373848e778f83c80f1777575ad48a6a4c0c192fe2e6a4123b56ae26cdee
3080,2026-08-27,25.4,25.5,25.34,25.34,33148,841165.66,,,,render_normalized,tasi_2026-08-20_2026-08-28_20260827T215758538311Z,7a00d373848e778f83c80f1777575ad48a6a4c0c192fe2e6a4123b56ae26cdee
3080,2026-08-30,25.34,25.62,25.26,25.3,67070,1704528.3,,,,render_normalized,tasi_2026-08-29_2026-08-30_20260830T153021490619Z,40f2932d214f44ed867e412ffba0369130210869179423e6eadc9f965765cdba
3080,2026-08-31,25.38,25.38,25.14,25.14,29141,736425.66,,,,render_normalized,tasi_2026-08-31_2026-08-31_20260831T153022596960Z,374b46eb50c52f8fd4d5c98f4b7cf8e0c79e078fd621a4b30f58d5382471b4af
3090,2026-08-02,7.45,7.45,7.35,7.42,82890,613760.7,,,,render_normalized,tasi_2026-07-31_2026-08-02_20260802T153020127593Z,2eb23ca39fcf0e44fa270e6e4d6a1341261e22b2abfbc789ec2875a29009248b
3090,2026-08-03,7.43,7.46,7.4,7.44,131886,979109.57,,,,render_normalized,tasi_2026-08-03_2026-08-03_20260803T153021496139Z,4b0f0fa9c3b343cf96fecea13101ae13ad2a21806fd55533770061ac5bb0689d
3090,2026-08-04,7.44,7.5,7.41,7.49,65023,484928.55,,,,render_normalized,tasi_2026-08-04_2026-08-04_20260804T153023696814Z,32de4882671eec0a9062962d0f5591f8e56969b134d0070652d21718d4563e66
3090,2026-08-05,7.5,7.51,7.45,7.5,110879,830022.56,,,,render_normalized,tasi_2026-08-05_2026-08-05_20260805T153024437012Z,9fd93f225e2663ef72017465f1af6b5bb1e9f620c1b69c07a1f0fd54b850091a
3090,2026-08-06,7.47,7.5,7.41,7.5,101864,758672.78,,,,render_normalized,tasi_2026-08-06_2026-08-06_20260806T153021501965Z,6ff377152d0ead67e84f33bc0daa618a818145aa8e2f551c9273431d88ac3851
3090,2026-08-09,7.41,7.45,7.4,7.43,60346,448188.17,,,,render_normalized,tasi_2026-08-07_2026-08-09_20260809T153020287151Z,d7eb763bea83ef8684d027dfe3fb0fb7c951f2a9c34d7e37300eab6704449ed3
3090,2026-08-10,7.4,7.45,7.39,7.43,67004,497154.99,,,,render_normalized,tasi_2026-08-10_2026-08-10_20260810T153020102570Z,84d11a25e4f1e5c1fd93cef767caa7b24135f07229eeaeab08169c657f7b53de
3090,2026-08-11,7.4,7.4,7.35,7.35,75273,554258.68,,,,render_normalized,tasi_2026-08-11_2026-08-11_20260811T153022011718Z,2ca6395fd3fcc72ba670e2961883e5c743cbb0e78c08f0ae926df09c31320865
3090,2026-08-12,7.34,7.39,7.28,7.36,207923,1523878.62,,,,render_normalized,tasi_2026-08-12_2026-08-12_20260812T153021905708Z,8862a2d01571a3c9a9cdaef7d6c4c85e805809ad63506c8d9042aff3fa53b579
3090,2026-08-13,7.31,7.37,7.22,7.27,128981,938088.88,,,,render_normalized,tasi_2026-08-13_2026-08-13_20260813T153020777659Z,e0b6e7e97827824585b899f3f5ae2a43f595aeae92435da9a370d3df14b68b99
3090,2026-08-16,7.27,7.3,7.23,7.28,107350,779704.41,,,,render_normalized,tasi_2026-08-14_2026-08-16_20260816T153020395457Z,5392abdf5e4a97362d33f1f6287bf2bc003c7d4bb43d28918b8aa095af9310d7
3090,2026-08-17,7.23,7.27,7.2,7.2,164794,1189621.9,,,,render_normalized,tasi_2026-08-17_2026-08-17_20260817T153022794323Z,56ab1200186f32f6bf2b699463f355510bc0a3da931f38c90816013f38a2eaf0
3090,2026-08-18,7.2,7.26,7.17,7.2,111197,800087.12,,,,render_normalized,tasi_2026-08-18_2026-08-18_20260818T153020653358Z,1cfd844fc98ba7ee716337d459294e8e314daaa0f85480a8e110399f3a6b856d
3090,2026-08-19,7.2,7.25,7.16,7.25,55607,399922.26,,,,render_normalized,tasi_2026-08-19_2026-08-19_20260819T153022440747Z,c9f50859d8825bb8e17dc890cb696be42681eb6c5d61b3749a33257a86f3517b
3090,2026-08-20,7.2,7.27,7.2,7.26,104688,758736.28,,,,render_normalized,tasi_2026-08-20_2026-08-28_20260827T215758538311Z,7a00d373848e778f83c80f1777575ad48a6a4c0c192fe2e6a4123b56ae26cdee
3090,2026-08-23,7.24,7.31,7.24,7.27,201642,1468517.74,,,,render_normalized,tasi_2026-08-20_2026-08-28_20260827T215758538311Z,7a00d373848e778f83c80f1777575ad48a6a4c0c192fe2e6a4123b56ae26cdee
3090,2026-08-24,7.3,7.47,7.3,7.4,269303,1994329.64,,,,render_normalized,tasi_2026-08-20_2026-08-28_20260827T215758538311Z,7a00d373848e778f83c80f1777575ad48a6a4c0c192fe2e6a4123b56ae26cdee
3090,2026-08-25,7.4,7.44,7.34,7.35,59754,440827.7,,,,render_normalized,tasi_2026-08-20_2026-08-28_20260827T215758538311Z,7a00d373848e778f83c80f1777575ad48a6a4c0c192fe2e6a4123b56ae26cdee
3090,2026-08-26,7.42,7.42,7.36,7.37,63749,470784.83,,,,render_normalized,tasi_2026-08-20_2026-08-28_20260827T215758538311Z,7a00d373848e778f83c80f1777575ad48a6a4c0c192fe2e6a4123b56ae26cdee
3090,2026-08-27,7.42,7.5,7.38,7.45,127369,947389.34,,,,render_normalized,tasi_2026-08-20_2026-08-28_20260827T215758538311Z,7a00d373848e778f83c80f1777575ad48a6a4c0c192fe2e6a4123b56ae26cdee
3090,2026-08-30,7.45,7.45,7.39,7.39,31410,233181.38,,,,render_normalized,tasi_2026-08-29_2026-08-30_20260830T153021490619Z,40f2932d214f44ed867e412ffba0369130210869179423e6eadc9f965765cdba
3090,2026-08-31,7.41,7.41,7.32,7.32,91373,672377.75,,,,render_normalized,tasi_2026-08-31_2026-08-31_20260831T153022596960Z,374b46eb50c52f8fd4d5c98f4b7cf8e0c79e078fd621a4b30f58d5382471b4af
3091,2026-08-02,4.8,4.9,4.8,4.87,84243,409780.53,,,,render_normalized,tasi_2026-07-31_2026-08-02_20260802T153020127593Z,2eb23ca39fcf0e44fa270e6e4d6a1341261e22b2abfbc789ec2875a29009248b
3091,2026-08-03,4.88,4.98,4.85,4.95,533343,2619688.96,,,,render_normalized,tasi_2026-08-03_2026-08-03_20260803T153021496139Z,4b0f0fa9c3b343cf96fecea13101ae13ad2a21806fd55533770061ac5bb0689d
3091,2026-08-04,4.96,4.98,4.93,4.98,492449,2443778.79,,,,render_normalized,tasi_2026-08-04_2026-08-04_20260804T153023696814Z,32de4882671eec0a9062962d0f5591f8e56969b134d0070652d21718d4563e66
3091,2026-08-05,4.96,4.98,4.94,4.95,126638,628607.03,,,,render_normalized,tasi_2026-08-05_2026-08-05_20260805T153024437012Z,9fd93f225e2663ef72017465f1af6b5bb1e9f620c1b69c07a1f0fd54b850091a
3091,2026-08-06,4.95,4.97,4.93,4.97,133845,662616.52,,,,render_normalized,tasi_2026-08-06_2026-08-06_20260806T153021501965Z,6ff377152d0ead67e84f33bc0daa618a818145aa8e2f551c9273431d88ac3851
3091,2026-08-09,4.94,5.0,4.94,4.99,190371,948275.32,,,,render_normalized,tasi_2026-08-07_2026-08-09_20260809T153020287151Z,d7eb763bea83ef8684d027dfe3fb0fb7c951f2a9c34d7e37300eab6704449ed3
3091,2026-08-10,5.0,5.0,4.94,4.94,149386,739510.56,,,,render_normalized,tasi_2026-08-10_2026-08-10_20260810T153020102570Z,84d11a25e4f1e5c1fd93cef767caa7b24135f07229eeaeab08169c657f7b53de
3091,2026-08-11,4.94,4.96,4.9,4.93,189164,931284.65,,,,render_normalized,tasi_2026-08-11_2026-08-11_20260811T153022011718Z,2ca6395fd3fcc72ba670e2961883e5c743cbb0e78c08f0ae926df09c31320865
3091,2026-08-12,4.9,4.9,4.83,4.86,169985,828150.75,,,,render_normalized,tasi_2026-08-12_2026-08-12_20260812T153021905708Z,8862a2d01571a3c9a9cdaef7d6c4c85e805809ad63506c8d9042aff3fa53b579
3091,2026-08-13,4.85,4.87,4.82,4.86,93249,451718.86,,,,render_normalized,tasi_2026-08-13_2026-08-13_20260813T153020777659Z,e0b6e7e97827824585b899f3f5ae2a43f595aeae92435da9a370d3df14b68b99
3091,2026-08-16,4.85,4.91,4.85,4.9,129961,634824.88,,,,render_normalized,tasi_2026-08-14_2026-08-16_20260816T153020395457Z,5392abdf5e4a97362d33f1f6287bf2bc003c7d4bb43d28918b8aa095af9310d7
3091,2026-08-17,4.88,4.9,4.86,4.88,45256,220860.29,,,,render_normalized,tasi_2026-08-17_2026-08-17_20260817T153022794323Z,56ab1200186f32f6bf2b699463f355510bc0a3da931f38c90816013f38a2eaf0
3091,2026-08-18,4.87,4.92,4.87,4.91,94928,465518.18,,,,render_normalized,tasi_2026-08-18_2026-08-18_20260818T153020653358Z,1cfd844fc98ba7ee716337d459294e8e314daaa0f85480a8e110399f3a6b856d
3091,2026-08-19,4.88,4.93,4.88,4.9,77216,379175.07,,,,render_normalized,tasi_2026-08-19_2026-08-19_20260819T153022440747Z,c9f50859d8825bb8e17dc890cb696be42681eb6c5d61b3749a33257a86f3517b
3091,2026-08-20,4.89,4.93,4.89,4.92,122438,600890.23,,,,render_normalized,tasi_2026-08-20_2026-08-28_20260827T215758538311Z,7a00d373848e778f83c80f1777575ad48a6a4c0c192fe2e6a4123b56ae26cdee
3091,2026-08-23,4.92,4.97,4.91,4.93,115865,573542.28,,,,render_normalized,tasi_2026-08-20_2026-08-28_20260827T215758538311Z,7a00d373848e778f83c80f1777575ad48a6a4c0c192fe2e6a4123b56ae26cdee
3091,2026-08-24,4.95,5.03,4.95,5.01,380527,1902222.02,,,,render_normalized,tasi_2026-08-20_2026-08-28_20260827T215758538311Z,7a00d373848e778f83c80f1777575ad48a6a4c0c192fe2e6a4123b56ae26cdee
3091,2026-08-25,5.0,5.03,4.96,5.02,85030,424960.89,,,,render_normalized,tasi_2026-08-20_2026-08-28_20260827T215758538311Z,7a00d373848e778f83c80f1777575ad48a6a4c0c192fe2e6a4123b56ae26cdee
3091,2026-08-26,4.96,5.02,4.96,5.0,103095,515030.55,,,,render_normalized,tasi_2026-08-20_2026-08-28_20260827T215758538311Z,7a00d373848e778f83c80f1777575ad48a6a4c0c192fe2e6a4123b56ae26cdee
3091,2026-08-27,5.0,5.02,4.94,5.0,81581,406631.63,,,,render_normalized,tasi_2026-08-20_2026-08-28_20260827T215758538311Z,7a00d373848e778f83c80f1777575ad48a6a4c0c192fe2e6a4123b56ae26cdee
3091,2026-08-30,4.95,4.99,4.93,4.97,59038,292653.1,,,,render_normalized,tasi_2026-08-29_2026-08-30_20260830T153021490619Z,40f2932d214f44ed867e412ffba0369130210869179423e6eadc9f965765cdba
3091,2026-08-31,4.97,4.97,4.93,4.94,96561,476942.63,,,,render_normalized,tasi_2026-08-31_2026-08-31_20260831T153022596960Z,374b46eb50c52f8fd4d5c98f4b7cf8e0c79e078fd621a4b30f58d5382471b4af
3092,2026-08-02,21.3,21.45,20.93,21.35,123709,2632679.39,,,,render_normalized,tasi_2026-07-31_2026-08-02_20260802T153020127593Z,2eb23ca39fcf0e44fa270e6e4d6a1341261e22b2abfbc789ec2875a29009248b
3092,2026-08-03,21.35,21.84,21.22,21.67,94378,2043174.55,,,,render_normalized,tasi_2026-08-03_2026-08-03_20260803T153021496139Z,4b0f0fa9c3b343cf96fecea13101ae13ad2a21806fd55533770061ac5bb0689d
3092,2026-08-04,21.67,22.09,21.64,22.0,98392,2157718.62,,,,render_normalized,tasi_2026-08-04_2026-08-04_20260804T153023696814Z,32de4882671eec0a9062962d0f5591f8e56969b134d0070652d21718d4563e66
3092,2026-08-05,22.05,22.27,21.95,22.14,88232,1955498.55,,,,render_normalized,tasi_2026-08-05_2026-08-05_20260805T153024437012Z,9fd93f225e2663ef72017465f1af6b5bb1e9f620c1b69c07a1f0fd54b850091a
3092,2026-08-06,22.3,22.94,22.3,22.52,344234,7821123.74,,,,render_normalized,tasi_2026-08-06_2026-08-06_20260806T153021501965Z,6ff377152d0ead67e84f33bc0daa618a818145aa8e2f551c9273431d88ac3851
3092,2026-08-09,22.8,22.8,22.46,22.51,61385,1381733.31,,,,render_normalized,tasi_2026-08-07_2026-08-09_20260809T153020287151Z,d7eb763bea83ef8684d027dfe3fb0fb7c951f2a9c34d7e37300eab6704449ed3
3092,2026-08-10,22.5,22.75,22.46,22.58,101883,2308534.15,,,,render_normalized,tasi_2026-08-10_2026-08-10_20260810T153020102570Z,84d11a25e4f1e5c1fd93cef767caa7b24135f07229eeaeab08169c657f7b53de
3092,2026-08-11,22.6,22.6,22.3,22.3,125568,2816717.89,,,,render_normalized,tasi_2026-08-11_2026-08-11_20260811T153022011718Z,2ca6395fd3fcc72ba670e2961883e5c743cbb0e78c08f0ae926df09c31320865
3092,2026-08-12,22.28,22.53,22.28,22.31,81471,1825653.96,,,,render_normalized,tasi_2026-08-12_2026-08-12_20260812T153021905708Z,8862a2d01571a3c9a9cdaef7d6c4c85e805809ad63506c8d9042aff3fa53b579
3092,2026-08-13,22.31,22.36,22.07,22.14,114868,2550344.35,,,,render_normalized,tasi_2026-08-13_2026-08-13_20260813T153020777659Z,e0b6e7e97827824585b899f3f5ae2a43f595aeae92435da9a370d3df14b68b99
3092,2026-08-16,22.2,22.61,22.2,22.47,118500,2662858.92,,,,render_normalized,tasi_2026-08-14_2026-08-16_20260816T153020395457Z,5392abdf5e4a97362d33f1f6287bf2bc003c7d4bb43d28918b8aa095af9310d7
3092,2026-08-17,22.48,22.62,22.33,22.33,99737,2245518.78,,,,render_normalized,tasi_2026-08-17_2026-08-17_20260817T153022794323Z,56ab1200186f32f6bf2b699463f355510bc0a3da931f38c90816013f38a2eaf0
3092,2026-08-18,22.33,22.53,22.33,22.53,61603,1383361.16,,,,render_normalized,tasi_2026-08-18_2026-08-18_20260818T153020653358Z,1cfd844fc98ba7ee716337d459294e8e314daaa0f85480a8e110399f3a6b856d
3092,2026-08-19,22.53,22.63,22.4,22.63,71681,1615990.99,,,,render_normalized,tasi_2026-08-19_2026-08-19_20260819T153022440747Z,c9f50859d8825bb8e17dc890cb696be42681eb6c5d61b3749a33257a86f3517b
3092,2026-08-20,22.63,23.0,22.63,22.74,196965,4511367.28,,,,render_normalized,tasi_2026-08-20_2026-08-28_20260827T215758538311Z,7a00d373848e778f83c80f1777575ad48a6a4c0c192fe2e6a4123b56ae26cdee
3092,2026-08-23,22.8,23.1,22.8,23.06,100348,2304600.92,,,,render_normalized,tasi_2026-08-20_2026-08-28_20260827T215758538311Z,7a00d373848e778f83c80f1777575ad48a6a4c0c192fe2e6a4123b56ae26cdee
3092,2026-08-24,23.1,23.26,23.0,23.18,159345,3689882.95,,,,render_normalized,tasi_2026-08-20_2026-08-28_20260827T215758538311Z,7a00d373848e778f83c80f1777575ad48a6a4c0c192fe2e6a4123b56ae26cdee
3092,2026-08-25,23.18,23.31,23.18,23.2,89655,2085256.6,,,,render_normalized,tasi_2026-08-20_2026-08-28_20260827T215758538311Z,7a00d373848e778f83c80f1777575ad48a6a4c0c192fe2e6a4123b56ae26cdee
3092,2026-08-26,23.2,23.32,23.16,23.17,211892,4918855.32,,,,render_normalized,tasi_2026-08-20_2026-08-28_20260827T215758538311Z,7a00d373848e778f83c80f1777575ad48a6a4c0c192fe2e6a4123b56ae26cdee
3092,2026-08-27,23.17,23.35,23.17,23.31,125274,2918275.9,,,,render_normalized,tasi_2026-08-20_2026-08-28_20260827T215758538311Z,7a00d373848e778f83c80f1777575ad48a6a4c0c192fe2e6a4123b56ae26cdee
3092,2026-08-30,23.48,23.48,23.3,23.31,64069,1496601.12,,,,render_normalized,tasi_2026-08-29_2026-08-30_20260830T153021490619Z,40f2932d214f44ed867e412ffba0369130210869179423e6eadc9f965765cdba
3092,2026-08-31,23.31,23.4,23.16,23.28,261558,6084718.73,,,,render_normalized,tasi_2026-08-31_2026-08-31_20260831T153022596960Z,374b46eb50c52f8fd4d5c98f4b7cf8e0c79e078fd621a4b30f58d5382471b4af
4001,2026-08-02,5.14,5.17,5.11,5.16,660560,3402817.41,,,,render_normalized,tasi_2026-07-31_2026-08-02_20260802T153020127593Z,2eb23ca39fcf0e44fa270e6e4d6a1341261e22b2abfbc789ec2875a29009248b
4001,2026-08-03,5.17,5.27,5.14,5.27,1145341,5977270.27,,,,render_normalized,tasi_2026-08-03_2026-08-03_20260803T153021496139Z,4b0f0fa9c3b343cf96fecea13101ae13ad2a21806fd55533770061ac5bb0689d
4001,2026-08-04,5.27,5.31,5.21,5.25,1047257,5516986.19,,,,render_normalized,tasi_2026-08-04_2026-08-04_20260804T153023696814Z,32de4882671eec0a9062962d0f5591f8e56969b134d0070652d21718d4563e66
4001,2026-08-05,5.25,5.28,5.21,5.23,802114,4209954.23,,,,render_normalized,tasi_2026-08-05_2026-08-05_20260805T153024437012Z,9fd93f225e2663ef72017465f1af6b5bb1e9f620c1b69c07a1f0fd54b850091a
4001,2026-08-06,5.23,5.23,5.17,5.19,472338,2458724.0,,,,render_normalized,tasi_2026-08-06_2026-08-06_20260806T153021501965Z,6ff377152d0ead67e84f33bc0daa618a818145aa8e2f551c9273431d88ac3851
4001,2026-08-09,5.19,5.21,5.14,5.14,571231,2954319.18,,,,render_normalized,tasi_2026-08-07_2026-08-09_20260809T153020287151Z,d7eb763bea83ef8684d027dfe3fb0fb7c951f2a9c34d7e37300eab6704449ed3
4001,2026-08-10,5.14,5.16,5.11,5.14,875097,4491688.74,,,,render_normalized,tasi_2026-08-10_2026-08-10_20260810T153020102570Z,84d11a25e4f1e5c1fd93cef767caa7b24135f07229eeaeab08169c657f7b53de
4001,2026-08-11,5.12,5.14,5.1,5.1,660950,3382441.94,,,,render_normalized,tasi_2026-08-11_2026-08-11_20260811T153022011718Z,2ca6395fd3fcc72ba670e2961883e5c743cbb0e78c08f0ae926df09c31320865
4001,2026-08-12,4.98,5.1,4.9,4.9,9956062,49516108.03,,,,render_normalized,tasi_2026-08-12_2026-08-12_20260812T153021905708Z,8862a2d01571a3c9a9cdaef7d6c4c85e805809ad63506c8d9042aff3fa53b579
4001,2026-08-13,4.9,4.91,4.85,4.85,2709768,13218089.61,,,,render_normalized,tasi_2026-08-13_2026-08-13_20260813T153020777659Z,e0b6e7e97827824585b899f3f5ae2a43f595aeae92435da9a370d3df14b68b99
4001,2026-08-16,4.85,4.89,4.85,4.86,1959452,9522487.96,,,,render_normalized,tasi_2026-08-14_2026-08-16_20260816T153020395457Z,5392abdf5e4a97362d33f1f6287bf2bc003c7d4bb43d28918b8aa095af9310d7
4001,2026-08-17,4.86,4.95,4.85,4.91,2199224,10751397.77,,,,render_normalized,tasi_2026-08-17_2026-08-17_20260817T153022794323Z,56ab1200186f32f6bf2b699463f355510bc0a3da931f38c90816013f38a2eaf0
4001,2026-08-18,4.92,5.1,4.91,5.0,3919873,19711644.93,,,,render_normalized,tasi_2026-08-18_2026-08-18_20260818T153020653358Z,1cfd844fc98ba7ee716337d459294e8e314daaa0f85480a8e110399f3a6b856d
4001,2026-08-19,5.01,5.06,4.96,4.96,1371645,6848703.8,,,,render_normalized,tasi_2026-08-19_2026-08-19_20260819T153022440747Z,c9f50859d8825bb8e17dc890cb696be42681eb6c5d61b3749a33257a86f3517b
4001,2026-08-20,4.97,5.03,4.95,4.95,1104939,5505930.3,,,,render_normalized,tasi_2026-08-20_2026-08-28_20260827T215758538311Z,7a00d373848e778f83c80f1777575ad48a6a4c0c192fe2e6a4123b56ae26cdee
4001,2026-08-23,4.95,5.02,4.95,4.95,1093752,5451160.47,,,,render_normalized,tasi_2026-08-20_2026-08-28_20260827T215758538311Z,7a00d373848e778f83c80f1777575ad48a6a4c0c192fe2e6a4123b56ae26cdee
4001,2026-08-24,4.97,5.02,4.94,4.94,2414939,12028212.78,,,,render_normalized,tasi_2026-08-20_2026-08-28_20260827T215758538311Z,7a00d373848e778f83c80f1777575ad48a6a4c0c192fe2e6a4123b56ae26cdee
4001,2026-08-25,4.97,4.99,4.96,4.96,1277569,6356316.02,,,,render_normalized,tasi_2026-08-20_2026-08-28_20260827T215758538311Z,7a00d373848e778f83c80f1777575ad48a6a4c0c192fe2e6a4123b56ae26cdee
4001,2026-08-26,4.99,4.99,4.92,4.92,2061793,10203931.78,,,,render_normalized,tasi_2026-08-20_2026-08-28_20260827T215758538311Z,7a00d373848e778f83c80f1777575ad48a6a4c0c192fe2e6a4123b56ae26cdee
4001,2026-08-27,4.94,4.99,4.94,4.98,1214236,6037427.31,,,,render_normalized,tasi_2026-08-20_2026-08-28_20260827T215758538311Z,7a00d373848e778f83c80f1777575ad48a6a4c0c192fe2e6a4123b56ae26cdee
4001,2026-08-30,5.0,5.07,4.99,5.0,2733350,13732340.84,,,,render_normalized,tasi_2026-08-29_2026-08-30_20260830T153021490619Z,40f2932d214f44ed867e412ffba0369130210869179423e6eadc9f965765cdba
4001,2026-08-31,5.01,5.03,4.98,4.98,1750059,8746451.76,,,,render_normalized,tasi_2026-08-31_2026-08-31_20260831T153022596960Z,374b46eb50c52f8fd4d5c98f4b7cf8e0c79e078fd621a4b30f58d5382471b4af
4002,2026-08-02,61.65,63.1,61.35,62.65,264389,16554505.1,,,,render_normalized,tasi_2026-07-31_2026-08-02_20260802T153020127593Z,2eb23ca39fcf0e44fa270e6e4d6a1341261e22b2abfbc789ec2875a29009248b
4002,2026-08-03,62.65,63.9,62.1,63.5,499870,31625661.35,,,,render_normalized,tasi_2026-08-03_2026-08-03_20260803T153021496139Z,4b0f0fa9c3b343cf96fecea13101ae13ad2a21806fd55533770061ac5bb0689d
4002,2026-08-04,63.7,64.15,62.9,63.7,451090,28604733.3,,,,render_normalized,tasi_2026-08-04_2026-08-04_20260804T153023696814Z,32de4882671eec0a9062962d0f5591f8e56969b134d0070652d21718d4563e66
4002,2026-08-05,64.1,65.3,63.8,64.55,530680,34342839.2,,,,render_normalized,tasi_2026-08-05_2026-08-05_20260805T153024437012Z,9fd93f225e2663ef72017465f1af6b5bb1e9f620c1b69c07a1f0fd54b850091a
4002,2026-08-06,64.5,64.75,63.5,63.5,234031,14963889.55,,,,render_normalized,tasi_2026-08-06_2026-08-06_20260806T153021501965Z,6ff377152d0ead67e84f33bc0daa618a818145aa8e2f551c9273431d88ac3851
4002,2026-08-09,63.7,64.1,63.1,63.95,158251,10091190.4,,,,render_normalized,tasi_2026-08-07_2026-08-09_20260809T153020287151Z,d7eb763bea83ef8684d027dfe3fb0fb7c951f2a9c34d7e37300eab6704449ed3
4002,2026-08-10,64.0,64.55,63.35,63.95,289782,18487125.85,,,,render_normalized,tasi_2026-08-10_2026-08-10_20260810T153020102570Z,84d11a25e4f1e5c1fd93cef767caa7b24135f07229eeaeab08169c657f7b53de
4002,2026-08-11,64.0,64.25,63.7,63.95,171725,10983422.6,,,,render_normalized,tasi_2026-08-11_2026-08-11_20260811T153022011718Z,2ca6395fd3fcc72ba670e2961883e5c743cbb0e78c08f0ae926df09c31320865
4002,2026-08-12,63.65,63.9,63.25,63.9,215232,13693205.2,,,,render_normalized,tasi_2026-08-12_2026-08-12_20260812T153021905708Z,8862a2d01571a3c9a9cdaef7d6c4c85e805809ad63506c8d9042aff3fa53b579
4002,2026-08-13,63.5,63.6,61.15,61.2,880366,54417671.7,,,,render_normalized,tasi_2026-08-13_2026-08-13_20260813T153020777659Z,e0b6e7e97827824585b899f3f5ae2a43f595aeae92435da9a370d3df14b68b99
4002,2026-08-16,61.95,62.45,61.4,61.8,165881,10261667.3,,,,render_normalized,tasi_2026-08-14_2026-08-16_20260816T153020395457Z,5392abdf5e4a97362d33f1f6287bf2bc003c7d4bb43d28918b8aa095af9310d7
4002,2026-08-17,62.0,62.2,61.3,61.35,498295,30665874.1,,,,render_normalized,tasi_2026-08-17_2026-08-17_20260817T153022794323Z,56ab1200186f32f6bf2b699463f355510bc0a3da931f38c90816013f38a2eaf0
4002,2026-08-18,61.35,63.5,61.0,63.5,583919,36224511.2,,,,render_normalized,tasi_2026-08-18_2026-08-18_20260818T153020653358Z,1cfd844fc98ba7ee716337d459294e8e314daaa0f85480a8e110399f3a6b856d
4002,2026-08-19,62.9,63.9,62.75,63.9,359511,22762785.1,,,,render_normalized,tasi_2026-08-19_2026-08-19_20260819T153022440747Z,c9f50859d8825bb8e17dc890cb696be42681eb6c5d61b3749a33257a86f3517b
4002,2026-08-20,63.9,64.8,63.25,64.4,356704,22884528.9,,,,render_normalized,tasi_2026-08-20_2026-08-28_20260827T215758538311Z,7a00d373848e778f83c80f1777575ad48a6a4c0c192fe2e6a4123b56ae26cdee
4002,2026-08-23,64.4,64.7,64.1,64.6,203449,13104488.6,,,,render_normalized,tasi_2026-08-20_2026-08-28_20260827T215758538311Z,7a00d373848e778f83c80f1777575ad48a6a4c0c192fe2e6a4123b56ae26cdee
4002,2026-08-24,64.55,65.15,64.45,65.05,288615,18730375.15,,,,render_normalized,tasi_2026-08-20_2026-08-28_20260827T215758538311Z,7a00d373848e778f83c80f1777575ad48a6a4c0c192fe2e6a4123b56ae26cdee
4002,2026-08-25,65.3,65.5,64.4,64.85,534553,34606516.15,,,,render_normalized,tasi_2026-08-20_2026-08-28_20260827T215758538311Z,7a00d373848e778f83c80f1777575ad48a6a4c0c192fe2e6a4123b56ae26cdee
4002,2026-08-26,64.85,64.85,64.25,64.85,327307,21148736.25,,,,render_normalized,tasi_2026-08-20_2026-08-28_20260827T215758538311Z,7a00d373848e778f83c80f1777575ad48a6a4c0c192fe2e6a4123b56ae26cdee
4002,2026-08-27,64.85,65.7,64.85,65.35,279852,18298520.35,,,,render_normalized,tasi_2026-08-20_2026-08-28_20260827T215758538311Z,7a00d373848e778f83c80f1777575ad48a6a4c0c192fe2e6a4123b56ae26cdee
4002,2026-08-30,65.4,66.1,65.4,65.7,208978,13758999.9,,,,render_normalized,tasi_2026-08-29_2026-08-30_20260830T153021490619Z,40f2932d214f44ed867e412ffba0369130210869179423e6eadc9f965765cdba
4002,2026-08-31,65.35,67.1,64.55,65.35,8062061,526959631.2,,,,render_normalized,tasi_2026-08-31_2026-08-31_20260831T153022596960Z,374b46eb50c52f8fd4d5c98f4b7cf8e0c79e078fd621a4b30f58d5382471b4af
4003,2026-08-02,66.0,66.75,65.9,66.25,168582,11153382.1,,,,render_normalized,tasi_2026-07-31_2026-08-02_20260802T153020127593Z,2eb23ca39fcf0e44fa270e6e4d6a1341261e22b2abfbc789ec2875a29009248b
4003,2026-08-03,66.6,68.5,66.6,68.0,676566,46001393.75,,,,render_normalized,tasi_2026-08-03_2026-08-03_20260803T153021496139Z,4b0f0fa9c3b343cf96fecea13101ae13ad2a21806fd55533770061ac5bb0689d
4003,2026-08-04,68.45,69.0,67.3,68.2,646491,44044241.05,,,,render_normalized,tasi_2026-08-04_2026-08-04_20260804T153023696814Z,32de4882671eec0a9062962d0f5591f8e56969b134d0070652d21718d4563e66
4003,2026-08-05,68.3,69.2,67.85,68.45,484587,33291111.95,,,,render_normalized,tasi_2026-08-05_2026-08-05_20260805T153024437012Z,9fd93f225e2663ef72017465f1af6b5bb1e9f620c1b69c07a1f0fd54b850091a
4003,2026-08-06,68.5,68.8,67.5,67.9,453690,30847793.25,,,,render_normalized,tasi_2026-08-06_2026-08-06_20260806T153021501965Z,6ff377152d0ead67e84f33bc0daa618a818145aa8e2f551c9273431d88ac3851
4003,2026-08-09,68.0,69.15,68.0,68.95,435066,29921894.25,,,,render_normalized,tasi_2026-08-07_2026-08-09_20260809T153020287151Z,d7eb763bea83ef8684d027dfe3fb0fb7c951f2a9c34d7e37300eab6704449ed3
4003,2026-08-10,69.1,69.15,68.2,68.5,487823,33425764.65,,,,render_normalized,tasi_2026-08-10_2026-08-10_20260810T153020102570Z,84d11a25e4f1e5c1fd93cef767caa7b24135f07229eeaeab08169c657f7b53de
4003,2026-08-11,66.95,66.95,64.8,65.4,834737,54714351.4,,,,render_normalized,tasi_2026-08-11_2026-08-11_20260811T153022011718Z,2ca6395fd3fcc72ba670e2961883e5c743cbb0e78c08f0ae926df09c31320865
4003,2026-08-12,65.5,65.5,63.2,63.2,1013396,65130207.95,,,,render_normalized,tasi_2026-08-12_2026-08-12_20260812T153021905708Z,8862a2d01571a3c9a9cdaef7d6c4c85e805809ad63506c8d9042aff3fa53b579
4003,2026-08-13,63.05,63.45,62.5,62.5,332537,20917676.2,,,,render_normalized,tasi_2026-08-13_2026-08-13_20260813T153020777659Z,e0b6e7e97827824585b899f3f5ae2a43f595aeae92435da9a370d3df14b68b99
4003,2026-08-16,62.8,63.95,62.7,63.2,265123,16792004.85,,,,render_normalized,tasi_2026-08-14_2026-08-16_20260816T153020395457Z,5392abdf5e4a97362d33f1f6287bf2bc003c7d4bb43d28918b8aa095af9310d7
4003,2026-08-17,63.2,63.95,63.0,63.95,265748,16918315.35,,,,render_normalized,tasi_2026-08-17_2026-08-17_20260817T153022794323Z,56ab1200186f32f6bf2b699463f355510bc0a3da931f38c90816013f38a2eaf0
4003,2026-08-18,63.75,64.35,63.3,64.0,414455,26511994.4,,,,render_normalized,tasi_2026-08-18_2026-08-18_20260818T153020653358Z,1cfd844fc98ba7ee716337d459294e8e314daaa0f85480a8e110399f3a6b856d
4003,2026-08-19,64.0,64.9,63.9,64.9,285473,18412702.6,,,,render_normalized,tasi_2026-08-19_2026-08-19_20260819T153022440747Z,c9f50859d8825bb8e17dc890cb696be42681eb6c5d61b3749a33257a86f3517b
4003,2026-08-20,64.9,64.9,64.1,64.25,147039,9472061.9,,,,render_normalized,tasi_2026-08-20_2026-08-28_20260827T215758538311Z,7a00d373848e778f83c80f1777575ad48a6a4c0c192fe2e6a4123b56ae26cdee
4003,2026-08-23,64.3,65.35,64.3,65.35,198700,12899957.85,,,,render_normalized,tasi_2026-08-20_2026-08-28_20260827T215758538311Z,7a00d373848e778f83c80f1777575ad48a6a4c0c192fe2e6a4123b56ae26cdee
4003,2026-08-24,65.35,66.05,65.3,65.6,338388,22218600.2,,,,render_normalized,tasi_2026-08-20_2026-08-28_20260827T215758538311Z,7a00d373848e778f83c80f1777575ad48a6a4c0c192fe2e6a4123b56ae26cdee
4003,2026-08-25,66.05,67.0,65.45,66.0,237115,15733777.45,,,,render_normalized,tasi_2026-08-20_2026-08-28_20260827T215758538311Z,7a00d373848e778f83c80f1777575ad48a6a4c0c192fe2e6a4123b56ae26cdee
4003,2026-08-26,66.75,66.75,66.1,66.25,224094,14860342.45,,,,render_normalized,tasi_2026-08-20_2026-08-28_20260827T215758538311Z,7a00d373848e778f83c80f1777575ad48a6a4c0c192fe2e6a4123b56ae26cdee
4003,2026-08-27,66.35,66.95,66.1,66.7,286162,19043375.7,,,,render_normalized,tasi_2026-08-20_2026-08-28_20260827T215758538311Z,7a00d373848e778f83c80f1777575ad48a6a4c0c192fe2e6a4123b56ae26cdee
4003,2026-08-30,66.85,66.95,66.2,66.7,143847,9574036.95,,,,render_normalized,tasi_2026-08-29_2026-08-30_20260830T153021490619Z,40f2932d214f44ed867e412ffba0369130210869179423e6eadc9f965765cdba
4003,2026-08-31,66.65,66.65,65.25,65.25,461695,30361692.4,,,,render_normalized,tasi_2026-08-31_2026-08-31_20260831T153022596960Z,374b46eb50c52f8fd4d5c98f4b7cf8e0c79e078fd621a4b30f58d5382471b4af
4004,2026-08-02,105.2,111.6,105.2,111.1,144265,15837116.3,,,,render_normalized,tasi_2026-07-31_2026-08-02_20260802T153020127593Z,2eb23ca39fcf0e44fa270e6e4d6a1341261e22b2abfbc789ec2875a29009248b
4004,2026-08-03,110.5,111.6,108.0,111.4,168199,18539578.9,,,,render_normalized,tasi_2026-08-03_2026-08-03_20260803T153021496139Z,4b0f0fa9c3b343cf96fecea13101ae13ad2a21806fd55533770061ac5bb0689d
4004,2026-08-04,106.0,107.4,100.6,104.9,557550,58446059.0,,,,render_normalized,tasi_2026-08-04_2026-08-04_20260804T153023696814Z,32de4882671eec0a9062962d0f5591f8e56969b134d0070652d21718d4563e66
4004,2026-08-05,105.0,105.2,100.9,101.0,373513,38201384.0,,,,render_normalized,tasi_2026-08-05_2026-08-05_20260805T153024437012Z,9fd93f225e2663ef72017465f1af6b5bb1e9f620c1b69c07a1f0fd54b850091a
4004,2026-08-06,101.5,102.2,100.0,101.9,205038,20737268.8,,,,render_normalized,tasi_2026-08-06_2026-08-06_20260806T153021501965Z,6ff377152d0ead67e84f33bc0daa618a818145aa8e2f551c9273431d88ac3851
4004,2026-08-09,102.0,104.4,101.8,104.0,172569,17864055.3,,,,render_normalized,tasi_2026-08-07_2026-08-09_20260809T153020287151Z,d7eb763bea83ef8684d027dfe3fb0fb7c951f2a9c34d7e37300eab6704449ed3
4004,2026-08-10,102.2,103.7,101.3,101.8,125072,12798462.1,,,,render_normalized,tasi_2026-08-10_2026-08-10_20260810T153020102570Z,84d11a25e4f1e5c1fd93cef767caa7b24135f07229eeaeab08169c657f7b53de
4004,2026-08-11,102.3,102.3,100.1,100.6,118236,11935230.6,,,,render_normalized,tasi_2026-08-11_2026-08-11_20260811T153022011718Z,2ca6395fd3fcc72ba670e2961883e5c743cbb0e78c08f0ae926df09c31320865
4004,2026-08-12,100.6,101.6,100.0,100.1,102837,10339127.4,,,,render_normalized,tasi_2026-08-12_2026-08-12_20260812T153021905708Z,8862a2d01571a3c9a9cdaef7d6c4c85e805809ad63506c8d9042aff3fa53b579
4004,2026-08-13,100.5,100.7,97.0,97.05,211142,20705234.15,,,,render_normalized,tasi_2026-08-13_2026-08-13_20260813T153020777659Z,e0b6e7e97827824585b899f3f5ae2a43f595aeae92435da9a370d3df14b68b99
4004,2026-08-16,99.0,99.0,97.15,97.7,61361,6000110.95,,,,render_normalized,tasi_2026-08-14_2026-08-16_20260816T153020395457Z,5392abdf5e4a97362d33f1f6287bf2bc003c7d4bb43d28918b8aa095af9310d7
4004,2026-08-17,97.9,98.2,96.9,97.5,74817,7288945.8,,,,render_normalized,tasi_2026-08-17_2026-08-17_20260817T153022794323Z,56ab1200186f32f6bf2b699463f355510bc0a3da931f38c90816013f38a2eaf0
4004,2026-08-18,97.5,97.5,95.25,95.9,148396,14240260.6,,,,render_normalized,tasi_2026-08-18_2026-08-18_20260818T153020653358Z,1cfd844fc98ba7ee716337d459294e8e314daaa0f85480a8e110399f3a6b856d
4004,2026-08-19,95.9,100.0,95.05,99.05,194727,19165323.75,,,,render_normalized,tasi_2026-08-19_2026-08-19_20260819T153022440747Z,c9f50859d8825bb8e17dc890cb696be42681eb6c5d61b3749a33257a86f3517b
4004,2026-08-20,99.25,101.4,99.25,101.2,72367,7276416.85,,,,render_normalized,tasi_2026-08-20_2026-08-28_20260827T215758538311Z,7a00d373848e778f83c80f1777575ad48a6a4c0c192fe2e6a4123b56ae26cdee
4004,2026-08-23,101.8,101.9,100.2,100.7,101299,10214020.4,,,,render_normalized,tasi_2026-08-20_2026-08-28_20260827T215758538311Z,7a00d373848e778f83c80f1777575ad48a6a4c0c192fe2e6a4123b56ae26cdee
4004,2026-08-24,104.3,104.3,100.9,102.0,109290,11161992.5,,,,render_normalized,tasi_2026-08-20_2026-08-28_20260827T215758538311Z,7a00d373848e778f83c80f1777575ad48a6a4c0c192fe2e6a4123b56ae26cdee
4004,2026-08-25,102.0,102.0,100.9,101.4,42615,4318933.0,,,,render_normalized,tasi_2026-08-20_2026-08-28_20260827T215758538311Z,7a00d373848e778f83c80f1777575ad48a6a4c0c192fe2e6a4123b56ae26cdee
4004,2026-08-26,101.3,101.9,100.5,100.5,69096,6989963.8,,,,render_normalized,tasi_2026-08-20_2026-08-28_20260827T215758538311Z,7a00d373848e778f83c80f1777575ad48a6a4c0c192fe2e6a4123b56ae26cdee
4004,2026-08-27,101.2,101.7,100.7,101.5,63659,6446980.0,,,,render_normalized,tasi_2026-08-20_2026-08-28_20260827T215758538311Z,7a00d373848e778f83c80f1777575ad48a6a4c0c192fe2e6a4123b56ae26cdee
4004,2026-08-30,101.5,103.9,101.5,102.5,111991,11467583.9,,,,render_normalized,tasi_2026-08-29_2026-08-30_20260830T153021490619Z,40f2932d214f44ed867e412ffba0369130210869179423e6eadc9f965765cdba
4004,2026-08-31,85.9,86.65,84.15,85.0,160835,13649763.25,,,,render_normalized,tasi_2026-08-31_2026-08-31_20260831T153022596960Z,374b46eb50c52f8fd4d5c98f4b7cf8e0c79e078fd621a4b30f58d5382471b4af
4005,2026-08-02,119.0,122.4,117.6,122.1,207686,25087300.3,,,,render_normalized,tasi_2026-07-31_2026-08-02_20260802T153020127593Z,2eb23ca39fcf0e44fa270e6e4d6a1341261e22b2abfbc789ec2875a29009248b
4005,2026-08-03,122.1,126.2,122.1,125.7,157319,19610153.6,,,,render_normalized,tasi_2026-08-03_2026-08-03_20260803T153021496139Z,4b0f0fa9c3b343cf96fecea13101ae13ad2a21806fd55533770061ac5bb0689d
4005,2026-08-04,125.9,127.0,123.2,125.1,126258,15784110.5,,,,render_normalized,tasi_2026-08-04_2026-08-04_20260804T153023696814Z,32de4882671eec0a9062962d0f5591f8e56969b134d0070652d21718d4563e66
4005,2026-08-05,124.7,126.3,124.1,125.3,90843,11366532.5,,,,render_normalized,tasi_2026-08-05_2026-08-05_20260805T153024437012Z,9fd93f225e2663ef72017465f1af6b5bb1e9f620c1b69c07a1f0fd54b850091a
4005,2026-08-06,125.5,126.4,124.6,125.2,43537,5467639.0,,,,render_normalized,tasi_2026-08-06_2026-08-06_20260806T153021501965Z,6ff377152d0ead67e84f33bc0daa618a818145aa8e2f551c9273431d88ac3851
4005,2026-08-09,121.8,124.8,121.8,123.6,19212,2379245.0,,,,render_normalized,tasi_2026-08-07_2026-08-09_20260809T153020287151Z,d7eb763bea83ef8684d027dfe3fb0fb7c951f2a9c34d7e37300eab6704449ed3
4005,2026-08-10,124.0,125.8,123.0,124.0,83969,10450719.0,,,,render_normalized,tasi_2026-08-10_2026-08-10_20260810T153020102570Z,84d11a25e4f1e5c1fd93cef767caa7b24135f07229eeaeab08169c657f7b53de
4005,2026-08-11,124.0,124.0,121.1,121.8,110774,13569737.2,,,,render_normalized,tasi_2026-08-11_2026-08-11_20260811T153022011718Z,2ca6395fd3fcc72ba670e2961883e5c743cbb0e78c08f0ae926df09c31320865
4005,2026-08-12,121.2,123.0,121.2,122.3,72153,8803379.3,,,,render_normalized,tasi_2026-08-12_2026-08-12_20260812T153021905708Z,8862a2d01571a3c9a9cdaef7d6c4c85e805809ad63506c8d9042aff3fa53b579
4005,2026-08-13,122.0,122.5,121.5,122.0,33058,4029586.3,,,,render_normalized,tasi_2026-08-13_2026-08-13_20260813T153020777659Z,e0b6e7e97827824585b899f3f5ae2a43f595aeae92435da9a370d3df14b68b99
4005,2026-08-16,121.4,123.5,121.0,122.0,23853,2912359.7,,,,render_normalized,tasi_2026-08-14_2026-08-16_20260816T153020395457Z,5392abdf5e4a97362d33f1f6287bf2bc003c7d4bb43d28918b8aa095af9310d7
4005,2026-08-17,122.0,123.3,120.5,121.7,107085,13056260.6,,,,render_normalized,tasi_2026-08-17_2026-08-17_20260817T153022794323Z,56ab1200186f32f6bf2b699463f355510bc0a3da931f38c90816013f38a2eaf0
4005,2026-08-18,120.5,122.7,120.4,122.0,61572,7475826.8,,,,render_normalized,tasi_2026-08-18_2026-08-18_20260818T153020653358Z,1cfd844fc98ba7ee716337d459294e8e314daaa0f85480a8e110399f3a6b856d
4005,2026-08-19,122.0,127.5,122.0,127.4,117264,14726079.3,,,,render_normalized,tasi_2026-08-19_2026-08-19_20260819T153022440747Z,c9f50859d8825bb8e17dc890cb696be42681eb6c5d61b3749a33257a86f3517b
4005,2026-08-20,124.6,126.8,124.6,125.5,22198,2792668.7,,,,render_normalized,tasi_2026-08-20_2026-08-28_20260827T215758538311Z,7a00d373848e778f83c80f1777575ad48a6a4c0c192fe2e6a4123b56ae26cdee
4005,2026-08-23,124.7,131.0,124.7,131.0,83729,10800249.3,,,,render_normalized,tasi_2026-08-20_2026-08-28_20260827T215758538311Z,7a00d373848e778f83c80f1777575ad48a6a4c0c192fe2e6a4123b56ae26cdee
4005,2026-08-24,128.4,129.2,125.5,126.0,161628,20450281.3,,,,render_normalized,tasi_2026-08-20_2026-08-28_20260827T215758538311Z,7a00d373848e778f83c80f1777575ad48a6a4c0c192fe2e6a4123b56ae26cdee
4005,2026-08-25,126.1,127.5,125.8,125.8,71281,9026924.2,,,,render_normalized,tasi_2026-08-20_2026-08-28_20260827T215758538311Z,7a00d373848e778f83c80f1777575ad48a6a4c0c192fe2e6a4123b56ae26cdee
4005,2026-08-26,125.6,127.1,124.0,124.0,168065,21043003.8,,,,render_normalized,tasi_2026-08-20_2026-08-28_20260827T215758538311Z,7a00d373848e778f83c80f1777575ad48a6a4c0c192fe2e6a4123b56ae26cdee
4005,2026-08-27,123.9,125.5,123.8,125.2,24791,3099153.6,,,,render_normalized,tasi_2026-08-20_2026-08-28_20260827T215758538311Z,7a00d373848e778f83c80f1777575ad48a6a4c0c192fe2e6a4123b56ae26cdee
4005,2026-08-30,125.2,126.2,123.1,123.6,43733,5472381.8,,,,render_normalized,tasi_2026-08-29_2026-08-30_20260830T153021490619Z,40f2932d214f44ed867e412ffba0369130210869179423e6eadc9f965765cdba
4005,2026-08-31,124.0,127.6,123.6,123.9,189121,23567936.9,,,,render_normalized,tasi_2026-08-31_2026-08-31_20260831T153022596960Z,374b46eb50c52f8fd4d5c98f4b7cf8e0c79e078fd621a4b30f58d5382471b4af
4006,2026-08-02,12.44,12.64,12.44,12.6,13379,168522.33,,,,render_normalized,tasi_2026-07-31_2026-08-02_20260802T153020127593Z,2eb23ca39fcf0e44fa270e6e4d6a1341261e22b2abfbc789ec2875a29009248b
4006,2026-08-03,12.57,12.7,12.56,12.62,36222,457537.13,,,,render_normalized,tasi_2026-08-03_2026-08-03_20260803T153021496139Z,4b0f0fa9c3b343cf96fecea13101ae13ad2a21806fd55533770061ac5bb0689d
4006,2026-08-04,12.71,12.84,12.61,12.74,38464,489324.34,,,,render_normalized,tasi_2026-08-04_2026-08-04_20260804T153023696814Z,32de4882671eec0a9062962d0f5591f8e56969b134d0070652d21718d4563e66
4006,2026-08-05,12.77,12.85,12.68,12.69,56002,715428.07,,,,render_normalized,tasi_2026-08-05_2026-08-05_20260805T153024437012Z,9fd93f225e2663ef72017465f1af6b5bb1e9f620c1b69c07a1f0fd54b850091a
4006,2026-08-06,12.68,12.68,12.47,12.49,49548,622963.61,,,,render_normalized,tasi_2026-08-06_2026-08-06_20260806T153021501965Z,6ff377152d0ead67e84f33bc0daa618a818145aa8e2f551c9273431d88ac3851
4006,2026-08-09,12.49,12.62,12.47,12.6,11158,140054.92,,,,render_normalized,tasi_2026-08-07_2026-08-09_20260809T153020287151Z,d7eb763bea83ef8684d027dfe3fb0fb7c951f2a9c34d7e37300eab6704449ed3
4006,2026-08-10,12.5,12.6,12.3,12.49,68050,845330.66,,,,render_normalized,tasi_2026-08-10_2026-08-10_20260810T153020102570Z,84d11a25e4f1e5c1fd93cef767caa7b24135f07229eeaeab08169c657f7b53de
4006,2026-08-11,12.4,12.4,12.21,12.25,36571,450145.7,,,,render_normalized,tasi_2026-08-11_2026-08-11_20260811T153022011718Z,2ca6395fd3fcc72ba670e2961883e5c743cbb0e78c08f0ae926df09c31320865
4006,2026-08-12,12.26,12.5,12.18,12.35,39734,487380.68,,,,render_normalized,tasi_2026-08-12_2026-08-12_20260812T153021905708Z,8862a2d01571a3c9a9cdaef7d6c4c85e805809ad63506c8d9042aff3fa53b579
4006,2026-08-13,12.28,12.35,12.11,12.2,53459,652781.53,,,,render_normalized,tasi_2026-08-13_2026-08-13_20260813T153020777659Z,e0b6e7e97827824585b899f3f5ae2a43f595aeae92435da9a370d3df14b68b99
4006,2026-08-16,12.2,12.44,12.2,12.29,29659,364217.85,,,,render_normalized,tasi_2026-08-14_2026-08-16_20260816T153020395457Z,5392abdf5e4a97362d33f1f6287bf2bc003c7d4bb43d28918b8aa095af9310d7
4006,2026-08-17,12.21,12.33,12.2,12.29,28628,350315.89,,,,render_normalized,tasi_2026-08-17_2026-08-17_20260817T153022794323Z,56ab1200186f32f6bf2b699463f355510bc0a3da931f38c90816013f38a2eaf0
4006,2026-08-18,12.22,12.31,12.2,12.26,10250,125786.47,,,,render_normalized,tasi_2026-08-18_2026-08-18_20260818T153020653358Z,1cfd844fc98ba7ee716337d459294e8e314daaa0f85480a8e110399f3a6b856d
4006,2026-08-19,12.29,12.29,12.05,12.07,75427,915855.58,,,,render_normalized,tasi_2026-08-19_2026-08-19_20260819T153022440747Z,c9f50859d8825bb8e17dc890cb696be42681eb6c5d61b3749a33257a86f3517b
4006,2026-08-20,12.07,12.26,12.07,12.18,47605,580574.59,,,,render_normalized,tasi_2026-08-20_2026-08-28_20260827T215758538311Z,7a00d373848e778f83c80f1777575ad48a6a4c0c192fe2e6a4123b56ae26cdee
4006,2026-08-23,12.35,12.36,12.25,12.3,46955,577842.61,,,,render_normalized,tasi_2026-08-20_2026-08-28_20260827T215758538311Z,7a00d373848e778f83c80f1777575ad48a6a4c0c192fe2e6a4123b56ae26cdee
4006,2026-08-24,12.26,12.44,12.25,12.3,65662,811854.42,,,,render_normalized,tasi_2026-08-20_2026-08-28_20260827T215758538311Z,7a00d373848e778f83c80f1777575ad48a6a4c0c192fe2e6a4123b56ae26cdee
4006,2026-08-25,12.36,12.44,12.32,12.35,30575,378251.38,,,,render_normalized,tasi_2026-08-20_2026-08-28_20260827T215758538311Z,7a00d373848e778f83c80f1777575ad48a6a4c0c192fe2e6a4123b56ae26cdee
4006,2026-08-26,12.43,12.56,12.3,12.45,50465,627523.46,,,,render_normalized,tasi_2026-08-20_2026-08-28_20260827T215758538311Z,7a00d373848e778f83c80f1777575ad48a6a4c0c192fe2e6a4123b56ae26cdee
4006,2026-08-27,12.34,12.44,12.33,12.41,38404,475250.79,,,,render_normalized,tasi_2026-08-20_2026-08-28_20260827T215758538311Z,7a00d373848e778f83c80f1777575ad48a6a4c0c192fe2e6a4123b56ae26cdee
4006,2026-08-30,12.42,12.54,12.33,12.41,33751,418131.99,,,,render_normalized,tasi_2026-08-29_2026-08-30_20260830T153021490619Z,40f2932d214f44ed867e412ffba0369130210869179423e6eadc9f965765cdba
4006,2026-08-31,12.33,12.33,12.15,12.22,82043,1006228.3,,,,render_normalized,tasi_2026-08-31_2026-08-31_20260831T153022596960Z,374b46eb50c52f8fd4d5c98f4b7cf8e0c79e078fd621a4b30f58d5382471b4af
4007,2026-08-02,26.02,26.62,26.0,26.5,118483,3121254.38,,,,render_normalized,tasi_2026-07-31_2026-08-02_20260802T153020127593Z,2eb23ca39fcf0e44fa270e6e4d6a1341261e22b2abfbc789ec2875a29009248b
4007,2026-08-03,26.5,27.76,26.48,27.76,280653,7700381.38,,,,render_normalized,tasi_2026-08-03_2026-08-03_20260803T153021496139Z,4b0f0fa9c3b343cf96fecea13101ae13ad2a21806fd55533770061ac5bb0689d
4007,2026-08-04,27.84,27.84,26.9,26.96,577770,15646038.08,,,,render_normalized,tasi_2026-08-04_2026-08-04_20260804T153023696814Z,32de4882671eec0a9062962d0f5591f8e56969b134d0070652d21718d4563e66
4007,2026-08-05,27.06,27.14,26.7,26.8,321243,8637371.26,,,,render_normalized,tasi_2026-08-05_2026-08-05_20260805T153024437012Z,9fd93f225e2663ef72017465f1af6b5bb1e9f620c1b69c07a1f0fd54b850091a
4007,2026-08-06,26.82,27.0,26.24,26.3,356722,9504818.04,,,,render_normalized,tasi_2026-08-06_2026-08-06_20260806T153021501965Z,6ff377152d0ead67e84f33bc0daa618a818145aa8e2f551c9273431d88ac3851
4007,2026-08-09,26.4,26.42,25.82,25.86,302558,7893017.9,,,,render_normalized,tasi_2026-08-07_2026-08-09_20260809T153020287151Z,d7eb763bea83ef8684d027dfe3fb0fb7c951f2a9c34d7e37300eab6704449ed3
4007,2026-08-10,25.94,26.02,25.6,25.9,418249,10830596.44,,,,render_normalized,tasi_2026-08-10_2026-08-10_20260810T153020102570Z,84d11a25e4f1e5c1fd93cef767caa7b24135f07229eeaeab08169c657f7b53de
4007,2026-08-11,25.9,26.14,25.58,25.58,291967,7530335.06,,,,render_normalized,tasi_2026-08-11_2026-08-11_20260811T153022011718Z,2ca6395fd3fcc72ba670e2961883e5c743cbb0e78c08f0ae926df09c31320865
4007,2026-08-12,25.58,25.66,25.14,25.16,420324,10654632.54,,,,render_normalized,tasi_2026-08-12_2026-08-12_20260812T153021905708Z,8862a2d01571a3c9a9cdaef7d6c4c85e805809ad63506c8d9042aff3fa53b579
4007,2026-08-13,25.12,25.26,24.88,24.94,403985,10115482.89,,,,render_normalized,tasi_2026-08-13_2026-08-13_20260813T153020777659Z,e0b6e7e97827824585b899f3f5ae2a43f595aeae92435da9a370d3df14b68b99
4007,2026-08-16,25.08,25.22,24.98,25.08,229362,5760522.24,,,,render_normalized,tasi_2026-08-14_2026-08-16_20260816T153020395457Z,5392abdf5e4a97362d33f1f6287bf2bc003c7d4bb43d28918b8aa095af9310d7
4007,2026-08-17,25.08,25.08,24.73,24.81,234390,5837459.47,,,,render_normalized,tasi_2026-08-17_2026-08-17_20260817T153022794323Z,56ab1200186f32f6bf2b699463f355510bc0a3da931f38c90816013f38a2eaf0
4007,2026-08-18,24.88,24.92,24.74,24.84,160407,3983889.21,,,,render_normalized,tasi_2026-08-18_2026-08-18_20260818T153020653358Z,1cfd844fc98ba7ee716337d459294e8e314daaa0f85480a8e110399f3a6b856d
4007,2026-08-19,24.84,24.97,24.75,24.89,140419,3491385.51,,,,render_normalized,tasi_2026-08-19_2026-08-19_20260819T153022440747Z,c9f50859d8825bb8e17dc890cb696be42681eb6c5d61b3749a33257a86f3517b
4007,2026-08-20,24.9,25.34,24.87,25.2,659741,16582349.87,,,,render_normalized,tasi_2026-08-20_2026-08-28_20260827T215758538311Z,7a00d373848e778f83c80f1777575ad48a6a4c0c192fe2e6a4123b56ae26cdee
4007,2026-08-23,25.04,25.54,25.04,25.36,211601,5362050.36,,,,render_normalized,tasi_2026-08-20_2026-08-28_20260827T215758538311Z,7a00d373848e778f83c80f1777575ad48a6a4c0c192fe2e6a4123b56ae26cdee
4007,2026-08-24,25.36,25.6,25.22,25.44,467439,11883215.8,,,,render_normalized,tasi_2026-08-20_2026-08-28_20260827T215758538311Z,7a00d373848e778f83c80f1777575ad48a6a4c0c192fe2e6a4123b56ae26cdee
4007,2026-08-25,25.4,25.7,25.34,25.6,370665,9468698.94,,,,render_normalized,tasi_2026-08-20_2026-08-28_20260827T215758538311Z,7a00d373848e778f83c80f1777575ad48a6a4c0c192fe2e6a4123b56ae26cdee
4007,2026-08-26,25.62,25.84,25.4,25.64,740826,18976564.96,,,,render_normalized,tasi_2026-08-20_2026-08-28_20260827T215758538311Z,7a00d373848e778f83c80f1777575ad48a6a4c0c192fe2e6a4123b56ae26cdee
4007,2026-08-27,25.7,25.7,25.28,25.32,552197,14047244.62,,,,render_normalized,tasi_2026-08-20_2026-08-28_20260827T215758538311Z,7a00d373848e778f83c80f1777575ad48a6a4c0c192fe2e6a4123b56ae26cdee
4007,2026-08-30,25.32,25.4,25.02,25.06,330492,8316722.96,,,,render_normalized,tasi_2026-08-29_2026-08-30_20260830T153021490619Z,40f2932d214f44ed867e412ffba0369130210869179423e6eadc9f965765cdba
4007,2026-08-31,25.06,25.38,24.99,25.12,502966,12645192.16,,,,render_normalized,tasi_2026-08-31_2026-08-31_20260831T153022596960Z,374b46eb50c52f8fd4d5c98f4b7cf8e0c79e078fd621a4b30f58d5382471b4af
4008,2026-08-02,21.92,22.38,21.92,22.03,30421,671059.68,,,,render_normalized,tasi_2026-07-31_2026-08-02_20260802T153020127593Z,2eb23ca39fcf0e44fa270e6e4d6a1341261e22b2abfbc789ec2875a29009248b
4008,2026-08-03,22.03,22.18,21.5,21.94,59582,1305995.23,,,,render_normalized,tasi_2026-08-03_2026-08-03_20260803T153021496139Z,4b0f0fa9c3b343cf96fecea13101ae13ad2a21806fd55533770061ac5bb0689d
4008,2026-08-04,22.19,22.19,21.76,21.76,55996,1226320.54,,,,render_normalized,tasi_2026-08-04_2026-08-04_20260804T153023696814Z,32de4882671eec0a9062962d0f5591f8e56969b134d0070652d21718d4563e66
4008,2026-08-05,21.74,22.1,21.7,21.97,35606,780195.44,,,,render_normalized,tasi_2026-08-05_2026-08-05_20260805T153024437012Z,9fd93f225e2663ef72017465f1af6b5bb1e9f620c1b69c07a1f0fd54b850091a
4008,2026-08-06,21.9,21.97,21.4,21.57,57349,1236064.34,,,,render_normalized,tasi_2026-08-06_2026-08-06_20260806T153021501965Z,6ff377152d0ead67e84f33bc0daa618a818145aa8e2f551c9273431d88ac3851
4008,2026-08-09,21.1,21.39,20.67,20.87,71265,1501466.7,,,,render_normalized,tasi_2026-08-07_2026-08-09_20260809T153020287151Z,d7eb763bea83ef8684d027dfe3fb0fb7c951f2a9c34d7e37300eab6704449ed3
4008,2026-08-10,20.9,21.36,20.56,21.21,118104,2473041.25,,,,render_normalized,tasi_2026-08-10_2026-08-10_20260810T153020102570Z,84d11a25e4f1e5c1fd93cef767caa7b24135f07229eeaeab08169c657f7b53de
4008,2026-08-11,21.21,21.29,20.93,20.96,35438,746468.4,,,,render_normalized,tasi_2026-08-11_2026-08-11_20260811T153022011718Z,2ca6395fd3fcc72ba670e2961883e5c743cbb0e78c08f0ae926df09c31320865
4008,2026-08-12,20.95,21.1,20.81,21.0,42848,899139.03,,,,render_normalized,tasi_2026-08-12_2026-08-12_20260812T153021905708Z,8862a2d01571a3c9a9cdaef7d6c4c85e805809ad63506c8d9042aff3fa53b579
4008,2026-08-13,20.81,21.04,20.3,20.42,83746,1725259.9,,,,render_normalized,tasi_2026-08-13_2026-08-13_20260813T153020777659Z,e0b6e7e97827824585b899f3f5ae2a43f595aeae92435da9a370d3df14b68b99
4008,2026-08-16,20.99,20.99,20.61,20.86,22605,471253.17,,,,render_normalized,tasi_2026-08-14_2026-08-16_20260816T153020395457Z,5392abdf5e4a97362d33f1f6287bf2bc003c7d4bb43d28918b8aa095af9310d7
4008,2026-08-17,20.86,21.77,20.61,21.34,120900,2578462.24,,,,render_normalized,tasi_2026-08-17_2026-08-17_20260817T153022794323Z,56ab1200186f32f6bf2b699463f355510bc0a3da931f38c90816013f38a2eaf0
4008,2026-08-18,21.38,21.48,20.85,20.94,53121,1121727.71,,,,render_normalized,tasi_2026-08-18_2026-08-18_20260818T153020653358Z,1cfd844fc98ba7ee716337d459294e8e314daaa0f85480a8e110399f3a6b856d
4008,2026-08-19,21.07,21.49,20.66,20.71,49609,1040057.25,,,,render_normalized,tasi_2026-08-19_2026-08-19_20260819T153022440747Z,c9f50859d8825bb8e17dc890cb696be42681eb6c5d61b3749a33257a86f3517b
4008,2026-08-20,20.72,21.7,20.61,21.13,175943,3745377.01,,,,render_normalized,tasi_2026-08-20_2026-08-28_20260827T215758538311Z,7a00d373848e778f83c80f1777575ad48a6a4c0c192fe2e6a4123b56ae26cdee
4008,2026-08-23,21.55,21.55,20.9,21.23,153924,3246144.07,,,,render_normalized,tasi_2026-08-20_2026-08-28_20260827T215758538311Z,7a00d373848e778f83c80f1777575ad48a6a4c0c192fe2e6a4123b56ae26cdee
4008,2026-08-24,21.15,21.43,21.15,21.32,73281,1562126.04,,,,render_normalized,tasi_2026-08-20_2026-08-28_20260827T215758538311Z,7a00d373848e778f83c80f1777575ad48a6a4c0c192fe2e6a4123b56ae26cdee
4008,2026-08-25,21.22,21.4,21.03,21.09,53408,1130929.93,,,,render_normalized,tasi_2026-08-20_2026-08-28_20260827T215758538311Z,7a00d373848e778f83c80f1777575ad48a6a4c0c192fe2e6a4123b56ae26cdee
4008,2026-08-26,21.03,21.32,20.98,21.0,78479,1663129.44,,,,render_normalized,tasi_2026-08-20_2026-08-28_20260827T215758538311Z,7a00d373848e778f83c80f1777575ad48a6a4c0c192fe2e6a4123b56ae26cdee
4008,2026-08-27,21.0,21.35,21.0,21.2,39573,839774.82,,,,render_normalized,tasi_2026-08-20_2026-08-28_20260827T215758538311Z,7a00d373848e778f83c80f1777575ad48a6a4c0c192fe2e6a4123b56ae26cdee
4008,2026-08-30,21.2,21.31,20.9,20.98,35100,738774.18,,,,render_normalized,tasi_2026-08-29_2026-08-30_20260830T153021490619Z,40f2932d214f44ed867e412ffba0369130210869179423e6eadc9f965765cdba
4008,2026-08-31,21.09,21.09,20.76,20.96,41269,860599.9,,,,render_normalized,tasi_2026-08-31_2026-08-31_20260831T153022596960Z,374b46eb50c52f8fd4d5c98f4b7cf8e0c79e078fd621a4b30f58d5382471b4af
4009,2026-08-02,29.82,31.28,29.78,31.02,374529,11538328.72,,,,render_normalized,tasi_2026-07-31_2026-08-02_20260802T153020127593Z,2eb23ca39fcf0e44fa270e6e4d6a1341261e22b2abfbc789ec2875a29009248b
4009,2026-08-03,31.02,32.7,30.62,32.46,589062,18876249.38,,,,render_normalized,tasi_2026-08-03_2026-08-03_20260803T153021496139Z,4b0f0fa9c3b343cf96fecea13101ae13ad2a21806fd55533770061ac5bb0689d
4009,2026-08-04,32.46,32.98,32.2,32.84,299694,9784018.18,,,,render_normalized,tasi_2026-08-04_2026-08-04_20260804T153023696814Z,32de4882671eec0a9062962d0f5591f8e56969b134d0070652d21718d4563e66
4009,2026-08-05,32.84,33.2,31.6,32.0,401612,12984032.14,,,,render_normalized,tasi_2026-08-05_2026-08-05_20260805T153024437012Z,9fd93f225e2663ef72017465f1af6b5bb1e9f620c1b69c07a1f0fd54b850091a
4009,2026-08-06,32.0,32.02,31.48,31.5,249532,7924677.66,,,,render_normalized,tasi_2026-08-06_2026-08-06_20260806T153021501965Z,6ff377152d0ead67e84f33bc0daa618a818145aa8e2f551c9273431d88ac3851
4009,2026-08-09,31.4,31.52,31.16,31.48,123045,3853689.1,,,,render_normalized,tasi_2026-08-07_2026-08-09_20260809T153020287151Z,d7eb763bea83ef8684d027dfe3fb0fb7c951f2a9c34d7e37300eab6704449ed3
4009,2026-08-10,31.48,31.48,30.72,31.24,373755,11557014.86,,,,render_normalized,tasi_2026-08-10_2026-08-10_20260810T153020102570Z,84d11a25e4f1e5c1fd93cef767caa7b24135f07229eeaeab08169c657f7b53de
4009,2026-08-11,31.12,31.12,30.56,30.62,329431,10110282.24,,,,render_normalized,tasi_2026-08-11_2026-08-11_20260811T153022011718Z,2ca6395fd3fcc72ba670e2961883e5c743cbb0e78c08f0ae926df09c31320865
4009,2026-08-12,30.94,31.5,30.76,30.94,438136,13662674.74,,,,render_normalized,tasi_2026-08-12_2026-08-12_20260812T153021905708Z,8862a2d01571a3c9a9cdaef7d6c4c85e805809ad63506c8d9042aff3fa53b579
4009,2026-08-13,30.9,31.04,30.72,30.72,122633,3779200.18,,,,render_normalized,tasi_2026-08-13_2026-08-13_20260813T153020777659Z,e0b6e7e97827824585b899f3f5ae2a43f595aeae92435da9a370d3df14b68b99
4009,2026-08-16,31.0,31.54,31.0,31.38,345439,10793128.04,,,,render_normalized,tasi_2026-08-14_2026-08-16_20260816T153020395457Z,5392abdf5e4a97362d33f1f6287bf2bc003c7d4bb43d28918b8aa095af9310d7
4009,2026-08-17,31.38,32.0,31.06,31.6,493785,15550883.54,,,,render_normalized,tasi_2026-08-17_2026-08-17_20260817T153022794323Z,56ab1200186f32f6bf2b699463f355510bc0a3da931f38c90816013f38a2eaf0
4009,2026-08-18,31.6,31.66,31.32,31.6,294897,9282943.32,,,,render_normalized,tasi_2026-08-18_2026-08-18_20260818T153020653358Z,1cfd844fc98ba7ee716337d459294e8e314daaa0f85480a8e110399f3a6b856d
4009,2026-08-19,31.36,31.84,31.26,31.68,241208,7614924.64,,,,render_normalized,tasi_2026-08-19_2026-08-19_20260819T153022440747Z,c9f50859d8825bb8e17dc890cb696be42681eb6c5d61b3749a33257a86f3517b
4009,2026-08-20,31.56,32.14,31.44,32.06,326848,10418387.58,,,,render_normalized,tasi_2026-08-20_2026-08-28_20260827T215758538311Z,7a00d373848e778f83c80f1777575ad48a6a4c0c192fe2e6a4123b56ae26cdee
4009,2026-08-23,32.06,32.42,31.72,32.0,489630,15647748.24,,,,render_normalized,tasi_2026-08-20_2026-08-28_20260827T215758538311Z,7a00d373848e778f83c80f1777575ad48a6a4c0c192fe2e6a4123b56ae26cdee
4009,2026-08-24,32.0,32.46,31.92,32.1,442395,14264509.64,,,,render_normalized,tasi_2026-08-20_2026-08-28_20260827T215758538311Z,7a00d373848e778f83c80f1777575ad48a6a4c0c192fe2e6a4123b56ae26cdee
4009,2026-08-25,32.08,32.62,31.92,32.38,471727,15257188.82,,,,render_normalized,tasi_2026-08-20_2026-08-28_20260827T215758538311Z,7a00d373848e778f83c80f1777575ad48a6a4c0c192fe2e6a4123b56ae26cdee
4009,2026-08-26,32.4,32.66,32.02,32.02,392804,12696846.2,,,,render_normalized,tasi_2026-08-20_2026-08-28_20260827T215758538311Z,7a00d373848e778f83c80f1777575ad48a6a4c0c192fe2e6a4123b56ae26cdee
4009,2026-08-27,32.2,33.12,31.98,32.68,1054178,34574731.32,,,,render_normalized,tasi_2026-08-20_2026-08-28_20260827T215758538311Z,7a00d373848e778f83c80f1777575ad48a6a4c0c192fe2e6a4123b56ae26cdee
4009,2026-08-30,32.68,33.12,32.68,32.88,435644,14351099.52,,,,render_normalized,tasi_2026-08-29_2026-08-30_20260830T153021490619Z,40f2932d214f44ed867e412ffba0369130210869179423e6eadc9f965765cdba
4009,2026-08-31,33.0,33.38,32.74,32.96,782591,25857464.38,,,,render_normalized,tasi_2026-08-31_2026-08-31_20260831T153022596960Z,374b46eb50c52f8fd4d5c98f4b7cf8e0c79e078fd621a4b30f58d5382471b4af
4011,2026-08-02,10.33,11.36,10.3,11.36,1018804,11429336.86,,,,render_normalized,tasi_2026-07-31_2026-08-02_20260802T153020127593Z,2eb23ca39fcf0e44fa270e6e4d6a1341261e22b2abfbc789ec2875a29009248b
4011,2026-08-03,11.5,11.61,11.05,11.21,656931,7460512.73,,,,render_normalized,tasi_2026-08-03_2026-08-03_20260803T153021496139Z,4b0f0fa9c3b343cf96fecea13101ae13ad2a21806fd55533770061ac5bb0689d
4011,2026-08-04,11.11,11.37,11.11,11.2,108579,1218093.56,,,,render_normalized,tasi_2026-08-04_2026-08-04_20260804T153023696814Z,32de4882671eec0a9062962d0f5591f8e56969b134d0070652d21718d4563e66
4011,2026-08-05,11.22,11.44,11.15,11.2,223072,2510009.84,,,,render_normalized,tasi_2026-08-05_2026-08-05_20260805T153024437012Z,9fd93f225e2663ef72017465f1af6b5bb1e9f620c1b69c07a1f0fd54b850091a
4011,2026-08-06,11.2,11.26,11.05,11.16,205613,2291365.05,,,,render_normalized,tasi_2026-08-06_2026-08-06_20260806T153021501965Z,6ff377152d0ead67e84f33bc0daa618a818145aa8e2f551c9273431d88ac3851
4011,2026-08-09,11.14,11.24,10.96,10.96,147016,1627736.27,,,,render_normalized,tasi_2026-08-07_2026-08-09_20260809T153020287151Z,d7eb763bea83ef8684d027dfe3fb0fb7c951f2a9c34d7e37300eab6704449ed3
4011,2026-08-10,10.96,11.01,10.73,10.97,253369,2764437.25,,,,render_normalized,tasi_2026-08-10_2026-08-10_20260810T153020102570Z,84d11a25e4f1e5c1fd93cef767caa7b24135f07229eeaeab08169c657f7b53de
4011,2026-08-11,10.9,11.02,10.84,10.9,162692,1777682.36,,,,render_normalized,tasi_2026-08-11_2026-08-11_20260811T153022011718Z,2ca6395fd3fcc72ba670e2961883e5c743cbb0e78c08f0ae926df09c31320865
4011,2026-08-12,11.0,11.0,10.37,10.43,369026,3928661.73,,,,render_normalized,tasi_2026-08-12_2026-08-12_20260812T153021905708Z,8862a2d01571a3c9a9cdaef7d6c4c85e805809ad63506c8d9042aff3fa53b579
4011,2026-08-13,10.44,10.81,10.44,10.64,307903,3274078.97,,,,render_normalized,tasi_2026-08-13_2026-08-13_20260813T153020777659Z,e0b6e7e97827824585b899f3f5ae2a43f595aeae92435da9a370d3df14b68b99
4011,2026-08-16,10.64,10.91,10.64,10.74,191858,2069173.47,,,,render_normalized,tasi_2026-08-14_2026-08-16_20260816T153020395457Z,5392abdf5e4a97362d33f1f6287bf2bc003c7d4bb43d28918b8aa095af9310d7
4011,2026-08-17,10.74,10.78,10.6,10.6,62667,669946.73,,,,render_normalized,tasi_2026-08-17_2026-08-17_20260817T153022794323Z,56ab1200186f32f6bf2b699463f355510bc0a3da931f38c90816013f38a2eaf0
4011,2026-08-18,10.75,10.75,10.61,10.65,88681,944778.1,,,,render_normalized,tasi_2026-08-18_2026-08-18_20260818T153020653358Z,1cfd844fc98ba7ee716337d459294e8e314daaa0f85480a8e110399f3a6b856d
4011,2026-08-19,10.66,10.74,10.61,10.65,83818,893064.72,,,,render_normalized,tasi_2026-08-19_2026-08-19_20260819T153022440747Z,c9f50859d8825bb8e17dc890cb696be42681eb6c5d61b3749a33257a86f3517b
4011,2026-08-20,10.7,10.75,10.61,10.68,156369,1673619.54,,,,render_normalized,tasi_2026-08-20_2026-08-28_20260827T215758538311Z,7a00d373848e778f83c80f1777575ad48a6a4c0c192fe2e6a4123b56ae26cdee
4011,2026-08-23,10.68,10.81,10.65,10.7,180700,1935974.06,,,,render_normalized,tasi_2026-08-20_2026-08-28_20260827T215758538311Z,7a00d373848e778f83c80f1777575ad48a6a4c0c192fe2e6a4123b56ae26cdee
4011,2026-08-24,10.68,10.86,10.68,10.78,113788,1226740.78,,,,render_normalized,tasi_2026-08-20_2026-08-28_20260827T215758538311Z,7a00d373848e778f83c80f1777575ad48a6a4c0c192fe2e6a4123b56ae26cdee
4011,2026-08-25,10.73,10.83,10.69,10.75,324512,3480984.07,,,,render_normalized,tasi_2026-08-20_2026-08-28_20260827T215758538311Z,7a00d373848e778f83c80f1777575ad48a6a4c0c192fe2e6a4123b56ae26cdee
4011,2026-08-26,10.75,10.87,10.68,10.82,180022,1942508.19,,,,render_normalized,tasi_2026-08-20_2026-08-28_20260827T215758538311Z,7a00d373848e778f83c80f1777575ad48a6a4c0c192fe2e6a4123b56ae26cdee
4011,2026-08-27,10.8,10.84,10.68,10.68,163305,1751388.36,,,,render_normalized,tasi_2026-08-20_2026-08-28_20260827T215758538311Z,7a00d373848e778f83c80f1777575ad48a6a4c0c192fe2e6a4123b56ae26cdee
4011,2026-08-30,10.69,10.77,10.62,10.63,181931,1941630.75,,,,render_normalized,tasi_2026-08-29_2026-08-30_20260830T153021490619Z,40f2932d214f44ed867e412ffba0369130210869179423e6eadc9f965765cdba
4011,2026-08-31,10.62,10.62,10.53,10.53,123007,1299120.53,,,,render_normalized,tasi_2026-08-31_2026-08-31_20260831T153022596960Z,374b46eb50c52f8fd4d5c98f4b7cf8e0c79e078fd621a4b30f58d5382471b4af
4012,2026-08-02,3.55,3.62,3.55,3.57,435179,1564338.61,,,,render_normalized,tasi_2026-07-31_2026-08-02_20260802T153020127593Z,2eb23ca39fcf0e44fa270e6e4d6a1341261e22b2abfbc789ec2875a29009248b
4012,2026-08-03,3.65,3.7,3.65,3.7,1175139,4322238.84,,,,render_normalized,tasi_2026-08-03_2026-08-03_20260803T153021496139Z,4b0f0fa9c3b343cf96fecea13101ae13ad2a21806fd55533770061ac5bb0689d
4012,2026-08-04,3.69,3.75,3.68,3.72,1008769,3756210.99,,,,render_normalized,tasi_2026-08-04_2026-08-04_20260804T153023696814Z,32de4882671eec0a9062962d0f5591f8e56969b134d0070652d21718d4563e66
4012,2026-08-05,3.72,3.77,3.71,3.76,854329,3193760.35,,,,render_normalized,tasi_2026-08-05_2026-08-05_20260805T153024437012Z,9fd93f225e2663ef72017465f1af6b5bb1e9f620c1b69c07a1f0fd54b850091a
4012,2026-08-06,3.75,3.76,3.72,3.75,600252,2247830.16,,,,render_normalized,tasi_2026-08-06_2026-08-06_20260806T153021501965Z,6ff377152d0ead67e84f33bc0daa618a818145aa8e2f551c9273431d88ac3851
4012,2026-08-09,3.62,3.68,3.6,3.62,684976,2486695.83,,,,render_normalized,tasi_2026-08-07_2026-08-09_20260809T153020287151Z,d7eb763bea83ef8684d027dfe3fb0fb7c951f2a9c34d7e37300eab6704449ed3
4012,2026-08-10,3.6,3.6,3.56,3.57,714828,2557263.78,,,,render_normalized,tasi_2026-08-10_2026-08-10_20260810T153020102570Z,84d11a25e4f1e5c1fd93cef767caa7b24135f07229eeaeab08169c657f7b53de
4012,2026-08-11,3.56,3.59,3.55,3.55,455008,1620506.46,,,,render_normalized,tasi_2026-08-11_2026-08-11_20260811T153022011718Z,2ca6395fd3fcc72ba670e2961883e5c743cbb0e78c08f0ae926df09c31320865
4012,2026-08-12,3.54,3.55,3.51,3.54,470534,1661121.31,,,,render_normalized,tasi_2026-08-12_2026-08-12_20260812T153021905708Z,8862a2d01571a3c9a9cdaef7d6c4c85e805809ad63506c8d9042aff3fa53b579
4012,2026-08-13,3.52,3.53,3.48,3.51,862536,3028633.13,,,,render_normalized,tasi_2026-08-13_2026-08-13_20260813T153020777659Z,e0b6e7e97827824585b899f3f5ae2a43f595aeae92435da9a370d3df14b68b99
4012,2026-08-16,3.53,3.53,3.44,3.46,789569,2756358.46,,,,render_normalized,tasi_2026-08-14_2026-08-16_20260816T153020395457Z,5392abdf5e4a97362d33f1f6287bf2bc003c7d4bb43d28918b8aa095af9310d7
4012,2026-08-17,3.45,3.47,3.43,3.46,444370,1532722.59,,,,render_normalized,tasi_2026-08-17_2026-08-17_20260817T153022794323Z,56ab1200186f32f6bf2b699463f355510bc0a3da931f38c90816013f38a2eaf0
4012,2026-08-18,3.46,3.46,3.43,3.44,369427,1273260.02,,,,render_normalized,tasi_2026-08-18_2026-08-18_20260818T153020653358Z,1cfd844fc98ba7ee716337d459294e8e314daaa0f85480a8e110399f3a6b856d
4012,2026-08-19,3.44,3.47,3.44,3.44,289441,1000404.82,,,,render_normalized,tasi_2026-08-19_2026-08-19_20260819T153022440747Z,c9f50859d8825bb8e17dc890cb696be42681eb6c5d61b3749a33257a86f3517b
4012,2026-08-20,3.46,3.49,3.45,3.48,227183,788382.73,,,,render_normalized,tasi_2026-08-20_2026-08-28_20260827T215758538311Z,7a00d373848e778f83c80f1777575ad48a6a4c0c192fe2e6a4123b56ae26cdee
4012,2026-08-23,3.5,3.53,3.49,3.51,284147,996375.17,,,,render_normalized,tasi_2026-08-20_2026-08-28_20260827T215758538311Z,7a00d373848e778f83c80f1777575ad48a6a4c0c192fe2e6a4123b56ae26cdee
4012,2026-08-24,3.5,3.53,3.5,3.51,255233,896049.73,,,,render_normalized,tasi_2026-08-20_2026-08-28_20260827T215758538311Z,7a00d373848e778f83c80f1777575ad48a6a4c0c192fe2e6a4123b56ae26cdee
4012,2026-08-25,3.51,3.52,3.49,3.5,197295,691732.81,,,,render_normalized,tasi_2026-08-20_2026-08-28_20260827T215758538311Z,7a00d373848e778f83c80f1777575ad48a6a4c0c192fe2e6a4123b56ae26cdee
4012,2026-08-26,3.5,3.53,3.49,3.5,310510,1088801.35,,,,render_normalized,tasi_2026-08-20_2026-08-28_20260827T215758538311Z,7a00d373848e778f83c80f1777575ad48a6a4c0c192fe2e6a4123b56ae26cdee
4012,2026-08-27,3.51,3.53,3.47,3.49,671141,2343236.98,,,,render_normalized,tasi_2026-08-20_2026-08-28_20260827T215758538311Z,7a00d373848e778f83c80f1777575ad48a6a4c0c192fe2e6a4123b56ae26cdee
4012,2026-08-30,3.51,3.55,3.49,3.53,1183983,4157250.1,,,,render_normalized,tasi_2026-08-29_2026-08-30_20260830T153021490619Z,40f2932d214f44ed867e412ffba0369130210869179423e6eadc9f965765cdba
4012,2026-08-31,3.54,3.55,3.51,3.51,692486,2440371.21,,,,render_normalized,tasi_2026-08-31_2026-08-31_20260831T153022596960Z,374b46eb50c52f8fd4d5c98f4b7cf8e0c79e078fd621a4b30f58d5382471b4af
4013,2026-08-02,232.9,236.8,231.0,234.5,109289,25665507.3,,,,render_normalized,tasi_2026-07-31_2026-08-02_20260802T153020127593Z,2eb23ca39fcf0e44fa270e6e4d6a1341261e22b2abfbc789ec2875a29009248b
4013,2026-08-03,233.2,238.0,230.3,238.0,292348,68895657.8,,,,render_normalized,tasi_2026-08-03_2026-08-03_20260803T153021496139Z,4b0f0fa9c3b343cf96fecea13101ae13ad2a21806fd55533770061ac5bb0689d
4013,2026-08-04,237.8,241.9,236.6,238.9,222432,53157042.2,,,,render_normalized,tasi_2026-08-04_2026-08-04_20260804T153023696814Z,32de4882671eec0a9062962d0f5591f8e56969b134d0070652d21718d4563e66
4013,2026-08-05,238.3,241.0,237.9,239.5,186657,44731668.3,,,,render_normalized,tasi_2026-08-05_2026-08-05_20260805T153024437012Z,9fd93f225e2663ef72017465f1af6b5bb1e9f620c1b69c07a1f0fd54b850091a
4013,2026-08-06,239.6,240.3,234.4,234.4,172106,40759231.5,,,,render_normalized,tasi_2026-08-06_2026-08-06_20260806T153021501965Z,6ff377152d0ead67e84f33bc0daa618a818145aa8e2f551c9273431d88ac3851
4013,2026-08-09,234.0,234.4,231.4,232.3,54077,12566744.1,,,,render_normalized,tasi_2026-08-07_2026-08-09_20260809T153020287151Z,d7eb763bea83ef8684d027dfe3fb0fb7c951f2a9c34d7e37300eab6704449ed3
4013,2026-08-10,232.2,234.3,231.0,232.6,67871,15758807.7,,,,render_normalized,tasi_2026-08-10_2026-08-10_20260810T153020102570Z,84d11a25e4f1e5c1fd93cef767caa7b24135f07229eeaeab08169c657f7b53de
4013,2026-08-11,232.5,233.0,230.8,232.6,116372,26952382.9,,,,render_normalized,tasi_2026-08-11_2026-08-11_20260811T153022011718Z,2ca6395fd3fcc72ba670e2961883e5c743cbb0e78c08f0ae926df09c31320865
4013,2026-08-12,230.9,233.3,230.9,232.2,61696,14303514.2,,,,render_normalized,tasi_2026-08-12_2026-08-12_20260812T153021905708Z,8862a2d01571a3c9a9cdaef7d6c4c85e805809ad63506c8d9042aff3fa53b579
4013,2026-08-13,232.2,232.2,227.8,228.4,99959,22884539.5,,,,render_normalized,tasi_2026-08-13_2026-08-13_20260813T153020777659Z,e0b6e7e97827824585b899f3f5ae2a43f595aeae92435da9a370d3df14b68b99
4013,2026-08-16,228.4,232.1,228.4,230.6,82868,19094696.5,,,,render_normalized,tasi_2026-08-14_2026-08-16_20260816T153020395457Z,5392abdf5e4a97362d33f1f6287bf2bc003c7d4bb43d28918b8aa095af9310d7
4013,2026-08-17,231.7,232.2,229.3,231.0,106232,24482674.9,,,,render_normalized,tasi_2026-08-17_2026-08-17_20260817T153022794323Z,56ab1200186f32f6bf2b699463f355510bc0a3da931f38c90816013f38a2eaf0
4013,2026-08-18,230.2,236.3,230.1,236.3,160691,37666296.8,,,,render_normalized,tasi_2026-08-18_2026-08-18_20260818T153020653358Z,1cfd844fc98ba7ee716337d459294e8e314daaa0f85480a8e110399f3a6b856d
4013,2026-08-19,236.3,238.4,233.4,238.4,101536,24041328.9,,,,render_normalized,tasi_2026-08-19_2026-08-19_20260819T153022440747Z,c9f50859d8825bb8e17dc890cb696be42681eb6c5d61b3749a33257a86f3517b
4013,2026-08-20,238.1,238.2,235.5,237.8,59147,14012610.2,,,,render_normalized,tasi_2026-08-20_2026-08-28_20260827T215758538311Z,7a00d373848e778f83c80f1777575ad48a6a4c0c192fe2e6a4123b56ae26cdee
4013,2026-08-23,236.0,240.1,236.0,238.4,120960,28886299.2,,,,render_normalized,tasi_2026-08-20_2026-08-28_20260827T215758538311Z,7a00d373848e778f83c80f1777575ad48a6a4c0c192fe2e6a4123b56ae26cdee
4013,2026-08-24,238.4,239.6,237.4,238.0,112003,26681775.9,,,,render_normalized,tasi_2026-08-20_2026-08-28_20260827T215758538311Z,7a00d373848e778f83c80f1777575ad48a6a4c0c192fe2e6a4123b56ae26cdee
4013,2026-08-25,237.9,242.2,236.7,240.7,229827,55265918.0,,,,render_normalized,tasi_2026-08-20_2026-08-28_20260827T215758538311Z,7a00d373848e778f83c80f1777575ad48a6a4c0c192fe2e6a4123b56ae26cdee
4013,2026-08-26,240.7,242.9,239.7,240.0,124006,29916688.7,,,,render_normalized,tasi_2026-08-20_2026-08-28_20260827T215758538311Z,7a00d373848e778f83c80f1777575ad48a6a4c0c192fe2e6a4123b56ae26cdee
4013,2026-08-27,240.9,242.6,238.9,241.0,199507,48057889.9,,,,render_normalized,tasi_2026-08-20_2026-08-28_20260827T215758538311Z,7a00d373848e778f83c80f1777575ad48a6a4c0c192fe2e6a4123b56ae26cdee
4013,2026-08-30,241.0,241.5,237.8,238.0,131685,31548301.2,,,,render_normalized,tasi_2026-08-29_2026-08-30_20260830T153021490619Z,40f2932d214f44ed867e412ffba0369130210869179423e6eadc9f965765cdba
4013,2026-08-31,240.0,240.5,232.9,232.9,351766,82534935.1,,,,render_normalized,tasi_2026-08-31_2026-08-31_20260831T153022596960Z,374b46eb50c52f8fd4d5c98f4b7cf8e0c79e078fd621a4b30f58d5382471b4af
4014,2026-08-02,27.28,27.8,27.18,27.66,29470,811893.36,,,,render_normalized,tasi_2026-07-31_2026-08-02_20260802T153020127593Z,2eb23ca39fcf0e44fa270e6e4d6a1341261e22b2abfbc789ec2875a29009248b
4014,2026-08-03,27.8,28.12,27.66,28.12,66376,1850532.2,,,,render_normalized,tasi_2026-08-03_2026-08-03_20260803T153021496139Z,4b0f0fa9c3b343cf96fecea13101ae13ad2a21806fd55533770061ac5bb0689d
4014,2026-08-04,28.12,28.26,28.02,28.2,28199,792807.04,,,,render_normalized,tasi_2026-08-04_2026-08-04_20260804T153023696814Z,32de4882671eec0a9062962d0f5591f8e56969b134d0070652d21718d4563e66
4014,2026-08-05,28.2,28.5,27.98,28.02,69340,1953724.48,,,,render_normalized,tasi_2026-08-05_2026-08-05_20260805T153024437012Z,9fd93f225e2663ef72017465f1af6b5bb1e9f620c1b69c07a1f0fd54b850091a
4014,2026-08-06,27.6,27.72,27.22,27.52,52541,1444470.74,,,,render_normalized,tasi_2026-08-06_2026-08-06_20260806T153021501965Z,6ff377152d0ead67e84f33bc0daa618a818145aa8e2f551c9273431d88ac3851
4014,2026-08-09,27.6,27.7,27.48,27.6,32540,896104.0,,,,render_normalized,tasi_2026-08-07_2026-08-09_20260809T153020287151Z,d7eb763bea83ef8684d027dfe3fb0fb7c951f2a9c34d7e37300eab6704449ed3
4014,2026-08-10,27.6,27.78,27.42,27.74,35269,973986.86,,,,render_normalized,tasi_2026-08-10_2026-08-10_20260810T153020102570Z,84d11a25e4f1e5c1fd93cef767caa7b24135f07229eeaeab08169c657f7b53de
4014,2026-08-11,27.5,27.84,27.32,27.42,46169,1273198.36,,,,render_normalized,tasi_2026-08-11_2026-08-11_20260811T153022011718Z,2ca6395fd3fcc72ba670e2961883e5c743cbb0e78c08f0ae926df09c31320865
4014,2026-08-12,27.38,27.62,27.32,27.56,12261,336859.96,,,,render_normalized,tasi_2026-08-12_2026-08-12_20260812T153021905708Z,8862a2d01571a3c9a9cdaef7d6c4c85e805809ad63506c8d9042aff3fa53b579
4014,2026-08-13,27.56,27.68,27.32,27.32,37124,1017635.08,,,,render_normalized,tasi_2026-08-13_2026-08-13_20260813T153020777659Z,e0b6e7e97827824585b899f3f5ae2a43f595aeae92435da9a370d3df14b68b99
4014,2026-08-16,27.4,27.68,27.4,27.52,47955,1318990.92,,,,render_normalized,tasi_2026-08-14_2026-08-16_20260816T153020395457Z,5392abdf5e4a97362d33f1f6287bf2bc003c7d4bb43d28918b8aa095af9310d7
4014,2026-08-17,27.8,28.34,27.58,27.68,175966,4918658.22,,,,render_normalized,tasi_2026-08-17_2026-08-17_20260817T153022794323Z,56ab1200186f32f6bf2b699463f355510bc0a3da931f38c90816013f38a2eaf0
4014,2026-08-18,27.92,27.98,27.6,27.72,69778,1939717.94,,,,render_normalized,tasi_2026-08-18_2026-08-18_20260818T153020653358Z,1cfd844fc98ba7ee716337d459294e8e314daaa0f85480a8e110399f3a6b856d
4014,2026-08-19,27.72,27.98,27.4,27.6,38371,1056141.82,,,,render_normalized,tasi_2026-08-19_2026-08-19_20260819T153022440747Z,c9f50859d8825bb8e17dc890cb696be42681eb6c5d61b3749a33257a86f3517b
4014,2026-08-20,27.58,27.88,27.58,27.8,44998,1248891.12,,,,render_normalized,tasi_2026-08-20_2026-08-28_20260827T215758538311Z,7a00d373848e778f83c80f1777575ad48a6a4c0c192fe2e6a4123b56ae26cdee
4014,2026-08-23,27.8,28.0,27.76,27.84,29560,824348.32,,,,render_normalized,tasi_2026-08-20_2026-08-28_20260827T215758538311Z,7a00d373848e778f83c80f1777575ad48a6a4c0c192fe2e6a4123b56ae26cdee
4014,2026-08-24,27.88,28.32,27.84,28.28,110465,3105898.84,,,,render_normalized,tasi_2026-08-20_2026-08-28_20260827T215758538311Z,7a00d373848e778f83c80f1777575ad48a6a4c0c192fe2e6a4123b56ae26cdee
4014,2026-08-25,28.28,28.62,28.1,28.32,116058,3285629.52,,,,render_normalized,tasi_2026-08-20_2026-08-28_20260827T215758538311Z,7a00d373848e778f83c80f1777575ad48a6a4c0c192fe2e6a4123b56ae26cdee
4014,2026-08-26,28.52,29.0,28.3,28.3,124902,3565939.96,,,,render_normalized,tasi_2026-08-20_2026-08-28_20260827T215758538311Z,7a00d373848e778f83c80f1777575ad48a6a4c0c192fe2e6a4123b56ae26cdee
4014,2026-08-27,28.3,28.78,28.3,28.76,79521,2275580.82,,,,render_normalized,tasi_2026-08-20_2026-08-28_20260827T215758538311Z,7a00d373848e778f83c80f1777575ad48a6a4c0c192fe2e6a4123b56ae26cdee
4014,2026-08-30,28.94,28.96,28.44,28.44,58883,1686054.24,,,,render_normalized,tasi_2026-08-29_2026-08-30_20260830T153021490619Z,40f2932d214f44ed867e412ffba0369130210869179423e6eadc9f965765cdba
4014,2026-08-31,28.44,28.52,28.24,28.34,40851,1159413.18,,,,render_normalized,tasi_2026-08-31_2026-08-31_20260831T153022596960Z,374b46eb50c52f8fd4d5c98f4b7cf8e0c79e078fd621a4b30f58d5382471b4af
4015,2026-08-02,136.5,137.5,134.5,137.0,12030,1643706.7,,,,render_normalized,tasi_2026-07-31_2026-08-02_20260802T153020127593Z,2eb23ca39fcf0e44fa270e6e4d6a1341261e22b2abfbc789ec2875a29009248b
4015,2026-08-03,138.8,140.4,136.7,140.0,101805,14165456.9,,,,render_normalized,tasi_2026-08-03_2026-08-03_20260803T153021496139Z,4b0f0fa9c3b343cf96fecea13101ae13ad2a21806fd55533770061ac5bb0689d
4015,2026-08-04,140.0,142.4,138.5,141.3,37765,5317405.4,,,,render_normalized,tasi_2026-08-04_2026-08-04_20260804T153023696814Z,32de4882671eec0a9062962d0f5591f8e56969b134d0070652d21718d4563e66
4015,2026-08-05,141.3,143.5,140.6,142.0,22205,3151103.4,,,,render_normalized,tasi_2026-08-05_2026-08-05_20260805T153024437012Z,9fd93f225e2663ef72017465f1af6b5bb1e9f620c1b69c07a1f0fd54b850091a
4015,2026-08-06,141.6,142.1,139.7,140.1,17729,2492603.1,,,,render_normalized,tasi_2026-08-06_2026-08-06_20260806T153021501965Z,6ff377152d0ead67e84f33bc0daa618a818145aa8e2f551c9273431d88ac3851
4015,2026-08-09,140.1,141.2,139.4,140.0,6701,940069.7,,,,render_normalized,tasi_2026-08-07_2026-08-09_20260809T153020287151Z,d7eb763bea83ef8684d027dfe3fb0fb7c951f2a9c34d7e37300eab6704449ed3
4015,2026-08-10,140.0,141.5,138.8,141.3,59877,8382547.7,,,,render_normalized,tasi_2026-08-10_2026-08-10_20260810T153020102570Z,84d11a25e4f1e5c1fd93cef767caa7b24135f07229eeaeab08169c657f7b53de
4015,2026-08-11,141.3,141.3,139.8,140.5,6681,938146.2,,,,render_normalized,tasi_2026-08-11_2026-08-11_20260811T153022011718Z,2ca6395fd3fcc72ba670e2961883e5c743cbb0e78c08f0ae926df09c31320865
4015,2026-08-12,140.8,143.3,140.5,141.6,59646,8446900.7,,,,render_normalized,tasi_2026-08-12_2026-08-12_20260812T153021905708Z,8862a2d01571a3c9a9cdaef7d6c4c85e805809ad63506c8d9042aff3fa53b579
4015,2026-08-13,141.6,143.0,141.4,142.0,14043,1999893.7,,,,render_normalized,tasi_2026-08-13_2026-08-13_20260813T153020777659Z,e0b6e7e97827824585b899f3f5ae2a43f595aeae92435da9a370d3df14b68b99
4015,2026-08-16,142.0,142.5,141.0,141.5,35610,5052592.7,,,,render_normalized,tasi_2026-08-14_2026-08-16_20260816T153020395457Z,5392abdf5e4a97362d33f1f6287bf2bc003c7d4bb43d28918b8aa095af9310d7
4015,2026-08-17,141.0,141.0,138.8,139.9,26506,3693692.0,,,,render_normalized,tasi_2026-08-17_2026-08-17_20260817T153022794323Z,56ab1200186f32f6bf2b699463f355510bc0a3da931f38c90816013f38a2eaf0
4015,2026-08-18,140.0,140.9,139.2,139.4,36456,5105217.5,,,,render_normalized,tasi_2026-08-18_2026-08-18_20260818T153020653358Z,1cfd844fc98ba7ee716337d459294e8e314daaa0f85480a8e110399f3a6b856d
4015,2026-08-19,138.0,142.9,138.0,142.4,27592,3912624.4,,,,render_normalized,tasi_2026-08-19_2026-08-19_20260819T153022440747Z,c9f50859d8825bb8e17dc890cb696be42681eb6c5d61b3749a33257a86f3517b
4015,2026-08-20,141.0,142.4,140.8,140.8,16083,2272471.5,,,,render_normalized,tasi_2026-08-20_2026-08-28_20260827T215758538311Z,7a00d373848e778f83c80f1777575ad48a6a4c0c192fe2e6a4123b56ae26cdee
4015,2026-08-23,141.3,143.5,141.3,142.7,32351,4620902.5,,,,render_normalized,tasi_2026-08-20_2026-08-28_20260827T215758538311Z,7a00d373848e778f83c80f1777575ad48a6a4c0c192fe2e6a4123b56ae26cdee
4015,2026-08-24,142.5,142.5,139.5,139.7,34746,4899911.6,,,,render_normalized,tasi_2026-08-20_2026-08-28_20260827T215758538311Z,7a00d373848e778f83c80f1777575ad48a6a4c0c192fe2e6a4123b56ae26cdee
4015,2026-08-25,139.8,141.1,139.8,140.5,15488,2176343.7,,,,render_normalized,tasi_2026-08-20_2026-08-28_20260827T215758538311Z,7a00d373848e778f83c80f1777575ad48a6a4c0c192fe2e6a4123b56ae26cdee
4015,2026-08-26,140.5,141.4,140.4,141.0,15250,2150106.0,,,,render_normalized,tasi_2026-08-20_2026-08-28_20260827T215758538311Z,7a00d373848e778f83c80f1777575ad48a6a4c0c192fe2e6a4123b56ae26cdee
4015,2026-08-27,141.0,142.4,138.9,138.9,93183,13153348.4,,,,render_normalized,tasi_2026-08-20_2026-08-28_20260827T215758538311Z,7a00d373848e778f83c80f1777575ad48a6a4c0c192fe2e6a4123b56ae26cdee
4015,2026-08-30,139.4,139.8,139.0,139.2,5678,790472.6,,,,render_normalized,tasi_2026-08-29_2026-08-30_20260830T153021490619Z,40f2932d214f44ed867e412ffba0369130210869179423e6eadc9f965765cdba
4015,2026-08-31,139.2,139.2,135.4,136.9,62823,8615597.0,,,,render_normalized,tasi_2026-08-31_2026-08-31_20260831T153022596960Z,374b46eb50c52f8fd4d5c98f4b7cf8e0c79e078fd621a4b30f58d5382471b4af
4016,2026-08-02,57.85,58.5,57.7,57.9,40984,2377005.4,,,,render_normalized,tasi_2026-07-31_2026-08-02_20260802T153020127593Z,2eb23ca39fcf0e44fa270e6e4d6a1341261e22b2abfbc789ec2875a29009248b
4016,2026-08-03,57.95,58.4,57.65,58.3,29232,1697611.5,,,,render_normalized,tasi_2026-08-03_2026-08-03_20260803T153021496139Z,4b0f0fa9c3b343cf96fecea13101ae13ad2a21806fd55533770061ac5bb0689d
4016,2026-08-04,58.0,59.05,57.8,58.65,54892,3191160.65,,,,render_normalized,tasi_2026-08-04_2026-08-04_20260804T153023696814Z,32de4882671eec0a9062962d0f5591f8e56969b134d0070652d21718d4563e66
4016,2026-08-05,58.75,59.1,58.7,58.8,24631,1449485.45,,,,render_normalized,tasi_2026-08-05_2026-08-05_20260805T153024437012Z,9fd93f225e2663ef72017465f1af6b5bb1e9f620c1b69c07a1f0fd54b850091a
4016,2026-08-06,59.5,61.65,59.3,60.7,223279,13559533.55,,,,render_normalized,tasi_2026-08-06_2026-08-06_20260806T153021501965Z,6ff377152d0ead67e84f33bc0daa618a818145aa8e2f551c9273431d88ac3851
4016,2026-08-09,60.75,61.8,60.5,61.3,67987,4162458.9,,,,render_normalized,tasi_2026-08-07_2026-08-09_20260809T153020287151Z,d7eb763bea83ef8684d027dfe3fb0fb7c951f2a9c34d7e37300eab6704449ed3
4016,2026-08-10,61.25,62.5,61.2,61.75,88254,5457594.9,,,,render_normalized,tasi_2026-08-10_2026-08-10_20260810T153020102570Z,84d11a25e4f1e5c1fd93cef767caa7b24135f07229eeaeab08169c657f7b53de
4016,2026-08-11,61.5,62.0,60.7,60.7,86421,5294232.35,,,,render_normalized,tasi_2026-08-11_2026-08-11_20260811T153022011718Z,2ca6395fd3fcc72ba670e2961883e5c743cbb0e78c08f0ae926df09c31320865
4016,2026-08-12,60.7,60.75,60.25,60.55,22579,1364557.35,,,,render_normalized,tasi_2026-08-12_2026-08-12_20260812T153021905708Z,8862a2d01571a3c9a9cdaef7d6c4c85e805809ad63506c8d9042aff3fa53b579
4016,2026-08-13,60.15,61.0,60.0,60.5,59078,3568241.2,,,,render_normalized,tasi_2026-08-13_2026-08-13_20260813T153020777659Z,e0b6e7e97827824585b899f3f5ae2a43f595aeae92435da9a370d3df14b68b99
4016,2026-08-16,60.3,60.95,59.3,59.55,112676,6756779.0,,,,render_normalized,tasi_2026-08-14_2026-08-16_20260816T153020395457Z,5392abdf5e4a97362d33f1f6287bf2bc003c7d4bb43d28918b8aa095af9310d7
4016,2026-08-17,59.55,59.8,59.3,59.4,31292,1864581.85,,,,render_normalized,tasi_2026-08-17_2026-08-17_20260817T153022794323Z,56ab1200186f32f6bf2b699463f355510bc0a3da931f38c90816013f38a2eaf0
4016,2026-08-18,59.55,59.9,58.6,59.0,74670,4413493.75,,,,render_normalized,tasi_2026-08-18_2026-08-18_20260818T153020653358Z,1cfd844fc98ba7ee716337d459294e8e314daaa0f85480a8e110399f3a6b856d
4016,2026-08-19,59.0,59.6,58.6,59.3,81254,4804329.2,,,,render_normalized,tasi_2026-08-19_2026-08-19_20260819T153022440747Z,c9f50859d8825bb8e17dc890cb696be42681eb6c5d61b3749a33257a86f3517b
4016,2026-08-20,59.0,61.8,58.85,61.5,185854,11258916.15,,,,render_normalized,tasi_2026-08-20_2026-08-28_20260827T215758538311Z,7a00d373848e778f83c80f1777575ad48a6a4c0c192fe2e6a4123b56ae26cdee
4016,2026-08-23,61.7,62.75,61.65,62.0,106139,6583224.95,,,,render_normalized,tasi_2026-08-20_2026-08-28_20260827T215758538311Z,7a00d373848e778f83c80f1777575ad48a6a4c0c192fe2e6a4123b56ae26cdee
4016,2026-08-24,62.0,63.45,61.9,62.75,157698,9911850.6,,,,render_normalized,tasi_2026-08-20_2026-08-28_20260827T215758538311Z,7a00d373848e778f83c80f1777575ad48a6a4c0c192fe2e6a4123b56ae26cdee
4016,2026-08-25,62.75,63.1,62.1,62.1,74011,4625398.15,,,,render_normalized,tasi_2026-08-20_2026-08-28_20260827T215758538311Z,7a00d373848e778f83c80f1777575ad48a6a4c0c192fe2e6a4123b56ae26cdee
4016,2026-08-26,61.75,63.45,61.75,63.45,153124,9640683.9,,,,render_normalized,tasi_2026-08-20_2026-08-28_20260827T215758538311Z,7a00d373848e778f83c80f1777575ad48a6a4c0c192fe2e6a4123b56ae26cdee
4016,2026-08-27,63.55,64.8,63.2,64.75,188127,12070547.55,,,,render_normalized,tasi_2026-08-20_2026-08-28_20260827T215758538311Z,7a00d373848e778f83c80f1777575ad48a6a4c0c192fe2e6a4123b56ae26cdee
4016,2026-08-30,64.8,65.15,64.7,65.1,140288,9109008.85,,,,render_normalized,tasi_2026-08-29_2026-08-30_20260830T153021490619Z,40f2932d214f44ed867e412ffba0369130210869179423e6eadc9f965765cdba
4016,2026-08-31,65.9,68.0,65.85,68.0,694442,46795611.5,,,,render_normalized,tasi_2026-08-31_2026-08-31_20260831T153022596960Z,374b46eb50c52f8fd4d5c98f4b7cf8e0c79e078fd621a4b30f58d5382471b4af
4017,2026-08-02,34.5,35.4,34.5,35.1,80665,2832478.84,,,,render_normalized,tasi_2026-07-31_2026-08-02_20260802T153020127593Z,2eb23ca39fcf0e44fa270e6e4d6a1341261e22b2abfbc789ec2875a29009248b
4017,2026-08-03,35.26,35.6,35.08,35.1,96361,3401752.96,,,,render_normalized,tasi_2026-08-03_2026-08-03_20260803T153021496139Z,4b0f0fa9c3b343cf96fecea13101ae13ad2a21806fd55533770061ac5bb0689d
4017,2026-08-04,35.1,35.5,34.9,35.4,121040,4260387.04,,,,render_normalized,tasi_2026-08-04_2026-08-04_20260804T153023696814Z,32de4882671eec0a9062962d0f5591f8e56969b134d0070652d21718d4563e66
4017,2026-08-05,35.4,36.2,35.3,35.82,100852,3619528.16,,,,render_normalized,tasi_2026-08-05_2026-08-05_20260805T153024437012Z,9fd93f225e2663ef72017465f1af6b5bb1e9f620c1b69c07a1f0fd54b850091a
4017,2026-08-06,35.54,35.9,35.0,35.4,73454,2598591.32,,,,render_normalized,tasi_2026-08-06_2026-08-06_20260806T153021501965Z,6ff377152d0ead67e84f33bc0daa618a818145aa8e2f551c9273431d88ac3851
4017,2026-08-09,35.12,35.72,34.8,35.72,185926,6532685.4,,,,render_normalized,tasi_2026-08-07_2026-08-09_20260809T153020287151Z,d7eb763bea83ef8684d027dfe3fb0fb7c951f2a9c34d7e37300eab6704449ed3
4017,2026-08-10,35.6,35.72,34.92,34.92,159922,5623517.58,,,,render_normalized,tasi_2026-08-10_2026-08-10_20260810T153020102570Z,84d11a25e4f1e5c1fd93cef767caa7b24135f07229eeaeab08169c657f7b53de
4017,2026-08-11,34.94,35.38,34.1,34.12,245800,8510543.04,,,,render_normalized,tasi_2026-08-11_2026-08-11_20260811T153022011718Z,2ca6395fd3fcc72ba670e2961883e5c743cbb0e78c08f0ae926df09c31320865
4017,2026-08-12,34.0,34.88,34.0,34.3,121506,4178604.94,,,,render_normalized,tasi_2026-08-12_2026-08-12_20260812T153021905708Z,8862a2d01571a3c9a9cdaef7d6c4c85e805809ad63506c8d9042aff3fa53b579
4017,2026-08-13,34.16,34.9,34.0,34.2,155589,5312844.38,,,,render_normalized,tasi_2026-08-13_2026-08-13_20260813T153020777659Z,e0b6e7e97827824585b899f3f5ae2a43f595aeae92435da9a370d3df14b68b99
4017,2026-08-16,34.16,34.7,34.16,34.4,28383,977820.68,,,,render_normalized,tasi_2026-08-14_2026-08-16_20260816T153020395457Z,5392abdf5e4a97362d33f1f6287bf2bc003c7d4bb43d28918b8aa095af9310d7
4017,2026-08-17,34.46,34.7,34.26,34.5,92692,3198450.68,,,,render_normalized,tasi_2026-08-17_2026-08-17_20260817T153022794323Z,56ab1200186f32f6bf2b699463f355510bc0a3da931f38c90816013f38a2eaf0
4017,2026-08-18,34.44,34.8,34.4,34.44,58009,2002602.42,,,,render_normalized,tasi_2026-08-18_2026-08-18_20260818T153020653358Z,1cfd844fc98ba7ee716337d459294e8e314daaa0f85480a8e110399f3a6b856d
4017,2026-08-19,34.42,35.24,34.4,34.84,115585,4035878.16,,,,render_normalized,tasi_2026-08-19_2026-08-19_20260819T153022440747Z,c9f50859d8825bb8e17dc890cb696be42681eb6c5d61b3749a33257a86f3517b
4017,2026-08-20,34.8,35.2,34.76,35.16,55324,1939871.52,,,,render_normalized,tasi_2026-08-20_2026-08-28_20260827T215758538311Z,7a00d373848e778f83c80f1777575ad48a6a4c0c192fe2e6a4123b56ae26cdee
4017,2026-08-23,35.1,35.42,35.06,35.1,39823,1403261.84,,,,render_normalized,tasi_2026-08-20_2026-08-28_20260827T215758538311Z,7a00d373848e778f83c80f1777575ad48a6a4c0c192fe2e6a4123b56ae26cdee
4017,2026-08-24,35.18,35.84,35.16,35.74,120014,4260967.28,,,,render_normalized,tasi_2026-08-20_2026-08-28_20260827T215758538311Z,7a00d373848e778f83c80f1777575ad48a6a4c0c192fe2e6a4123b56ae26cdee
4017,2026-08-25,35.54,36.22,35.48,36.16,151665,5439903.18,,,,render_normalized,tasi_2026-08-20_2026-08-28_20260827T215758538311Z,7a00d373848e778f83c80f1777575ad48a6a4c0c192fe2e6a4123b56ae26cdee
4017,2026-08-26,36.16,38.6,36.16,37.84,365429,13778360.78,,,,render_normalized,tasi_2026-08-20_2026-08-28_20260827T215758538311Z,7a00d373848e778f83c80f1777575ad48a6a4c0c192fe2e6a4123b56ae26cdee
4017,2026-08-27,37.84,38.0,37.58,37.84,84081,3173706.4,,,,render_normalized,tasi_2026-08-20_2026-08-28_20260827T215758538311Z,7a00d373848e778f83c80f1777575ad48a6a4c0c192fe2e6a4123b56ae26cdee
4017,2026-08-30,38.0,38.0,37.28,37.58,69055,2597549.78,,,,render_normalized,tasi_2026-08-29_2026-08-30_20260830T153021490619Z,40f2932d214f44ed867e412ffba0369130210869179423e6eadc9f965765cdba
4017,2026-08-31,37.6,38.0,37.06,38.0,188326,7060165.52,,,,render_normalized,tasi_2026-08-31_2026-08-31_20260831T153022596960Z,374b46eb50c52f8fd4d5c98f4b7cf8e0c79e078fd621a4b30f58d5382471b4af
4018,2026-08-02,116.2,117.5,115.6,117.4,10477,1225400.4,,,,render_normalized,tasi_2026-07-31_2026-08-02_20260802T153020127593Z,2eb23ca39fcf0e44fa270e6e4d6a1341261e22b2abfbc789ec2875a29009248b
4018,2026-08-03,118.0,121.0,117.3,118.3,38904,4651524.2,,,,render_normalized,tasi_2026-08-03_2026-08-03_20260803T153021496139Z,4b0f0fa9c3b343cf96fecea13101ae13ad2a21806fd55533770061ac5bb0689d
4018,2026-08-04,118.2,120.5,118.0,119.4,36101,4311684.2,,,,render_normalized,tasi_2026-08-04_2026-08-04_20260804T153023696814Z,32de4882671eec0a9062962d0f5591f8e56969b134d0070652d21718d4563e66
4018,2026-08-05,119.3,122.0,118.8,121.1,63163,7624914.8,,,,render_normalized,tasi_2026-08-05_2026-08-05_20260805T153024437012Z,9fd93f225e2663ef72017465f1af6b5bb1e9f620c1b69c07a1f0fd54b850091a
4018,2026-08-06,121.0,123.0,119.3,119.4,32817,3963625.7,,,,render_normalized,tasi_2026-08-06_2026-08-06_20260806T153021501965Z,6ff377152d0ead67e84f33bc0daa618a818145aa8e2f551c9273431d88ac3851
4018,2026-08-09,117.5,119.4,117.0,119.3,12849,1518748.6,,,,render_normalized,tasi_2026-08-07_2026-08-09_20260809T153020287151Z,d7eb763bea83ef8684d027dfe3fb0fb7c951f2a9c34d7e37300eab6704449ed3
4018,2026-08-10,119.2,119.2,117.9,118.3,10052,1188205.8,,,,render_normalized,tasi_2026-08-10_2026-08-10_20260810T153020102570Z,84d11a25e4f1e5c1fd93cef767caa7b24135f07229eeaeab08169c657f7b53de
4018,2026-08-11,118.0,120.0,116.6,117.6,26157,3092775.8,,,,render_normalized,tasi_2026-08-11_2026-08-11_20260811T153022011718Z,2ca6395fd3fcc72ba670e2961883e5c743cbb0e78c08f0ae926df09c31320865
4018,2026-08-12,117.5,118.4,116.5,117.7,26856,3148004.8,,,,render_normalized,tasi_2026-08-12_2026-08-12_20260812T153021905708Z,8862a2d01571a3c9a9cdaef7d6c4c85e805809ad63506c8d9042aff3fa53b579
4018,2026-08-13,117.3,117.8,116.2,116.2,14356,1676352.5,,,,render_normalized,tasi_2026-08-13_2026-08-13_20260813T153020777659Z,e0b6e7e97827824585b899f3f5ae2a43f595aeae92435da9a370d3df14b68b99
4018,2026-08-16,117.0,117.9,117.0,117.1,4173,489631.7,,,,render_normalized,tasi_2026-08-14_2026-08-16_20260816T153020395457Z,5392abdf5e4a97362d33f1f6287bf2bc003c7d4bb43d28918b8aa095af9310d7
4018,2026-08-17,116.8,117.8,116.3,117.5,5594,655666.2,,,,render_normalized,tasi_2026-08-17_2026-08-17_20260817T153022794323Z,56ab1200186f32f6bf2b699463f355510bc0a3da931f38c90816013f38a2eaf0
4018,2026-08-18,117.0,118.5,116.7,117.4,44749,5257623.5,,,,render_normalized,tasi_2026-08-18_2026-08-18_20260818T153020653358Z,1cfd844fc98ba7ee716337d459294e8e314daaa0f85480a8e110399f3a6b856d
4018,2026-08-19,117.5,119.1,117.3,118.6,19137,2262254.2,,,,render_normalized,tasi_2026-08-19_2026-08-19_20260819T153022440747Z,c9f50859d8825bb8e17dc890cb696be42681eb6c5d61b3749a33257a86f3517b
4018,2026-08-20,117.7,118.8,117.2,117.6,9578,1126866.3,,,,render_normalized,tasi_2026-08-20_2026-08-28_20260827T215758538311Z,7a00d373848e778f83c80f1777575ad48a6a4c0c192fe2e6a4123b56ae26cdee
4018,2026-08-23,117.2,118.9,117.2,118.9,21431,2536508.6,,,,render_normalized,tasi_2026-08-20_2026-08-28_20260827T215758538311Z,7a00d373848e778f83c80f1777575ad48a6a4c0c192fe2e6a4123b56ae26cdee
4018,2026-08-24,119.3,120.0,118.0,119.1,27598,3282438.8,,,,render_normalized,tasi_2026-08-20_2026-08-28_20260827T215758538311Z,7a00d373848e778f83c80f1777575ad48a6a4c0c192fe2e6a4123b56ae26cdee
4018,2026-08-25,119.1,120.8,118.8,120.4,38741,4643970.4,,,,render_normalized,tasi_2026-08-20_2026-08-28_20260827T215758538311Z,7a00d373848e778f83c80f1777575ad48a6a4c0c192fe2e6a4123b56ae26cdee
4018,2026-08-26,120.4,121.8,120.0,120.5,22779,2751540.8,,,,render_normalized,tasi_2026-08-20_2026-08-28_20260827T215758538311Z,7a00d373848e778f83c80f1777575ad48a6a4c0c192fe2e6a4123b56ae26cdee
4018,2026-08-27,120.2,121.9,119.6,121.4,25431,3078550.7,,,,render_normalized,tasi_2026-08-20_2026-08-28_20260827T215758538311Z,7a00d373848e778f83c80f1777575ad48a6a4c0c192fe2e6a4123b56ae26cdee
4018,2026-08-30,122.0,122.3,119.0,119.6,21125,2547625.2,,,,render_normalized,tasi_2026-08-29_2026-08-30_20260830T153021490619Z,40f2932d214f44ed867e412ffba0369130210869179423e6eadc9f965765cdba
4018,2026-08-31,121.0,121.0,118.7,119.1,12107,1446809.5,,,,render_normalized,tasi_2026-08-31_2026-08-31_20260831T153022596960Z,374b46eb50c52f8fd4d5c98f4b7cf8e0c79e078fd621a4b30f58d5382471b4af
4019,2026-08-02,14.24,15.08,14.19,14.9,2301632,33958594.1,,,,render_normalized,tasi_2026-07-31_2026-08-02_20260802T153020127593Z,2eb23ca39fcf0e44fa270e6e4d6a1341261e22b2abfbc789ec2875a29009248b
4019,2026-08-03,14.9,15.44,14.73,15.26,1524400,23115555.89,,,,render_normalized,tasi_2026-08-03_2026-08-03_20260803T153021496139Z,4b0f0fa9c3b343cf96fecea13101ae13ad2a21806fd55533770061ac5bb0689d
4019,2026-08-04,15.4,15.64,15.1,15.63,744216,11444818.17,,,,render_normalized,tasi_2026-08-04_2026-08-04_20260804T153023696814Z,32de4882671eec0a9062962d0f5591f8e56969b134d0070652d21718d4563e66
4019,2026-08-05,15.8,15.93,15.46,15.55,851312,13347317.63,,,,render_normalized,tasi_2026-08-05_2026-08-05_20260805T153024437012Z,9fd93f225e2663ef72017465f1af6b5bb1e9f620c1b69c07a1f0fd54b850091a
4019,2026-08-06,15.59,15.59,14.98,15.0,386810,5889900.12,,,,render_normalized,tasi_2026-08-06_2026-08-06_20260806T153021501965Z,6ff377152d0ead67e84f33bc0daa618a818145aa8e2f551c9273431d88ac3851
4019,2026-08-09,15.0,15.25,14.97,14.98,292287,4389874.65,,,,render_normalized,tasi_2026-08-07_2026-08-09_20260809T153020287151Z,d7eb763bea83ef8684d027dfe3fb0fb7c951f2a9c34d7e37300eab6704449ed3
4019,2026-08-10,15.05,15.32,14.93,15.32,669994,10128906.5,,,,render_normalized,tasi_2026-08-10_2026-08-10_20260810T153020102570Z,84d11a25e4f1e5c1fd93cef767caa7b24135f07229eeaeab08169c657f7b53de
4019,2026-08-11,15.34,15.68,15.25,15.52,2161746,33291613.1,,,,render_normalized,tasi_2026-08-11_2026-08-11_20260811T153022011718Z,2ca6395fd3fcc72ba670e2961883e5c743cbb0e78c08f0ae926df09c31320865
4019,2026-08-12,15.52,15.88,15.44,15.87,796379,12476612.04,,,,render_normalized,tasi_2026-08-12_2026-08-12_20260812T153021905708Z,8862a2d01571a3c9a9cdaef7d6c4c85e805809ad63506c8d9042aff3fa53b579
4019,2026-08-13,15.85,15.85,15.4,15.55,270656,4235890.19,,,,render_normalized,tasi_2026-08-13_2026-08-13_20260813T153020777659Z,e0b6e7e97827824585b899f3f5ae2a43f595aeae92435da9a370d3df14b68b99
4019,2026-08-16,15.68,15.84,15.57,15.57,271243,4254120.54,,,,render_normalized,tasi_2026-08-14_2026-08-16_20260816T153020395457Z,5392abdf5e4a97362d33f1f6287bf2bc003c7d4bb43d28918b8aa095af9310d7
4019,2026-08-17,15.55,15.82,15.54,15.78,165532,2603266.26,,,,render_normalized,tasi_2026-08-17_2026-08-17_20260817T153022794323Z,56ab1200186f32f6bf2b699463f355510bc0a3da931f38c90816013f38a2eaf0
4019,2026-08-18,15.8,16.05,15.74,15.8,276735,4406830.34,,,,render_normalized,tasi_2026-08-18_2026-08-18_20260818T153020653358Z,1cfd844fc98ba7ee716337d459294e8e314daaa0f85480a8e110399f3a6b856d
4019,2026-08-19,16.05,16.05,15.77,15.96,249081,3958227.31,,,,render_normalized,tasi_2026-08-19_2026-08-19_20260819T153022440747Z,c9f50859d8825bb8e17dc890cb696be42681eb6c5d61b3749a33257a86f3517b
4019,2026-08-20,15.96,16.08,15.92,16.02,123761,1980337.48,,,,render_normalized,tasi_2026-08-20_2026-08-28_20260827T215758538311Z,7a00d373848e778f83c80f1777575ad48a6a4c0c192fe2e6a4123b56ae26cdee
4019,2026-08-23,16.01,16.2,16.01,16.1,263730,4255026.93,,,,render_normalized,tasi_2026-08-20_2026-08-28_20260827T215758538311Z,7a00d373848e778f83c80f1777575ad48a6a4c0c192fe2e6a4123b56ae26cdee
4019,2026-08-24,16.1,16.23,16.1,16.18,346846,5616239.4,,,,render_normalized,tasi_2026-08-20_2026-08-28_20260827T215758538311Z,7a00d373848e778f83c80f1777575ad48a6a4c0c192fe2e6a4123b56ae26cdee
4019,2026-08-25,16.18,16.45,16.13,16.41,462026,7535804.96,,,,render_normalized,tasi_2026-08-20_2026-08-28_20260827T215758538311Z,7a00d373848e778f83c80f1777575ad48a6a4c0c192fe2e6a4123b56ae26cdee
4019,2026-08-26,16.45,16.46,16.2,16.26,269937,4407899.0,,,,render_normalized,tasi_2026-08-20_2026-08-28_20260827T215758538311Z,7a00d373848e778f83c80f1777575ad48a6a4c0c192fe2e6a4123b56ae26cdee
4019,2026-08-27,16.26,16.28,16.1,16.18,162808,2634482.03,,,,render_normalized,tasi_2026-08-20_2026-08-28_20260827T215758538311Z,7a00d373848e778f83c80f1777575ad48a6a4c0c192fe2e6a4123b56ae26cdee
4019,2026-08-30,16.18,16.26,16.11,16.15,135569,2193978.55,,,,render_normalized,tasi_2026-08-29_2026-08-30_20260830T153021490619Z,40f2932d214f44ed867e412ffba0369130210869179423e6eadc9f965765cdba
4019,2026-08-31,16.12,16.35,16.12,16.35,237201,3862658.43,,,,render_normalized,tasi_2026-08-31_2026-08-31_20260831T153022596960Z,374b46eb50c52f8fd4d5c98f4b7cf8e0c79e078fd621a4b30f58d5382471b4af
4020,2026-08-02,16.0,16.01,15.41,15.7,412905,6511070.58,,,,render_normalized,tasi_2026-07-31_2026-08-02_20260802T153020127593Z,2eb23ca39fcf0e44fa270e6e4d6a1341261e22b2abfbc789ec2875a29009248b
4020,2026-08-03,15.72,16.19,15.64,16.19,2034045,32259598.79,,,,render_normalized,tasi_2026-08-03_2026-08-03_20260803T153021496139Z,4b0f0fa9c3b343cf96fecea13101ae13ad2a21806fd55533770061ac5bb0689d
4020,2026-08-04,16.2,16.49,16.14,16.21,597374,9729101.22,,,,render_normalized,tasi_2026-08-04_2026-08-04_20260804T153023696814Z,32de4882671eec0a9062962d0f5591f8e56969b134d0070652d21718d4563e66
4020,2026-08-05,16.3,16.38,15.96,16.0,267056,4325016.1,,,,render_normalized,tasi_2026-08-05_2026-08-05_20260805T153024437012Z,9fd93f225e2663ef72017465f1af6b5bb1e9f620c1b69c07a1f0fd54b850091a
4020,2026-08-06,16.0,16.29,15.88,16.08,456662,7364832.37,,,,render_normalized,tasi_2026-08-06_2026-08-06_20260806T153021501965Z,6ff377152d0ead67e84f33bc0daa618a818145aa8e2f551c9273431d88ac3851
4020,2026-08-09,16.1,16.1,15.66,15.68,386545,6141624.42,,,,render_normalized,tasi_2026-08-07_2026-08-09_20260809T153020287151Z,d7eb763bea83ef8684d027dfe3fb0fb7c951f2a9c34d7e37300eab6704449ed3
4020,2026-08-10,15.83,15.9,15.5,15.6,203463,3190160.54,,,,render_normalized,tasi_2026-08-10_2026-08-10_20260810T153020102570Z,84d11a25e4f1e5c1fd93cef767caa7b24135f07229eeaeab08169c657f7b53de
4020,2026-08-11,15.89,15.89,15.34,15.57,1253210,19538027.38,,,,render_normalized,tasi_2026-08-11_2026-08-11_20260811T153022011718Z,2ca6395fd3fcc72ba670e2961883e5c743cbb0e78c08f0ae926df09c31320865
4020,2026-08-12,15.41,15.75,15.41,15.65,755039,11754776.49,,,,render_normalized,tasi_2026-08-12_2026-08-12_20260812T153021905708Z,8862a2d01571a3c9a9cdaef7d6c4c85e805809ad63506c8d9042aff3fa53b579
4020,2026-08-13,15.65,16.03,15.59,15.77,560910,8860453.07,,,,render_normalized,tasi_2026-08-13_2026-08-13_20260813T153020777659Z,e0b6e7e97827824585b899f3f5ae2a43f595aeae92435da9a370d3df14b68b99
4020,2026-08-16,15.83,15.98,15.6,15.65,575677,9144966.48,,,,render_normalized,tasi_2026-08-14_2026-08-16_20260816T153020395457Z,5392abdf5e4a97362d33f1f6287bf2bc003c7d4bb43d28918b8aa095af9310d7
4020,2026-08-17,15.63,15.99,15.45,15.99,809657,12687508.88,,,,render_normalized,tasi_2026-08-17_2026-08-17_20260817T153022794323Z,56ab1200186f32f6bf2b699463f355510bc0a3da931f38c90816013f38a2eaf0
4020,2026-08-18,16.0,16.12,15.88,15.95,368026,5880168.36,,,,render_normalized,tasi_2026-08-18_2026-08-18_20260818T153020653358Z,1cfd844fc98ba7ee716337d459294e8e314daaa0f85480a8e110399f3a6b856d
4020,2026-08-19,15.96,16.24,15.76,15.98,629271,10055138.42,,,,render_normalized,tasi_2026-08-19_2026-08-19_20260819T153022440747Z,c9f50859d8825bb8e17dc890cb696be42681eb6c5d61b3749a33257a86f3517b
4020,2026-08-20,16.09,16.14,15.81,16.01,1301428,20780062.18,,,,render_normalized,tasi_2026-08-20_2026-08-28_20260827T215758538311Z,7a00d373848e778f83c80f1777575ad48a6a4c0c192fe2e6a4123b56ae26cdee
4020,2026-08-23,16.0,16.03,15.69,15.77,940066,14914375.84,,,,render_normalized,tasi_2026-08-20_2026-08-28_20260827T215758538311Z,7a00d373848e778f83c80f1777575ad48a6a4c0c192fe2e6a4123b56ae26cdee
4020,2026-08-24,15.83,15.83,15.65,15.67,942812,14804845.63,,,,render_normalized,tasi_2026-08-20_2026-08-28_20260827T215758538311Z,7a00d373848e778f83c80f1777575ad48a6a4c0c192fe2e6a4123b56ae26cdee
4020,2026-08-25,15.7,15.78,15.56,15.6,476847,7460615.64,,,,render_normalized,tasi_2026-08-20_2026-08-28_20260827T215758538311Z,7a00d373848e778f83c80f1777575ad48a6a4c0c192fe2e6a4123b56ae26cdee
4020,2026-08-26,15.63,16.09,15.6,15.9,965552,15352930.24,,,,render_normalized,tasi_2026-08-20_2026-08-28_20260827T215758538311Z,7a00d373848e778f83c80f1777575ad48a6a4c0c192fe2e6a4123b56ae26cdee
4020,2026-08-27,15.91,15.91,15.73,15.81,453076,7153695.31,,,,render_normalized,tasi_2026-08-20_2026-08-28_20260827T215758538311Z,7a00d373848e778f83c80f1777575ad48a6a4c0c192fe2e6a4123b56ae26cdee
4020,2026-08-30,15.81,15.81,15.63,15.65,331933,5206350.01,,,,render_normalized,tasi_2026-08-29_2026-08-30_20260830T153021490619Z,40f2932d214f44ed867e412ffba0369130210869179423e6eadc9f965765cdba
4020,2026-08-31,15.63,15.8,15.39,15.39,1044228,16227826.05,,,,render_normalized,tasi_2026-08-31_2026-08-31_20260831T153022596960Z,374b46eb50c52f8fd4d5c98f4b7cf8e0c79e078fd621a4b30f58d5382471b4af
4021,2026-08-02,5.4,5.45,5.34,5.38,398778,2155857.64,,,,render_normalized,tasi_2026-07-31_2026-08-02_20260802T153020127593Z,2eb23ca39fcf0e44fa270e6e4d6a1341261e22b2abfbc789ec2875a29009248b
4021,2026-08-03,5.39,5.49,5.35,5.44,783644,4256074.08,,,,render_normalized,tasi_2026-08-03_2026-08-03_20260803T153021496139Z,4b0f0fa9c3b343cf96fecea13101ae13ad2a21806fd55533770061ac5bb0689d
4021,2026-08-04,5.48,5.51,5.41,5.48,746921,4087986.79,,,,render_normalized,tasi_2026-08-04_2026-08-04_20260804T153023696814Z,32de4882671eec0a9062962d0f5591f8e56969b134d0070652d21718d4563e66
4021,2026-08-05,5.47,5.63,5.4,5.61,2790630,15446772.05,,,,render_normalized,tasi_2026-08-05_2026-08-05_20260805T153024437012Z,9fd93f225e2663ef72017465f1af6b5bb1e9f620c1b69c07a1f0fd54b850091a
4021,2026-08-06,5.63,5.72,5.61,5.63,3123576,17685627.08,,,,render_normalized,tasi_2026-08-06_2026-08-06_20260806T153021501965Z,6ff377152d0ead67e84f33bc0daa618a818145aa8e2f551c9273431d88ac3851
4021,2026-08-09,5.78,5.84,5.53,5.64,2634389,14923728.54,,,,render_normalized,tasi_2026-08-07_2026-08-09_20260809T153020287151Z,d7eb763bea83ef8684d027dfe3fb0fb7c951f2a9c34d7e37300eab6704449ed3
4021,2026-08-10,5.7,5.7,5.49,5.52,1081181,6016962.97,,,,render_normalized,tasi_2026-08-10_2026-08-10_20260810T153020102570Z,84d11a25e4f1e5c1fd93cef767caa7b24135f07229eeaeab08169c657f7b53de
4021,2026-08-11,5.59,5.59,5.49,5.5,742812,4100748.27,,,,render_normalized,tasi_2026-08-11_2026-08-11_20260811T153022011718Z,2ca6395fd3fcc72ba670e2961883e5c743cbb0e78c08f0ae926df09c31320865
4021,2026-08-12,5.5,5.52,5.48,5.5,267653,1471624.86,,,,render_normalized,tasi_2026-08-12_2026-08-12_20260812T153021905708Z,8862a2d01571a3c9a9cdaef7d6c4c85e805809ad63506c8d9042aff3fa53b579
4021,2026-08-13,5.5,5.59,5.5,5.54,829557,4607383.51,,,,render_normalized,tasi_2026-08-13_2026-08-13_20260813T153020777659Z,e0b6e7e97827824585b899f3f5ae2a43f595aeae92435da9a370d3df14b68b99
4021,2026-08-16,5.55,5.6,5.55,5.6,788713,4397777.64,,,,render_normalized,tasi_2026-08-14_2026-08-16_20260816T153020395457Z,5392abdf5e4a97362d33f1f6287bf2bc003c7d4bb43d28918b8aa095af9310d7
4021,2026-08-17,5.6,5.62,5.56,5.59,366349,2045257.33,,,,render_normalized,tasi_2026-08-17_2026-08-17_20260817T153022794323Z,56ab1200186f32f6bf2b699463f355510bc0a3da931f38c90816013f38a2eaf0
4021,2026-08-18,5.59,5.65,5.56,5.56,515426,2883213.02,,,,render_normalized,tasi_2026-08-18_2026-08-18_20260818T153020653358Z,1cfd844fc98ba7ee716337d459294e8e314daaa0f85480a8e110399f3a6b856d
4021,2026-08-19,5.58,5.58,5.51,5.55,219314,1217465.91,,,,render_normalized,tasi_2026-08-19_2026-08-19_20260819T153022440747Z,c9f50859d8825bb8e17dc890cb696be42681eb6c5d61b3749a33257a86f3517b
4021,2026-08-20,5.58,5.59,5.52,5.53,452001,2505277.33,,,,render_normalized,tasi_2026-08-20_2026-08-28_20260827T215758538311Z,7a00d373848e778f83c80f1777575ad48a6a4c0c192fe2e6a4123b56ae26cdee
4021,2026-08-23,5.53,5.59,5.53,5.55,424668,2360748.2,,,,render_normalized,tasi_2026-08-20_2026-08-28_20260827T215758538311Z,7a00d373848e778f83c80f1777575ad48a6a4c0c192fe2e6a4123b56ae26cdee
4021,2026-08-24,5.56,5.65,5.55,5.57,804323,4507582.94,,,,render_normalized,tasi_2026-08-20_2026-08-28_20260827T215758538311Z,7a00d373848e778f83c80f1777575ad48a6a4c0c192fe2e6a4123b56ae26cdee
4021,2026-08-25,5.57,5.58,5.53,5.55,315189,1750682.78,,,,render_normalized,tasi_2026-08-20_2026-08-28_20260827T215758538311Z,7a00d373848e778f83c80f1777575ad48a6a4c0c192fe2e6a4123b56ae26cdee
4021,2026-08-26,5.55,5.6,5.55,5.57,518944,2893569.98,,,,render_normalized,tasi_2026-08-20_2026-08-28_20260827T215758538311Z,7a00d373848e778f83c80f1777575ad48a6a4c0c192fe2e6a4123b56ae26cdee
4021,2026-08-27,5.57,5.8,5.57,5.72,2366673,13516128.8,,,,render_normalized,tasi_2026-08-20_2026-08-28_20260827T215758538311Z,7a00d373848e778f83c80f1777575ad48a6a4c0c192fe2e6a4123b56ae26cdee
4021,2026-08-30,5.74,5.76,5.66,5.7,670853,3817135.12,,,,render_normalized,tasi_2026-08-29_2026-08-30_20260830T153021490619Z,40f2932d214f44ed867e412ffba0369130210869179423e6eadc9f965765cdba
4021,2026-08-31,5.7,5.74,5.63,5.66,757071,4301254.05,,,,render_normalized,tasi_2026-08-31_2026-08-31_20260831T153022596960Z,374b46eb50c52f8fd4d5c98f4b7cf8e0c79e078fd621a4b30f58d5382471b4af
4030,2026-08-02,31.02,31.06,29.74,30.26,3313444,100203613.64,,,,render_normalized,tasi_2026-07-31_2026-08-02_20260802T153020127593Z,2eb23ca39fcf0e44fa270e6e4d6a1341261e22b2abfbc789ec2875a29009248b
4030,2026-08-03,30.3,31.16,30.22,30.84,3509480,108329895.18,,,,render_normalized,tasi_2026-08-03_2026-08-03_20260803T153021496139Z,4b0f0fa9c3b343cf96fecea13101ae13ad2a21806fd55533770061ac5bb0689d
4030,2026-08-04,31.0,31.64,30.74,31.2,3669688,114609873.8,,,,render_normalized,tasi_2026-08-04_2026-08-04_20260804T153023696814Z,32de4882671eec0a9062962d0f5591f8e56969b134d0070652d21718d4563e66
4030,2026-08-05,31.4,31.44,30.82,30.98,2762297,85920930.48,,,,render_normalized,tasi_2026-08-05_2026-08-05_20260805T153024437012Z,9fd93f225e2663ef72017465f1af6b5bb1e9f620c1b69c07a1f0fd54b850091a
4030,2026-08-06,30.98,30.98,30.06,30.24,2229509,68138395.16,,,,render_normalized,tasi_2026-08-06_2026-08-06_20260806T153021501965Z,6ff377152d0ead67e84f33bc0daa618a818145aa8e2f551c9273431d88ac3851
4030,2026-08-09,30.4,30.46,29.8,29.98,1615474,48567415.46,,,,render_normalized,tasi_2026-08-07_2026-08-09_20260809T153020287151Z,d7eb763bea83ef8684d027dfe3fb0fb7c951f2a9c34d7e37300eab6704449ed3
4030,2026-08-10,30.16,30.78,30.0,30.66,1656815,50496573.56,,,,render_normalized,tasi_2026-08-10_2026-08-10_20260810T153020102570Z,84d11a25e4f1e5c1fd93cef767caa7b24135f07229eeaeab08169c657f7b53de
4030,2026-08-11,30.98,31.28,30.82,31.1,1839880,57203701.78,,,,render_normalized,tasi_2026-08-11_2026-08-11_20260811T153022011718Z,2ca6395fd3fcc72ba670e2961883e5c743cbb0e78c08f0ae926df09c31320865
4030,2026-08-12,31.08,31.16,30.7,30.74,1722941,53261082.32,,,,render_normalized,tasi_2026-08-12_2026-08-12_20260812T153021905708Z,8862a2d01571a3c9a9cdaef7d6c4c85e805809ad63506c8d9042aff3fa53b579
4030,2026-08-13,30.76,30.98,30.34,30.8,1410683,43298591.46,,,,render_normalized,tasi_2026-08-13_2026-08-13_20260813T153020777659Z,e0b6e7e97827824585b899f3f5ae2a43f595aeae92435da9a370d3df14b68b99
4030,2026-08-16,31.06,31.22,30.9,30.96,1155404,35893512.3,,,,render_normalized,tasi_2026-08-14_2026-08-16_20260816T153020395457Z,5392abdf5e4a97362d33f1f6287bf2bc003c7d4bb43d28918b8aa095af9310d7
4030,2026-08-17,30.98,31.72,30.98,31.72,1842494,57847432.7,,,,render_normalized,tasi_2026-08-17_2026-08-17_20260817T153022794323Z,56ab1200186f32f6bf2b699463f355510bc0a3da931f38c90816013f38a2eaf0
4030,2026-08-18,31.72,32.48,31.72,32.28,2287532,73744047.9,,,,render_normalized,tasi_2026-08-18_2026-08-18_20260818T153020653358Z,1cfd844fc98ba7ee716337d459294e8e314daaa0f85480a8e110399f3a6b856d
4030,2026-08-19,32.3,33.22,32.3,33.04,3235679,106721613.02,,,,render_normalized,tasi_2026-08-19_2026-08-19_20260819T153022440747Z,c9f50859d8825bb8e17dc890cb696be42681eb6c5d61b3749a33257a86f3517b
4030,2026-08-20,33.12,34.14,33.12,34.08,4441826,150085112.48,,,,render_normalized,tasi_2026-08-20_2026-08-28_20260827T215758538311Z,7a00d373848e778f83c80f1777575ad48a6a4c0c192fe2e6a4123b56ae26cdee
4030,2026-08-23,34.7,37.48,34.5,37.3,11407448,415094292.3,,,,render_normalized,tasi_2026-08-20_2026-08-28_20260827T215758538311Z,7a00d373848e778f83c80f1777575ad48a6a4c0c192fe2e6a4123b56ae26cdee
4030,2026-08-24,36.9,37.44,36.4,36.6,4631802,170898733.84,,,,render_normalized,tasi_2026-08-20_2026-08-28_20260827T215758538311Z,7a00d373848e778f83c80f1777575ad48a6a4c0c192fe2e6a4123b56ae26cdee
4030,2026-08-25,36.0,37.14,35.9,36.88,3515908,129132111.66,,,,render_normalized,tasi_2026-08-20_2026-08-28_20260827T215758538311Z,7a00d373848e778f83c80f1777575ad48a6a4c0c192fe2e6a4123b56ae26cdee
4030,2026-08-26,36.74,36.74,35.62,36.04,2800321,101269571.82,,,,render_normalized,tasi_2026-08-20_2026-08-28_20260827T215758538311Z,7a00d373848e778f83c80f1777575ad48a6a4c0c192fe2e6a4123b56ae26cdee
4030,2026-08-27,36.04,36.08,35.68,35.9,1327087,47608697.18,,,,render_normalized,tasi_2026-08-20_2026-08-28_20260827T215758538311Z,7a00d373848e778f83c80f1777575ad48a6a4c0c192fe2e6a4123b56ae26cdee
4030,2026-08-30,35.88,35.88,35.1,35.3,1352278,47928962.86,,,,render_normalized,tasi_2026-08-29_2026-08-30_20260830T153021490619Z,40f2932d214f44ed867e412ffba0369130210869179423e6eadc9f965765cdba
4030,2026-08-31,35.14,35.84,35.1,35.22,1310985,46511107.0,,,,render_normalized,tasi_2026-08-31_2026-08-31_20260831T153022596960Z,374b46eb50c52f8fd4d5c98f4b7cf8e0c79e078fd621a4b30f58d5382471b4af
4031,2026-08-02,27.06,27.42,26.94,27.32,248718,6768053.56,,,,render_normalized,tasi_2026-07-31_2026-08-02_20260802T153020127593Z,2eb23ca39fcf0e44fa270e6e4d6a1341261e22b2abfbc789ec2875a29009248b
4031,2026-08-03,27.32,27.78,27.2,27.6,412043,11358644.14,,,,render_normalized,tasi_2026-08-03_2026-08-03_20260803T153021496139Z,4b0f0fa9c3b343cf96fecea13101ae13ad2a21806fd55533770061ac5bb0689d
4031,2026-08-04,27.7,27.8,27.32,27.56,401351,11068079.64,,,,render_normalized,tasi_2026-08-04_2026-08-04_20260804T153023696814Z,32de4882671eec0a9062962d0f5591f8e56969b134d0070652d21718d4563e66
4031,2026-08-05,27.56,27.58,27.36,27.48,407118,11187059.66,,,,render_normalized,tasi_2026-08-05_2026-08-05_20260805T153024437012Z,9fd93f225e2663ef72017465f1af6b5bb1e9f620c1b69c07a1f0fd54b850091a
4031,2026-08-06,26.3,26.3,25.2,25.92,1566211,40476592.18,,,,render_normalized,tasi_2026-08-06_2026-08-06_20260806T153021501965Z,6ff377152d0ead67e84f33bc0daa618a818145aa8e2f551c9273431d88ac3851
4031,2026-08-09,26.0,26.0,25.76,25.8,243374,6290987.78,,,,render_normalized,tasi_2026-08-07_2026-08-09_20260809T153020287151Z,d7eb763bea83ef8684d027dfe3fb0fb7c951f2a9c34d7e37300eab6704449ed3
4031,2026-08-10,25.82,26.08,25.48,25.98,469243,12095263.92,,,,render_normalized,tasi_2026-08-10_2026-08-10_20260810T153020102570Z,84d11a25e4f1e5c1fd93cef767caa7b24135f07229eeaeab08169c657f7b53de
4031,2026-08-11,25.98,26.34,25.52,26.12,530538,13805379.32,,,,render_normalized,tasi_2026-08-11_2026-08-11_20260811T153022011718Z,2ca6395fd3fcc72ba670e2961883e5c743cbb0e78c08f0ae926df09c31320865
4031,2026-08-12,26.38,26.96,26.34,26.52,814264,21611321.8,,,,render_normalized,tasi_2026-08-12_2026-08-12_20260812T153021905708Z,8862a2d01571a3c9a9cdaef7d6c4c85e805809ad63506c8d9042aff3fa53b579
4031,2026-08-13,26.6,26.6,25.96,26.36,406972,10651649.32,,,,render_normalized,tasi_2026-08-13_2026-08-13_20260813T153020777659Z,e0b6e7e97827824585b899f3f5ae2a43f595aeae92435da9a370d3df14b68b99
4031,2026-08-16,26.8,26.8,25.88,25.98,382062,9964792.1,,,,render_normalized,tasi_2026-08-14_2026-08-16_20260816T153020395457Z,5392abdf5e4a97362d33f1f6287bf2bc003c7d4bb43d28918b8aa095af9310d7
4031,2026-08-17,25.96,26.2,25.82,26.1,415648,10836750.0,,,,render_normalized,tasi_2026-08-17_2026-08-17_20260817T153022794323Z,56ab1200186f32f6bf2b699463f355510bc0a3da931f38c90816013f38a2eaf0
4031,2026-08-18,26.08,26.38,25.82,26.38,559150,14558725.96,,,,render_normalized,tasi_2026-08-18_2026-08-18_20260818T153020653358Z,1cfd844fc98ba7ee716337d459294e8e314daaa0f85480a8e110399f3a6b856d
4031,2026-08-19,26.46,27.0,26.14,26.74,479018,12818928.14,,,,render_normalized,tasi_2026-08-19_2026-08-19_20260819T153022440747Z,c9f50859d8825bb8e17dc890cb696be42681eb6c5d61b3749a33257a86f3517b
4031,2026-08-20,26.74,27.02,26.64,26.84,253683,6818937.94,,,,render_normalized,tasi_2026-08-20_2026-08-28_20260827T215758538311Z,7a00d373848e778f83c80f1777575ad48a6a4c0c192fe2e6a4123b56ae26cdee
4031,2026-08-23,26.84,27.18,26.78,26.88,499584,13478509.72,,,,render_normalized,tasi_2026-08-20_2026-08-28_20260827T215758538311Z,7a00d373848e778f83c80f1777575ad48a6a4c0c192fe2e6a4123b56ae26cdee
4031,2026-08-24,26.98,26.98,26.72,26.94,533628,14322711.38,,,,render_normalized,tasi_2026-08-20_2026-08-28_20260827T215758538311Z,7a00d373848e778f83c80f1777575ad48a6a4c0c192fe2e6a4123b56ae26cdee
4031,2026-08-25,26.94,27.1,26.8,27.1,237284,6397943.64,,,,render_normalized,tasi_2026-08-20_2026-08-28_20260827T215758538311Z,7a00d373848e778f83c80f1777575ad48a6a4c0c192fe2e6a4123b56ae26cdee
4031,2026-08-26,27.14,27.34,27.12,27.2,334402,9105859.78,,,,render_normalized,tasi_2026-08-20_2026-08-28_20260827T215758538311Z,7a00d373848e778f83c80f1777575ad48a6a4c0c192fe2e6a4123b56ae26cdee
4031,2026-08-27,27.28,27.48,27.18,27.34,259480,7095377.18,,,,render_normalized,tasi_2026-08-20_2026-08-28_20260827T215758538311Z,7a00d373848e778f83c80f1777575ad48a6a4c0c192fe2e6a4123b56ae26cdee
4031,2026-08-30,27.4,27.64,27.4,27.4,220507,6064134.6,,,,render_normalized,tasi_2026-08-29_2026-08-30_20260830T153021490619Z,40f2932d214f44ed867e412ffba0369130210869179423e6eadc9f965765cdba
4031,2026-08-31,27.38,27.38,27.12,27.18,293335,7976758.26,,,,render_normalized,tasi_2026-08-31_2026-08-31_20260831T153022596960Z,374b46eb50c52f8fd4d5c98f4b7cf8e0c79e078fd621a4b30f58d5382471b4af
4040,2026-08-02,11.0,11.08,10.8,11.03,389469,4279744.25,,,,render_normalized,tasi_2026-07-31_2026-08-02_20260802T153020127593Z,2eb23ca39fcf0e44fa270e6e4d6a1341261e22b2abfbc789ec2875a29009248b
4040,2026-08-03,11.04,11.4,10.98,11.37,493153,5555188.2,,,,render_normalized,tasi_2026-08-03_2026-08-03_20260803T153021496139Z,4b0f0fa9c3b343cf96fecea13101ae13ad2a21806fd55533770061ac5bb0689d
4040,2026-08-04,11.38,11.52,11.28,11.52,372891,4245082.68,,,,render_normalized,tasi_2026-08-04_2026-08-04_20260804T153023696814Z,32de4882671eec0a9062962d0f5591f8e56969b134d0070652d21718d4563e66
4040,2026-08-05,11.5,11.92,11.4,11.73,978774,11428326.87,,,,render_normalized,tasi_2026-08-05_2026-08-05_20260805T153024437012Z,9fd93f225e2663ef72017465f1af6b5bb1e9f620c1b69c07a1f0fd54b850091a
4040,2026-08-06,11.81,12.19,11.7,12.14,2869439,34405359.24,,,,render_normalized,tasi_2026-08-06_2026-08-06_20260806T153021501965Z,6ff377152d0ead67e84f33bc0daa618a818145aa8e2f551c9273431d88ac3851
4040,2026-08-09,12.14,12.77,11.98,12.46,2577514,31766060.8,,,,render_normalized,tasi_2026-08-07_2026-08-09_20260809T153020287151Z,d7eb763bea83ef8684d027dfe3fb0fb7c951f2a9c34d7e37300eab6704449ed3
4040,2026-08-10,12.75,12.98,11.7,11.92,6205990,75456580.9,,,,render_normalized,tasi_2026-08-10_2026-08-10_20260810T153020102570Z,84d11a25e4f1e5c1fd93cef767caa7b24135f07229eeaeab08169c657f7b53de
4040,2026-08-11,11.92,12.07,11.62,12.01,1993281,23547155.64,,,,render_normalized,tasi_2026-08-11_2026-08-11_20260811T153022011718Z,2ca6395fd3fcc72ba670e2961883e5c743cbb0e78c08f0ae926df09c31320865
4040,2026-08-12,12.02,12.12,11.82,11.99,1566407,18713264.33,,,,render_normalized,tasi_2026-08-12_2026-08-12_20260812T153021905708Z,8862a2d01571a3c9a9cdaef7d6c4c85e805809ad63506c8d9042aff3fa53b579
4040,2026-08-13,12.02,12.21,11.93,12.07,1673117,20208038.74,,,,render_normalized,tasi_2026-08-13_2026-08-13_20260813T153020777659Z,e0b6e7e97827824585b899f3f5ae2a43f595aeae92435da9a370d3df14b68b99
4040,2026-08-16,12.22,12.25,11.84,11.92,1271924,15214292.59,,,,render_normalized,tasi_2026-08-14_2026-08-16_20260816T153020395457Z,5392abdf5e4a97362d33f1f6287bf2bc003c7d4bb43d28918b8aa095af9310d7
4040,2026-08-17,11.9,11.97,11.6,11.65,1230086,14438183.37,,,,render_normalized,tasi_2026-08-17_2026-08-17_20260817T153022794323Z,56ab1200186f32f6bf2b699463f355510bc0a3da931f38c90816013f38a2eaf0
4040,2026-08-18,11.65,11.85,11.46,11.49,996340,11602960.63,,,,render_normalized,tasi_2026-08-18_2026-08-18_20260818T153020653358Z,1cfd844fc98ba7ee716337d459294e8e314daaa0f85480a8e110399f3a6b856d
4040,2026-08-19,11.49,11.63,11.4,11.6,515003,5932938.38,,,,render_normalized,tasi_2026-08-19_2026-08-19_20260819T153022440747Z,c9f50859d8825bb8e17dc890cb696be42681eb6c5d61b3749a33257a86f3517b
4040,2026-08-20,11.56,11.65,11.48,11.48,807932,9330165.52,,,,render_normalized,tasi_2026-08-20_2026-08-28_20260827T215758538311Z,7a00d373848e778f83c80f1777575ad48a6a4c0c192fe2e6a4123b56ae26cdee
4040,2026-08-23,11.4,11.7,11.4,11.6,940341,10914559.44,,,,render_normalized,tasi_2026-08-20_2026-08-28_20260827T215758538311Z,7a00d373848e778f83c80f1777575ad48a6a4c0c192fe2e6a4123b56ae26cdee
4040,2026-08-24,11.62,11.67,11.36,11.41,1425865,16377577.43,,,,render_normalized,tasi_2026-08-20_2026-08-28_20260827T215758538311Z,7a00d373848e778f83c80f1777575ad48a6a4c0c192fe2e6a4123b56ae26cdee
4040,2026-08-25,11.42,11.55,11.34,11.4,1127824,12890629.91,,,,render_normalized,tasi_2026-08-20_2026-08-28_20260827T215758538311Z,7a00d373848e778f83c80f1777575ad48a6a4c0c192fe2e6a4123b56ae26cdee
4040,2026-08-26,11.42,11.54,11.35,11.48,779758,8933663.72,,,,render_normalized,tasi_2026-08-20_2026-08-28_20260827T215758538311Z,7a00d373848e778f83c80f1777575ad48a6a4c0c192fe2e6a4123b56ae26cdee
4040,2026-08-27,11.55,11.72,11.48,11.64,1131561,13157386.8,,,,render_normalized,tasi_2026-08-20_2026-08-28_20260827T215758538311Z,7a00d373848e778f83c80f1777575ad48a6a4c0c192fe2e6a4123b56ae26cdee
4040,2026-08-30,11.92,12.07,11.75,11.77,1729240,20553734.09,,,,render_normalized,tasi_2026-08-29_2026-08-30_20260830T153021490619Z,40f2932d214f44ed867e412ffba0369130210869179423e6eadc9f965765cdba
4040,2026-08-31,11.78,12.13,11.6,11.92,1758832,20994890.51,,,,render_normalized,tasi_2026-08-31_2026-08-31_20260831T153022596960Z,374b46eb50c52f8fd4d5c98f4b7cf8e0c79e078fd621a4b30f58d5382471b4af
4050,2026-08-02,38.6,38.68,38.2,38.44,129323,4979394.96,,,,render_normalized,tasi_2026-07-31_2026-08-02_20260802T153020127593Z,2eb23ca39fcf0e44fa270e6e4d6a1341261e22b2abfbc789ec2875a29009248b
4050,2026-08-03,38.56,39.4,38.42,39.32,239161,9304662.68,,,,render_normalized,tasi_2026-08-03_2026-08-03_20260803T153021496139Z,4b0f0fa9c3b343cf96fecea13101ae13ad2a21806fd55533770061ac5bb0689d
4050,2026-08-04,39.6,40.0,39.1,39.88,333181,13226384.18,,,,render_normalized,tasi_2026-08-04_2026-08-04_20260804T153023696814Z,32de4882671eec0a9062962d0f5591f8e56969b134d0070652d21718d4563e66
4050,2026-08-05,39.98,39.98,39.2,39.22,137688,5438532.52,,,,render_normalized,tasi_2026-08-05_2026-08-05_20260805T153024437012Z,9fd93f225e2663ef72017465f1af6b5bb1e9f620c1b69c07a1f0fd54b850091a
4050,2026-08-06,38.0,39.76,37.5,38.02,555891,21467500.32,,,,render_normalized,tasi_2026-08-06_2026-08-06_20260806T153021501965Z,6ff377152d0ead67e84f33bc0daa618a818145aa8e2f551c9273431d88ac3851
4050,2026-08-09,38.4,38.4,37.3,37.5,281034,10569850.6,,,,render_normalized,tasi_2026-08-07_2026-08-09_20260809T153020287151Z,d7eb763bea83ef8684d027dfe3fb0fb7c951f2a9c34d7e37300eab6704449ed3
4050,2026-08-10,37.4,38.48,37.2,38.14,407368,15509886.52,,,,render_normalized,tasi_2026-08-10_2026-08-10_20260810T153020102570Z,84d11a25e4f1e5c1fd93cef767caa7b24135f07229eeaeab08169c657f7b53de
4050,2026-08-11,38.7,39.98,38.0,38.56,557176,21840652.96,,,,render_normalized,tasi_2026-08-11_2026-08-11_20260811T153022011718Z,2ca6395fd3fcc72ba670e2961883e5c743cbb0e78c08f0ae926df09c31320865
4050,2026-08-12,38.98,39.02,37.94,38.1,450746,17296689.14,,,,render_normalized,tasi_2026-08-12_2026-08-12_20260812T153021905708Z,8862a2d01571a3c9a9cdaef7d6c4c85e805809ad63506c8d9042aff3fa53b579
4050,2026-08-13,39.2,40.98,38.58,38.78,1644904,65235171.6,,,,render_normalized,tasi_2026-08-13_2026-08-13_20260813T153020777659Z,e0b6e7e97827824585b899f3f5ae2a43f595aeae92435da9a370d3df14b68b99
4050,2026-08-16,38.8,39.48,38.58,38.98,419632,16300829.8,,,,render_normalized,tasi_2026-08-14_2026-08-16_20260816T153020395457Z,5392abdf5e4a97362d33f1f6287bf2bc003c7d4bb43d28918b8aa095af9310d7
4050,2026-08-17,39.02,39.92,38.64,39.54,401082,15756348.02,,,,render_normalized,tasi_2026-08-17_2026-08-17_20260817T153022794323Z,56ab1200186f32f6bf2b699463f355510bc0a3da931f38c90816013f38a2eaf0
4050,2026-08-18,39.52,41.1,39.26,40.88,1055161,42848118.82,,,,render_normalized,tasi_2026-08-18_2026-08-18_20260818T153020653358Z,1cfd844fc98ba7ee716337d459294e8e314daaa0f85480a8e110399f3a6b856d
4050,2026-08-19,40.88,41.62,40.4,41.5,543205,22274850.02,,,,render_normalized,tasi_2026-08-19_2026-08-19_20260819T153022440747Z,c9f50859d8825bb8e17dc890cb696be42681eb6c5d61b3749a33257a86f3517b
4050,2026-08-20,41.46,44.26,41.18,43.38,1071669,46376143.7,,,,render_normalized,tasi_2026-08-20_2026-08-28_20260827T215758538311Z,7a00d373848e778f83c80f1777575ad48a6a4c0c192fe2e6a4123b56ae26cdee
4050,2026-08-23,43.3,44.0,42.8,43.16,533888,23173937.02,,,,render_normalized,tasi_2026-08-20_2026-08-28_20260827T215758538311Z,7a00d373848e778f83c80f1777575ad48a6a4c0c192fe2e6a4123b56ae26cdee
4050,2026-08-24,43.46,43.54,42.92,43.02,207580,8978463.36,,,,render_normalized,tasi_2026-08-20_2026-08-28_20260827T215758538311Z,7a00d373848e778f83c80f1777575ad48a6a4c0c192fe2e6a4123b56ae26cdee
4050,2026-08-25,43.02,43.24,42.6,42.88,228252,9792543.94,,,,render_normalized,tasi_2026-08-20_2026-08-28_20260827T215758538311Z,7a00d373848e778f83c80f1777575ad48a6a4c0c192fe2e6a4123b56ae26cdee
4050,2026-08-26,42.88,43.2,42.44,42.72,216977,9306989.56,,,,render_normalized,tasi_2026-08-20_2026-08-28_20260827T215758538311Z,7a00d373848e778f83c80f1777575ad48a6a4c0c192fe2e6a4123b56ae26cdee
4050,2026-08-27,42.82,43.0,42.32,42.34,155796,6638502.26,,,,render_normalized,tasi_2026-08-20_2026-08-28_20260827T215758538311Z,7a00d373848e778f83c80f1777575ad48a6a4c0c192fe2e6a4123b56ae26cdee
4050,2026-08-30,42.86,42.86,41.74,41.88,96370,4049126.18,,,,render_normalized,tasi_2026-08-29_2026-08-30_20260830T153021490619Z,40f2932d214f44ed867e412ffba0369130210869179423e6eadc9f965765cdba
4050,2026-08-31,41.92,42.38,41.68,42.2,213891,8983334.24,,,,render_normalized,tasi_2026-08-31_2026-08-31_20260831T153022596960Z,374b46eb50c52f8fd4d5c98f4b7cf8e0c79e078fd621a4b30f58d5382471b4af
4051,2026-08-02,5.51,5.6,5.5,5.56,494650,2746468.4,,,,render_normalized,tasi_2026-07-31_2026-08-02_20260802T153020127593Z,2eb23ca39fcf0e44fa270e6e4d6a1341261e22b2abfbc789ec2875a29009248b
4051,2026-08-03,5.6,5.65,5.57,5.58,528136,2960591.45,,,,render_normalized,tasi_2026-08-03_2026-08-03_20260803T153021496139Z,4b0f0fa9c3b343cf96fecea13101ae13ad2a21806fd55533770061ac5bb0689d
4051,2026-08-04,5.56,5.61,5.54,5.58,309853,1726708.37,,,,render_normalized,tasi_2026-08-04_2026-08-04_20260804T153023696814Z,32de4882671eec0a9062962d0f5591f8e56969b134d0070652d21718d4563e66
4051,2026-08-05,5.56,5.69,5.56,5.57,639856,3596613.21,,,,render_normalized,tasi_2026-08-05_2026-08-05_20260805T153024437012Z,9fd93f225e2663ef72017465f1af6b5bb1e9f620c1b69c07a1f0fd54b850091a
4051,2026-08-06,5.58,5.6,5.5,5.53,444337,2460378.33,,,,render_normalized,tasi_2026-08-06_2026-08-06_20260806T153021501965Z,6ff377152d0ead67e84f33bc0daa618a818145aa8e2f551c9273431d88ac3851
4051,2026-08-09,5.54,5.58,5.44,5.48,321426,1766632.44,,,,render_normalized,tasi_2026-08-07_2026-08-09_20260809T153020287151Z,d7eb763bea83ef8684d027dfe3fb0fb7c951f2a9c34d7e37300eab6704449ed3
4051,2026-08-10,5.48,5.61,5.45,5.54,372443,2059506.77,,,,render_normalized,tasi_2026-08-10_2026-08-10_20260810T153020102570Z,84d11a25e4f1e5c1fd93cef767caa7b24135f07229eeaeab08169c657f7b53de
4051,2026-08-11,5.54,5.58,5.45,5.46,641569,3524591.54,,,,render_normalized,tasi_2026-08-11_2026-08-11_20260811T153022011718Z,2ca6395fd3fcc72ba670e2961883e5c743cbb0e78c08f0ae926df09c31320865
4051,2026-08-12,5.47,5.52,5.43,5.48,535407,2933559.33,,,,render_normalized,tasi_2026-08-12_2026-08-12_20260812T153021905708Z,8862a2d01571a3c9a9cdaef7d6c4c85e805809ad63506c8d9042aff3fa53b579
4051,2026-08-13,5.51,5.51,5.44,5.48,231626,1266203.89,,,,render_normalized,tasi_2026-08-13_2026-08-13_20260813T153020777659Z,e0b6e7e97827824585b899f3f5ae2a43f595aeae92435da9a370d3df14b68b99
4051,2026-08-16,5.5,5.58,5.5,5.54,433451,2396132.43,,,,render_normalized,tasi_2026-08-14_2026-08-16_20260816T153020395457Z,5392abdf5e4a97362d33f1f6287bf2bc003c7d4bb43d28918b8aa095af9310d7
4051,2026-08-17,5.54,5.59,5.5,5.5,485974,2694804.17,,,,render_normalized,tasi_2026-08-17_2026-08-17_20260817T153022794323Z,56ab1200186f32f6bf2b699463f355510bc0a3da931f38c90816013f38a2eaf0
4051,2026-08-18,5.51,5.52,5.45,5.47,241102,1320876.65,,,,render_normalized,tasi_2026-08-18_2026-08-18_20260818T153020653358Z,1cfd844fc98ba7ee716337d459294e8e314daaa0f85480a8e110399f3a6b856d
4051,2026-08-19,5.47,5.5,5.42,5.46,260557,1421736.74,,,,render_normalized,tasi_2026-08-19_2026-08-19_20260819T153022440747Z,c9f50859d8825bb8e17dc890cb696be42681eb6c5d61b3749a33257a86f3517b
4051,2026-08-20,5.46,5.53,5.46,5.52,226970,1245884.61,,,,render_normalized,tasi_2026-08-20_2026-08-28_20260827T215758538311Z,7a00d373848e778f83c80f1777575ad48a6a4c0c192fe2e6a4123b56ae26cdee
4051,2026-08-23,5.51,5.57,5.5,5.53,270199,1496711.65,,,,render_normalized,tasi_2026-08-20_2026-08-28_20260827T215758538311Z,7a00d373848e778f83c80f1777575ad48a6a4c0c192fe2e6a4123b56ae26cdee
4051,2026-08-24,5.53,5.57,5.53,5.56,303877,1688398.31,,,,render_normalized,tasi_2026-08-20_2026-08-28_20260827T215758538311Z,7a00d373848e778f83c80f1777575ad48a6a4c0c192fe2e6a4123b56ae26cdee
4051,2026-08-25,5.56,5.63,5.54,5.57,645186,3599028.72,,,,render_normalized,tasi_2026-08-20_2026-08-28_20260827T215758538311Z,7a00d373848e778f83c80f1777575ad48a6a4c0c192fe2e6a4123b56ae26cdee
4051,2026-08-26,5.56,5.58,5.5,5.57,417465,2316803.15,,,,render_normalized,tasi_2026-08-20_2026-08-28_20260827T215758538311Z,7a00d373848e778f83c80f1777575ad48a6a4c0c192fe2e6a4123b56ae26cdee
4051,2026-08-27,5.59,5.59,5.55,5.57,295653,1645396.14,,,,render_normalized,tasi_2026-08-20_2026-08-28_20260827T215758538311Z,7a00d373848e778f83c80f1777575ad48a6a4c0c192fe2e6a4123b56ae26cdee
4051,2026-08-30,5.5,5.53,5.49,5.53,260013,1432770.64,,,,render_normalized,tasi_2026-08-29_2026-08-30_20260830T153021490619Z,40f2932d214f44ed867e412ffba0369130210869179423e6eadc9f965765cdba
4051,2026-08-31,5.5,5.53,5.44,5.49,492634,2699636.75,,,,render_normalized,tasi_2026-08-31_2026-08-31_20260831T153022596960Z,374b46eb50c52f8fd4d5c98f4b7cf8e0c79e078fd621a4b30f58d5382471b4af
4061,2026-08-02,11.46,11.76,11.33,11.58,483753,5613161.13,,,,render_normalized,tasi_2026-07-31_2026-08-02_20260802T153020127593Z,2eb23ca39fcf0e44fa270e6e4d6a1341261e22b2abfbc789ec2875a29009248b
4061,2026-08-03,11.6,11.79,11.53,11.72,309179,3619869.38,,,,render_normalized,tasi_2026-08-03_2026-08-03_20260803T153021496139Z,4b0f0fa9c3b343cf96fecea13101ae13ad2a21806fd55533770061ac5bb0689d
4061,2026-08-04,11.72,11.97,11.68,11.78,336061,3971174.51,,,,render_normalized,tasi_2026-08-04_2026-08-04_20260804T153023696814Z,32de4882671eec0a9062962d0f5591f8e56969b134d0070652d21718d4563e66
4061,2026-08-05,11.79,11.92,11.7,11.92,168037,1977905.6,,,,render_normalized,tasi_2026-08-05_2026-08-05_20260805T153024437012Z,9fd93f225e2663ef72017465f1af6b5bb1e9f620c1b69c07a1f0fd54b850091a
4061,2026-08-06,11.9,11.94,11.72,11.75,171282,2018165.04,,,,render_normalized,tasi_2026-08-06_2026-08-06_20260806T153021501965Z,6ff377152d0ead67e84f33bc0daa618a818145aa8e2f551c9273431d88ac3851
4061,2026-08-09,11.78,11.78,11.38,11.49,208179,2411141.33,,,,render_normalized,tasi_2026-08-07_2026-08-09_20260809T153020287151Z,d7eb763bea83ef8684d027dfe3fb0fb7c951f2a9c34d7e37300eab6704449ed3
4061,2026-08-10,11.5,11.9,11.36,11.9,452436,5296228.7,,,,render_normalized,tasi_2026-08-10_2026-08-10_20260810T153020102570Z,84d11a25e4f1e5c1fd93cef767caa7b24135f07229eeaeab08169c657f7b53de
4061,2026-08-11,11.95,12.14,11.63,11.9,1234248,14762096.39,,,,render_normalized,tasi_2026-08-11_2026-08-11_20260811T153022011718Z,2ca6395fd3fcc72ba670e2961883e5c743cbb0e78c08f0ae926df09c31320865
4061,2026-08-12,11.88,12.3,11.71,12.3,1462244,17545265.11,,,,render_normalized,tasi_2026-08-12_2026-08-12_20260812T153021905708Z,8862a2d01571a3c9a9cdaef7d6c4c85e805809ad63506c8d9042aff3fa53b579
4061,2026-08-13,12.26,12.3,11.74,11.85,670562,8009185.23,,,,render_normalized,tasi_2026-08-13_2026-08-13_20260813T153020777659Z,e0b6e7e97827824585b899f3f5ae2a43f595aeae92435da9a370d3df14b68b99
4061,2026-08-16,11.86,12.12,11.85,11.85,326555,3916571.96,,,,render_normalized,tasi_2026-08-14_2026-08-16_20260816T153020395457Z,5392abdf5e4a97362d33f1f6287bf2bc003c7d4bb43d28918b8aa095af9310d7
4061,2026-08-17,12.0,12.0,11.85,11.85,248205,2956308.92,,,,render_normalized,tasi_2026-08-17_2026-08-17_20260817T153022794323Z,56ab1200186f32f6bf2b699463f355510bc0a3da931f38c90816013f38a2eaf0
4061,2026-08-18,11.88,11.97,11.76,11.79,213369,2521198.92,,,,render_normalized,tasi_2026-08-18_2026-08-18_20260818T153020653358Z,1cfd844fc98ba7ee716337d459294e8e314daaa0f85480a8e110399f3a6b856d
4061,2026-08-19,11.82,11.89,11.62,11.8,293332,3455880.74,,,,render_normalized,tasi_2026-08-19_2026-08-19_20260819T153022440747Z,c9f50859d8825bb8e17dc890cb696be42681eb6c5d61b3749a33257a86f3517b
4061,2026-08-20,11.79,12.18,11.79,11.97,738954,8895210.91,,,,render_normalized,tasi_2026-08-20_2026-08-28_20260827T215758538311Z,7a00d373848e778f83c80f1777575ad48a6a4c0c192fe2e6a4123b56ae26cdee
4061,2026-08-23,12.42,12.84,12.16,12.17,2191258,27473685.11,,,,render_normalized,tasi_2026-08-20_2026-08-28_20260827T215758538311Z,7a00d373848e778f83c80f1777575ad48a6a4c0c192fe2e6a4123b56ae26cdee
4061,2026-08-24,12.17,12.32,12.11,12.13,606374,7392335.97,,,,render_normalized,tasi_2026-08-20_2026-08-28_20260827T215758538311Z,7a00d373848e778f83c80f1777575ad48a6a4c0c192fe2e6a4123b56ae26cdee
4061,2026-08-25,12.13,12.21,12.0,12.05,393145,4759041.33,,,,render_normalized,tasi_2026-08-20_2026-08-28_20260827T215758538311Z,7a00d373848e778f83c80f1777575ad48a6a4c0c192fe2e6a4123b56ae26cdee
4061,2026-08-26,12.1,12.27,12.1,12.17,478202,5828642.6,,,,render_normalized,tasi_2026-08-20_2026-08-28_20260827T215758538311Z,7a00d373848e778f83c80f1777575ad48a6a4c0c192fe2e6a4123b56ae26cdee
4061,2026-08-27,12.17,12.33,12.16,12.33,589992,7231661.17,,,,render_normalized,tasi_2026-08-20_2026-08-28_20260827T215758538311Z,7a00d373848e778f83c80f1777575ad48a6a4c0c192fe2e6a4123b56ae26cdee
4061,2026-08-30,12.34,12.48,12.19,12.26,406774,5007955.14,,,,render_normalized,tasi_2026-08-29_2026-08-30_20260830T153021490619Z,40f2932d214f44ed867e412ffba0369130210869179423e6eadc9f965765cdba
4061,2026-08-31,12.3,12.31,12.15,12.25,202064,2470514.34,,,,render_normalized,tasi_2026-08-31_2026-08-31_20260831T153022596960Z,374b46eb50c52f8fd4d5c98f4b7cf8e0c79e078fd621a4b30f58d5382471b4af
4070,2026-08-02,17.26,17.53,17.0,17.25,210295,3640973.98,,,,render_normalized,tasi_2026-07-31_2026-08-02_20260802T153020127593Z,2eb23ca39fcf0e44fa270e6e4d6a1341261e22b2abfbc789ec2875a29009248b
4070,2026-08-03,17.48,17.48,17.0,17.1,145907,2493270.98,,,,render_normalized,tasi_2026-08-03_2026-08-03_20260803T153021496139Z,4b0f0fa9c3b343cf96fecea13101ae13ad2a21806fd55533770061ac5bb0689d
4070,2026-08-04,17.1,17.28,17.04,17.15,278447,4774013.68,,,,render_normalized,tasi_2026-08-04_2026-08-04_20260804T153023696814Z,32de4882671eec0a9062962d0f5591f8e56969b134d0070652d21718d4563e66
4070,2026-08-05,17.1,17.3,17.1,17.17,82116,1411618.77,,,,render_normalized,tasi_2026-08-05_2026-08-05_20260805T153024437012Z,9fd93f225e2663ef72017465f1af6b5bb1e9f620c1b69c07a1f0fd54b850091a
4070,2026-08-06,17.12,17.36,17.12,17.18,128230,2206500.38,,,,render_normalized,tasi_2026-08-06_2026-08-06_20260806T153021501965Z,6ff377152d0ead67e84f33bc0daa618a818145aa8e2f551c9273431d88ac3851
4070,2026-08-09,17.17,18.17,17.1,17.75,929601,16560671.38,,,,render_normalized,tasi_2026-08-07_2026-08-09_20260809T153020287151Z,d7eb763bea83ef8684d027dfe3fb0fb7c951f2a9c34d7e37300eab6704449ed3
4070,2026-08-10,17.72,18.07,17.7,17.75,213779,3800473.62,,,,render_normalized,tasi_2026-08-10_2026-08-10_20260810T153020102570Z,84d11a25e4f1e5c1fd93cef767caa7b24135f07229eeaeab08169c657f7b53de
4070,2026-08-11,17.75,17.97,17.7,17.75,106059,1883891.91,,,,render_normalized,tasi_2026-08-11_2026-08-11_20260811T153022011718Z,2ca6395fd3fcc72ba670e2961883e5c743cbb0e78c08f0ae926df09c31320865
4070,2026-08-12,17.51,18.02,17.51,17.8,120091,2145598.91,,,,render_normalized,tasi_2026-08-12_2026-08-12_20260812T153021905708Z,8862a2d01571a3c9a9cdaef7d6c4c85e805809ad63506c8d9042aff3fa53b579
4070,2026-08-13,17.8,18.16,17.7,18.1,294799,5296935.62,,,,render_normalized,tasi_2026-08-13_2026-08-13_20260813T153020777659Z,e0b6e7e97827824585b899f3f5ae2a43f595aeae92435da9a370d3df14b68b99
4070,2026-08-16,18.4,19.8,18.0,19.42,866798,16664468.29,,,,render_normalized,tasi_2026-08-14_2026-08-16_20260816T153020395457Z,5392abdf5e4a97362d33f1f6287bf2bc003c7d4bb43d28918b8aa095af9310d7
4070,2026-08-17,19.02,19.61,19.0,19.22,306261,5901172.53,,,,render_normalized,tasi_2026-08-17_2026-08-17_20260817T153022794323Z,56ab1200186f32f6bf2b699463f355510bc0a3da931f38c90816013f38a2eaf0
4070,2026-08-18,19.2,19.8,19.15,19.57,364349,7101298.78,,,,render_normalized,tasi_2026-08-18_2026-08-18_20260818T153020653358Z,1cfd844fc98ba7ee716337d459294e8e314daaa0f85480a8e110399f3a6b856d
4070,2026-08-19,19.78,19.9,19.15,19.59,212337,4176201.56,,,,render_normalized,tasi_2026-08-19_2026-08-19_20260819T153022440747Z,c9f50859d8825bb8e17dc890cb696be42681eb6c5d61b3749a33257a86f3517b
4070,2026-08-20,19.59,21.12,19.59,20.64,1495088,30908088.52,,,,render_normalized,tasi_2026-08-20_2026-08-28_20260827T215758538311Z,7a00d373848e778f83c80f1777575ad48a6a4c0c192fe2e6a4123b56ae26cdee
4070,2026-08-23,20.45,21.09,20.03,20.99,778371,16121793.26,,,,render_normalized,tasi_2026-08-20_2026-08-28_20260827T215758538311Z,7a00d373848e778f83c80f1777575ad48a6a4c0c192fe2e6a4123b56ae26cdee
4070,2026-08-24,20.99,21.66,20.7,21.13,798091,16897903.55,,,,render_normalized,tasi_2026-08-20_2026-08-28_20260827T215758538311Z,7a00d373848e778f83c80f1777575ad48a6a4c0c192fe2e6a4123b56ae26cdee
4070,2026-08-25,21.13,21.36,20.9,21.36,446960,9398576.06,,,,render_normalized,tasi_2026-08-20_2026-08-28_20260827T215758538311Z,7a00d373848e778f83c80f1777575ad48a6a4c0c192fe2e6a4123b56ae26cdee
4070,2026-08-26,21.98,22.25,21.5,21.6,1287949,27971556.35,,,,render_normalized,tasi_2026-08-20_2026-08-28_20260827T215758538311Z,7a00d373848e778f83c80f1777575ad48a6a4c0c192fe2e6a4123b56ae26cdee
4070,2026-08-27,21.44,21.54,20.75,21.4,756431,15962814.77,,,,render_normalized,tasi_2026-08-20_2026-08-28_20260827T215758538311Z,7a00d373848e778f83c80f1777575ad48a6a4c0c192fe2e6a4123b56ae26cdee
4070,2026-08-30,21.38,21.38,20.95,21.06,345371,7258872.65,,,,render_normalized,tasi_2026-08-29_2026-08-30_20260830T153021490619Z,40f2932d214f44ed867e412ffba0369130210869179423e6eadc9f965765cdba
4070,2026-08-31,21.06,21.12,20.84,21.07,280404,5884410.33,,,,render_normalized,tasi_2026-08-31_2026-08-31_20260831T153022596960Z,374b46eb50c52f8fd4d5c98f4b7cf8e0c79e078fd621a4b30f58d5382471b4af
4071,2026-08-02,80.0,81.75,80.0,81.0,67520,5473279.55,,,,render_normalized,tasi_2026-07-31_2026-08-02_20260802T153020127593Z,2eb23ca39fcf0e44fa270e6e4d6a1341261e22b2abfbc789ec2875a29009248b
4071,2026-08-03,81.7,83.1,80.75,81.9,164688,13522694.45,,,,render_normalized,tasi_2026-08-03_2026-08-03_20260803T153021496139Z,4b0f0fa9c3b343cf96fecea13101ae13ad2a21806fd55533770061ac5bb0689d
4071,2026-08-04,82.05,83.0,81.1,82.4,123193,10115823.45,,,,render_normalized,tasi_2026-08-04_2026-08-04_20260804T153023696814Z,32de4882671eec0a9062962d0f5591f8e56969b134d0070652d21718d4563e66
4071,2026-08-05,82.4,82.65,81.4,81.8,78760,6446154.7,,,,render_normalized,tasi_2026-08-05_2026-08-05_20260805T153024437012Z,9fd93f225e2663ef72017465f1af6b5bb1e9f620c1b69c07a1f0fd54b850091a
4071,2026-08-06,81.8,81.85,80.05,81.85,94974,7651928.6,,,,render_normalized,tasi_2026-08-06_2026-08-06_20260806T153021501965Z,6ff377152d0ead67e84f33bc0daa618a818145aa8e2f551c9273431d88ac3851
4071,2026-08-09,75.2,77.0,73.7,73.7,505867,37722777.35,,,,render_normalized,tasi_2026-08-07_2026-08-09_20260809T153020287151Z,d7eb763bea83ef8684d027dfe3fb0fb7c951f2a9c34d7e37300eab6704449ed3
4071,2026-08-10,69.9,71.35,68.5,70.5,449643,31476948.3,,,,render_normalized,tasi_2026-08-10_2026-08-10_20260810T153020102570Z,84d11a25e4f1e5c1fd93cef767caa7b24135f07229eeaeab08169c657f7b53de
4071,2026-08-11,70.5,70.6,67.5,67.65,330239,22719447.2,,,,render_normalized,tasi_2026-08-11_2026-08-11_20260811T153022011718Z,2ca6395fd3fcc72ba670e2961883e5c743cbb0e78c08f0ae926df09c31320865
4071,2026-08-12,67.85,68.25,66.15,66.5,266629,17867369.5,,,,render_normalized,tasi_2026-08-12_2026-08-12_20260812T153021905708Z,8862a2d01571a3c9a9cdaef7d6c4c85e805809ad63506c8d9042aff3fa53b579
4071,2026-08-13,66.5,67.25,64.95,64.95,279682,18408928.3,,,,render_normalized,tasi_2026-08-13_2026-08-13_20260813T153020777659Z,e0b6e7e97827824585b899f3f5ae2a43f595aeae92435da9a370d3df14b68b99
4071,2026-08-16,65.4,66.6,64.85,65.6,255111,16749572.8,,,,render_normalized,tasi_2026-08-14_2026-08-16_20260816T153020395457Z,5392abdf5e4a97362d33f1f6287bf2bc003c7d4bb43d28918b8aa095af9310d7
4071,2026-08-17,65.9,68.45,64.45,64.45,310753,20672419.55,,,,render_normalized,tasi_2026-08-17_2026-08-17_20260817T153022794323Z,56ab1200186f32f6bf2b699463f355510bc0a3da931f38c90816013f38a2eaf0
4071,2026-08-18,64.2,65.25,63.0,64.9,380560,24354842.0,,,,render_normalized,tasi_2026-08-18_2026-08-18_20260818T153020653358Z,1cfd844fc98ba7ee716337d459294e8e314daaa0f85480a8e110399f3a6b856d
4071,2026-08-19,64.9,65.15,63.6,63.9,136805,8771802.0,,,,render_normalized,tasi_2026-08-19_2026-08-19_20260819T153022440747Z,c9f50859d8825bb8e17dc890cb696be42681eb6c5d61b3749a33257a86f3517b
4071,2026-08-20,63.75,64.75,63.45,63.5,360294,23026883.7,,,,render_normalized,tasi_2026-08-20_2026-08-28_20260827T215758538311Z,7a00d373848e778f83c80f1777575ad48a6a4c0c192fe2e6a4123b56ae26cdee
4071,2026-08-23,63.7,66.8,63.55,65.05,497977,32539486.55,,,,render_normalized,tasi_2026-08-20_2026-08-28_20260827T215758538311Z,7a00d373848e778f83c80f1777575ad48a6a4c0c192fe2e6a4123b56ae26cdee
4071,2026-08-24,65.05,66.25,64.55,64.8,289302,18904332.9,,,,render_normalized,tasi_2026-08-20_2026-08-28_20260827T215758538311Z,7a00d373848e778f83c80f1777575ad48a6a4c0c192fe2e6a4123b56ae26cdee
4071,2026-08-25,65.0,65.7,64.25,64.3,230734,14950580.7,,,,render_normalized,tasi_2026-08-20_2026-08-28_20260827T215758538311Z,7a00d373848e778f83c80f1777575ad48a6a4c0c192fe2e6a4123b56ae26cdee
4071,2026-08-26,64.4,65.25,63.9,64.9,223995,14420844.65,,,,render_normalized,tasi_2026-08-20_2026-08-28_20260827T215758538311Z,7a00d373848e778f83c80f1777575ad48a6a4c0c192fe2e6a4123b56ae26cdee
4071,2026-08-27,65.25,65.25,64.2,64.2,149235,9615101.8,,,,render_normalized,tasi_2026-08-20_2026-08-28_20260827T215758538311Z,7a00d373848e778f83c80f1777575ad48a6a4c0c192fe2e6a4123b56ae26cdee
4071,2026-08-30,63.85,64.45,63.65,63.75,179008,11445503.6,,,,render_normalized,tasi_2026-08-29_2026-08-30_20260830T153021490619Z,40f2932d214f44ed867e412ffba0369130210869179423e6eadc9f965765cdba
4071,2026-08-31,63.75,63.85,61.75,61.75,278371,17473437.2,,,,render_normalized,tasi_2026-08-31_2026-08-31_20260831T153022596960Z,374b46eb50c52f8fd4d5c98f4b7cf8e0c79e078fd621a4b30f58d5382471b4af
4072,2026-08-02,20.06,20.82,20.06,20.8,242799,5006415.35,,,,render_normalized,tasi_2026-07-31_2026-08-02_20260802T153020127593Z,2eb23ca39fcf0e44fa270e6e4d6a1341261e22b2abfbc789ec2875a29009248b
4072,2026-08-03,20.8,21.5,20.68,21.24,192574,4095845.58,,,,render_normalized,tasi_2026-08-03_2026-08-03_20260803T153021496139Z,4b0f0fa9c3b343cf96fecea13101ae13ad2a21806fd55533770061ac5bb0689d
4072,2026-08-04,21.05,21.35,21.05,21.1,161953,3433644.46,,,,render_normalized,tasi_2026-08-04_2026-08-04_20260804T153023696814Z,32de4882671eec0a9062962d0f5591f8e56969b134d0070652d21718d4563e66
4072,2026-08-05,21.45,21.45,21.13,21.37,118080,2518212.41,,,,render_normalized,tasi_2026-08-05_2026-08-05_20260805T153024437012Z,9fd93f225e2663ef72017465f1af6b5bb1e9f620c1b69c07a1f0fd54b850091a
4072,2026-08-06,21.3,21.42,21.2,21.32,106281,2261920.82,,,,render_normalized,tasi_2026-08-06_2026-08-06_20260806T153021501965Z,6ff377152d0ead67e84f33bc0daa618a818145aa8e2f551c9273431d88ac3851
4072,2026-08-09,21.44,21.44,20.88,20.92,145950,3082272.17,,,,render_normalized,tasi_2026-08-07_2026-08-09_20260809T153020287151Z,d7eb763bea83ef8684d027dfe3fb0fb7c951f2a9c34d7e37300eab6704449ed3
4072,2026-08-10,21.0,21.01,20.41,20.43,128996,2652944.42,,,,render_normalized,tasi_2026-08-10_2026-08-10_20260810T153020102570Z,84d11a25e4f1e5c1fd93cef767caa7b24135f07229eeaeab08169c657f7b53de
4072,2026-08-11,19.99,20.23,19.32,20.09,360971,7192666.32,,,,render_normalized,tasi_2026-08-11_2026-08-11_20260811T153022011718Z,2ca6395fd3fcc72ba670e2961883e5c743cbb0e78c08f0ae926df09c31320865
4072,2026-08-12,20.07,20.33,20.0,20.2,92678,1866978.67,,,,render_normalized,tasi_2026-08-12_2026-08-12_20260812T153021905708Z,8862a2d01571a3c9a9cdaef7d6c4c85e805809ad63506c8d9042aff3fa53b579
4072,2026-08-13,20.14,20.47,20.03,20.25,59266,1197133.81,,,,render_normalized,tasi_2026-08-13_2026-08-13_20260813T153020777659Z,e0b6e7e97827824585b899f3f5ae2a43f595aeae92435da9a370d3df14b68b99
4072,2026-08-16,20.73,20.73,20.21,20.42,86347,1768840.42,,,,render_normalized,tasi_2026-08-14_2026-08-16_20260816T153020395457Z,5392abdf5e4a97362d33f1f6287bf2bc003c7d4bb43d28918b8aa095af9310d7
4072,2026-08-17,20.42,20.42,20.14,20.21,72780,1472459.39,,,,render_normalized,tasi_2026-08-17_2026-08-17_20260817T153022794323Z,56ab1200186f32f6bf2b699463f355510bc0a3da931f38c90816013f38a2eaf0
4072,2026-08-18,20.3,20.3,19.99,20.1,84631,1701307.93,,,,render_normalized,tasi_2026-08-18_2026-08-18_20260818T153020653358Z,1cfd844fc98ba7ee716337d459294e8e314daaa0f85480a8e110399f3a6b856d
4072,2026-08-19,20.0,20.2,19.99,20.0,103352,2071504.42,,,,render_normalized,tasi_2026-08-19_2026-08-19_20260819T153022440747Z,c9f50859d8825bb8e17dc890cb696be42681eb6c5d61b3749a33257a86f3517b
4072,2026-08-20,20.0,20.68,20.0,20.39,228952,4668775.99,,,,render_normalized,tasi_2026-08-20_2026-08-28_20260827T215758538311Z,7a00d373848e778f83c80f1777575ad48a6a4c0c192fe2e6a4123b56ae26cdee
4072,2026-08-23,20.12,20.71,20.12,20.58,153556,3158237.92,,,,render_normalized,tasi_2026-08-20_2026-08-28_20260827T215758538311Z,7a00d373848e778f83c80f1777575ad48a6a4c0c192fe2e6a4123b56ae26cdee
4072,2026-08-24,20.42,20.85,20.37,20.38,254812,5261860.96,,,,render_normalized,tasi_2026-08-20_2026-08-28_20260827T215758538311Z,7a00d373848e778f83c80f1777575ad48a6a4c0c192fe2e6a4123b56ae26cdee
4072,2026-08-25,20.4,20.53,20.38,20.41,106461,2175809.58,,,,render_normalized,tasi_2026-08-20_2026-08-28_20260827T215758538311Z,7a00d373848e778f83c80f1777575ad48a6a4c0c192fe2e6a4123b56ae26cdee
4072,2026-08-26,20.48,20.75,20.43,20.7,219504,4513223.12,,,,render_normalized,tasi_2026-08-20_2026-08-28_20260827T215758538311Z,7a00d373848e778f83c80f1777575ad48a6a4c0c192fe2e6a4123b56ae26cdee
4072,2026-08-27,20.78,20.85,20.65,20.75,103831,2150411.96,,,,render_normalized,tasi_2026-08-20_2026-08-28_20260827T215758538311Z,7a00d373848e778f83c80f1777575ad48a6a4c0c192fe2e6a4123b56ae26cdee
4072,2026-08-30,20.77,20.88,20.4,20.54,133058,2742891.06,,,,render_normalized,tasi_2026-08-29_2026-08-30_20260830T153021490619Z,40f2932d214f44ed867e412ffba0369130210869179423e6eadc9f965765cdba
4072,2026-08-31,20.5,20.5,20.03,20.1,252675,5095067.35,,,,render_normalized,tasi_2026-08-31_2026-08-31_20260831T153022596960Z,374b46eb50c52f8fd4d5c98f4b7cf8e0c79e078fd621a4b30f58d5382471b4af
4080,2026-08-02,8.1,8.18,8.06,8.16,28275,229390.54,,,,render_normalized,tasi_2026-07-31_2026-08-02_20260802T153020127593Z,2eb23ca39fcf0e44fa270e6e4d6a1341261e22b2abfbc789ec2875a29009248b
4080,2026-08-03,8.19,8.31,8.17,8.31,85664,708126.46,,,,render_normalized,tasi_2026-08-03_2026-08-03_20260803T153021496139Z,4b0f0fa9c3b343cf96fecea13101ae13ad2a21806fd55533770061ac5bb0689d
4080,2026-08-04,8.33,8.48,8.3,8.38,44169,370915.77,,,,render_normalized,tasi_2026-08-04_2026-08-04_20260804T153023696814Z,32de4882671eec0a9062962d0f5591f8e56969b134d0070652d21718d4563e66
4080,2026-08-05,8.35,8.49,8.3,8.41,48305,406125.44,,,,render_normalized,tasi_2026-08-05_2026-08-05_20260805T153024437012Z,9fd93f225e2663ef72017465f1af6b5bb1e9f620c1b69c07a1f0fd54b850091a
4080,2026-08-06,8.3,8.4,7.8,7.98,589306,4705592.77,,,,render_normalized,tasi_2026-08-06_2026-08-06_20260806T153021501965Z,6ff377152d0ead67e84f33bc0daa618a818145aa8e2f551c9273431d88ac3851
4080,2026-08-09,7.99,8.04,7.9,7.98,99662,794680.25,,,,render_normalized,tasi_2026-08-07_2026-08-09_20260809T153020287151Z,d7eb763bea83ef8684d027dfe3fb0fb7c951f2a9c34d7e37300eab6704449ed3
4080,2026-08-10,7.98,7.98,7.84,7.95,48044,379866.55,,,,render_normalized,tasi_2026-08-10_2026-08-10_20260810T153020102570Z,84d11a25e4f1e5c1fd93cef767caa7b24135f07229eeaeab08169c657f7b53de
4080,2026-08-11,7.98,8.07,7.91,8.03,118923,948670.09,,,,render_normalized,tasi_2026-08-11_2026-08-11_20260811T153022011718Z,2ca6395fd3fcc72ba670e2961883e5c743cbb0e78c08f0ae926df09c31320865
4080,2026-08-12,8.0,8.08,7.99,8.06,63109,506177.19,,,,render_normalized,tasi_2026-08-12_2026-08-12_20260812T153021905708Z,8862a2d01571a3c9a9cdaef7d6c4c85e805809ad63506c8d9042aff3fa53b579
4080,2026-08-13,8.09,8.11,7.95,8.0,106626,855005.42,,,,render_normalized,tasi_2026-08-13_2026-08-13_20260813T153020777659Z,e0b6e7e97827824585b899f3f5ae2a43f595aeae92435da9a370d3df14b68b99
4080,2026-08-16,8.06,8.14,7.97,8.0,112906,909599.03,,,,render_normalized,tasi_2026-08-14_2026-08-16_20260816T153020395457Z,5392abdf5e4a97362d33f1f6287bf2bc003c7d4bb43d28918b8aa095af9310d7
4080,2026-08-17,7.99,8.1,7.94,7.96,232511,1857225.44,,,,render_normalized,tasi_2026-08-17_2026-08-17_20260817T153022794323Z,56ab1200186f32f6bf2b699463f355510bc0a3da931f38c90816013f38a2eaf0
4080,2026-08-18,7.96,8.0,7.9,7.94,131069,1038571.04,,,,render_normalized,tasi_2026-08-18_2026-08-18_20260818T153020653358Z,1cfd844fc98ba7ee716337d459294e8e314daaa0f85480a8e110399f3a6b856d
4080,2026-08-19,7.95,7.98,7.87,7.94,75768,601250.19,,,,render_normalized,tasi_2026-08-19_2026-08-19_20260819T153022440747Z,c9f50859d8825bb8e17dc890cb696be42681eb6c5d61b3749a33257a86f3517b
4080,2026-08-20,7.88,7.97,7.88,7.95,79826,634252.81,,,,render_normalized,tasi_2026-08-20_2026-08-28_20260827T215758538311Z,7a00d373848e778f83c80f1777575ad48a6a4c0c192fe2e6a4123b56ae26cdee
4080,2026-08-23,8.01,8.54,8.01,8.37,1168636,9730051.34,,,,render_normalized,tasi_2026-08-20_2026-08-28_20260827T215758538311Z,7a00d373848e778f83c80f1777575ad48a6a4c0c192fe2e6a4123b56ae26cdee
4080,2026-08-24,8.4,8.64,8.21,8.55,963113,8146616.87,,,,render_normalized,tasi_2026-08-20_2026-08-28_20260827T215758538311Z,7a00d373848e778f83c80f1777575ad48a6a4c0c192fe2e6a4123b56ae26cdee
4080,2026-08-25,8.55,8.55,8.33,8.37,1072323,9016813.23,,,,render_normalized,tasi_2026-08-20_2026-08-28_20260827T215758538311Z,7a00d373848e778f83c80f1777575ad48a6a4c0c192fe2e6a4123b56ae26cdee
4080,2026-08-26,8.37,8.46,8.28,8.28,421057,3524004.97,,,,render_normalized,tasi_2026-08-20_2026-08-28_20260827T215758538311Z,7a00d373848e778f83c80f1777575ad48a6a4c0c192fe2e6a4123b56ae26cdee
4080,2026-08-27,8.34,8.67,8.28,8.6,1134436,9668332.84,,,,render_normalized,tasi_2026-08-20_2026-08-28_20260827T215758538311Z,7a00d373848e778f83c80f1777575ad48a6a4c0c192fe2e6a4123b56ae26cdee
4080,2026-08-30,8.62,8.64,8.39,8.4,166584,1413227.88,,,,render_normalized,tasi_2026-08-29_2026-08-30_20260830T153021490619Z,40f2932d214f44ed867e412ffba0369130210869179423e6eadc9f965765cdba
4080,2026-08-31,8.4,8.57,8.36,8.4,662529,5604089.82,,,,render_normalized,tasi_2026-08-31_2026-08-31_20260831T153022596960Z,374b46eb50c52f8fd4d5c98f4b7cf8e0c79e078fd621a4b30f58d5382471b4af
4081,2026-08-02,9.34,9.52,9.34,9.5,54635,516565.08,,,,render_normalized,tasi_2026-07-31_2026-08-02_20260802T153020127593Z,2eb23ca39fcf0e44fa270e6e4d6a1341261e22b2abfbc789ec2875a29009248b
4081,2026-08-03,9.51,9.7,9.49,9.57,59305,570773.81,,,,render_normalized,tasi_2026-08-03_2026-08-03_20260803T153021496139Z,4b0f0fa9c3b343cf96fecea13101ae13ad2a21806fd55533770061ac5bb0689d
4081,2026-08-04,9.87,10.08,9.72,9.94,759362,7540529.72,,,,render_normalized,tasi_2026-08-04_2026-08-04_20260804T153023696814Z,32de4882671eec0a9062962d0f5591f8e56969b134d0070652d21718d4563e66
4081,2026-08-05,9.92,10.26,9.9,10.04,512552,5177124.02,,,,render_normalized,tasi_2026-08-05_2026-08-05_20260805T153024437012Z,9fd93f225e2663ef72017465f1af6b5bb1e9f620c1b69c07a1f0fd54b850091a
4081,2026-08-06,10.05,10.25,10.03,10.08,274560,2784712.74,,,,render_normalized,tasi_2026-08-06_2026-08-06_20260806T153021501965Z,6ff377152d0ead67e84f33bc0daa618a818145aa8e2f551c9273431d88ac3851
4081,2026-08-09,10.0,10.16,10.0,10.12,92773,938263.25,,,,render_normalized,tasi_2026-08-07_2026-08-09_20260809T153020287151Z,d7eb763bea83ef8684d027dfe3fb0fb7c951f2a9c34d7e37300eab6704449ed3
4081,2026-08-10,10.07,10.15,10.01,10.12,63693,640370.8,,,,render_normalized,tasi_2026-08-10_2026-08-10_20260810T153020102570Z,84d11a25e4f1e5c1fd93cef767caa7b24135f07229eeaeab08169c657f7b53de
4081,2026-08-11,10.12,10.12,9.97,10.04,76493,766184.44,,,,render_normalized,tasi_2026-08-11_2026-08-11_20260811T153022011718Z,2ca6395fd3fcc72ba670e2961883e5c743cbb0e78c08f0ae926df09c31320865
4081,2026-08-12,9.98,10.07,9.96,9.99,75019,750267.46,,,,render_normalized,tasi_2026-08-12_2026-08-12_20260812T153021905708Z,8862a2d01571a3c9a9cdaef7d6c4c85e805809ad63506c8d9042aff3fa53b579
4081,2026-08-13,9.92,9.94,9.87,9.91,85151,843933.21,,,,render_normalized,tasi_2026-08-13_2026-08-13_20260813T153020777659Z,e0b6e7e97827824585b899f3f5ae2a43f595aeae92435da9a370d3df14b68b99
4081,2026-08-16,9.92,10.04,9.86,9.99,145740,1447631.5,,,,render_normalized,tasi_2026-08-14_2026-08-16_20260816T153020395457Z,5392abdf5e4a97362d33f1f6287bf2bc003c7d4bb43d28918b8aa095af9310d7
4081,2026-08-17,9.99,10.03,9.87,9.95,118274,1177841.11,,,,render_normalized,tasi_2026-08-17_2026-08-17_20260817T153022794323Z,56ab1200186f32f6bf2b699463f355510bc0a3da931f38c90816013f38a2eaf0
4081,2026-08-18,9.95,9.95,9.84,9.88,76778,759570.81,,,,render_normalized,tasi_2026-08-18_2026-08-18_20260818T153020653358Z,1cfd844fc98ba7ee716337d459294e8e314daaa0f85480a8e110399f3a6b856d
4081,2026-08-19,9.84,9.89,9.78,9.89,81885,806192.73,,,,render_normalized,tasi_2026-08-19_2026-08-19_20260819T153022440747Z,c9f50859d8825bb8e17dc890cb696be42681eb6c5d61b3749a33257a86f3517b
4081,2026-08-20,9.84,9.96,9.84,9.95,77750,771415.03,,,,render_normalized,tasi_2026-08-20_2026-08-28_20260827T215758538311Z,7a00d373848e778f83c80f1777575ad48a6a4c0c192fe2e6a4123b56ae26cdee
4081,2026-08-23,9.95,9.99,9.9,9.95,163552,1626308.12,,,,render_normalized,tasi_2026-08-20_2026-08-28_20260827T215758538311Z,7a00d373848e778f83c80f1777575ad48a6a4c0c192fe2e6a4123b56ae26cdee
4081,2026-08-24,9.95,10.29,9.95,10.22,915965,9275015.79,,,,render_normalized,tasi_2026-08-20_2026-08-28_20260827T215758538311Z,7a00d373848e778f83c80f1777575ad48a6a4c0c192fe2e6a4123b56ae26cdee
4081,2026-08-25,10.22,10.27,10.01,10.08,1050447,10638896.53,,,,render_normalized,tasi_2026-08-20_2026-08-28_20260827T215758538311Z,7a00d373848e778f83c80f1777575ad48a6a4c0c192fe2e6a4123b56ae26cdee
4081,2026-08-26,10.08,10.25,10.02,10.17,472943,4791508.04,,,,render_normalized,tasi_2026-08-20_2026-08-28_20260827T215758538311Z,7a00d373848e778f83c80f1777575ad48a6a4c0c192fe2e6a4123b56ae26cdee
4081,2026-08-27,10.12,10.22,10.1,10.14,82263,834591.05,,,,render_normalized,tasi_2026-08-20_2026-08-28_20260827T215758538311Z,7a00d373848e778f83c80f1777575ad48a6a4c0c192fe2e6a4123b56ae26cdee
4081,2026-08-30,10.14,10.17,10.1,10.13,59676,604424.44,,,,render_normalized,tasi_2026-08-29_2026-08-30_20260830T153021490619Z,40f2932d214f44ed867e412ffba0369130210869179423e6eadc9f965765cdba
4081,2026-08-31,10.1,10.15,10.02,10.05,515305,5199948.73,,,,render_normalized,tasi_2026-08-31_2026-08-31_20260831T153022596960Z,374b46eb50c52f8fd4d5c98f4b7cf8e0c79e078fd621a4b30f58d5382471b4af
4082,2026-08-02,7.46,7.57,7.44,7.55,47556,356696.51,,,,render_normalized,tasi_2026-07-31_2026-08-02_20260802T153020127593Z,2eb23ca39fcf0e44fa270e6e4d6a1341261e22b2abfbc789ec2875a29009248b
4082,2026-08-03,7.6,7.67,7.56,7.65,38973,297724.55,,,,render_normalized,tasi_2026-08-03_2026-08-03_20260803T153021496139Z,4b0f0fa9c3b343cf96fecea13101ae13ad2a21806fd55533770061ac5bb0689d
4082,2026-08-04,7.69,7.76,7.61,7.7,60299,465115.11,,,,render_normalized,tasi_2026-08-04_2026-08-04_20260804T153023696814Z,32de4882671eec0a9062962d0f5591f8e56969b134d0070652d21718d4563e66
4082,2026-08-05,7.65,7.8,7.65,7.76,23235,179559.83,,,,render_normalized,tasi_2026-08-05_2026-08-05_20260805T153024437012Z,9fd93f225e2663ef72017465f1af6b5bb1e9f620c1b69c07a1f0fd54b850091a
4082,2026-08-06,7.8,7.92,7.74,7.9,47529,374754.38,,,,render_normalized,tasi_2026-08-06_2026-08-06_20260806T153021501965Z,6ff377152d0ead67e84f33bc0daa618a818145aa8e2f551c9273431d88ac3851
4082,2026-08-09,7.88,7.88,7.65,7.75,59598,459462.76,,,,render_normalized,tasi_2026-08-07_2026-08-09_20260809T153020287151Z,d7eb763bea83ef8684d027dfe3fb0fb7c951f2a9c34d7e37300eab6704449ed3
4082,2026-08-10,7.75,7.99,7.7,7.8,415944,3243344.55,,,,render_normalized,tasi_2026-08-10_2026-08-10_20260810T153020102570Z,84d11a25e4f1e5c1fd93cef767caa7b24135f07229eeaeab08169c657f7b53de
4082,2026-08-11,7.8,8.25,7.75,8.05,250631,2009020.21,,,,render_normalized,tasi_2026-08-11_2026-08-11_20260811T153022011718Z,2ca6395fd3fcc72ba670e2961883e5c743cbb0e78c08f0ae926df09c31320865
4082,2026-08-12,8.05,8.08,7.97,8.01,41656,333607.83,,,,render_normalized,tasi_2026-08-12_2026-08-12_20260812T153021905708Z,8862a2d01571a3c9a9cdaef7d6c4c85e805809ad63506c8d9042aff3fa53b579
4082,2026-08-13,7.87,8.08,7.87,8.08,50128,402095.21,,,,render_normalized,tasi_2026-08-13_2026-08-13_20260813T153020777659Z,e0b6e7e97827824585b899f3f5ae2a43f595aeae92435da9a370d3df14b68b99
4082,2026-08-16,8.09,8.1,8.0,8.08,16261,131211.22,,,,render_normalized,tasi_2026-08-14_2026-08-16_20260816T153020395457Z,5392abdf5e4a97362d33f1f6287bf2bc003c7d4bb43d28918b8aa095af9310d7
4082,2026-08-17,8.0,8.44,8.0,8.32,200435,1655823.06,,,,render_normalized,tasi_2026-08-17_2026-08-17_20260817T153022794323Z,56ab1200186f32f6bf2b699463f355510bc0a3da931f38c90816013f38a2eaf0
4082,2026-08-18,8.4,8.47,8.15,8.4,84851,707297.41,,,,render_normalized,tasi_2026-08-18_2026-08-18_20260818T153020653358Z,1cfd844fc98ba7ee716337d459294e8e314daaa0f85480a8e110399f3a6b856d
4082,2026-08-19,8.36,8.41,8.26,8.27,9318,77799.52,,,,render_normalized,tasi_2026-08-19_2026-08-19_20260819T153022440747Z,c9f50859d8825bb8e17dc890cb696be42681eb6c5d61b3749a33257a86f3517b
4082,2026-08-20,8.27,8.44,8.26,8.44,31440,263254.15,,,,render_normalized,tasi_2026-08-20_2026-08-28_20260827T215758538311Z,7a00d373848e778f83c80f1777575ad48a6a4c0c192fe2e6a4123b56ae26cdee
4082,2026-08-23,8.44,8.45,7.97,8.04,355577,2860646.98,,,,render_normalized,tasi_2026-08-20_2026-08-28_20260827T215758538311Z,7a00d373848e778f83c80f1777575ad48a6a4c0c192fe2e6a4123b56ae26cdee
4082,2026-08-24,8.1,8.14,8.02,8.03,150187,1211605.96,,,,render_normalized,tasi_2026-08-20_2026-08-28_20260827T215758538311Z,7a00d373848e778f83c80f1777575ad48a6a4c0c192fe2e6a4123b56ae26cdee
4082,2026-08-25,8.03,8.77,8.0,8.57,783192,6646092.07,,,,render_normalized,tasi_2026-08-20_2026-08-28_20260827T215758538311Z,7a00d373848e778f83c80f1777575ad48a6a4c0c192fe2e6a4123b56ae26cdee
4082,2026-08-26,8.7,8.83,8.48,8.78,137238,1189742.49,,,,render_normalized,tasi_2026-08-20_2026-08-28_20260827T215758538311Z,7a00d373848e778f83c80f1777575ad48a6a4c0c192fe2e6a4123b56ae26cdee
4082,2026-08-27,8.75,9.24,8.7,8.99,396181,3558605.63,,,,render_normalized,tasi_2026-08-20_2026-08-28_20260827T215758538311Z,7a00d373848e778f83c80f1777575ad48a6a4c0c192fe2e6a4123b56ae26cdee
4082,2026-08-30,9.2,9.22,9.05,9.06,130197,1186165.74,,,,render_normalized,tasi_2026-08-29_2026-08-30_20260830T153021490619Z,40f2932d214f44ed867e412ffba0369130210869179423e6eadc9f965765cdba
4082,2026-08-31,9.05,9.1,8.83,8.88,47440,425600.05,,,,render_normalized,tasi_2026-08-31_2026-08-31_20260831T153022596960Z,374b46eb50c52f8fd4d5c98f4b7cf8e0c79e078fd621a4b30f58d5382471b4af
4083,2026-08-02,29.6,29.74,29.3,29.42,164941,4860252.82,,,,render_normalized,tasi_2026-07-31_2026-08-02_20260802T153020127593Z,2eb23ca39fcf0e44fa270e6e4d6a1341261e22b2abfbc789ec2875a29009248b
4083,2026-08-03,29.34,30.42,29.22,30.02,285629,8565037.04,,,,render_normalized,tasi_2026-08-03_2026-08-03_20260803T153021496139Z,4b0f0fa9c3b343cf96fecea13101ae13ad2a21806fd55533770061ac5bb0689d
4083,2026-08-04,30.02,30.36,29.8,29.88,482749,14459722.32,,,,render_normalized,tasi_2026-08-04_2026-08-04_20260804T153023696814Z,32de4882671eec0a9062962d0f5591f8e56969b134d0070652d21718d4563e66
4083,2026-08-05,29.88,30.14,29.54,29.58,139148,4150444.14,,,,render_normalized,tasi_2026-08-05_2026-08-05_20260805T153024437012Z,9fd93f225e2663ef72017465f1af6b5bb1e9f620c1b69c07a1f0fd54b850091a
4083,2026-08-06,29.6,29.66,28.68,28.72,184016,5350255.9,,,,render_normalized,tasi_2026-08-06_2026-08-06_20260806T153021501965Z,6ff377152d0ead67e84f33bc0daa618a818145aa8e2f551c9273431d88ac3851
4083,2026-08-09,28.7,28.9,28.52,28.56,434342,12440181.06,,,,render_normalized,tasi_2026-08-07_2026-08-09_20260809T153020287151Z,d7eb763bea83ef8684d027dfe3fb0fb7c951f2a9c34d7e37300eab6704449ed3
4083,2026-08-10,28.98,28.98,27.9,28.12,356227,10021892.9,,,,render_normalized,tasi_2026-08-10_2026-08-10_20260810T153020102570Z,84d11a25e4f1e5c1fd93cef767caa7b24135f07229eeaeab08169c657f7b53de
4083,2026-08-11,28.12,28.22,27.8,28.06,322633,9031916.92,,,,render_normalized,tasi_2026-08-11_2026-08-11_20260811T153022011718Z,2ca6395fd3fcc72ba670e2961883e5c743cbb0e78c08f0ae926df09c31320865
4083,2026-08-12,28.06,28.5,27.9,28.44,182651,5135531.92,,,,render_normalized,tasi_2026-08-12_2026-08-12_20260812T153021905708Z,8862a2d01571a3c9a9cdaef7d6c4c85e805809ad63506c8d9042aff3fa53b579
4083,2026-08-13,28.3,28.68,28.12,28.22,83101,2360390.26,,,,render_normalized,tasi_2026-08-13_2026-08-13_20260813T153020777659Z,e0b6e7e97827824585b899f3f5ae2a43f595aeae92435da9a370d3df14b68b99
4083,2026-08-16,28.98,29.98,28.5,29.4,422233,12399183.94,,,,render_normalized,tasi_2026-08-14_2026-08-16_20260816T153020395457Z,5392abdf5e4a97362d33f1f6287bf2bc003c7d4bb43d28918b8aa095af9310d7
4083,2026-08-17,29.46,30.76,29.18,30.3,413859,12556171.66,,,,render_normalized,tasi_2026-08-17_2026-08-17_20260817T153022794323Z,56ab1200186f32f6bf2b699463f355510bc0a3da931f38c90816013f38a2eaf0
4083,2026-08-18,30.3,30.46,29.98,30.24,140047,4225835.36,,,,render_normalized,tasi_2026-08-18_2026-08-18_20260818T153020653358Z,1cfd844fc98ba7ee716337d459294e8e314daaa0f85480a8e110399f3a6b856d
4083,2026-08-19,30.32,30.36,29.88,30.2,98945,2980115.2,,,,render_normalized,tasi_2026-08-19_2026-08-19_20260819T153022440747Z,c9f50859d8825bb8e17dc890cb696be42681eb6c5d61b3749a33257a86f3517b
4083,2026-08-20,30.2,30.5,29.96,29.96,145856,4396702.06,,,,render_normalized,tasi_2026-08-20_2026-08-28_20260827T215758538311Z,7a00d373848e778f83c80f1777575ad48a6a4c0c192fe2e6a4123b56ae26cdee
4083,2026-08-23,29.98,31.14,29.98,31.0,159921,4912322.74,,,,render_normalized,tasi_2026-08-20_2026-08-28_20260827T215758538311Z,7a00d373848e778f83c80f1777575ad48a6a4c0c192fe2e6a4123b56ae26cdee
4083,2026-08-24,31.2,31.72,31.0,31.72,348876,10952353.28,,,,render_normalized,tasi_2026-08-20_2026-08-28_20260827T215758538311Z,7a00d373848e778f83c80f1777575ad48a6a4c0c192fe2e6a4123b56ae26cdee
4083,2026-08-25,31.8,31.92,31.36,31.8,161469,5126028.9,,,,render_normalized,tasi_2026-08-20_2026-08-28_20260827T215758538311Z,7a00d373848e778f83c80f1777575ad48a6a4c0c192fe2e6a4123b56ae26cdee
4083,2026-08-26,31.86,32.46,31.7,32.24,233878,7527301.8,,,,render_normalized,tasi_2026-08-20_2026-08-28_20260827T215758538311Z,7a00d373848e778f83c80f1777575ad48a6a4c0c192fe2e6a4123b56ae26cdee
4083,2026-08-27,31.98,32.24,31.46,31.9,346539,11059265.16,,,,render_normalized,tasi_2026-08-20_2026-08-28_20260827T215758538311Z,7a00d373848e778f83c80f1777575ad48a6a4c0c192fe2e6a4123b56ae26cdee
4083,2026-08-30,32.0,32.0,30.9,30.9,116159,3636181.86,,,,render_normalized,tasi_2026-08-29_2026-08-30_20260830T153021490619Z,40f2932d214f44ed867e412ffba0369130210869179423e6eadc9f965765cdba
4083,2026-08-31,30.9,31.04,29.84,29.84,410824,12344698.66,,,,render_normalized,tasi_2026-08-31_2026-08-31_20260831T153022596960Z,374b46eb50c52f8fd4d5c98f4b7cf8e0c79e078fd621a4b30f58d5382471b4af
4084,2026-08-02,21.02,21.11,20.8,20.98,241058,5058299.11,,,,render_normalized,tasi_2026-07-31_2026-08-02_20260802T153020127593Z,2eb23ca39fcf0e44fa270e6e4d6a1341261e22b2abfbc789ec2875a29009248b
4084,2026-08-03,20.98,21.29,20.91,21.14,802760,16933456.1,,,,render_normalized,tasi_2026-08-03_2026-08-03_20260803T153021496139Z,4b0f0fa9c3b343cf96fecea13101ae13ad2a21806fd55533770061ac5bb0689d
4084,2026-08-04,21.24,21.39,21.04,21.22,559061,11856622.68,,,,render_normalized,tasi_2026-08-04_2026-08-04_20260804T153023696814Z,32de4882671eec0a9062962d0f5591f8e56969b134d0070652d21718d4563e66
4084,2026-08-05,21.23,21.36,20.93,20.99,684909,14476837.76,,,,render_normalized,tasi_2026-08-05_2026-08-05_20260805T153024437012Z,9fd93f225e2663ef72017465f1af6b5bb1e9f620c1b69c07a1f0fd54b850091a
4084,2026-08-06,21.0,21.1,20.78,20.88,569679,11900396.55,,,,render_normalized,tasi_2026-08-06_2026-08-06_20260806T153021501965Z,6ff377152d0ead67e84f33bc0daa618a818145aa8e2f551c9273431d88ac3851
4084,2026-08-09,20.9,20.96,20.77,20.88,334630,6989135.57,,,,render_normalized,tasi_2026-08-07_2026-08-09_20260809T153020287151Z,d7eb763bea83ef8684d027dfe3fb0fb7c951f2a9c34d7e37300eab6704449ed3
4084,2026-08-10,20.88,21.16,20.53,21.01,767830,16051865.81,,,,render_normalized,tasi_2026-08-10_2026-08-10_20260810T153020102570Z,84d11a25e4f1e5c1fd93cef767caa7b24135f07229eeaeab08169c657f7b53de
4084,2026-08-11,21.01,21.2,20.9,21.07,678107,14270348.51,,,,render_normalized,tasi_2026-08-11_2026-08-11_20260811T153022011718Z,2ca6395fd3fcc72ba670e2961883e5c743cbb0e78c08f0ae926df09c31320865
4084,2026-08-12,20.85,20.85,20.23,20.31,1155379,23552055.32,,,,render_normalized,tasi_2026-08-12_2026-08-12_20260812T153021905708Z,8862a2d01571a3c9a9cdaef7d6c4c85e805809ad63506c8d9042aff3fa53b579
4084,2026-08-13,20.36,20.4,20.28,20.32,192525,3913623.68,,,,render_normalized,tasi_2026-08-13_2026-08-13_20260813T153020777659Z,e0b6e7e97827824585b899f3f5ae2a43f595aeae92435da9a370d3df14b68b99
4084,2026-08-16,20.46,20.84,20.42,20.56,350614,7211480.86,,,,render_normalized,tasi_2026-08-14_2026-08-16_20260816T153020395457Z,5392abdf5e4a97362d33f1f6287bf2bc003c7d4bb43d28918b8aa095af9310d7
4084,2026-08-17,20.64,20.68,20.5,20.62,318795,6570502.2,,,,render_normalized,tasi_2026-08-17_2026-08-17_20260817T153022794323Z,56ab1200186f32f6bf2b699463f355510bc0a3da931f38c90816013f38a2eaf0
4084,2026-08-18,20.62,20.78,20.49,20.56,623492,12845606.14,,,,render_normalized,tasi_2026-08-18_2026-08-18_20260818T153020653358Z,1cfd844fc98ba7ee716337d459294e8e314daaa0f85480a8e110399f3a6b856d
4084,2026-08-19,20.54,20.56,20.2,20.28,741155,15092461.5,,,,render_normalized,tasi_2026-08-19_2026-08-19_20260819T153022440747Z,c9f50859d8825bb8e17dc890cb696be42681eb6c5d61b3749a33257a86f3517b
4084,2026-08-20,20.47,20.52,20.34,20.38,497560,10165408.1,,,,render_normalized,tasi_2026-08-20_2026-08-28_20260827T215758538311Z,7a00d373848e778f83c80f1777575ad48a6a4c0c192fe2e6a4123b56ae26cdee
4084,2026-08-23,20.38,20.64,20.38,20.6,316834,6520228.82,,,,render_normalized,tasi_2026-08-20_2026-08-28_20260827T215758538311Z,7a00d373848e778f83c80f1777575ad48a6a4c0c192fe2e6a4123b56ae26cdee
4084,2026-08-24,20.62,21.03,20.61,20.81,775803,16174819.11,,,,render_normalized,tasi_2026-08-20_2026-08-28_20260827T215758538311Z,7a00d373848e778f83c80f1777575ad48a6a4c0c192fe2e6a4123b56ae26cdee
4084,2026-08-25,20.83,21.01,20.79,20.99,379280,7934846.36,,,,render_normalized,tasi_2026-08-20_2026-08-28_20260827T215758538311Z,7a00d373848e778f83c80f1777575ad48a6a4c0c192fe2e6a4123b56ae26cdee
4084,2026-08-26,21.1,21.94,20.96,21.86,939127,20258666.89,,,,render_normalized,tasi_2026-08-20_2026-08-28_20260827T215758538311Z,7a00d373848e778f83c80f1777575ad48a6a4c0c192fe2e6a4123b56ae26cdee
4084,2026-08-27,22.22,22.31,21.81,22.18,791461,17529117.89,,,,render_normalized,tasi_2026-08-20_2026-08-28_20260827T215758538311Z,7a00d373848e778f83c80f1777575ad48a6a4c0c192fe2e6a4123b56ae26cdee
4084,2026-08-30,22.18,22.65,22.18,22.51,797452,17944320.35,,,,render_normalized,tasi_2026-08-29_2026-08-30_20260830T153021490619Z,40f2932d214f44ed867e412ffba0369130210869179423e6eadc9f965765cdba
4084,2026-08-31,22.5,22.71,22.29,22.54,743743,16735631.89,,,,render_normalized,tasi_2026-08-31_2026-08-31_20260831T153022596960Z,374b46eb50c52f8fd4d5c98f4b7cf8e0c79e078fd621a4b30f58d5382471b4af
4090,2026-08-02,17.83,18.09,17.8,18.0,62467,1123068.27,,,,render_normalized,tasi_2026-07-31_2026-08-02_20260802T153020127593Z,2eb23ca39fcf0e44fa270e6e4d6a1341261e22b2abfbc789ec2875a29009248b
4090,2026-08-03,18.0,18.66,17.9,18.55,179492,3292458.05,,,,render_normalized,tasi_2026-08-03_2026-08-03_20260803T153021496139Z,4b0f0fa9c3b343cf96fecea13101ae13ad2a21806fd55533770061ac5bb0689d
4090,2026-08-04,18.55,18.78,18.38,18.65,165779,3084530.13,,,,render_normalized,tasi_2026-08-04_2026-08-04_20260804T153023696814Z,32de4882671eec0a9062962d0f5591f8e56969b134d0070652d21718d4563e66
4090,2026-08-05,18.38,18.38,17.86,18.13,328038,5914014.52,,,,render_normalized,tasi_2026-08-05_2026-08-05_20260805T153024437012Z,9fd93f225e2663ef72017465f1af6b5bb1e9f620c1b69c07a1f0fd54b850091a
4090,2026-08-06,18.1,18.12,17.92,17.93,75385,1356820.04,,,,render_normalized,tasi_2026-08-06_2026-08-06_20260806T153021501965Z,6ff377152d0ead67e84f33bc0daa618a818145aa8e2f551c9273431d88ac3851
4090,2026-08-09,17.98,18.0,17.89,17.98,318942,5732289.45,,,,render_normalized,tasi_2026-08-07_2026-08-09_20260809T153020287151Z,d7eb763bea83ef8684d027dfe3fb0fb7c951f2a9c34d7e37300eab6704449ed3
4090,2026-08-10,17.89,18.06,17.7,17.9,130695,2340657.59,,,,render_normalized,tasi_2026-08-10_2026-08-10_20260810T153020102570Z,84d11a25e4f1e5c1fd93cef767caa7b24135f07229eeaeab08169c657f7b53de
4090,2026-08-11,18.0,18.0,17.7,17.7,131603,2337685.16,,,,render_normalized,tasi_2026-08-11_2026-08-11_20260811T153022011718Z,2ca6395fd3fcc72ba670e2961883e5c743cbb0e78c08f0ae926df09c31320865
4090,2026-08-12,17.66,18.02,17.6,18.02,367749,6541953.73,,,,render_normalized,tasi_2026-08-12_2026-08-12_20260812T153021905708Z,8862a2d01571a3c9a9cdaef7d6c4c85e805809ad63506c8d9042aff3fa53b579
4090,2026-08-13,18.02,18.08,17.88,17.97,80648,1447947.27,,,,render_normalized,tasi_2026-08-13_2026-08-13_20260813T153020777659Z,e0b6e7e97827824585b899f3f5ae2a43f595aeae92435da9a370d3df14b68b99
4090,2026-08-16,18.04,18.15,17.97,17.98,95126,1717275.03,,,,render_normalized,tasi_2026-08-14_2026-08-16_20260816T153020395457Z,5392abdf5e4a97362d33f1f6287bf2bc003c7d4bb43d28918b8aa095af9310d7
4090,2026-08-17,17.98,18.33,17.96,18.22,180177,3274189.78,,,,render_normalized,tasi_2026-08-17_2026-08-17_20260817T153022794323Z,56ab1200186f32f6bf2b699463f355510bc0a3da931f38c90816013f38a2eaf0
4090,2026-08-18,18.22,18.4,18.04,18.04,57490,1045741.68,,,,render_normalized,tasi_2026-08-18_2026-08-18_20260818T153020653358Z,1cfd844fc98ba7ee716337d459294e8e314daaa0f85480a8e110399f3a6b856d
4090,2026-08-19,18.04,18.64,18.04,18.34,191432,3527509.61,,,,render_normalized,tasi_2026-08-19_2026-08-19_20260819T153022440747Z,c9f50859d8825bb8e17dc890cb696be42681eb6c5d61b3749a33257a86f3517b
4090,2026-08-20,18.34,18.42,18.25,18.28,63929,1171843.83,,,,render_normalized,tasi_2026-08-20_2026-08-28_20260827T215758538311Z,7a00d373848e778f83c80f1777575ad48a6a4c0c192fe2e6a4123b56ae26cdee
4090,2026-08-23,18.28,18.5,18.28,18.35,58840,1081422.83,,,,render_normalized,tasi_2026-08-20_2026-08-28_20260827T215758538311Z,7a00d373848e778f83c80f1777575ad48a6a4c0c192fe2e6a4123b56ae26cdee
4090,2026-08-24,18.32,18.46,18.3,18.42,76222,1402043.34,,,,render_normalized,tasi_2026-08-20_2026-08-28_20260827T215758538311Z,7a00d373848e778f83c80f1777575ad48a6a4c0c192fe2e6a4123b56ae26cdee
4090,2026-08-25,18.42,18.6,18.35,18.58,122867,2269944.67,,,,render_normalized,tasi_2026-08-20_2026-08-28_20260827T215758538311Z,7a00d373848e778f83c80f1777575ad48a6a4c0c192fe2e6a4123b56ae26cdee
4090,2026-08-26,18.58,18.9,18.58,18.8,172528,3242692.69,,,,render_normalized,tasi_2026-08-20_2026-08-28_20260827T215758538311Z,7a00d373848e778f83c80f1777575ad48a6a4c0c192fe2e6a4123b56ae26cdee
4090,2026-08-27,18.8,18.98,18.72,18.74,111908,2103104.8,,,,render_normalized,tasi_2026-08-20_2026-08-28_20260827T215758538311Z,7a00d373848e778f83c80f1777575ad48a6a4c0c192fe2e6a4123b56ae26cdee
4090,2026-08-30,18.62,18.94,18.62,18.72,33631,630731.39,,,,render_normalized,tasi_2026-08-29_2026-08-30_20260830T153021490619Z,40f2932d214f44ed867e412ffba0369130210869179423e6eadc9f965765cdba
4090,2026-08-31,18.89,18.89,18.65,18.89,86300,1621004.23,,,,render_normalized,tasi_2026-08-31_2026-08-31_20260831T153022596960Z,374b46eb50c52f8fd4d5c98f4b7cf8e0c79e078fd621a4b30f58d5382471b4af
4100,2026-08-02,81.0,81.6,80.3,80.3,223816,18117395.15,,,,render_normalized,tasi_2026-07-31_2026-08-02_20260802T153020127593Z,2eb23ca39fcf0e44fa270e6e4d6a1341261e22b2abfbc789ec2875a29009248b
4100,2026-08-03,81.35,82.15,78.7,81.0,296095,23872157.15,,,,render_normalized,tasi_2026-08-03_2026-08-03_20260803T153021496139Z,4b0f0fa9c3b343cf96fecea13101ae13ad2a21806fd55533770061ac5bb0689d
4100,2026-08-04,80.6,81.8,80.0,81.0,191009,15413722.85,,,,render_normalized,tasi_2026-08-04_2026-08-04_20260804T153023696814Z,32de4882671eec0a9062962d0f5591f8e56969b134d0070652d21718d4563e66
4100,2026-08-05,80.55,81.15,80.0,80.75,131438,10596147.7,,,,render_normalized,tasi_2026-08-05_2026-08-05_20260805T153024437012Z,9fd93f225e2663ef72017465f1af6b5bb1e9f620c1b69c07a1f0fd54b850091a
4100,2026-08-06,80.7,84.95,80.55,81.3,340659,28160451.0,,,,render_normalized,tasi_2026-08-06_2026-08-06_20260806T153021501965Z,6ff377152d0ead67e84f33bc0daa618a818145aa8e2f551c9273431d88ac3851
4100,2026-08-09,81.3,81.3,78.8,79.35,118083,9432594.45,,,,render_normalized,tasi_2026-08-07_2026-08-09_20260809T153020287151Z,d7eb763bea83ef8684d027dfe3fb0fb7c951f2a9c34d7e37300eab6704449ed3
4100,2026-08-10,79.4,80.35,78.0,78.25,209941,16549851.05,,,,render_normalized,tasi_2026-08-10_2026-08-10_20260810T153020102570Z,84d11a25e4f1e5c1fd93cef767caa7b24135f07229eeaeab08169c657f7b53de
4100,2026-08-11,78.25,78.9,77.0,77.45,448432,34808497.35,,,,render_normalized,tasi_2026-08-11_2026-08-11_20260811T153022011718Z,2ca6395fd3fcc72ba670e2961883e5c743cbb0e78c08f0ae926df09c31320865
4100,2026-08-12,77.5,78.45,77.5,78.1,408753,31872758.75,,,,render_normalized,tasi_2026-08-12_2026-08-12_20260812T153021905708Z,8862a2d01571a3c9a9cdaef7d6c4c85e805809ad63506c8d9042aff3fa53b579
4100,2026-08-13,78.1,79.75,77.9,78.45,139182,10987877.05,,,,render_normalized,tasi_2026-08-13_2026-08-13_20260813T153020777659Z,e0b6e7e97827824585b899f3f5ae2a43f595aeae92435da9a370d3df14b68b99
4100,2026-08-16,78.55,79.4,77.7,78.1,55799,4364706.9,,,,render_normalized,tasi_2026-08-14_2026-08-16_20260816T153020395457Z,5392abdf5e4a97362d33f1f6287bf2bc003c7d4bb43d28918b8aa095af9310d7
4100,2026-08-17,78.5,78.55,77.35,78.05,123308,9583180.75,,,,render_normalized,tasi_2026-08-17_2026-08-17_20260817T153022794323Z,56ab1200186f32f6bf2b699463f355510bc0a3da931f38c90816013f38a2eaf0
4100,2026-08-18,77.55,78.2,76.9,77.0,209435,16173401.25,,,,render_normalized,tasi_2026-08-18_2026-08-18_20260818T153020653358Z,1cfd844fc98ba7ee716337d459294e8e314daaa0f85480a8e110399f3a6b856d
4100,2026-08-19,77.0,78.5,77.0,78.2,336714,26188262.65,,,,render_normalized,tasi_2026-08-19_2026-08-19_20260819T153022440747Z,c9f50859d8825bb8e17dc890cb696be42681eb6c5d61b3749a33257a86f3517b
4100,2026-08-20,78.3,80.25,78.0,79.5,196840,15585575.95,,,,render_normalized,tasi_2026-08-20_2026-08-28_20260827T215758538311Z,7a00d373848e778f83c80f1777575ad48a6a4c0c192fe2e6a4123b56ae26cdee
4100,2026-08-23,79.2,80.0,79.0,80.0,161675,12864381.25,,,,render_normalized,tasi_2026-08-20_2026-08-28_20260827T215758538311Z,7a00d373848e778f83c80f1777575ad48a6a4c0c192fe2e6a4123b56ae26cdee
4100,2026-08-24,80.1,82.0,79.9,82.0,204325,16614662.75,,,,render_normalized,tasi_2026-08-20_2026-08-28_20260827T215758538311Z,7a00d373848e778f83c80f1777575ad48a6a4c0c192fe2e6a4123b56ae26cdee
4100,2026-08-25,82.0,83.3,81.55,83.1,146386,12100639.95,,,,render_normalized,tasi_2026-08-20_2026-08-28_20260827T215758538311Z,7a00d373848e778f83c80f1777575ad48a6a4c0c192fe2e6a4123b56ae26cdee
4100,2026-08-26,83.0,83.85,82.6,83.2,112558,9392661.15,,,,render_normalized,tasi_2026-08-20_2026-08-28_20260827T215758538311Z,7a00d373848e778f83c80f1777575ad48a6a4c0c192fe2e6a4123b56ae26cdee
4100,2026-08-27,83.85,83.95,82.5,82.8,64297,5342699.25,,,,render_normalized,tasi_2026-08-20_2026-08-28_20260827T215758538311Z,7a00d373848e778f83c80f1777575ad48a6a4c0c192fe2e6a4123b56ae26cdee
4100,2026-08-30,82.8,83.0,81.5,82.35,33017,2712294.1,,,,render_normalized,tasi_2026-08-29_2026-08-30_20260830T153021490619Z,40f2932d214f44ed867e412ffba0369130210869179423e6eadc9f965765cdba
4100,2026-08-31,82.0,83.0,82.0,82.95,316984,26259952.45,,,,render_normalized,tasi_2026-08-31_2026-08-31_20260831T153022596960Z,374b46eb50c52f8fd4d5c98f4b7cf8e0c79e078fd621a4b30f58d5382471b4af
4110,2026-08-02,2.02,2.06,2.01,2.03,4701521,9567605.02,,,,render_normalized,tasi_2026-07-31_2026-08-02_20260802T153020127593Z,2eb23ca39fcf0e44fa270e6e4d6a1341261e22b2abfbc789ec2875a29009248b
4110,2026-08-03,2.04,2.1,2.03,2.09,5898031,12212285.1,,,,render_normalized,tasi_2026-08-03_2026-08-03_20260803T153021496139Z,4b0f0fa9c3b343cf96fecea13101ae13ad2a21806fd55533770061ac5bb0689d
4110,2026-08-04,2.08,2.1,2.07,2.09,4315200,8997549.23,,,,render_normalized,tasi_2026-08-04_2026-08-04_20260804T153023696814Z,32de4882671eec0a9062962d0f5591f8e56969b134d0070652d21718d4563e66
4110,2026-08-05,2.09,2.1,2.08,2.09,4589225,9580215.99,,,,render_normalized,tasi_2026-08-05_2026-08-05_20260805T153024437012Z,9fd93f225e2663ef72017465f1af6b5bb1e9f620c1b69c07a1f0fd54b850091a
4110,2026-08-06,2.09,2.09,2.07,2.07,1995686,4151332.42,,,,render_normalized,tasi_2026-08-06_2026-08-06_20260806T153021501965Z,6ff377152d0ead67e84f33bc0daa618a818145aa8e2f551c9273431d88ac3851
4110,2026-08-09,2.07,2.09,2.06,2.06,1631070,3382356.47,,,,render_normalized,tasi_2026-08-07_2026-08-09_20260809T153020287151Z,d7eb763bea83ef8684d027dfe3fb0fb7c951f2a9c34d7e37300eab6704449ed3
4110,2026-08-10,2.07,2.08,2.03,2.04,4489237,9189690.31,,,,render_normalized,tasi_2026-08-10_2026-08-10_20260810T153020102570Z,84d11a25e4f1e5c1fd93cef767caa7b24135f07229eeaeab08169c657f7b53de
4110,2026-08-11,2.05,2.06,2.02,2.03,5017797,10212247.57,,,,render_normalized,tasi_2026-08-11_2026-08-11_20260811T153022011718Z,2ca6395fd3fcc72ba670e2961883e5c743cbb0e78c08f0ae926df09c31320865
4110,2026-08-12,2.03,2.05,2.01,2.04,5911618,11968883.18,,,,render_normalized,tasi_2026-08-12_2026-08-12_20260812T153021905708Z,8862a2d01571a3c9a9cdaef7d6c4c85e805809ad63506c8d9042aff3fa53b579
4110,2026-08-13,2.05,2.05,2.02,2.02,2322732,4710220.5,,,,render_normalized,tasi_2026-08-13_2026-08-13_20260813T153020777659Z,e0b6e7e97827824585b899f3f5ae2a43f595aeae92435da9a370d3df14b68b99
4110,2026-08-16,2.03,2.06,2.03,2.03,2408060,4917053.44,,,,render_normalized,tasi_2026-08-14_2026-08-16_20260816T153020395457Z,5392abdf5e4a97362d33f1f6287bf2bc003c7d4bb43d28918b8aa095af9310d7
4110,2026-08-17,2.04,2.04,2.01,2.02,4310282,8722565.82,,,,render_normalized,tasi_2026-08-17_2026-08-17_20260817T153022794323Z,56ab1200186f32f6bf2b699463f355510bc0a3da931f38c90816013f38a2eaf0
4110,2026-08-18,2.02,2.03,2.01,2.02,2632016,5309150.44,,,,render_normalized,tasi_2026-08-18_2026-08-18_20260818T153020653358Z,1cfd844fc98ba7ee716337d459294e8e314daaa0f85480a8e110399f3a6b856d
4110,2026-08-19,2.02,2.03,2.0,2.01,2760015,5551059.54,,,,render_normalized,tasi_2026-08-19_2026-08-19_20260819T153022440747Z,c9f50859d8825bb8e17dc890cb696be42681eb6c5d61b3749a33257a86f3517b
4110,2026-08-20,2.01,2.04,2.01,2.03,4304159,8717920.51,,,,render_normalized,tasi_2026-08-20_2026-08-28_20260827T215758538311Z,7a00d373848e778f83c80f1777575ad48a6a4c0c192fe2e6a4123b56ae26cdee
4110,2026-08-23,2.03,2.07,2.03,2.04,12318405,25174727.33,,,,render_normalized,tasi_2026-08-20_2026-08-28_20260827T215758538311Z,7a00d373848e778f83c80f1777575ad48a6a4c0c192fe2e6a4123b56ae26cdee
4110,2026-08-24,2.04,2.06,2.03,2.04,7195928,14718686.01,,,,render_normalized,tasi_2026-08-20_2026-08-28_20260827T215758538311Z,7a00d373848e778f83c80f1777575ad48a6a4c0c192fe2e6a4123b56ae26cdee
4110,2026-08-25,2.05,2.06,2.03,2.04,12972086,26526786.66,,,,render_normalized,tasi_2026-08-20_2026-08-28_20260827T215758538311Z,7a00d373848e778f83c80f1777575ad48a6a4c0c192fe2e6a4123b56ae26cdee
4110,2026-08-26,2.04,2.05,2.02,2.04,9468056,19203061.78,,,,render_normalized,tasi_2026-08-20_2026-08-28_20260827T215758538311Z,7a00d373848e778f83c80f1777575ad48a6a4c0c192fe2e6a4123b56ae26cdee
4110,2026-08-27,2.03,2.05,2.02,2.03,6381554,12980072.22,,,,render_normalized,tasi_2026-08-20_2026-08-28_20260827T215758538311Z,7a00d373848e778f83c80f1777575ad48a6a4c0c192fe2e6a4123b56ae26cdee
4110,2026-08-30,2.04,2.05,2.02,2.04,5365264,10914864.9,,,,render_normalized,tasi_2026-08-29_2026-08-30_20260830T153021490619Z,40f2932d214f44ed867e412ffba0369130210869179423e6eadc9f965765cdba
4110,2026-08-31,2.04,2.05,2.01,2.02,7479700,15188546.31,,,,render_normalized,tasi_2026-08-31_2026-08-31_20260831T153022596960Z,374b46eb50c52f8fd4d5c98f4b7cf8e0c79e078fd621a4b30f58d5382471b4af
4130,2026-08-02,2.18,2.2,2.18,2.19,3585009,7851829.05,,,,render_normalized,tasi_2026-07-31_2026-08-02_20260802T153020127593Z,2eb23ca39fcf0e44fa270e6e4d6a1341261e22b2abfbc789ec2875a29009248b
4130,2026-08-03,2.19,2.31,2.19,2.28,14683633,33341921.78,,,,render_normalized,tasi_2026-08-03_2026-08-03_20260803T153021496139Z,4b0f0fa9c3b343cf96fecea13101ae13ad2a21806fd55533770061ac5bb0689d
4130,2026-08-04,2.28,2.35,2.27,2.3,8985031,20769835.55,,,,render_normalized,tasi_2026-08-04_2026-08-04_20260804T153023696814Z,32de4882671eec0a9062962d0f5591f8e56969b134d0070652d21718d4563e66
4130,2026-08-05,2.3,2.34,2.3,2.3,5979411,13845893.18,,,,render_normalized,tasi_2026-08-05_2026-08-05_20260805T153024437012Z,9fd93f225e2663ef72017465f1af6b5bb1e9f620c1b69c07a1f0fd54b850091a
4130,2026-08-06,2.31,2.34,2.29,2.31,3945373,9089058.68,,,,render_normalized,tasi_2026-08-06_2026-08-06_20260806T153021501965Z,6ff377152d0ead67e84f33bc0daa618a818145aa8e2f551c9273431d88ac3851
4130,2026-08-09,2.3,2.4,2.23,2.25,12809775,29788304.58,,,,render_normalized,tasi_2026-08-07_2026-08-09_20260809T153020287151Z,d7eb763bea83ef8684d027dfe3fb0fb7c951f2a9c34d7e37300eab6704449ed3
4130,2026-08-10,2.26,2.28,2.21,2.24,5303666,11892554.93,,,,render_normalized,tasi_2026-08-10_2026-08-10_20260810T153020102570Z,84d11a25e4f1e5c1fd93cef767caa7b24135f07229eeaeab08169c657f7b53de
4130,2026-08-11,2.24,2.27,2.21,2.23,3636441,8139136.39,,,,render_normalized,tasi_2026-08-11_2026-08-11_20260811T153022011718Z,2ca6395fd3fcc72ba670e2961883e5c743cbb0e78c08f0ae926df09c31320865
4130,2026-08-12,2.23,2.25,2.21,2.23,4082553,9091964.74,,,,render_normalized,tasi_2026-08-12_2026-08-12_20260812T153021905708Z,8862a2d01571a3c9a9cdaef7d6c4c85e805809ad63506c8d9042aff3fa53b579
4130,2026-08-13,2.24,2.24,2.21,2.22,2482641,5515317.47,,,,render_normalized,tasi_2026-08-13_2026-08-13_20260813T153020777659Z,e0b6e7e97827824585b899f3f5ae2a43f595aeae92435da9a370d3df14b68b99
4130,2026-08-16,2.24,2.26,2.21,2.23,4519297,10112409.74,,,,render_normalized,tasi_2026-08-14_2026-08-16_20260816T153020395457Z,5392abdf5e4a97362d33f1f6287bf2bc003c7d4bb43d28918b8aa095af9310d7
4130,2026-08-17,2.23,2.23,2.18,2.19,3480809,7656880.72,,,,render_normalized,tasi_2026-08-17_2026-08-17_20260817T153022794323Z,56ab1200186f32f6bf2b699463f355510bc0a3da931f38c90816013f38a2eaf0
4130,2026-08-18,2.19,2.19,2.16,2.18,2479125,5393015.3,,,,render_normalized,tasi_2026-08-18_2026-08-18_20260818T153020653358Z,1cfd844fc98ba7ee716337d459294e8e314daaa0f85480a8e110399f3a6b856d
4130,2026-08-19,2.17,2.18,2.16,2.16,1713429,3709322.06,,,,render_normalized,tasi_2026-08-19_2026-08-19_20260819T153022440747Z,c9f50859d8825bb8e17dc890cb696be42681eb6c5d61b3749a33257a86f3517b
4130,2026-08-20,2.16,2.18,2.16,2.18,1105920,2401622.6,,,,render_normalized,tasi_2026-08-20_2026-08-28_20260827T215758538311Z,7a00d373848e778f83c80f1777575ad48a6a4c0c192fe2e6a4123b56ae26cdee
4130,2026-08-23,2.18,2.2,2.17,2.18,1568612,3429445.84,,,,render_normalized,tasi_2026-08-20_2026-08-28_20260827T215758538311Z,7a00d373848e778f83c80f1777575ad48a6a4c0c192fe2e6a4123b56ae26cdee
4130,2026-08-24,2.19,2.21,2.18,2.18,2238051,4904801.28,,,,render_normalized,tasi_2026-08-20_2026-08-28_20260827T215758538311Z,7a00d373848e778f83c80f1777575ad48a6a4c0c192fe2e6a4123b56ae26cdee
4130,2026-08-25,2.19,2.23,2.16,2.18,5704677,12516067.67,,,,render_normalized,tasi_2026-08-20_2026-08-28_20260827T215758538311Z,7a00d373848e778f83c80f1777575ad48a6a4c0c192fe2e6a4123b56ae26cdee
4130,2026-08-26,2.19,2.21,2.18,2.19,3363822,7385607.86,,,,render_normalized,tasi_2026-08-20_2026-08-28_20260827T215758538311Z,7a00d373848e778f83c80f1777575ad48a6a4c0c192fe2e6a4123b56ae26cdee
4130,2026-08-27,2.19,2.2,2.18,2.2,1394382,3058230.85,,,,render_normalized,tasi_2026-08-20_2026-08-28_20260827T215758538311Z,7a00d373848e778f83c80f1777575ad48a6a4c0c192fe2e6a4123b56ae26cdee
4130,2026-08-30,2.19,2.25,2.19,2.24,4718131,10461387.84,,,,render_normalized,tasi_2026-08-29_2026-08-30_20260830T153021490619Z,40f2932d214f44ed867e412ffba0369130210869179423e6eadc9f965765cdba
4130,2026-08-31,2.24,2.36,2.22,2.25,29770684,68067750.05,,,,render_normalized,tasi_2026-08-31_2026-08-31_20260831T153022596960Z,374b46eb50c52f8fd4d5c98f4b7cf8e0c79e078fd621a4b30f58d5382471b4af
4140,2026-08-02,2.31,2.34,2.3,2.32,1851784,4299347.82,,,,render_normalized,tasi_2026-07-31_2026-08-02_20260802T153020127593Z,2eb23ca39fcf0e44fa270e6e4d6a1341261e22b2abfbc789ec2875a29009248b
4140,2026-08-03,2.32,2.55,2.32,2.52,16880124,42034203.53,,,,render_normalized,tasi_2026-08-03_2026-08-03_20260803T153021496139Z,4b0f0fa9c3b343cf96fecea13101ae13ad2a21806fd55533770061ac5bb0689d
4140,2026-08-04,2.51,2.6,2.46,2.49,11156490,28149385.78,,,,render_normalized,tasi_2026-08-04_2026-08-04_20260804T153023696814Z,32de4882671eec0a9062962d0f5591f8e56969b134d0070652d21718d4563e66
4140,2026-08-05,2.5,2.57,2.41,2.43,8283908,20629440.51,,,,render_normalized,tasi_2026-08-05_2026-08-05_20260805T153024437012Z,9fd93f225e2663ef72017465f1af6b5bb1e9f620c1b69c07a1f0fd54b850091a
4140,2026-08-06,2.43,2.52,2.42,2.48,4052063,10024697.89,,,,render_normalized,tasi_2026-08-06_2026-08-06_20260806T153021501965Z,6ff377152d0ead67e84f33bc0daa618a818145aa8e2f551c9273431d88ac3851
4140,2026-08-09,2.46,2.5,2.41,2.42,1657419,4063868.03,,,,render_normalized,tasi_2026-08-07_2026-08-09_20260809T153020287151Z,d7eb763bea83ef8684d027dfe3fb0fb7c951f2a9c34d7e37300eab6704449ed3
4140,2026-08-10,2.42,2.42,2.34,2.35,2432475,5778173.3,,,,render_normalized,tasi_2026-08-10_2026-08-10_20260810T153020102570Z,84d11a25e4f1e5c1fd93cef767caa7b24135f07229eeaeab08169c657f7b53de
4140,2026-08-11,2.35,2.38,2.33,2.35,1289834,3038696.4,,,,render_normalized,tasi_2026-08-11_2026-08-11_20260811T153022011718Z,2ca6395fd3fcc72ba670e2961883e5c743cbb0e78c08f0ae926df09c31320865
4140,2026-08-12,2.35,2.4,2.34,2.37,1692401,4013629.35,,,,render_normalized,tasi_2026-08-12_2026-08-12_20260812T153021905708Z,8862a2d01571a3c9a9cdaef7d6c4c85e805809ad63506c8d9042aff3fa53b579
4140,2026-08-13,2.37,2.41,2.35,2.35,1530346,3631235.89,,,,render_normalized,tasi_2026-08-13_2026-08-13_20260813T153020777659Z,e0b6e7e97827824585b899f3f5ae2a43f595aeae92435da9a370d3df14b68b99
4140,2026-08-16,2.41,2.41,2.33,2.34,1764764,4169975.21,,,,render_normalized,tasi_2026-08-14_2026-08-16_20260816T153020395457Z,5392abdf5e4a97362d33f1f6287bf2bc003c7d4bb43d28918b8aa095af9310d7
4140,2026-08-17,2.34,2.35,2.32,2.34,843837,1970744.36,,,,render_normalized,tasi_2026-08-17_2026-08-17_20260817T153022794323Z,56ab1200186f32f6bf2b699463f355510bc0a3da931f38c90816013f38a2eaf0
4140,2026-08-18,2.33,2.35,2.31,2.32,1384642,3218693.03,,,,render_normalized,tasi_2026-08-18_2026-08-18_20260818T153020653358Z,1cfd844fc98ba7ee716337d459294e8e314daaa0f85480a8e110399f3a6b856d
4140,2026-08-19,2.33,2.33,2.27,2.29,3080968,7078503.33,,,,render_normalized,tasi_2026-08-19_2026-08-19_20260819T153022440747Z,c9f50859d8825bb8e17dc890cb696be42681eb6c5d61b3749a33257a86f3517b
4140,2026-08-20,2.3,2.33,2.3,2.32,1318387,3051466.51,,,,render_normalized,tasi_2026-08-20_2026-08-28_20260827T215758538311Z,7a00d373848e778f83c80f1777575ad48a6a4c0c192fe2e6a4123b56ae26cdee
4140,2026-08-23,2.32,2.35,2.31,2.32,1159654,2704674.98,,,,render_normalized,tasi_2026-08-20_2026-08-28_20260827T215758538311Z,7a00d373848e778f83c80f1777575ad48a6a4c0c192fe2e6a4123b56ae26cdee
4140,2026-08-24,2.33,2.35,2.31,2.31,1204310,2798019.83,,,,render_normalized,tasi_2026-08-20_2026-08-28_20260827T215758538311Z,7a00d373848e778f83c80f1777575ad48a6a4c0c192fe2e6a4123b56ae26cdee
4140,2026-08-25,2.32,2.33,2.29,2.31,2422649,5586959.02,,,,render_normalized,tasi_2026-08-20_2026-08-28_20260827T215758538311Z,7a00d373848e778f83c80f1777575ad48a6a4c0c192fe2e6a4123b56ae26cdee
4140,2026-08-26,2.32,2.32,2.27,2.3,3244322,7421136.36,,,,render_normalized,tasi_2026-08-20_2026-08-28_20260827T215758538311Z,7a00d373848e778f83c80f1777575ad48a6a4c0c192fe2e6a4123b56ae26cdee
4140,2026-08-27,2.28,2.33,2.27,2.3,2727290,6268415.22,,,,render_normalized,tasi_2026-08-20_2026-08-28_20260827T215758538311Z,7a00d373848e778f83c80f1777575ad48a6a4c0c192fe2e6a4123b56ae26cdee
4140,2026-08-30,2.32,2.32,2.29,2.31,1424845,3282343.66,,,,render_normalized,tasi_2026-08-29_2026-08-30_20260830T153021490619Z,40f2932d214f44ed867e412ffba0369130210869179423e6eadc9f965765cdba
4140,2026-08-31,2.3,2.32,2.29,2.29,2050727,4722451.78,,,,render_normalized,tasi_2026-08-31_2026-08-31_20260831T153022596960Z,374b46eb50c52f8fd4d5c98f4b7cf8e0c79e078fd621a4b30f58d5382471b4af
4141,2026-08-02,19.99,20.2,19.82,19.93,34963,697524.17,,,,render_normalized,tasi_2026-07-31_2026-08-02_20260802T153020127593Z,2eb23ca39fcf0e44fa270e6e4d6a1341261e22b2abfbc789ec2875a29009248b
4141,2026-08-03,19.96,20.22,19.85,20.14,46310,931789.45,,,,render_normalized,tasi_2026-08-03_2026-08-03_20260803T153021496139Z,4b0f0fa9c3b343cf96fecea13101ae13ad2a21806fd55533770061ac5bb0689d
4141,2026-08-04,20.14,20.68,20.14,20.53,44173,904032.33,,,,render_normalized,tasi_2026-08-04_2026-08-04_20260804T153023696814Z,32de4882671eec0a9062962d0f5591f8e56969b134d0070652d21718d4563e66
4141,2026-08-05,20.53,20.74,20.53,20.62,19595,404651.52,,,,render_normalized,tasi_2026-08-05_2026-08-05_20260805T153024437012Z,9fd93f225e2663ef72017465f1af6b5bb1e9f620c1b69c07a1f0fd54b850091a
4141,2026-08-06,20.87,20.87,20.36,20.4,23664,483528.13,,,,render_normalized,tasi_2026-08-06_2026-08-06_20260806T153021501965Z,6ff377152d0ead67e84f33bc0daa618a818145aa8e2f551c9273431d88ac3851
4141,2026-08-09,20.5,20.58,20.0,20.29,41550,840712.63,,,,render_normalized,tasi_2026-08-07_2026-08-09_20260809T153020287151Z,d7eb763bea83ef8684d027dfe3fb0fb7c951f2a9c34d7e37300eab6704449ed3
4141,2026-08-10,20.27,20.88,20.16,20.59,25233,518084.79,,,,render_normalized,tasi_2026-08-10_2026-08-10_20260810T153020102570Z,84d11a25e4f1e5c1fd93cef767caa7b24135f07229eeaeab08169c657f7b53de
4141,2026-08-11,20.76,20.95,20.45,20.74,30180,626663.82,,,,render_normalized,tasi_2026-08-11_2026-08-11_20260811T153022011718Z,2ca6395fd3fcc72ba670e2961883e5c743cbb0e78c08f0ae926df09c31320865
4141,2026-08-13,20.3,20.69,20.04,20.04,27494,555465.92,,,,render_normalized,tasi_2026-08-13_2026-08-13_20260813T153020777659Z,e0b6e7e97827824585b899f3f5ae2a43f595aeae92435da9a370d3df14b68b99
4141,2026-08-16,20.0,20.5,20.0,20.14,28157,567371.92,,,,render_normalized,tasi_2026-08-14_2026-08-16_20260816T153020395457Z,5392abdf5e4a97362d33f1f6287bf2bc003c7d4bb43d28918b8aa095af9310d7
4141,2026-08-17,19.74,20.13,19.31,19.5,114943,2247165.72,,,,render_normalized,tasi_2026-08-17_2026-08-17_20260817T153022794323Z,56ab1200186f32f6bf2b699463f355510bc0a3da931f38c90816013f38a2eaf0
4141,2026-08-18,19.5,19.54,18.91,19.08,71136,1360795.26,,,,render_normalized,tasi_2026-08-18_2026-08-18_20260818T153020653358Z,1cfd844fc98ba7ee716337d459294e8e314daaa0f85480a8e110399f3a6b856d
4141,2026-08-19,19.1,19.39,18.91,19.06,19549,373540.63,,,,render_normalized,tasi_2026-08-19_2026-08-19_20260819T153022440747Z,c9f50859d8825bb8e17dc890cb696be42681eb6c5d61b3749a33257a86f3517b
4141,2026-08-20,19.0,19.5,19.0,19.35,33558,647627.82,,,,render_normalized,tasi_2026-08-20_2026-08-28_20260827T215758538311Z,7a00d373848e778f83c80f1777575ad48a6a4c0c192fe2e6a4123b56ae26cdee
4141,2026-08-23,19.35,19.75,19.35,19.68,43648,852321.58,,,,render_normalized,tasi_2026-08-20_2026-08-28_20260827T215758538311Z,7a00d373848e778f83c80f1777575ad48a6a4c0c192fe2e6a4123b56ae26cdee
4141,2026-08-24,19.95,20.39,19.7,19.88,124005,2466436.16,,,,render_normalized,tasi_2026-08-20_2026-08-28_20260827T215758538311Z,7a00d373848e778f83c80f1777575ad48a6a4c0c192fe2e6a4123b56ae26cdee
4141,2026-08-25,19.88,20.4,19.76,20.23,100694,2033076.67,,,,render_normalized,tasi_2026-08-20_2026-08-28_20260827T215758538311Z,7a00d373848e778f83c80f1777575ad48a6a4c0c192fe2e6a4123b56ae26cdee
4141,2026-08-26,20.21,20.42,20.15,20.41,38804,786290.44,,,,render_normalized,tasi_2026-08-20_2026-08-28_20260827T215758538311Z,7a00d373848e778f83c80f1777575ad48a6a4c0c192fe2e6a4123b56ae26cdee
4141,2026-08-27,20.41,20.49,20.26,20.28,30460,620663.15,,,,render_normalized,tasi_2026-08-20_2026-08-28_20260827T215758538311Z,7a00d373848e778f83c80f1777575ad48a6a4c0c192fe2e6a4123b56ae26cdee
4141,2026-08-30,20.3,20.4,20.2,20.23,28548,578487.17,,,,render_normalized,tasi_2026-08-29_2026-08-30_20260830T153021490619Z,40f2932d214f44ed867e412ffba0369130210869179423e6eadc9f965765cdba
4141,2026-08-31,20.17,20.44,20.1,20.16,42791,866180.89,,,,render_normalized,tasi_2026-08-31_2026-08-31_20260831T153022596960Z,374b46eb50c52f8fd4d5c98f4b7cf8e0c79e078fd621a4b30f58d5382471b4af
4142,2026-08-02,99.9,103.8,99.9,100.5,169408,17289244.1,,,,render_normalized,tasi_2026-07-31_2026-08-02_20260802T153020127593Z,2eb23ca39fcf0e44fa270e6e4d6a1341261e22b2abfbc789ec2875a29009248b
4142,2026-08-03,102.0,103.4,100.6,102.7,282087,28804911.9,,,,render_normalized,tasi_2026-08-03_2026-08-03_20260803T153021496139Z,4b0f0fa9c3b343cf96fecea13101ae13ad2a21806fd55533770061ac5bb0689d
4142,2026-08-04,102.8,105.3,102.2,104.3,307275,31970005.6,,,,render_normalized,tasi_2026-08-04_2026-08-04_20260804T153023696814Z,32de4882671eec0a9062962d0f5591f8e56969b134d0070652d21718d4563e66
4142,2026-08-05,105.0,107.7,103.7,107.5,547519,58056046.8,,,,render_normalized,tasi_2026-08-05_2026-08-05_20260805T153024437012Z,9fd93f225e2663ef72017465f1af6b5bb1e9f620c1b69c07a1f0fd54b850091a
4142,2026-08-06,108.0,109.2,106.4,108.8,462867,50001268.4,,,,render_normalized,tasi_2026-08-06_2026-08-06_20260806T153021501965Z,6ff377152d0ead67e84f33bc0daa618a818145aa8e2f551c9273431d88ac3851
4142,2026-08-09,108.9,110.4,107.7,107.7,315630,34318099.7,,,,render_normalized,tasi_2026-08-07_2026-08-09_20260809T153020287151Z,d7eb763bea83ef8684d027dfe3fb0fb7c951f2a9c34d7e37300eab6704449ed3
4142,2026-08-10,107.9,108.0,105.8,107.0,403982,43136022.5,,,,render_normalized,tasi_2026-08-10_2026-08-10_20260810T153020102570Z,84d11a25e4f1e5c1fd93cef767caa7b24135f07229eeaeab08169c657f7b53de
4142,2026-08-11,106.1,109.1,105.6,108.6,353433,38046692.0,,,,render_normalized,tasi_2026-08-11_2026-08-11_20260811T153022011718Z,2ca6395fd3fcc72ba670e2961883e5c743cbb0e78c08f0ae926df09c31320865
4142,2026-08-12,107.8,109.8,105.9,106.3,300302,32169326.5,,,,render_normalized,tasi_2026-08-12_2026-08-12_20260812T153021905708Z,8862a2d01571a3c9a9cdaef7d6c4c85e805809ad63506c8d9042aff3fa53b579
4142,2026-08-13,106.5,108.4,106.0,107.4,155080,16639465.6,,,,render_normalized,tasi_2026-08-13_2026-08-13_20260813T153020777659Z,e0b6e7e97827824585b899f3f5ae2a43f595aeae92435da9a370d3df14b68b99
4142,2026-08-16,108.0,109.4,107.8,108.7,165783,17968593.5,,,,render_normalized,tasi_2026-08-14_2026-08-16_20260816T153020395457Z,5392abdf5e4a97362d33f1f6287bf2bc003c7d4bb43d28918b8aa095af9310d7
4142,2026-08-17,108.8,108.8,106.3,106.3,111420,11976412.6,,,,render_normalized,tasi_2026-08-17_2026-08-17_20260817T153022794323Z,56ab1200186f32f6bf2b699463f355510bc0a3da931f38c90816013f38a2eaf0
4142,2026-08-18,106.4,107.6,104.4,104.9,320533,33896403.6,,,,render_normalized,tasi_2026-08-18_2026-08-18_20260818T153020653358Z,1cfd844fc98ba7ee716337d459294e8e314daaa0f85480a8e110399f3a6b856d
4142,2026-08-19,104.9,105.7,104.6,105.2,100584,10578092.5,,,,render_normalized,tasi_2026-08-19_2026-08-19_20260819T153022440747Z,c9f50859d8825bb8e17dc890cb696be42681eb6c5d61b3749a33257a86f3517b
4142,2026-08-20,105.0,105.7,104.2,105.7,180001,18918410.0,,,,render_normalized,tasi_2026-08-20_2026-08-28_20260827T215758538311Z,7a00d373848e778f83c80f1777575ad48a6a4c0c192fe2e6a4123b56ae26cdee
4142,2026-08-23,106.0,108.0,106.0,107.4,132473,14238335.1,,,,render_normalized,tasi_2026-08-20_2026-08-28_20260827T215758538311Z,7a00d373848e778f83c80f1777575ad48a6a4c0c192fe2e6a4123b56ae26cdee
4142,2026-08-24,107.6,110.1,107.4,108.7,372841,40699695.0,,,,render_normalized,tasi_2026-08-20_2026-08-28_20260827T215758538311Z,7a00d373848e778f83c80f1777575ad48a6a4c0c192fe2e6a4123b56ae26cdee
4142,2026-08-25,108.7,110.0,108.3,108.5,205259,22367694.3,,,,render_normalized,tasi_2026-08-20_2026-08-28_20260827T215758538311Z,7a00d373848e778f83c80f1777575ad48a6a4c0c192fe2e6a4123b56ae26cdee
4142,2026-08-26,108.5,108.5,105.8,106.0,203923,21748125.3,,,,render_normalized,tasi_2026-08-20_2026-08-28_20260827T215758538311Z,7a00d373848e778f83c80f1777575ad48a6a4c0c192fe2e6a4123b56ae26cdee
4142,2026-08-27,106.1,107.6,105.7,107.0,109709,11733053.6,,,,render_normalized,tasi_2026-08-20_2026-08-28_20260827T215758538311Z,7a00d373848e778f83c80f1777575ad48a6a4c0c192fe2e6a4123b56ae26cdee
4142,2026-08-30,107.5,107.7,106.0,106.3,72647,7742431.2,,,,render_normalized,tasi_2026-08-29_2026-08-30_20260830T153021490619Z,40f2932d214f44ed867e412ffba0369130210869179423e6eadc9f965765cdba
4142,2026-08-31,106.5,107.0,105.4,105.6,135626,14379442.1,,,,render_normalized,tasi_2026-08-31_2026-08-31_20260831T153022596960Z,374b46eb50c52f8fd4d5c98f4b7cf8e0c79e078fd621a4b30f58d5382471b4af
4143,2026-08-02,33.02,33.32,32.8,33.08,81568,2697225.44,,,,render_normalized,tasi_2026-07-31_2026-08-02_20260802T153020127593Z,2eb23ca39fcf0e44fa270e6e4d6a1341261e22b2abfbc789ec2875a29009248b
4143,2026-08-03,33.1,33.58,33.04,33.3,66402,2214072.08,,,,render_normalized,tasi_2026-08-03_2026-08-03_20260803T153021496139Z,4b0f0fa9c3b343cf96fecea13101ae13ad2a21806fd55533770061ac5bb0689d
4143,2026-08-04,33.3,33.66,33.3,33.4,40188,1343946.28,,,,render_normalized,tasi_2026-08-04_2026-08-04_20260804T153023696814Z,32de4882671eec0a9062962d0f5591f8e56969b134d0070652d21718d4563e66
4143,2026-08-05,33.42,34.12,33.42,34.0,79217,2687681.24,,,,render_normalized,tasi_2026-08-05_2026-08-05_20260805T153024437012Z,9fd93f225e2663ef72017465f1af6b5bb1e9f620c1b69c07a1f0fd54b850091a
4143,2026-08-06,34.2,34.4,33.76,33.76,62407,2130857.68,,,,render_normalized,tasi_2026-08-06_2026-08-06_20260806T153021501965Z,6ff377152d0ead67e84f33bc0daa618a818145aa8e2f551c9273431d88ac3851
4143,2026-08-09,33.36,33.92,33.3,33.86,25244,849134.74,,,,render_normalized,tasi_2026-08-07_2026-08-09_20260809T153020287151Z,d7eb763bea83ef8684d027dfe3fb0fb7c951f2a9c34d7e37300eab6704449ed3
4143,2026-08-10,33.84,35.0,33.8,34.42,125667,4351948.0,,,,render_normalized,tasi_2026-08-10_2026-08-10_20260810T153020102570Z,84d11a25e4f1e5c1fd93cef767caa7b24135f07229eeaeab08169c657f7b53de
4143,2026-08-11,35.0,35.2,34.42,34.62,52268,1816419.62,,,,render_normalized,tasi_2026-08-11_2026-08-11_20260811T153022011718Z,2ca6395fd3fcc72ba670e2961883e5c743cbb0e78c08f0ae926df09c31320865
4143,2026-08-12,34.62,35.2,34.5,34.5,44034,1531815.64,,,,render_normalized,tasi_2026-08-12_2026-08-12_20260812T153021905708Z,8862a2d01571a3c9a9cdaef7d6c4c85e805809ad63506c8d9042aff3fa53b579
4143,2026-08-13,34.5,34.9,34.0,34.74,45420,1566644.8,,,,render_normalized,tasi_2026-08-13_2026-08-13_20260813T153020777659Z,e0b6e7e97827824585b899f3f5ae2a43f595aeae92435da9a370d3df14b68b99
4143,2026-08-16,34.74,35.88,34.74,35.14,63200,2235605.1,,,,render_normalized,tasi_2026-08-14_2026-08-16_20260816T153020395457Z,5392abdf5e4a97362d33f1f6287bf2bc003c7d4bb43d28918b8aa095af9310d7
4143,2026-08-17,35.04,35.58,35.0,35.32,35346,1250465.42,,,,render_normalized,tasi_2026-08-17_2026-08-17_20260817T153022794323Z,56ab1200186f32f6bf2b699463f355510bc0a3da931f38c90816013f38a2eaf0
4143,2026-08-18,35.3,35.56,35.0,35.18,47354,1669498.78,,,,render_normalized,tasi_2026-08-18_2026-08-18_20260818T153020653358Z,1cfd844fc98ba7ee716337d459294e8e314daaa0f85480a8e110399f3a6b856d
4143,2026-08-19,35.18,35.88,35.0,35.86,78717,2805343.92,,,,render_normalized,tasi_2026-08-19_2026-08-19_20260819T153022440747Z,c9f50859d8825bb8e17dc890cb696be42681eb6c5d61b3749a33257a86f3517b
4143,2026-08-20,36.0,36.1,35.2,35.5,47848,1706552.06,,,,render_normalized,tasi_2026-08-20_2026-08-28_20260827T215758538311Z,7a00d373848e778f83c80f1777575ad48a6a4c0c192fe2e6a4123b56ae26cdee
4143,2026-08-23,35.52,36.3,35.52,35.9,56551,2036399.5,,,,render_normalized,tasi_2026-08-20_2026-08-28_20260827T215758538311Z,7a00d373848e778f83c80f1777575ad48a6a4c0c192fe2e6a4123b56ae26cdee
4143,2026-08-24,35.96,36.3,35.96,36.06,40412,1457307.94,,,,render_normalized,tasi_2026-08-20_2026-08-28_20260827T215758538311Z,7a00d373848e778f83c80f1777575ad48a6a4c0c192fe2e6a4123b56ae26cdee
4143,2026-08-25,36.06,36.26,35.6,35.64,61888,2214810.8,,,,render_normalized,tasi_2026-08-20_2026-08-28_20260827T215758538311Z,7a00d373848e778f83c80f1777575ad48a6a4c0c192fe2e6a4123b56ae26cdee
4143,2026-08-26,35.62,35.74,34.74,34.78,47470,1671668.74,,,,render_normalized,tasi_2026-08-20_2026-08-28_20260827T215758538311Z,7a00d373848e778f83c80f1777575ad48a6a4c0c192fe2e6a4123b56ae26cdee
4143,2026-08-27,34.84,35.54,34.82,35.5,40122,1410871.66,,,,render_normalized,tasi_2026-08-20_2026-08-28_20260827T215758538311Z,7a00d373848e778f83c80f1777575ad48a6a4c0c192fe2e6a4123b56ae26cdee
4143,2026-08-30,35.54,35.82,34.82,34.84,72299,2552902.48,,,,render_normalized,tasi_2026-08-29_2026-08-30_20260830T153021490619Z,40f2932d214f44ed867e412ffba0369130210869179423e6eadc9f965765cdba
4143,2026-08-31,34.72,35.2,34.7,34.86,43401,1515417.78,,,,render_normalized,tasi_2026-08-31_2026-08-31_20260831T153022596960Z,374b46eb50c52f8fd4d5c98f4b7cf8e0c79e078fd621a4b30f58d5382471b4af
4144,2026-08-02,72.8,74.95,71.25,74.0,131811,9620760.6,,,,render_normalized,tasi_2026-07-31_2026-08-02_20260802T153020127593Z,2eb23ca39fcf0e44fa270e6e4d6a1341261e22b2abfbc789ec2875a29009248b
4144,2026-08-03,73.6,76.5,73.15,76.5,146058,10896352.25,,,,render_normalized,tasi_2026-08-03_2026-08-03_20260803T153021496139Z,4b0f0fa9c3b343cf96fecea13101ae13ad2a21806fd55533770061ac5bb0689d
4144,2026-08-04,76.25,77.5,74.6,77.5,114012,8647940.75,,,,render_normalized,tasi_2026-08-04_2026-08-04_20260804T153023696814Z,32de4882671eec0a9062962d0f5591f8e56969b134d0070652d21718d4563e66
4144,2026-08-05,76.1,77.5,75.0,75.0,82102,6247693.85,,,,render_normalized,tasi_2026-08-05_2026-08-05_20260805T153024437012Z,9fd93f225e2663ef72017465f1af6b5bb1e9f620c1b69c07a1f0fd54b850091a
4144,2026-08-06,75.0,76.15,73.9,75.0,76200,5737282.4,,,,render_normalized,tasi_2026-08-06_2026-08-06_20260806T153021501965Z,6ff377152d0ead67e84f33bc0daa618a818145aa8e2f551c9273431d88ac3851
4144,2026-08-09,74.1,74.8,72.35,72.35,40746,2996324.2,,,,render_normalized,tasi_2026-08-07_2026-08-09_20260809T153020287151Z,d7eb763bea83ef8684d027dfe3fb0fb7c951f2a9c34d7e37300eab6704449ed3
4144,2026-08-10,72.15,73.5,71.25,72.1,48889,3543879.6,,,,render_normalized,tasi_2026-08-10_2026-08-10_20260810T153020102570Z,84d11a25e4f1e5c1fd93cef767caa7b24135f07229eeaeab08169c657f7b53de
4144,2026-08-11,72.0,73.5,70.25,70.25,65668,4701506.7,,,,render_normalized,tasi_2026-08-11_2026-08-11_20260811T153022011718Z,2ca6395fd3fcc72ba670e2961883e5c743cbb0e78c08f0ae926df09c31320865
4144,2026-08-12,70.75,71.95,68.6,71.0,96167,6766138.1,,,,render_normalized,tasi_2026-08-12_2026-08-12_20260812T153021905708Z,8862a2d01571a3c9a9cdaef7d6c4c85e805809ad63506c8d9042aff3fa53b579
4144,2026-08-13,70.7,70.8,68.6,68.65,153724,10697869.25,,,,render_normalized,tasi_2026-08-13_2026-08-13_20260813T153020777659Z,e0b6e7e97827824585b899f3f5ae2a43f595aeae92435da9a370d3df14b68b99
4144,2026-08-16,69.4,71.85,67.65,71.85,120686,8498853.45,,,,render_normalized,tasi_2026-08-14_2026-08-16_20260816T153020395457Z,5392abdf5e4a97362d33f1f6287bf2bc003c7d4bb43d28918b8aa095af9310d7
4144,2026-08-17,70.7,73.8,70.6,73.25,85140,6194241.3,,,,render_normalized,tasi_2026-08-17_2026-08-17_20260817T153022794323Z,56ab1200186f32f6bf2b699463f355510bc0a3da931f38c90816013f38a2eaf0
4144,2026-08-18,73.65,74.2,72.5,73.4,56895,4190353.65,,,,render_normalized,tasi_2026-08-18_2026-08-18_20260818T153020653358Z,1cfd844fc98ba7ee716337d459294e8e314daaa0f85480a8e110399f3a6b856d
4144,2026-08-19,73.95,73.95,72.55,73.25,24534,1791062.4,,,,render_normalized,tasi_2026-08-19_2026-08-19_20260819T153022440747Z,c9f50859d8825bb8e17dc890cb696be42681eb6c5d61b3749a33257a86f3517b
4144,2026-08-20,73.25,73.35,72.65,72.7,16966,1235346.1,,,,render_normalized,tasi_2026-08-20_2026-08-28_20260827T215758538311Z,7a00d373848e778f83c80f1777575ad48a6a4c0c192fe2e6a4123b56ae26cdee
4144,2026-08-23,72.55,74.05,72.55,73.5,26706,1960142.85,,,,render_normalized,tasi_2026-08-20_2026-08-28_20260827T215758538311Z,7a00d373848e778f83c80f1777575ad48a6a4c0c192fe2e6a4123b56ae26cdee
4144,2026-08-24,73.5,75.15,72.8,74.4,72966,5418738.45,,,,render_normalized,tasi_2026-08-20_2026-08-28_20260827T215758538311Z,7a00d373848e778f83c80f1777575ad48a6a4c0c192fe2e6a4123b56ae26cdee
4144,2026-08-25,75.3,75.3,73.5,74.0,57547,4272778.15,,,,render_normalized,tasi_2026-08-20_2026-08-28_20260827T215758538311Z,7a00d373848e778f83c80f1777575ad48a6a4c0c192fe2e6a4123b56ae26cdee
4144,2026-08-26,74.0,74.75,73.5,73.75,44442,3288638.35,,,,render_normalized,tasi_2026-08-20_2026-08-28_20260827T215758538311Z,7a00d373848e778f83c80f1777575ad48a6a4c0c192fe2e6a4123b56ae26cdee
4144,2026-08-27,74.35,74.35,73.2,74.2,56346,4160602.6,,,,render_normalized,tasi_2026-08-20_2026-08-28_20260827T215758538311Z,7a00d373848e778f83c80f1777575ad48a6a4c0c192fe2e6a4123b56ae26cdee
4144,2026-08-30,75.0,75.0,72.7,74.5,65482,4813779.85,,,,render_normalized,tasi_2026-08-29_2026-08-30_20260830T153021490619Z,40f2932d214f44ed867e412ffba0369130210869179423e6eadc9f965765cdba
4144,2026-08-31,74.5,76.35,73.7,75.8,134260,10094220.85,,,,render_normalized,tasi_2026-08-31_2026-08-31_20260831T153022596960Z,374b46eb50c52f8fd4d5c98f4b7cf8e0c79e078fd621a4b30f58d5382471b4af
4145,2026-08-02,24.2,24.25,23.99,24.01,70401,1695508.84,,,,render_normalized,tasi_2026-07-31_2026-08-02_20260802T153020127593Z,2eb23ca39fcf0e44fa270e6e4d6a1341261e22b2abfbc789ec2875a29009248b
4145,2026-08-03,24.12,24.12,23.54,23.68,208247,4944992.05,,,,render_normalized,tasi_2026-08-03_2026-08-03_20260803T153021496139Z,4b0f0fa9c3b343cf96fecea13101ae13ad2a21806fd55533770061ac5bb0689d
4145,2026-08-04,23.85,24.37,23.66,24.28,118329,2843444.44,,,,render_normalized,tasi_2026-08-04_2026-08-04_20260804T153023696814Z,32de4882671eec0a9062962d0f5591f8e56969b134d0070652d21718d4563e66
4145,2026-08-05,24.28,24.69,24.01,24.1,82528,2009094.06,,,,render_normalized,tasi_2026-08-05_2026-08-05_20260805T153024437012Z,9fd93f225e2663ef72017465f1af6b5bb1e9f620c1b69c07a1f0fd54b850091a
4145,2026-08-06,24.23,24.23,23.78,24.01,55891,1334682.12,,,,render_normalized,tasi_2026-08-06_2026-08-06_20260806T153021501965Z,6ff377152d0ead67e84f33bc0daa618a818145aa8e2f551c9273431d88ac3851
4145,2026-08-09,24.7,24.92,24.0,24.08,88332,2149277.54,,,,render_normalized,tasi_2026-08-07_2026-08-09_20260809T153020287151Z,d7eb763bea83ef8684d027dfe3fb0fb7c951f2a9c34d7e37300eab6704449ed3
4145,2026-08-10,24.08,24.24,23.7,23.84,56320,1344098.77,,,,render_normalized,tasi_2026-08-10_2026-08-10_20260810T153020102570Z,84d11a25e4f1e5c1fd93cef767caa7b24135f07229eeaeab08169c657f7b53de
4145,2026-08-11,23.84,24.0,23.58,23.61,114090,2711554.15,,,,render_normalized,tasi_2026-08-11_2026-08-11_20260811T153022011718Z,2ca6395fd3fcc72ba670e2961883e5c743cbb0e78c08f0ae926df09c31320865
4145,2026-08-12,23.61,24.29,23.55,24.16,92430,2213306.12,,,,render_normalized,tasi_2026-08-12_2026-08-12_20260812T153021905708Z,8862a2d01571a3c9a9cdaef7d6c4c85e805809ad63506c8d9042aff3fa53b579
4145,2026-08-13,24.24,24.24,23.9,23.9,51059,1225899.88,,,,render_normalized,tasi_2026-08-13_2026-08-13_20260813T153020777659Z,e0b6e7e97827824585b899f3f5ae2a43f595aeae92435da9a370d3df14b68b99
4145,2026-08-16,24.09,24.29,23.93,23.97,22398,539022.58,,,,render_normalized,tasi_2026-08-14_2026-08-16_20260816T153020395457Z,5392abdf5e4a97362d33f1f6287bf2bc003c7d4bb43d28918b8aa095af9310d7
4145,2026-08-17,23.97,24.16,23.7,23.86,59998,1431170.63,,,,render_normalized,tasi_2026-08-17_2026-08-17_20260817T153022794323Z,56ab1200186f32f6bf2b699463f355510bc0a3da931f38c90816013f38a2eaf0
4145,2026-08-18,23.99,23.99,23.0,23.51,163920,3844567.59,,,,render_normalized,tasi_2026-08-18_2026-08-18_20260818T153020653358Z,1cfd844fc98ba7ee716337d459294e8e314daaa0f85480a8e110399f3a6b856d
4145,2026-08-19,23.38,24.2,23.0,24.05,80603,1917657.52,,,,render_normalized,tasi_2026-08-19_2026-08-19_20260819T153022440747Z,c9f50859d8825bb8e17dc890cb696be42681eb6c5d61b3749a33257a86f3517b
4145,2026-08-20,24.1,24.63,23.8,24.5,106437,2580270.29,,,,render_normalized,tasi_2026-08-20_2026-08-28_20260827T215758538311Z,7a00d373848e778f83c80f1777575ad48a6a4c0c192fe2e6a4123b56ae26cdee
4145,2026-08-23,24.73,24.73,24.35,24.5,116622,2857332.57,,,,render_normalized,tasi_2026-08-20_2026-08-28_20260827T215758538311Z,7a00d373848e778f83c80f1777575ad48a6a4c0c192fe2e6a4123b56ae26cdee
4145,2026-08-24,24.73,24.9,24.54,24.86,71441,1764580.93,,,,render_normalized,tasi_2026-08-20_2026-08-28_20260827T215758538311Z,7a00d373848e778f83c80f1777575ad48a6a4c0c192fe2e6a4123b56ae26cdee
4145,2026-08-25,24.72,25.0,24.49,24.49,43504,1079195.42,,,,render_normalized,tasi_2026-08-20_2026-08-28_20260827T215758538311Z,7a00d373848e778f83c80f1777575ad48a6a4c0c192fe2e6a4123b56ae26cdee
4145,2026-08-26,24.4,24.69,24.4,24.56,37073,908160.38,,,,render_normalized,tasi_2026-08-20_2026-08-28_20260827T215758538311Z,7a00d373848e778f83c80f1777575ad48a6a4c0c192fe2e6a4123b56ae26cdee
4145,2026-08-27,24.51,24.63,24.35,24.46,34671,847131.81,,,,render_normalized,tasi_2026-08-20_2026-08-28_20260827T215758538311Z,7a00d373848e778f83c80f1777575ad48a6a4c0c192fe2e6a4123b56ae26cdee
4145,2026-08-30,24.69,24.69,24.15,24.6,45361,1104791.44,,,,render_normalized,tasi_2026-08-29_2026-08-30_20260830T153021490619Z,40f2932d214f44ed867e412ffba0369130210869179423e6eadc9f965765cdba
4145,2026-08-31,24.6,25.14,24.34,25.04,171090,4249304.14,,,,render_normalized,tasi_2026-08-31_2026-08-31_20260831T153022596960Z,374b46eb50c52f8fd4d5c98f4b7cf8e0c79e078fd621a4b30f58d5382471b4af
4146,2026-08-02,14.82,15.18,14.75,15.09,59487,888472.7,,,,render_normalized,tasi_2026-07-31_2026-08-02_20260802T153020127593Z,2eb23ca39fcf0e44fa270e6e4d6a1341261e22b2abfbc789ec2875a29009248b
4146,2026-08-03,15.21,15.57,15.02,15.53,89789,1378496.64,,,,render_normalized,tasi_2026-08-03_2026-08-03_20260803T153021496139Z,4b0f0fa9c3b343cf96fecea13101ae13ad2a21806fd55533770061ac5bb0689d
4146,2026-08-04,15.99,15.99,15.24,15.61,461545,7164991.62,,,,render_normalized,tasi_2026-08-04_2026-08-04_20260804T153023696814Z,32de4882671eec0a9062962d0f5591f8e56969b134d0070652d21718d4563e66
4146,2026-08-05,15.67,15.68,15.09,15.13,233518,3561327.43,,,,render_normalized,tasi_2026-08-05_2026-08-05_20260805T153024437012Z,9fd93f225e2663ef72017465f1af6b5bb1e9f620c1b69c07a1f0fd54b850091a
4146,2026-08-06,15.24,15.3,14.92,15.21,148381,2242366.51,,,,render_normalized,tasi_2026-08-06_2026-08-06_20260806T153021501965Z,6ff377152d0ead67e84f33bc0daa618a818145aa8e2f551c9273431d88ac3851
4146,2026-08-09,15.27,15.45,15.05,15.21,78552,1200138.34,,,,render_normalized,tasi_2026-08-07_2026-08-09_20260809T153020287151Z,d7eb763bea83ef8684d027dfe3fb0fb7c951f2a9c34d7e37300eab6704449ed3
4146,2026-08-10,15.22,15.24,14.97,15.18,77948,1178640.88,,,,render_normalized,tasi_2026-08-10_2026-08-10_20260810T153020102570Z,84d11a25e4f1e5c1fd93cef767caa7b24135f07229eeaeab08169c657f7b53de
4146,2026-08-11,15.23,15.73,14.91,15.63,219876,3397906.61,,,,render_normalized,tasi_2026-08-11_2026-08-11_20260811T153022011718Z,2ca6395fd3fcc72ba670e2961883e5c743cbb0e78c08f0ae926df09c31320865
4146,2026-08-12,15.75,16.36,15.55,16.31,339630,5491261.34,,,,render_normalized,tasi_2026-08-12_2026-08-12_20260812T153021905708Z,8862a2d01571a3c9a9cdaef7d6c4c85e805809ad63506c8d9042aff3fa53b579
4146,2026-08-13,16.31,16.46,16.0,16.12,225049,3643604.5,,,,render_normalized,tasi_2026-08-13_2026-08-13_20260813T153020777659Z,e0b6e7e97827824585b899f3f5ae2a43f595aeae92435da9a370d3df14b68b99
4146,2026-08-16,16.11,16.55,16.11,16.28,80071,1310907.56,,,,render_normalized,tasi_2026-08-14_2026-08-16_20260816T153020395457Z,5392abdf5e4a97362d33f1f6287bf2bc003c7d4bb43d28918b8aa095af9310d7
4146,2026-08-17,16.26,16.46,16.12,16.3,194802,3168749.94,,,,render_normalized,tasi_2026-08-17_2026-08-17_20260817T153022794323Z,56ab1200186f32f6bf2b699463f355510bc0a3da931f38c90816013f38a2eaf0
4146,2026-08-18,16.3,16.3,16.13,16.14,91300,1482214.06,,,,render_normalized,tasi_2026-08-18_2026-08-18_20260818T153020653358Z,1cfd844fc98ba7ee716337d459294e8e314daaa0f85480a8e110399f3a6b856d
4146,2026-08-19,16.14,16.15,15.89,16.0,107047,1710387.19,,,,render_normalized,tasi_2026-08-19_2026-08-19_20260819T153022440747Z,c9f50859d8825bb8e17dc890cb696be42681eb6c5d61b3749a33257a86f3517b
4146,2026-08-20,16.0,16.24,15.99,16.0,116072,1871736.59,,,,render_normalized,tasi_2026-08-20_2026-08-28_20260827T215758538311Z,7a00d373848e778f83c80f1777575ad48a6a4c0c192fe2e6a4123b56ae26cdee
4146,2026-08-23,16.0,16.23,16.0,16.1,44448,714510.86,,,,render_normalized,tasi_2026-08-20_2026-08-28_20260827T215758538311Z,7a00d373848e778f83c80f1777575ad48a6a4c0c192fe2e6a4123b56ae26cdee
4146,2026-08-24,16.04,16.22,15.95,16.01,85797,1379655.72,,,,render_normalized,tasi_2026-08-20_2026-08-28_20260827T215758538311Z,7a00d373848e778f83c80f1777575ad48a6a4c0c192fe2e6a4123b56ae26cdee
4146,2026-08-25,15.97,16.31,15.97,16.0,159766,2583761.18,,,,render_normalized,tasi_2026-08-20_2026-08-28_20260827T215758538311Z,7a00d373848e778f83c80f1777575ad48a6a4c0c192fe2e6a4123b56ae26cdee
4146,2026-08-26,16.16,16.32,16.05,16.2,249850,4049166.45,,,,render_normalized,tasi_2026-08-20_2026-08-28_20260827T215758538311Z,7a00d373848e778f83c80f1777575ad48a6a4c0c192fe2e6a4123b56ae26cdee
4146,2026-08-27,16.41,16.41,16.16,16.2,59810,970342.66,,,,render_normalized,tasi_2026-08-20_2026-08-28_20260827T215758538311Z,7a00d373848e778f83c80f1777575ad48a6a4c0c192fe2e6a4123b56ae26cdee
4146,2026-08-30,16.13,16.8,16.13,16.56,166112,2747984.43,,,,render_normalized,tasi_2026-08-29_2026-08-30_20260830T153021490619Z,40f2932d214f44ed867e412ffba0369130210869179423e6eadc9f965765cdba
4146,2026-08-31,16.56,16.66,16.41,16.51,62703,1040679.65,,,,render_normalized,tasi_2026-08-31_2026-08-31_20260831T153022596960Z,374b46eb50c52f8fd4d5c98f4b7cf8e0c79e078fd621a4b30f58d5382471b4af
4147,2026-08-02,6.3,6.47,6.27,6.41,801091,5130802.75,,,,render_normalized,tasi_2026-07-31_2026-08-02_20260802T153020127593Z,2eb23ca39fcf0e44fa270e6e4d6a1341261e22b2abfbc789ec2875a29009248b
4147,2026-08-03,6.31,6.52,6.31,6.48,387887,2504880.31,,,,render_normalized,tasi_2026-08-03_2026-08-03_20260803T153021496139Z,4b0f0fa9c3b343cf96fecea13101ae13ad2a21806fd55533770061ac5bb0689d
4147,2026-08-04,6.52,6.52,6.41,6.48,414946,2679061.15,,,,render_normalized,tasi_2026-08-04_2026-08-04_20260804T153023696814Z,32de4882671eec0a9062962d0f5591f8e56969b134d0070652d21718d4563e66
4147,2026-08-05,6.48,6.73,6.45,6.64,1100651,7278180.11,,,,render_normalized,tasi_2026-08-05_2026-08-05_20260805T153024437012Z,9fd93f225e2663ef72017465f1af6b5bb1e9f620c1b69c07a1f0fd54b850091a
4147,2026-08-06,6.63,6.64,6.45,6.55,645970,4208671.62,,,,render_normalized,tasi_2026-08-06_2026-08-06_20260806T153021501965Z,6ff377152d0ead67e84f33bc0daa618a818145aa8e2f551c9273431d88ac3851
4147,2026-08-09,6.5,6.53,6.2,6.3,768827,4885297.02,,,,render_normalized,tasi_2026-08-07_2026-08-09_20260809T153020287151Z,d7eb763bea83ef8684d027dfe3fb0fb7c951f2a9c34d7e37300eab6704449ed3
4147,2026-08-10,6.34,6.34,6.11,6.2,1186374,7341810.14,,,,render_normalized,tasi_2026-08-10_2026-08-10_20260810T153020102570Z,84d11a25e4f1e5c1fd93cef767caa7b24135f07229eeaeab08169c657f7b53de
4147,2026-08-11,6.16,6.5,6.11,6.39,1637425,10337055.84,,,,render_normalized,tasi_2026-08-11_2026-08-11_20260811T153022011718Z,2ca6395fd3fcc72ba670e2961883e5c743cbb0e78c08f0ae926df09c31320865
4147,2026-08-12,6.42,6.47,6.36,6.47,409273,2625680.03,,,,render_normalized,tasi_2026-08-12_2026-08-12_20260812T153021905708Z,8862a2d01571a3c9a9cdaef7d6c4c85e805809ad63506c8d9042aff3fa53b579
4147,2026-08-13,6.47,6.63,6.4,6.47,682418,4437481.49,,,,render_normalized,tasi_2026-08-13_2026-08-13_20260813T153020777659Z,e0b6e7e97827824585b899f3f5ae2a43f595aeae92435da9a370d3df14b68b99
4147,2026-08-16,6.62,6.76,6.41,6.52,972667,6395640.01,,,,render_normalized,tasi_2026-08-14_2026-08-16_20260816T153020395457Z,5392abdf5e4a97362d33f1f6287bf2bc003c7d4bb43d28918b8aa095af9310d7
4147,2026-08-17,6.49,6.63,6.45,6.58,510476,3338740.97,,,,render_normalized,tasi_2026-08-17_2026-08-17_20260817T153022794323Z,56ab1200186f32f6bf2b699463f355510bc0a3da931f38c90816013f38a2eaf0
4147,2026-08-18,6.58,6.59,6.46,6.47,382617,2488770.41,,,,render_normalized,tasi_2026-08-18_2026-08-18_20260818T153020653358Z,1cfd844fc98ba7ee716337d459294e8e314daaa0f85480a8e110399f3a6b856d
4147,2026-08-19,6.47,6.47,6.38,6.46,634921,4078990.24,,,,render_normalized,tasi_2026-08-19_2026-08-19_20260819T153022440747Z,c9f50859d8825bb8e17dc890cb696be42681eb6c5d61b3749a33257a86f3517b
4147,2026-08-20,6.52,6.65,6.4,6.62,1360640,8923631.43,,,,render_normalized,tasi_2026-08-20_2026-08-28_20260827T215758538311Z,7a00d373848e778f83c80f1777575ad48a6a4c0c192fe2e6a4123b56ae26cdee
4147,2026-08-23,6.65,6.88,6.6,6.74,2202296,14893848.28,,,,render_normalized,tasi_2026-08-20_2026-08-28_20260827T215758538311Z,7a00d373848e778f83c80f1777575ad48a6a4c0c192fe2e6a4123b56ae26cdee
4147,2026-08-24,6.74,6.83,6.72,6.79,881640,5970295.95,,,,render_normalized,tasi_2026-08-20_2026-08-28_20260827T215758538311Z,7a00d373848e778f83c80f1777575ad48a6a4c0c192fe2e6a4123b56ae26cdee
4147,2026-08-25,6.83,6.83,6.71,6.76,403380,2723490.01,,,,render_normalized,tasi_2026-08-20_2026-08-28_20260827T215758538311Z,7a00d373848e778f83c80f1777575ad48a6a4c0c192fe2e6a4123b56ae26cdee
4147,2026-08-26,6.75,6.8,6.67,6.68,757965,5088139.79,,,,render_normalized,tasi_2026-08-20_2026-08-28_20260827T215758538311Z,7a00d373848e778f83c80f1777575ad48a6a4c0c192fe2e6a4123b56ae26cdee
4147,2026-08-27,6.67,6.77,6.6,6.75,481367,3215382.01,,,,render_normalized,tasi_2026-08-20_2026-08-28_20260827T215758538311Z,7a00d373848e778f83c80f1777575ad48a6a4c0c192fe2e6a4123b56ae26cdee
4147,2026-08-30,6.76,6.83,6.7,6.74,325106,2198228.01,,,,render_normalized,tasi_2026-08-29_2026-08-30_20260830T153021490619Z,40f2932d214f44ed867e412ffba0369130210869179423e6eadc9f965765cdba
4147,2026-08-31,6.75,6.77,6.67,6.72,362914,2439717.78,,,,render_normalized,tasi_2026-08-31_2026-08-31_20260831T153022596960Z,374b46eb50c52f8fd4d5c98f4b7cf8e0c79e078fd621a4b30f58d5382471b4af
4148,2026-08-02,2.6,2.65,2.58,2.62,491770,1288410.88,,,,render_normalized,tasi_2026-07-31_2026-08-02_20260802T153020127593Z,2eb23ca39fcf0e44fa270e6e4d6a1341261e22b2abfbc789ec2875a29009248b
4148,2026-08-03,2.63,2.7,2.61,2.68,934765,2493883.35,,,,render_normalized,tasi_2026-08-03_2026-08-03_20260803T153021496139Z,4b0f0fa9c3b343cf96fecea13101ae13ad2a21806fd55533770061ac5bb0689d
4148,2026-08-04,2.73,2.75,2.69,2.75,983821,2678150.24,,,,render_normalized,tasi_2026-08-04_2026-08-04_20260804T153023696814Z,32de4882671eec0a9062962d0f5591f8e56969b134d0070652d21718d4563e66
4148,2026-08-05,2.74,2.77,2.73,2.76,747433,2052425.84,,,,render_normalized,tasi_2026-08-05_2026-08-05_20260805T153024437012Z,9fd93f225e2663ef72017465f1af6b5bb1e9f620c1b69c07a1f0fd54b850091a
4148,2026-08-06,2.74,2.91,2.74,2.87,3154606,8981517.77,,,,render_normalized,tasi_2026-08-06_2026-08-06_20260806T153021501965Z,6ff377152d0ead67e84f33bc0daa618a818145aa8e2f551c9273431d88ac3851
4148,2026-08-09,2.88,3.02,2.87,3.0,3374859,9998821.66,,,,render_normalized,tasi_2026-08-07_2026-08-09_20260809T153020287151Z,d7eb763bea83ef8684d027dfe3fb0fb7c951f2a9c34d7e37300eab6704449ed3
4148,2026-08-10,2.99,3.07,2.95,3.01,2163450,6498093.87,,,,render_normalized,tasi_2026-08-10_2026-08-10_20260810T153020102570Z,84d11a25e4f1e5c1fd93cef767caa7b24135f07229eeaeab08169c657f7b53de
4148,2026-08-11,2.99,3.31,2.99,3.2,12918926,41399619.26,,,,render_normalized,tasi_2026-08-11_2026-08-11_20260811T153022011718Z,2ca6395fd3fcc72ba670e2961883e5c743cbb0e78c08f0ae926df09c31320865
4148,2026-08-12,3.2,3.37,3.17,3.3,5123574,16844528.7,,,,render_normalized,tasi_2026-08-12_2026-08-12_20260812T153021905708Z,8862a2d01571a3c9a9cdaef7d6c4c85e805809ad63506c8d9042aff3fa53b579
4148,2026-08-13,3.3,3.4,3.1,3.16,8638166,28340138.76,,,,render_normalized,tasi_2026-08-13_2026-08-13_20260813T153020777659Z,e0b6e7e97827824585b899f3f5ae2a43f595aeae92435da9a370d3df14b68b99
4148,2026-08-16,3.18,3.32,3.16,3.32,3399588,11038870.44,,,,render_normalized,tasi_2026-08-14_2026-08-16_20260816T153020395457Z,5392abdf5e4a97362d33f1f6287bf2bc003c7d4bb43d28918b8aa095af9310d7
4148,2026-08-17,3.32,3.34,3.19,3.26,3380095,11061324.31,,,,render_normalized,tasi_2026-08-17_2026-08-17_20260817T153022794323Z,56ab1200186f32f6bf2b699463f355510bc0a3da931f38c90816013f38a2eaf0
4148,2026-08-18,3.28,3.36,3.23,3.25,6496006,21466698.71,,,,render_normalized,tasi_2026-08-18_2026-08-18_20260818T153020653358Z,1cfd844fc98ba7ee716337d459294e8e314daaa0f85480a8e110399f3a6b856d
4148,2026-08-19,3.28,3.28,3.21,3.27,1357682,4403884.55,,,,render_normalized,tasi_2026-08-19_2026-08-19_20260819T153022440747Z,c9f50859d8825bb8e17dc890cb696be42681eb6c5d61b3749a33257a86f3517b
4148,2026-08-20,3.27,3.3,3.19,3.28,1512187,4914295.39,,,,render_normalized,tasi_2026-08-20_2026-08-28_20260827T215758538311Z,7a00d373848e778f83c80f1777575ad48a6a4c0c192fe2e6a4123b56ae26cdee
4148,2026-08-23,3.31,3.37,3.29,3.36,2688555,8778433.62,,,,render_normalized,tasi_2026-08-20_2026-08-28_20260827T215758538311Z,7a00d373848e778f83c80f1777575ad48a6a4c0c192fe2e6a4123b56ae26cdee
4148,2026-08-24,3.36,3.5,3.28,3.3,6982645,23713825.4,,,,render_normalized,tasi_2026-08-20_2026-08-28_20260827T215758538311Z,7a00d373848e778f83c80f1777575ad48a6a4c0c192fe2e6a4123b56ae26cdee
4148,2026-08-25,3.31,3.33,3.23,3.32,3653312,11954523.08,,,,render_normalized,tasi_2026-08-20_2026-08-28_20260827T215758538311Z,7a00d373848e778f83c80f1777575ad48a6a4c0c192fe2e6a4123b56ae26cdee
4148,2026-08-26,3.31,3.34,3.23,3.24,1031008,3376052.26,,,,render_normalized,tasi_2026-08-20_2026-08-28_20260827T215758538311Z,7a00d373848e778f83c80f1777575ad48a6a4c0c192fe2e6a4123b56ae26cdee
4148,2026-08-27,3.25,3.28,3.19,3.22,1187634,3831323.17,,,,render_normalized,tasi_2026-08-20_2026-08-28_20260827T215758538311Z,7a00d373848e778f83c80f1777575ad48a6a4c0c192fe2e6a4123b56ae26cdee
4148,2026-08-30,3.21,3.24,3.15,3.18,983074,3129885.89,,,,render_normalized,tasi_2026-08-29_2026-08-30_20260830T153021490619Z,40f2932d214f44ed867e412ffba0369130210869179423e6eadc9f965765cdba
4148,2026-08-31,3.17,3.17,3.1,3.12,751851,2353658.61,,,,render_normalized,tasi_2026-08-31_2026-08-31_20260831T153022596960Z,374b46eb50c52f8fd4d5c98f4b7cf8e0c79e078fd621a4b30f58d5382471b4af
4150,2026-08-02,16.14,16.23,15.92,16.2,443177,7129838.72,,,,render_normalized,tasi_2026-07-31_2026-08-02_20260802T153020127593Z,2eb23ca39fcf0e44fa270e6e4d6a1341261e22b2abfbc789ec2875a29009248b
4150,2026-08-03,16.2,16.51,15.93,16.19,727592,11853799.17,,,,render_normalized,tasi_2026-08-03_2026-08-03_20260803T153021496139Z,4b0f0fa9c3b343cf96fecea13101ae13ad2a21806fd55533770061ac5bb0689d
4150,2026-08-04,16.2,16.2,15.86,15.97,967025,15458306.34,,,,render_normalized,tasi_2026-08-04_2026-08-04_20260804T153023696814Z,32de4882671eec0a9062962d0f5591f8e56969b134d0070652d21718d4563e66
4150,2026-08-05,15.99,16.06,15.83,16.0,616035,9842412.52,,,,render_normalized,tasi_2026-08-05_2026-08-05_20260805T153024437012Z,9fd93f225e2663ef72017465f1af6b5bb1e9f620c1b69c07a1f0fd54b850091a
4150,2026-08-06,16.05,16.05,15.7,15.78,507350,8020795.76,,,,render_normalized,tasi_2026-08-06_2026-08-06_20260806T153021501965Z,6ff377152d0ead67e84f33bc0daa618a818145aa8e2f551c9273431d88ac3851
4150,2026-08-09,15.78,15.79,15.49,15.65,479856,7493657.87,,,,render_normalized,tasi_2026-08-07_2026-08-09_20260809T153020287151Z,d7eb763bea83ef8684d027dfe3fb0fb7c951f2a9c34d7e37300eab6704449ed3
4150,2026-08-10,15.59,15.89,15.57,15.8,221417,3494098.55,,,,render_normalized,tasi_2026-08-10_2026-08-10_20260810T153020102570Z,84d11a25e4f1e5c1fd93cef767caa7b24135f07229eeaeab08169c657f7b53de
4150,2026-08-11,15.88,15.88,15.5,15.58,605797,9460600.77,,,,render_normalized,tasi_2026-08-11_2026-08-11_20260811T153022011718Z,2ca6395fd3fcc72ba670e2961883e5c743cbb0e78c08f0ae926df09c31320865
4150,2026-08-12,15.63,15.76,15.4,15.71,475332,7407623.87,,,,render_normalized,tasi_2026-08-12_2026-08-12_20260812T153021905708Z,8862a2d01571a3c9a9cdaef7d6c4c85e805809ad63506c8d9042aff3fa53b579
4150,2026-08-13,15.71,15.75,15.38,15.5,422688,6560539.27,,,,render_normalized,tasi_2026-08-13_2026-08-13_20260813T153020777659Z,e0b6e7e97827824585b899f3f5ae2a43f595aeae92435da9a370d3df14b68b99
4150,2026-08-16,15.69,15.69,15.38,15.42,206696,3199281.9,,,,render_normalized,tasi_2026-08-14_2026-08-16_20260816T153020395457Z,5392abdf5e4a97362d33f1f6287bf2bc003c7d4bb43d28918b8aa095af9310d7
4150,2026-08-17,15.42,15.48,15.34,15.44,373662,5765759.96,,,,render_normalized,tasi_2026-08-17_2026-08-17_20260817T153022794323Z,56ab1200186f32f6bf2b699463f355510bc0a3da931f38c90816013f38a2eaf0
4150,2026-08-18,15.44,15.49,15.25,15.38,628515,9659610.58,,,,render_normalized,tasi_2026-08-18_2026-08-18_20260818T153020653358Z,1cfd844fc98ba7ee716337d459294e8e314daaa0f85480a8e110399f3a6b856d
4150,2026-08-19,15.42,15.64,15.32,15.58,402976,6248641.38,,,,render_normalized,tasi_2026-08-19_2026-08-19_20260819T153022440747Z,c9f50859d8825bb8e17dc890cb696be42681eb6c5d61b3749a33257a86f3517b
4150,2026-08-20,15.59,15.81,15.57,15.72,540853,8477320.65,,,,render_normalized,tasi_2026-08-20_2026-08-28_20260827T215758538311Z,7a00d373848e778f83c80f1777575ad48a6a4c0c192fe2e6a4123b56ae26cdee
4150,2026-08-23,15.79,15.96,15.79,15.83,220672,3500342.29,,,,render_normalized,tasi_2026-08-20_2026-08-28_20260827T215758538311Z,7a00d373848e778f83c80f1777575ad48a6a4c0c192fe2e6a4123b56ae26cdee
4150,2026-08-24,15.85,16.04,15.82,15.91,365783,5821501.93,,,,render_normalized,tasi_2026-08-20_2026-08-28_20260827T215758538311Z,7a00d373848e778f83c80f1777575ad48a6a4c0c192fe2e6a4123b56ae26cdee
4150,2026-08-25,15.9,16.01,15.86,15.99,170108,2711422.25,,,,render_normalized,tasi_2026-08-20_2026-08-28_20260827T215758538311Z,7a00d373848e778f83c80f1777575ad48a6a4c0c192fe2e6a4123b56ae26cdee
4150,2026-08-26,15.99,16.16,15.98,16.08,248963,4001511.16,,,,render_normalized,tasi_2026-08-20_2026-08-28_20260827T215758538311Z,7a00d373848e778f83c80f1777575ad48a6a4c0c192fe2e6a4123b56ae26cdee
4150,2026-08-27,16.05,16.89,16.01,16.24,372937,6038347.08,,,,render_normalized,tasi_2026-08-20_2026-08-28_20260827T215758538311Z,7a00d373848e778f83c80f1777575ad48a6a4c0c192fe2e6a4123b56ae26cdee
4150,2026-08-30,16.3,16.34,16.07,16.14,158227,2562421.75,,,,render_normalized,tasi_2026-08-29_2026-08-30_20260830T153021490619Z,40f2932d214f44ed867e412ffba0369130210869179423e6eadc9f965765cdba
4150,2026-08-31,16.14,16.14,15.8,15.8,313886,4997431.84,,,,render_normalized,tasi_2026-08-31_2026-08-31_20260831T153022596960Z,374b46eb50c52f8fd4d5c98f4b7cf8e0c79e078fd621a4b30f58d5382471b4af
4160,2026-08-02,33.42,34.3,33.04,33.96,117573,3990582.22,,,,render_normalized,tasi_2026-07-31_2026-08-02_20260802T153020127593Z,2eb23ca39fcf0e44fa270e6e4d6a1341261e22b2abfbc789ec2875a29009248b
4160,2026-08-03,33.96,34.5,33.86,33.96,199054,6793214.58,,,,render_normalized,tasi_2026-08-03_2026-08-03_20260803T153021496139Z,4b0f0fa9c3b343cf96fecea13101ae13ad2a21806fd55533770061ac5bb0689d
4160,2026-08-04,33.88,34.54,33.88,34.06,175490,6015498.76,,,,render_normalized,tasi_2026-08-04_2026-08-04_20260804T153023696814Z,32de4882671eec0a9062962d0f5591f8e56969b134d0070652d21718d4563e66
4160,2026-08-05,34.38,34.38,33.7,34.3,83950,2861544.68,,,,render_normalized,tasi_2026-08-05_2026-08-05_20260805T153024437012Z,9fd93f225e2663ef72017465f1af6b5bb1e9f620c1b69c07a1f0fd54b850091a
4160,2026-08-06,34.4,34.4,33.8,34.22,57763,1964357.94,,,,render_normalized,tasi_2026-08-06_2026-08-06_20260806T153021501965Z,6ff377152d0ead67e84f33bc0daa618a818145aa8e2f551c9273431d88ac3851
4160,2026-08-09,34.2,34.24,33.8,33.86,43593,1480496.78,,,,render_normalized,tasi_2026-08-07_2026-08-09_20260809T153020287151Z,d7eb763bea83ef8684d027dfe3fb0fb7c951f2a9c34d7e37300eab6704449ed3
4160,2026-08-10,33.86,34.2,33.6,33.8,53744,1819403.9,,,,render_normalized,tasi_2026-08-10_2026-08-10_20260810T153020102570Z,84d11a25e4f1e5c1fd93cef767caa7b24135f07229eeaeab08169c657f7b53de
4160,2026-08-11,33.8,35.0,33.62,34.38,236345,8150236.96,,,,render_normalized,tasi_2026-08-11_2026-08-11_20260811T153022011718Z,2ca6395fd3fcc72ba670e2961883e5c743cbb0e78c08f0ae926df09c31320865
4160,2026-08-12,34.92,36.7,34.16,36.38,413100,14752773.08,,,,render_normalized,tasi_2026-08-12_2026-08-12_20260812T153021905708Z,8862a2d01571a3c9a9cdaef7d6c4c85e805809ad63506c8d9042aff3fa53b579
4160,2026-08-13,36.58,37.2,35.44,35.74,206775,7489066.8,,,,render_normalized,tasi_2026-08-13_2026-08-13_20260813T153020777659Z,e0b6e7e97827824585b899f3f5ae2a43f595aeae92435da9a370d3df14b68b99
4160,2026-08-16,36.2,37.04,36.0,36.04,188357,6866094.6,,,,render_normalized,tasi_2026-08-14_2026-08-16_20260816T153020395457Z,5392abdf5e4a97362d33f1f6287bf2bc003c7d4bb43d28918b8aa095af9310d7
4160,2026-08-17,36.02,36.2,35.28,35.4,98790,3518003.44,,,,render_normalized,tasi_2026-08-17_2026-08-17_20260817T153022794323Z,56ab1200186f32f6bf2b699463f355510bc0a3da931f38c90816013f38a2eaf0
4160,2026-08-18,35.68,35.68,35.04,35.04,65688,2322409.66,,,,render_normalized,tasi_2026-08-18_2026-08-18_20260818T153020653358Z,1cfd844fc98ba7ee716337d459294e8e314daaa0f85480a8e110399f3a6b856d
4160,2026-08-19,35.0,35.48,34.72,34.72,107733,3769413.92,,,,render_normalized,tasi_2026-08-19_2026-08-19_20260819T153022440747Z,c9f50859d8825bb8e17dc890cb696be42681eb6c5d61b3749a33257a86f3517b
4160,2026-08-20,34.9,35.7,34.8,35.24,143872,5084252.46,,,,render_normalized,tasi_2026-08-20_2026-08-28_20260827T215758538311Z,7a00d373848e778f83c80f1777575ad48a6a4c0c192fe2e6a4123b56ae26cdee
4160,2026-08-23,35.26,35.72,35.0,35.2,72530,2562170.56,,,,render_normalized,tasi_2026-08-20_2026-08-28_20260827T215758538311Z,7a00d373848e778f83c80f1777575ad48a6a4c0c192fe2e6a4123b56ae26cdee
4160,2026-08-24,35.2,35.68,35.2,35.28,93112,3300227.68,,,,render_normalized,tasi_2026-08-20_2026-08-28_20260827T215758538311Z,7a00d373848e778f83c80f1777575ad48a6a4c0c192fe2e6a4123b56ae26cdee
4160,2026-08-25,35.36,35.42,34.92,34.94,65873,2311292.4,,,,render_normalized,tasi_2026-08-20_2026-08-28_20260827T215758538311Z,7a00d373848e778f83c80f1777575ad48a6a4c0c192fe2e6a4123b56ae26cdee
4160,2026-08-26,34.52,34.94,34.5,34.54,70082,2431264.72,,,,render_normalized,tasi_2026-08-20_2026-08-28_20260827T215758538311Z,7a00d373848e778f83c80f1777575ad48a6a4c0c192fe2e6a4123b56ae26cdee
4160,2026-08-27,34.5,35.6,34.5,35.24,161755,5689070.04,,,,render_normalized,tasi_2026-08-20_2026-08-28_20260827T215758538311Z,7a00d373848e778f83c80f1777575ad48a6a4c0c192fe2e6a4123b56ae26cdee
4160,2026-08-30,35.38,37.4,35.28,36.66,542183,19890129.88,,,,render_normalized,tasi_2026-08-29_2026-08-30_20260830T153021490619Z,40f2932d214f44ed867e412ffba0369130210869179423e6eadc9f965765cdba
4160,2026-08-31,37.4,37.4,35.66,35.66,161044,5829388.94,,,,render_normalized,tasi_2026-08-31_2026-08-31_20260831T153022596960Z,374b46eb50c52f8fd4d5c98f4b7cf8e0c79e078fd621a4b30f58d5382471b4af
4161,2026-08-02,4.63,4.67,4.6,4.66,315364,1464291.88,,,,render_normalized,tasi_2026-07-31_2026-08-02_20260802T153020127593Z,2eb23ca39fcf0e44fa270e6e4d6a1341261e22b2abfbc789ec2875a29009248b
4161,2026-08-03,4.64,4.7,4.64,4.7,374510,1753447.27,,,,render_normalized,tasi_2026-08-03_2026-08-03_20260803T153021496139Z,4b0f0fa9c3b343cf96fecea13101ae13ad2a21806fd55533770061ac5bb0689d
4161,2026-08-04,4.7,4.73,4.68,4.73,517203,2430328.18,,,,render_normalized,tasi_2026-08-04_2026-08-04_20260804T153023696814Z,32de4882671eec0a9062962d0f5591f8e56969b134d0070652d21718d4563e66
4161,2026-08-05,4.73,4.73,4.65,4.68,432089,2022082.81,,,,render_normalized,tasi_2026-08-05_2026-08-05_20260805T153024437012Z,9fd93f225e2663ef72017465f1af6b5bb1e9f620c1b69c07a1f0fd54b850091a
4161,2026-08-06,4.68,4.68,4.64,4.65,263692,1227356.97,,,,render_normalized,tasi_2026-08-06_2026-08-06_20260806T153021501965Z,6ff377152d0ead67e84f33bc0daa618a818145aa8e2f551c9273431d88ac3851
4161,2026-08-09,4.64,4.67,4.64,4.65,224311,1043651.86,,,,render_normalized,tasi_2026-08-07_2026-08-09_20260809T153020287151Z,d7eb763bea83ef8684d027dfe3fb0fb7c951f2a9c34d7e37300eab6704449ed3
4161,2026-08-10,4.59,4.61,4.42,4.55,1130287,5113086.22,,,,render_normalized,tasi_2026-08-10_2026-08-10_20260810T153020102570Z,84d11a25e4f1e5c1fd93cef767caa7b24135f07229eeaeab08169c657f7b53de
4161,2026-08-11,4.54,4.54,4.46,4.51,490390,2201258.92,,,,render_normalized,tasi_2026-08-11_2026-08-11_20260811T153022011718Z,2ca6395fd3fcc72ba670e2961883e5c743cbb0e78c08f0ae926df09c31320865
4161,2026-08-12,4.49,4.59,4.49,4.53,370909,1687562.31,,,,render_normalized,tasi_2026-08-12_2026-08-12_20260812T153021905708Z,8862a2d01571a3c9a9cdaef7d6c4c85e805809ad63506c8d9042aff3fa53b579
4161,2026-08-13,4.52,4.57,4.49,4.52,339597,1535502.22,,,,render_normalized,tasi_2026-08-13_2026-08-13_20260813T153020777659Z,e0b6e7e97827824585b899f3f5ae2a43f595aeae92435da9a370d3df14b68b99
4161,2026-08-16,4.51,4.6,4.45,4.45,675035,3058699.32,,,,render_normalized,tasi_2026-08-14_2026-08-16_20260816T153020395457Z,5392abdf5e4a97362d33f1f6287bf2bc003c7d4bb43d28918b8aa095af9310d7
4161,2026-08-17,4.51,4.61,4.5,4.56,805195,3665224.02,,,,render_normalized,tasi_2026-08-17_2026-08-17_20260817T153022794323Z,56ab1200186f32f6bf2b699463f355510bc0a3da931f38c90816013f38a2eaf0
4161,2026-08-18,4.56,4.67,4.56,4.66,880391,4075109.36,,,,render_normalized,tasi_2026-08-18_2026-08-18_20260818T153020653358Z,1cfd844fc98ba7ee716337d459294e8e314daaa0f85480a8e110399f3a6b856d
4161,2026-08-19,4.66,4.66,4.6,4.62,546736,2529607.75,,,,render_normalized,tasi_2026-08-19_2026-08-19_20260819T153022440747Z,c9f50859d8825bb8e17dc890cb696be42681eb6c5d61b3749a33257a86f3517b
4161,2026-08-20,4.62,4.72,4.62,4.7,894787,4185050.07,,,,render_normalized,tasi_2026-08-20_2026-08-28_20260827T215758538311Z,7a00d373848e778f83c80f1777575ad48a6a4c0c192fe2e6a4123b56ae26cdee
4161,2026-08-23,4.7,4.75,4.67,4.69,693772,3265626.68,,,,render_normalized,tasi_2026-08-20_2026-08-28_20260827T215758538311Z,7a00d373848e778f83c80f1777575ad48a6a4c0c192fe2e6a4123b56ae26cdee
4161,2026-08-24,4.69,4.71,4.65,4.67,457079,2138074.6,,,,render_normalized,tasi_2026-08-20_2026-08-28_20260827T215758538311Z,7a00d373848e778f83c80f1777575ad48a6a4c0c192fe2e6a4123b56ae26cdee
4161,2026-08-25,4.67,4.72,4.64,4.69,706915,3303435.08,,,,render_normalized,tasi_2026-08-20_2026-08-28_20260827T215758538311Z,7a00d373848e778f83c80f1777575ad48a6a4c0c192fe2e6a4123b56ae26cdee
4161,2026-08-26,4.7,4.74,4.66,4.7,549300,2582393.42,,,,render_normalized,tasi_2026-08-20_2026-08-28_20260827T215758538311Z,7a00d373848e778f83c80f1777575ad48a6a4c0c192fe2e6a4123b56ae26cdee
4161,2026-08-27,4.69,4.71,4.66,4.69,277252,1298176.12,,,,render_normalized,tasi_2026-08-20_2026-08-28_20260827T215758538311Z,7a00d373848e778f83c80f1777575ad48a6a4c0c192fe2e6a4123b56ae26cdee
4161,2026-08-30,4.69,4.9,4.69,4.77,1775811,8518847.76,,,,render_normalized,tasi_2026-08-29_2026-08-30_20260830T153021490619Z,40f2932d214f44ed867e412ffba0369130210869179423e6eadc9f965765cdba
4161,2026-08-31,4.75,4.76,4.65,4.69,801465,3759236.09,,,,render_normalized,tasi_2026-08-31_2026-08-31_20260831T153022596960Z,374b46eb50c52f8fd4d5c98f4b7cf8e0c79e078fd621a4b30f58d5382471b4af
4162,2026-08-02,59.1,60.9,56.75,60.4,53888,3206745.65,,,,render_normalized,tasi_2026-07-31_2026-08-02_20260802T153020127593Z,2eb23ca39fcf0e44fa270e6e4d6a1341261e22b2abfbc789ec2875a29009248b
4162,2026-08-03,60.4,61.0,59.5,60.6,45085,2729684.8,,,,render_normalized,tasi_2026-08-03_2026-08-03_20260803T153021496139Z,4b0f0fa9c3b343cf96fecea13101ae13ad2a21806fd55533770061ac5bb0689d
4162,2026-08-04,60.6,61.65,60.55,61.5,51536,3156029.3,,,,render_normalized,tasi_2026-08-04_2026-08-04_20260804T153023696814Z,32de4882671eec0a9062962d0f5591f8e56969b134d0070652d21718d4563e66
4162,2026-08-05,61.5,61.95,61.05,61.4,64376,3957054.05,,,,render_normalized,tasi_2026-08-05_2026-08-05_20260805T153024437012Z,9fd93f225e2663ef72017465f1af6b5bb1e9f620c1b69c07a1f0fd54b850091a
4162,2026-08-06,64.0,65.45,63.1,64.0,666237,42740891.9,,,,render_normalized,tasi_2026-08-06_2026-08-06_20260806T153021501965Z,6ff377152d0ead67e84f33bc0daa618a818145aa8e2f551c9273431d88ac3851
4162,2026-08-09,64.0,64.45,62.75,63.65,191536,12140047.9,,,,render_normalized,tasi_2026-08-07_2026-08-09_20260809T153020287151Z,d7eb763bea83ef8684d027dfe3fb0fb7c951f2a9c34d7e37300eab6704449ed3
4162,2026-08-10,63.7,63.7,61.3,63.1,307418,19089400.05,,,,render_normalized,tasi_2026-08-10_2026-08-10_20260810T153020102570Z,84d11a25e4f1e5c1fd93cef767caa7b24135f07229eeaeab08169c657f7b53de
4162,2026-08-11,63.0,64.0,62.0,62.7,129286,8154095.2,,,,render_normalized,tasi_2026-08-11_2026-08-11_20260811T153022011718Z,2ca6395fd3fcc72ba670e2961883e5c743cbb0e78c08f0ae926df09c31320865
4162,2026-08-12,63.0,64.0,62.3,62.85,149448,9419869.85,,,,render_normalized,tasi_2026-08-12_2026-08-12_20260812T153021905708Z,8862a2d01571a3c9a9cdaef7d6c4c85e805809ad63506c8d9042aff3fa53b579
4162,2026-08-13,62.8,63.95,61.6,63.25,122150,7654930.1,,,,render_normalized,tasi_2026-08-13_2026-08-13_20260813T153020777659Z,e0b6e7e97827824585b899f3f5ae2a43f595aeae92435da9a370d3df14b68b99
4162,2026-08-16,63.25,63.4,61.85,61.85,94881,5926335.35,,,,render_normalized,tasi_2026-08-14_2026-08-16_20260816T153020395457Z,5392abdf5e4a97362d33f1f6287bf2bc003c7d4bb43d28918b8aa095af9310d7
4162,2026-08-17,62.1,62.8,61.4,62.15,201551,12490540.05,,,,render_normalized,tasi_2026-08-17_2026-08-17_20260817T153022794323Z,56ab1200186f32f6bf2b699463f355510bc0a3da931f38c90816013f38a2eaf0
4162,2026-08-18,62.15,62.7,61.5,62.25,173834,10795357.65,,,,render_normalized,tasi_2026-08-18_2026-08-18_20260818T153020653358Z,1cfd844fc98ba7ee716337d459294e8e314daaa0f85480a8e110399f3a6b856d
4162,2026-08-19,62.3,62.8,61.95,62.05,56364,3509124.05,,,,render_normalized,tasi_2026-08-19_2026-08-19_20260819T153022440747Z,c9f50859d8825bb8e17dc890cb696be42681eb6c5d61b3749a33257a86f3517b
4162,2026-08-20,62.05,62.95,61.85,62.7,171109,10697003.05,,,,render_normalized,tasi_2026-08-20_2026-08-28_20260827T215758538311Z,7a00d373848e778f83c80f1777575ad48a6a4c0c192fe2e6a4123b56ae26cdee
4162,2026-08-23,62.6,63.1,62.15,62.6,122697,7690885.05,,,,render_normalized,tasi_2026-08-20_2026-08-28_20260827T215758538311Z,7a00d373848e778f83c80f1777575ad48a6a4c0c192fe2e6a4123b56ae26cdee
4162,2026-08-24,62.6,62.85,61.25,61.35,305178,18862152.55,,,,render_normalized,tasi_2026-08-20_2026-08-28_20260827T215758538311Z,7a00d373848e778f83c80f1777575ad48a6a4c0c192fe2e6a4123b56ae26cdee
4162,2026-08-25,61.3,61.65,60.7,61.55,151629,9283059.85,,,,render_normalized,tasi_2026-08-20_2026-08-28_20260827T215758538311Z,7a00d373848e778f83c80f1777575ad48a6a4c0c192fe2e6a4123b56ae26cdee
4162,2026-08-26,61.5,62.4,60.95,60.95,134175,8270734.2,,,,render_normalized,tasi_2026-08-20_2026-08-28_20260827T215758538311Z,7a00d373848e778f83c80f1777575ad48a6a4c0c192fe2e6a4123b56ae26cdee
4162,2026-08-27,60.95,61.65,60.2,61.6,195138,11890579.3,,,,render_normalized,tasi_2026-08-20_2026-08-28_20260827T215758538311Z,7a00d373848e778f83c80f1777575ad48a6a4c0c192fe2e6a4123b56ae26cdee
4162,2026-08-30,61.75,62.8,61.2,61.25,252876,15675075.1,,,,render_normalized,tasi_2026-08-29_2026-08-30_20260830T153021490619Z,40f2932d214f44ed867e412ffba0369130210869179423e6eadc9f965765cdba
4162,2026-08-31,61.5,61.85,60.95,61.4,135050,8298801.7,,,,render_normalized,tasi_2026-08-31_2026-08-31_20260831T153022596960Z,374b46eb50c52f8fd4d5c98f4b7cf8e0c79e078fd621a4b30f58d5382471b4af
4163,2026-08-02,40.5,40.7,40.32,40.5,85588,3466435.12,,,,render_normalized,tasi_2026-07-31_2026-08-02_20260802T153020127593Z,2eb23ca39fcf0e44fa270e6e4d6a1341261e22b2abfbc789ec2875a29009248b
4163,2026-08-03,40.5,40.88,40.3,40.84,64256,2613968.48,,,,render_normalized,tasi_2026-08-03_2026-08-03_20260803T153021496139Z,4b0f0fa9c3b343cf96fecea13101ae13ad2a21806fd55533770061ac5bb0689d
4163,2026-08-04,40.84,41.28,40.76,41.16,80226,3292970.34,,,,render_normalized,tasi_2026-08-04_2026-08-04_20260804T153023696814Z,32de4882671eec0a9062962d0f5591f8e56969b134d0070652d21718d4563e66
4163,2026-08-05,41.16,41.6,41.06,41.28,68266,2819570.68,,,,render_normalized,tasi_2026-08-05_2026-08-05_20260805T153024437012Z,9fd93f225e2663ef72017465f1af6b5bb1e9f620c1b69c07a1f0fd54b850091a
4163,2026-08-06,41.28,41.28,40.62,40.62,44320,1810852.78,,,,render_normalized,tasi_2026-08-06_2026-08-06_20260806T153021501965Z,6ff377152d0ead67e84f33bc0daa618a818145aa8e2f551c9273431d88ac3851
4163,2026-08-09,40.0,40.0,39.02,39.38,107181,4224013.76,,,,render_normalized,tasi_2026-08-07_2026-08-09_20260809T153020287151Z,d7eb763bea83ef8684d027dfe3fb0fb7c951f2a9c34d7e37300eab6704449ed3
4163,2026-08-10,39.06,39.06,37.5,38.0,172343,6567856.14,,,,render_normalized,tasi_2026-08-10_2026-08-10_20260810T153020102570Z,84d11a25e4f1e5c1fd93cef767caa7b24135f07229eeaeab08169c657f7b53de
4163,2026-08-11,38.0,38.16,37.62,38.0,111260,4214976.08,,,,render_normalized,tasi_2026-08-11_2026-08-11_20260811T153022011718Z,2ca6395fd3fcc72ba670e2961883e5c743cbb0e78c08f0ae926df09c31320865
4163,2026-08-12,38.26,38.78,38.06,38.5,83250,3205903.68,,,,render_normalized,tasi_2026-08-12_2026-08-12_20260812T153021905708Z,8862a2d01571a3c9a9cdaef7d6c4c85e805809ad63506c8d9042aff3fa53b579
4163,2026-08-13,38.48,38.48,37.98,38.24,112034,4268257.7,,,,render_normalized,tasi_2026-08-13_2026-08-13_20260813T153020777659Z,e0b6e7e97827824585b899f3f5ae2a43f595aeae92435da9a370d3df14b68b99
4163,2026-08-16,38.6,38.76,38.38,38.62,41924,1616568.64,,,,render_normalized,tasi_2026-08-14_2026-08-16_20260816T153020395457Z,5392abdf5e4a97362d33f1f6287bf2bc003c7d4bb43d28918b8aa095af9310d7
4163,2026-08-17,38.8,39.0,38.5,39.0,89229,3469634.64,,,,render_normalized,tasi_2026-08-17_2026-08-17_20260817T153022794323Z,56ab1200186f32f6bf2b699463f355510bc0a3da931f38c90816013f38a2eaf0
4163,2026-08-18,39.0,39.0,38.34,38.58,57149,2201199.38,,,,render_normalized,tasi_2026-08-18_2026-08-18_20260818T153020653358Z,1cfd844fc98ba7ee716337d459294e8e314daaa0f85480a8e110399f3a6b856d
4163,2026-08-19,38.56,38.58,38.22,38.42,112905,4332865.14,,,,render_normalized,tasi_2026-08-19_2026-08-19_20260819T153022440747Z,c9f50859d8825bb8e17dc890cb696be42681eb6c5d61b3749a33257a86f3517b
4163,2026-08-20,38.42,38.9,38.24,38.8,66598,2572087.8,,,,render_normalized,tasi_2026-08-20_2026-08-28_20260827T215758538311Z,7a00d373848e778f83c80f1777575ad48a6a4c0c192fe2e6a4123b56ae26cdee
4163,2026-08-23,38.74,39.14,38.7,39.0,51698,2013529.02,,,,render_normalized,tasi_2026-08-20_2026-08-28_20260827T215758538311Z,7a00d373848e778f83c80f1777575ad48a6a4c0c192fe2e6a4123b56ae26cdee
4163,2026-08-24,38.96,39.36,38.8,39.06,94837,3705641.04,,,,render_normalized,tasi_2026-08-20_2026-08-28_20260827T215758538311Z,7a00d373848e778f83c80f1777575ad48a6a4c0c192fe2e6a4123b56ae26cdee
4163,2026-08-25,39.0,39.2,38.86,39.08,72224,2820842.48,,,,render_normalized,tasi_2026-08-20_2026-08-28_20260827T215758538311Z,7a00d373848e778f83c80f1777575ad48a6a4c0c192fe2e6a4123b56ae26cdee
4163,2026-08-26,39.18,39.4,39.0,39.12,60625,2374669.8,,,,render_normalized,tasi_2026-08-20_2026-08-28_20260827T215758538311Z,7a00d373848e778f83c80f1777575ad48a6a4c0c192fe2e6a4123b56ae26cdee
4163,2026-08-27,39.12,39.26,39.0,39.0,87916,3438185.38,,,,render_normalized,tasi_2026-08-20_2026-08-28_20260827T215758538311Z,7a00d373848e778f83c80f1777575ad48a6a4c0c192fe2e6a4123b56ae26cdee
4163,2026-08-30,39.0,39.1,38.8,38.92,99841,3885543.68,,,,render_normalized,tasi_2026-08-29_2026-08-30_20260830T153021490619Z,40f2932d214f44ed867e412ffba0369130210869179423e6eadc9f965765cdba
4163,2026-08-31,39.04,39.2,38.38,38.42,109867,4258572.4,,,,render_normalized,tasi_2026-08-31_2026-08-31_20260831T153022596960Z,374b46eb50c52f8fd4d5c98f4b7cf8e0c79e078fd621a4b30f58d5382471b4af
4164,2026-08-02,95.0,96.7,95.0,96.0,128690,12338818.55,,,,render_normalized,tasi_2026-07-31_2026-08-02_20260802T153020127593Z,2eb23ca39fcf0e44fa270e6e4d6a1341261e22b2abfbc789ec2875a29009248b
4164,2026-08-03,96.0,96.9,95.55,96.0,113375,10920173.45,,,,render_normalized,tasi_2026-08-03_2026-08-03_20260803T153021496139Z,4b0f0fa9c3b343cf96fecea13101ae13ad2a21806fd55533770061ac5bb0689d
4164,2026-08-04,96.0,96.1,95.2,95.55,186520,17861258.9,,,,render_normalized,tasi_2026-08-04_2026-08-04_20260804T153023696814Z,32de4882671eec0a9062962d0f5591f8e56969b134d0070652d21718d4563e66
4164,2026-08-05,95.55,96.45,95.35,95.9,72278,6934053.3,,,,render_normalized,tasi_2026-08-05_2026-08-05_20260805T153024437012Z,9fd93f225e2663ef72017465f1af6b5bb1e9f620c1b69c07a1f0fd54b850091a
4164,2026-08-06,95.9,96.2,94.9,95.2,129694,12379444.55,,,,render_normalized,tasi_2026-08-06_2026-08-06_20260806T153021501965Z,6ff377152d0ead67e84f33bc0daa618a818145aa8e2f551c9273431d88ac3851
4164,2026-08-09,95.2,96.25,94.75,95.45,151856,14481852.35,,,,render_normalized,tasi_2026-08-07_2026-08-09_20260809T153020287151Z,d7eb763bea83ef8684d027dfe3fb0fb7c951f2a9c34d7e37300eab6704449ed3
4164,2026-08-10,95.3,96.6,95.05,96.3,182470,17527894.05,,,,render_normalized,tasi_2026-08-10_2026-08-10_20260810T153020102570Z,84d11a25e4f1e5c1fd93cef767caa7b24135f07229eeaeab08169c657f7b53de
4164,2026-08-11,96.3,96.45,95.45,96.25,93207,8951515.8,,,,render_normalized,tasi_2026-08-11_2026-08-11_20260811T153022011718Z,2ca6395fd3fcc72ba670e2961883e5c743cbb0e78c08f0ae926df09c31320865
4164,2026-08-12,96.0,96.25,95.65,96.25,136022,13055814.85,,,,render_normalized,tasi_2026-08-12_2026-08-12_20260812T153021905708Z,8862a2d01571a3c9a9cdaef7d6c4c85e805809ad63506c8d9042aff3fa53b579
4164,2026-08-13,96.2,96.7,95.25,95.5,194384,18601431.9,,,,render_normalized,tasi_2026-08-13_2026-08-13_20260813T153020777659Z,e0b6e7e97827824585b899f3f5ae2a43f595aeae92435da9a370d3df14b68b99
4164,2026-08-16,93.95,94.0,92.1,93.05,165846,15430649.2,,,,render_normalized,tasi_2026-08-14_2026-08-16_20260816T153020395457Z,5392abdf5e4a97362d33f1f6287bf2bc003c7d4bb43d28918b8aa095af9310d7
4164,2026-08-17,93.05,94.0,92.6,93.0,141081,13151263.15,,,,render_normalized,tasi_2026-08-17_2026-08-17_20260817T153022794323Z,56ab1200186f32f6bf2b699463f355510bc0a3da931f38c90816013f38a2eaf0
4164,2026-08-18,92.9,93.9,92.8,92.95,111133,10362505.7,,,,render_normalized,tasi_2026-08-18_2026-08-18_20260818T153020653358Z,1cfd844fc98ba7ee716337d459294e8e314daaa0f85480a8e110399f3a6b856d
4164,2026-08-19,93.15,93.95,92.95,93.0,87903,8215324.55,,,,render_normalized,tasi_2026-08-19_2026-08-19_20260819T153022440747Z,c9f50859d8825bb8e17dc890cb696be42681eb6c5d61b3749a33257a86f3517b
4164,2026-08-20,93.05,93.9,93.05,93.6,110232,10309144.7,,,,render_normalized,tasi_2026-08-20_2026-08-28_20260827T215758538311Z,7a00d373848e778f83c80f1777575ad48a6a4c0c192fe2e6a4123b56ae26cdee
4164,2026-08-23,93.6,94.1,93.05,93.45,139816,13078202.45,,,,render_normalized,tasi_2026-08-20_2026-08-28_20260827T215758538311Z,7a00d373848e778f83c80f1777575ad48a6a4c0c192fe2e6a4123b56ae26cdee
4164,2026-08-24,93.45,94.0,93.4,93.75,150174,14077148.0,,,,render_normalized,tasi_2026-08-20_2026-08-28_20260827T215758538311Z,7a00d373848e778f83c80f1777575ad48a6a4c0c192fe2e6a4123b56ae26cdee
4164,2026-08-25,93.95,94.4,93.8,93.8,110915,10431294.25,,,,render_normalized,tasi_2026-08-20_2026-08-28_20260827T215758538311Z,7a00d373848e778f83c80f1777575ad48a6a4c0c192fe2e6a4123b56ae26cdee
4164,2026-08-26,93.9,94.8,93.7,94.25,214414,20217038.45,,,,render_normalized,tasi_2026-08-20_2026-08-28_20260827T215758538311Z,7a00d373848e778f83c80f1777575ad48a6a4c0c192fe2e6a4123b56ae26cdee
4164,2026-08-27,94.8,94.8,93.85,93.9,86436,8142045.25,,,,render_normalized,tasi_2026-08-20_2026-08-28_20260827T215758538311Z,7a00d373848e778f83c80f1777575ad48a6a4c0c192fe2e6a4123b56ae26cdee
4164,2026-08-30,93.9,94.85,93.15,93.25,189816,17763869.2,,,,render_normalized,tasi_2026-08-29_2026-08-30_20260830T153021490619Z,40f2932d214f44ed867e412ffba0369130210869179423e6eadc9f965765cdba
4164,2026-08-31,93.4,93.4,92.45,92.45,122320,11356829.1,,,,render_normalized,tasi_2026-08-31_2026-08-31_20260831T153022596960Z,374b46eb50c52f8fd4d5c98f4b7cf8e0c79e078fd621a4b30f58d5382471b4af
4165,2026-08-02,120.0,123.1,119.1,122.8,38850,4733241.8,,,,render_normalized,tasi_2026-07-31_2026-08-02_20260802T153020127593Z,2eb23ca39fcf0e44fa270e6e4d6a1341261e22b2abfbc789ec2875a29009248b
4165,2026-08-03,122.8,123.6,121.8,122.3,24899,3049681.4,,,,render_normalized,tasi_2026-08-03_2026-08-03_20260803T153021496139Z,4b0f0fa9c3b343cf96fecea13101ae13ad2a21806fd55533770061ac5bb0689d
4165,2026-08-04,121.4,122.8,120.5,122.2,19820,2411924.7,,,,render_normalized,tasi_2026-08-04_2026-08-04_20260804T153023696814Z,32de4882671eec0a9062962d0f5591f8e56969b134d0070652d21718d4563e66
4165,2026-08-05,121.6,122.6,118.5,120.0,85017,10229663.4,,,,render_normalized,tasi_2026-08-05_2026-08-05_20260805T153024437012Z,9fd93f225e2663ef72017465f1af6b5bb1e9f620c1b69c07a1f0fd54b850091a
4165,2026-08-06,120.0,120.0,118.6,119.5,27545,3288885.4,,,,render_normalized,tasi_2026-08-06_2026-08-06_20260806T153021501965Z,6ff377152d0ead67e84f33bc0daa618a818145aa8e2f551c9273431d88ac3851
4165,2026-08-09,119.5,121.0,119.5,119.9,8469,1018510.9,,,,render_normalized,tasi_2026-08-07_2026-08-09_20260809T153020287151Z,d7eb763bea83ef8684d027dfe3fb0fb7c951f2a9c34d7e37300eab6704449ed3
4165,2026-08-10,119.6,122.5,119.0,119.0,38772,4669943.2,,,,render_normalized,tasi_2026-08-10_2026-08-10_20260810T153020102570Z,84d11a25e4f1e5c1fd93cef767caa7b24135f07229eeaeab08169c657f7b53de
4165,2026-08-11,120.0,120.0,118.5,118.5,22010,2617296.8,,,,render_normalized,tasi_2026-08-11_2026-08-11_20260811T153022011718Z,2ca6395fd3fcc72ba670e2961883e5c743cbb0e78c08f0ae926df09c31320865
4165,2026-08-12,118.6,119.6,118.6,119.5,16118,1922589.0,,,,render_normalized,tasi_2026-08-12_2026-08-12_20260812T153021905708Z,8862a2d01571a3c9a9cdaef7d6c4c85e805809ad63506c8d9042aff3fa53b579
4165,2026-08-13,119.0,120.6,118.2,120.0,34727,4142817.7,,,,render_normalized,tasi_2026-08-13_2026-08-13_20260813T153020777659Z,e0b6e7e97827824585b899f3f5ae2a43f595aeae92435da9a370d3df14b68b99
4165,2026-08-16,120.0,121.5,119.7,119.7,16498,1985947.8,,,,render_normalized,tasi_2026-08-14_2026-08-16_20260816T153020395457Z,5392abdf5e4a97362d33f1f6287bf2bc003c7d4bb43d28918b8aa095af9310d7
4165,2026-08-17,119.0,122.0,119.0,121.9,36664,4440295.6,,,,render_normalized,tasi_2026-08-17_2026-08-17_20260817T153022794323Z,56ab1200186f32f6bf2b699463f355510bc0a3da931f38c90816013f38a2eaf0
4165,2026-08-18,122.1,122.1,119.5,119.5,28024,3365446.3,,,,render_normalized,tasi_2026-08-18_2026-08-18_20260818T153020653358Z,1cfd844fc98ba7ee716337d459294e8e314daaa0f85480a8e110399f3a6b856d
4165,2026-08-19,119.0,120.8,118.1,118.3,40425,4794010.5,,,,render_normalized,tasi_2026-08-19_2026-08-19_20260819T153022440747Z,c9f50859d8825bb8e17dc890cb696be42681eb6c5d61b3749a33257a86f3517b
4165,2026-08-20,118.3,118.6,117.3,117.8,43967,5186275.6,,,,render_normalized,tasi_2026-08-20_2026-08-28_20260827T215758538311Z,7a00d373848e778f83c80f1777575ad48a6a4c0c192fe2e6a4123b56ae26cdee
4165,2026-08-23,118.0,119.4,118.0,119.1,22779,2712655.3,,,,render_normalized,tasi_2026-08-20_2026-08-28_20260827T215758538311Z,7a00d373848e778f83c80f1777575ad48a6a4c0c192fe2e6a4123b56ae26cdee
4165,2026-08-24,119.9,123.7,119.5,123.5,83487,10194159.6,,,,render_normalized,tasi_2026-08-20_2026-08-28_20260827T215758538311Z,7a00d373848e778f83c80f1777575ad48a6a4c0c192fe2e6a4123b56ae26cdee
4165,2026-08-25,123.5,124.7,122.5,123.2,44462,5489698.4,,,,render_normalized,tasi_2026-08-20_2026-08-28_20260827T215758538311Z,7a00d373848e778f83c80f1777575ad48a6a4c0c192fe2e6a4123b56ae26cdee
4165,2026-08-26,123.2,124.1,122.1,122.2,40691,5006627.4,,,,render_normalized,tasi_2026-08-20_2026-08-28_20260827T215758538311Z,7a00d373848e778f83c80f1777575ad48a6a4c0c192fe2e6a4123b56ae26cdee
4165,2026-08-27,122.5,123.1,121.2,121.2,19100,2330931.9,,,,render_normalized,tasi_2026-08-20_2026-08-28_20260827T215758538311Z,7a00d373848e778f83c80f1777575ad48a6a4c0c192fe2e6a4123b56ae26cdee
4165,2026-08-30,121.2,123.9,121.2,123.3,13440,1648258.0,,,,render_normalized,tasi_2026-08-29_2026-08-30_20260830T153021490619Z,40f2932d214f44ed867e412ffba0369130210869179423e6eadc9f965765cdba
4165,2026-08-31,123.9,123.9,121.3,123.4,48821,5986208.3,,,,render_normalized,tasi_2026-08-31_2026-08-31_20260831T153022596960Z,374b46eb50c52f8fd4d5c98f4b7cf8e0c79e078fd621a4b30f58d5382471b4af
4170,2026-08-02,14.88,15.24,14.88,14.99,144208,2173906.52,,,,render_normalized,tasi_2026-07-31_2026-08-02_20260802T153020127593Z,2eb23ca39fcf0e44fa270e6e4d6a1341261e22b2abfbc789ec2875a29009248b
4170,2026-08-03,15.02,15.19,15.02,15.06,167556,2529361.77,,,,render_normalized,tasi_2026-08-03_2026-08-03_20260803T153021496139Z,4b0f0fa9c3b343cf96fecea13101ae13ad2a21806fd55533770061ac5bb0689d
4170,2026-08-04,15.08,15.33,15.03,15.03,222033,3362794.28,,,,render_normalized,tasi_2026-08-04_2026-08-04_20260804T153023696814Z,32de4882671eec0a9062962d0f5591f8e56969b134d0070652d21718d4563e66
4170,2026-08-05,15.13,15.16,14.54,14.65,381516,5672647.47,,,,render_normalized,tasi_2026-08-05_2026-08-05_20260805T153024437012Z,9fd93f225e2663ef72017465f1af6b5bb1e9f620c1b69c07a1f0fd54b850091a
4170,2026-08-06,14.74,14.74,14.4,14.49,126843,1844603.34,,,,render_normalized,tasi_2026-08-06_2026-08-06_20260806T153021501965Z,6ff377152d0ead67e84f33bc0daa618a818145aa8e2f551c9273431d88ac3851
4170,2026-08-09,14.5,14.5,14.1,14.1,185265,2658709.33,,,,render_normalized,tasi_2026-08-07_2026-08-09_20260809T153020287151Z,d7eb763bea83ef8684d027dfe3fb0fb7c951f2a9c34d7e37300eab6704449ed3
4170,2026-08-10,14.1,14.4,13.96,14.01,246140,3467302.37,,,,render_normalized,tasi_2026-08-10_2026-08-10_20260810T153020102570Z,84d11a25e4f1e5c1fd93cef767caa7b24135f07229eeaeab08169c657f7b53de
4170,2026-08-11,14.04,14.26,14.0,14.21,343328,4850854.48,,,,render_normalized,tasi_2026-08-11_2026-08-11_20260811T153022011718Z,2ca6395fd3fcc72ba670e2961883e5c743cbb0e78c08f0ae926df09c31320865
4170,2026-08-12,14.21,14.34,14.05,14.16,272188,3859451.15,,,,render_normalized,tasi_2026-08-12_2026-08-12_20260812T153021905708Z,8862a2d01571a3c9a9cdaef7d6c4c85e805809ad63506c8d9042aff3fa53b579
4170,2026-08-13,14.17,14.3,14.14,14.21,100318,1423671.69,,,,render_normalized,tasi_2026-08-13_2026-08-13_20260813T153020777659Z,e0b6e7e97827824585b899f3f5ae2a43f595aeae92435da9a370d3df14b68b99
4170,2026-08-16,14.25,14.81,14.24,14.4,257435,3739196.98,,,,render_normalized,tasi_2026-08-14_2026-08-16_20260816T153020395457Z,5392abdf5e4a97362d33f1f6287bf2bc003c7d4bb43d28918b8aa095af9310d7
4170,2026-08-17,14.45,14.62,14.29,14.29,275812,3991368.78,,,,render_normalized,tasi_2026-08-17_2026-08-17_20260817T153022794323Z,56ab1200186f32f6bf2b699463f355510bc0a3da931f38c90816013f38a2eaf0
4170,2026-08-18,14.28,14.46,14.27,14.4,140582,2019554.35,,,,render_normalized,tasi_2026-08-18_2026-08-18_20260818T153020653358Z,1cfd844fc98ba7ee716337d459294e8e314daaa0f85480a8e110399f3a6b856d
4170,2026-08-19,14.28,14.9,14.28,14.73,557202,8164947.75,,,,render_normalized,tasi_2026-08-19_2026-08-19_20260819T153022440747Z,c9f50859d8825bb8e17dc890cb696be42681eb6c5d61b3749a33257a86f3517b
4170,2026-08-20,14.88,14.88,14.55,14.58,320075,4694150.57,,,,render_normalized,tasi_2026-08-20_2026-08-28_20260827T215758538311Z,7a00d373848e778f83c80f1777575ad48a6a4c0c192fe2e6a4123b56ae26cdee
4170,2026-08-23,14.61,14.88,14.61,14.65,320020,4705805.08,,,,render_normalized,tasi_2026-08-20_2026-08-28_20260827T215758538311Z,7a00d373848e778f83c80f1777575ad48a6a4c0c192fe2e6a4123b56ae26cdee
4170,2026-08-24,14.65,14.98,14.65,14.75,271033,4021275.9,,,,render_normalized,tasi_2026-08-20_2026-08-28_20260827T215758538311Z,7a00d373848e778f83c80f1777575ad48a6a4c0c192fe2e6a4123b56ae26cdee
4170,2026-08-25,14.84,14.84,14.64,14.66,181020,2659663.51,,,,render_normalized,tasi_2026-08-20_2026-08-28_20260827T215758538311Z,7a00d373848e778f83c80f1777575ad48a6a4c0c192fe2e6a4123b56ae26cdee
4170,2026-08-26,14.75,14.75,14.47,14.47,186820,2738059.58,,,,render_normalized,tasi_2026-08-20_2026-08-28_20260827T215758538311Z,7a00d373848e778f83c80f1777575ad48a6a4c0c192fe2e6a4123b56ae26cdee
4170,2026-08-27,14.5,14.8,14.5,14.59,402589,5895408.94,,,,render_normalized,tasi_2026-08-20_2026-08-28_20260827T215758538311Z,7a00d373848e778f83c80f1777575ad48a6a4c0c192fe2e6a4123b56ae26cdee
4170,2026-08-30,14.6,14.75,14.51,14.54,190757,2783700.25,,,,render_normalized,tasi_2026-08-29_2026-08-30_20260830T153021490619Z,40f2932d214f44ed867e412ffba0369130210869179423e6eadc9f965765cdba
4170,2026-08-31,14.54,14.55,14.37,14.42,152004,2193407.1,,,,render_normalized,tasi_2026-08-31_2026-08-31_20260831T153022596960Z,374b46eb50c52f8fd4d5c98f4b7cf8e0c79e078fd621a4b30f58d5382471b4af
4180,2026-08-02,2.37,2.43,2.37,2.4,1455000,3494103.88,,,,render_normalized,tasi_2026-07-31_2026-08-02_20260802T153020127593Z,2eb23ca39fcf0e44fa270e6e4d6a1341261e22b2abfbc789ec2875a29009248b
4180,2026-08-03,2.39,2.56,2.38,2.55,7395083,18490234.13,,,,render_normalized,tasi_2026-08-03_2026-08-03_20260803T153021496139Z,4b0f0fa9c3b343cf96fecea13101ae13ad2a21806fd55533770061ac5bb0689d
4180,2026-08-04,2.55,2.57,2.5,2.51,3025844,7658422.56,,,,render_normalized,tasi_2026-08-04_2026-08-04_20260804T153023696814Z,32de4882671eec0a9062962d0f5591f8e56969b134d0070652d21718d4563e66
4180,2026-08-05,2.51,2.52,2.45,2.45,2074687,5173754.93,,,,render_normalized,tasi_2026-08-05_2026-08-05_20260805T153024437012Z,9fd93f225e2663ef72017465f1af6b5bb1e9f620c1b69c07a1f0fd54b850091a
4180,2026-08-06,2.48,2.51,2.43,2.45,2172760,5368191.43,,,,render_normalized,tasi_2026-08-06_2026-08-06_20260806T153021501965Z,6ff377152d0ead67e84f33bc0daa618a818145aa8e2f551c9273431d88ac3851
4180,2026-08-09,2.45,2.46,2.41,2.43,1124984,2730998.85,,,,render_normalized,tasi_2026-08-07_2026-08-09_20260809T153020287151Z,d7eb763bea83ef8684d027dfe3fb0fb7c951f2a9c34d7e37300eab6704449ed3
4180,2026-08-10,2.41,2.46,2.39,2.44,2099263,5101617.57,,,,render_normalized,tasi_2026-08-10_2026-08-10_20260810T153020102570Z,84d11a25e4f1e5c1fd93cef767caa7b24135f07229eeaeab08169c657f7b53de
4180,2026-08-11,2.44,2.46,2.41,2.44,1210160,2949214.44,,,,render_normalized,tasi_2026-08-11_2026-08-11_20260811T153022011718Z,2ca6395fd3fcc72ba670e2961883e5c743cbb0e78c08f0ae926df09c31320865
4180,2026-08-12,2.42,2.45,2.42,2.43,929643,2262918.91,,,,render_normalized,tasi_2026-08-12_2026-08-12_20260812T153021905708Z,8862a2d01571a3c9a9cdaef7d6c4c85e805809ad63506c8d9042aff3fa53b579
4180,2026-08-13,2.42,2.46,2.42,2.44,1257961,3071206.63,,,,render_normalized,tasi_2026-08-13_2026-08-13_20260813T153020777659Z,e0b6e7e97827824585b899f3f5ae2a43f595aeae92435da9a370d3df14b68b99
4180,2026-08-16,2.46,2.48,2.43,2.46,778915,1915734.58,,,,render_normalized,tasi_2026-08-14_2026-08-16_20260816T153020395457Z,5392abdf5e4a97362d33f1f6287bf2bc003c7d4bb43d28918b8aa095af9310d7
4180,2026-08-17,2.45,2.46,2.4,2.41,1259679,3047480.78,,,,render_normalized,tasi_2026-08-17_2026-08-17_20260817T153022794323Z,56ab1200186f32f6bf2b699463f355510bc0a3da931f38c90816013f38a2eaf0
4180,2026-08-18,2.41,2.42,2.4,2.41,891725,2147446.7,,,,render_normalized,tasi_2026-08-18_2026-08-18_20260818T153020653358Z,1cfd844fc98ba7ee716337d459294e8e314daaa0f85480a8e110399f3a6b856d
4180,2026-08-19,2.42,2.42,2.39,2.4,821440,1975007.03,,,,render_normalized,tasi_2026-08-19_2026-08-19_20260819T153022440747Z,c9f50859d8825bb8e17dc890cb696be42681eb6c5d61b3749a33257a86f3517b
4180,2026-08-20,2.41,2.46,2.4,2.45,3156209,7677470.88,,,,render_normalized,tasi_2026-08-20_2026-08-28_20260827T215758538311Z,7a00d373848e778f83c80f1777575ad48a6a4c0c192fe2e6a4123b56ae26cdee
4180,2026-08-23,2.45,2.48,2.45,2.45,1545964,3802813.14,,,,render_normalized,tasi_2026-08-20_2026-08-28_20260827T215758538311Z,7a00d373848e778f83c80f1777575ad48a6a4c0c192fe2e6a4123b56ae26cdee
4180,2026-08-24,2.47,2.48,2.46,2.47,1029080,2535479.33,,,,render_normalized,tasi_2026-08-20_2026-08-28_20260827T215758538311Z,7a00d373848e778f83c80f1777575ad48a6a4c0c192fe2e6a4123b56ae26cdee
4180,2026-08-25,2.47,2.5,2.45,2.5,3969262,9859013.55,,,,render_normalized,tasi_2026-08-20_2026-08-28_20260827T215758538311Z,7a00d373848e778f83c80f1777575ad48a6a4c0c192fe2e6a4123b56ae26cdee
4180,2026-08-26,2.5,2.52,2.47,2.48,1797041,4464446.48,,,,render_normalized,tasi_2026-08-20_2026-08-28_20260827T215758538311Z,7a00d373848e778f83c80f1777575ad48a6a4c0c192fe2e6a4123b56ae26cdee
4180,2026-08-27,2.47,2.49,2.45,2.46,1029064,2533288.78,,,,render_normalized,tasi_2026-08-20_2026-08-28_20260827T215758538311Z,7a00d373848e778f83c80f1777575ad48a6a4c0c192fe2e6a4123b56ae26cdee
4180,2026-08-30,2.47,2.47,2.42,2.44,879466,2147134.83,,,,render_normalized,tasi_2026-08-29_2026-08-30_20260830T153021490619Z,40f2932d214f44ed867e412ffba0369130210869179423e6eadc9f965765cdba
4180,2026-08-31,2.43,2.46,2.43,2.43,1045165,2551098.59,,,,render_normalized,tasi_2026-08-31_2026-08-31_20260831T153022596960Z,374b46eb50c52f8fd4d5c98f4b7cf8e0c79e078fd621a4b30f58d5382471b4af
4190,2026-08-02,16.62,16.62,16.38,16.5,690571,11414326.33,,,,render_normalized,tasi_2026-07-31_2026-08-02_20260802T153020127593Z,2eb23ca39fcf0e44fa270e6e4d6a1341261e22b2abfbc789ec2875a29009248b
4190,2026-08-03,16.25,17.0,16.25,17.0,2922091,48961817.07,,,,render_normalized,tasi_2026-08-03_2026-08-03_20260803T153021496139Z,4b0f0fa9c3b343cf96fecea13101ae13ad2a21806fd55533770061ac5bb0689d
4190,2026-08-04,17.0,17.18,16.89,17.12,2602331,44376314.1,,,,render_normalized,tasi_2026-08-04_2026-08-04_20260804T153023696814Z,32de4882671eec0a9062962d0f5591f8e56969b134d0070652d21718d4563e66
4190,2026-08-05,17.12,17.35,17.0,17.27,2216232,38275865.0,,,,render_normalized,tasi_2026-08-05_2026-08-05_20260805T153024437012Z,9fd93f225e2663ef72017465f1af6b5bb1e9f620c1b69c07a1f0fd54b850091a
4190,2026-08-06,17.27,17.4,17.02,17.11,2169300,37240133.72,,,,render_normalized,tasi_2026-08-06_2026-08-06_20260806T153021501965Z,6ff377152d0ead67e84f33bc0daa618a818145aa8e2f551c9273431d88ac3851
4190,2026-08-09,17.11,17.29,17.1,17.22,372253,6396891.55,,,,render_normalized,tasi_2026-08-07_2026-08-09_20260809T153020287151Z,d7eb763bea83ef8684d027dfe3fb0fb7c951f2a9c34d7e37300eab6704449ed3
4190,2026-08-10,17.23,17.39,17.16,17.34,1792931,30945054.72,,,,render_normalized,tasi_2026-08-10_2026-08-10_20260810T153020102570Z,84d11a25e4f1e5c1fd93cef767caa7b24135f07229eeaeab08169c657f7b53de
4190,2026-08-11,17.3,17.39,17.19,17.26,2049661,35470820.8,,,,render_normalized,tasi_2026-08-11_2026-08-11_20260811T153022011718Z,2ca6395fd3fcc72ba670e2961883e5c743cbb0e78c08f0ae926df09c31320865
4190,2026-08-12,17.28,17.42,17.26,17.34,1636090,28321610.89,,,,render_normalized,tasi_2026-08-12_2026-08-12_20260812T153021905708Z,8862a2d01571a3c9a9cdaef7d6c4c85e805809ad63506c8d9042aff3fa53b579
4190,2026-08-13,17.34,17.34,17.0,17.18,1462881,25066182.41,,,,render_normalized,tasi_2026-08-13_2026-08-13_20260813T153020777659Z,e0b6e7e97827824585b899f3f5ae2a43f595aeae92435da9a370d3df14b68b99
4190,2026-08-16,17.16,17.17,16.9,16.93,977691,16608496.53,,,,render_normalized,tasi_2026-08-14_2026-08-16_20260816T153020395457Z,5392abdf5e4a97362d33f1f6287bf2bc003c7d4bb43d28918b8aa095af9310d7
4190,2026-08-17,16.93,17.37,16.82,17.33,2291006,39441934.57,,,,render_normalized,tasi_2026-08-17_2026-08-17_20260817T153022794323Z,56ab1200186f32f6bf2b699463f355510bc0a3da931f38c90816013f38a2eaf0
4190,2026-08-18,16.92,16.99,16.46,16.59,2935597,48748378.79,,,,render_normalized,tasi_2026-08-18_2026-08-18_20260818T153020653358Z,1cfd844fc98ba7ee716337d459294e8e314daaa0f85480a8e110399f3a6b856d
4190,2026-08-19,16.6,16.79,16.56,16.79,1100309,18363361.13,,,,render_normalized,tasi_2026-08-19_2026-08-19_20260819T153022440747Z,c9f50859d8825bb8e17dc890cb696be42681eb6c5d61b3749a33257a86f3517b
4190,2026-08-20,16.75,16.93,16.72,16.73,2177560,36597957.68,,,,render_normalized,tasi_2026-08-20_2026-08-28_20260827T215758538311Z,7a00d373848e778f83c80f1777575ad48a6a4c0c192fe2e6a4123b56ae26cdee
4190,2026-08-23,16.71,17.1,16.71,17.06,1212120,20562125.51,,,,render_normalized,tasi_2026-08-20_2026-08-28_20260827T215758538311Z,7a00d373848e778f83c80f1777575ad48a6a4c0c192fe2e6a4123b56ae26cdee
4190,2026-08-24,17.06,17.29,16.93,17.15,2276946,39067104.79,,,,render_normalized,tasi_2026-08-20_2026-08-28_20260827T215758538311Z,7a00d373848e778f83c80f1777575ad48a6a4c0c192fe2e6a4123b56ae26cdee
4190,2026-08-25,17.15,17.25,17.04,17.13,1488636,25543695.68,,,,render_normalized,tasi_2026-08-20_2026-08-28_20260827T215758538311Z,7a00d373848e778f83c80f1777575ad48a6a4c0c192fe2e6a4123b56ae26cdee
4190,2026-08-26,17.13,17.18,17.0,17.06,1212334,20683417.62,,,,render_normalized,tasi_2026-08-20_2026-08-28_20260827T215758538311Z,7a00d373848e778f83c80f1777575ad48a6a4c0c192fe2e6a4123b56ae26cdee
4190,2026-08-27,17.06,17.12,17.02,17.1,695608,11869206.45,,,,render_normalized,tasi_2026-08-20_2026-08-28_20260827T215758538311Z,7a00d373848e778f83c80f1777575ad48a6a4c0c192fe2e6a4123b56ae26cdee
4190,2026-08-30,17.1,17.1,17.01,17.07,488855,8330989.32,,,,render_normalized,tasi_2026-08-29_2026-08-30_20260830T153021490619Z,40f2932d214f44ed867e412ffba0369130210869179423e6eadc9f965765cdba
4190,2026-08-31,17.08,17.5,17.06,17.18,3470577,59873866.76,,,,render_normalized,tasi_2026-08-31_2026-08-31_20260831T153022596960Z,374b46eb50c52f8fd4d5c98f4b7cf8e0c79e078fd621a4b30f58d5382471b4af
4191,2026-08-02,40.12,41.32,39.94,40.42,307859,12435234.78,,,,render_normalized,tasi_2026-07-31_2026-08-02_20260802T153020127593Z,2eb23ca39fcf0e44fa270e6e4d6a1341261e22b2abfbc789ec2875a29009248b
4191,2026-08-03,40.46,41.7,40.46,41.0,203285,8382433.24,,,,render_normalized,tasi_2026-08-03_2026-08-03_20260803T153021496139Z,4b0f0fa9c3b343cf96fecea13101ae13ad2a21806fd55533770061ac5bb0689d
4191,2026-08-04,41.16,41.2,40.7,40.88,172956,7077296.0,,,,render_normalized,tasi_2026-08-04_2026-08-04_20260804T153023696814Z,32de4882671eec0a9062962d0f5591f8e56969b134d0070652d21718d4563e66
4191,2026-08-05,40.6,41.04,40.6,40.78,115248,4707156.4,,,,render_normalized,tasi_2026-08-05_2026-08-05_20260805T153024437012Z,9fd93f225e2663ef72017465f1af6b5bb1e9f620c1b69c07a1f0fd54b850091a
4191,2026-08-06,40.78,41.08,39.82,39.9,311954,12573986.18,,,,render_normalized,tasi_2026-08-06_2026-08-06_20260806T153021501965Z,6ff377152d0ead67e84f33bc0daa618a818145aa8e2f551c9273431d88ac3851
4191,2026-08-09,39.96,40.38,39.7,39.7,164236,6573793.08,,,,render_normalized,tasi_2026-08-07_2026-08-09_20260809T153020287151Z,d7eb763bea83ef8684d027dfe3fb0fb7c951f2a9c34d7e37300eab6704449ed3
4191,2026-08-10,39.72,39.88,38.88,39.4,123652,4866660.18,,,,render_normalized,tasi_2026-08-10_2026-08-10_20260810T153020102570Z,84d11a25e4f1e5c1fd93cef767caa7b24135f07229eeaeab08169c657f7b53de
4191,2026-08-11,39.62,39.7,39.22,39.3,78035,3078436.06,,,,render_normalized,tasi_2026-08-11_2026-08-11_20260811T153022011718Z,2ca6395fd3fcc72ba670e2961883e5c743cbb0e78c08f0ae926df09c31320865
4191,2026-08-12,39.7,40.8,39.36,40.02,244628,9769163.92,,,,render_normalized,tasi_2026-08-12_2026-08-12_20260812T153021905708Z,8862a2d01571a3c9a9cdaef7d6c4c85e805809ad63506c8d9042aff3fa53b579
4191,2026-08-13,40.68,41.18,40.3,40.4,306377,12471949.22,,,,render_normalized,tasi_2026-08-13_2026-08-13_20260813T153020777659Z,e0b6e7e97827824585b899f3f5ae2a43f595aeae92435da9a370d3df14b68b99
4191,2026-08-16,40.18,41.18,40.0,40.94,479580,19595149.48,,,,render_normalized,tasi_2026-08-14_2026-08-16_20260816T153020395457Z,5392abdf5e4a97362d33f1f6287bf2bc003c7d4bb43d28918b8aa095af9310d7
4191,2026-08-17,41.08,41.18,40.7,40.88,215454,8815649.12,,,,render_normalized,tasi_2026-08-17_2026-08-17_20260817T153022794323Z,56ab1200186f32f6bf2b699463f355510bc0a3da931f38c90816013f38a2eaf0
4191,2026-08-18,40.9,41.48,40.4,40.86,380717,15583826.4,,,,render_normalized,tasi_2026-08-18_2026-08-18_20260818T153020653358Z,1cfd844fc98ba7ee716337d459294e8e314daaa0f85480a8e110399f3a6b856d
4191,2026-08-19,40.88,40.96,40.52,40.62,147202,5990076.22,,,,render_normalized,tasi_2026-08-19_2026-08-19_20260819T153022440747Z,c9f50859d8825bb8e17dc890cb696be42681eb6c5d61b3749a33257a86f3517b
4191,2026-08-20,40.64,40.7,40.28,40.38,190772,7715325.74,,,,render_normalized,tasi_2026-08-20_2026-08-28_20260827T215758538311Z,7a00d373848e778f83c80f1777575ad48a6a4c0c192fe2e6a4123b56ae26cdee
4191,2026-08-23,40.38,40.8,40.3,40.56,123391,4999200.14,,,,render_normalized,tasi_2026-08-20_2026-08-28_20260827T215758538311Z,7a00d373848e778f83c80f1777575ad48a6a4c0c192fe2e6a4123b56ae26cdee
4191,2026-08-24,40.64,40.78,40.54,40.62,106271,4324586.24,,,,render_normalized,tasi_2026-08-20_2026-08-28_20260827T215758538311Z,7a00d373848e778f83c80f1777575ad48a6a4c0c192fe2e6a4123b56ae26cdee
4191,2026-08-25,40.62,41.02,40.6,40.72,203564,8295718.96,,,,render_normalized,tasi_2026-08-20_2026-08-28_20260827T215758538311Z,7a00d373848e778f83c80f1777575ad48a6a4c0c192fe2e6a4123b56ae26cdee
4191,2026-08-26,40.78,41.98,40.62,41.44,679626,28152696.04,,,,render_normalized,tasi_2026-08-20_2026-08-28_20260827T215758538311Z,7a00d373848e778f83c80f1777575ad48a6a4c0c192fe2e6a4123b56ae26cdee
4191,2026-08-27,41.56,43.0,41.44,42.1,799587,33766005.5,,,,render_normalized,tasi_2026-08-20_2026-08-28_20260827T215758538311Z,7a00d373848e778f83c80f1777575ad48a6a4c0c192fe2e6a4123b56ae26cdee
4191,2026-08-30,42.2,43.38,42.2,42.5,547627,23486628.78,,,,render_normalized,tasi_2026-08-29_2026-08-30_20260830T153021490619Z,40f2932d214f44ed867e412ffba0369130210869179423e6eadc9f965765cdba
4191,2026-08-31,42.5,42.86,41.8,42.42,399085,16882589.52,,,,render_normalized,tasi_2026-08-31_2026-08-31_20260831T153022596960Z,374b46eb50c52f8fd4d5c98f4b7cf8e0c79e078fd621a4b30f58d5382471b4af
4192,2026-08-02,6.58,6.59,6.56,6.58,47129,310065.95,,,,render_normalized,tasi_2026-07-31_2026-08-02_20260802T153020127593Z,2eb23ca39fcf0e44fa270e6e4d6a1341261e22b2abfbc789ec2875a29009248b
4192,2026-08-03,6.58,6.59,6.53,6.58,194534,1277057.1,,,,render_normalized,tasi_2026-08-03_2026-08-03_20260803T153021496139Z,4b0f0fa9c3b343cf96fecea13101ae13ad2a21806fd55533770061ac5bb0689d
4192,2026-08-04,6.58,6.6,6.56,6.6,82163,540941.05,,,,render_normalized,tasi_2026-08-04_2026-08-04_20260804T153023696814Z,32de4882671eec0a9062962d0f5591f8e56969b134d0070652d21718d4563e66
4192,2026-08-05,6.6,6.61,6.52,6.59,187248,1227400.58,,,,render_normalized,tasi_2026-08-05_2026-08-05_20260805T153024437012Z,9fd93f225e2663ef72017465f1af6b5bb1e9f620c1b69c07a1f0fd54b850091a
4192,2026-08-06,6.58,6.58,6.49,6.54,141677,924909.07,,,,render_normalized,tasi_2026-08-06_2026-08-06_20260806T153021501965Z,6ff377152d0ead67e84f33bc0daa618a818145aa8e2f551c9273431d88ac3851
4192,2026-08-09,6.54,6.59,6.53,6.57,35494,232742.9,,,,render_normalized,tasi_2026-08-07_2026-08-09_20260809T153020287151Z,d7eb763bea83ef8684d027dfe3fb0fb7c951f2a9c34d7e37300eab6704449ed3
4192,2026-08-10,6.56,6.6,6.53,6.58,42467,278896.43,,,,render_normalized,tasi_2026-08-10_2026-08-10_20260810T153020102570Z,84d11a25e4f1e5c1fd93cef767caa7b24135f07229eeaeab08169c657f7b53de
4192,2026-08-11,6.59,6.61,6.53,6.54,81192,532397.39,,,,render_normalized,tasi_2026-08-11_2026-08-11_20260811T153022011718Z,2ca6395fd3fcc72ba670e2961883e5c743cbb0e78c08f0ae926df09c31320865
4192,2026-08-12,6.54,6.55,6.52,6.54,42075,274862.16,,,,render_normalized,tasi_2026-08-12_2026-08-12_20260812T153021905708Z,8862a2d01571a3c9a9cdaef7d6c4c85e805809ad63506c8d9042aff3fa53b579
4192,2026-08-13,6.53,6.58,6.51,6.51,58003,379553.0,,,,render_normalized,tasi_2026-08-13_2026-08-13_20260813T153020777659Z,e0b6e7e97827824585b899f3f5ae2a43f595aeae92435da9a370d3df14b68b99
4192,2026-08-16,6.53,6.57,6.5,6.55,45913,300022.9,,,,render_normalized,tasi_2026-08-14_2026-08-16_20260816T153020395457Z,5392abdf5e4a97362d33f1f6287bf2bc003c7d4bb43d28918b8aa095af9310d7
4192,2026-08-17,6.55,6.56,6.5,6.56,126366,825733.65,,,,render_normalized,tasi_2026-08-17_2026-08-17_20260817T153022794323Z,56ab1200186f32f6bf2b699463f355510bc0a3da931f38c90816013f38a2eaf0
4192,2026-08-18,6.55,6.57,6.52,6.55,55157,360819.62,,,,render_normalized,tasi_2026-08-18_2026-08-18_20260818T153020653358Z,1cfd844fc98ba7ee716337d459294e8e314daaa0f85480a8e110399f3a6b856d
4192,2026-08-19,6.55,6.56,6.51,6.51,57227,373651.01,,,,render_normalized,tasi_2026-08-19_2026-08-19_20260819T153022440747Z,c9f50859d8825bb8e17dc890cb696be42681eb6c5d61b3749a33257a86f3517b
4192,2026-08-20,6.51,6.58,6.5,6.53,217661,1425873.68,,,,render_normalized,tasi_2026-08-20_2026-08-28_20260827T215758538311Z,7a00d373848e778f83c80f1777575ad48a6a4c0c192fe2e6a4123b56ae26cdee
4192,2026-08-23,6.52,6.57,6.52,6.55,40353,264201.39,,,,render_normalized,tasi_2026-08-20_2026-08-28_20260827T215758538311Z,7a00d373848e778f83c80f1777575ad48a6a4c0c192fe2e6a4123b56ae26cdee
4192,2026-08-24,6.55,6.56,6.5,6.54,66191,432632.89,,,,render_normalized,tasi_2026-08-20_2026-08-28_20260827T215758538311Z,7a00d373848e778f83c80f1777575ad48a6a4c0c192fe2e6a4123b56ae26cdee
4192,2026-08-25,6.53,6.57,6.49,6.54,351583,2296394.99,,,,render_normalized,tasi_2026-08-20_2026-08-28_20260827T215758538311Z,7a00d373848e778f83c80f1777575ad48a6a4c0c192fe2e6a4123b56ae26cdee
4192,2026-08-26,6.55,6.57,6.53,6.56,63229,413953.81,,,,render_normalized,tasi_2026-08-20_2026-08-28_20260827T215758538311Z,7a00d373848e778f83c80f1777575ad48a6a4c0c192fe2e6a4123b56ae26cdee
4192,2026-08-27,6.57,6.57,6.52,6.55,32803,214733.47,,,,render_normalized,tasi_2026-08-20_2026-08-28_20260827T215758538311Z,7a00d373848e778f83c80f1777575ad48a6a4c0c192fe2e6a4123b56ae26cdee
4192,2026-08-30,6.55,6.58,6.5,6.56,61902,404544.65,,,,render_normalized,tasi_2026-08-29_2026-08-30_20260830T153021490619Z,40f2932d214f44ed867e412ffba0369130210869179423e6eadc9f965765cdba
4192,2026-08-31,6.51,6.7,6.33,6.51,634608,4139537.58,,,,render_normalized,tasi_2026-08-31_2026-08-31_20260831T153022596960Z,374b46eb50c52f8fd4d5c98f4b7cf8e0c79e078fd621a4b30f58d5382471b4af
4193,2026-08-02,11.04,11.24,10.94,11.15,338707,3769263.47,,,,render_normalized,tasi_2026-07-31_2026-08-02_20260802T153020127593Z,2eb23ca39fcf0e44fa270e6e4d6a1341261e22b2abfbc789ec2875a29009248b
4193,2026-08-03,11.16,11.55,11.16,11.5,394204,4489203.24,,,,render_normalized,tasi_2026-08-03_2026-08-03_20260803T153021496139Z,4b0f0fa9c3b343cf96fecea13101ae13ad2a21806fd55533770061ac5bb0689d
4193,2026-08-04,11.6,11.8,11.46,11.7,422350,4918527.43,,,,render_normalized,tasi_2026-08-04_2026-08-04_20260804T153023696814Z,32de4882671eec0a9062962d0f5591f8e56969b134d0070652d21718d4563e66
4193,2026-08-05,11.75,11.8,11.67,11.7,245072,2874995.82,,,,render_normalized,tasi_2026-08-05_2026-08-05_20260805T153024437012Z,9fd93f225e2663ef72017465f1af6b5bb1e9f620c1b69c07a1f0fd54b850091a
4193,2026-08-06,11.67,11.75,11.51,11.51,323194,3749736.39,,,,render_normalized,tasi_2026-08-06_2026-08-06_20260806T153021501965Z,6ff377152d0ead67e84f33bc0daa618a818145aa8e2f551c9273431d88ac3851
4193,2026-08-09,11.5,11.65,11.4,11.4,241833,2785221.0,,,,render_normalized,tasi_2026-08-07_2026-08-09_20260809T153020287151Z,d7eb763bea83ef8684d027dfe3fb0fb7c951f2a9c34d7e37300eab6704449ed3
4193,2026-08-10,11.4,11.63,11.25,11.55,381948,4364275.22,,,,render_normalized,tasi_2026-08-10_2026-08-10_20260810T153020102570Z,84d11a25e4f1e5c1fd93cef767caa7b24135f07229eeaeab08169c657f7b53de
4193,2026-08-11,11.55,11.55,11.34,11.36,320694,3664873.02,,,,render_normalized,tasi_2026-08-11_2026-08-11_20260811T153022011718Z,2ca6395fd3fcc72ba670e2961883e5c743cbb0e78c08f0ae926df09c31320865
4193,2026-08-12,11.41,11.46,11.38,11.41,160828,1835842.15,,,,render_normalized,tasi_2026-08-12_2026-08-12_20260812T153021905708Z,8862a2d01571a3c9a9cdaef7d6c4c85e805809ad63506c8d9042aff3fa53b579
4193,2026-08-13,11.42,11.59,11.35,11.47,333169,3822860.36,,,,render_normalized,tasi_2026-08-13_2026-08-13_20260813T153020777659Z,e0b6e7e97827824585b899f3f5ae2a43f595aeae92435da9a370d3df14b68b99
4193,2026-08-16,11.55,11.79,11.49,11.5,316444,3672992.16,,,,render_normalized,tasi_2026-08-14_2026-08-16_20260816T153020395457Z,5392abdf5e4a97362d33f1f6287bf2bc003c7d4bb43d28918b8aa095af9310d7
4193,2026-08-17,11.5,11.65,11.44,11.56,313474,3609904.08,,,,render_normalized,tasi_2026-08-17_2026-08-17_20260817T153022794323Z,56ab1200186f32f6bf2b699463f355510bc0a3da931f38c90816013f38a2eaf0
4193,2026-08-18,11.62,12.05,11.56,11.75,1354854,16026194.71,,,,render_normalized,tasi_2026-08-18_2026-08-18_20260818T153020653358Z,1cfd844fc98ba7ee716337d459294e8e314daaa0f85480a8e110399f3a6b856d
4193,2026-08-19,11.85,12.0,11.61,11.73,860760,10166884.67,,,,render_normalized,tasi_2026-08-19_2026-08-19_20260819T153022440747Z,c9f50859d8825bb8e17dc890cb696be42681eb6c5d61b3749a33257a86f3517b
4193,2026-08-20,11.73,11.85,11.72,11.8,344495,4064807.5,,,,render_normalized,tasi_2026-08-20_2026-08-28_20260827T215758538311Z,7a00d373848e778f83c80f1777575ad48a6a4c0c192fe2e6a4123b56ae26cdee
4193,2026-08-23,11.8,12.3,11.8,12.18,1420681,17200973.93,,,,render_normalized,tasi_2026-08-20_2026-08-28_20260827T215758538311Z,7a00d373848e778f83c80f1777575ad48a6a4c0c192fe2e6a4123b56ae26cdee
4193,2026-08-24,12.18,12.18,12.02,12.06,423042,5123583.49,,,,render_normalized,tasi_2026-08-20_2026-08-28_20260827T215758538311Z,7a00d373848e778f83c80f1777575ad48a6a4c0c192fe2e6a4123b56ae26cdee
4193,2026-08-25,12.12,12.16,11.98,12.02,297797,3591240.92,,,,render_normalized,tasi_2026-08-20_2026-08-28_20260827T215758538311Z,7a00d373848e778f83c80f1777575ad48a6a4c0c192fe2e6a4123b56ae26cdee
4193,2026-08-26,12.04,12.14,11.96,12.04,386587,4659721.47,,,,render_normalized,tasi_2026-08-20_2026-08-28_20260827T215758538311Z,7a00d373848e778f83c80f1777575ad48a6a4c0c192fe2e6a4123b56ae26cdee
4193,2026-08-27,12.01,13.24,12.0,12.69,4475253,57256835.68,,,,render_normalized,tasi_2026-08-20_2026-08-28_20260827T215758538311Z,7a00d373848e778f83c80f1777575ad48a6a4c0c192fe2e6a4123b56ae26cdee
4193,2026-08-30,12.71,12.98,12.53,12.58,1195945,15154851.79,,,,render_normalized,tasi_2026-08-29_2026-08-30_20260830T153021490619Z,40f2932d214f44ed867e412ffba0369130210869179423e6eadc9f965765cdba
4193,2026-08-31,12.51,12.62,12.23,12.24,640294,7910954.73,,,,render_normalized,tasi_2026-08-31_2026-08-31_20260831T153022596960Z,374b46eb50c52f8fd4d5c98f4b7cf8e0c79e078fd621a4b30f58d5382471b4af
4194,2026-08-02,42.0,42.0,41.28,41.8,34705,1452155.26,,,,render_normalized,tasi_2026-07-31_2026-08-02_20260802T153020127593Z,2eb23ca39fcf0e44fa270e6e4d6a1341261e22b2abfbc789ec2875a29009248b
4194,2026-08-03,41.8,42.44,41.8,42.06,38778,1635931.56,,,,render_normalized,tasi_2026-08-03_2026-08-03_20260803T153021496139Z,4b0f0fa9c3b343cf96fecea13101ae13ad2a21806fd55533770061ac5bb0689d
4194,2026-08-04,42.4,42.64,42.1,42.62,32096,1360704.38,,,,render_normalized,tasi_2026-08-04_2026-08-04_20260804T153023696814Z,32de4882671eec0a9062962d0f5591f8e56969b134d0070652d21718d4563e66
4194,2026-08-05,42.66,42.72,42.38,42.44,31558,1341285.44,,,,render_normalized,tasi_2026-08-05_2026-08-05_20260805T153024437012Z,9fd93f225e2663ef72017465f1af6b5bb1e9f620c1b69c07a1f0fd54b850091a
4194,2026-08-06,42.42,42.42,41.82,41.94,34106,1434691.86,,,,render_normalized,tasi_2026-08-06_2026-08-06_20260806T153021501965Z,6ff377152d0ead67e84f33bc0daa618a818145aa8e2f551c9273431d88ac3851
4194,2026-08-09,41.96,42.4,41.96,41.98,20211,851339.6,,,,render_normalized,tasi_2026-08-07_2026-08-09_20260809T153020287151Z,d7eb763bea83ef8684d027dfe3fb0fb7c951f2a9c34d7e37300eab6704449ed3
4194,2026-08-10,41.68,41.88,41.0,41.88,51402,2134191.48,,,,render_normalized,tasi_2026-08-10_2026-08-10_20260810T153020102570Z,84d11a25e4f1e5c1fd93cef767caa7b24135f07229eeaeab08169c657f7b53de
4194,2026-08-11,41.8,41.8,40.82,41.04,86729,3563097.78,,,,render_normalized,tasi_2026-08-11_2026-08-11_20260811T153022011718Z,2ca6395fd3fcc72ba670e2961883e5c743cbb0e78c08f0ae926df09c31320865
4194,2026-08-12,41.02,41.08,40.6,41.0,45252,1846189.44,,,,render_normalized,tasi_2026-08-12_2026-08-12_20260812T153021905708Z,8862a2d01571a3c9a9cdaef7d6c4c85e805809ad63506c8d9042aff3fa53b579
4194,2026-08-13,40.76,41.08,40.68,40.78,151940,6105152.5,,,,render_normalized,tasi_2026-08-13_2026-08-13_20260813T153020777659Z,e0b6e7e97827824585b899f3f5ae2a43f595aeae92435da9a370d3df14b68b99
4194,2026-08-16,41.02,41.18,40.8,41.04,41719,1709093.6,,,,render_normalized,tasi_2026-08-14_2026-08-16_20260816T153020395457Z,5392abdf5e4a97362d33f1f6287bf2bc003c7d4bb43d28918b8aa095af9310d7
4194,2026-08-17,41.06,41.74,41.04,41.28,42197,1750168.72,,,,render_normalized,tasi_2026-08-17_2026-08-17_20260817T153022794323Z,56ab1200186f32f6bf2b699463f355510bc0a3da931f38c90816013f38a2eaf0
4194,2026-08-18,41.42,41.68,41.2,41.3,29790,1233145.82,,,,render_normalized,tasi_2026-08-18_2026-08-18_20260818T153020653358Z,1cfd844fc98ba7ee716337d459294e8e314daaa0f85480a8e110399f3a6b856d
4194,2026-08-19,41.26,41.5,41.08,41.22,26888,1108670.68,,,,render_normalized,tasi_2026-08-19_2026-08-19_20260819T153022440747Z,c9f50859d8825bb8e17dc890cb696be42681eb6c5d61b3749a33257a86f3517b
4194,2026-08-20,41.26,41.6,41.18,41.54,29067,1202311.0,,,,render_normalized,tasi_2026-08-20_2026-08-28_20260827T215758538311Z,7a00d373848e778f83c80f1777575ad48a6a4c0c192fe2e6a4123b56ae26cdee
4194,2026-08-23,41.6,42.28,41.6,41.94,45941,1927995.58,,,,render_normalized,tasi_2026-08-20_2026-08-28_20260827T215758538311Z,7a00d373848e778f83c80f1777575ad48a6a4c0c192fe2e6a4123b56ae26cdee
4194,2026-08-24,41.98,42.18,41.8,41.84,36471,1529890.98,,,,render_normalized,tasi_2026-08-20_2026-08-28_20260827T215758538311Z,7a00d373848e778f83c80f1777575ad48a6a4c0c192fe2e6a4123b56ae26cdee
4194,2026-08-25,41.68,42.06,41.6,41.7,44826,1871887.02,,,,render_normalized,tasi_2026-08-20_2026-08-28_20260827T215758538311Z,7a00d373848e778f83c80f1777575ad48a6a4c0c192fe2e6a4123b56ae26cdee
4194,2026-08-26,41.7,41.88,41.42,41.56,77953,3244855.64,,,,render_normalized,tasi_2026-08-20_2026-08-28_20260827T215758538311Z,7a00d373848e778f83c80f1777575ad48a6a4c0c192fe2e6a4123b56ae26cdee
4194,2026-08-27,41.62,41.86,41.3,41.42,103565,4293867.08,,,,render_normalized,tasi_2026-08-20_2026-08-28_20260827T215758538311Z,7a00d373848e778f83c80f1777575ad48a6a4c0c192fe2e6a4123b56ae26cdee
4194,2026-08-30,41.52,41.68,41.32,41.36,41486,1719968.76,,,,render_normalized,tasi_2026-08-29_2026-08-30_20260830T153021490619Z,40f2932d214f44ed867e412ffba0369130210869179423e6eadc9f965765cdba
4194,2026-08-31,41.32,41.58,41.02,41.5,52268,2158644.04,,,,render_normalized,tasi_2026-08-31_2026-08-31_20260831T153022596960Z,374b46eb50c52f8fd4d5c98f4b7cf8e0c79e078fd621a4b30f58d5382471b4af
4200,2026-08-02,115.3,117.0,115.1,116.5,285728,33219812.4,,,,render_normalized,tasi_2026-07-31_2026-08-02_20260802T153020127593Z,2eb23ca39fcf0e44fa270e6e4d6a1341261e22b2abfbc789ec2875a29009248b
4200,2026-08-03,116.5,119.6,115.4,118.9,530998,62583832.0,,,,render_normalized,tasi_2026-08-03_2026-08-03_20260803T153021496139Z,4b0f0fa9c3b343cf96fecea13101ae13ad2a21806fd55533770061ac5bb0689d
4200,2026-08-04,119.0,122.8,118.8,121.0,1010607,122451806.6,,,,render_normalized,tasi_2026-08-04_2026-08-04_20260804T153023696814Z,32de4882671eec0a9062962d0f5591f8e56969b134d0070652d21718d4563e66
4200,2026-08-05,121.0,122.0,119.2,120.2,425570,51229259.9,,,,render_normalized,tasi_2026-08-05_2026-08-05_20260805T153024437012Z,9fd93f225e2663ef72017465f1af6b5bb1e9f620c1b69c07a1f0fd54b850091a
4200,2026-08-06,119.9,121.8,118.9,119.7,529442,63607224.4,,,,render_normalized,tasi_2026-08-06_2026-08-06_20260806T153021501965Z,6ff377152d0ead67e84f33bc0daa618a818145aa8e2f551c9273431d88ac3851
4200,2026-08-09,119.0,120.7,116.8,118.4,253467,29949142.3,,,,render_normalized,tasi_2026-08-07_2026-08-09_20260809T153020287151Z,d7eb763bea83ef8684d027dfe3fb0fb7c951f2a9c34d7e37300eab6704449ed3
4200,2026-08-10,116.6,117.9,116.2,116.9,383469,44814967.8,,,,render_normalized,tasi_2026-08-10_2026-08-10_20260810T153020102570Z,84d11a25e4f1e5c1fd93cef767caa7b24135f07229eeaeab08169c657f7b53de
4200,2026-08-11,116.7,120.0,116.3,119.8,467320,55654788.2,,,,render_normalized,tasi_2026-08-11_2026-08-11_20260811T153022011718Z,2ca6395fd3fcc72ba670e2961883e5c743cbb0e78c08f0ae926df09c31320865
4200,2026-08-12,119.1,120.8,118.9,119.5,481237,57564264.1,,,,render_normalized,tasi_2026-08-12_2026-08-12_20260812T153021905708Z,8862a2d01571a3c9a9cdaef7d6c4c85e805809ad63506c8d9042aff3fa53b579
4200,2026-08-13,119.2,119.5,117.9,118.9,327666,38909207.8,,,,render_normalized,tasi_2026-08-13_2026-08-13_20260813T153020777659Z,e0b6e7e97827824585b899f3f5ae2a43f595aeae92435da9a370d3df14b68b99
4200,2026-08-16,119.8,119.8,117.5,118.7,202184,23969589.6,,,,render_normalized,tasi_2026-08-14_2026-08-16_20260816T153020395457Z,5392abdf5e4a97362d33f1f6287bf2bc003c7d4bb43d28918b8aa095af9310d7
4200,2026-08-17,118.6,118.6,117.5,117.9,91398,10782576.0,,,,render_normalized,tasi_2026-08-17_2026-08-17_20260817T153022794323Z,56ab1200186f32f6bf2b699463f355510bc0a3da931f38c90816013f38a2eaf0
4200,2026-08-18,117.0,120.8,117.0,120.8,734368,87844795.5,,,,render_normalized,tasi_2026-08-18_2026-08-18_20260818T153020653358Z,1cfd844fc98ba7ee716337d459294e8e314daaa0f85480a8e110399f3a6b856d
4200,2026-08-19,120.8,120.8,119.2,120.2,126193,15139620.1,,,,render_normalized,tasi_2026-08-19_2026-08-19_20260819T153022440747Z,c9f50859d8825bb8e17dc890cb696be42681eb6c5d61b3749a33257a86f3517b
4200,2026-08-20,119.6,121.0,119.6,120.0,336323,40400518.4,,,,render_normalized,tasi_2026-08-20_2026-08-28_20260827T215758538311Z,7a00d373848e778f83c80f1777575ad48a6a4c0c192fe2e6a4123b56ae26cdee
4200,2026-08-23,120.0,121.5,120.0,121.2,170603,20618863.9,,,,render_normalized,tasi_2026-08-20_2026-08-28_20260827T215758538311Z,7a00d373848e778f83c80f1777575ad48a6a4c0c192fe2e6a4123b56ae26cdee
4200,2026-08-24,121.4,121.4,119.6,120.0,238402,28700607.3,,,,render_normalized,tasi_2026-08-20_2026-08-28_20260827T215758538311Z,7a00d373848e778f83c80f1777575ad48a6a4c0c192fe2e6a4123b56ae26cdee
4200,2026-08-25,120.0,120.3,119.3,119.7,284306,34080123.2,,,,render_normalized,tasi_2026-08-20_2026-08-28_20260827T215758538311Z,7a00d373848e778f83c80f1777575ad48a6a4c0c192fe2e6a4123b56ae26cdee
4200,2026-08-26,119.8,120.4,119.3,120.2,248027,29758434.5,,,,render_normalized,tasi_2026-08-20_2026-08-28_20260827T215758538311Z,7a00d373848e778f83c80f1777575ad48a6a4c0c192fe2e6a4123b56ae26cdee
4200,2026-08-27,120.0,120.3,118.4,118.7,161497,19201778.4,,,,render_normalized,tasi_2026-08-20_2026-08-28_20260827T215758538311Z,7a00d373848e778f83c80f1777575ad48a6a4c0c192fe2e6a4123b56ae26cdee
4200,2026-08-30,118.6,118.6,116.9,117.3,143483,16883472.0,,,,render_normalized,tasi_2026-08-29_2026-08-30_20260830T153021490619Z,40f2932d214f44ed867e412ffba0369130210869179423e6eadc9f965765cdba
4200,2026-08-31,117.1,119.7,117.0,117.9,535329,63161759.4,,,,render_normalized,tasi_2026-08-31_2026-08-31_20260831T153022596960Z,374b46eb50c52f8fd4d5c98f4b7cf8e0c79e078fd621a4b30f58d5382471b4af
4210,2026-08-02,59.05,62.0,58.35,62.0,217278,13087329.95,,,,render_normalized,tasi_2026-07-31_2026-08-02_20260802T153020127593Z,2eb23ca39fcf0e44fa270e6e4d6a1341261e22b2abfbc789ec2875a29009248b
4210,2026-08-03,61.6,63.5,61.15,63.25,190107,11940623.35,,,,render_normalized,tasi_2026-08-03_2026-08-03_20260803T153021496139Z,4b0f0fa9c3b343cf96fecea13101ae13ad2a21806fd55533770061ac5bb0689d
4210,2026-08-04,62.85,64.55,62.85,63.95,116779,7459738.0,,,,render_normalized,tasi_2026-08-04_2026-08-04_20260804T153023696814Z,32de4882671eec0a9062962d0f5591f8e56969b134d0070652d21718d4563e66
4210,2026-08-05,64.0,65.1,62.5,62.5,152283,9743069.25,,,,render_normalized,tasi_2026-08-05_2026-08-05_20260805T153024437012Z,9fd93f225e2663ef72017465f1af6b5bb1e9f620c1b69c07a1f0fd54b850091a
4210,2026-08-06,62.5,64.45,61.5,63.6,151191,9491824.65,,,,render_normalized,tasi_2026-08-06_2026-08-06_20260806T153021501965Z,6ff377152d0ead67e84f33bc0daa618a818145aa8e2f551c9273431d88ac3851
4210,2026-08-09,63.6,63.6,61.65,62.4,87457,5473553.15,,,,render_normalized,tasi_2026-08-07_2026-08-09_20260809T153020287151Z,d7eb763bea83ef8684d027dfe3fb0fb7c951f2a9c34d7e37300eab6704449ed3
4210,2026-08-10,62.0,62.5,60.9,61.2,72822,4475692.75,,,,render_normalized,tasi_2026-08-10_2026-08-10_20260810T153020102570Z,84d11a25e4f1e5c1fd93cef767caa7b24135f07229eeaeab08169c657f7b53de
4210,2026-08-11,61.0,61.1,58.75,58.8,185595,11066536.35,,,,render_normalized,tasi_2026-08-11_2026-08-11_20260811T153022011718Z,2ca6395fd3fcc72ba670e2961883e5c743cbb0e78c08f0ae926df09c31320865
4210,2026-08-12,59.2,59.75,57.5,57.5,210148,12246157.8,,,,render_normalized,tasi_2026-08-12_2026-08-12_20260812T153021905708Z,8862a2d01571a3c9a9cdaef7d6c4c85e805809ad63506c8d9042aff3fa53b579
4210,2026-08-13,57.7,58.45,56.05,56.5,294608,16823816.2,,,,render_normalized,tasi_2026-08-13_2026-08-13_20260813T153020777659Z,e0b6e7e97827824585b899f3f5ae2a43f595aeae92435da9a370d3df14b68b99
4210,2026-08-16,56.9,59.65,56.9,57.85,270783,15852053.55,,,,render_normalized,tasi_2026-08-14_2026-08-16_20260816T153020395457Z,5392abdf5e4a97362d33f1f6287bf2bc003c7d4bb43d28918b8aa095af9310d7
4210,2026-08-17,58.5,59.05,57.15,58.65,197606,11483297.1,,,,render_normalized,tasi_2026-08-17_2026-08-17_20260817T153022794323Z,56ab1200186f32f6bf2b699463f355510bc0a3da931f38c90816013f38a2eaf0
4210,2026-08-18,57.95,58.7,57.95,58.35,85563,4985711.5,,,,render_normalized,tasi_2026-08-18_2026-08-18_20260818T153020653358Z,1cfd844fc98ba7ee716337d459294e8e314daaa0f85480a8e110399f3a6b856d
4210,2026-08-19,58.75,59.4,58.15,58.3,111246,6533798.45,,,,render_normalized,tasi_2026-08-19_2026-08-19_20260819T153022440747Z,c9f50859d8825bb8e17dc890cb696be42681eb6c5d61b3749a33257a86f3517b
4210,2026-08-20,57.8,59.0,57.8,58.65,75223,4418160.55,,,,render_normalized,tasi_2026-08-20_2026-08-28_20260827T215758538311Z,7a00d373848e778f83c80f1777575ad48a6a4c0c192fe2e6a4123b56ae26cdee
4210,2026-08-23,59.0,62.55,59.0,61.0,459265,28034205.4,,,,render_normalized,tasi_2026-08-20_2026-08-28_20260827T215758538311Z,7a00d373848e778f83c80f1777575ad48a6a4c0c192fe2e6a4123b56ae26cdee
4210,2026-08-24,61.5,66.75,61.0,64.55,764859,49205048.5,,,,render_normalized,tasi_2026-08-20_2026-08-28_20260827T215758538311Z,7a00d373848e778f83c80f1777575ad48a6a4c0c192fe2e6a4123b56ae26cdee
4210,2026-08-25,65.2,65.2,61.3,62.1,713173,44832158.6,,,,render_normalized,tasi_2026-08-20_2026-08-28_20260827T215758538311Z,7a00d373848e778f83c80f1777575ad48a6a4c0c192fe2e6a4123b56ae26cdee
4210,2026-08-26,62.35,62.95,61.9,62.45,199638,12462225.9,,,,render_normalized,tasi_2026-08-20_2026-08-28_20260827T215758538311Z,7a00d373848e778f83c80f1777575ad48a6a4c0c192fe2e6a4123b56ae26cdee
4210,2026-08-27,62.3,63.25,61.8,62.3,181298,11301344.55,,,,render_normalized,tasi_2026-08-20_2026-08-28_20260827T215758538311Z,7a00d373848e778f83c80f1777575ad48a6a4c0c192fe2e6a4123b56ae26cdee
4210,2026-08-30,62.0,63.2,61.8,62.4,114627,7182308.7,,,,render_normalized,tasi_2026-08-29_2026-08-30_20260830T153021490619Z,40f2932d214f44ed867e412ffba0369130210869179423e6eadc9f965765cdba
4210,2026-08-31,62.9,62.9,61.65,62.4,110178,6835556.15,,,,render_normalized,tasi_2026-08-31_2026-08-31_20260831T153022596960Z,374b46eb50c52f8fd4d5c98f4b7cf8e0c79e078fd621a4b30f58d5382471b4af
4220,2026-08-02,9.41,9.52,9.37,9.43,65129,616526.29,,,,render_normalized,tasi_2026-07-31_2026-08-02_20260802T153020127593Z,2eb23ca39fcf0e44fa270e6e4d6a1341261e22b2abfbc789ec2875a29009248b
4220,2026-08-03,9.54,9.71,9.41,9.69,266474,2570795.74,,,,render_normalized,tasi_2026-08-03_2026-08-03_20260803T153021496139Z,4b0f0fa9c3b343cf96fecea13101ae13ad2a21806fd55533770061ac5bb0689d
4220,2026-08-04,9.69,9.94,9.65,9.89,286214,2805190.63,,,,render_normalized,tasi_2026-08-04_2026-08-04_20260804T153023696814Z,32de4882671eec0a9062962d0f5591f8e56969b134d0070652d21718d4563e66
4220,2026-08-05,9.89,9.89,9.75,9.77,164678,1614860.45,,,,render_normalized,tasi_2026-08-05_2026-08-05_20260805T153024437012Z,9fd93f225e2663ef72017465f1af6b5bb1e9f620c1b69c07a1f0fd54b850091a
4220,2026-08-06,9.77,9.8,9.5,9.61,263538,2531737.03,,,,render_normalized,tasi_2026-08-06_2026-08-06_20260806T153021501965Z,6ff377152d0ead67e84f33bc0daa618a818145aa8e2f551c9273431d88ac3851
4220,2026-08-09,9.6,9.7,9.5,9.51,83786,801922.25,,,,render_normalized,tasi_2026-08-07_2026-08-09_20260809T153020287151Z,d7eb763bea83ef8684d027dfe3fb0fb7c951f2a9c34d7e37300eab6704449ed3
4220,2026-08-10,9.5,9.7,9.46,9.62,225267,2164708.85,,,,render_normalized,tasi_2026-08-10_2026-08-10_20260810T153020102570Z,84d11a25e4f1e5c1fd93cef767caa7b24135f07229eeaeab08169c657f7b53de
4220,2026-08-11,9.62,9.63,9.47,9.55,152888,1459884.92,,,,render_normalized,tasi_2026-08-11_2026-08-11_20260811T153022011718Z,2ca6395fd3fcc72ba670e2961883e5c743cbb0e78c08f0ae926df09c31320865
4220,2026-08-12,9.4,9.7,9.4,9.62,436962,4186618.21,,,,render_normalized,tasi_2026-08-12_2026-08-12_20260812T153021905708Z,8862a2d01571a3c9a9cdaef7d6c4c85e805809ad63506c8d9042aff3fa53b579
4220,2026-08-13,9.6,9.76,9.6,9.61,210554,2039761.7,,,,render_normalized,tasi_2026-08-13_2026-08-13_20260813T153020777659Z,e0b6e7e97827824585b899f3f5ae2a43f595aeae92435da9a370d3df14b68b99
4220,2026-08-16,9.7,9.73,9.6,9.63,77142,743954.51,,,,render_normalized,tasi_2026-08-14_2026-08-16_20260816T153020395457Z,5392abdf5e4a97362d33f1f6287bf2bc003c7d4bb43d28918b8aa095af9310d7
4220,2026-08-17,9.64,9.8,9.57,9.71,660138,6394836.61,,,,render_normalized,tasi_2026-08-17_2026-08-17_20260817T153022794323Z,56ab1200186f32f6bf2b699463f355510bc0a3da931f38c90816013f38a2eaf0
4220,2026-08-18,9.62,9.86,9.62,9.71,258354,2517313.3,,,,render_normalized,tasi_2026-08-18_2026-08-18_20260818T153020653358Z,1cfd844fc98ba7ee716337d459294e8e314daaa0f85480a8e110399f3a6b856d
4220,2026-08-19,9.71,9.81,9.64,9.67,204996,1987522.29,,,,render_normalized,tasi_2026-08-19_2026-08-19_20260819T153022440747Z,c9f50859d8825bb8e17dc890cb696be42681eb6c5d61b3749a33257a86f3517b
4220,2026-08-20,9.67,9.84,9.55,9.81,711434,6911756.5,,,,render_normalized,tasi_2026-08-20_2026-08-28_20260827T215758538311Z,7a00d373848e778f83c80f1777575ad48a6a4c0c192fe2e6a4123b56ae26cdee
4220,2026-08-23,9.82,9.91,9.69,9.72,356644,3485348.71,,,,render_normalized,tasi_2026-08-20_2026-08-28_20260827T215758538311Z,7a00d373848e778f83c80f1777575ad48a6a4c0c192fe2e6a4123b56ae26cdee
4220,2026-08-24,9.71,10.03,9.71,9.98,1429912,14215947.14,,,,render_normalized,tasi_2026-08-20_2026-08-28_20260827T215758538311Z,7a00d373848e778f83c80f1777575ad48a6a4c0c192fe2e6a4123b56ae26cdee
4220,2026-08-25,9.98,10.05,9.88,9.95,816437,8122907.6,,,,render_normalized,tasi_2026-08-20_2026-08-28_20260827T215758538311Z,7a00d373848e778f83c80f1777575ad48a6a4c0c192fe2e6a4123b56ae26cdee
4220,2026-08-26,9.95,10.2,9.95,10.12,1207895,12170261.38,,,,render_normalized,tasi_2026-08-20_2026-08-28_20260827T215758538311Z,7a00d373848e778f83c80f1777575ad48a6a4c0c192fe2e6a4123b56ae26cdee
4220,2026-08-27,10.12,10.2,10.01,10.17,629305,6369056.6,,,,render_normalized,tasi_2026-08-20_2026-08-28_20260827T215758538311Z,7a00d373848e778f83c80f1777575ad48a6a4c0c192fe2e6a4123b56ae26cdee
4220,2026-08-30,10.17,10.23,10.0,10.01,688685,6941821.7,,,,render_normalized,tasi_2026-08-29_2026-08-30_20260830T153021490619Z,40f2932d214f44ed867e412ffba0369130210869179423e6eadc9f965765cdba
4220,2026-08-31,10.0,10.02,9.89,9.96,367652,3658628.36,,,,render_normalized,tasi_2026-08-31_2026-08-31_20260831T153022596960Z,374b46eb50c52f8fd4d5c98f4b7cf8e0c79e078fd621a4b30f58d5382471b4af
4230,2026-08-02,23.2,23.83,22.94,23.47,1047914,24688315.9,,,,render_normalized,tasi_2026-07-31_2026-08-02_20260802T153020127593Z,2eb23ca39fcf0e44fa270e6e4d6a1341261e22b2abfbc789ec2875a29009248b
4230,2026-08-03,23.52,24.24,23.4,24.12,1229869,29497019.78,,,,render_normalized,tasi_2026-08-03_2026-08-03_20260803T153021496139Z,4b0f0fa9c3b343cf96fecea13101ae13ad2a21806fd55533770061ac5bb0689d
4230,2026-08-04,24.16,24.25,23.97,24.15,642769,15506252.22,,,,render_normalized,tasi_2026-08-04_2026-08-04_20260804T153023696814Z,32de4882671eec0a9062962d0f5591f8e56969b134d0070652d21718d4563e66
4230,2026-08-05,24.1,24.93,23.93,24.0,1289476,31557307.41,,,,render_normalized,tasi_2026-08-05_2026-08-05_20260805T153024437012Z,9fd93f225e2663ef72017465f1af6b5bb1e9f620c1b69c07a1f0fd54b850091a
4230,2026-08-06,24.07,24.79,23.92,24.2,1223659,29903187.06,,,,render_normalized,tasi_2026-08-06_2026-08-06_20260806T153021501965Z,6ff377152d0ead67e84f33bc0daa618a818145aa8e2f551c9273431d88ac3851
4230,2026-08-09,23.98,23.98,22.71,22.92,1670428,38655072.53,,,,render_normalized,tasi_2026-08-07_2026-08-09_20260809T153020287151Z,d7eb763bea83ef8684d027dfe3fb0fb7c951f2a9c34d7e37300eab6704449ed3
4230,2026-08-10,23.0,23.04,22.39,23.03,1021572,23212433.62,,,,render_normalized,tasi_2026-08-10_2026-08-10_20260810T153020102570Z,84d11a25e4f1e5c1fd93cef767caa7b24135f07229eeaeab08169c657f7b53de
4230,2026-08-11,23.0,23.26,22.64,23.26,733342,16850876.55,,,,render_normalized,tasi_2026-08-11_2026-08-11_20260811T153022011718Z,2ca6395fd3fcc72ba670e2961883e5c743cbb0e78c08f0ae926df09c31320865
4230,2026-08-12,22.42,23.72,22.35,23.46,1845191,42765624.61,,,,render_normalized,tasi_2026-08-12_2026-08-12_20260812T153021905708Z,8862a2d01571a3c9a9cdaef7d6c4c85e805809ad63506c8d9042aff3fa53b579
4230,2026-08-13,23.36,23.36,23.0,23.07,479974,11086260.05,,,,render_normalized,tasi_2026-08-13_2026-08-13_20260813T153020777659Z,e0b6e7e97827824585b899f3f5ae2a43f595aeae92435da9a370d3df14b68b99
4230,2026-08-16,23.3,23.45,23.01,23.01,367043,8509137.41,,,,render_normalized,tasi_2026-08-14_2026-08-16_20260816T153020395457Z,5392abdf5e4a97362d33f1f6287bf2bc003c7d4bb43d28918b8aa095af9310d7
4230,2026-08-17,23.2,23.22,22.82,22.84,374325,8598989.95,,,,render_normalized,tasi_2026-08-17_2026-08-17_20260817T153022794323Z,56ab1200186f32f6bf2b699463f355510bc0a3da931f38c90816013f38a2eaf0
4230,2026-08-18,22.85,22.85,22.59,22.85,546652,12412544.71,,,,render_normalized,tasi_2026-08-18_2026-08-18_20260818T153020653358Z,1cfd844fc98ba7ee716337d459294e8e314daaa0f85480a8e110399f3a6b856d
4230,2026-08-19,22.8,23.44,22.7,23.27,1107660,25543197.75,,,,render_normalized,tasi_2026-08-19_2026-08-19_20260819T153022440747Z,c9f50859d8825bb8e17dc890cb696be42681eb6c5d61b3749a33257a86f3517b
4230,2026-08-20,23.44,24.3,23.4,23.73,1943781,46651766.97,,,,render_normalized,tasi_2026-08-20_2026-08-28_20260827T215758538311Z,7a00d373848e778f83c80f1777575ad48a6a4c0c192fe2e6a4123b56ae26cdee
4230,2026-08-23,23.76,24.12,23.76,23.95,649460,15573826.63,,,,render_normalized,tasi_2026-08-20_2026-08-28_20260827T215758538311Z,7a00d373848e778f83c80f1777575ad48a6a4c0c192fe2e6a4123b56ae26cdee
4230,2026-08-24,23.91,24.59,23.89,24.4,1477263,35798039.7,,,,render_normalized,tasi_2026-08-20_2026-08-28_20260827T215758538311Z,7a00d373848e778f83c80f1777575ad48a6a4c0c192fe2e6a4123b56ae26cdee
4230,2026-08-25,24.46,24.46,24.02,24.02,659600,15946256.47,,,,render_normalized,tasi_2026-08-20_2026-08-28_20260827T215758538311Z,7a00d373848e778f83c80f1777575ad48a6a4c0c192fe2e6a4123b56ae26cdee
4230,2026-08-26,24.12,24.2,23.74,23.79,535394,12818924.13,,,,render_normalized,tasi_2026-08-20_2026-08-28_20260827T215758538311Z,7a00d373848e778f83c80f1777575ad48a6a4c0c192fe2e6a4123b56ae26cdee
4230,2026-08-27,23.9,24.36,23.8,24.04,869946,20989490.13,,,,render_normalized,tasi_2026-08-20_2026-08-28_20260827T215758538311Z,7a00d373848e778f83c80f1777575ad48a6a4c0c192fe2e6a4123b56ae26cdee
4230,2026-08-30,24.04,24.35,24.02,24.06,616054,14907232.6,,,,render_normalized,tasi_2026-08-29_2026-08-30_20260830T153021490619Z,40f2932d214f44ed867e412ffba0369130210869179423e6eadc9f965765cdba
4230,2026-08-31,24.25,24.25,23.46,23.55,562076,13370451.9,,,,render_normalized,tasi_2026-08-31_2026-08-31_20260831T153022596960Z,374b46eb50c52f8fd4d5c98f4b7cf8e0c79e078fd621a4b30f58d5382471b4af
4240,2026-08-02,12.13,12.48,12.04,12.23,384436,4718813.88,,,,render_normalized,tasi_2026-07-31_2026-08-02_20260802T153020127593Z,2eb23ca39fcf0e44fa270e6e4d6a1341261e22b2abfbc789ec2875a29009248b
4240,2026-08-03,12.25,12.61,12.21,12.55,720265,9005679.25,,,,render_normalized,tasi_2026-08-03_2026-08-03_20260803T153021496139Z,4b0f0fa9c3b343cf96fecea13101ae13ad2a21806fd55533770061ac5bb0689d
4240,2026-08-04,12.55,12.73,12.47,12.52,586111,7367109.28,,,,render_normalized,tasi_2026-08-04_2026-08-04_20260804T153023696814Z,32de4882671eec0a9062962d0f5591f8e56969b134d0070652d21718d4563e66
4240,2026-08-05,12.54,12.61,12.36,12.38,332027,4150814.46,,,,render_normalized,tasi_2026-08-05_2026-08-05_20260805T153024437012Z,9fd93f225e2663ef72017465f1af6b5bb1e9f620c1b69c07a1f0fd54b850091a
4240,2026-08-06,12.4,12.43,12.22,12.26,290974,3578739.89,,,,render_normalized,tasi_2026-08-06_2026-08-06_20260806T153021501965Z,6ff377152d0ead67e84f33bc0daa618a818145aa8e2f551c9273431d88ac3851
4240,2026-08-09,12.44,12.44,12.1,12.1,241034,2944956.65,,,,render_normalized,tasi_2026-08-07_2026-08-09_20260809T153020287151Z,d7eb763bea83ef8684d027dfe3fb0fb7c951f2a9c34d7e37300eab6704449ed3
4240,2026-08-10,12.12,12.21,12.0,12.05,277736,3352727.65,,,,render_normalized,tasi_2026-08-10_2026-08-10_20260810T153020102570Z,84d11a25e4f1e5c1fd93cef767caa7b24135f07229eeaeab08169c657f7b53de
4240,2026-08-11,12.1,12.27,12.0,12.09,433306,5245508.17,,,,render_normalized,tasi_2026-08-11_2026-08-11_20260811T153022011718Z,2ca6395fd3fcc72ba670e2961883e5c743cbb0e78c08f0ae926df09c31320865
4240,2026-08-12,12.09,12.98,12.07,12.45,2785286,35197793.26,,,,render_normalized,tasi_2026-08-12_2026-08-12_20260812T153021905708Z,8862a2d01571a3c9a9cdaef7d6c4c85e805809ad63506c8d9042aff3fa53b579
4240,2026-08-13,12.46,13.69,12.44,13.69,3489327,46209332.41,,,,render_normalized,tasi_2026-08-13_2026-08-13_20260813T153020777659Z,e0b6e7e97827824585b899f3f5ae2a43f595aeae92435da9a370d3df14b68b99
4240,2026-08-16,14.18,14.7,13.75,14.3,4873432,69598761.17,,,,render_normalized,tasi_2026-08-14_2026-08-16_20260816T153020395457Z,5392abdf5e4a97362d33f1f6287bf2bc003c7d4bb43d28918b8aa095af9310d7
4240,2026-08-17,14.4,14.7,14.08,14.3,2361355,33950409.56,,,,render_normalized,tasi_2026-08-17_2026-08-17_20260817T153022794323Z,56ab1200186f32f6bf2b699463f355510bc0a3da931f38c90816013f38a2eaf0
4240,2026-08-18,14.31,15.73,14.15,15.36,6389510,97734179.59,,,,render_normalized,tasi_2026-08-18_2026-08-18_20260818T153020653358Z,1cfd844fc98ba7ee716337d459294e8e314daaa0f85480a8e110399f3a6b856d
4240,2026-08-19,15.38,16.89,15.13,16.89,4478329,72437610.49,,,,render_normalized,tasi_2026-08-19_2026-08-19_20260819T153022440747Z,c9f50859d8825bb8e17dc890cb696be42681eb6c5d61b3749a33257a86f3517b
4240,2026-08-20,17.34,18.37,17.33,17.87,7116100,126809611.27,,,,render_normalized,tasi_2026-08-20_2026-08-28_20260827T215758538311Z,7a00d373848e778f83c80f1777575ad48a6a4c0c192fe2e6a4123b56ae26cdee
4240,2026-08-23,17.9,19.3,17.62,18.62,7008594,129699568.15,,,,render_normalized,tasi_2026-08-20_2026-08-28_20260827T215758538311Z,7a00d373848e778f83c80f1777575ad48a6a4c0c192fe2e6a4123b56ae26cdee
4240,2026-08-24,18.78,18.99,18.15,18.45,3700446,68850439.97,,,,render_normalized,tasi_2026-08-20_2026-08-28_20260827T215758538311Z,7a00d373848e778f83c80f1777575ad48a6a4c0c192fe2e6a4123b56ae26cdee
4240,2026-08-25,18.51,18.97,17.8,17.8,4485871,82895506.87,,,,render_normalized,tasi_2026-08-20_2026-08-28_20260827T215758538311Z,7a00d373848e778f83c80f1777575ad48a6a4c0c192fe2e6a4123b56ae26cdee
4240,2026-08-26,17.8,17.97,17.32,17.35,3223491,56439097.57,,,,render_normalized,tasi_2026-08-20_2026-08-28_20260827T215758538311Z,7a00d373848e778f83c80f1777575ad48a6a4c0c192fe2e6a4123b56ae26cdee
4240,2026-08-27,17.31,17.99,17.09,17.24,3857234,67836906.12,,,,render_normalized,tasi_2026-08-20_2026-08-28_20260827T215758538311Z,7a00d373848e778f83c80f1777575ad48a6a4c0c192fe2e6a4123b56ae26cdee
4240,2026-08-30,17.24,17.5,16.92,17.09,1407686,24212160.45,,,,render_normalized,tasi_2026-08-29_2026-08-30_20260830T153021490619Z,40f2932d214f44ed867e412ffba0369130210869179423e6eadc9f965765cdba
4240,2026-08-31,17.22,18.05,17.16,17.36,4969328,88117988.97,,,,render_normalized,tasi_2026-08-31_2026-08-31_20260831T153022596960Z,374b46eb50c52f8fd4d5c98f4b7cf8e0c79e078fd621a4b30f58d5382471b4af
4250,2026-08-02,16.2,16.52,16.13,16.4,5563138,91335793.47,,,,render_normalized,tasi_2026-07-31_2026-08-02_20260802T153020127593Z,2eb23ca39fcf0e44fa270e6e4d6a1341261e22b2abfbc789ec2875a29009248b
4250,2026-08-03,16.4,17.81,16.32,17.8,15289570,265568797.09,,,,render_normalized,tasi_2026-08-03_2026-08-03_20260803T153021496139Z,4b0f0fa9c3b343cf96fecea13101ae13ad2a21806fd55533770061ac5bb0689d
4250,2026-08-04,17.77,17.86,17.28,17.7,6808843,119571708.75,,,,render_normalized,tasi_2026-08-04_2026-08-04_20260804T153023696814Z,32de4882671eec0a9062962d0f5591f8e56969b134d0070652d21718d4563e66
4250,2026-08-05,17.65,17.84,17.51,17.53,2836484,49984663.36,,,,render_normalized,tasi_2026-08-05_2026-08-05_20260805T153024437012Z,9fd93f225e2663ef72017465f1af6b5bb1e9f620c1b69c07a1f0fd54b850091a
4250,2026-08-06,17.56,17.78,17.43,17.53,3176054,55862992.97,,,,render_normalized,tasi_2026-08-06_2026-08-06_20260806T153021501965Z,6ff377152d0ead67e84f33bc0daa618a818145aa8e2f551c9273431d88ac3851
4250,2026-08-09,17.53,17.68,17.44,17.5,2938010,51562995.98,,,,render_normalized,tasi_2026-08-07_2026-08-09_20260809T153020287151Z,d7eb763bea83ef8684d027dfe3fb0fb7c951f2a9c34d7e37300eab6704449ed3
4250,2026-08-10,17.5,17.85,17.48,17.49,4247138,75004723.93,,,,render_normalized,tasi_2026-08-10_2026-08-10_20260810T153020102570Z,84d11a25e4f1e5c1fd93cef767caa7b24135f07229eeaeab08169c657f7b53de
4250,2026-08-11,17.48,17.8,17.48,17.7,4380818,77349604.58,,,,render_normalized,tasi_2026-08-11_2026-08-11_20260811T153022011718Z,2ca6395fd3fcc72ba670e2961883e5c743cbb0e78c08f0ae926df09c31320865
4250,2026-08-12,17.74,18.0,17.65,18.0,7151724,127897620.11,,,,render_normalized,tasi_2026-08-12_2026-08-12_20260812T153021905708Z,8862a2d01571a3c9a9cdaef7d6c4c85e805809ad63506c8d9042aff3fa53b579
4250,2026-08-13,18.06,18.23,17.93,17.99,4207719,76181489.93,,,,render_normalized,tasi_2026-08-13_2026-08-13_20260813T153020777659Z,e0b6e7e97827824585b899f3f5ae2a43f595aeae92435da9a370d3df14b68b99
4250,2026-08-16,18.1,18.16,17.86,17.92,1999038,35943067.66,,,,render_normalized,tasi_2026-08-14_2026-08-16_20260816T153020395457Z,5392abdf5e4a97362d33f1f6287bf2bc003c7d4bb43d28918b8aa095af9310d7
4250,2026-08-17,17.9,18.09,17.87,17.95,1689485,30395801.64,,,,render_normalized,tasi_2026-08-17_2026-08-17_20260817T153022794323Z,56ab1200186f32f6bf2b699463f355510bc0a3da931f38c90816013f38a2eaf0
4250,2026-08-18,17.98,18.21,17.96,18.1,2735201,49466669.47,,,,render_normalized,tasi_2026-08-18_2026-08-18_20260818T153020653358Z,1cfd844fc98ba7ee716337d459294e8e314daaa0f85480a8e110399f3a6b856d
4250,2026-08-19,18.1,18.5,18.04,18.42,4115782,75498235.59,,,,render_normalized,tasi_2026-08-19_2026-08-19_20260819T153022440747Z,c9f50859d8825bb8e17dc890cb696be42681eb6c5d61b3749a33257a86f3517b
4250,2026-08-20,18.42,18.85,18.3,18.79,4941652,91757507.35,,,,render_normalized,tasi_2026-08-20_2026-08-28_20260827T215758538311Z,7a00d373848e778f83c80f1777575ad48a6a4c0c192fe2e6a4123b56ae26cdee
4250,2026-08-23,18.8,18.98,18.66,18.66,2361812,44463374.07,,,,render_normalized,tasi_2026-08-20_2026-08-28_20260827T215758538311Z,7a00d373848e778f83c80f1777575ad48a6a4c0c192fe2e6a4123b56ae26cdee
4250,2026-08-24,18.64,18.91,18.64,18.86,2609524,49122996.32,,,,render_normalized,tasi_2026-08-20_2026-08-28_20260827T215758538311Z,7a00d373848e778f83c80f1777575ad48a6a4c0c192fe2e6a4123b56ae26cdee
4250,2026-08-25,18.82,19.1,18.79,19.0,3962298,75283739.91,,,,render_normalized,tasi_2026-08-20_2026-08-28_20260827T215758538311Z,7a00d373848e778f83c80f1777575ad48a6a4c0c192fe2e6a4123b56ae26cdee
4250,2026-08-26,18.99,19.09,18.89,19.0,2110592,40061809.22,,,,render_normalized,tasi_2026-08-20_2026-08-28_20260827T215758538311Z,7a00d373848e778f83c80f1777575ad48a6a4c0c192fe2e6a4123b56ae26cdee
4250,2026-08-27,18.98,19.0,18.68,18.88,2605929,48953684.91,,,,render_normalized,tasi_2026-08-20_2026-08-28_20260827T215758538311Z,7a00d373848e778f83c80f1777575ad48a6a4c0c192fe2e6a4123b56ae26cdee
4250,2026-08-30,18.89,18.9,18.35,18.45,1837706,34169036.68,,,,render_normalized,tasi_2026-08-29_2026-08-30_20260830T153021490619Z,40f2932d214f44ed867e412ffba0369130210869179423e6eadc9f965765cdba
4250,2026-08-31,18.35,18.62,18.12,18.34,4083265,75000901.15,,,,render_normalized,tasi_2026-08-31_2026-08-31_20260831T153022596960Z,374b46eb50c52f8fd4d5c98f4b7cf8e0c79e078fd621a4b30f58d5382471b4af
4260,2026-08-02,27.96,27.96,27.14,27.54,619490,17030999.34,,,,render_normalized,tasi_2026-07-31_2026-08-02_20260802T153020127593Z,2eb23ca39fcf0e44fa270e6e4d6a1341261e22b2abfbc789ec2875a29009248b
4260,2026-08-03,27.54,28.16,27.26,27.7,1187060,32943465.54,,,,render_normalized,tasi_2026-08-03_2026-08-03_20260803T153021496139Z,4b0f0fa9c3b343cf96fecea13101ae13ad2a21806fd55533770061ac5bb0689d
4260,2026-08-04,27.7,28.22,26.92,27.84,1585671,43680719.56,,,,render_normalized,tasi_2026-08-04_2026-08-04_20260804T153023696814Z,32de4882671eec0a9062962d0f5591f8e56969b134d0070652d21718d4563e66
4260,2026-08-05,27.9,27.9,27.2,27.22,1355721,37175153.14,,,,render_normalized,tasi_2026-08-05_2026-08-05_20260805T153024437012Z,9fd93f225e2663ef72017465f1af6b5bb1e9f620c1b69c07a1f0fd54b850091a
4260,2026-08-06,27.1,28.26,26.72,27.66,3289253,90466865.36,,,,render_normalized,tasi_2026-08-06_2026-08-06_20260806T153021501965Z,6ff377152d0ead67e84f33bc0daa618a818145aa8e2f551c9273431d88ac3851
4260,2026-08-09,29.0,29.3,28.4,28.66,1852041,53452462.88,,,,render_normalized,tasi_2026-08-07_2026-08-09_20260809T153020287151Z,d7eb763bea83ef8684d027dfe3fb0fb7c951f2a9c34d7e37300eab6704449ed3
4260,2026-08-10,28.98,28.98,27.68,28.0,1483335,41644783.52,,,,render_normalized,tasi_2026-08-10_2026-08-10_20260810T153020102570Z,84d11a25e4f1e5c1fd93cef767caa7b24135f07229eeaeab08169c657f7b53de
4260,2026-08-11,28.1,28.9,27.88,28.7,1541791,43933404.28,,,,render_normalized,tasi_2026-08-11_2026-08-11_20260811T153022011718Z,2ca6395fd3fcc72ba670e2961883e5c743cbb0e78c08f0ae926df09c31320865
4260,2026-08-12,28.6,29.2,28.58,28.88,1568699,45353876.54,,,,render_normalized,tasi_2026-08-12_2026-08-12_20260812T153021905708Z,8862a2d01571a3c9a9cdaef7d6c4c85e805809ad63506c8d9042aff3fa53b579
4260,2026-08-13,28.98,28.98,28.18,28.28,627571,17816112.88,,,,render_normalized,tasi_2026-08-13_2026-08-13_20260813T153020777659Z,e0b6e7e97827824585b899f3f5ae2a43f595aeae92435da9a370d3df14b68b99
4260,2026-08-16,28.32,28.72,28.2,28.66,382563,10888171.32,,,,render_normalized,tasi_2026-08-14_2026-08-16_20260816T153020395457Z,5392abdf5e4a97362d33f1f6287bf2bc003c7d4bb43d28918b8aa095af9310d7
4260,2026-08-17,28.66,29.92,28.44,29.62,1121069,32930240.86,,,,render_normalized,tasi_2026-08-17_2026-08-17_20260817T153022794323Z,56ab1200186f32f6bf2b699463f355510bc0a3da931f38c90816013f38a2eaf0
4260,2026-08-18,29.9,30.0,29.04,29.78,1480262,43876151.94,,,,render_normalized,tasi_2026-08-18_2026-08-18_20260818T153020653358Z,1cfd844fc98ba7ee716337d459294e8e314daaa0f85480a8e110399f3a6b856d
4260,2026-08-19,29.86,30.1,29.62,29.76,678403,20263572.0,,,,render_normalized,tasi_2026-08-19_2026-08-19_20260819T153022440747Z,c9f50859d8825bb8e17dc890cb696be42681eb6c5d61b3749a33257a86f3517b
4260,2026-08-20,29.88,30.88,29.8,30.82,1026315,31280426.22,,,,render_normalized,tasi_2026-08-20_2026-08-28_20260827T215758538311Z,7a00d373848e778f83c80f1777575ad48a6a4c0c192fe2e6a4123b56ae26cdee
4260,2026-08-23,30.42,30.94,30.4,30.6,585922,17935565.26,,,,render_normalized,tasi_2026-08-20_2026-08-28_20260827T215758538311Z,7a00d373848e778f83c80f1777575ad48a6a4c0c192fe2e6a4123b56ae26cdee
4260,2026-08-24,30.6,30.92,30.32,30.7,1048828,32189007.02,,,,render_normalized,tasi_2026-08-20_2026-08-28_20260827T215758538311Z,7a00d373848e778f83c80f1777575ad48a6a4c0c192fe2e6a4123b56ae26cdee
4260,2026-08-25,30.74,32.3,30.64,32.16,1903444,60228758.36,,,,render_normalized,tasi_2026-08-20_2026-08-28_20260827T215758538311Z,7a00d373848e778f83c80f1777575ad48a6a4c0c192fe2e6a4123b56ae26cdee
4260,2026-08-26,32.16,32.44,31.86,32.06,775236,24896691.92,,,,render_normalized,tasi_2026-08-20_2026-08-28_20260827T215758538311Z,7a00d373848e778f83c80f1777575ad48a6a4c0c192fe2e6a4123b56ae26cdee
4260,2026-08-27,32.38,32.46,31.72,32.2,521835,16754212.8,,,,render_normalized,tasi_2026-08-20_2026-08-28_20260827T215758538311Z,7a00d373848e778f83c80f1777575ad48a6a4c0c192fe2e6a4123b56ae26cdee
4260,2026-08-30,32.22,32.48,31.48,31.7,365209,11670942.08,,,,render_normalized,tasi_2026-08-29_2026-08-30_20260830T153021490619Z,40f2932d214f44ed867e412ffba0369130210869179423e6eadc9f965765cdba
4260,2026-08-31,31.58,31.92,31.32,31.56,580388,18261126.1,,,,render_normalized,tasi_2026-08-31_2026-08-31_20260831T153022596960Z,374b46eb50c52f8fd4d5c98f4b7cf8e0c79e078fd621a4b30f58d5382471b4af
4261,2026-08-02,22.14,22.54,22.14,22.3,240566,5379946.22,,,,render_normalized,tasi_2026-07-31_2026-08-02_20260802T153020127593Z,2eb23ca39fcf0e44fa270e6e4d6a1341261e22b2abfbc789ec2875a29009248b
4261,2026-08-03,22.31,22.73,22.3,22.47,737048,16612968.98,,,,render_normalized,tasi_2026-08-03_2026-08-03_20260803T153021496139Z,4b0f0fa9c3b343cf96fecea13101ae13ad2a21806fd55533770061ac5bb0689d
4261,2026-08-04,22.47,22.7,22.3,22.64,582368,13086287.58,,,,render_normalized,tasi_2026-08-04_2026-08-04_20260804T153023696814Z,32de4882671eec0a9062962d0f5591f8e56969b134d0070652d21718d4563e66
4261,2026-08-05,22.64,22.64,21.99,22.11,867792,19225092.44,,,,render_normalized,tasi_2026-08-05_2026-08-05_20260805T153024437012Z,9fd93f225e2663ef72017465f1af6b5bb1e9f620c1b69c07a1f0fd54b850091a
4261,2026-08-06,21.77,21.77,20.87,21.0,2043443,43035666.64,,,,render_normalized,tasi_2026-08-06_2026-08-06_20260806T153021501965Z,6ff377152d0ead67e84f33bc0daa618a818145aa8e2f551c9273431d88ac3851
4261,2026-08-09,21.1,21.13,20.68,20.74,761183,15924459.8,,,,render_normalized,tasi_2026-08-07_2026-08-09_20260809T153020287151Z,d7eb763bea83ef8684d027dfe3fb0fb7c951f2a9c34d7e37300eab6704449ed3
4261,2026-08-10,20.75,20.75,20.37,20.59,1092482,22401083.37,,,,render_normalized,tasi_2026-08-10_2026-08-10_20260810T153020102570Z,84d11a25e4f1e5c1fd93cef767caa7b24135f07229eeaeab08169c657f7b53de
4261,2026-08-11,20.6,20.6,20.34,20.41,1163673,23756420.21,,,,render_normalized,tasi_2026-08-11_2026-08-11_20260811T153022011718Z,2ca6395fd3fcc72ba670e2961883e5c743cbb0e78c08f0ae926df09c31320865
4261,2026-08-12,20.37,20.5,20.27,20.33,682036,13879965.41,,,,render_normalized,tasi_2026-08-12_2026-08-12_20260812T153021905708Z,8862a2d01571a3c9a9cdaef7d6c4c85e805809ad63506c8d9042aff3fa53b579
4261,2026-08-13,20.39,20.39,20.03,20.2,927634,18681088.83,,,,render_normalized,tasi_2026-08-13_2026-08-13_20260813T153020777659Z,e0b6e7e97827824585b899f3f5ae2a43f595aeae92435da9a370d3df14b68b99
4261,2026-08-16,20.4,20.51,20.25,20.38,750980,15282324.22,,,,render_normalized,tasi_2026-08-14_2026-08-16_20260816T153020395457Z,5392abdf5e4a97362d33f1f6287bf2bc003c7d4bb43d28918b8aa095af9310d7
4261,2026-08-17,20.4,20.62,20.25,20.49,1432383,29327622.85,,,,render_normalized,tasi_2026-08-17_2026-08-17_20260817T153022794323Z,56ab1200186f32f6bf2b699463f355510bc0a3da931f38c90816013f38a2eaf0
4261,2026-08-18,20.48,20.53,20.3,20.31,581837,11867373.65,,,,render_normalized,tasi_2026-08-18_2026-08-18_20260818T153020653358Z,1cfd844fc98ba7ee716337d459294e8e314daaa0f85480a8e110399f3a6b856d
4261,2026-08-19,20.35,20.53,20.28,20.49,725142,14808640.31,,,,render_normalized,tasi_2026-08-19_2026-08-19_20260819T153022440747Z,c9f50859d8825bb8e17dc890cb696be42681eb6c5d61b3749a33257a86f3517b
4261,2026-08-20,20.48,20.78,20.46,20.73,2284174,47133987.58,,,,render_normalized,tasi_2026-08-20_2026-08-28_20260827T215758538311Z,7a00d373848e778f83c80f1777575ad48a6a4c0c192fe2e6a4123b56ae26cdee
4261,2026-08-23,20.83,21.1,20.76,21.0,1731385,36293083.54,,,,render_normalized,tasi_2026-08-20_2026-08-28_20260827T215758538311Z,7a00d373848e778f83c80f1777575ad48a6a4c0c192fe2e6a4123b56ae26cdee
4261,2026-08-24,21.0,21.2,20.83,20.93,1325142,27786290.12,,,,render_normalized,tasi_2026-08-20_2026-08-28_20260827T215758538311Z,7a00d373848e778f83c80f1777575ad48a6a4c0c192fe2e6a4123b56ae26cdee
4261,2026-08-25,20.92,21.06,20.72,20.95,2994210,62529800.32,,,,render_normalized,tasi_2026-08-20_2026-08-28_20260827T215758538311Z,7a00d373848e778f83c80f1777575ad48a6a4c0c192fe2e6a4123b56ae26cdee
4261,2026-08-26,21.19,21.44,20.97,21.28,2759394,58485993.54,,,,render_normalized,tasi_2026-08-20_2026-08-28_20260827T215758538311Z,7a00d373848e778f83c80f1777575ad48a6a4c0c192fe2e6a4123b56ae26cdee
4261,2026-08-27,21.3,21.76,21.17,21.67,2056814,44135607.43,,,,render_normalized,tasi_2026-08-20_2026-08-28_20260827T215758538311Z,7a00d373848e778f83c80f1777575ad48a6a4c0c192fe2e6a4123b56ae26cdee
4261,2026-08-30,21.8,22.07,21.44,21.58,1442133,31451259.79,,,,render_normalized,tasi_2026-08-29_2026-08-30_20260830T153021490619Z,40f2932d214f44ed867e412ffba0369130210869179423e6eadc9f965765cdba
4261,2026-08-31,21.46,21.53,21.03,21.1,1014648,21557811.58,,,,render_normalized,tasi_2026-08-31_2026-08-31_20260831T153022596960Z,374b46eb50c52f8fd4d5c98f4b7cf8e0c79e078fd621a4b30f58d5382471b4af
4262,2026-08-02,28.08,28.3,27.9,28.22,211232,5951801.64,,,,render_normalized,tasi_2026-07-31_2026-08-02_20260802T153020127593Z,2eb23ca39fcf0e44fa270e6e4d6a1341261e22b2abfbc789ec2875a29009248b
4262,2026-08-03,28.24,28.68,28.18,28.5,228831,6524888.92,,,,render_normalized,tasi_2026-08-03_2026-08-03_20260803T153021496139Z,4b0f0fa9c3b343cf96fecea13101ae13ad2a21806fd55533770061ac5bb0689d
4262,2026-08-04,28.62,28.84,28.26,28.62,320864,9162037.4,,,,render_normalized,tasi_2026-08-04_2026-08-04_20260804T153023696814Z,32de4882671eec0a9062962d0f5591f8e56969b134d0070652d21718d4563e66
4262,2026-08-05,28.0,28.0,27.02,27.24,839980,22933196.34,,,,render_normalized,tasi_2026-08-05_2026-08-05_20260805T153024437012Z,9fd93f225e2663ef72017465f1af6b5bb1e9f620c1b69c07a1f0fd54b850091a
4262,2026-08-06,27.1,27.24,26.84,27.1,402022,10884281.98,,,,render_normalized,tasi_2026-08-06_2026-08-06_20260806T153021501965Z,6ff377152d0ead67e84f33bc0daa618a818145aa8e2f551c9273431d88ac3851
4262,2026-08-09,27.3,27.6,26.86,26.86,333450,9091585.5,,,,render_normalized,tasi_2026-08-07_2026-08-09_20260809T153020287151Z,d7eb763bea83ef8684d027dfe3fb0fb7c951f2a9c34d7e37300eab6704449ed3
4262,2026-08-10,26.86,27.0,26.42,26.96,184699,4947717.9,,,,render_normalized,tasi_2026-08-10_2026-08-10_20260810T153020102570Z,84d11a25e4f1e5c1fd93cef767caa7b24135f07229eeaeab08169c657f7b53de
4262,2026-08-11,27.0,27.26,26.64,27.02,141035,3798178.78,,,,render_normalized,tasi_2026-08-11_2026-08-11_20260811T153022011718Z,2ca6395fd3fcc72ba670e2961883e5c743cbb0e78c08f0ae926df09c31320865
4262,2026-08-12,27.06,27.48,26.98,27.12,158428,4317959.1,,,,render_normalized,tasi_2026-08-12_2026-08-12_20260812T153021905708Z,8862a2d01571a3c9a9cdaef7d6c4c85e805809ad63506c8d9042aff3fa53b579
4262,2026-08-13,27.18,27.18,26.78,27.0,134259,3616769.18,,,,render_normalized,tasi_2026-08-13_2026-08-13_20260813T153020777659Z,e0b6e7e97827824585b899f3f5ae2a43f595aeae92435da9a370d3df14b68b99
4262,2026-08-16,27.14,27.4,26.9,26.9,121511,3306317.96,,,,render_normalized,tasi_2026-08-14_2026-08-16_20260816T153020395457Z,5392abdf5e4a97362d33f1f6287bf2bc003c7d4bb43d28918b8aa095af9310d7
4262,2026-08-17,26.92,27.74,26.88,27.42,228409,6256672.48,,,,render_normalized,tasi_2026-08-17_2026-08-17_20260817T153022794323Z,56ab1200186f32f6bf2b699463f355510bc0a3da931f38c90816013f38a2eaf0
4262,2026-08-18,27.42,27.44,26.94,27.18,203999,5527380.12,,,,render_normalized,tasi_2026-08-18_2026-08-18_20260818T153020653358Z,1cfd844fc98ba7ee716337d459294e8e314daaa0f85480a8e110399f3a6b856d
4262,2026-08-19,27.2,27.66,27.08,27.56,129388,3541616.78,,,,render_normalized,tasi_2026-08-19_2026-08-19_20260819T153022440747Z,c9f50859d8825bb8e17dc890cb696be42681eb6c5d61b3749a33257a86f3517b
4262,2026-08-20,27.64,28.24,27.62,27.84,319876,8932190.7,,,,render_normalized,tasi_2026-08-20_2026-08-28_20260827T215758538311Z,7a00d373848e778f83c80f1777575ad48a6a4c0c192fe2e6a4123b56ae26cdee
4262,2026-08-23,28.0,28.82,27.94,28.64,283434,8073338.62,,,,render_normalized,tasi_2026-08-20_2026-08-28_20260827T215758538311Z,7a00d373848e778f83c80f1777575ad48a6a4c0c192fe2e6a4123b56ae26cdee
4262,2026-08-24,28.62,28.7,28.36,28.4,152318,4342032.34,,,,render_normalized,tasi_2026-08-20_2026-08-28_20260827T215758538311Z,7a00d373848e778f83c80f1777575ad48a6a4c0c192fe2e6a4123b56ae26cdee
4262,2026-08-25,28.4,28.9,28.22,28.54,225420,6437837.42,,,,render_normalized,tasi_2026-08-20_2026-08-28_20260827T215758538311Z,7a00d373848e778f83c80f1777575ad48a6a4c0c192fe2e6a4123b56ae26cdee
4262,2026-08-26,28.66,28.78,28.44,28.66,115842,3313008.6,,,,render_normalized,tasi_2026-08-20_2026-08-28_20260827T215758538311Z,7a00d373848e778f83c80f1777575ad48a6a4c0c192fe2e6a4123b56ae26cdee
4262,2026-08-27,28.66,28.88,28.54,28.76,80802,2321356.12,,,,render_normalized,tasi_2026-08-20_2026-08-28_20260827T215758538311Z,7a00d373848e778f83c80f1777575ad48a6a4c0c192fe2e6a4123b56ae26cdee
4262,2026-08-30,28.78,28.98,28.68,28.74,58572,1686384.84,,,,render_normalized,tasi_2026-08-29_2026-08-30_20260830T153021490619Z,40f2932d214f44ed867e412ffba0369130210869179423e6eadc9f965765cdba
4262,2026-08-31,28.54,28.72,27.88,27.98,211780,5953906.68,,,,render_normalized,tasi_2026-08-31_2026-08-31_20260831T153022596960Z,374b46eb50c52f8fd4d5c98f4b7cf8e0c79e078fd621a4b30f58d5382471b4af
4263,2026-08-02,173.0,174.9,172.4,173.0,99900,17345818.5,,,,render_normalized,tasi_2026-07-31_2026-08-02_20260802T153020127593Z,2eb23ca39fcf0e44fa270e6e4d6a1341261e22b2abfbc789ec2875a29009248b
4263,2026-08-03,173.0,176.4,168.1,174.3,375296,65134976.1,,,,render_normalized,tasi_2026-08-03_2026-08-03_20260803T153021496139Z,4b0f0fa9c3b343cf96fecea13101ae13ad2a21806fd55533770061ac5bb0689d
4263,2026-08-04,174.0,175.5,171.8,173.1,521822,90325416.2,,,,render_normalized,tasi_2026-08-04_2026-08-04_20260804T153023696814Z,32de4882671eec0a9062962d0f5591f8e56969b134d0070652d21718d4563e66
4263,2026-08-05,173.0,178.8,170.4,177.5,449620,79137403.1,,,,render_normalized,tasi_2026-08-05_2026-08-05_20260805T153024437012Z,9fd93f225e2663ef72017465f1af6b5bb1e9f620c1b69c07a1f0fd54b850091a
4263,2026-08-06,177.0,177.0,172.3,173.0,283054,49145330.5,,,,render_normalized,tasi_2026-08-06_2026-08-06_20260806T153021501965Z,6ff377152d0ead67e84f33bc0daa618a818145aa8e2f551c9273431d88ac3851
4263,2026-08-09,173.0,173.0,170.0,170.0,77177,13244106.0,,,,render_normalized,tasi_2026-08-07_2026-08-09_20260809T153020287151Z,d7eb763bea83ef8684d027dfe3fb0fb7c951f2a9c34d7e37300eab6704449ed3
4263,2026-08-10,170.0,173.7,168.1,173.0,178454,30696893.3,,,,render_normalized,tasi_2026-08-10_2026-08-10_20260810T153020102570Z,84d11a25e4f1e5c1fd93cef767caa7b24135f07229eeaeab08169c657f7b53de
4263,2026-08-11,172.0,173.5,171.9,173.0,152125,26285804.3,,,,render_normalized,tasi_2026-08-11_2026-08-11_20260811T153022011718Z,2ca6395fd3fcc72ba670e2961883e5c743cbb0e78c08f0ae926df09c31320865
4263,2026-08-12,172.0,173.1,171.7,172.9,99939,17226884.6,,,,render_normalized,tasi_2026-08-12_2026-08-12_20260812T153021905708Z,8862a2d01571a3c9a9cdaef7d6c4c85e805809ad63506c8d9042aff3fa53b579
4263,2026-08-13,172.0,173.4,171.0,171.5,210303,36138889.6,,,,render_normalized,tasi_2026-08-13_2026-08-13_20260813T153020777659Z,e0b6e7e97827824585b899f3f5ae2a43f595aeae92435da9a370d3df14b68b99
4263,2026-08-16,171.5,172.6,170.0,170.0,66869,11425685.9,,,,render_normalized,tasi_2026-08-14_2026-08-16_20260816T153020395457Z,5392abdf5e4a97362d33f1f6287bf2bc003c7d4bb43d28918b8aa095af9310d7
4263,2026-08-17,169.9,170.6,167.5,170.6,71299,12092580.2,,,,render_normalized,tasi_2026-08-17_2026-08-17_20260817T153022794323Z,56ab1200186f32f6bf2b699463f355510bc0a3da931f38c90816013f38a2eaf0
4263,2026-08-18,170.5,172.0,169.0,169.9,78780,13411856.4,,,,render_normalized,tasi_2026-08-18_2026-08-18_20260818T153020653358Z,1cfd844fc98ba7ee716337d459294e8e314daaa0f85480a8e110399f3a6b856d
4263,2026-08-19,168.0,169.8,168.0,168.7,87689,14814543.9,,,,render_normalized,tasi_2026-08-19_2026-08-19_20260819T153022440747Z,c9f50859d8825bb8e17dc890cb696be42681eb6c5d61b3749a33257a86f3517b
4263,2026-08-20,170.0,170.1,168.4,169.1,64959,11014952.7,,,,render_normalized,tasi_2026-08-20_2026-08-28_20260827T215758538311Z,7a00d373848e778f83c80f1777575ad48a6a4c0c192fe2e6a4123b56ae26cdee
4263,2026-08-23,170.0,171.9,169.1,170.5,53732,9180911.9,,,,render_normalized,tasi_2026-08-20_2026-08-28_20260827T215758538311Z,7a00d373848e778f83c80f1777575ad48a6a4c0c192fe2e6a4123b56ae26cdee
4263,2026-08-24,170.7,173.0,170.6,172.1,105234,18119324.7,,,,render_normalized,tasi_2026-08-20_2026-08-28_20260827T215758538311Z,7a00d373848e778f83c80f1777575ad48a6a4c0c192fe2e6a4123b56ae26cdee
4263,2026-08-25,172.1,172.6,168.4,168.8,264718,44830981.9,,,,render_normalized,tasi_2026-08-20_2026-08-28_20260827T215758538311Z,7a00d373848e778f83c80f1777575ad48a6a4c0c192fe2e6a4123b56ae26cdee
4263,2026-08-26,170.0,170.2,167.5,167.8,247520,41762742.3,,,,render_normalized,tasi_2026-08-20_2026-08-28_20260827T215758538311Z,7a00d373848e778f83c80f1777575ad48a6a4c0c192fe2e6a4123b56ae26cdee
4263,2026-08-27,167.9,169.8,167.9,168.4,136417,23065457.6,,,,render_normalized,tasi_2026-08-20_2026-08-28_20260827T215758538311Z,7a00d373848e778f83c80f1777575ad48a6a4c0c192fe2e6a4123b56ae26cdee
4263,2026-08-30,168.4,170.2,168.4,168.9,74485,12608816.3,,,,render_normalized,tasi_2026-08-29_2026-08-30_20260830T153021490619Z,40f2932d214f44ed867e412ffba0369130210869179423e6eadc9f965765cdba
4263,2026-08-31,168.2,168.2,164.0,164.4,3223814,530386193.2,,,,render_normalized,tasi_2026-08-31_2026-08-31_20260831T153022596960Z,374b46eb50c52f8fd4d5c98f4b7cf8e0c79e078fd621a4b30f58d5382471b4af
4264,2026-08-02,49.46,50.05,49.46,49.9,423923,21153616.51,,,,render_normalized,tasi_2026-07-31_2026-08-02_20260802T153020127593Z,2eb23ca39fcf0e44fa270e6e4d6a1341261e22b2abfbc789ec2875a29009248b
4264,2026-08-03,49.7,50.05,49.68,49.86,706042,35226012.82,,,,render_normalized,tasi_2026-08-03_2026-08-03_20260803T153021496139Z,4b0f0fa9c3b343cf96fecea13101ae13ad2a21806fd55533770061ac5bb0689d
4264,2026-08-04,50.05,50.05,49.52,49.52,505289,25133459.48,,,,render_normalized,tasi_2026-08-04_2026-08-04_20260804T153023696814Z,32de4882671eec0a9062962d0f5591f8e56969b134d0070652d21718d4563e66
4264,2026-08-05,49.44,49.8,48.98,49.68,649220,32173173.8,,,,render_normalized,tasi_2026-08-05_2026-08-05_20260805T153024437012Z,9fd93f225e2663ef72017465f1af6b5bb1e9f620c1b69c07a1f0fd54b850091a
4264,2026-08-06,49.6,50.0,49.5,49.78,385725,19224515.72,,,,render_normalized,tasi_2026-08-06_2026-08-06_20260806T153021501965Z,6ff377152d0ead67e84f33bc0daa618a818145aa8e2f551c9273431d88ac3851
4264,2026-08-09,49.8,49.8,49.28,49.38,216239,10695389.26,,,,render_normalized,tasi_2026-08-07_2026-08-09_20260809T153020287151Z,d7eb763bea83ef8684d027dfe3fb0fb7c951f2a9c34d7e37300eab6704449ed3
4264,2026-08-10,49.38,49.38,48.76,48.98,335684,16456298.5,,,,render_normalized,tasi_2026-08-10_2026-08-10_20260810T153020102570Z,84d11a25e4f1e5c1fd93cef767caa7b24135f07229eeaeab08169c657f7b53de
4264,2026-08-11,49.08,49.08,48.18,48.84,475458,23088062.06,,,,render_normalized,tasi_2026-08-11_2026-08-11_20260811T153022011718Z,2ca6395fd3fcc72ba670e2961883e5c743cbb0e78c08f0ae926df09c31320865
4264,2026-08-12,48.84,49.46,48.52,49.32,269098,13162862.92,,,,render_normalized,tasi_2026-08-12_2026-08-12_20260812T153021905708Z,8862a2d01571a3c9a9cdaef7d6c4c85e805809ad63506c8d9042aff3fa53b579
4264,2026-08-13,49.28,49.3,48.94,49.18,101233,4968919.78,,,,render_normalized,tasi_2026-08-13_2026-08-13_20260813T153020777659Z,e0b6e7e97827824585b899f3f5ae2a43f595aeae92435da9a370d3df14b68b99
4264,2026-08-16,49.2,49.66,49.2,49.5,167633,8300903.42,,,,render_normalized,tasi_2026-08-14_2026-08-16_20260816T153020395457Z,5392abdf5e4a97362d33f1f6287bf2bc003c7d4bb43d28918b8aa095af9310d7
4264,2026-08-17,49.58,50.75,49.48,50.4,816657,41146711.76,,,,render_normalized,tasi_2026-08-17_2026-08-17_20260817T153022794323Z,56ab1200186f32f6bf2b699463f355510bc0a3da931f38c90816013f38a2eaf0
4264,2026-08-18,50.4,50.45,49.4,49.42,344501,17116439.15,,,,render_normalized,tasi_2026-08-18_2026-08-18_20260818T153020653358Z,1cfd844fc98ba7ee716337d459294e8e314daaa0f85480a8e110399f3a6b856d
4264,2026-08-19,49.44,49.66,49.06,49.62,178893,8819192.0,,,,render_normalized,tasi_2026-08-19_2026-08-19_20260819T153022440747Z,c9f50859d8825bb8e17dc890cb696be42681eb6c5d61b3749a33257a86f3517b
4264,2026-08-20,49.1,49.56,49.1,49.28,122815,6052782.92,,,,render_normalized,tasi_2026-08-20_2026-08-28_20260827T215758538311Z,7a00d373848e778f83c80f1777575ad48a6a4c0c192fe2e6a4123b56ae26cdee
4264,2026-08-23,49.28,50.2,49.28,49.9,760849,37928368.52,,,,render_normalized,tasi_2026-08-20_2026-08-28_20260827T215758538311Z,7a00d373848e778f83c80f1777575ad48a6a4c0c192fe2e6a4123b56ae26cdee
4264,2026-08-24,49.96,50.35,49.88,49.9,402395,20145432.79,,,,render_normalized,tasi_2026-08-20_2026-08-28_20260827T215758538311Z,7a00d373848e778f83c80f1777575ad48a6a4c0c192fe2e6a4123b56ae26cdee
4264,2026-08-25,50.0,50.0,49.5,49.6,324497,16140355.2,,,,render_normalized,tasi_2026-08-20_2026-08-28_20260827T215758538311Z,7a00d373848e778f83c80f1777575ad48a6a4c0c192fe2e6a4123b56ae26cdee
4264,2026-08-26,49.68,50.0,49.68,49.98,182876,9115420.74,,,,render_normalized,tasi_2026-08-20_2026-08-28_20260827T215758538311Z,7a00d373848e778f83c80f1777575ad48a6a4c0c192fe2e6a4123b56ae26cdee
4264,2026-08-27,50.0,50.0,49.7,49.8,247316,12327713.58,,,,render_normalized,tasi_2026-08-20_2026-08-28_20260827T215758538311Z,7a00d373848e778f83c80f1777575ad48a6a4c0c192fe2e6a4123b56ae26cdee
4264,2026-08-30,49.88,50.25,49.82,49.9,336752,16864804.95,,,,render_normalized,tasi_2026-08-29_2026-08-30_20260830T153021490619Z,40f2932d214f44ed867e412ffba0369130210869179423e6eadc9f965765cdba
4264,2026-08-31,49.82,49.88,49.34,49.4,357753,17696264.42,,,,render_normalized,tasi_2026-08-31_2026-08-31_20260831T153022596960Z,374b46eb50c52f8fd4d5c98f4b7cf8e0c79e078fd621a4b30f58d5382471b4af
4265,2026-08-02,23.48,23.75,22.99,23.06,161939,3772065.92,,,,render_normalized,tasi_2026-07-31_2026-08-02_20260802T153020127593Z,2eb23ca39fcf0e44fa270e6e4d6a1341261e22b2abfbc789ec2875a29009248b
4265,2026-08-03,23.06,23.35,23.0,23.3,96428,2236160.83,,,,render_normalized,tasi_2026-08-03_2026-08-03_20260803T153021496139Z,4b0f0fa9c3b343cf96fecea13101ae13ad2a21806fd55533770061ac5bb0689d
4265,2026-08-04,23.37,23.84,23.27,23.75,157337,3702047.52,,,,render_normalized,tasi_2026-08-04_2026-08-04_20260804T153023696814Z,32de4882671eec0a9062962d0f5591f8e56969b134d0070652d21718d4563e66
4265,2026-08-05,23.38,23.76,23.3,23.66,208128,4907216.12,,,,render_normalized,tasi_2026-08-05_2026-08-05_20260805T153024437012Z,9fd93f225e2663ef72017465f1af6b5bb1e9f620c1b69c07a1f0fd54b850091a
4265,2026-08-06,23.74,24.19,23.38,23.44,194808,4631962.07,,,,render_normalized,tasi_2026-08-06_2026-08-06_20260806T153021501965Z,6ff377152d0ead67e84f33bc0daa618a818145aa8e2f551c9273431d88ac3851
4265,2026-08-09,23.8,23.8,23.18,23.2,98602,2297730.33,,,,render_normalized,tasi_2026-08-07_2026-08-09_20260809T153020287151Z,d7eb763bea83ef8684d027dfe3fb0fb7c951f2a9c34d7e37300eab6704449ed3
4265,2026-08-10,23.18,23.26,23.0,23.26,60957,1411390.31,,,,render_normalized,tasi_2026-08-10_2026-08-10_20260810T153020102570Z,84d11a25e4f1e5c1fd93cef767caa7b24135f07229eeaeab08169c657f7b53de
4265,2026-08-11,23.26,23.34,23.15,23.22,43712,1016712.82,,,,render_normalized,tasi_2026-08-11_2026-08-11_20260811T153022011718Z,2ca6395fd3fcc72ba670e2961883e5c743cbb0e78c08f0ae926df09c31320865
4265,2026-08-12,23.22,23.4,23.1,23.14,65431,1520130.8,,,,render_normalized,tasi_2026-08-12_2026-08-12_20260812T153021905708Z,8862a2d01571a3c9a9cdaef7d6c4c85e805809ad63506c8d9042aff3fa53b579
4265,2026-08-13,23.14,23.26,23.0,23.08,81789,1889678.57,,,,render_normalized,tasi_2026-08-13_2026-08-13_20260813T153020777659Z,e0b6e7e97827824585b899f3f5ae2a43f595aeae92435da9a370d3df14b68b99
4265,2026-08-16,23.24,23.3,22.93,22.95,68393,1580816.01,,,,render_normalized,tasi_2026-08-14_2026-08-16_20260816T153020395457Z,5392abdf5e4a97362d33f1f6287bf2bc003c7d4bb43d28918b8aa095af9310d7
4265,2026-08-17,22.95,23.09,22.82,22.88,96696,2222487.71,,,,render_normalized,tasi_2026-08-17_2026-08-17_20260817T153022794323Z,56ab1200186f32f6bf2b699463f355510bc0a3da931f38c90816013f38a2eaf0
4265,2026-08-18,22.88,23.13,22.85,22.87,64499,1480036.31,,,,render_normalized,tasi_2026-08-18_2026-08-18_20260818T153020653358Z,1cfd844fc98ba7ee716337d459294e8e314daaa0f85480a8e110399f3a6b856d
4265,2026-08-19,22.88,23.0,22.75,22.8,93276,2129021.21,,,,render_normalized,tasi_2026-08-19_2026-08-19_20260819T153022440747Z,c9f50859d8825bb8e17dc890cb696be42681eb6c5d61b3749a33257a86f3517b
4265,2026-08-20,22.8,23.78,22.78,23.75,293402,6841160.04,,,,render_normalized,tasi_2026-08-20_2026-08-28_20260827T215758538311Z,7a00d373848e778f83c80f1777575ad48a6a4c0c192fe2e6a4123b56ae26cdee
4265,2026-08-23,23.88,25.1,23.85,24.64,616377,15172476.21,,,,render_normalized,tasi_2026-08-20_2026-08-28_20260827T215758538311Z,7a00d373848e778f83c80f1777575ad48a6a4c0c192fe2e6a4123b56ae26cdee
4265,2026-08-24,24.64,25.2,24.6,25.04,349928,8703354.05,,,,render_normalized,tasi_2026-08-20_2026-08-28_20260827T215758538311Z,7a00d373848e778f83c80f1777575ad48a6a4c0c192fe2e6a4123b56ae26cdee
4265,2026-08-25,25.08,25.42,24.8,25.06,277940,6998845.27,,,,render_normalized,tasi_2026-08-20_2026-08-28_20260827T215758538311Z,7a00d373848e778f83c80f1777575ad48a6a4c0c192fe2e6a4123b56ae26cdee
4265,2026-08-26,25.06,25.1,24.5,24.51,206034,5098844.56,,,,render_normalized,tasi_2026-08-20_2026-08-28_20260827T215758538311Z,7a00d373848e778f83c80f1777575ad48a6a4c0c192fe2e6a4123b56ae26cdee
4265,2026-08-27,24.65,24.65,24.08,24.43,45415,1108886.06,,,,render_normalized,tasi_2026-08-20_2026-08-28_20260827T215758538311Z,7a00d373848e778f83c80f1777575ad48a6a4c0c192fe2e6a4123b56ae26cdee
4265,2026-08-30,24.44,24.48,24.2,24.21,49940,1213380.53,,,,render_normalized,tasi_2026-08-29_2026-08-30_20260830T153021490619Z,40f2932d214f44ed867e412ffba0369130210869179423e6eadc9f965765cdba
4265,2026-08-31,24.2,24.2,23.9,23.99,101167,2429026.4,,,,render_normalized,tasi_2026-08-31_2026-08-31_20260831T153022596960Z,374b46eb50c52f8fd4d5c98f4b7cf8e0c79e078fd621a4b30f58d5382471b4af
4270,2026-08-02,8.75,9.3,8.74,8.9,1900840,17118874.24,,,,render_normalized,tasi_2026-07-31_2026-08-02_20260802T153020127593Z,2eb23ca39fcf0e44fa270e6e4d6a1341261e22b2abfbc789ec2875a29009248b
4270,2026-08-03,9.08,9.13,8.5,8.61,1262008,11044229.02,,,,render_normalized,tasi_2026-08-03_2026-08-03_20260803T153021496139Z,4b0f0fa9c3b343cf96fecea13101ae13ad2a21806fd55533770061ac5bb0689d
4270,2026-08-04,8.61,9.47,8.58,9.2,3223466,29760995.72,,,,render_normalized,tasi_2026-08-04_2026-08-04_20260804T153023696814Z,32de4882671eec0a9062962d0f5591f8e56969b134d0070652d21718d4563e66
4270,2026-08-05,9.3,9.73,9.1,9.12,1644803,15373518.41,,,,render_normalized,tasi_2026-08-05_2026-08-05_20260805T153024437012Z,9fd93f225e2663ef72017465f1af6b5bb1e9f620c1b69c07a1f0fd54b850091a
4270,2026-08-06,9.12,9.18,8.68,8.72,955708,8460016.4,,,,render_normalized,tasi_2026-08-06_2026-08-06_20260806T153021501965Z,6ff377152d0ead67e84f33bc0daa618a818145aa8e2f551c9273431d88ac3851
4270,2026-08-09,8.8,9.2,7.86,8.12,1757098,14775108.28,,,,render_normalized,tasi_2026-08-07_2026-08-09_20260809T153020287151Z,d7eb763bea83ef8684d027dfe3fb0fb7c951f2a9c34d7e37300eab6704449ed3
4270,2026-08-10,8.08,8.1,7.86,7.99,977907,7799343.84,,,,render_normalized,tasi_2026-08-10_2026-08-10_20260810T153020102570Z,84d11a25e4f1e5c1fd93cef767caa7b24135f07229eeaeab08169c657f7b53de
4270,2026-08-11,8.0,8.16,7.8,7.8,1740334,13823390.62,,,,render_normalized,tasi_2026-08-11_2026-08-11_20260811T153022011718Z,2ca6395fd3fcc72ba670e2961883e5c743cbb0e78c08f0ae926df09c31320865
4270,2026-08-12,7.8,8.03,7.8,7.92,4335449,34558174.59,,,,render_normalized,tasi_2026-08-12_2026-08-12_20260812T153021905708Z,8862a2d01571a3c9a9cdaef7d6c4c85e805809ad63506c8d9042aff3fa53b579
4270,2026-08-13,8.0,8.01,7.78,7.78,2316772,18358424.69,,,,render_normalized,tasi_2026-08-13_2026-08-13_20260813T153020777659Z,e0b6e7e97827824585b899f3f5ae2a43f595aeae92435da9a370d3df14b68b99
4270,2026-08-16,7.82,7.98,7.76,7.83,1533396,12096160.85,,,,render_normalized,tasi_2026-08-14_2026-08-16_20260816T153020395457Z,5392abdf5e4a97362d33f1f6287bf2bc003c7d4bb43d28918b8aa095af9310d7
4270,2026-08-17,7.83,7.87,7.56,7.79,1211496,9366810.95,,,,render_normalized,tasi_2026-08-17_2026-08-17_20260817T153022794323Z,56ab1200186f32f6bf2b699463f355510bc0a3da931f38c90816013f38a2eaf0
4270,2026-08-18,7.77,7.98,7.65,7.74,1336373,10405380.32,,,,render_normalized,tasi_2026-08-18_2026-08-18_20260818T153020653358Z,1cfd844fc98ba7ee716337d459294e8e314daaa0f85480a8e110399f3a6b856d
4270,2026-08-19,7.76,7.94,7.71,7.73,1318430,10303468.33,,,,render_normalized,tasi_2026-08-19_2026-08-19_20260819T153022440747Z,c9f50859d8825bb8e17dc890cb696be42681eb6c5d61b3749a33257a86f3517b
4270,2026-08-20,7.83,7.93,7.77,7.82,1353497,10620611.59,,,,render_normalized,tasi_2026-08-20_2026-08-28_20260827T215758538311Z,7a00d373848e778f83c80f1777575ad48a6a4c0c192fe2e6a4123b56ae26cdee
4270,2026-08-23,7.86,7.99,7.81,7.94,2252163,17808425.74,,,,render_normalized,tasi_2026-08-20_2026-08-28_20260827T215758538311Z,7a00d373848e778f83c80f1777575ad48a6a4c0c192fe2e6a4123b56ae26cdee
4270,2026-08-24,7.95,7.97,7.86,7.96,2314606,18363271.57,,,,render_normalized,tasi_2026-08-20_2026-08-28_20260827T215758538311Z,7a00d373848e778f83c80f1777575ad48a6a4c0c192fe2e6a4123b56ae26cdee
4270,2026-08-25,7.96,8.6,7.94,8.49,9232056,77202659.63,,,,render_normalized,tasi_2026-08-20_2026-08-28_20260827T215758538311Z,7a00d373848e778f83c80f1777575ad48a6a4c0c192fe2e6a4123b56ae26cdee
4270,2026-08-26,8.48,8.55,8.14,8.21,2705538,22600953.81,,,,render_normalized,tasi_2026-08-20_2026-08-28_20260827T215758538311Z,7a00d373848e778f83c80f1777575ad48a6a4c0c192fe2e6a4123b56ae26cdee
4270,2026-08-27,8.28,8.29,8.07,8.1,1703068,13857362.06,,,,render_normalized,tasi_2026-08-20_2026-08-28_20260827T215758538311Z,7a00d373848e778f83c80f1777575ad48a6a4c0c192fe2e6a4123b56ae26cdee
4270,2026-08-30,8.14,8.4,8.08,8.22,2168454,17910595.51,,,,render_normalized,tasi_2026-08-29_2026-08-30_20260830T153021490619Z,40f2932d214f44ed867e412ffba0369130210869179423e6eadc9f965765cdba
4270,2026-08-31,8.18,8.35,8.08,8.16,1495796,12254858.32,,,,render_normalized,tasi_2026-08-31_2026-08-31_20260831T153022596960Z,374b46eb50c52f8fd4d5c98f4b7cf8e0c79e078fd621a4b30f58d5382471b4af
4280,2026-08-02,12.15,12.29,11.94,12.04,399222,4805982.25,,,,render_normalized,tasi_2026-07-31_2026-08-02_20260802T153020127593Z,2eb23ca39fcf0e44fa270e6e4d6a1341261e22b2abfbc789ec2875a29009248b
4280,2026-08-03,11.93,12.02,11.76,11.84,691563,8194757.3,,,,render_normalized,tasi_2026-08-03_2026-08-03_20260803T153021496139Z,4b0f0fa9c3b343cf96fecea13101ae13ad2a21806fd55533770061ac5bb0689d
4280,2026-08-04,11.77,12.05,11.77,12.0,1170338,13988382.74,,,,render_normalized,tasi_2026-08-04_2026-08-04_20260804T153023696814Z,32de4882671eec0a9062962d0f5591f8e56969b134d0070652d21718d4563e66
4280,2026-08-05,12.0,12.34,11.9,12.29,1679283,20356494.38,,,,render_normalized,tasi_2026-08-05_2026-08-05_20260805T153024437012Z,9fd93f225e2663ef72017465f1af6b5bb1e9f620c1b69c07a1f0fd54b850091a
4280,2026-08-06,12.34,13.08,12.2,12.82,2372418,30268684.17,,,,render_normalized,tasi_2026-08-06_2026-08-06_20260806T153021501965Z,6ff377152d0ead67e84f33bc0daa618a818145aa8e2f551c9273431d88ac3851
4280,2026-08-09,12.88,13.2,12.6,12.79,1698671,21830428.05,,,,render_normalized,tasi_2026-08-07_2026-08-09_20260809T153020287151Z,d7eb763bea83ef8684d027dfe3fb0fb7c951f2a9c34d7e37300eab6704449ed3
4280,2026-08-10,12.6,13.34,12.57,13.31,1649198,21380173.12,,,,render_normalized,tasi_2026-08-10_2026-08-10_20260810T153020102570Z,84d11a25e4f1e5c1fd93cef767caa7b24135f07229eeaeab08169c657f7b53de
4280,2026-08-11,13.36,13.4,12.84,13.16,1147142,15082188.04,,,,render_normalized,tasi_2026-08-11_2026-08-11_20260811T153022011718Z,2ca6395fd3fcc72ba670e2961883e5c743cbb0e78c08f0ae926df09c31320865
4280,2026-08-12,13.12,13.4,13.09,13.12,1429228,18826477.09,,,,render_normalized,tasi_2026-08-12_2026-08-12_20260812T153021905708Z,8862a2d01571a3c9a9cdaef7d6c4c85e805809ad63506c8d9042aff3fa53b579
4280,2026-08-13,13.39,13.48,13.08,13.25,1304438,17194401.26,,,,render_normalized,tasi_2026-08-13_2026-08-13_20260813T153020777659Z,e0b6e7e97827824585b899f3f5ae2a43f595aeae92435da9a370d3df14b68b99
4280,2026-08-16,13.25,13.7,13.21,13.44,506121,6780071.95,,,,render_normalized,tasi_2026-08-14_2026-08-16_20260816T153020395457Z,5392abdf5e4a97362d33f1f6287bf2bc003c7d4bb43d28918b8aa095af9310d7
4280,2026-08-17,13.6,14.23,13.57,14.08,2469702,34520069.01,,,,render_normalized,tasi_2026-08-17_2026-08-17_20260817T153022794323Z,56ab1200186f32f6bf2b699463f355510bc0a3da931f38c90816013f38a2eaf0
4280,2026-08-18,14.11,14.74,14.0,14.24,1420112,20528039.95,,,,render_normalized,tasi_2026-08-18_2026-08-18_20260818T153020653358Z,1cfd844fc98ba7ee716337d459294e8e314daaa0f85480a8e110399f3a6b856d
4280,2026-08-19,14.48,14.5,14.05,14.21,742868,10545086.42,,,,render_normalized,tasi_2026-08-19_2026-08-19_20260819T153022440747Z,c9f50859d8825bb8e17dc890cb696be42681eb6c5d61b3749a33257a86f3517b
4280,2026-08-20,14.04,14.17,14.01,14.04,1031073,14522635.66,,,,render_normalized,tasi_2026-08-20_2026-08-28_20260827T215758538311Z,7a00d373848e778f83c80f1777575ad48a6a4c0c192fe2e6a4123b56ae26cdee
4280,2026-08-23,14.0,14.19,13.92,13.92,605629,8498764.24,,,,render_normalized,tasi_2026-08-20_2026-08-28_20260827T215758538311Z,7a00d373848e778f83c80f1777575ad48a6a4c0c192fe2e6a4123b56ae26cdee
4280,2026-08-24,13.9,14.1,13.63,13.75,1045568,14404082.78,,,,render_normalized,tasi_2026-08-20_2026-08-28_20260827T215758538311Z,7a00d373848e778f83c80f1777575ad48a6a4c0c192fe2e6a4123b56ae26cdee
4280,2026-08-25,13.74,14.0,13.67,13.82,996900,13765266.91,,,,render_normalized,tasi_2026-08-20_2026-08-28_20260827T215758538311Z,7a00d373848e778f83c80f1777575ad48a6a4c0c192fe2e6a4123b56ae26cdee
4280,2026-08-26,13.93,14.1,13.8,14.06,1027936,14380638.58,,,,render_normalized,tasi_2026-08-20_2026-08-28_20260827T215758538311Z,7a00d373848e778f83c80f1777575ad48a6a4c0c192fe2e6a4123b56ae26cdee
4280,2026-08-27,14.06,14.33,13.98,14.32,707843,10035274.29,,,,render_normalized,tasi_2026-08-20_2026-08-28_20260827T215758538311Z,7a00d373848e778f83c80f1777575ad48a6a4c0c192fe2e6a4123b56ae26cdee
4280,2026-08-30,14.35,14.79,14.27,14.43,930345,13427871.04,,,,render_normalized,tasi_2026-08-29_2026-08-30_20260830T153021490619Z,40f2932d214f44ed867e412ffba0369130210869179423e6eadc9f965765cdba
4280,2026-08-31,14.49,14.6,14.29,14.43,447921,6441885.38,,,,render_normalized,tasi_2026-08-31_2026-08-31_20260831T153022596960Z,374b46eb50c52f8fd4d5c98f4b7cf8e0c79e078fd621a4b30f58d5382471b4af
4290,2026-08-02,13.21,13.47,13.16,13.39,162059,2160550.11,,,,render_normalized,tasi_2026-07-31_2026-08-02_20260802T153020127593Z,2eb23ca39fcf0e44fa270e6e4d6a1341261e22b2abfbc789ec2875a29009248b
4290,2026-08-03,13.42,14.1,13.4,14.01,385580,5346449.43,,,,render_normalized,tasi_2026-08-03_2026-08-03_20260803T153021496139Z,4b0f0fa9c3b343cf96fecea13101ae13ad2a21806fd55533770061ac5bb0689d
4290,2026-08-04,14.09,14.19,13.92,14.18,170946,2403574.97,,,,render_normalized,tasi_2026-08-04_2026-08-04_20260804T153023696814Z,32de4882671eec0a9062962d0f5591f8e56969b134d0070652d21718d4563e66
4290,2026-08-05,14.18,14.35,14.1,14.15,179617,2556255.45,,,,render_normalized,tasi_2026-08-05_2026-08-05_20260805T153024437012Z,9fd93f225e2663ef72017465f1af6b5bb1e9f620c1b69c07a1f0fd54b850091a
4290,2026-08-06,14.1,14.1,13.82,13.91,104462,1454723.89,,,,render_normalized,tasi_2026-08-06_2026-08-06_20260806T153021501965Z,6ff377152d0ead67e84f33bc0daa618a818145aa8e2f551c9273431d88ac3851
4290,2026-08-09,13.84,13.87,13.6,13.68,95568,1312125.49,,,,render_normalized,tasi_2026-08-07_2026-08-09_20260809T153020287151Z,d7eb763bea83ef8684d027dfe3fb0fb7c951f2a9c34d7e37300eab6704449ed3
4290,2026-08-10,13.55,14.3,13.51,14.18,423319,5932203.66,,,,render_normalized,tasi_2026-08-10_2026-08-10_20260810T153020102570Z,84d11a25e4f1e5c1fd93cef767caa7b24135f07229eeaeab08169c657f7b53de
4290,2026-08-11,14.28,14.46,14.01,14.13,303856,4333409.09,,,,render_normalized,tasi_2026-08-11_2026-08-11_20260811T153022011718Z,2ca6395fd3fcc72ba670e2961883e5c743cbb0e78c08f0ae926df09c31320865
4290,2026-08-12,14.12,14.38,13.77,13.8,309162,4336776.97,,,,render_normalized,tasi_2026-08-12_2026-08-12_20260812T153021905708Z,8862a2d01571a3c9a9cdaef7d6c4c85e805809ad63506c8d9042aff3fa53b579
4290,2026-08-13,13.8,13.87,13.64,13.67,163951,2252609.24,,,,render_normalized,tasi_2026-08-13_2026-08-13_20260813T153020777659Z,e0b6e7e97827824585b899f3f5ae2a43f595aeae92435da9a370d3df14b68b99
4290,2026-08-16,13.97,14.15,13.86,14.03,237387,3320710.76,,,,render_normalized,tasi_2026-08-14_2026-08-16_20260816T153020395457Z,5392abdf5e4a97362d33f1f6287bf2bc003c7d4bb43d28918b8aa095af9310d7
4290,2026-08-17,14.03,14.78,13.95,14.42,461734,6687039.13,,,,render_normalized,tasi_2026-08-17_2026-08-17_20260817T153022794323Z,56ab1200186f32f6bf2b699463f355510bc0a3da931f38c90816013f38a2eaf0
4290,2026-08-18,14.98,14.98,14.33,14.52,471186,6860453.64,,,,render_normalized,tasi_2026-08-18_2026-08-18_20260818T153020653358Z,1cfd844fc98ba7ee716337d459294e8e314daaa0f85480a8e110399f3a6b856d
4290,2026-08-19,14.53,14.9,14.35,14.65,321635,4709699.24,,,,render_normalized,tasi_2026-08-19_2026-08-19_20260819T153022440747Z,c9f50859d8825bb8e17dc890cb696be42681eb6c5d61b3749a33257a86f3517b
4290,2026-08-20,14.66,15.2,14.66,14.97,703707,10564544.67,,,,render_normalized,tasi_2026-08-20_2026-08-28_20260827T215758538311Z,7a00d373848e778f83c80f1777575ad48a6a4c0c192fe2e6a4123b56ae26cdee
4290,2026-08-23,14.85,15.27,14.85,15.11,318367,4822771.98,,,,render_normalized,tasi_2026-08-20_2026-08-28_20260827T215758538311Z,7a00d373848e778f83c80f1777575ad48a6a4c0c192fe2e6a4123b56ae26cdee
4290,2026-08-24,15.19,15.19,14.9,14.95,253215,3800177.59,,,,render_normalized,tasi_2026-08-20_2026-08-28_20260827T215758538311Z,7a00d373848e778f83c80f1777575ad48a6a4c0c192fe2e6a4123b56ae26cdee
4290,2026-08-25,14.96,15.06,14.83,14.83,191033,2853143.53,,,,render_normalized,tasi_2026-08-20_2026-08-28_20260827T215758538311Z,7a00d373848e778f83c80f1777575ad48a6a4c0c192fe2e6a4123b56ae26cdee
4290,2026-08-26,14.96,15.04,14.84,14.94,136838,2042579.89,,,,render_normalized,tasi_2026-08-20_2026-08-28_20260827T215758538311Z,7a00d373848e778f83c80f1777575ad48a6a4c0c192fe2e6a4123b56ae26cdee
4290,2026-08-27,14.84,14.92,14.6,14.75,250299,3685187.06,,,,render_normalized,tasi_2026-08-20_2026-08-28_20260827T215758538311Z,7a00d373848e778f83c80f1777575ad48a6a4c0c192fe2e6a4123b56ae26cdee
4290,2026-08-30,14.8,14.85,14.68,14.71,125410,1852436.66,,,,render_normalized,tasi_2026-08-29_2026-08-30_20260830T153021490619Z,40f2932d214f44ed867e412ffba0369130210869179423e6eadc9f965765cdba
4290,2026-08-31,14.68,14.69,14.54,14.56,70753,1032439.59,,,,render_normalized,tasi_2026-08-31_2026-08-31_20260831T153022596960Z,374b46eb50c52f8fd4d5c98f4b7cf8e0c79e078fd621a4b30f58d5382471b4af
4291,2026-08-02,130.1,133.3,129.1,132.0,37664,4962650.5,,,,render_normalized,tasi_2026-07-31_2026-08-02_20260802T153020127593Z,2eb23ca39fcf0e44fa270e6e4d6a1341261e22b2abfbc789ec2875a29009248b
4291,2026-08-03,132.1,145.2,132.1,145.2,109147,15213166.9,,,,render_normalized,tasi_2026-08-03_2026-08-03_20260803T153021496139Z,4b0f0fa9c3b343cf96fecea13101ae13ad2a21806fd55533770061ac5bb0689d
4291,2026-08-04,145.1,152.4,140.1,147.2,322906,46245314.7,,,,render_normalized,tasi_2026-08-04_2026-08-04_20260804T153023696814Z,32de4882671eec0a9062962d0f5591f8e56969b134d0070652d21718d4563e66
4291,2026-08-05,149.3,149.5,144.5,147.9,72078,10614538.9,,,,render_normalized,tasi_2026-08-05_2026-08-05_20260805T153024437012Z,9fd93f225e2663ef72017465f1af6b5bb1e9f620c1b69c07a1f0fd54b850091a
4291,2026-08-06,148.0,148.8,143.7,145.2,20480,2995204.6,,,,render_normalized,tasi_2026-08-06_2026-08-06_20260806T153021501965Z,6ff377152d0ead67e84f33bc0daa618a818145aa8e2f551c9273431d88ac3851
4291,2026-08-09,142.0,147.9,142.0,146.8,45576,6656424.2,,,,render_normalized,tasi_2026-08-07_2026-08-09_20260809T153020287151Z,d7eb763bea83ef8684d027dfe3fb0fb7c951f2a9c34d7e37300eab6704449ed3
4291,2026-08-10,148.0,148.3,144.6,144.6,19475,2857690.6,,,,render_normalized,tasi_2026-08-10_2026-08-10_20260810T153020102570Z,84d11a25e4f1e5c1fd93cef767caa7b24135f07229eeaeab08169c657f7b53de
4291,2026-08-11,144.6,147.4,143.4,143.4,16924,2447808.1,,,,render_normalized,tasi_2026-08-11_2026-08-11_20260811T153022011718Z,2ca6395fd3fcc72ba670e2961883e5c743cbb0e78c08f0ae926df09c31320865
4291,2026-08-12,141.3,145.2,141.3,143.0,28924,4143731.3,,,,render_normalized,tasi_2026-08-12_2026-08-12_20260812T153021905708Z,8862a2d01571a3c9a9cdaef7d6c4c85e805809ad63506c8d9042aff3fa53b579
4291,2026-08-13,142.0,145.3,141.3,142.5,38161,5483039.0,,,,render_normalized,tasi_2026-08-13_2026-08-13_20260813T153020777659Z,e0b6e7e97827824585b899f3f5ae2a43f595aeae92435da9a370d3df14b68b99
4291,2026-08-16,142.5,147.8,142.5,146.0,18175,2653667.0,,,,render_normalized,tasi_2026-08-14_2026-08-16_20260816T153020395457Z,5392abdf5e4a97362d33f1f6287bf2bc003c7d4bb43d28918b8aa095af9310d7
4291,2026-08-17,146.0,146.0,143.3,145.5,8483,1225792.0,,,,render_normalized,tasi_2026-08-17_2026-08-17_20260817T153022794323Z,56ab1200186f32f6bf2b699463f355510bc0a3da931f38c90816013f38a2eaf0
4291,2026-08-18,144.0,144.4,141.9,143.0,13553,1934885.6,,,,render_normalized,tasi_2026-08-18_2026-08-18_20260818T153020653358Z,1cfd844fc98ba7ee716337d459294e8e314daaa0f85480a8e110399f3a6b856d
4291,2026-08-19,142.9,143.3,141.1,141.4,10319,1468751.2,,,,render_normalized,tasi_2026-08-19_2026-08-19_20260819T153022440747Z,c9f50859d8825bb8e17dc890cb696be42681eb6c5d61b3749a33257a86f3517b
4291,2026-08-20,142.2,143.1,140.9,142.0,15506,2201204.1,,,,render_normalized,tasi_2026-08-20_2026-08-28_20260827T215758538311Z,7a00d373848e778f83c80f1777575ad48a6a4c0c192fe2e6a4123b56ae26cdee
4291,2026-08-23,143.6,143.6,139.9,140.4,19913,2809573.8,,,,render_normalized,tasi_2026-08-20_2026-08-28_20260827T215758538311Z,7a00d373848e778f83c80f1777575ad48a6a4c0c192fe2e6a4123b56ae26cdee
4291,2026-08-24,140.3,141.8,139.7,140.5,16406,2306326.0,,,,render_normalized,tasi_2026-08-20_2026-08-28_20260827T215758538311Z,7a00d373848e778f83c80f1777575ad48a6a4c0c192fe2e6a4123b56ae26cdee
4291,2026-08-25,139.9,143.2,139.0,140.1,42231,5949472.3,,,,render_normalized,tasi_2026-08-20_2026-08-28_20260827T215758538311Z,7a00d373848e778f83c80f1777575ad48a6a4c0c192fe2e6a4123b56ae26cdee
4291,2026-08-26,141.2,148.2,141.1,147.1,71513,10408734.5,,,,render_normalized,tasi_2026-08-20_2026-08-28_20260827T215758538311Z,7a00d373848e778f83c80f1777575ad48a6a4c0c192fe2e6a4123b56ae26cdee
4291,2026-08-27,148.7,148.7,144.9,145.1,26792,3914763.0,,,,render_normalized,tasi_2026-08-20_2026-08-28_20260827T215758538311Z,7a00d373848e778f83c80f1777575ad48a6a4c0c192fe2e6a4123b56ae26cdee
4291,2026-08-30,145.7,146.7,143.0,144.8,10217,1474249.7,,,,render_normalized,tasi_2026-08-29_2026-08-30_20260830T153021490619Z,40f2932d214f44ed867e412ffba0369130210869179423e6eadc9f965765cdba
4291,2026-08-31,144.8,144.8,141.8,142.5,25953,3708328.3,,,,render_normalized,tasi_2026-08-31_2026-08-31_20260831T153022596960Z,374b46eb50c52f8fd4d5c98f4b7cf8e0c79e078fd621a4b30f58d5382471b4af
4292,2026-08-02,45.3,46.88,45.0,45.7,46856,2137072.94,,,,render_normalized,tasi_2026-07-31_2026-08-02_20260802T153020127593Z,2eb23ca39fcf0e44fa270e6e4d6a1341261e22b2abfbc789ec2875a29009248b
4292,2026-08-03,46.0,48.22,46.0,47.98,74451,3535443.4,,,,render_normalized,tasi_2026-08-03_2026-08-03_20260803T153021496139Z,4b0f0fa9c3b343cf96fecea13101ae13ad2a21806fd55533770061ac5bb0689d
4292,2026-08-04,48.0,48.4,47.0,47.8,61094,2925995.86,,,,render_normalized,tasi_2026-08-04_2026-08-04_20260804T153023696814Z,32de4882671eec0a9062962d0f5591f8e56969b134d0070652d21718d4563e66
4292,2026-08-05,46.6,48.4,46.6,47.58,33542,1595777.28,,,,render_normalized,tasi_2026-08-05_2026-08-05_20260805T153024437012Z,9fd93f225e2663ef72017465f1af6b5bb1e9f620c1b69c07a1f0fd54b850091a
4292,2026-08-06,47.0,47.8,46.5,46.9,33595,1577614.18,,,,render_normalized,tasi_2026-08-06_2026-08-06_20260806T153021501965Z,6ff377152d0ead67e84f33bc0daa618a818145aa8e2f551c9273431d88ac3851
4292,2026-08-09,46.9,47.74,46.88,47.44,35835,1690216.22,,,,render_normalized,tasi_2026-08-07_2026-08-09_20260809T153020287151Z,d7eb763bea83ef8684d027dfe3fb0fb7c951f2a9c34d7e37300eab6704449ed3
4292,2026-08-10,47.5,47.92,46.38,47.42,105971,4979585.18,,,,render_normalized,tasi_2026-08-10_2026-08-10_20260810T153020102570Z,84d11a25e4f1e5c1fd93cef767caa7b24135f07229eeaeab08169c657f7b53de
4292,2026-08-11,47.72,47.78,46.2,46.64,23739,1112618.02,,,,render_normalized,tasi_2026-08-11_2026-08-11_20260811T153022011718Z,2ca6395fd3fcc72ba670e2961883e5c743cbb0e78c08f0ae926df09c31320865
4292,2026-08-12,46.8,48.34,46.0,47.88,480239,22811003.86,,,,render_normalized,tasi_2026-08-12_2026-08-12_20260812T153021905708Z,8862a2d01571a3c9a9cdaef7d6c4c85e805809ad63506c8d9042aff3fa53b579
4292,2026-08-13,48.0,48.0,45.48,47.38,94255,4387272.34,,,,render_normalized,tasi_2026-08-13_2026-08-13_20260813T153020777659Z,e0b6e7e97827824585b899f3f5ae2a43f595aeae92435da9a370d3df14b68b99
4292,2026-08-16,48.0,48.0,45.5,46.24,86280,3987083.78,,,,render_normalized,tasi_2026-08-14_2026-08-16_20260816T153020395457Z,5392abdf5e4a97362d33f1f6287bf2bc003c7d4bb43d28918b8aa095af9310d7
4292,2026-08-17,46.16,46.18,45.6,45.76,65732,3020946.54,,,,render_normalized,tasi_2026-08-17_2026-08-17_20260817T153022794323Z,56ab1200186f32f6bf2b699463f355510bc0a3da931f38c90816013f38a2eaf0
4292,2026-08-18,45.72,45.76,44.9,44.94,116996,5304342.64,,,,render_normalized,tasi_2026-08-18_2026-08-18_20260818T153020653358Z,1cfd844fc98ba7ee716337d459294e8e314daaa0f85480a8e110399f3a6b856d
4292,2026-08-19,45.3,45.3,44.24,44.3,54707,2436674.32,,,,render_normalized,tasi_2026-08-19_2026-08-19_20260819T153022440747Z,c9f50859d8825bb8e17dc890cb696be42681eb6c5d61b3749a33257a86f3517b
4292,2026-08-20,43.92,44.28,43.58,43.58,143055,6295286.86,,,,render_normalized,tasi_2026-08-20_2026-08-28_20260827T215758538311Z,7a00d373848e778f83c80f1777575ad48a6a4c0c192fe2e6a4123b56ae26cdee
4292,2026-08-23,43.48,44.9,43.48,44.72,150103,6649408.4,,,,render_normalized,tasi_2026-08-20_2026-08-28_20260827T215758538311Z,7a00d373848e778f83c80f1777575ad48a6a4c0c192fe2e6a4123b56ae26cdee
4292,2026-08-24,44.98,45.96,44.76,44.76,176387,8020111.78,,,,render_normalized,tasi_2026-08-20_2026-08-28_20260827T215758538311Z,7a00d373848e778f83c80f1777575ad48a6a4c0c192fe2e6a4123b56ae26cdee
4292,2026-08-25,45.0,45.24,44.52,44.52,252377,11333771.84,,,,render_normalized,tasi_2026-08-20_2026-08-28_20260827T215758538311Z,7a00d373848e778f83c80f1777575ad48a6a4c0c192fe2e6a4123b56ae26cdee
4292,2026-08-26,44.78,45.42,44.56,44.94,316441,14242466.62,,,,render_normalized,tasi_2026-08-20_2026-08-28_20260827T215758538311Z,7a00d373848e778f83c80f1777575ad48a6a4c0c192fe2e6a4123b56ae26cdee
4292,2026-08-27,45.2,45.2,44.14,44.14,180419,8012478.22,,,,render_normalized,tasi_2026-08-20_2026-08-28_20260827T215758538311Z,7a00d373848e778f83c80f1777575ad48a6a4c0c192fe2e6a4123b56ae26cdee
4292,2026-08-30,44.3,44.82,43.52,43.56,86618,3801543.38,,,,render_normalized,tasi_2026-08-29_2026-08-30_20260830T153021490619Z,40f2932d214f44ed867e412ffba0369130210869179423e6eadc9f965765cdba
4292,2026-08-31,43.68,45.52,43.06,45.5,986164,43987217.96,,,,render_normalized,tasi_2026-08-31_2026-08-31_20260831T153022596960Z,374b46eb50c52f8fd4d5c98f4b7cf8e0c79e078fd621a4b30f58d5382471b4af
4300,2026-08-02,18.39,19.1,18.3,19.0,719769,13588176.21,,,,render_normalized,tasi_2026-07-31_2026-08-02_20260802T153020127593Z,2eb23ca39fcf0e44fa270e6e4d6a1341261e22b2abfbc789ec2875a29009248b
4300,2026-08-03,19.1,19.44,19.02,19.2,906718,17418820.59,,,,render_normalized,tasi_2026-08-03_2026-08-03_20260803T153021496139Z,4b0f0fa9c3b343cf96fecea13101ae13ad2a21806fd55533770061ac5bb0689d
4300,2026-08-04,19.25,19.5,18.96,18.96,747513,14372642.88,,,,render_normalized,tasi_2026-08-04_2026-08-04_20260804T153023696814Z,32de4882671eec0a9062962d0f5591f8e56969b134d0070652d21718d4563e66
4300,2026-08-05,19.05,19.66,18.9,19.4,916804,17766637.18,,,,render_normalized,tasi_2026-08-05_2026-08-05_20260805T153024437012Z,9fd93f225e2663ef72017465f1af6b5bb1e9f620c1b69c07a1f0fd54b850091a
4300,2026-08-06,19.4,19.42,18.84,18.96,610231,11642392.83,,,,render_normalized,tasi_2026-08-06_2026-08-06_20260806T153021501965Z,6ff377152d0ead67e84f33bc0daa618a818145aa8e2f551c9273431d88ac3851
4300,2026-08-09,19.1,19.1,18.97,19.1,102956,1962198.51,,,,render_normalized,tasi_2026-08-07_2026-08-09_20260809T153020287151Z,d7eb763bea83ef8684d027dfe3fb0fb7c951f2a9c34d7e37300eab6704449ed3
4300,2026-08-10,19.11,19.36,19.06,19.18,428667,8246821.87,,,,render_normalized,tasi_2026-08-10_2026-08-10_20260810T153020102570Z,84d11a25e4f1e5c1fd93cef767caa7b24135f07229eeaeab08169c657f7b53de
4300,2026-08-11,19.3,19.34,19.03,19.1,750528,14390312.18,,,,render_normalized,tasi_2026-08-11_2026-08-11_20260811T153022011718Z,2ca6395fd3fcc72ba670e2961883e5c743cbb0e78c08f0ae926df09c31320865
4300,2026-08-12,19.2,19.37,19.15,19.37,346620,6681552.81,,,,render_normalized,tasi_2026-08-12_2026-08-12_20260812T153021905708Z,8862a2d01571a3c9a9cdaef7d6c4c85e805809ad63506c8d9042aff3fa53b579
4300,2026-08-13,19.38,19.79,19.32,19.45,481860,9436476.8,,,,render_normalized,tasi_2026-08-13_2026-08-13_20260813T153020777659Z,e0b6e7e97827824585b899f3f5ae2a43f595aeae92435da9a370d3df14b68b99
4300,2026-08-16,19.46,19.8,19.46,19.7,373865,7343115.72,,,,render_normalized,tasi_2026-08-14_2026-08-16_20260816T153020395457Z,5392abdf5e4a97362d33f1f6287bf2bc003c7d4bb43d28918b8aa095af9310d7
4300,2026-08-17,19.7,20.79,19.62,20.46,1679844,34205954.08,,,,render_normalized,tasi_2026-08-17_2026-08-17_20260817T153022794323Z,56ab1200186f32f6bf2b699463f355510bc0a3da931f38c90816013f38a2eaf0
4300,2026-08-18,20.5,20.79,20.28,20.35,635240,13000091.15,,,,render_normalized,tasi_2026-08-18_2026-08-18_20260818T153020653358Z,1cfd844fc98ba7ee716337d459294e8e314daaa0f85480a8e110399f3a6b856d
4300,2026-08-19,20.46,20.66,20.06,20.53,668553,13683210.04,,,,render_normalized,tasi_2026-08-19_2026-08-19_20260819T153022440747Z,c9f50859d8825bb8e17dc890cb696be42681eb6c5d61b3749a33257a86f3517b
4300,2026-08-20,20.52,20.89,20.51,20.51,490904,10144353.35,,,,render_normalized,tasi_2026-08-20_2026-08-28_20260827T215758538311Z,7a00d373848e778f83c80f1777575ad48a6a4c0c192fe2e6a4123b56ae26cdee
4300,2026-08-23,20.5,21.15,20.5,20.91,693505,14491978.39,,,,render_normalized,tasi_2026-08-20_2026-08-28_20260827T215758538311Z,7a00d373848e778f83c80f1777575ad48a6a4c0c192fe2e6a4123b56ae26cdee
4300,2026-08-24,20.9,21.0,20.67,20.85,570078,11876487.63,,,,render_normalized,tasi_2026-08-20_2026-08-28_20260827T215758538311Z,7a00d373848e778f83c80f1777575ad48a6a4c0c192fe2e6a4123b56ae26cdee
4300,2026-08-25,20.76,20.8,20.39,20.45,838644,17227312.4,,,,render_normalized,tasi_2026-08-20_2026-08-28_20260827T215758538311Z,7a00d373848e778f83c80f1777575ad48a6a4c0c192fe2e6a4123b56ae26cdee
4300,2026-08-26,20.38,21.15,20.37,21.15,925647,19366060.8,,,,render_normalized,tasi_2026-08-20_2026-08-28_20260827T215758538311Z,7a00d373848e778f83c80f1777575ad48a6a4c0c192fe2e6a4123b56ae26cdee
4300,2026-08-27,21.02,21.32,20.9,21.14,892319,18904244.87,,,,render_normalized,tasi_2026-08-20_2026-08-28_20260827T215758538311Z,7a00d373848e778f83c80f1777575ad48a6a4c0c192fe2e6a4123b56ae26cdee
4300,2026-08-30,21.2,21.4,20.89,20.97,270545,5709018.81,,,,render_normalized,tasi_2026-08-29_2026-08-30_20260830T153021490619Z,40f2932d214f44ed867e412ffba0369130210869179423e6eadc9f965765cdba
4300,2026-08-31,20.98,21.1,20.8,20.84,1037880,21659891.72,,,,render_normalized,tasi_2026-08-31_2026-08-31_20260831T153022596960Z,374b46eb50c52f8fd4d5c98f4b7cf8e0c79e078fd621a4b30f58d5382471b4af
4310,2026-08-02,14.95,15.3,14.95,15.14,568621,8621709.76,,,,render_normalized,tasi_2026-07-31_2026-08-02_20260802T153020127593Z,2eb23ca39fcf0e44fa270e6e4d6a1341261e22b2abfbc789ec2875a29009248b
4310,2026-08-03,15.05,15.36,15.05,15.3,624282,9507569.95,,,,render_normalized,tasi_2026-08-03_2026-08-03_20260803T153021496139Z,4b0f0fa9c3b343cf96fecea13101ae13ad2a21806fd55533770061ac5bb0689d
4310,2026-08-04,15.2,15.68,15.2,15.5,462290,7164693.78,,,,render_normalized,tasi_2026-08-04_2026-08-04_20260804T153023696814Z,32de4882671eec0a9062962d0f5591f8e56969b134d0070652d21718d4563e66
4310,2026-08-05,15.51,15.98,15.47,15.94,639742,10100698.43,,,,render_normalized,tasi_2026-08-05_2026-08-05_20260805T153024437012Z,9fd93f225e2663ef72017465f1af6b5bb1e9f620c1b69c07a1f0fd54b850091a
4310,2026-08-06,15.88,16.08,15.72,15.73,1008689,16043720.87,,,,render_normalized,tasi_2026-08-06_2026-08-06_20260806T153021501965Z,6ff377152d0ead67e84f33bc0daa618a818145aa8e2f551c9273431d88ac3851
4310,2026-08-09,15.76,16.18,15.75,15.8,503845,8054962.54,,,,render_normalized,tasi_2026-08-07_2026-08-09_20260809T153020287151Z,d7eb763bea83ef8684d027dfe3fb0fb7c951f2a9c34d7e37300eab6704449ed3
4310,2026-08-10,15.73,15.99,15.45,15.81,643530,10161252.02,,,,render_normalized,tasi_2026-08-10_2026-08-10_20260810T153020102570Z,84d11a25e4f1e5c1fd93cef767caa7b24135f07229eeaeab08169c657f7b53de
4310,2026-08-11,15.81,15.99,15.43,15.86,351603,5532109.34,,,,render_normalized,tasi_2026-08-11_2026-08-11_20260811T153022011718Z,2ca6395fd3fcc72ba670e2961883e5c743cbb0e78c08f0ae926df09c31320865
4310,2026-08-12,15.86,17.13,15.77,17.1,2329577,38379758.22,,,,render_normalized,tasi_2026-08-12_2026-08-12_20260812T153021905708Z,8862a2d01571a3c9a9cdaef7d6c4c85e805809ad63506c8d9042aff3fa53b579
4310,2026-08-13,17.2,17.4,16.92,17.12,1371396,23508093.56,,,,render_normalized,tasi_2026-08-13_2026-08-13_20260813T153020777659Z,e0b6e7e97827824585b899f3f5ae2a43f595aeae92435da9a370d3df14b68b99
4310,2026-08-16,17.11,17.68,17.11,17.5,812827,14202423.36,,,,render_normalized,tasi_2026-08-14_2026-08-16_20260816T153020395457Z,5392abdf5e4a97362d33f1f6287bf2bc003c7d4bb43d28918b8aa095af9310d7
4310,2026-08-17,17.5,17.84,17.46,17.79,968972,17098631.55,,,,render_normalized,tasi_2026-08-17_2026-08-17_20260817T153022794323Z,56ab1200186f32f6bf2b699463f355510bc0a3da931f38c90816013f38a2eaf0
4310,2026-08-18,17.78,17.79,17.11,17.43,914212,15899196.92,,,,render_normalized,tasi_2026-08-18_2026-08-18_20260818T153020653358Z,1cfd844fc98ba7ee716337d459294e8e314daaa0f85480a8e110399f3a6b856d
4310,2026-08-19,17.26,18.44,17.25,18.11,1501174,27163486.02,,,,render_normalized,tasi_2026-08-19_2026-08-19_20260819T153022440747Z,c9f50859d8825bb8e17dc890cb696be42681eb6c5d61b3749a33257a86f3517b
4310,2026-08-20,18.19,18.46,17.98,18.07,1118807,20386407.34,,,,render_normalized,tasi_2026-08-20_2026-08-28_20260827T215758538311Z,7a00d373848e778f83c80f1777575ad48a6a4c0c192fe2e6a4123b56ae26cdee
4310,2026-08-23,18.19,18.39,17.8,18.0,572175,10319344.57,,,,render_normalized,tasi_2026-08-20_2026-08-28_20260827T215758538311Z,7a00d373848e778f83c80f1777575ad48a6a4c0c192fe2e6a4123b56ae26cdee
4310,2026-08-24,18.0,18.1,17.76,18.07,442601,7946587.55,,,,render_normalized,tasi_2026-08-20_2026-08-28_20260827T215758538311Z,7a00d373848e778f83c80f1777575ad48a6a4c0c192fe2e6a4123b56ae26cdee
4310,2026-08-25,17.91,18.06,17.75,18.05,600717,10776820.86,,,,render_normalized,tasi_2026-08-20_2026-08-28_20260827T215758538311Z,7a00d373848e778f83c80f1777575ad48a6a4c0c192fe2e6a4123b56ae26cdee
4310,2026-08-26,18.0,18.73,18.0,18.7,1341551,24822676.52,,,,render_normalized,tasi_2026-08-20_2026-08-28_20260827T215758538311Z,7a00d373848e778f83c80f1777575ad48a6a4c0c192fe2e6a4123b56ae26cdee
4310,2026-08-27,18.71,19.33,18.6,19.15,2135888,40505680.38,,,,render_normalized,tasi_2026-08-20_2026-08-28_20260827T215758538311Z,7a00d373848e778f83c80f1777575ad48a6a4c0c192fe2e6a4123b56ae26cdee
4310,2026-08-30,19.11,19.74,18.74,19.35,1307461,25299121.25,,,,render_normalized,tasi_2026-08-29_2026-08-30_20260830T153021490619Z,40f2932d214f44ed867e412ffba0369130210869179423e6eadc9f965765cdba
4310,2026-08-31,19.36,19.69,19.16,19.47,629037,12159079.11,,,,render_normalized,tasi_2026-08-31_2026-08-31_20260831T153022596960Z,374b46eb50c52f8fd4d5c98f4b7cf8e0c79e078fd621a4b30f58d5382471b4af
4320,2026-08-02,15.15,15.15,14.8,14.93,101484,1515043.48,,,,render_normalized,tasi_2026-07-31_2026-08-02_20260802T153020127593Z,2eb23ca39fcf0e44fa270e6e4d6a1341261e22b2abfbc789ec2875a29009248b
4320,2026-08-03,14.94,15.4,14.94,15.32,127348,1937937.01,,,,render_normalized,tasi_2026-08-03_2026-08-03_20260803T153021496139Z,4b0f0fa9c3b343cf96fecea13101ae13ad2a21806fd55533770061ac5bb0689d
4320,2026-08-04,15.24,15.46,15.2,15.3,32010,491480.63,,,,render_normalized,tasi_2026-08-04_2026-08-04_20260804T153023696814Z,32de4882671eec0a9062962d0f5591f8e56969b134d0070652d21718d4563e66
4320,2026-08-05,15.25,15.25,15.02,15.02,38269,579767.22,,,,render_normalized,tasi_2026-08-05_2026-08-05_20260805T153024437012Z,9fd93f225e2663ef72017465f1af6b5bb1e9f620c1b69c07a1f0fd54b850091a
4320,2026-08-06,15.47,15.47,15.0,15.04,291564,4428976.49,,,,render_normalized,tasi_2026-08-06_2026-08-06_20260806T153021501965Z,6ff377152d0ead67e84f33bc0daa618a818145aa8e2f551c9273431d88ac3851
4320,2026-08-09,15.0,15.0,14.56,14.56,76483,1127887.42,,,,render_normalized,tasi_2026-08-07_2026-08-09_20260809T153020287151Z,d7eb763bea83ef8684d027dfe3fb0fb7c951f2a9c34d7e37300eab6704449ed3
4320,2026-08-10,14.51,14.89,14.49,14.69,53954,792818.28,,,,render_normalized,tasi_2026-08-10_2026-08-10_20260810T153020102570Z,84d11a25e4f1e5c1fd93cef767caa7b24135f07229eeaeab08169c657f7b53de
4320,2026-08-11,14.55,14.96,14.51,14.75,67589,996454.48,,,,render_normalized,tasi_2026-08-11_2026-08-11_20260811T153022011718Z,2ca6395fd3fcc72ba670e2961883e5c743cbb0e78c08f0ae926df09c31320865
4320,2026-08-12,14.65,14.82,14.5,14.6,36751,536134.52,,,,render_normalized,tasi_2026-08-12_2026-08-12_20260812T153021905708Z,8862a2d01571a3c9a9cdaef7d6c4c85e805809ad63506c8d9042aff3fa53b579
4320,2026-08-13,14.6,14.78,14.6,14.71,7719,113503.43,,,,render_normalized,tasi_2026-08-13_2026-08-13_20260813T153020777659Z,e0b6e7e97827824585b899f3f5ae2a43f595aeae92435da9a370d3df14b68b99
4320,2026-08-16,14.6,14.92,14.6,14.67,17519,258043.34,,,,render_normalized,tasi_2026-08-14_2026-08-16_20260816T153020395457Z,5392abdf5e4a97362d33f1f6287bf2bc003c7d4bb43d28918b8aa095af9310d7
4320,2026-08-17,14.62,14.85,14.62,14.65,43876,645253.72,,,,render_normalized,tasi_2026-08-17_2026-08-17_20260817T153022794323Z,56ab1200186f32f6bf2b699463f355510bc0a3da931f38c90816013f38a2eaf0
4320,2026-08-18,14.8,14.8,14.63,14.73,18114,266219.05,,,,render_normalized,tasi_2026-08-18_2026-08-18_20260818T153020653358Z,1cfd844fc98ba7ee716337d459294e8e314daaa0f85480a8e110399f3a6b856d
4320,2026-08-19,14.6,14.78,14.6,14.68,45960,671768.21,,,,render_normalized,tasi_2026-08-19_2026-08-19_20260819T153022440747Z,c9f50859d8825bb8e17dc890cb696be42681eb6c5d61b3749a33257a86f3517b
4320,2026-08-20,14.68,14.69,14.6,14.66,47896,700038.96,,,,render_normalized,tasi_2026-08-20_2026-08-28_20260827T215758538311Z,7a00d373848e778f83c80f1777575ad48a6a4c0c192fe2e6a4123b56ae26cdee
4320,2026-08-23,14.66,14.94,14.66,14.85,36039,533056.17,,,,render_normalized,tasi_2026-08-20_2026-08-28_20260827T215758538311Z,7a00d373848e778f83c80f1777575ad48a6a4c0c192fe2e6a4123b56ae26cdee
4320,2026-08-24,14.85,15.05,14.84,15.04,28774,431182.39,,,,render_normalized,tasi_2026-08-20_2026-08-28_20260827T215758538311Z,7a00d373848e778f83c80f1777575ad48a6a4c0c192fe2e6a4123b56ae26cdee
4320,2026-08-25,15.06,15.23,15.03,15.2,55232,837807.62,,,,render_normalized,tasi_2026-08-20_2026-08-28_20260827T215758538311Z,7a00d373848e778f83c80f1777575ad48a6a4c0c192fe2e6a4123b56ae26cdee
4320,2026-08-26,15.25,15.27,15.04,15.08,85207,1292086.87,,,,render_normalized,tasi_2026-08-20_2026-08-28_20260827T215758538311Z,7a00d373848e778f83c80f1777575ad48a6a4c0c192fe2e6a4123b56ae26cdee
4320,2026-08-27,15.28,15.28,15.03,15.06,25146,379920.43,,,,render_normalized,tasi_2026-08-20_2026-08-28_20260827T215758538311Z,7a00d373848e778f83c80f1777575ad48a6a4c0c192fe2e6a4123b56ae26cdee
4320,2026-08-30,15.06,15.34,15.0,15.32,40184,611673.33,,,,render_normalized,tasi_2026-08-29_2026-08-30_20260830T153021490619Z,40f2932d214f44ed867e412ffba0369130210869179423e6eadc9f965765cdba
4320,2026-08-31,15.32,15.32,15.09,15.09,30435,462183.72,,,,render_normalized,tasi_2026-08-31_2026-08-31_20260831T153022596960Z,374b46eb50c52f8fd4d5c98f4b7cf8e0c79e078fd621a4b30f58d5382471b4af
4321,2026-08-02,15.62,15.68,15.53,15.61,346412,5411858.13,,,,render_normalized,tasi_2026-07-31_2026-08-02_20260802T153020127593Z,2eb23ca39fcf0e44fa270e6e4d6a1341261e22b2abfbc789ec2875a29009248b
4321,2026-08-03,15.62,15.83,15.62,15.7,568861,8955511.83,,,,render_normalized,tasi_2026-08-03_2026-08-03_20260803T153021496139Z,4b0f0fa9c3b343cf96fecea13101ae13ad2a21806fd55533770061ac5bb0689d
4321,2026-08-04,15.7,15.98,15.64,15.9,463586,7346325.82,,,,render_normalized,tasi_2026-08-04_2026-08-04_20260804T153023696814Z,32de4882671eec0a9062962d0f5591f8e56969b134d0070652d21718d4563e66
4321,2026-08-05,15.91,16.09,15.87,16.07,353768,5664812.55,,,,render_normalized,tasi_2026-08-05_2026-08-05_20260805T153024437012Z,9fd93f225e2663ef72017465f1af6b5bb1e9f620c1b69c07a1f0fd54b850091a
4321,2026-08-06,16.1,16.31,15.99,15.99,868283,14010118.3,,,,render_normalized,tasi_2026-08-06_2026-08-06_20260806T153021501965Z,6ff377152d0ead67e84f33bc0daa618a818145aa8e2f551c9273431d88ac3851
4321,2026-08-09,15.91,16.0,15.82,15.97,184181,2935884.04,,,,render_normalized,tasi_2026-08-07_2026-08-09_20260809T153020287151Z,d7eb763bea83ef8684d027dfe3fb0fb7c951f2a9c34d7e37300eab6704449ed3
4321,2026-08-10,15.97,16.0,15.88,15.91,361981,5765307.22,,,,render_normalized,tasi_2026-08-10_2026-08-10_20260810T153020102570Z,84d11a25e4f1e5c1fd93cef767caa7b24135f07229eeaeab08169c657f7b53de
4321,2026-08-11,15.88,16.16,15.82,16.07,251457,4024179.79,,,,render_normalized,tasi_2026-08-11_2026-08-11_20260811T153022011718Z,2ca6395fd3fcc72ba670e2961883e5c743cbb0e78c08f0ae926df09c31320865
4321,2026-08-12,16.12,16.16,16.06,16.13,244171,3938461.56,,,,render_normalized,tasi_2026-08-12_2026-08-12_20260812T153021905708Z,8862a2d01571a3c9a9cdaef7d6c4c85e805809ad63506c8d9042aff3fa53b579
4321,2026-08-13,16.15,16.45,15.91,15.91,879975,14214940.58,,,,render_normalized,tasi_2026-08-13_2026-08-13_20260813T153020777659Z,e0b6e7e97827824585b899f3f5ae2a43f595aeae92435da9a370d3df14b68b99
4321,2026-08-16,16.18,16.24,16.05,16.2,614010,9921739.03,,,,render_normalized,tasi_2026-08-14_2026-08-16_20260816T153020395457Z,5392abdf5e4a97362d33f1f6287bf2bc003c7d4bb43d28918b8aa095af9310d7
4321,2026-08-17,16.09,16.14,15.87,15.87,852693,13670855.81,,,,render_normalized,tasi_2026-08-17_2026-08-17_20260817T153022794323Z,56ab1200186f32f6bf2b699463f355510bc0a3da931f38c90816013f38a2eaf0
4321,2026-08-18,15.97,16.05,15.89,15.96,464174,7409992.72,,,,render_normalized,tasi_2026-08-18_2026-08-18_20260818T153020653358Z,1cfd844fc98ba7ee716337d459294e8e314daaa0f85480a8e110399f3a6b856d
4321,2026-08-19,16.03,16.07,15.89,15.96,857916,13688816.76,,,,render_normalized,tasi_2026-08-19_2026-08-19_20260819T153022440747Z,c9f50859d8825bb8e17dc890cb696be42681eb6c5d61b3749a33257a86f3517b
4321,2026-08-20,15.96,16.45,15.96,16.28,1540639,25048662.45,,,,render_normalized,tasi_2026-08-20_2026-08-28_20260827T215758538311Z,7a00d373848e778f83c80f1777575ad48a6a4c0c192fe2e6a4123b56ae26cdee
4321,2026-08-23,16.32,16.55,16.32,16.5,537907,8850270.38,,,,render_normalized,tasi_2026-08-20_2026-08-28_20260827T215758538311Z,7a00d373848e778f83c80f1777575ad48a6a4c0c192fe2e6a4123b56ae26cdee
4321,2026-08-24,16.5,16.53,16.33,16.39,589951,9693058.67,,,,render_normalized,tasi_2026-08-20_2026-08-28_20260827T215758538311Z,7a00d373848e778f83c80f1777575ad48a6a4c0c192fe2e6a4123b56ae26cdee
4321,2026-08-25,16.39,16.39,16.19,16.19,862707,14027000.16,,,,render_normalized,tasi_2026-08-20_2026-08-28_20260827T215758538311Z,7a00d373848e778f83c80f1777575ad48a6a4c0c192fe2e6a4123b56ae26cdee
4321,2026-08-26,16.19,16.31,16.16,16.27,317263,5156531.01,,,,render_normalized,tasi_2026-08-20_2026-08-28_20260827T215758538311Z,7a00d373848e778f83c80f1777575ad48a6a4c0c192fe2e6a4123b56ae26cdee
4321,2026-08-27,16.27,16.4,16.25,16.31,405451,6616243.2,,,,render_normalized,tasi_2026-08-20_2026-08-28_20260827T215758538311Z,7a00d373848e778f83c80f1777575ad48a6a4c0c192fe2e6a4123b56ae26cdee
4321,2026-08-30,16.31,16.44,16.3,16.36,562037,9214966.41,,,,render_normalized,tasi_2026-08-29_2026-08-30_20260830T153021490619Z,40f2932d214f44ed867e412ffba0369130210869179423e6eadc9f965765cdba
4321,2026-08-31,16.42,16.44,16.22,16.22,1136468,18524004.19,,,,render_normalized,tasi_2026-08-31_2026-08-31_20260831T153022596960Z,374b46eb50c52f8fd4d5c98f4b7cf8e0c79e078fd621a4b30f58d5382471b4af
4322,2026-08-02,10.16,10.82,10.06,10.82,1014412,10671457.95,,,,render_normalized,tasi_2026-07-31_2026-08-02_20260802T153020127593Z,2eb23ca39fcf0e44fa270e6e4d6a1341261e22b2abfbc789ec2875a29009248b
4322,2026-08-03,10.76,11.09,10.64,10.95,1375085,15012595.68,,,,render_normalized,tasi_2026-08-03_2026-08-03_20260803T153021496139Z,4b0f0fa9c3b343cf96fecea13101ae13ad2a21806fd55533770061ac5bb0689d
4322,2026-08-04,10.99,11.17,10.92,10.99,1165072,12864625.58,,,,render_normalized,tasi_2026-08-04_2026-08-04_20260804T153023696814Z,32de4882671eec0a9062962d0f5591f8e56969b134d0070652d21718d4563e66
4322,2026-08-05,10.02,10.47,9.9,10.13,9516622,94526843.82,,,,render_normalized,tasi_2026-08-05_2026-08-05_20260805T153024437012Z,9fd93f225e2663ef72017465f1af6b5bb1e9f620c1b69c07a1f0fd54b850091a
4322,2026-08-06,10.11,10.11,9.33,9.5,6752477,64851589.92,,,,render_normalized,tasi_2026-08-06_2026-08-06_20260806T153021501965Z,6ff377152d0ead67e84f33bc0daa618a818145aa8e2f551c9273431d88ac3851
4322,2026-08-09,9.5,9.69,9.45,9.45,2341356,22407101.07,,,,render_normalized,tasi_2026-08-07_2026-08-09_20260809T153020287151Z,d7eb763bea83ef8684d027dfe3fb0fb7c951f2a9c34d7e37300eab6704449ed3
4322,2026-08-10,9.45,9.51,9.31,9.38,6405514,60223461.81,,,,render_normalized,tasi_2026-08-10_2026-08-10_20260810T153020102570Z,84d11a25e4f1e5c1fd93cef767caa7b24135f07229eeaeab08169c657f7b53de
4322,2026-08-11,9.4,9.41,9.08,9.1,2541190,23366049.4,,,,render_normalized,tasi_2026-08-11_2026-08-11_20260811T153022011718Z,2ca6395fd3fcc72ba670e2961883e5c743cbb0e78c08f0ae926df09c31320865
4322,2026-08-12,9.1,9.19,9.0,9.12,2214155,20135553.11,,,,render_normalized,tasi_2026-08-12_2026-08-12_20260812T153021905708Z,8862a2d01571a3c9a9cdaef7d6c4c85e805809ad63506c8d9042aff3fa53b579
4322,2026-08-13,9.11,9.16,9.02,9.02,1271129,11547814.39,,,,render_normalized,tasi_2026-08-13_2026-08-13_20260813T153020777659Z,e0b6e7e97827824585b899f3f5ae2a43f595aeae92435da9a370d3df14b68b99
4322,2026-08-16,9.14,9.15,9.03,9.07,698963,6350198.29,,,,render_normalized,tasi_2026-08-14_2026-08-16_20260816T153020395457Z,5392abdf5e4a97362d33f1f6287bf2bc003c7d4bb43d28918b8aa095af9310d7
4322,2026-08-17,9.12,9.54,9.09,9.49,3496565,32865926.09,,,,render_normalized,tasi_2026-08-17_2026-08-17_20260817T153022794323Z,56ab1200186f32f6bf2b699463f355510bc0a3da931f38c90816013f38a2eaf0
4322,2026-08-18,9.55,9.72,9.38,9.5,2508754,23902049.83,,,,render_normalized,tasi_2026-08-18_2026-08-18_20260818T153020653358Z,1cfd844fc98ba7ee716337d459294e8e314daaa0f85480a8e110399f3a6b856d
4322,2026-08-19,9.46,10.09,9.45,9.93,3468593,34081896.4,,,,render_normalized,tasi_2026-08-19_2026-08-19_20260819T153022440747Z,c9f50859d8825bb8e17dc890cb696be42681eb6c5d61b3749a33257a86f3517b
4322,2026-08-20,9.98,10.21,9.91,10.04,1734038,17445829.44,,,,render_normalized,tasi_2026-08-20_2026-08-28_20260827T215758538311Z,7a00d373848e778f83c80f1777575ad48a6a4c0c192fe2e6a4123b56ae26cdee
4322,2026-08-23,10.0,10.15,9.97,10.04,823084,8277367.44,,,,render_normalized,tasi_2026-08-20_2026-08-28_20260827T215758538311Z,7a00d373848e778f83c80f1777575ad48a6a4c0c192fe2e6a4123b56ae26cdee
4322,2026-08-24,10.06,10.21,10.01,10.03,757634,7641110.26,,,,render_normalized,tasi_2026-08-20_2026-08-28_20260827T215758538311Z,7a00d373848e778f83c80f1777575ad48a6a4c0c192fe2e6a4123b56ae26cdee
4322,2026-08-25,10.18,10.18,9.98,10.0,1729715,17324457.79,,,,render_normalized,tasi_2026-08-20_2026-08-28_20260827T215758538311Z,7a00d373848e778f83c80f1777575ad48a6a4c0c192fe2e6a4123b56ae26cdee
4322,2026-08-26,9.99,10.08,9.88,9.98,582723,5810688.91,,,,render_normalized,tasi_2026-08-20_2026-08-28_20260827T215758538311Z,7a00d373848e778f83c80f1777575ad48a6a4c0c192fe2e6a4123b56ae26cdee
4322,2026-08-27,10.02,10.07,9.97,10.05,366962,3679688.21,,,,render_normalized,tasi_2026-08-20_2026-08-28_20260827T215758538311Z,7a00d373848e778f83c80f1777575ad48a6a4c0c192fe2e6a4123b56ae26cdee
4322,2026-08-30,10.0,10.0,9.74,9.77,1303255,12831651.82,,,,render_normalized,tasi_2026-08-29_2026-08-30_20260830T153021490619Z,40f2932d214f44ed867e412ffba0369130210869179423e6eadc9f965765cdba
4322,2026-08-31,9.77,9.85,9.57,9.77,3225845,31189424.09,,,,render_normalized,tasi_2026-08-31_2026-08-31_20260831T153022596960Z,374b46eb50c52f8fd4d5c98f4b7cf8e0c79e078fd621a4b30f58d5382471b4af
4323,2026-08-02,25.92,26.44,25.62,26.32,38002,992870.0,,,,render_normalized,tasi_2026-07-31_2026-08-02_20260802T153020127593Z,2eb23ca39fcf0e44fa270e6e4d6a1341261e22b2abfbc789ec2875a29009248b
4323,2026-08-03,26.36,26.94,26.26,26.76,51391,1373556.06,,,,render_normalized,tasi_2026-08-03_2026-08-03_20260803T153021496139Z,4b0f0fa9c3b343cf96fecea13101ae13ad2a21806fd55533770061ac5bb0689d
4323,2026-08-04,26.82,26.88,26.6,26.8,33478,896506.66,,,,render_normalized,tasi_2026-08-04_2026-08-04_20260804T153023696814Z,32de4882671eec0a9062962d0f5591f8e56969b134d0070652d21718d4563e66
4323,2026-08-05,26.88,26.96,26.8,26.92,35306,949572.4,,,,render_normalized,tasi_2026-08-05_2026-08-05_20260805T153024437012Z,9fd93f225e2663ef72017465f1af6b5bb1e9f620c1b69c07a1f0fd54b850091a
4323,2026-08-06,26.9,26.96,26.38,26.38,79728,2124908.74,,,,render_normalized,tasi_2026-08-06_2026-08-06_20260806T153021501965Z,6ff377152d0ead67e84f33bc0daa618a818145aa8e2f551c9273431d88ac3851
4323,2026-08-09,26.38,26.56,26.18,26.2,15231,401939.7,,,,render_normalized,tasi_2026-08-07_2026-08-09_20260809T153020287151Z,d7eb763bea83ef8684d027dfe3fb0fb7c951f2a9c34d7e37300eab6704449ed3
4323,2026-08-10,26.2,26.3,25.94,26.1,16592,434074.76,,,,render_normalized,tasi_2026-08-10_2026-08-10_20260810T153020102570Z,84d11a25e4f1e5c1fd93cef767caa7b24135f07229eeaeab08169c657f7b53de
4323,2026-08-11,26.1,26.12,25.82,25.98,41734,1083927.88,,,,render_normalized,tasi_2026-08-11_2026-08-11_20260811T153022011718Z,2ca6395fd3fcc72ba670e2961883e5c743cbb0e78c08f0ae926df09c31320865
4323,2026-08-12,26.0,26.14,25.82,25.82,19372,502899.7,,,,render_normalized,tasi_2026-08-12_2026-08-12_20260812T153021905708Z,8862a2d01571a3c9a9cdaef7d6c4c85e805809ad63506c8d9042aff3fa53b579
4323,2026-08-13,25.88,26.06,25.48,25.48,46919,1204784.78,,,,render_normalized,tasi_2026-08-13_2026-08-13_20260813T153020777659Z,e0b6e7e97827824585b899f3f5ae2a43f595aeae92435da9a370d3df14b68b99
4323,2026-08-16,25.8,25.98,25.66,25.74,13515,348664.78,,,,render_normalized,tasi_2026-08-14_2026-08-16_20260816T153020395457Z,5392abdf5e4a97362d33f1f6287bf2bc003c7d4bb43d28918b8aa095af9310d7
4323,2026-08-17,25.8,26.0,25.7,25.82,34303,887853.12,,,,render_normalized,tasi_2026-08-17_2026-08-17_20260817T153022794323Z,56ab1200186f32f6bf2b699463f355510bc0a3da931f38c90816013f38a2eaf0
4323,2026-08-18,25.9,26.0,25.62,25.64,31884,821655.64,,,,render_normalized,tasi_2026-08-18_2026-08-18_20260818T153020653358Z,1cfd844fc98ba7ee716337d459294e8e314daaa0f85480a8e110399f3a6b856d
4323,2026-08-19,25.64,25.96,25.42,25.52,43628,1117268.66,,,,render_normalized,tasi_2026-08-19_2026-08-19_20260819T153022440747Z,c9f50859d8825bb8e17dc890cb696be42681eb6c5d61b3749a33257a86f3517b
4323,2026-08-20,25.56,26.0,25.56,25.78,35299,912801.76,,,,render_normalized,tasi_2026-08-20_2026-08-28_20260827T215758538311Z,7a00d373848e778f83c80f1777575ad48a6a4c0c192fe2e6a4123b56ae26cdee
4323,2026-08-23,25.9,26.36,25.9,26.36,61804,1614981.28,,,,render_normalized,tasi_2026-08-20_2026-08-28_20260827T215758538311Z,7a00d373848e778f83c80f1777575ad48a6a4c0c192fe2e6a4123b56ae26cdee
4323,2026-08-24,26.46,26.78,26.38,26.5,105974,2821860.9,,,,render_normalized,tasi_2026-08-20_2026-08-28_20260827T215758538311Z,7a00d373848e778f83c80f1777575ad48a6a4c0c192fe2e6a4123b56ae26cdee
4323,2026-08-25,26.88,26.88,26.28,26.6,58445,1547839.96,,,,render_normalized,tasi_2026-08-20_2026-08-28_20260827T215758538311Z,7a00d373848e778f83c80f1777575ad48a6a4c0c192fe2e6a4123b56ae26cdee
4323,2026-08-26,26.5,26.78,26.48,26.6,43248,1151380.52,,,,render_normalized,tasi_2026-08-20_2026-08-28_20260827T215758538311Z,7a00d373848e778f83c80f1777575ad48a6a4c0c192fe2e6a4123b56ae26cdee
4323,2026-08-27,26.6,26.7,26.5,26.56,39383,1046465.5,,,,render_normalized,tasi_2026-08-20_2026-08-28_20260827T215758538311Z,7a00d373848e778f83c80f1777575ad48a6a4c0c192fe2e6a4123b56ae26cdee
4323,2026-08-30,26.56,26.9,26.54,26.68,30536,812988.04,,,,render_normalized,tasi_2026-08-29_2026-08-30_20260830T153021490619Z,40f2932d214f44ed867e412ffba0369130210869179423e6eadc9f965765cdba
4323,2026-08-31,26.68,27.54,26.54,26.6,353310,9524610.76,,,,render_normalized,tasi_2026-08-31_2026-08-31_20260831T153022596960Z,374b46eb50c52f8fd4d5c98f4b7cf8e0c79e078fd621a4b30f58d5382471b4af
4324,2026-08-02,2.99,3.03,2.98,3.02,119870,360690.02,,,,render_normalized,tasi_2026-07-31_2026-08-02_20260802T153020127593Z,2eb23ca39fcf0e44fa270e6e4d6a1341261e22b2abfbc789ec2875a29009248b
4324,2026-08-03,3.03,3.04,2.99,3.02,92332,279029.94,,,,render_normalized,tasi_2026-08-03_2026-08-03_20260803T153021496139Z,4b0f0fa9c3b343cf96fecea13101ae13ad2a21806fd55533770061ac5bb0689d
4324,2026-08-04,3.04,3.05,3.03,3.03,125164,380426.31,,,,render_normalized,tasi_2026-08-04_2026-08-04_20260804T153023696814Z,32de4882671eec0a9062962d0f5591f8e56969b134d0070652d21718d4563e66
4324,2026-08-05,3.04,3.05,3.0,3.01,238104,720813.37,,,,render_normalized,tasi_2026-08-05_2026-08-05_20260805T153024437012Z,9fd93f225e2663ef72017465f1af6b5bb1e9f620c1b69c07a1f0fd54b850091a
4324,2026-08-06,3.03,3.03,2.97,2.99,302189,908212.28,,,,render_normalized,tasi_2026-08-06_2026-08-06_20260806T153021501965Z,6ff377152d0ead67e84f33bc0daa618a818145aa8e2f551c9273431d88ac3851
4324,2026-08-09,3.02,3.03,2.95,2.99,111390,333129.06,,,,render_normalized,tasi_2026-08-07_2026-08-09_20260809T153020287151Z,d7eb763bea83ef8684d027dfe3fb0fb7c951f2a9c34d7e37300eab6704449ed3
4324,2026-08-10,3.0,3.02,2.97,2.98,70395,210275.08,,,,render_normalized,tasi_2026-08-10_2026-08-10_20260810T153020102570Z,84d11a25e4f1e5c1fd93cef767caa7b24135f07229eeaeab08169c657f7b53de
4324,2026-08-11,2.97,3.0,2.96,2.98,97891,291190.08,,,,render_normalized,tasi_2026-08-11_2026-08-11_20260811T153022011718Z,2ca6395fd3fcc72ba670e2961883e5c743cbb0e78c08f0ae926df09c31320865
4324,2026-08-12,3.0,3.0,2.95,2.97,90876,269705.87,,,,render_normalized,tasi_2026-08-12_2026-08-12_20260812T153021905708Z,8862a2d01571a3c9a9cdaef7d6c4c85e805809ad63506c8d9042aff3fa53b579
4324,2026-08-13,2.97,3.0,2.96,2.98,161617,481856.2,,,,render_normalized,tasi_2026-08-13_2026-08-13_20260813T153020777659Z,e0b6e7e97827824585b899f3f5ae2a43f595aeae92435da9a370d3df14b68b99
4324,2026-08-16,2.99,3.01,2.97,2.99,83638,250415.37,,,,render_normalized,tasi_2026-08-14_2026-08-16_20260816T153020395457Z,5392abdf5e4a97362d33f1f6287bf2bc003c7d4bb43d28918b8aa095af9310d7
4324,2026-08-17,3.03,3.03,2.96,2.97,176537,525005.61,,,,render_normalized,tasi_2026-08-17_2026-08-17_20260817T153022794323Z,56ab1200186f32f6bf2b699463f355510bc0a3da931f38c90816013f38a2eaf0
4324,2026-08-18,2.97,2.99,2.96,2.98,194948,579001.37,,,,render_normalized,tasi_2026-08-18_2026-08-18_20260818T153020653358Z,1cfd844fc98ba7ee716337d459294e8e314daaa0f85480a8e110399f3a6b856d
4324,2026-08-19,2.98,2.99,2.96,2.98,121755,361964.52,,,,render_normalized,tasi_2026-08-19_2026-08-19_20260819T153022440747Z,c9f50859d8825bb8e17dc890cb696be42681eb6c5d61b3749a33257a86f3517b
4324,2026-08-20,2.99,3.03,2.97,3.03,165675,497828.46,,,,render_normalized,tasi_2026-08-20_2026-08-28_20260827T215758538311Z,7a00d373848e778f83c80f1777575ad48a6a4c0c192fe2e6a4123b56ae26cdee
4324,2026-08-23,3.02,3.04,3.0,3.02,160726,484985.54,,,,render_normalized,tasi_2026-08-20_2026-08-28_20260827T215758538311Z,7a00d373848e778f83c80f1777575ad48a6a4c0c192fe2e6a4123b56ae26cdee
4324,2026-08-24,3.03,3.1,3.01,3.06,450881,1379054.99,,,,render_normalized,tasi_2026-08-20_2026-08-28_20260827T215758538311Z,7a00d373848e778f83c80f1777575ad48a6a4c0c192fe2e6a4123b56ae26cdee
4324,2026-08-25,3.08,3.08,3.02,3.02,259231,787311.84,,,,render_normalized,tasi_2026-08-20_2026-08-28_20260827T215758538311Z,7a00d373848e778f83c80f1777575ad48a6a4c0c192fe2e6a4123b56ae26cdee
4324,2026-08-26,3.03,3.03,3.0,3.02,199020,599723.41,,,,render_normalized,tasi_2026-08-20_2026-08-28_20260827T215758538311Z,7a00d373848e778f83c80f1777575ad48a6a4c0c192fe2e6a4123b56ae26cdee
4324,2026-08-27,3.01,3.03,2.98,2.98,387667,1159291.55,,,,render_normalized,tasi_2026-08-20_2026-08-28_20260827T215758538311Z,7a00d373848e778f83c80f1777575ad48a6a4c0c192fe2e6a4123b56ae26cdee
4324,2026-08-30,2.99,3.0,2.96,2.98,230182,684491.37,,,,render_normalized,tasi_2026-08-29_2026-08-30_20260830T153021490619Z,40f2932d214f44ed867e412ffba0369130210869179423e6eadc9f965765cdba
4324,2026-08-31,2.97,2.97,2.89,2.92,926677,2707688.3,,,,render_normalized,tasi_2026-08-31_2026-08-31_20260831T153022596960Z,374b46eb50c52f8fd4d5c98f4b7cf8e0c79e078fd621a4b30f58d5382471b4af
4325,2026-08-02,16.21,16.48,16.21,16.4,740626,12113623.74,,,,render_normalized,tasi_2026-07-31_2026-08-02_20260802T153020127593Z,2eb23ca39fcf0e44fa270e6e4d6a1341261e22b2abfbc789ec2875a29009248b
4325,2026-08-03,16.25,17.29,16.13,16.83,3383673,57520072.76,,,,render_normalized,tasi_2026-08-03_2026-08-03_20260803T153021496139Z,4b0f0fa9c3b343cf96fecea13101ae13ad2a21806fd55533770061ac5bb0689d
4325,2026-08-04,16.82,17.12,16.62,17.06,1656806,27957540.83,,,,render_normalized,tasi_2026-08-04_2026-08-04_20260804T153023696814Z,32de4882671eec0a9062962d0f5591f8e56969b134d0070652d21718d4563e66
4325,2026-08-05,17.1,17.79,17.1,17.77,1810830,31750552.24,,,,render_normalized,tasi_2026-08-05_2026-08-05_20260805T153024437012Z,9fd93f225e2663ef72017465f1af6b5bb1e9f620c1b69c07a1f0fd54b850091a
4325,2026-08-06,17.77,17.86,17.64,17.7,514380,9133240.12,,,,render_normalized,tasi_2026-08-06_2026-08-06_20260806T153021501965Z,6ff377152d0ead67e84f33bc0daa618a818145aa8e2f551c9273431d88ac3851
4325,2026-08-09,17.6,17.8,17.5,17.55,424214,7478725.33,,,,render_normalized,tasi_2026-08-07_2026-08-09_20260809T153020287151Z,d7eb763bea83ef8684d027dfe3fb0fb7c951f2a9c34d7e37300eab6704449ed3
4325,2026-08-10,17.55,17.76,17.43,17.63,590977,10412949.27,,,,render_normalized,tasi_2026-08-10_2026-08-10_20260810T153020102570Z,84d11a25e4f1e5c1fd93cef767caa7b24135f07229eeaeab08169c657f7b53de
4325,2026-08-11,17.57,17.85,17.41,17.66,903957,15932773.5,,,,render_normalized,tasi_2026-08-11_2026-08-11_20260811T153022011718Z,2ca6395fd3fcc72ba670e2961883e5c743cbb0e78c08f0ae926df09c31320865
4325,2026-08-12,17.6,18.1,17.53,17.99,1166723,20876710.26,,,,render_normalized,tasi_2026-08-12_2026-08-12_20260812T153021905708Z,8862a2d01571a3c9a9cdaef7d6c4c85e805809ad63506c8d9042aff3fa53b579
4325,2026-08-13,18.11,18.44,18.02,18.34,2099193,38408643.16,,,,render_normalized,tasi_2026-08-13_2026-08-13_20260813T153020777659Z,e0b6e7e97827824585b899f3f5ae2a43f595aeae92435da9a370d3df14b68b99
4325,2026-08-16,18.35,18.5,18.03,18.2,676894,12352719.86,,,,render_normalized,tasi_2026-08-14_2026-08-16_20260816T153020395457Z,5392abdf5e4a97362d33f1f6287bf2bc003c7d4bb43d28918b8aa095af9310d7
4325,2026-08-17,18.2,18.31,17.97,18.0,1111779,20144291.47,,,,render_normalized,tasi_2026-08-17_2026-08-17_20260817T153022794323Z,56ab1200186f32f6bf2b699463f355510bc0a3da931f38c90816013f38a2eaf0
4325,2026-08-18,17.97,18.27,17.91,17.94,853584,15431574.24,,,,render_normalized,tasi_2026-08-18_2026-08-18_20260818T153020653358Z,1cfd844fc98ba7ee716337d459294e8e314daaa0f85480a8e110399f3a6b856d
4325,2026-08-19,17.95,18.32,17.93,18.19,1604924,29095935.87,,,,render_normalized,tasi_2026-08-19_2026-08-19_20260819T153022440747Z,c9f50859d8825bb8e17dc890cb696be42681eb6c5d61b3749a33257a86f3517b
4325,2026-08-20,18.22,18.27,18.0,18.2,1144128,20750623.36,,,,render_normalized,tasi_2026-08-20_2026-08-28_20260827T215758538311Z,7a00d373848e778f83c80f1777575ad48a6a4c0c192fe2e6a4123b56ae26cdee
4325,2026-08-23,18.0,18.33,17.99,18.02,1245296,22571963.57,,,,render_normalized,tasi_2026-08-20_2026-08-28_20260827T215758538311Z,7a00d373848e778f83c80f1777575ad48a6a4c0c192fe2e6a4123b56ae26cdee
4325,2026-08-24,17.99,18.22,17.95,18.0,835120,15121789.79,,,,render_normalized,tasi_2026-08-20_2026-08-28_20260827T215758538311Z,7a00d373848e778f83c80f1777575ad48a6a4c0c192fe2e6a4123b56ae26cdee
4325,2026-08-25,18.05,18.29,18.0,18.27,1306068,23731289.88,,,,render_normalized,tasi_2026-08-20_2026-08-28_20260827T215758538311Z,7a00d373848e778f83c80f1777575ad48a6a4c0c192fe2e6a4123b56ae26cdee
4325,2026-08-26,18.29,18.59,18.15,18.4,2522307,46389417.1,,,,render_normalized,tasi_2026-08-20_2026-08-28_20260827T215758538311Z,7a00d373848e778f83c80f1777575ad48a6a4c0c192fe2e6a4123b56ae26cdee
4325,2026-08-27,18.4,18.4,18.21,18.28,839105,15329350.54,,,,render_normalized,tasi_2026-08-20_2026-08-28_20260827T215758538311Z,7a00d373848e778f83c80f1777575ad48a6a4c0c192fe2e6a4123b56ae26cdee
4325,2026-08-30,18.39,18.39,17.92,17.95,671236,12133731.19,,,,render_normalized,tasi_2026-08-29_2026-08-30_20260830T153021490619Z,40f2932d214f44ed867e412ffba0369130210869179423e6eadc9f965765cdba
4325,2026-08-31,17.92,17.92,16.85,17.08,8695674,149992267.88,,,,render_normalized,tasi_2026-08-31_2026-08-31_20260831T153022596960Z,374b46eb50c52f8fd4d5c98f4b7cf8e0c79e078fd621a4b30f58d5382471b4af
4326,2026-08-02,6.33,6.41,6.32,6.4,477470,3043799.03,,,,render_normalized,tasi_2026-07-31_2026-08-02_20260802T153020127593Z,2eb23ca39fcf0e44fa270e6e4d6a1341261e22b2abfbc789ec2875a29009248b
4326,2026-08-03,6.4,6.71,6.37,6.6,3250789,21365501.39,,,,render_normalized,tasi_2026-08-03_2026-08-03_20260803T153021496139Z,4b0f0fa9c3b343cf96fecea13101ae13ad2a21806fd55533770061ac5bb0689d
4326,2026-08-04,6.61,6.62,6.52,6.61,1052495,6920661.87,,,,render_normalized,tasi_2026-08-04_2026-08-04_20260804T153023696814Z,32de4882671eec0a9062962d0f5591f8e56969b134d0070652d21718d4563e66
4326,2026-08-05,6.53,6.73,6.53,6.7,1954042,13005177.32,,,,render_normalized,tasi_2026-08-05_2026-08-05_20260805T153024437012Z,9fd93f225e2663ef72017465f1af6b5bb1e9f620c1b69c07a1f0fd54b850091a
4326,2026-08-06,6.7,6.7,6.59,6.6,1781412,11800176.62,,,,render_normalized,tasi_2026-08-06_2026-08-06_20260806T153021501965Z,6ff377152d0ead67e84f33bc0daa618a818145aa8e2f551c9273431d88ac3851
4326,2026-08-09,6.6,6.6,6.55,6.56,279587,1836195.3,,,,render_normalized,tasi_2026-08-07_2026-08-09_20260809T153020287151Z,d7eb763bea83ef8684d027dfe3fb0fb7c951f2a9c34d7e37300eab6704449ed3
4326,2026-08-10,6.57,6.65,6.52,6.61,614202,4055313.24,,,,render_normalized,tasi_2026-08-10_2026-08-10_20260810T153020102570Z,84d11a25e4f1e5c1fd93cef767caa7b24135f07229eeaeab08169c657f7b53de
4326,2026-08-11,6.6,6.62,6.41,6.42,1135426,7362189.73,,,,render_normalized,tasi_2026-08-11_2026-08-11_20260811T153022011718Z,2ca6395fd3fcc72ba670e2961883e5c743cbb0e78c08f0ae926df09c31320865
4326,2026-08-12,6.4,6.4,6.26,6.26,905641,5719888.68,,,,render_normalized,tasi_2026-08-12_2026-08-12_20260812T153021905708Z,8862a2d01571a3c9a9cdaef7d6c4c85e805809ad63506c8d9042aff3fa53b579
4326,2026-08-13,6.28,6.52,6.26,6.34,1327198,8502810.66,,,,render_normalized,tasi_2026-08-13_2026-08-13_20260813T153020777659Z,e0b6e7e97827824585b899f3f5ae2a43f595aeae92435da9a370d3df14b68b99
4326,2026-08-16,6.4,6.68,6.4,6.52,1495751,9773137.55,,,,render_normalized,tasi_2026-08-14_2026-08-16_20260816T153020395457Z,5392abdf5e4a97362d33f1f6287bf2bc003c7d4bb43d28918b8aa095af9310d7
4326,2026-08-17,6.54,6.54,6.43,6.47,815639,5292692.05,,,,render_normalized,tasi_2026-08-17_2026-08-17_20260817T153022794323Z,56ab1200186f32f6bf2b699463f355510bc0a3da931f38c90816013f38a2eaf0
4326,2026-08-18,6.47,6.63,6.39,6.39,5139945,33662068.61,,,,render_normalized,tasi_2026-08-18_2026-08-18_20260818T153020653358Z,1cfd844fc98ba7ee716337d459294e8e314daaa0f85480a8e110399f3a6b856d
4326,2026-08-19,6.39,6.62,6.39,6.52,1529298,10000902.75,,,,render_normalized,tasi_2026-08-19_2026-08-19_20260819T153022440747Z,c9f50859d8825bb8e17dc890cb696be42681eb6c5d61b3749a33257a86f3517b
4326,2026-08-20,6.52,6.6,6.48,6.51,1853704,12115201.96,,,,render_normalized,tasi_2026-08-20_2026-08-28_20260827T215758538311Z,7a00d373848e778f83c80f1777575ad48a6a4c0c192fe2e6a4123b56ae26cdee
4326,2026-08-23,6.56,6.65,6.56,6.56,1168123,7711962.22,,,,render_normalized,tasi_2026-08-20_2026-08-28_20260827T215758538311Z,7a00d373848e778f83c80f1777575ad48a6a4c0c192fe2e6a4123b56ae26cdee
4326,2026-08-24,6.61,6.71,6.59,6.65,4188624,27892385.36,,,,render_normalized,tasi_2026-08-20_2026-08-28_20260827T215758538311Z,7a00d373848e778f83c80f1777575ad48a6a4c0c192fe2e6a4123b56ae26cdee
4326,2026-08-25,6.63,6.75,6.59,6.65,3389559,22647791.86,,,,render_normalized,tasi_2026-08-20_2026-08-28_20260827T215758538311Z,7a00d373848e778f83c80f1777575ad48a6a4c0c192fe2e6a4123b56ae26cdee
4326,2026-08-26,6.67,6.77,6.65,6.66,3478639,23325206.67,,,,render_normalized,tasi_2026-08-20_2026-08-28_20260827T215758538311Z,7a00d373848e778f83c80f1777575ad48a6a4c0c192fe2e6a4123b56ae26cdee
4326,2026-08-27,6.68,6.72,6.65,6.7,1417804,9480168.07,,,,render_normalized,tasi_2026-08-20_2026-08-28_20260827T215758538311Z,7a00d373848e778f83c80f1777575ad48a6a4c0c192fe2e6a4123b56ae26cdee
4326,2026-08-30,6.7,6.71,6.65,6.68,1181975,7878708.56,,,,render_normalized,tasi_2026-08-29_2026-08-30_20260830T153021490619Z,40f2932d214f44ed867e412ffba0369130210869179423e6eadc9f965765cdba
4326,2026-08-31,6.68,6.68,6.6,6.6,854999,5675144.54,,,,render_normalized,tasi_2026-08-31_2026-08-31_20260831T153022596960Z,374b46eb50c52f8fd4d5c98f4b7cf8e0c79e078fd621a4b30f58d5382471b4af
4327,2026-08-02,52.1,53.0,51.9,52.1,36795,1921846.8,,,,render_normalized,tasi_2026-07-31_2026-08-02_20260802T153020127593Z,2eb23ca39fcf0e44fa270e6e4d6a1341261e22b2abfbc789ec2875a29009248b
4327,2026-08-03,52.15,52.8,52.1,52.65,355106,18621200.15,,,,render_normalized,tasi_2026-08-03_2026-08-03_20260803T153021496139Z,4b0f0fa9c3b343cf96fecea13101ae13ad2a21806fd55533770061ac5bb0689d
4327,2026-08-04,52.0,52.35,51.85,52.0,121079,6296209.25,,,,render_normalized,tasi_2026-08-04_2026-08-04_20260804T153023696814Z,32de4882671eec0a9062962d0f5591f8e56969b134d0070652d21718d4563e66
4327,2026-08-05,52.0,52.2,51.75,52.0,488106,25375871.95,,,,render_normalized,tasi_2026-08-05_2026-08-05_20260805T153024437012Z,9fd93f225e2663ef72017465f1af6b5bb1e9f620c1b69c07a1f0fd54b850091a
4327,2026-08-06,52.25,52.8,51.55,52.05,129808,6754268.4,,,,render_normalized,tasi_2026-08-06_2026-08-06_20260806T153021501965Z,6ff377152d0ead67e84f33bc0daa618a818145aa8e2f551c9273431d88ac3851
4327,2026-08-09,52.25,52.25,51.6,51.65,91358,4727322.0,,,,render_normalized,tasi_2026-08-07_2026-08-09_20260809T153020287151Z,d7eb763bea83ef8684d027dfe3fb0fb7c951f2a9c34d7e37300eab6704449ed3
4327,2026-08-10,51.75,51.75,50.75,51.0,181938,9285102.45,,,,render_normalized,tasi_2026-08-10_2026-08-10_20260810T153020102570Z,84d11a25e4f1e5c1fd93cef767caa7b24135f07229eeaeab08169c657f7b53de
4327,2026-08-11,51.1,51.3,49.54,50.1,620583,31446662.8,,,,render_normalized,tasi_2026-08-11_2026-08-11_20260811T153022011718Z,2ca6395fd3fcc72ba670e2961883e5c743cbb0e78c08f0ae926df09c31320865
4327,2026-08-12,50.1,50.3,49.54,49.98,46515,2326064.99,,,,render_normalized,tasi_2026-08-12_2026-08-12_20260812T153021905708Z,8862a2d01571a3c9a9cdaef7d6c4c85e805809ad63506c8d9042aff3fa53b579
4327,2026-08-13,50.8,50.8,49.04,49.56,89805,4458269.27,,,,render_normalized,tasi_2026-08-13_2026-08-13_20260813T153020777659Z,e0b6e7e97827824585b899f3f5ae2a43f595aeae92435da9a370d3df14b68b99
4327,2026-08-16,49.56,50.65,49.56,50.3,47493,2381126.62,,,,render_normalized,tasi_2026-08-14_2026-08-16_20260816T153020395457Z,5392abdf5e4a97362d33f1f6287bf2bc003c7d4bb43d28918b8aa095af9310d7
4327,2026-08-17,50.3,50.8,50.3,50.5,28486,1440431.4,,,,render_normalized,tasi_2026-08-17_2026-08-17_20260817T153022794323Z,56ab1200186f32f6bf2b699463f355510bc0a3da931f38c90816013f38a2eaf0
4327,2026-08-18,50.85,51.7,50.0,51.7,128623,6515371.0,,,,render_normalized,tasi_2026-08-18_2026-08-18_20260818T153020653358Z,1cfd844fc98ba7ee716337d459294e8e314daaa0f85480a8e110399f3a6b856d
4327,2026-08-19,51.25,51.55,50.75,50.9,146619,7470301.85,,,,render_normalized,tasi_2026-08-19_2026-08-19_20260819T153022440747Z,c9f50859d8825bb8e17dc890cb696be42681eb6c5d61b3749a33257a86f3517b
4327,2026-08-20,50.9,51.5,50.6,50.8,482467,24594644.6,,,,render_normalized,tasi_2026-08-20_2026-08-28_20260827T215758538311Z,7a00d373848e778f83c80f1777575ad48a6a4c0c192fe2e6a4123b56ae26cdee
4327,2026-08-23,51.8,51.8,50.85,51.1,96117,4907252.55,,,,render_normalized,tasi_2026-08-20_2026-08-28_20260827T215758538311Z,7a00d373848e778f83c80f1777575ad48a6a4c0c192fe2e6a4123b56ae26cdee
4327,2026-08-24,51.1,51.65,50.95,51.45,59885,3072605.25,,,,render_normalized,tasi_2026-08-20_2026-08-28_20260827T215758538311Z,7a00d373848e778f83c80f1777575ad48a6a4c0c192fe2e6a4123b56ae26cdee
4327,2026-08-25,51.55,51.75,50.5,51.65,412111,21054653.25,,,,render_normalized,tasi_2026-08-20_2026-08-28_20260827T215758538311Z,7a00d373848e778f83c80f1777575ad48a6a4c0c192fe2e6a4123b56ae26cdee
4327,2026-08-26,51.65,51.65,50.95,51.25,157646,8079545.15,,,,render_normalized,tasi_2026-08-20_2026-08-28_20260827T215758538311Z,7a00d373848e778f83c80f1777575ad48a6a4c0c192fe2e6a4123b56ae26cdee
4327,2026-08-27,51.25,52.1,51.05,51.5,251559,13006828.0,,,,render_normalized,tasi_2026-08-20_2026-08-28_20260827T215758538311Z,7a00d373848e778f83c80f1777575ad48a6a4c0c192fe2e6a4123b56ae26cdee
4327,2026-08-30,51.55,51.8,50.8,50.8,191452,9778082.6,,,,render_normalized,tasi_2026-08-29_2026-08-30_20260830T153021490619Z,40f2932d214f44ed867e412ffba0369130210869179423e6eadc9f965765cdba
4327,2026-08-31,50.85,50.85,49.4,49.88,79413,3973866.46,,,,render_normalized,tasi_2026-08-31_2026-08-31_20260831T153022596960Z,374b46eb50c52f8fd4d5c98f4b7cf8e0c79e078fd621a4b30f58d5382471b4af
4328,2026-08-31,2.61,2.75,2.4,2.43,7782887,20037446.99,,,,render_normalized,tasi_2026-08-31_2026-08-31_20260831T153022596960Z,374b46eb50c52f8fd4d5c98f4b7cf8e0c79e078fd621a4b30f58d5382471b4af
4330,2026-08-02,4.75,4.81,4.74,4.81,246747,1174760.9,,,,render_normalized,tasi_2026-07-31_2026-08-02_20260802T153020127593Z,2eb23ca39fcf0e44fa270e6e4d6a1341261e22b2abfbc789ec2875a29009248b
4330,2026-08-03,4.77,4.83,4.77,4.81,120728,581477.28,,,,render_normalized,tasi_2026-08-03_2026-08-03_20260803T153021496139Z,4b0f0fa9c3b343cf96fecea13101ae13ad2a21806fd55533770061ac5bb0689d
4330,2026-08-04,4.83,4.91,4.83,4.9,60969,297360.66,,,,render_normalized,tasi_2026-08-04_2026-08-04_20260804T153023696814Z,32de4882671eec0a9062962d0f5591f8e56969b134d0070652d21718d4563e66
4330,2026-08-05,4.9,4.94,4.86,4.9,32596,159795.06,,,,render_normalized,tasi_2026-08-05_2026-08-05_20260805T153024437012Z,9fd93f225e2663ef72017465f1af6b5bb1e9f620c1b69c07a1f0fd54b850091a
4330,2026-08-06,4.86,4.88,4.79,4.86,72317,349266.24,,,,render_normalized,tasi_2026-08-06_2026-08-06_20260806T153021501965Z,6ff377152d0ead67e84f33bc0daa618a818145aa8e2f551c9273431d88ac3851
4330,2026-08-09,4.81,4.87,4.81,4.86,66334,322223.18,,,,render_normalized,tasi_2026-08-07_2026-08-09_20260809T153020287151Z,d7eb763bea83ef8684d027dfe3fb0fb7c951f2a9c34d7e37300eab6704449ed3
4330,2026-08-10,4.86,4.87,4.8,4.87,53772,260646.85,,,,render_normalized,tasi_2026-08-10_2026-08-10_20260810T153020102570Z,84d11a25e4f1e5c1fd93cef767caa7b24135f07229eeaeab08169c657f7b53de
4330,2026-08-11,4.87,4.88,4.84,4.86,19133,93011.4,,,,render_normalized,tasi_2026-08-11_2026-08-11_20260811T153022011718Z,2ca6395fd3fcc72ba670e2961883e5c743cbb0e78c08f0ae926df09c31320865
4330,2026-08-12,4.87,4.9,4.85,4.85,58186,283518.71,,,,render_normalized,tasi_2026-08-12_2026-08-12_20260812T153021905708Z,8862a2d01571a3c9a9cdaef7d6c4c85e805809ad63506c8d9042aff3fa53b579
4330,2026-08-13,4.85,4.9,4.85,4.85,39051,189815.17,,,,render_normalized,tasi_2026-08-13_2026-08-13_20260813T153020777659Z,e0b6e7e97827824585b899f3f5ae2a43f595aeae92435da9a370d3df14b68b99
4330,2026-08-16,4.82,4.89,4.82,4.87,118407,575485.41,,,,render_normalized,tasi_2026-08-14_2026-08-16_20260816T153020395457Z,5392abdf5e4a97362d33f1f6287bf2bc003c7d4bb43d28918b8aa095af9310d7
4330,2026-08-17,4.84,4.88,4.83,4.87,57235,278366.97,,,,render_normalized,tasi_2026-08-17_2026-08-17_20260817T153022794323Z,56ab1200186f32f6bf2b699463f355510bc0a3da931f38c90816013f38a2eaf0
4330,2026-08-18,4.82,4.87,4.81,4.84,65305,315924.67,,,,render_normalized,tasi_2026-08-18_2026-08-18_20260818T153020653358Z,1cfd844fc98ba7ee716337d459294e8e314daaa0f85480a8e110399f3a6b856d
4330,2026-08-19,4.82,4.86,4.77,4.77,122231,586467.69,,,,render_normalized,tasi_2026-08-19_2026-08-19_20260819T153022440747Z,c9f50859d8825bb8e17dc890cb696be42681eb6c5d61b3749a33257a86f3517b
4330,2026-08-20,4.77,4.85,4.77,4.83,64825,311676.95,,,,render_normalized,tasi_2026-08-20_2026-08-28_20260827T215758538311Z,7a00d373848e778f83c80f1777575ad48a6a4c0c192fe2e6a4123b56ae26cdee
4330,2026-08-23,4.84,4.85,4.81,4.83,48859,235904.35,,,,render_normalized,tasi_2026-08-20_2026-08-28_20260827T215758538311Z,7a00d373848e778f83c80f1777575ad48a6a4c0c192fe2e6a4123b56ae26cdee
4330,2026-08-24,4.82,4.86,4.8,4.86,96826,468151.88,,,,render_normalized,tasi_2026-08-20_2026-08-28_20260827T215758538311Z,7a00d373848e778f83c80f1777575ad48a6a4c0c192fe2e6a4123b56ae26cdee
4330,2026-08-25,4.88,4.88,4.82,4.82,80121,387090.89,,,,render_normalized,tasi_2026-08-20_2026-08-28_20260827T215758538311Z,7a00d373848e778f83c80f1777575ad48a6a4c0c192fe2e6a4123b56ae26cdee
4330,2026-08-26,4.82,4.87,4.81,4.86,107336,519248.19,,,,render_normalized,tasi_2026-08-20_2026-08-28_20260827T215758538311Z,7a00d373848e778f83c80f1777575ad48a6a4c0c192fe2e6a4123b56ae26cdee
4330,2026-08-27,4.85,4.88,4.83,4.85,60494,294098.56,,,,render_normalized,tasi_2026-08-20_2026-08-28_20260827T215758538311Z,7a00d373848e778f83c80f1777575ad48a6a4c0c192fe2e6a4123b56ae26cdee
4330,2026-08-30,4.87,4.89,4.82,4.85,104735,507031.88,,,,render_normalized,tasi_2026-08-29_2026-08-30_20260830T153021490619Z,40f2932d214f44ed867e412ffba0369130210869179423e6eadc9f965765cdba
4330,2026-08-31,4.89,4.96,4.87,4.87,203346,998207.39,,,,render_normalized,tasi_2026-08-31_2026-08-31_20260831T153022596960Z,374b46eb50c52f8fd4d5c98f4b7cf8e0c79e078fd621a4b30f58d5382471b4af
4331,2026-08-02,11.34,11.44,11.31,11.43,21555,245405.25,,,,render_normalized,tasi_2026-07-31_2026-08-02_20260802T153020127593Z,2eb23ca39fcf0e44fa270e6e4d6a1341261e22b2abfbc789ec2875a29009248b
4331,2026-08-03,11.37,11.51,11.37,11.45,24201,277689.53,,,,render_normalized,tasi_2026-08-03_2026-08-03_20260803T153021496139Z,4b0f0fa9c3b343cf96fecea13101ae13ad2a21806fd55533770061ac5bb0689d
4331,2026-08-04,11.46,11.52,11.41,11.44,11950,137234.21,,,,render_normalized,tasi_2026-08-04_2026-08-04_20260804T153023696814Z,32de4882671eec0a9062962d0f5591f8e56969b134d0070652d21718d4563e66
4331,2026-08-05,11.45,11.52,11.42,11.42,7674,88123.96,,,,render_normalized,tasi_2026-08-05_2026-08-05_20260805T153024437012Z,9fd93f225e2663ef72017465f1af6b5bb1e9f620c1b69c07a1f0fd54b850091a
4331,2026-08-06,11.49,11.49,11.4,11.46,12598,144107.77,,,,render_normalized,tasi_2026-08-06_2026-08-06_20260806T153021501965Z,6ff377152d0ead67e84f33bc0daa618a818145aa8e2f551c9273431d88ac3851
4331,2026-08-09,11.41,11.46,11.35,11.38,9320,106110.16,,,,render_normalized,tasi_2026-08-07_2026-08-09_20260809T153020287151Z,d7eb763bea83ef8684d027dfe3fb0fb7c951f2a9c34d7e37300eab6704449ed3
4331,2026-08-10,11.38,11.38,11.26,11.32,19938,225415.1,,,,render_normalized,tasi_2026-08-10_2026-08-10_20260810T153020102570Z,84d11a25e4f1e5c1fd93cef767caa7b24135f07229eeaeab08169c657f7b53de
4331,2026-08-11,11.32,11.32,11.25,11.3,20019,225898.16,,,,render_normalized,tasi_2026-08-11_2026-08-11_20260811T153022011718Z,2ca6395fd3fcc72ba670e2961883e5c743cbb0e78c08f0ae926df09c31320865
4331,2026-08-12,11.27,11.32,11.22,11.22,15805,177882.29,,,,render_normalized,tasi_2026-08-12_2026-08-12_20260812T153021905708Z,8862a2d01571a3c9a9cdaef7d6c4c85e805809ad63506c8d9042aff3fa53b579
4331,2026-08-13,11.27,11.27,11.09,11.1,26049,291213.7,,,,render_normalized,tasi_2026-08-13_2026-08-13_20260813T153020777659Z,e0b6e7e97827824585b899f3f5ae2a43f595aeae92435da9a370d3df14b68b99
4331,2026-08-16,11.1,11.37,11.09,11.09,30106,335234.78,,,,render_normalized,tasi_2026-08-14_2026-08-16_20260816T153020395457Z,5392abdf5e4a97362d33f1f6287bf2bc003c7d4bb43d28918b8aa095af9310d7
4331,2026-08-17,11.12,11.14,11.07,11.09,47426,526438.65,,,,render_normalized,tasi_2026-08-17_2026-08-17_20260817T153022794323Z,56ab1200186f32f6bf2b699463f355510bc0a3da931f38c90816013f38a2eaf0
4331,2026-08-18,11.13,11.13,11.09,11.1,26574,295069.51,,,,render_normalized,tasi_2026-08-18_2026-08-18_20260818T153020653358Z,1cfd844fc98ba7ee716337d459294e8e314daaa0f85480a8e110399f3a6b856d
4331,2026-08-19,11.11,11.22,11.1,11.15,9359,104202.13,,,,render_normalized,tasi_2026-08-19_2026-08-19_20260819T153022440747Z,c9f50859d8825bb8e17dc890cb696be42681eb6c5d61b3749a33257a86f3517b
4331,2026-08-20,11.16,11.17,11.11,11.14,21119,235233.48,,,,render_normalized,tasi_2026-08-20_2026-08-28_20260827T215758538311Z,7a00d373848e778f83c80f1777575ad48a6a4c0c192fe2e6a4123b56ae26cdee
4331,2026-08-23,11.14,11.38,11.14,11.33,72663,818627.94,,,,render_normalized,tasi_2026-08-20_2026-08-28_20260827T215758538311Z,7a00d373848e778f83c80f1777575ad48a6a4c0c192fe2e6a4123b56ae26cdee
4331,2026-08-24,11.34,11.46,11.33,11.34,61288,697009.89,,,,render_normalized,tasi_2026-08-20_2026-08-28_20260827T215758538311Z,7a00d373848e778f83c80f1777575ad48a6a4c0c192fe2e6a4123b56ae26cdee
4331,2026-08-25,11.33,11.4,11.28,11.3,57115,646528.5,,,,render_normalized,tasi_2026-08-20_2026-08-28_20260827T215758538311Z,7a00d373848e778f83c80f1777575ad48a6a4c0c192fe2e6a4123b56ae26cdee
4331,2026-08-26,11.28,11.41,11.25,11.25,64125,723959.65,,,,render_normalized,tasi_2026-08-20_2026-08-28_20260827T215758538311Z,7a00d373848e778f83c80f1777575ad48a6a4c0c192fe2e6a4123b56ae26cdee
4331,2026-08-27,11.27,11.32,11.22,11.26,83745,942920.48,,,,render_normalized,tasi_2026-08-20_2026-08-28_20260827T215758538311Z,7a00d373848e778f83c80f1777575ad48a6a4c0c192fe2e6a4123b56ae26cdee
4331,2026-08-30,11.26,11.6,11.25,11.35,335763,3846100.84,,,,render_normalized,tasi_2026-08-29_2026-08-30_20260830T153021490619Z,40f2932d214f44ed867e412ffba0369130210869179423e6eadc9f965765cdba
4331,2026-08-31,11.38,11.38,11.25,11.25,78127,883624.97,,,,render_normalized,tasi_2026-08-31_2026-08-31_20260831T153022596960Z,374b46eb50c52f8fd4d5c98f4b7cf8e0c79e078fd621a4b30f58d5382471b4af
4332,2026-08-02,4.85,4.85,4.83,4.84,4584,22204.36,,,,render_normalized,tasi_2026-07-31_2026-08-02_20260802T153020127593Z,2eb23ca39fcf0e44fa270e6e4d6a1341261e22b2abfbc789ec2875a29009248b
4332,2026-08-03,4.84,4.9,4.83,4.9,27290,132698.06,,,,render_normalized,tasi_2026-08-03_2026-08-03_20260803T153021496139Z,4b0f0fa9c3b343cf96fecea13101ae13ad2a21806fd55533770061ac5bb0689d
4332,2026-08-04,4.97,4.97,4.87,4.97,56605,280042.6,,,,render_normalized,tasi_2026-08-04_2026-08-04_20260804T153023696814Z,32de4882671eec0a9062962d0f5591f8e56969b134d0070652d21718d4563e66
4332,2026-08-05,4.97,4.99,4.94,4.97,14806,73749.07,,,,render_normalized,tasi_2026-08-05_2026-08-05_20260805T153024437012Z,9fd93f225e2663ef72017465f1af6b5bb1e9f620c1b69c07a1f0fd54b850091a
4332,2026-08-06,4.95,4.96,4.85,4.85,42881,209881.23,,,,render_normalized,tasi_2026-08-06_2026-08-06_20260806T153021501965Z,6ff377152d0ead67e84f33bc0daa618a818145aa8e2f551c9273431d88ac3851
4332,2026-08-09,4.84,4.89,4.83,4.88,11166,54064.01,,,,render_normalized,tasi_2026-08-07_2026-08-09_20260809T153020287151Z,d7eb763bea83ef8684d027dfe3fb0fb7c951f2a9c34d7e37300eab6704449ed3
4332,2026-08-10,4.86,4.9,4.79,4.85,78534,378663.46,,,,render_normalized,tasi_2026-08-10_2026-08-10_20260810T153020102570Z,84d11a25e4f1e5c1fd93cef767caa7b24135f07229eeaeab08169c657f7b53de
4332,2026-08-11,4.81,4.85,4.78,4.79,95166,456752.86,,,,render_normalized,tasi_2026-08-11_2026-08-11_20260811T153022011718Z,2ca6395fd3fcc72ba670e2961883e5c743cbb0e78c08f0ae926df09c31320865
4332,2026-08-12,4.82,4.86,4.78,4.85,109967,529441.91,,,,render_normalized,tasi_2026-08-12_2026-08-12_20260812T153021905708Z,8862a2d01571a3c9a9cdaef7d6c4c85e805809ad63506c8d9042aff3fa53b579
4332,2026-08-13,4.85,4.85,4.79,4.8,204972,984180.76,,,,render_normalized,tasi_2026-08-13_2026-08-13_20260813T153020777659Z,e0b6e7e97827824585b899f3f5ae2a43f595aeae92435da9a370d3df14b68b99
4332,2026-08-16,4.8,4.89,4.8,4.82,28438,136962.13,,,,render_normalized,tasi_2026-08-14_2026-08-16_20260816T153020395457Z,5392abdf5e4a97362d33f1f6287bf2bc003c7d4bb43d28918b8aa095af9310d7
4332,2026-08-17,4.92,5.0,4.92,4.95,264768,1310542.08,,,,render_normalized,tasi_2026-08-17_2026-08-17_20260817T153022794323Z,56ab1200186f32f6bf2b699463f355510bc0a3da931f38c90816013f38a2eaf0
4332,2026-08-18,4.98,4.99,4.94,4.95,126338,626416.16,,,,render_normalized,tasi_2026-08-18_2026-08-18_20260818T153020653358Z,1cfd844fc98ba7ee716337d459294e8e314daaa0f85480a8e110399f3a6b856d
4332,2026-08-19,4.95,4.98,4.93,4.96,104491,517930.61,,,,render_normalized,tasi_2026-08-19_2026-08-19_20260819T153022440747Z,c9f50859d8825bb8e17dc890cb696be42681eb6c5d61b3749a33257a86f3517b
4332,2026-08-20,4.96,4.98,4.94,4.97,130695,647707.43,,,,render_normalized,tasi_2026-08-20_2026-08-28_20260827T215758538311Z,7a00d373848e778f83c80f1777575ad48a6a4c0c192fe2e6a4123b56ae26cdee
4332,2026-08-23,4.76,4.84,4.73,4.84,382105,1835527.36,,,,render_normalized,tasi_2026-08-20_2026-08-28_20260827T215758538311Z,7a00d373848e778f83c80f1777575ad48a6a4c0c192fe2e6a4123b56ae26cdee
4332,2026-08-24,4.81,4.86,4.81,4.83,181080,876657.82,,,,render_normalized,tasi_2026-08-20_2026-08-28_20260827T215758538311Z,7a00d373848e778f83c80f1777575ad48a6a4c0c192fe2e6a4123b56ae26cdee
4332,2026-08-25,4.79,4.83,4.78,4.79,127432,612103.05,,,,render_normalized,tasi_2026-08-20_2026-08-28_20260827T215758538311Z,7a00d373848e778f83c80f1777575ad48a6a4c0c192fe2e6a4123b56ae26cdee
4332,2026-08-26,4.79,4.82,4.79,4.8,21745,104484.02,,,,render_normalized,tasi_2026-08-20_2026-08-28_20260827T215758538311Z,7a00d373848e778f83c80f1777575ad48a6a4c0c192fe2e6a4123b56ae26cdee
4332,2026-08-27,4.79,4.82,4.79,4.79,29091,139775.56,,,,render_normalized,tasi_2026-08-20_2026-08-28_20260827T215758538311Z,7a00d373848e778f83c80f1777575ad48a6a4c0c192fe2e6a4123b56ae26cdee
4332,2026-08-30,4.8,4.82,4.77,4.78,48083,230630.99,,,,render_normalized,tasi_2026-08-29_2026-08-30_20260830T153021490619Z,40f2932d214f44ed867e412ffba0369130210869179423e6eadc9f965765cdba
4332,2026-08-31,4.79,4.79,4.75,4.77,49920,238275.15,,,,render_normalized,tasi_2026-08-31_2026-08-31_20260831T153022596960Z,374b46eb50c52f8fd4d5c98f4b7cf8e0c79e078fd621a4b30f58d5382471b4af
4333,2026-08-02,10.39,10.4,10.24,10.28,36809,378931.26,,,,render_normalized,tasi_2026-07-31_2026-08-02_20260802T153020127593Z,2eb23ca39fcf0e44fa270e6e4d6a1341261e22b2abfbc789ec2875a29009248b
4333,2026-08-03,10.3,10.32,10.24,10.3,31980,328821.3,,,,render_normalized,tasi_2026-08-03_2026-08-03_20260803T153021496139Z,4b0f0fa9c3b343cf96fecea13101ae13ad2a21806fd55533770061ac5bb0689d
4333,2026-08-04,10.3,10.36,10.19,10.2,117284,1202823.51,,,,render_normalized,tasi_2026-08-04_2026-08-04_20260804T153023696814Z,32de4882671eec0a9062962d0f5591f8e56969b134d0070652d21718d4563e66
4333,2026-08-05,10.2,10.2,10.13,10.19,64805,660190.74,,,,render_normalized,tasi_2026-08-05_2026-08-05_20260805T153024437012Z,9fd93f225e2663ef72017465f1af6b5bb1e9f620c1b69c07a1f0fd54b850091a
4333,2026-08-06,10.16,10.17,10.1,10.12,272790,2767225.47,,,,render_normalized,tasi_2026-08-06_2026-08-06_20260806T153021501965Z,6ff377152d0ead67e84f33bc0daa618a818145aa8e2f551c9273431d88ac3851
4333,2026-08-09,10.1,10.1,10.04,10.05,28603,288344.18,,,,render_normalized,tasi_2026-08-07_2026-08-09_20260809T153020287151Z,d7eb763bea83ef8684d027dfe3fb0fb7c951f2a9c34d7e37300eab6704449ed3
4333,2026-08-10,10.0,10.18,9.99,10.15,241561,2419253.49,,,,render_normalized,tasi_2026-08-10_2026-08-10_20260810T153020102570Z,84d11a25e4f1e5c1fd93cef767caa7b24135f07229eeaeab08169c657f7b53de
4333,2026-08-11,10.15,10.16,10.08,10.16,7694,77869.51,,,,render_normalized,tasi_2026-08-11_2026-08-11_20260811T153022011718Z,2ca6395fd3fcc72ba670e2961883e5c743cbb0e78c08f0ae926df09c31320865
4333,2026-08-12,10.16,10.24,10.1,10.24,15783,160457.35,,,,render_normalized,tasi_2026-08-12_2026-08-12_20260812T153021905708Z,8862a2d01571a3c9a9cdaef7d6c4c85e805809ad63506c8d9042aff3fa53b579
4333,2026-08-13,10.24,10.37,10.1,10.29,101554,1039977.46,,,,render_normalized,tasi_2026-08-13_2026-08-13_20260813T153020777659Z,e0b6e7e97827824585b899f3f5ae2a43f595aeae92435da9a370d3df14b68b99
4333,2026-08-16,10.08,10.38,10.08,10.35,50147,515082.19,,,,render_normalized,tasi_2026-08-14_2026-08-16_20260816T153020395457Z,5392abdf5e4a97362d33f1f6287bf2bc003c7d4bb43d28918b8aa095af9310d7
4333,2026-08-17,10.4,10.4,10.25,10.37,55472,574334.83,,,,render_normalized,tasi_2026-08-17_2026-08-17_20260817T153022794323Z,56ab1200186f32f6bf2b699463f355510bc0a3da931f38c90816013f38a2eaf0
4333,2026-08-18,10.26,10.33,10.19,10.22,30460,312724.85,,,,render_normalized,tasi_2026-08-18_2026-08-18_20260818T153020653358Z,1cfd844fc98ba7ee716337d459294e8e314daaa0f85480a8e110399f3a6b856d
4333,2026-08-19,10.24,10.33,10.24,10.31,17465,179934.51,,,,render_normalized,tasi_2026-08-19_2026-08-19_20260819T153022440747Z,c9f50859d8825bb8e17dc890cb696be42681eb6c5d61b3749a33257a86f3517b
4333,2026-08-20,10.36,10.48,10.32,10.48,38441,399023.83,,,,render_normalized,tasi_2026-08-20_2026-08-28_20260827T215758538311Z,7a00d373848e778f83c80f1777575ad48a6a4c0c192fe2e6a4123b56ae26cdee
4333,2026-08-23,10.5,10.6,10.38,10.58,115332,1210813.32,,,,render_normalized,tasi_2026-08-20_2026-08-28_20260827T215758538311Z,7a00d373848e778f83c80f1777575ad48a6a4c0c192fe2e6a4123b56ae26cdee
4333,2026-08-24,10.5,10.61,10.5,10.59,15731,166060.07,,,,render_normalized,tasi_2026-08-20_2026-08-28_20260827T215758538311Z,7a00d373848e778f83c80f1777575ad48a6a4c0c192fe2e6a4123b56ae26cdee
4333,2026-08-25,10.57,10.62,10.52,10.62,73465,777443.84,,,,render_normalized,tasi_2026-08-20_2026-08-28_20260827T215758538311Z,7a00d373848e778f83c80f1777575ad48a6a4c0c192fe2e6a4123b56ae26cdee
4333,2026-08-26,10.6,10.62,10.51,10.6,39856,422489.51,,,,render_normalized,tasi_2026-08-20_2026-08-28_20260827T215758538311Z,7a00d373848e778f83c80f1777575ad48a6a4c0c192fe2e6a4123b56ae26cdee
4333,2026-08-27,10.6,10.69,10.57,10.62,46151,489974.12,,,,render_normalized,tasi_2026-08-20_2026-08-28_20260827T215758538311Z,7a00d373848e778f83c80f1777575ad48a6a4c0c192fe2e6a4123b56ae26cdee
4333,2026-08-30,10.55,10.63,10.53,10.54,21438,226656.95,,,,render_normalized,tasi_2026-08-29_2026-08-30_20260830T153021490619Z,40f2932d214f44ed867e412ffba0369130210869179423e6eadc9f965765cdba
4333,2026-08-31,10.54,10.54,10.38,10.42,32569,339694.68,,,,render_normalized,tasi_2026-08-31_2026-08-31_20260831T153022596960Z,374b46eb50c52f8fd4d5c98f4b7cf8e0c79e078fd621a4b30f58d5382471b4af
4334,2026-08-02,8.95,8.99,8.92,8.99,23453,209665.44,,,,render_normalized,tasi_2026-07-31_2026-08-02_20260802T153020127593Z,2eb23ca39fcf0e44fa270e6e4d6a1341261e22b2abfbc789ec2875a29009248b
4334,2026-08-03,8.99,8.99,8.88,8.92,60463,539428.78,,,,render_normalized,tasi_2026-08-03_2026-08-03_20260803T153021496139Z,4b0f0fa9c3b343cf96fecea13101ae13ad2a21806fd55533770061ac5bb0689d
4334,2026-08-04,8.97,9.0,8.92,8.98,77292,692056.39,,,,render_normalized,tasi_2026-08-04_2026-08-04_20260804T153023696814Z,32de4882671eec0a9062962d0f5591f8e56969b134d0070652d21718d4563e66
4334,2026-08-05,8.98,9.0,8.93,8.97,61603,551439.57,,,,render_normalized,tasi_2026-08-05_2026-08-05_20260805T153024437012Z,9fd93f225e2663ef72017465f1af6b5bb1e9f620c1b69c07a1f0fd54b850091a
4334,2026-08-06,8.97,9.02,8.93,9.0,35586,319249.53,,,,render_normalized,tasi_2026-08-06_2026-08-06_20260806T153021501965Z,6ff377152d0ead67e84f33bc0daa618a818145aa8e2f551c9273431d88ac3851
4334,2026-08-09,9.0,9.01,8.95,8.97,17224,154501.49,,,,render_normalized,tasi_2026-08-07_2026-08-09_20260809T153020287151Z,d7eb763bea83ef8684d027dfe3fb0fb7c951f2a9c34d7e37300eab6704449ed3
4334,2026-08-10,9.02,9.04,8.92,9.0,52039,467635.48,,,,render_normalized,tasi_2026-08-10_2026-08-10_20260810T153020102570Z,84d11a25e4f1e5c1fd93cef767caa7b24135f07229eeaeab08169c657f7b53de
4334,2026-08-11,9.0,9.07,8.99,9.04,30113,272109.4,,,,render_normalized,tasi_2026-08-11_2026-08-11_20260811T153022011718Z,2ca6395fd3fcc72ba670e2961883e5c743cbb0e78c08f0ae926df09c31320865
4334,2026-08-12,9.04,9.07,9.02,9.06,38160,345123.88,,,,render_normalized,tasi_2026-08-12_2026-08-12_20260812T153021905708Z,8862a2d01571a3c9a9cdaef7d6c4c85e805809ad63506c8d9042aff3fa53b579
4334,2026-08-13,9.08,9.11,9.05,9.1,61265,555540.36,,,,render_normalized,tasi_2026-08-13_2026-08-13_20260813T153020777659Z,e0b6e7e97827824585b899f3f5ae2a43f595aeae92435da9a370d3df14b68b99
4334,2026-08-16,9.12,9.25,9.1,9.23,231765,2130364.76,,,,render_normalized,tasi_2026-08-14_2026-08-16_20260816T153020395457Z,5392abdf5e4a97362d33f1f6287bf2bc003c7d4bb43d28918b8aa095af9310d7
4334,2026-08-17,8.8,8.91,8.77,8.91,154767,1367227.12,,,,render_normalized,tasi_2026-08-17_2026-08-17_20260817T153022794323Z,56ab1200186f32f6bf2b699463f355510bc0a3da931f38c90816013f38a2eaf0
4334,2026-08-18,8.91,8.91,8.78,8.82,107769,950968.92,,,,render_normalized,tasi_2026-08-18_2026-08-18_20260818T153020653358Z,1cfd844fc98ba7ee716337d459294e8e314daaa0f85480a8e110399f3a6b856d
4334,2026-08-19,8.82,8.85,8.76,8.78,64178,563792.87,,,,render_normalized,tasi_2026-08-19_2026-08-19_20260819T153022440747Z,c9f50859d8825bb8e17dc890cb696be42681eb6c5d61b3749a33257a86f3517b
4334,2026-08-20,8.78,8.85,8.77,8.82,45379,399455.0,,,,render_normalized,tasi_2026-08-20_2026-08-28_20260827T215758538311Z,7a00d373848e778f83c80f1777575ad48a6a4c0c192fe2e6a4123b56ae26cdee
4334,2026-08-23,8.82,8.84,8.78,8.82,48949,431274.17,,,,render_normalized,tasi_2026-08-20_2026-08-28_20260827T215758538311Z,7a00d373848e778f83c80f1777575ad48a6a4c0c192fe2e6a4123b56ae26cdee
4334,2026-08-24,8.82,8.83,8.78,8.8,29522,259907.89,,,,render_normalized,tasi_2026-08-20_2026-08-28_20260827T215758538311Z,7a00d373848e778f83c80f1777575ad48a6a4c0c192fe2e6a4123b56ae26cdee
4334,2026-08-25,8.83,8.83,8.8,8.82,40187,354466.71,,,,render_normalized,tasi_2026-08-20_2026-08-28_20260827T215758538311Z,7a00d373848e778f83c80f1777575ad48a6a4c0c192fe2e6a4123b56ae26cdee
4334,2026-08-26,8.83,8.88,8.82,8.85,77286,683977.64,,,,render_normalized,tasi_2026-08-20_2026-08-28_20260827T215758538311Z,7a00d373848e778f83c80f1777575ad48a6a4c0c192fe2e6a4123b56ae26cdee
4334,2026-08-27,8.88,8.88,8.82,8.82,30434,269424.98,,,,render_normalized,tasi_2026-08-20_2026-08-28_20260827T215758538311Z,7a00d373848e778f83c80f1777575ad48a6a4c0c192fe2e6a4123b56ae26cdee
4334,2026-08-30,8.81,8.84,8.81,8.83,31377,276855.14,,,,render_normalized,tasi_2026-08-29_2026-08-30_20260830T153021490619Z,40f2932d214f44ed867e412ffba0369130210869179423e6eadc9f965765cdba
4334,2026-08-31,8.82,8.86,8.79,8.8,28704,252827.45,,,,render_normalized,tasi_2026-08-31_2026-08-31_20260831T153022596960Z,374b46eb50c52f8fd4d5c98f4b7cf8e0c79e078fd621a4b30f58d5382471b4af
4335,2026-08-02,3.43,3.54,3.43,3.49,196682,683854.65,,,,render_normalized,tasi_2026-07-31_2026-08-02_20260802T153020127593Z,2eb23ca39fcf0e44fa270e6e4d6a1341261e22b2abfbc789ec2875a29009248b
4335,2026-08-03,3.43,3.55,3.43,3.5,46678,162573.8,,,,render_normalized,tasi_2026-08-03_2026-08-03_20260803T153021496139Z,4b0f0fa9c3b343cf96fecea13101ae13ad2a21806fd55533770061ac5bb0689d
4335,2026-08-04,3.48,3.54,3.48,3.5,231420,810990.45,,,,render_normalized,tasi_2026-08-04_2026-08-04_20260804T153023696814Z,32de4882671eec0a9062962d0f5591f8e56969b134d0070652d21718d4563e66
4335,2026-08-05,3.49,3.51,3.47,3.5,72096,251411.36,,,,render_normalized,tasi_2026-08-05_2026-08-05_20260805T153024437012Z,9fd93f225e2663ef72017465f1af6b5bb1e9f620c1b69c07a1f0fd54b850091a
4335,2026-08-06,3.49,3.5,3.43,3.47,117574,406542.98,,,,render_normalized,tasi_2026-08-06_2026-08-06_20260806T153021501965Z,6ff377152d0ead67e84f33bc0daa618a818145aa8e2f551c9273431d88ac3851
4335,2026-08-09,3.47,3.48,3.42,3.46,333061,1150623.31,,,,render_normalized,tasi_2026-08-07_2026-08-09_20260809T153020287151Z,d7eb763bea83ef8684d027dfe3fb0fb7c951f2a9c34d7e37300eab6704449ed3
4335,2026-08-10,3.46,3.5,3.45,3.49,111210,386585.22,,,,render_normalized,tasi_2026-08-10_2026-08-10_20260810T153020102570Z,84d11a25e4f1e5c1fd93cef767caa7b24135f07229eeaeab08169c657f7b53de
4335,2026-08-11,3.47,3.48,3.35,3.38,447013,1513621.12,,,,render_normalized,tasi_2026-08-11_2026-08-11_20260811T153022011718Z,2ca6395fd3fcc72ba670e2961883e5c743cbb0e78c08f0ae926df09c31320865
4335,2026-08-12,3.41,3.47,3.41,3.45,298399,1025914.57,,,,render_normalized,tasi_2026-08-12_2026-08-12_20260812T153021905708Z,8862a2d01571a3c9a9cdaef7d6c4c85e805809ad63506c8d9042aff3fa53b579
4335,2026-08-13,3.44,3.49,3.44,3.49,57060,197879.94,,,,render_normalized,tasi_2026-08-13_2026-08-13_20260813T153020777659Z,e0b6e7e97827824585b899f3f5ae2a43f595aeae92435da9a370d3df14b68b99
4335,2026-08-16,3.49,3.55,3.47,3.55,127205,446918.45,,,,render_normalized,tasi_2026-08-14_2026-08-16_20260816T153020395457Z,5392abdf5e4a97362d33f1f6287bf2bc003c7d4bb43d28918b8aa095af9310d7
4335,2026-08-17,3.44,3.47,3.42,3.47,185344,638548.08,,,,render_normalized,tasi_2026-08-17_2026-08-17_20260817T153022794323Z,56ab1200186f32f6bf2b699463f355510bc0a3da931f38c90816013f38a2eaf0
4335,2026-08-18,3.46,3.47,3.41,3.47,74503,256155.61,,,,render_normalized,tasi_2026-08-18_2026-08-18_20260818T153020653358Z,1cfd844fc98ba7ee716337d459294e8e314daaa0f85480a8e110399f3a6b856d
4335,2026-08-19,3.45,3.47,3.41,3.41,42696,146685.1,,,,render_normalized,tasi_2026-08-19_2026-08-19_20260819T153022440747Z,c9f50859d8825bb8e17dc890cb696be42681eb6c5d61b3749a33257a86f3517b
4335,2026-08-20,3.41,3.45,3.41,3.44,29146,99793.18,,,,render_normalized,tasi_2026-08-20_2026-08-28_20260827T215758538311Z,7a00d373848e778f83c80f1777575ad48a6a4c0c192fe2e6a4123b56ae26cdee
4335,2026-08-23,3.42,3.45,3.41,3.44,40453,138553.73,,,,render_normalized,tasi_2026-08-20_2026-08-28_20260827T215758538311Z,7a00d373848e778f83c80f1777575ad48a6a4c0c192fe2e6a4123b56ae26cdee
4335,2026-08-24,3.43,3.45,3.41,3.44,53042,181561.19,,,,render_normalized,tasi_2026-08-20_2026-08-28_20260827T215758538311Z,7a00d373848e778f83c80f1777575ad48a6a4c0c192fe2e6a4123b56ae26cdee
4335,2026-08-25,3.44,3.45,3.4,3.41,100106,342473.3,,,,render_normalized,tasi_2026-08-20_2026-08-28_20260827T215758538311Z,7a00d373848e778f83c80f1777575ad48a6a4c0c192fe2e6a4123b56ae26cdee
4335,2026-08-26,3.42,3.45,3.42,3.45,56825,194715.4,,,,render_normalized,tasi_2026-08-20_2026-08-28_20260827T215758538311Z,7a00d373848e778f83c80f1777575ad48a6a4c0c192fe2e6a4123b56ae26cdee
4335,2026-08-27,3.44,3.45,3.42,3.45,188788,649054.34,,,,render_normalized,tasi_2026-08-20_2026-08-28_20260827T215758538311Z,7a00d373848e778f83c80f1777575ad48a6a4c0c192fe2e6a4123b56ae26cdee
4335,2026-08-30,3.45,3.51,3.43,3.45,198718,689392.0,,,,render_normalized,tasi_2026-08-29_2026-08-30_20260830T153021490619Z,40f2932d214f44ed867e412ffba0369130210869179423e6eadc9f965765cdba
4335,2026-08-31,3.44,3.47,3.44,3.46,64655,223202.48,,,,render_normalized,tasi_2026-08-31_2026-08-31_20260831T153022596960Z,374b46eb50c52f8fd4d5c98f4b7cf8e0c79e078fd621a4b30f58d5382471b4af
4336,2026-08-02,4.57,4.61,4.57,4.61,70924,325649.73,,,,render_normalized,tasi_2026-07-31_2026-08-02_20260802T153020127593Z,2eb23ca39fcf0e44fa270e6e4d6a1341261e22b2abfbc789ec2875a29009248b
4336,2026-08-03,4.59,4.62,4.59,4.6,32078,147819.64,,,,render_normalized,tasi_2026-08-03_2026-08-03_20260803T153021496139Z,4b0f0fa9c3b343cf96fecea13101ae13ad2a21806fd55533770061ac5bb0689d
4336,2026-08-04,4.59,4.63,4.59,4.63,26032,120200.82,,,,render_normalized,tasi_2026-08-04_2026-08-04_20260804T153023696814Z,32de4882671eec0a9062962d0f5591f8e56969b134d0070652d21718d4563e66
4336,2026-08-05,4.63,4.63,4.6,4.63,17515,80754.88,,,,render_normalized,tasi_2026-08-05_2026-08-05_20260805T153024437012Z,9fd93f225e2663ef72017465f1af6b5bb1e9f620c1b69c07a1f0fd54b850091a
4336,2026-08-06,4.6,4.62,4.59,4.6,71702,329841.33,,,,render_normalized,tasi_2026-08-06_2026-08-06_20260806T153021501965Z,6ff377152d0ead67e84f33bc0daa618a818145aa8e2f551c9273431d88ac3851
4336,2026-08-09,4.56,4.59,4.53,4.55,91965,419155.64,,,,render_normalized,tasi_2026-08-07_2026-08-09_20260809T153020287151Z,d7eb763bea83ef8684d027dfe3fb0fb7c951f2a9c34d7e37300eab6704449ed3
4336,2026-08-10,4.55,4.58,4.54,4.56,50528,230215.56,,,,render_normalized,tasi_2026-08-10_2026-08-10_20260810T153020102570Z,84d11a25e4f1e5c1fd93cef767caa7b24135f07229eeaeab08169c657f7b53de
4336,2026-08-11,4.53,4.56,4.52,4.54,38121,172765.31,,,,render_normalized,tasi_2026-08-11_2026-08-11_20260811T153022011718Z,2ca6395fd3fcc72ba670e2961883e5c743cbb0e78c08f0ae926df09c31320865
4336,2026-08-12,4.54,4.54,4.52,4.52,11798,53375.96,,,,render_normalized,tasi_2026-08-12_2026-08-12_20260812T153021905708Z,8862a2d01571a3c9a9cdaef7d6c4c85e805809ad63506c8d9042aff3fa53b579
4336,2026-08-13,4.51,4.51,4.49,4.5,38086,171482.06,,,,render_normalized,tasi_2026-08-13_2026-08-13_20260813T153020777659Z,e0b6e7e97827824585b899f3f5ae2a43f595aeae92435da9a370d3df14b68b99
4336,2026-08-16,4.5,4.52,4.49,4.51,43301,195026.7,,,,render_normalized,tasi_2026-08-14_2026-08-16_20260816T153020395457Z,5392abdf5e4a97362d33f1f6287bf2bc003c7d4bb43d28918b8aa095af9310d7
4336,2026-08-17,4.51,4.52,4.49,4.5,28546,128513.27,,,,render_normalized,tasi_2026-08-17_2026-08-17_20260817T153022794323Z,56ab1200186f32f6bf2b699463f355510bc0a3da931f38c90816013f38a2eaf0
4336,2026-08-18,4.48,4.51,4.48,4.48,66561,298909.25,,,,render_normalized,tasi_2026-08-18_2026-08-18_20260818T153020653358Z,1cfd844fc98ba7ee716337d459294e8e314daaa0f85480a8e110399f3a6b856d
4336,2026-08-19,4.48,4.5,4.47,4.47,32682,146449.0,,,,render_normalized,tasi_2026-08-19_2026-08-19_20260819T153022440747Z,c9f50859d8825bb8e17dc890cb696be42681eb6c5d61b3749a33257a86f3517b
4336,2026-08-20,4.47,4.5,4.46,4.48,53281,238672.53,,,,render_normalized,tasi_2026-08-20_2026-08-28_20260827T215758538311Z,7a00d373848e778f83c80f1777575ad48a6a4c0c192fe2e6a4123b56ae26cdee
4336,2026-08-23,4.49,4.5,4.46,4.48,71511,319400.54,,,,render_normalized,tasi_2026-08-20_2026-08-28_20260827T215758538311Z,7a00d373848e778f83c80f1777575ad48a6a4c0c192fe2e6a4123b56ae26cdee
4336,2026-08-24,4.48,4.49,4.46,4.48,81949,366747.07,,,,render_normalized,tasi_2026-08-20_2026-08-28_20260827T215758538311Z,7a00d373848e778f83c80f1777575ad48a6a4c0c192fe2e6a4123b56ae26cdee
4336,2026-08-25,4.48,4.49,4.46,4.47,28175,126212.6,,,,render_normalized,tasi_2026-08-20_2026-08-28_20260827T215758538311Z,7a00d373848e778f83c80f1777575ad48a6a4c0c192fe2e6a4123b56ae26cdee
4336,2026-08-26,4.47,4.51,4.47,4.5,41727,187531.5,,,,render_normalized,tasi_2026-08-20_2026-08-28_20260827T215758538311Z,7a00d373848e778f83c80f1777575ad48a6a4c0c192fe2e6a4123b56ae26cdee
4336,2026-08-27,4.5,4.51,4.48,4.49,30437,136823.56,,,,render_normalized,tasi_2026-08-20_2026-08-28_20260827T215758538311Z,7a00d373848e778f83c80f1777575ad48a6a4c0c192fe2e6a4123b56ae26cdee
4336,2026-08-30,4.47,4.5,4.47,4.49,71160,318583.26,,,,render_normalized,tasi_2026-08-29_2026-08-30_20260830T153021490619Z,40f2932d214f44ed867e412ffba0369130210869179423e6eadc9f965765cdba
4336,2026-08-31,4.49,4.49,4.47,4.48,34879,156124.85,,,,render_normalized,tasi_2026-08-31_2026-08-31_20260831T153022596960Z,374b46eb50c52f8fd4d5c98f4b7cf8e0c79e078fd621a4b30f58d5382471b4af
4337,2026-08-02,4.8,4.8,4.7,4.74,51037,242546.33,,,,render_normalized,tasi_2026-07-31_2026-08-02_20260802T153020127593Z,2eb23ca39fcf0e44fa270e6e4d6a1341261e22b2abfbc789ec2875a29009248b
4337,2026-08-03,4.74,4.79,4.7,4.72,7525,35705.41,,,,render_normalized,tasi_2026-08-03_2026-08-03_20260803T153021496139Z,4b0f0fa9c3b343cf96fecea13101ae13ad2a21806fd55533770061ac5bb0689d
4337,2026-08-04,4.77,4.8,4.71,4.8,40584,193331.18,,,,render_normalized,tasi_2026-08-04_2026-08-04_20260804T153023696814Z,32de4882671eec0a9062962d0f5591f8e56969b134d0070652d21718d4563e66
4337,2026-08-05,4.8,4.8,4.74,4.76,8625,41271.28,,,,render_normalized,tasi_2026-08-05_2026-08-05_20260805T153024437012Z,9fd93f225e2663ef72017465f1af6b5bb1e9f620c1b69c07a1f0fd54b850091a
4337,2026-08-06,4.75,4.78,4.66,4.7,20330,95899.71,,,,render_normalized,tasi_2026-08-06_2026-08-06_20260806T153021501965Z,6ff377152d0ead67e84f33bc0daa618a818145aa8e2f551c9273431d88ac3851
4337,2026-08-09,4.7,4.8,4.69,4.8,9635,45680.0,,,,render_normalized,tasi_2026-08-07_2026-08-09_20260809T153020287151Z,d7eb763bea83ef8684d027dfe3fb0fb7c951f2a9c34d7e37300eab6704449ed3
4337,2026-08-10,4.7,4.79,4.7,4.75,17591,83123.75,,,,render_normalized,tasi_2026-08-10_2026-08-10_20260810T153020102570Z,84d11a25e4f1e5c1fd93cef767caa7b24135f07229eeaeab08169c657f7b53de
4337,2026-08-11,4.71,4.75,4.7,4.7,4578,21595.14,,,,render_normalized,tasi_2026-08-11_2026-08-11_20260811T153022011718Z,2ca6395fd3fcc72ba670e2961883e5c743cbb0e78c08f0ae926df09c31320865
4337,2026-08-12,4.71,4.74,4.69,4.73,12594,59260.0,,,,render_normalized,tasi_2026-08-12_2026-08-12_20260812T153021905708Z,8862a2d01571a3c9a9cdaef7d6c4c85e805809ad63506c8d9042aff3fa53b579
4337,2026-08-13,4.7,4.7,4.68,4.69,6113,28676.67,,,,render_normalized,tasi_2026-08-13_2026-08-13_20260813T153020777659Z,e0b6e7e97827824585b899f3f5ae2a43f595aeae92435da9a370d3df14b68b99
4337,2026-08-16,4.7,4.78,4.68,4.75,27092,128209.44,,,,render_normalized,tasi_2026-08-14_2026-08-16_20260816T153020395457Z,5392abdf5e4a97362d33f1f6287bf2bc003c7d4bb43d28918b8aa095af9310d7
4337,2026-08-17,4.72,4.95,4.7,4.84,51035,243943.31,,,,render_normalized,tasi_2026-08-17_2026-08-17_20260817T153022794323Z,56ab1200186f32f6bf2b699463f355510bc0a3da931f38c90816013f38a2eaf0
4337,2026-08-18,4.81,4.9,4.76,4.78,125395,607144.98,,,,render_normalized,tasi_2026-08-18_2026-08-18_20260818T153020653358Z,1cfd844fc98ba7ee716337d459294e8e314daaa0f85480a8e110399f3a6b856d
4337,2026-08-19,4.83,4.83,4.66,4.66,94587,447990.69,,,,render_normalized,tasi_2026-08-19_2026-08-19_20260819T153022440747Z,c9f50859d8825bb8e17dc890cb696be42681eb6c5d61b3749a33257a86f3517b
4337,2026-08-20,4.6,4.66,4.56,4.65,46058,212830.29,,,,render_normalized,tasi_2026-08-20_2026-08-28_20260827T215758538311Z,7a00d373848e778f83c80f1777575ad48a6a4c0c192fe2e6a4123b56ae26cdee
4337,2026-08-23,4.63,4.65,4.6,4.61,28874,133632.04,,,,render_normalized,tasi_2026-08-20_2026-08-28_20260827T215758538311Z,7a00d373848e778f83c80f1777575ad48a6a4c0c192fe2e6a4123b56ae26cdee
4337,2026-08-24,4.62,4.82,4.61,4.82,74271,345704.38,,,,render_normalized,tasi_2026-08-20_2026-08-28_20260827T215758538311Z,7a00d373848e778f83c80f1777575ad48a6a4c0c192fe2e6a4123b56ae26cdee
4337,2026-08-25,4.66,4.86,4.66,4.84,321360,1537210.35,,,,render_normalized,tasi_2026-08-20_2026-08-28_20260827T215758538311Z,7a00d373848e778f83c80f1777575ad48a6a4c0c192fe2e6a4123b56ae26cdee
4337,2026-08-26,4.84,4.85,4.75,4.81,41679,199743.07,,,,render_normalized,tasi_2026-08-20_2026-08-28_20260827T215758538311Z,7a00d373848e778f83c80f1777575ad48a6a4c0c192fe2e6a4123b56ae26cdee
4337,2026-08-27,4.84,4.84,4.73,4.78,70980,338278.9,,,,render_normalized,tasi_2026-08-20_2026-08-28_20260827T215758538311Z,7a00d373848e778f83c80f1777575ad48a6a4c0c192fe2e6a4123b56ae26cdee
4337,2026-08-30,4.75,4.77,4.73,4.75,45072,213804.45,,,,render_normalized,tasi_2026-08-29_2026-08-30_20260830T153021490619Z,40f2932d214f44ed867e412ffba0369130210869179423e6eadc9f965765cdba
4337,2026-08-31,4.78,4.78,4.55,4.55,98857,456091.84,,,,render_normalized,tasi_2026-08-31_2026-08-31_20260831T153022596960Z,374b46eb50c52f8fd4d5c98f4b7cf8e0c79e078fd621a4b30f58d5382471b4af
4338,2026-08-02,6.48,6.59,6.48,6.56,100194,655907.78,,,,render_normalized,tasi_2026-07-31_2026-08-02_20260802T153020127593Z,2eb23ca39fcf0e44fa270e6e4d6a1341261e22b2abfbc789ec2875a29009248b
4338,2026-08-03,6.56,6.68,6.54,6.68,49801,329773.07,,,,render_normalized,tasi_2026-08-03_2026-08-03_20260803T153021496139Z,4b0f0fa9c3b343cf96fecea13101ae13ad2a21806fd55533770061ac5bb0689d
4338,2026-08-04,6.68,6.7,6.63,6.68,55887,372920.4,,,,render_normalized,tasi_2026-08-04_2026-08-04_20260804T153023696814Z,32de4882671eec0a9062962d0f5591f8e56969b134d0070652d21718d4563e66
4338,2026-08-05,6.7,6.72,6.63,6.66,12223,81565.76,,,,render_normalized,tasi_2026-08-05_2026-08-05_20260805T153024437012Z,9fd93f225e2663ef72017465f1af6b5bb1e9f620c1b69c07a1f0fd54b850091a
4338,2026-08-06,6.65,6.66,6.55,6.6,77386,510699.36,,,,render_normalized,tasi_2026-08-06_2026-08-06_20260806T153021501965Z,6ff377152d0ead67e84f33bc0daa618a818145aa8e2f551c9273431d88ac3851
4338,2026-08-09,6.58,6.72,6.58,6.64,72682,482623.77,,,,render_normalized,tasi_2026-08-07_2026-08-09_20260809T153020287151Z,d7eb763bea83ef8684d027dfe3fb0fb7c951f2a9c34d7e37300eab6704449ed3
4338,2026-08-10,6.63,6.74,6.63,6.67,81362,543915.49,,,,render_normalized,tasi_2026-08-10_2026-08-10_20260810T153020102570Z,84d11a25e4f1e5c1fd93cef767caa7b24135f07229eeaeab08169c657f7b53de
4338,2026-08-11,6.77,6.96,6.7,6.85,178339,1210204.95,,,,render_normalized,tasi_2026-08-11_2026-08-11_20260811T153022011718Z,2ca6395fd3fcc72ba670e2961883e5c743cbb0e78c08f0ae926df09c31320865
4338,2026-08-12,6.88,6.9,6.77,6.84,90209,614909.52,,,,render_normalized,tasi_2026-08-12_2026-08-12_20260812T153021905708Z,8862a2d01571a3c9a9cdaef7d6c4c85e805809ad63506c8d9042aff3fa53b579
4338,2026-08-13,6.8,7.04,6.8,6.88,126981,880918.51,,,,render_normalized,tasi_2026-08-13_2026-08-13_20260813T153020777659Z,e0b6e7e97827824585b899f3f5ae2a43f595aeae92435da9a370d3df14b68b99
4338,2026-08-16,6.9,7.02,6.9,7.0,86894,605293.79,,,,render_normalized,tasi_2026-08-14_2026-08-16_20260816T153020395457Z,5392abdf5e4a97362d33f1f6287bf2bc003c7d4bb43d28918b8aa095af9310d7
4338,2026-08-17,7.0,7.0,6.85,6.94,87934,606252.18,,,,render_normalized,tasi_2026-08-17_2026-08-17_20260817T153022794323Z,56ab1200186f32f6bf2b699463f355510bc0a3da931f38c90816013f38a2eaf0
4338,2026-08-18,6.87,6.93,6.75,6.78,206540,1407083.76,,,,render_normalized,tasi_2026-08-18_2026-08-18_20260818T153020653358Z,1cfd844fc98ba7ee716337d459294e8e314daaa0f85480a8e110399f3a6b856d
4338,2026-08-19,6.75,6.83,6.74,6.8,134062,910708.17,,,,render_normalized,tasi_2026-08-19_2026-08-19_20260819T153022440747Z,c9f50859d8825bb8e17dc890cb696be42681eb6c5d61b3749a33257a86f3517b
4338,2026-08-20,6.81,6.97,6.8,6.92,76557,528942.65,,,,render_normalized,tasi_2026-08-20_2026-08-28_20260827T215758538311Z,7a00d373848e778f83c80f1777575ad48a6a4c0c192fe2e6a4123b56ae26cdee
4338,2026-08-23,6.92,6.98,6.89,6.92,205776,1425298.57,,,,render_normalized,tasi_2026-08-20_2026-08-28_20260827T215758538311Z,7a00d373848e778f83c80f1777575ad48a6a4c0c192fe2e6a4123b56ae26cdee
4338,2026-08-24,6.92,7.06,6.9,7.02,511534,3570945.26,,,,render_normalized,tasi_2026-08-20_2026-08-28_20260827T215758538311Z,7a00d373848e778f83c80f1777575ad48a6a4c0c192fe2e6a4123b56ae26cdee
4338,2026-08-25,7.01,7.08,6.95,6.95,263576,1842294.52,,,,render_normalized,tasi_2026-08-20_2026-08-28_20260827T215758538311Z,7a00d373848e778f83c80f1777575ad48a6a4c0c192fe2e6a4123b56ae26cdee
4338,2026-08-26,6.97,7.11,6.88,7.07,490463,3439788.23,,,,render_normalized,tasi_2026-08-20_2026-08-28_20260827T215758538311Z,7a00d373848e778f83c80f1777575ad48a6a4c0c192fe2e6a4123b56ae26cdee
4338,2026-08-27,7.11,7.11,7.0,7.08,116813,819994.66,,,,render_normalized,tasi_2026-08-20_2026-08-28_20260827T215758538311Z,7a00d373848e778f83c80f1777575ad48a6a4c0c192fe2e6a4123b56ae26cdee
4338,2026-08-30,7.02,7.13,6.99,7.05,64440,453153.88,,,,render_normalized,tasi_2026-08-29_2026-08-30_20260830T153021490619Z,40f2932d214f44ed867e412ffba0369130210869179423e6eadc9f965765cdba
4338,2026-08-31,6.99,7.11,6.99,7.01,54739,385396.46,,,,render_normalized,tasi_2026-08-31_2026-08-31_20260831T153022596960Z,374b46eb50c52f8fd4d5c98f4b7cf8e0c79e078fd621a4b30f58d5382471b4af
4339,2026-08-02,5.29,5.38,5.29,5.35,102282,546918.68,,,,render_normalized,tasi_2026-07-31_2026-08-02_20260802T153020127593Z,2eb23ca39fcf0e44fa270e6e4d6a1341261e22b2abfbc789ec2875a29009248b
4339,2026-08-03,5.33,5.41,5.31,5.31,99579,532698.64,,,,render_normalized,tasi_2026-08-03_2026-08-03_20260803T153021496139Z,4b0f0fa9c3b343cf96fecea13101ae13ad2a21806fd55533770061ac5bb0689d
4339,2026-08-04,5.32,5.37,5.3,5.34,52756,280798.44,,,,render_normalized,tasi_2026-08-04_2026-08-04_20260804T153023696814Z,32de4882671eec0a9062962d0f5591f8e56969b134d0070652d21718d4563e66
4339,2026-08-05,5.32,5.35,5.29,5.3,158406,842123.39,,,,render_normalized,tasi_2026-08-05_2026-08-05_20260805T153024437012Z,9fd93f225e2663ef72017465f1af6b5bb1e9f620c1b69c07a1f0fd54b850091a
4339,2026-08-06,5.29,5.3,5.27,5.29,156916,829525.54,,,,render_normalized,tasi_2026-08-06_2026-08-06_20260806T153021501965Z,6ff377152d0ead67e84f33bc0daa618a818145aa8e2f551c9273431d88ac3851
4339,2026-08-09,5.39,5.39,5.28,5.28,56851,301029.89,,,,render_normalized,tasi_2026-08-07_2026-08-09_20260809T153020287151Z,d7eb763bea83ef8684d027dfe3fb0fb7c951f2a9c34d7e37300eab6704449ed3
4339,2026-08-10,5.26,5.28,5.26,5.27,326171,1718555.17,,,,render_normalized,tasi_2026-08-10_2026-08-10_20260810T153020102570Z,84d11a25e4f1e5c1fd93cef767caa7b24135f07229eeaeab08169c657f7b53de
4339,2026-08-11,5.27,5.3,5.26,5.27,44495,234877.28,,,,render_normalized,tasi_2026-08-11_2026-08-11_20260811T153022011718Z,2ca6395fd3fcc72ba670e2961883e5c743cbb0e78c08f0ae926df09c31320865
4339,2026-08-12,5.27,5.31,5.25,5.31,99198,522770.98,,,,render_normalized,tasi_2026-08-12_2026-08-12_20260812T153021905708Z,8862a2d01571a3c9a9cdaef7d6c4c85e805809ad63506c8d9042aff3fa53b579
4339,2026-08-13,5.31,5.32,5.27,5.31,55611,294704.14,,,,render_normalized,tasi_2026-08-13_2026-08-13_20260813T153020777659Z,e0b6e7e97827824585b899f3f5ae2a43f595aeae92435da9a370d3df14b68b99
4339,2026-08-16,5.32,5.36,5.31,5.32,70085,373567.74,,,,render_normalized,tasi_2026-08-14_2026-08-16_20260816T153020395457Z,5392abdf5e4a97362d33f1f6287bf2bc003c7d4bb43d28918b8aa095af9310d7
4339,2026-08-17,5.32,5.33,5.29,5.32,136130,722935.56,,,,render_normalized,tasi_2026-08-17_2026-08-17_20260817T153022794323Z,56ab1200186f32f6bf2b699463f355510bc0a3da931f38c90816013f38a2eaf0
4339,2026-08-18,5.3,5.33,5.22,5.23,1478914,7775295.95,,,,render_normalized,tasi_2026-08-18_2026-08-18_20260818T153020653358Z,1cfd844fc98ba7ee716337d459294e8e314daaa0f85480a8e110399f3a6b856d
4339,2026-08-19,5.23,5.26,5.19,5.2,98202,511830.07,,,,render_normalized,tasi_2026-08-19_2026-08-19_20260819T153022440747Z,c9f50859d8825bb8e17dc890cb696be42681eb6c5d61b3749a33257a86f3517b
4339,2026-08-20,5.21,5.28,5.21,5.26,75294,395548.17,,,,render_normalized,tasi_2026-08-20_2026-08-28_20260827T215758538311Z,7a00d373848e778f83c80f1777575ad48a6a4c0c192fe2e6a4123b56ae26cdee
4339,2026-08-23,5.25,5.26,5.22,5.24,108930,571136.93,,,,render_normalized,tasi_2026-08-20_2026-08-28_20260827T215758538311Z,7a00d373848e778f83c80f1777575ad48a6a4c0c192fe2e6a4123b56ae26cdee
4339,2026-08-24,5.26,5.29,5.23,5.24,48390,254059.2,,,,render_normalized,tasi_2026-08-20_2026-08-28_20260827T215758538311Z,7a00d373848e778f83c80f1777575ad48a6a4c0c192fe2e6a4123b56ae26cdee
4339,2026-08-25,5.27,5.27,5.22,5.22,97462,510670.36,,,,render_normalized,tasi_2026-08-20_2026-08-28_20260827T215758538311Z,7a00d373848e778f83c80f1777575ad48a6a4c0c192fe2e6a4123b56ae26cdee
4339,2026-08-26,5.23,5.29,5.23,5.27,52899,278101.44,,,,render_normalized,tasi_2026-08-20_2026-08-28_20260827T215758538311Z,7a00d373848e778f83c80f1777575ad48a6a4c0c192fe2e6a4123b56ae26cdee
4339,2026-08-27,5.27,5.3,5.24,5.26,36021,189976.61,,,,render_normalized,tasi_2026-08-20_2026-08-28_20260827T215758538311Z,7a00d373848e778f83c80f1777575ad48a6a4c0c192fe2e6a4123b56ae26cdee
4339,2026-08-30,5.25,5.3,5.25,5.28,113374,598711.86,,,,render_normalized,tasi_2026-08-29_2026-08-30_20260830T153021490619Z,40f2932d214f44ed867e412ffba0369130210869179423e6eadc9f965765cdba
4339,2026-08-31,5.28,5.33,5.28,5.3,68188,361408.68,,,,render_normalized,tasi_2026-08-31_2026-08-31_20260831T153022596960Z,374b46eb50c52f8fd4d5c98f4b7cf8e0c79e078fd621a4b30f58d5382471b4af
4340,2026-08-02,8.06,8.14,8.06,8.1,118291,957045.09,,,,render_normalized,tasi_2026-07-31_2026-08-02_20260802T153020127593Z,2eb23ca39fcf0e44fa270e6e4d6a1341261e22b2abfbc789ec2875a29009248b
4340,2026-08-03,8.11,8.13,8.1,8.11,67986,551349.36,,,,render_normalized,tasi_2026-08-03_2026-08-03_20260803T153021496139Z,4b0f0fa9c3b343cf96fecea13101ae13ad2a21806fd55533770061ac5bb0689d
4340,2026-08-04,8.1,8.13,8.06,8.07,155490,1257705.1,,,,render_normalized,tasi_2026-08-04_2026-08-04_20260804T153023696814Z,32de4882671eec0a9062962d0f5591f8e56969b134d0070652d21718d4563e66
4340,2026-08-05,8.07,8.11,8.06,8.07,63460,512489.51,,,,render_normalized,tasi_2026-08-05_2026-08-05_20260805T153024437012Z,9fd93f225e2663ef72017465f1af6b5bb1e9f620c1b69c07a1f0fd54b850091a
4340,2026-08-06,8.07,8.08,8.05,8.06,104297,840532.37,,,,render_normalized,tasi_2026-08-06_2026-08-06_20260806T153021501965Z,6ff377152d0ead67e84f33bc0daa618a818145aa8e2f551c9273431d88ac3851
4340,2026-08-09,8.02,8.06,7.9,8.03,710256,5653936.92,,,,render_normalized,tasi_2026-08-07_2026-08-09_20260809T153020287151Z,d7eb763bea83ef8684d027dfe3fb0fb7c951f2a9c34d7e37300eab6704449ed3
4340,2026-08-10,8.01,8.09,7.9,8.07,519394,4153486.28,,,,render_normalized,tasi_2026-08-10_2026-08-10_20260810T153020102570Z,84d11a25e4f1e5c1fd93cef767caa7b24135f07229eeaeab08169c657f7b53de
4340,2026-08-11,8.05,8.05,7.95,7.99,132662,1062093.64,,,,render_normalized,tasi_2026-08-11_2026-08-11_20260811T153022011718Z,2ca6395fd3fcc72ba670e2961883e5c743cbb0e78c08f0ae926df09c31320865
4340,2026-08-12,7.99,8.05,7.99,8.05,98882,793779.29,,,,render_normalized,tasi_2026-08-12_2026-08-12_20260812T153021905708Z,8862a2d01571a3c9a9cdaef7d6c4c85e805809ad63506c8d9042aff3fa53b579
4340,2026-08-13,8.04,8.04,8.0,8.0,68113,546439.67,,,,render_normalized,tasi_2026-08-13_2026-08-13_20260813T153020777659Z,e0b6e7e97827824585b899f3f5ae2a43f595aeae92435da9a370d3df14b68b99
4340,2026-08-16,8.0,8.04,7.99,8.04,134293,1075064.66,,,,render_normalized,tasi_2026-08-14_2026-08-16_20260816T153020395457Z,5392abdf5e4a97362d33f1f6287bf2bc003c7d4bb43d28918b8aa095af9310d7
4340,2026-08-17,8.03,8.04,7.99,8.01,181307,1452172.82,,,,render_normalized,tasi_2026-08-17_2026-08-17_20260817T153022794323Z,56ab1200186f32f6bf2b699463f355510bc0a3da931f38c90816013f38a2eaf0
4340,2026-08-18,8.0,8.01,7.85,7.89,368689,2921692.64,,,,render_normalized,tasi_2026-08-18_2026-08-18_20260818T153020653358Z,1cfd844fc98ba7ee716337d459294e8e314daaa0f85480a8e110399f3a6b856d
4340,2026-08-19,7.89,7.89,7.82,7.82,215049,1688761.48,,,,render_normalized,tasi_2026-08-19_2026-08-19_20260819T153022440747Z,c9f50859d8825bb8e17dc890cb696be42681eb6c5d61b3749a33257a86f3517b
4340,2026-08-20,7.82,7.94,7.8,7.91,247546,1947850.46,,,,render_normalized,tasi_2026-08-20_2026-08-28_20260827T215758538311Z,7a00d373848e778f83c80f1777575ad48a6a4c0c192fe2e6a4123b56ae26cdee
4340,2026-08-23,7.91,8.0,7.88,7.99,199650,1586340.49,,,,render_normalized,tasi_2026-08-20_2026-08-28_20260827T215758538311Z,7a00d373848e778f83c80f1777575ad48a6a4c0c192fe2e6a4123b56ae26cdee
4340,2026-08-24,7.95,7.99,7.9,7.99,129019,1024530.76,,,,render_normalized,tasi_2026-08-20_2026-08-28_20260827T215758538311Z,7a00d373848e778f83c80f1777575ad48a6a4c0c192fe2e6a4123b56ae26cdee
4340,2026-08-25,7.98,7.98,7.85,7.88,212027,1672590.96,,,,render_normalized,tasi_2026-08-20_2026-08-28_20260827T215758538311Z,7a00d373848e778f83c80f1777575ad48a6a4c0c192fe2e6a4123b56ae26cdee
4340,2026-08-26,7.89,7.89,7.81,7.84,455358,3571527.54,,,,render_normalized,tasi_2026-08-20_2026-08-28_20260827T215758538311Z,7a00d373848e778f83c80f1777575ad48a6a4c0c192fe2e6a4123b56ae26cdee
4340,2026-08-27,7.91,8.04,7.91,7.99,573553,4589949.69,,,,render_normalized,tasi_2026-08-20_2026-08-28_20260827T215758538311Z,7a00d373848e778f83c80f1777575ad48a6a4c0c192fe2e6a4123b56ae26cdee
4340,2026-08-30,8.0,8.03,7.95,8.02,408731,3267241.68,,,,render_normalized,tasi_2026-08-29_2026-08-30_20260830T153021490619Z,40f2932d214f44ed867e412ffba0369130210869179423e6eadc9f965765cdba
4340,2026-08-31,7.95,8.05,7.87,8.05,715860,5706417.71,,,,render_normalized,tasi_2026-08-31_2026-08-31_20260831T153022596960Z,374b46eb50c52f8fd4d5c98f4b7cf8e0c79e078fd621a4b30f58d5382471b4af
4342,2026-08-02,10.19,10.23,10.15,10.19,198573,2021672.62,,,,render_normalized,tasi_2026-07-31_2026-08-02_20260802T153020127593Z,2eb23ca39fcf0e44fa270e6e4d6a1341261e22b2abfbc789ec2875a29009248b
4342,2026-08-03,10.17,10.21,10.15,10.16,257885,2621976.66,,,,render_normalized,tasi_2026-08-03_2026-08-03_20260803T153021496139Z,4b0f0fa9c3b343cf96fecea13101ae13ad2a21806fd55533770061ac5bb0689d
4342,2026-08-04,10.19,10.26,10.16,10.2,407246,4154576.87,,,,render_normalized,tasi_2026-08-04_2026-08-04_20260804T153023696814Z,32de4882671eec0a9062962d0f5591f8e56969b134d0070652d21718d4563e66
4342,2026-08-05,10.18,10.19,10.09,10.1,747167,7574933.89,,,,render_normalized,tasi_2026-08-05_2026-08-05_20260805T153024437012Z,9fd93f225e2663ef72017465f1af6b5bb1e9f620c1b69c07a1f0fd54b850091a
4342,2026-08-06,10.08,10.08,9.94,9.94,773965,7740587.67,,,,render_normalized,tasi_2026-08-06_2026-08-06_20260806T153021501965Z,6ff377152d0ead67e84f33bc0daa618a818145aa8e2f551c9273431d88ac3851
4342,2026-08-09,9.93,9.93,9.86,9.9,573332,5677043.89,,,,render_normalized,tasi_2026-08-07_2026-08-09_20260809T153020287151Z,d7eb763bea83ef8684d027dfe3fb0fb7c951f2a9c34d7e37300eab6704449ed3
4342,2026-08-10,9.88,10.1,9.8,9.99,1266616,12505673.82,,,,render_normalized,tasi_2026-08-10_2026-08-10_20260810T153020102570Z,84d11a25e4f1e5c1fd93cef767caa7b24135f07229eeaeab08169c657f7b53de
4342,2026-08-11,10.0,10.07,9.93,9.98,572446,5715281.32,,,,render_normalized,tasi_2026-08-11_2026-08-11_20260811T153022011718Z,2ca6395fd3fcc72ba670e2961883e5c743cbb0e78c08f0ae926df09c31320865
4342,2026-08-12,10.0,10.0,9.91,9.91,798054,7938352.91,,,,render_normalized,tasi_2026-08-12_2026-08-12_20260812T153021905708Z,8862a2d01571a3c9a9cdaef7d6c4c85e805809ad63506c8d9042aff3fa53b579
4342,2026-08-13,9.91,9.91,9.76,9.83,760995,7480300.05,,,,render_normalized,tasi_2026-08-13_2026-08-13_20260813T153020777659Z,e0b6e7e97827824585b899f3f5ae2a43f595aeae92435da9a370d3df14b68b99
4342,2026-08-16,9.85,9.86,9.79,9.8,218654,2146724.67,,,,render_normalized,tasi_2026-08-14_2026-08-16_20260816T153020395457Z,5392abdf5e4a97362d33f1f6287bf2bc003c7d4bb43d28918b8aa095af9310d7
4342,2026-08-17,9.89,10.18,9.89,10.05,687669,6922979.24,,,,render_normalized,tasi_2026-08-17_2026-08-17_20260817T153022794323Z,56ab1200186f32f6bf2b699463f355510bc0a3da931f38c90816013f38a2eaf0
4342,2026-08-18,10.0,10.01,9.92,9.93,575223,5725105.26,,,,render_normalized,tasi_2026-08-18_2026-08-18_20260818T153020653358Z,1cfd844fc98ba7ee716337d459294e8e314daaa0f85480a8e110399f3a6b856d
4342,2026-08-19,9.95,9.97,9.82,9.83,553837,5463942.35,,,,render_normalized,tasi_2026-08-19_2026-08-19_20260819T153022440747Z,c9f50859d8825bb8e17dc890cb696be42681eb6c5d61b3749a33257a86f3517b
4342,2026-08-20,9.84,9.95,9.83,9.88,300978,2979204.08,,,,render_normalized,tasi_2026-08-20_2026-08-28_20260827T215758538311Z,7a00d373848e778f83c80f1777575ad48a6a4c0c192fe2e6a4123b56ae26cdee
4342,2026-08-23,9.8,9.86,9.78,9.83,567396,5566448.04,,,,render_normalized,tasi_2026-08-20_2026-08-28_20260827T215758538311Z,7a00d373848e778f83c80f1777575ad48a6a4c0c192fe2e6a4123b56ae26cdee
4342,2026-08-24,9.83,9.85,9.62,9.64,1424545,13798936.6,,,,render_normalized,tasi_2026-08-20_2026-08-28_20260827T215758538311Z,7a00d373848e778f83c80f1777575ad48a6a4c0c192fe2e6a4123b56ae26cdee
4342,2026-08-25,9.62,9.69,9.58,9.62,378596,3641505.14,,,,render_normalized,tasi_2026-08-20_2026-08-28_20260827T215758538311Z,7a00d373848e778f83c80f1777575ad48a6a4c0c192fe2e6a4123b56ae26cdee
4342,2026-08-26,9.64,9.74,9.59,9.74,498376,4816192.99,,,,render_normalized,tasi_2026-08-20_2026-08-28_20260827T215758538311Z,7a00d373848e778f83c80f1777575ad48a6a4c0c192fe2e6a4123b56ae26cdee
4342,2026-08-27,9.75,9.81,9.75,9.78,466112,4560562.88,,,,render_normalized,tasi_2026-08-20_2026-08-28_20260827T215758538311Z,7a00d373848e778f83c80f1777575ad48a6a4c0c192fe2e6a4123b56ae26cdee
4342,2026-08-30,9.77,9.81,9.72,9.72,310062,3022999.39,,,,render_normalized,tasi_2026-08-29_2026-08-30_20260830T153021490619Z,40f2932d214f44ed867e412ffba0369130210869179423e6eadc9f965765cdba
4342,2026-08-31,9.72,9.77,9.6,9.6,4531819,43550037.37,,,,render_normalized,tasi_2026-08-31_2026-08-31_20260831T153022596960Z,374b46eb50c52f8fd4d5c98f4b7cf8e0c79e078fd621a4b30f58d5382471b4af
4344,2026-08-02,7.7,7.71,7.5,7.5,142742,1079779.26,,,,render_normalized,tasi_2026-07-31_2026-08-02_20260802T153020127593Z,2eb23ca39fcf0e44fa270e6e4d6a1341261e22b2abfbc789ec2875a29009248b
4344,2026-08-03,7.49,7.56,7.45,7.5,238810,1793029.96,,,,render_normalized,tasi_2026-08-03_2026-08-03_20260803T153021496139Z,4b0f0fa9c3b343cf96fecea13101ae13ad2a21806fd55533770061ac5bb0689d
4344,2026-08-04,7.5,7.59,7.42,7.44,200827,1498936.41,,,,render_normalized,tasi_2026-08-04_2026-08-04_20260804T153023696814Z,32de4882671eec0a9062962d0f5591f8e56969b134d0070652d21718d4563e66
4344,2026-08-05,7.44,7.48,7.4,7.42,162944,1209907.72,,,,render_normalized,tasi_2026-08-05_2026-08-05_20260805T153024437012Z,9fd93f225e2663ef72017465f1af6b5bb1e9f620c1b69c07a1f0fd54b850091a
4344,2026-08-06,7.4,7.45,7.35,7.42,255988,1895385.78,,,,render_normalized,tasi_2026-08-06_2026-08-06_20260806T153021501965Z,6ff377152d0ead67e84f33bc0daa618a818145aa8e2f551c9273431d88ac3851
4344,2026-08-09,7.4,7.5,7.37,7.45,205268,1525015.89,,,,render_normalized,tasi_2026-08-07_2026-08-09_20260809T153020287151Z,d7eb763bea83ef8684d027dfe3fb0fb7c951f2a9c34d7e37300eab6704449ed3
4344,2026-08-10,7.49,7.49,7.35,7.37,106407,785871.8,,,,render_normalized,tasi_2026-08-10_2026-08-10_20260810T153020102570Z,84d11a25e4f1e5c1fd93cef767caa7b24135f07229eeaeab08169c657f7b53de
4344,2026-08-11,7.37,7.57,7.37,7.55,72885,545749.65,,,,render_normalized,tasi_2026-08-11_2026-08-11_20260811T153022011718Z,2ca6395fd3fcc72ba670e2961883e5c743cbb0e78c08f0ae926df09c31320865
4344,2026-08-12,7.55,7.66,7.5,7.6,233316,1765983.29,,,,render_normalized,tasi_2026-08-12_2026-08-12_20260812T153021905708Z,8862a2d01571a3c9a9cdaef7d6c4c85e805809ad63506c8d9042aff3fa53b579
4344,2026-08-13,7.56,7.58,7.47,7.51,175625,1320742.27,,,,render_normalized,tasi_2026-08-13_2026-08-13_20260813T153020777659Z,e0b6e7e97827824585b899f3f5ae2a43f595aeae92435da9a370d3df14b68b99
4344,2026-08-16,7.57,7.64,7.54,7.64,155704,1181075.35,,,,render_normalized,tasi_2026-08-14_2026-08-16_20260816T153020395457Z,5392abdf5e4a97362d33f1f6287bf2bc003c7d4bb43d28918b8aa095af9310d7
4344,2026-08-17,7.64,7.72,7.55,7.58,178914,1361132.59,,,,render_normalized,tasi_2026-08-17_2026-08-17_20260817T153022794323Z,56ab1200186f32f6bf2b699463f355510bc0a3da931f38c90816013f38a2eaf0
4344,2026-08-18,7.56,7.58,7.28,7.33,260387,1928347.2,,,,render_normalized,tasi_2026-08-18_2026-08-18_20260818T153020653358Z,1cfd844fc98ba7ee716337d459294e8e314daaa0f85480a8e110399f3a6b856d
4344,2026-08-19,7.33,7.33,7.2,7.2,74015,537715.09,,,,render_normalized,tasi_2026-08-19_2026-08-19_20260819T153022440747Z,c9f50859d8825bb8e17dc890cb696be42681eb6c5d61b3749a33257a86f3517b
4344,2026-08-20,7.2,7.27,7.17,7.25,201265,1453312.47,,,,render_normalized,tasi_2026-08-20_2026-08-28_20260827T215758538311Z,7a00d373848e778f83c80f1777575ad48a6a4c0c192fe2e6a4123b56ae26cdee
4344,2026-08-23,7.25,7.35,7.18,7.23,285663,2074986.79,,,,render_normalized,tasi_2026-08-20_2026-08-28_20260827T215758538311Z,7a00d373848e778f83c80f1777575ad48a6a4c0c192fe2e6a4123b56ae26cdee
4344,2026-08-24,7.2,7.24,7.15,7.24,337637,2430800.92,,,,render_normalized,tasi_2026-08-20_2026-08-28_20260827T215758538311Z,7a00d373848e778f83c80f1777575ad48a6a4c0c192fe2e6a4123b56ae26cdee
4344,2026-08-25,7.24,7.42,7.23,7.4,309917,2279154.01,,,,render_normalized,tasi_2026-08-20_2026-08-28_20260827T215758538311Z,7a00d373848e778f83c80f1777575ad48a6a4c0c192fe2e6a4123b56ae26cdee
4344,2026-08-26,7.41,7.5,7.39,7.41,266955,1986837.55,,,,render_normalized,tasi_2026-08-20_2026-08-28_20260827T215758538311Z,7a00d373848e778f83c80f1777575ad48a6a4c0c192fe2e6a4123b56ae26cdee
4344,2026-08-27,7.44,7.44,7.38,7.38,111209,824729.18,,,,render_normalized,tasi_2026-08-20_2026-08-28_20260827T215758538311Z,7a00d373848e778f83c80f1777575ad48a6a4c0c192fe2e6a4123b56ae26cdee
4344,2026-08-30,7.38,7.43,7.3,7.33,144951,1067268.51,,,,render_normalized,tasi_2026-08-29_2026-08-30_20260830T153021490619Z,40f2932d214f44ed867e412ffba0369130210869179423e6eadc9f965765cdba
4344,2026-08-31,7.34,7.35,7.29,7.3,172458,1261007.55,,,,render_normalized,tasi_2026-08-31_2026-08-31_20260831T153022596960Z,374b46eb50c52f8fd4d5c98f4b7cf8e0c79e078fd621a4b30f58d5382471b4af
4345,2026-08-02,4.72,4.8,4.72,4.8,122492,585579.19,,,,render_normalized,tasi_2026-07-31_2026-08-02_20260802T153020127593Z,2eb23ca39fcf0e44fa270e6e4d6a1341261e22b2abfbc789ec2875a29009248b
4345,2026-08-03,4.81,4.84,4.78,4.84,163810,788825.74,,,,render_normalized,tasi_2026-08-03_2026-08-03_20260803T153021496139Z,4b0f0fa9c3b343cf96fecea13101ae13ad2a21806fd55533770061ac5bb0689d
4345,2026-08-04,4.84,4.84,4.77,4.78,461308,2214415.83,,,,render_normalized,tasi_2026-08-04_2026-08-04_20260804T153023696814Z,32de4882671eec0a9062962d0f5591f8e56969b134d0070652d21718d4563e66
4345,2026-08-05,4.78,4.81,4.7,4.73,414350,1961887.58,,,,render_normalized,tasi_2026-08-05_2026-08-05_20260805T153024437012Z,9fd93f225e2663ef72017465f1af6b5bb1e9f620c1b69c07a1f0fd54b850091a
4345,2026-08-06,4.7,4.74,4.65,4.69,792066,3715700.54,,,,render_normalized,tasi_2026-08-06_2026-08-06_20260806T153021501965Z,6ff377152d0ead67e84f33bc0daa618a818145aa8e2f551c9273431d88ac3851
4345,2026-08-09,4.67,4.74,4.67,4.72,138988,653399.72,,,,render_normalized,tasi_2026-08-07_2026-08-09_20260809T153020287151Z,d7eb763bea83ef8684d027dfe3fb0fb7c951f2a9c34d7e37300eab6704449ed3
4345,2026-08-10,4.71,4.72,4.69,4.72,62419,293949.77,,,,render_normalized,tasi_2026-08-10_2026-08-10_20260810T153020102570Z,84d11a25e4f1e5c1fd93cef767caa7b24135f07229eeaeab08169c657f7b53de
4345,2026-08-11,4.72,4.73,4.65,4.65,175846,822953.39,,,,render_normalized,tasi_2026-08-11_2026-08-11_20260811T153022011718Z,2ca6395fd3fcc72ba670e2961883e5c743cbb0e78c08f0ae926df09c31320865
4345,2026-08-12,4.63,4.7,4.63,4.67,126273,589865.09,,,,render_normalized,tasi_2026-08-12_2026-08-12_20260812T153021905708Z,8862a2d01571a3c9a9cdaef7d6c4c85e805809ad63506c8d9042aff3fa53b579
4345,2026-08-13,4.65,4.69,4.65,4.66,112178,522761.39,,,,render_normalized,tasi_2026-08-13_2026-08-13_20260813T153020777659Z,e0b6e7e97827824585b899f3f5ae2a43f595aeae92435da9a370d3df14b68b99
4345,2026-08-16,4.66,4.69,4.62,4.67,428142,1994917.84,,,,render_normalized,tasi_2026-08-14_2026-08-16_20260816T153020395457Z,5392abdf5e4a97362d33f1f6287bf2bc003c7d4bb43d28918b8aa095af9310d7
4345,2026-08-17,4.68,4.69,4.62,4.65,411020,1912111.91,,,,render_normalized,tasi_2026-08-17_2026-08-17_20260817T153022794323Z,56ab1200186f32f6bf2b699463f355510bc0a3da931f38c90816013f38a2eaf0
4345,2026-08-18,4.65,4.66,4.59,4.62,516493,2385301.68,,,,render_normalized,tasi_2026-08-18_2026-08-18_20260818T153020653358Z,1cfd844fc98ba7ee716337d459294e8e314daaa0f85480a8e110399f3a6b856d
4345,2026-08-19,4.61,4.63,4.58,4.59,197394,908347.52,,,,render_normalized,tasi_2026-08-19_2026-08-19_20260819T153022440747Z,c9f50859d8825bb8e17dc890cb696be42681eb6c5d61b3749a33257a86f3517b
4345,2026-08-20,4.59,4.65,4.58,4.6,223741,1031315.44,,,,render_normalized,tasi_2026-08-20_2026-08-28_20260827T215758538311Z,7a00d373848e778f83c80f1777575ad48a6a4c0c192fe2e6a4123b56ae26cdee
4345,2026-08-23,4.63,4.64,4.6,4.64,148817,687312.52,,,,render_normalized,tasi_2026-08-20_2026-08-28_20260827T215758538311Z,7a00d373848e778f83c80f1777575ad48a6a4c0c192fe2e6a4123b56ae26cdee
4345,2026-08-24,4.65,4.67,4.64,4.65,374516,1745098.56,,,,render_normalized,tasi_2026-08-20_2026-08-28_20260827T215758538311Z,7a00d373848e778f83c80f1777575ad48a6a4c0c192fe2e6a4123b56ae26cdee
4345,2026-08-25,4.67,4.71,4.67,4.69,138104,646734.64,,,,render_normalized,tasi_2026-08-20_2026-08-28_20260827T215758538311Z,7a00d373848e778f83c80f1777575ad48a6a4c0c192fe2e6a4123b56ae26cdee
4345,2026-08-26,4.69,4.71,4.66,4.69,217730,1018499.26,,,,render_normalized,tasi_2026-08-20_2026-08-28_20260827T215758538311Z,7a00d373848e778f83c80f1777575ad48a6a4c0c192fe2e6a4123b56ae26cdee
4345,2026-08-27,4.69,4.7,4.66,4.67,133252,624371.74,,,,render_normalized,tasi_2026-08-20_2026-08-28_20260827T215758538311Z,7a00d373848e778f83c80f1777575ad48a6a4c0c192fe2e6a4123b56ae26cdee
4345,2026-08-30,4.67,4.72,4.67,4.68,283189,1327371.0,,,,render_normalized,tasi_2026-08-29_2026-08-30_20260830T153021490619Z,40f2932d214f44ed867e412ffba0369130210869179423e6eadc9f965765cdba
4345,2026-08-31,4.65,4.71,4.65,4.68,117501,551231.67,,,,render_normalized,tasi_2026-08-31_2026-08-31_20260831T153022596960Z,374b46eb50c52f8fd4d5c98f4b7cf8e0c79e078fd621a4b30f58d5382471b4af
4346,2026-08-02,3.35,3.35,3.29,3.33,52300,173443.61,,,,render_normalized,tasi_2026-07-31_2026-08-02_20260802T153020127593Z,2eb23ca39fcf0e44fa270e6e4d6a1341261e22b2abfbc789ec2875a29009248b
4346,2026-08-03,3.32,3.34,3.31,3.33,21655,72041.3,,,,render_normalized,tasi_2026-08-03_2026-08-03_20260803T153021496139Z,4b0f0fa9c3b343cf96fecea13101ae13ad2a21806fd55533770061ac5bb0689d
4346,2026-08-04,3.34,3.35,3.32,3.35,48656,162458.35,,,,render_normalized,tasi_2026-08-04_2026-08-04_20260804T153023696814Z,32de4882671eec0a9062962d0f5591f8e56969b134d0070652d21718d4563e66
4346,2026-08-05,3.33,3.35,3.3,3.3,183449,606348.56,,,,render_normalized,tasi_2026-08-05_2026-08-05_20260805T153024437012Z,9fd93f225e2663ef72017465f1af6b5bb1e9f620c1b69c07a1f0fd54b850091a
4346,2026-08-06,3.33,3.33,3.27,3.3,96095,315968.67,,,,render_normalized,tasi_2026-08-06_2026-08-06_20260806T153021501965Z,6ff377152d0ead67e84f33bc0daa618a818145aa8e2f551c9273431d88ac3851
4346,2026-08-09,3.3,3.31,3.27,3.31,98432,323073.59,,,,render_normalized,tasi_2026-08-07_2026-08-09_20260809T153020287151Z,d7eb763bea83ef8684d027dfe3fb0fb7c951f2a9c34d7e37300eab6704449ed3
4346,2026-08-10,3.31,3.31,3.28,3.3,57750,190019.52,,,,render_normalized,tasi_2026-08-10_2026-08-10_20260810T153020102570Z,84d11a25e4f1e5c1fd93cef767caa7b24135f07229eeaeab08169c657f7b53de
4346,2026-08-11,3.28,3.3,3.27,3.3,64201,210710.36,,,,render_normalized,tasi_2026-08-11_2026-08-11_20260811T153022011718Z,2ca6395fd3fcc72ba670e2961883e5c743cbb0e78c08f0ae926df09c31320865
4346,2026-08-12,3.3,3.33,3.27,3.32,67266,222801.32,,,,render_normalized,tasi_2026-08-12_2026-08-12_20260812T153021905708Z,8862a2d01571a3c9a9cdaef7d6c4c85e805809ad63506c8d9042aff3fa53b579
4346,2026-08-13,3.31,3.31,3.27,3.28,82984,273353.45,,,,render_normalized,tasi_2026-08-13_2026-08-13_20260813T153020777659Z,e0b6e7e97827824585b899f3f5ae2a43f595aeae92435da9a370d3df14b68b99
4346,2026-08-16,3.29,3.32,3.28,3.32,23083,76259.62,,,,render_normalized,tasi_2026-08-14_2026-08-16_20260816T153020395457Z,5392abdf5e4a97362d33f1f6287bf2bc003c7d4bb43d28918b8aa095af9310d7
4346,2026-08-17,3.31,3.31,3.27,3.3,44675,146706.01,,,,render_normalized,tasi_2026-08-17_2026-08-17_20260817T153022794323Z,56ab1200186f32f6bf2b699463f355510bc0a3da931f38c90816013f38a2eaf0
4346,2026-08-18,3.29,3.31,3.28,3.29,57992,190730.36,,,,render_normalized,tasi_2026-08-18_2026-08-18_20260818T153020653358Z,1cfd844fc98ba7ee716337d459294e8e314daaa0f85480a8e110399f3a6b856d
4346,2026-08-19,3.3,3.31,3.28,3.3,28345,93191.52,,,,render_normalized,tasi_2026-08-19_2026-08-19_20260819T153022440747Z,c9f50859d8825bb8e17dc890cb696be42681eb6c5d61b3749a33257a86f3517b
4346,2026-08-20,3.27,3.32,3.27,3.31,131614,432168.92,,,,render_normalized,tasi_2026-08-20_2026-08-28_20260827T215758538311Z,7a00d373848e778f83c80f1777575ad48a6a4c0c192fe2e6a4123b56ae26cdee
4346,2026-08-23,3.31,3.31,3.28,3.31,42861,141157.57,,,,render_normalized,tasi_2026-08-20_2026-08-28_20260827T215758538311Z,7a00d373848e778f83c80f1777575ad48a6a4c0c192fe2e6a4123b56ae26cdee
4346,2026-08-24,3.3,3.31,3.26,3.3,191118,627771.79,,,,render_normalized,tasi_2026-08-20_2026-08-28_20260827T215758538311Z,7a00d373848e778f83c80f1777575ad48a6a4c0c192fe2e6a4123b56ae26cdee
4346,2026-08-25,3.3,3.3,3.27,3.3,36196,118891.67,,,,render_normalized,tasi_2026-08-20_2026-08-28_20260827T215758538311Z,7a00d373848e778f83c80f1777575ad48a6a4c0c192fe2e6a4123b56ae26cdee
4346,2026-08-26,3.3,3.33,3.28,3.33,115847,383342.27,,,,render_normalized,tasi_2026-08-20_2026-08-28_20260827T215758538311Z,7a00d373848e778f83c80f1777575ad48a6a4c0c192fe2e6a4123b56ae26cdee
4346,2026-08-27,3.32,3.36,3.3,3.36,154485,516078.02,,,,render_normalized,tasi_2026-08-20_2026-08-28_20260827T215758538311Z,7a00d373848e778f83c80f1777575ad48a6a4c0c192fe2e6a4123b56ae26cdee
4346,2026-08-30,3.36,3.36,3.3,3.35,167800,557648.28,,,,render_normalized,tasi_2026-08-29_2026-08-30_20260830T153021490619Z,40f2932d214f44ed867e412ffba0369130210869179423e6eadc9f965765cdba
4346,2026-08-31,3.34,3.35,3.29,3.32,40413,133783.31,,,,render_normalized,tasi_2026-08-31_2026-08-31_20260831T153022596960Z,374b46eb50c52f8fd4d5c98f4b7cf8e0c79e078fd621a4b30f58d5382471b4af
4347,2026-08-02,10.15,10.15,9.98,10.04,110655,1111537.58,,,,render_normalized,tasi_2026-07-31_2026-08-02_20260802T153020127593Z,2eb23ca39fcf0e44fa270e6e4d6a1341261e22b2abfbc789ec2875a29009248b
4347,2026-08-03,10.04,10.15,10.04,10.12,84142,850752.64,,,,render_normalized,tasi_2026-08-03_2026-08-03_20260803T153021496139Z,4b0f0fa9c3b343cf96fecea13101ae13ad2a21806fd55533770061ac5bb0689d
4347,2026-08-04,10.1,10.12,9.95,9.96,335960,3356736.15,,,,render_normalized,tasi_2026-08-04_2026-08-04_20260804T153023696814Z,32de4882671eec0a9062962d0f5591f8e56969b134d0070652d21718d4563e66
4347,2026-08-05,9.96,9.98,9.87,9.92,110662,1095859.29,,,,render_normalized,tasi_2026-08-05_2026-08-05_20260805T153024437012Z,9fd93f225e2663ef72017465f1af6b5bb1e9f620c1b69c07a1f0fd54b850091a
4347,2026-08-06,9.9,9.9,9.77,9.77,412450,4064853.37,,,,render_normalized,tasi_2026-08-06_2026-08-06_20260806T153021501965Z,6ff377152d0ead67e84f33bc0daa618a818145aa8e2f551c9273431d88ac3851
4347,2026-08-09,9.71,9.74,9.66,9.67,235778,2285755.83,,,,render_normalized,tasi_2026-08-07_2026-08-09_20260809T153020287151Z,d7eb763bea83ef8684d027dfe3fb0fb7c951f2a9c34d7e37300eab6704449ed3
4347,2026-08-10,9.65,9.79,9.57,9.78,586902,5641052.71,,,,render_normalized,tasi_2026-08-10_2026-08-10_20260810T153020102570Z,84d11a25e4f1e5c1fd93cef767caa7b24135f07229eeaeab08169c657f7b53de
4347,2026-08-11,9.8,9.93,9.72,9.73,78875,771796.57,,,,render_normalized,tasi_2026-08-11_2026-08-11_20260811T153022011718Z,2ca6395fd3fcc72ba670e2961883e5c743cbb0e78c08f0ae926df09c31320865
4347,2026-08-12,9.73,9.93,9.73,9.83,88856,874610.51,,,,render_normalized,tasi_2026-08-12_2026-08-12_20260812T153021905708Z,8862a2d01571a3c9a9cdaef7d6c4c85e805809ad63506c8d9042aff3fa53b579
4347,2026-08-13,9.84,9.86,9.7,9.73,80239,786416.63,,,,render_normalized,tasi_2026-08-13_2026-08-13_20260813T153020777659Z,e0b6e7e97827824585b899f3f5ae2a43f595aeae92435da9a370d3df14b68b99
4347,2026-08-16,9.75,9.93,9.75,9.91,53295,527165.9,,,,render_normalized,tasi_2026-08-14_2026-08-16_20260816T153020395457Z,5392abdf5e4a97362d33f1f6287bf2bc003c7d4bb43d28918b8aa095af9310d7
4347,2026-08-17,9.91,9.93,9.85,9.9,36024,355778.17,,,,render_normalized,tasi_2026-08-17_2026-08-17_20260817T153022794323Z,56ab1200186f32f6bf2b699463f355510bc0a3da931f38c90816013f38a2eaf0
4347,2026-08-18,9.82,9.87,9.75,9.75,71593,702213.45,,,,render_normalized,tasi_2026-08-18_2026-08-18_20260818T153020653358Z,1cfd844fc98ba7ee716337d459294e8e314daaa0f85480a8e110399f3a6b856d
4347,2026-08-19,9.75,9.82,9.71,9.8,53274,519139.45,,,,render_normalized,tasi_2026-08-19_2026-08-19_20260819T153022440747Z,c9f50859d8825bb8e17dc890cb696be42681eb6c5d61b3749a33257a86f3517b
4347,2026-08-20,9.84,9.85,9.79,9.85,57068,560428.9,,,,render_normalized,tasi_2026-08-20_2026-08-28_20260827T215758538311Z,7a00d373848e778f83c80f1777575ad48a6a4c0c192fe2e6a4123b56ae26cdee
4347,2026-08-23,9.85,9.91,9.8,9.89,109021,1074214.42,,,,render_normalized,tasi_2026-08-20_2026-08-28_20260827T215758538311Z,7a00d373848e778f83c80f1777575ad48a6a4c0c192fe2e6a4123b56ae26cdee
4347,2026-08-24,9.85,9.92,9.8,9.9,46509,458019.38,,,,render_normalized,tasi_2026-08-20_2026-08-28_20260827T215758538311Z,7a00d373848e778f83c80f1777575ad48a6a4c0c192fe2e6a4123b56ae26cdee
4347,2026-08-25,9.77,9.88,9.77,9.85,62792,616797.5,,,,render_normalized,tasi_2026-08-20_2026-08-28_20260827T215758538311Z,7a00d373848e778f83c80f1777575ad48a6a4c0c192fe2e6a4123b56ae26cdee
4347,2026-08-26,9.85,9.9,9.8,9.8,53446,527222.68,,,,render_normalized,tasi_2026-08-20_2026-08-28_20260827T215758538311Z,7a00d373848e778f83c80f1777575ad48a6a4c0c192fe2e6a4123b56ae26cdee
4347,2026-08-27,9.82,9.89,9.82,9.83,55437,547187.43,,,,render_normalized,tasi_2026-08-20_2026-08-28_20260827T215758538311Z,7a00d373848e778f83c80f1777575ad48a6a4c0c192fe2e6a4123b56ae26cdee
4347,2026-08-30,9.83,9.9,9.83,9.85,27876,274641.52,,,,render_normalized,tasi_2026-08-29_2026-08-30_20260830T153021490619Z,40f2932d214f44ed867e412ffba0369130210869179423e6eadc9f965765cdba
4347,2026-08-31,9.87,9.9,9.83,9.89,106949,1056389.54,,,,render_normalized,tasi_2026-08-31_2026-08-31_20260831T153022596960Z,374b46eb50c52f8fd4d5c98f4b7cf8e0c79e078fd621a4b30f58d5382471b4af
4348,2026-08-02,5.73,5.74,5.71,5.73,65071,372555.53,,,,render_normalized,tasi_2026-07-31_2026-08-02_20260802T153020127593Z,2eb23ca39fcf0e44fa270e6e4d6a1341261e22b2abfbc789ec2875a29009248b
4348,2026-08-03,5.73,5.74,5.71,5.73,87619,501652.94,,,,render_normalized,tasi_2026-08-03_2026-08-03_20260803T153021496139Z,4b0f0fa9c3b343cf96fecea13101ae13ad2a21806fd55533770061ac5bb0689d
4348,2026-08-04,5.72,5.74,5.71,5.73,125774,720210.64,,,,render_normalized,tasi_2026-08-04_2026-08-04_20260804T153023696814Z,32de4882671eec0a9062962d0f5591f8e56969b134d0070652d21718d4563e66
4348,2026-08-05,5.73,5.74,5.71,5.71,65787,376510.04,,,,render_normalized,tasi_2026-08-05_2026-08-05_20260805T153024437012Z,9fd93f225e2663ef72017465f1af6b5bb1e9f620c1b69c07a1f0fd54b850091a
4348,2026-08-06,5.72,5.74,5.7,5.71,69061,394633.15,,,,render_normalized,tasi_2026-08-06_2026-08-06_20260806T153021501965Z,6ff377152d0ead67e84f33bc0daa618a818145aa8e2f551c9273431d88ac3851
4348,2026-08-09,5.73,5.73,5.69,5.71,399609,2284371.58,,,,render_normalized,tasi_2026-08-07_2026-08-09_20260809T153020287151Z,d7eb763bea83ef8684d027dfe3fb0fb7c951f2a9c34d7e37300eab6704449ed3
4348,2026-08-10,5.71,5.73,5.69,5.73,179475,1025150.26,,,,render_normalized,tasi_2026-08-10_2026-08-10_20260810T153020102570Z,84d11a25e4f1e5c1fd93cef767caa7b24135f07229eeaeab08169c657f7b53de
4348,2026-08-11,5.73,5.74,5.69,5.72,152150,869465.09,,,,render_normalized,tasi_2026-08-11_2026-08-11_20260811T153022011718Z,2ca6395fd3fcc72ba670e2961883e5c743cbb0e78c08f0ae926df09c31320865
4348,2026-08-12,5.65,5.65,5.6,5.62,268705,1509892.42,,,,render_normalized,tasi_2026-08-12_2026-08-12_20260812T153021905708Z,8862a2d01571a3c9a9cdaef7d6c4c85e805809ad63506c8d9042aff3fa53b579
4348,2026-08-13,5.62,5.64,5.61,5.64,117277,658876.2,,,,render_normalized,tasi_2026-08-13_2026-08-13_20260813T153020777659Z,e0b6e7e97827824585b899f3f5ae2a43f595aeae92435da9a370d3df14b68b99
4348,2026-08-16,5.64,5.64,5.62,5.63,137912,775610.41,,,,render_normalized,tasi_2026-08-14_2026-08-16_20260816T153020395457Z,5392abdf5e4a97362d33f1f6287bf2bc003c7d4bb43d28918b8aa095af9310d7
4348,2026-08-17,5.63,5.68,5.62,5.66,85577,483363.84,,,,render_normalized,tasi_2026-08-17_2026-08-17_20260817T153022794323Z,56ab1200186f32f6bf2b699463f355510bc0a3da931f38c90816013f38a2eaf0
4348,2026-08-18,5.64,5.65,5.62,5.64,158298,892595.22,,,,render_normalized,tasi_2026-08-18_2026-08-18_20260818T153020653358Z,1cfd844fc98ba7ee716337d459294e8e314daaa0f85480a8e110399f3a6b856d
4348,2026-08-19,5.64,5.65,5.62,5.62,38510,216645.67,,,,render_normalized,tasi_2026-08-19_2026-08-19_20260819T153022440747Z,c9f50859d8825bb8e17dc890cb696be42681eb6c5d61b3749a33257a86f3517b
4348,2026-08-20,5.62,5.64,5.62,5.62,84431,475133.73,,,,render_normalized,tasi_2026-08-20_2026-08-28_20260827T215758538311Z,7a00d373848e778f83c80f1777575ad48a6a4c0c192fe2e6a4123b56ae26cdee
4348,2026-08-23,5.62,5.66,5.61,5.63,145085,816256.15,,,,render_normalized,tasi_2026-08-20_2026-08-28_20260827T215758538311Z,7a00d373848e778f83c80f1777575ad48a6a4c0c192fe2e6a4123b56ae26cdee
4348,2026-08-24,5.63,5.65,5.62,5.63,123435,694350.32,,,,render_normalized,tasi_2026-08-20_2026-08-28_20260827T215758538311Z,7a00d373848e778f83c80f1777575ad48a6a4c0c192fe2e6a4123b56ae26cdee
4348,2026-08-25,5.63,5.64,5.6,5.61,97289,546322.2,,,,render_normalized,tasi_2026-08-20_2026-08-28_20260827T215758538311Z,7a00d373848e778f83c80f1777575ad48a6a4c0c192fe2e6a4123b56ae26cdee
4348,2026-08-26,5.62,5.64,5.61,5.63,69320,389743.46,,,,render_normalized,tasi_2026-08-20_2026-08-28_20260827T215758538311Z,7a00d373848e778f83c80f1777575ad48a6a4c0c192fe2e6a4123b56ae26cdee
4348,2026-08-27,5.63,5.65,5.61,5.61,183853,1035011.05,,,,render_normalized,tasi_2026-08-20_2026-08-28_20260827T215758538311Z,7a00d373848e778f83c80f1777575ad48a6a4c0c192fe2e6a4123b56ae26cdee
4348,2026-08-30,5.62,5.67,5.62,5.65,211154,1193243.07,,,,render_normalized,tasi_2026-08-29_2026-08-30_20260830T153021490619Z,40f2932d214f44ed867e412ffba0369130210869179423e6eadc9f965765cdba
4348,2026-08-31,5.62,5.66,5.62,5.64,119960,676141.93,,,,render_normalized,tasi_2026-08-31_2026-08-31_20260831T153022596960Z,374b46eb50c52f8fd4d5c98f4b7cf8e0c79e078fd621a4b30f58d5382471b4af
4349,2026-08-02,8.03,8.08,8.02,8.08,39705,319524.45,,,,render_normalized,tasi_2026-07-31_2026-08-02_20260802T153020127593Z,2eb23ca39fcf0e44fa270e6e4d6a1341261e22b2abfbc789ec2875a29009248b
4349,2026-08-03,8.08,8.09,8.06,8.08,72101,582807.57,,,,render_normalized,tasi_2026-08-03_2026-08-03_20260803T153021496139Z,4b0f0fa9c3b343cf96fecea13101ae13ad2a21806fd55533770061ac5bb0689d
4349,2026-08-04,8.08,8.09,8.02,8.06,469233,3777234.35,,,,render_normalized,tasi_2026-08-04_2026-08-04_20260804T153023696814Z,32de4882671eec0a9062962d0f5591f8e56969b134d0070652d21718d4563e66
4349,2026-08-05,8.06,8.07,8.01,8.05,372274,2988351.05,,,,render_normalized,tasi_2026-08-05_2026-08-05_20260805T153024437012Z,9fd93f225e2663ef72017465f1af6b5bb1e9f620c1b69c07a1f0fd54b850091a
4349,2026-08-06,8.05,8.07,8.05,8.05,184157,1484134.42,,,,render_normalized,tasi_2026-08-06_2026-08-06_20260806T153021501965Z,6ff377152d0ead67e84f33bc0daa618a818145aa8e2f551c9273431d88ac3851
4349,2026-08-09,8.02,8.06,7.99,8.0,296782,2377811.31,,,,render_normalized,tasi_2026-08-07_2026-08-09_20260809T153020287151Z,d7eb763bea83ef8684d027dfe3fb0fb7c951f2a9c34d7e37300eab6704449ed3
4349,2026-08-10,7.99,8.0,7.94,7.95,482789,3846786.06,,,,render_normalized,tasi_2026-08-10_2026-08-10_20260810T153020102570Z,84d11a25e4f1e5c1fd93cef767caa7b24135f07229eeaeab08169c657f7b53de
4349,2026-08-11,7.99,7.99,7.94,7.96,158864,1264118.68,,,,render_normalized,tasi_2026-08-11_2026-08-11_20260811T153022011718Z,2ca6395fd3fcc72ba670e2961883e5c743cbb0e78c08f0ae926df09c31320865
4349,2026-08-12,7.96,7.99,7.93,7.95,189329,1504795.72,,,,render_normalized,tasi_2026-08-12_2026-08-12_20260812T153021905708Z,8862a2d01571a3c9a9cdaef7d6c4c85e805809ad63506c8d9042aff3fa53b579
4349,2026-08-13,7.95,8.02,7.93,8.0,159175,1265013.92,,,,render_normalized,tasi_2026-08-13_2026-08-13_20260813T153020777659Z,e0b6e7e97827824585b899f3f5ae2a43f595aeae92435da9a370d3df14b68b99
4349,2026-08-16,8.0,8.01,7.96,7.99,124119,991356.78,,,,render_normalized,tasi_2026-08-14_2026-08-16_20260816T153020395457Z,5392abdf5e4a97362d33f1f6287bf2bc003c7d4bb43d28918b8aa095af9310d7
4349,2026-08-17,7.99,8.02,7.92,7.94,583716,4639225.61,,,,render_normalized,tasi_2026-08-17_2026-08-17_20260817T153022794323Z,56ab1200186f32f6bf2b699463f355510bc0a3da931f38c90816013f38a2eaf0
4349,2026-08-18,7.94,7.95,7.9,7.9,716999,5677674.28,,,,render_normalized,tasi_2026-08-18_2026-08-18_20260818T153020653358Z,1cfd844fc98ba7ee716337d459294e8e314daaa0f85480a8e110399f3a6b856d
4349,2026-08-19,7.89,7.9,7.8,7.87,645448,5066281.38,,,,render_normalized,tasi_2026-08-19_2026-08-19_20260819T153022440747Z,c9f50859d8825bb8e17dc890cb696be42681eb6c5d61b3749a33257a86f3517b
4349,2026-08-20,7.86,7.9,7.85,7.88,1662760,13233384.52,,,,render_normalized,tasi_2026-08-20_2026-08-28_20260827T215758538311Z,7a00d373848e778f83c80f1777575ad48a6a4c0c192fe2e6a4123b56ae26cdee
4349,2026-08-23,7.88,7.88,7.84,7.85,345082,2727916.34,,,,render_normalized,tasi_2026-08-20_2026-08-28_20260827T215758538311Z,7a00d373848e778f83c80f1777575ad48a6a4c0c192fe2e6a4123b56ae26cdee
4349,2026-08-24,7.85,7.86,7.49,7.79,967056,7460651.64,,,,render_normalized,tasi_2026-08-20_2026-08-28_20260827T215758538311Z,7a00d373848e778f83c80f1777575ad48a6a4c0c192fe2e6a4123b56ae26cdee
4349,2026-08-25,7.8,7.87,7.78,7.83,3385881,26944447.36,,,,render_normalized,tasi_2026-08-20_2026-08-28_20260827T215758538311Z,7a00d373848e778f83c80f1777575ad48a6a4c0c192fe2e6a4123b56ae26cdee
4349,2026-08-26,7.84,7.87,7.8,7.85,294694,2305986.29,,,,render_normalized,tasi_2026-08-20_2026-08-28_20260827T215758538311Z,7a00d373848e778f83c80f1777575ad48a6a4c0c192fe2e6a4123b56ae26cdee
4349,2026-08-27,7.87,7.9,7.85,7.87,142640,1123647.16,,,,render_normalized,tasi_2026-08-20_2026-08-28_20260827T215758538311Z,7a00d373848e778f83c80f1777575ad48a6a4c0c192fe2e6a4123b56ae26cdee
4349,2026-08-30,7.87,7.9,7.68,7.69,4298903,32338000.65,,,,render_normalized,tasi_2026-08-29_2026-08-30_20260830T153021490619Z,40f2932d214f44ed867e412ffba0369130210869179423e6eadc9f965765cdba
4349,2026-08-31,7.7,7.71,7.65,7.65,494019,3794075.35,,,,render_normalized,tasi_2026-08-31_2026-08-31_20260831T153022596960Z,374b46eb50c52f8fd4d5c98f4b7cf8e0c79e078fd621a4b30f58d5382471b4af
4350,2026-08-02,6.89,6.89,6.79,6.83,149814,1022296.06,,,,render_normalized,tasi_2026-07-31_2026-08-02_20260802T153020127593Z,2eb23ca39fcf0e44fa270e6e4d6a1341261e22b2abfbc789ec2875a29009248b
4350,2026-08-03,6.8,6.83,6.77,6.82,56008,380547.57,,,,render_normalized,tasi_2026-08-03_2026-08-03_20260803T153021496139Z,4b0f0fa9c3b343cf96fecea13101ae13ad2a21806fd55533770061ac5bb0689d
4350,2026-08-04,6.82,6.86,6.8,6.82,32124,218963.34,,,,render_normalized,tasi_2026-08-04_2026-08-04_20260804T153023696814Z,32de4882671eec0a9062962d0f5591f8e56969b134d0070652d21718d4563e66
4350,2026-08-05,6.88,6.88,6.78,6.82,73585,500753.17,,,,render_normalized,tasi_2026-08-05_2026-08-05_20260805T153024437012Z,9fd93f225e2663ef72017465f1af6b5bb1e9f620c1b69c07a1f0fd54b850091a
4350,2026-08-06,6.8,6.8,6.73,6.75,120079,811179.85,,,,render_normalized,tasi_2026-08-06_2026-08-06_20260806T153021501965Z,6ff377152d0ead67e84f33bc0daa618a818145aa8e2f551c9273431d88ac3851
4350,2026-08-09,6.75,6.88,6.72,6.81,81773,557086.78,,,,render_normalized,tasi_2026-08-07_2026-08-09_20260809T153020287151Z,d7eb763bea83ef8684d027dfe3fb0fb7c951f2a9c34d7e37300eab6704449ed3
4350,2026-08-10,6.82,6.85,6.76,6.78,40866,278251.39,,,,render_normalized,tasi_2026-08-10_2026-08-10_20260810T153020102570Z,84d11a25e4f1e5c1fd93cef767caa7b24135f07229eeaeab08169c657f7b53de
4350,2026-08-11,6.84,6.85,6.8,6.82,41602,283760.28,,,,render_normalized,tasi_2026-08-11_2026-08-11_20260811T153022011718Z,2ca6395fd3fcc72ba670e2961883e5c743cbb0e78c08f0ae926df09c31320865
4350,2026-08-12,6.84,6.93,6.82,6.82,122947,847428.51,,,,render_normalized,tasi_2026-08-12_2026-08-12_20260812T153021905708Z,8862a2d01571a3c9a9cdaef7d6c4c85e805809ad63506c8d9042aff3fa53b579
4350,2026-08-13,6.82,6.9,6.82,6.84,41907,287595.14,,,,render_normalized,tasi_2026-08-13_2026-08-13_20260813T153020777659Z,e0b6e7e97827824585b899f3f5ae2a43f595aeae92435da9a370d3df14b68b99
4350,2026-08-16,6.84,6.9,6.82,6.82,25278,173060.88,,,,render_normalized,tasi_2026-08-14_2026-08-16_20260816T153020395457Z,5392abdf5e4a97362d33f1f6287bf2bc003c7d4bb43d28918b8aa095af9310d7
4350,2026-08-17,6.86,6.86,6.8,6.84,13295,90797.11,,,,render_normalized,tasi_2026-08-17_2026-08-17_20260817T153022794323Z,56ab1200186f32f6bf2b699463f355510bc0a3da931f38c90816013f38a2eaf0
4350,2026-08-18,6.84,6.84,6.78,6.78,30710,208469.67,,,,render_normalized,tasi_2026-08-18_2026-08-18_20260818T153020653358Z,1cfd844fc98ba7ee716337d459294e8e314daaa0f85480a8e110399f3a6b856d
4350,2026-08-19,6.84,6.84,6.78,6.84,49883,339046.49,,,,render_normalized,tasi_2026-08-19_2026-08-19_20260819T153022440747Z,c9f50859d8825bb8e17dc890cb696be42681eb6c5d61b3749a33257a86f3517b
4350,2026-08-20,6.84,6.84,6.78,6.81,14131,96197.16,,,,render_normalized,tasi_2026-08-20_2026-08-28_20260827T215758538311Z,7a00d373848e778f83c80f1777575ad48a6a4c0c192fe2e6a4123b56ae26cdee
4350,2026-08-23,6.83,6.85,6.8,6.85,11986,81675.49,,,,render_normalized,tasi_2026-08-20_2026-08-28_20260827T215758538311Z,7a00d373848e778f83c80f1777575ad48a6a4c0c192fe2e6a4123b56ae26cdee
4350,2026-08-24,6.84,6.85,6.79,6.83,25792,175713.05,,,,render_normalized,tasi_2026-08-20_2026-08-28_20260827T215758538311Z,7a00d373848e778f83c80f1777575ad48a6a4c0c192fe2e6a4123b56ae26cdee
4350,2026-08-25,6.79,6.83,6.78,6.82,42817,291106.34,,,,render_normalized,tasi_2026-08-20_2026-08-28_20260827T215758538311Z,7a00d373848e778f83c80f1777575ad48a6a4c0c192fe2e6a4123b56ae26cdee
4350,2026-08-26,6.82,6.85,6.79,6.85,16006,108995.27,,,,render_normalized,tasi_2026-08-20_2026-08-28_20260827T215758538311Z,7a00d373848e778f83c80f1777575ad48a6a4c0c192fe2e6a4123b56ae26cdee
4350,2026-08-27,6.84,6.87,6.82,6.85,64366,440573.53,,,,render_normalized,tasi_2026-08-20_2026-08-28_20260827T215758538311Z,7a00d373848e778f83c80f1777575ad48a6a4c0c192fe2e6a4123b56ae26cdee
4350,2026-08-30,6.81,6.87,6.79,6.83,125584,855040.04,,,,render_normalized,tasi_2026-08-29_2026-08-30_20260830T153021490619Z,40f2932d214f44ed867e412ffba0369130210869179423e6eadc9f965765cdba
4350,2026-08-31,6.83,6.86,6.79,6.86,86196,589284.99,,,,render_normalized,tasi_2026-08-31_2026-08-31_20260831T153022596960Z,374b46eb50c52f8fd4d5c98f4b7cf8e0c79e078fd621a4b30f58d5382471b4af
4700,2026-08-02,4.79,4.79,4.7,4.79,51369,244168.67,,,,render_normalized,tasi_2026-07-31_2026-08-02_20260802T153020127593Z,2eb23ca39fcf0e44fa270e6e4d6a1341261e22b2abfbc789ec2875a29009248b
4700,2026-08-03,4.76,4.79,4.76,4.79,18051,86388.52,,,,render_normalized,tasi_2026-08-03_2026-08-03_20260803T153021496139Z,4b0f0fa9c3b343cf96fecea13101ae13ad2a21806fd55533770061ac5bb0689d
4700,2026-08-04,4.76,4.8,4.76,4.8,24060,115196.3,,,,render_normalized,tasi_2026-08-04_2026-08-04_20260804T153023696814Z,32de4882671eec0a9062962d0f5591f8e56969b134d0070652d21718d4563e66
4700,2026-08-05,4.78,4.8,4.78,4.79,1322,6332.97,,,,render_normalized,tasi_2026-08-05_2026-08-05_20260805T153024437012Z,9fd93f225e2663ef72017465f1af6b5bb1e9f620c1b69c07a1f0fd54b850091a
4700,2026-08-06,4.78,4.87,4.78,4.85,15552,74589.81,,,,render_normalized,tasi_2026-08-06_2026-08-06_20260806T153021501965Z,6ff377152d0ead67e84f33bc0daa618a818145aa8e2f551c9273431d88ac3851
4700,2026-08-09,4.85,4.85,4.78,4.78,11560,55582.57,,,,render_normalized,tasi_2026-08-07_2026-08-09_20260809T153020287151Z,d7eb763bea83ef8684d027dfe3fb0fb7c951f2a9c34d7e37300eab6704449ed3
4700,2026-08-10,4.78,4.82,4.78,4.8,16242,78022.89,,,,render_normalized,tasi_2026-08-10_2026-08-10_20260810T153020102570Z,84d11a25e4f1e5c1fd93cef767caa7b24135f07229eeaeab08169c657f7b53de
4700,2026-08-11,4.78,4.84,4.78,4.82,55683,267729.11,,,,render_normalized,tasi_2026-08-11_2026-08-11_20260811T153022011718Z,2ca6395fd3fcc72ba670e2961883e5c743cbb0e78c08f0ae926df09c31320865
4700,2026-08-12,4.82,4.83,4.8,4.81,64696,311447.14,,,,render_normalized,tasi_2026-08-12_2026-08-12_20260812T153021905708Z,8862a2d01571a3c9a9cdaef7d6c4c85e805809ad63506c8d9042aff3fa53b579
4700,2026-08-13,4.83,4.85,4.82,4.84,28122,136064.89,,,,render_normalized,tasi_2026-08-13_2026-08-13_20260813T153020777659Z,e0b6e7e97827824585b899f3f5ae2a43f595aeae92435da9a370d3df14b68b99
4700,2026-08-16,4.74,4.78,4.74,4.74,70853,336566.65,,,,render_normalized,tasi_2026-08-14_2026-08-16_20260816T153020395457Z,5392abdf5e4a97362d33f1f6287bf2bc003c7d4bb43d28918b8aa095af9310d7
4700,2026-08-17,4.77,4.8,4.74,4.79,28088,134433.05,,,,render_normalized,tasi_2026-08-17_2026-08-17_20260817T153022794323Z,56ab1200186f32f6bf2b699463f355510bc0a3da931f38c90816013f38a2eaf0
4700,2026-08-18,4.75,4.78,4.73,4.75,24342,115515.16,,,,render_normalized,tasi_2026-08-18_2026-08-18_20260818T153020653358Z,1cfd844fc98ba7ee716337d459294e8e314daaa0f85480a8e110399f3a6b856d
4700,2026-08-19,4.75,4.77,4.73,4.75,13182,62561.59,,,,render_normalized,tasi_2026-08-19_2026-08-19_20260819T153022440747Z,c9f50859d8825bb8e17dc890cb696be42681eb6c5d61b3749a33257a86f3517b
4700,2026-08-20,4.71,4.76,4.71,4.74,25414,120384.58,,,,render_normalized,tasi_2026-08-20_2026-08-28_20260827T215758538311Z,7a00d373848e778f83c80f1777575ad48a6a4c0c192fe2e6a4123b56ae26cdee
4700,2026-08-23,4.66,4.74,4.66,4.73,49738,232857.35,,,,render_normalized,tasi_2026-08-20_2026-08-28_20260827T215758538311Z,7a00d373848e778f83c80f1777575ad48a6a4c0c192fe2e6a4123b56ae26cdee
4700,2026-08-24,4.74,4.74,4.65,4.71,32262,151625.16,,,,render_normalized,tasi_2026-08-20_2026-08-28_20260827T215758538311Z,7a00d373848e778f83c80f1777575ad48a6a4c0c192fe2e6a4123b56ae26cdee
4700,2026-08-25,4.7,4.73,4.69,4.72,48431,227900.57,,,,render_normalized,tasi_2026-08-20_2026-08-28_20260827T215758538311Z,7a00d373848e778f83c80f1777575ad48a6a4c0c192fe2e6a4123b56ae26cdee
4700,2026-08-26,4.71,4.76,4.71,4.75,33416,158300.66,,,,render_normalized,tasi_2026-08-20_2026-08-28_20260827T215758538311Z,7a00d373848e778f83c80f1777575ad48a6a4c0c192fe2e6a4123b56ae26cdee
4700,2026-08-27,4.74,4.75,4.73,4.74,26226,124307.19,,,,render_normalized,tasi_2026-08-20_2026-08-28_20260827T215758538311Z,7a00d373848e778f83c80f1777575ad48a6a4c0c192fe2e6a4123b56ae26cdee
4700,2026-08-30,4.7,4.76,4.69,4.73,26162,123116.23,,,,render_normalized,tasi_2026-08-29_2026-08-30_20260830T153021490619Z,40f2932d214f44ed867e412ffba0369130210869179423e6eadc9f965765cdba
4700,2026-08-31,4.73,4.75,4.71,4.72,15967,75654.54,,,,render_normalized,tasi_2026-08-31_2026-08-31_20260831T153022596960Z,374b46eb50c52f8fd4d5c98f4b7cf8e0c79e078fd621a4b30f58d5382471b4af
4702,2026-08-02,7.6,7.67,7.6,7.66,26413,201529.49,,,,render_normalized,tasi_2026-07-31_2026-08-02_20260802T153020127593Z,2eb23ca39fcf0e44fa270e6e4d6a1341261e22b2abfbc789ec2875a29009248b
4702,2026-08-03,7.64,7.65,7.59,7.64,18521,141144.54,,,,render_normalized,tasi_2026-08-03_2026-08-03_20260803T153021496139Z,4b0f0fa9c3b343cf96fecea13101ae13ad2a21806fd55533770061ac5bb0689d
4702,2026-08-04,7.64,7.72,7.62,7.72,27974,214669.39,,,,render_normalized,tasi_2026-08-04_2026-08-04_20260804T153023696814Z,32de4882671eec0a9062962d0f5591f8e56969b134d0070652d21718d4563e66
4702,2026-08-05,7.71,7.77,7.71,7.77,102828,797029.86,,,,render_normalized,tasi_2026-08-05_2026-08-05_20260805T153024437012Z,9fd93f225e2663ef72017465f1af6b5bb1e9f620c1b69c07a1f0fd54b850091a
4702,2026-08-06,7.71,7.79,7.71,7.76,35947,278134.47,,,,render_normalized,tasi_2026-08-06_2026-08-06_20260806T153021501965Z,6ff377152d0ead67e84f33bc0daa618a818145aa8e2f551c9273431d88ac3851
4702,2026-08-09,7.76,7.78,7.74,7.76,25403,196873.6,,,,render_normalized,tasi_2026-08-07_2026-08-09_20260809T153020287151Z,d7eb763bea83ef8684d027dfe3fb0fb7c951f2a9c34d7e37300eab6704449ed3
4702,2026-08-10,7.75,7.83,7.75,7.83,37650,292969.27,,,,render_normalized,tasi_2026-08-10_2026-08-10_20260810T153020102570Z,84d11a25e4f1e5c1fd93cef767caa7b24135f07229eeaeab08169c657f7b53de
4702,2026-08-11,7.81,7.83,7.78,7.81,37238,290239.92,,,,render_normalized,tasi_2026-08-11_2026-08-11_20260811T153022011718Z,2ca6395fd3fcc72ba670e2961883e5c743cbb0e78c08f0ae926df09c31320865
4702,2026-08-12,7.79,7.83,7.79,7.8,98823,772445.0,,,,render_normalized,tasi_2026-08-12_2026-08-12_20260812T153021905708Z,8862a2d01571a3c9a9cdaef7d6c4c85e805809ad63506c8d9042aff3fa53b579
4702,2026-08-13,7.65,7.65,7.51,7.58,183603,1388526.75,,,,render_normalized,tasi_2026-08-13_2026-08-13_20260813T153020777659Z,e0b6e7e97827824585b899f3f5ae2a43f595aeae92435da9a370d3df14b68b99
4702,2026-08-16,7.52,7.59,7.52,7.56,25439,192076.32,,,,render_normalized,tasi_2026-08-14_2026-08-16_20260816T153020395457Z,5392abdf5e4a97362d33f1f6287bf2bc003c7d4bb43d28918b8aa095af9310d7
4702,2026-08-17,7.52,7.54,7.4,7.42,81945,611091.38,,,,render_normalized,tasi_2026-08-17_2026-08-17_20260817T153022794323Z,56ab1200186f32f6bf2b699463f355510bc0a3da931f38c90816013f38a2eaf0
4702,2026-08-18,7.42,7.44,7.38,7.38,30663,227100.3,,,,render_normalized,tasi_2026-08-18_2026-08-18_20260818T153020653358Z,1cfd844fc98ba7ee716337d459294e8e314daaa0f85480a8e110399f3a6b856d
4702,2026-08-19,7.35,7.43,7.35,7.38,18050,133495.71,,,,render_normalized,tasi_2026-08-19_2026-08-19_20260819T153022440747Z,c9f50859d8825bb8e17dc890cb696be42681eb6c5d61b3749a33257a86f3517b
4702,2026-08-20,7.36,7.42,7.35,7.4,33557,247811.06,,,,render_normalized,tasi_2026-08-20_2026-08-28_20260827T215758538311Z,7a00d373848e778f83c80f1777575ad48a6a4c0c192fe2e6a4123b56ae26cdee
4702,2026-08-23,7.38,7.39,7.38,7.39,22734,167862.64,,,,render_normalized,tasi_2026-08-20_2026-08-28_20260827T215758538311Z,7a00d373848e778f83c80f1777575ad48a6a4c0c192fe2e6a4123b56ae26cdee
4702,2026-08-24,7.41,7.42,7.39,7.4,59321,439154.07,,,,render_normalized,tasi_2026-08-20_2026-08-28_20260827T215758538311Z,7a00d373848e778f83c80f1777575ad48a6a4c0c192fe2e6a4123b56ae26cdee
4702,2026-08-25,7.42,7.43,7.41,7.41,20830,154575.95,,,,render_normalized,tasi_2026-08-20_2026-08-28_20260827T215758538311Z,7a00d373848e778f83c80f1777575ad48a6a4c0c192fe2e6a4123b56ae26cdee
4702,2026-08-26,7.42,7.44,7.38,7.42,50377,373093.2,,,,render_normalized,tasi_2026-08-20_2026-08-28_20260827T215758538311Z,7a00d373848e778f83c80f1777575ad48a6a4c0c192fe2e6a4123b56ae26cdee
4702,2026-08-27,7.41,7.43,7.4,7.42,77805,576244.56,,,,render_normalized,tasi_2026-08-20_2026-08-28_20260827T215758538311Z,7a00d373848e778f83c80f1777575ad48a6a4c0c192fe2e6a4123b56ae26cdee
4702,2026-08-30,7.42,7.44,7.38,7.38,61703,457533.5,,,,render_normalized,tasi_2026-08-29_2026-08-30_20260830T153021490619Z,40f2932d214f44ed867e412ffba0369130210869179423e6eadc9f965765cdba
4702,2026-08-31,7.39,7.42,7.36,7.41,35786,264296.14,,,,render_normalized,tasi_2026-08-31_2026-08-31_20260831T153022596960Z,374b46eb50c52f8fd4d5c98f4b7cf8e0c79e078fd621a4b30f58d5382471b4af
4703,2026-08-02,6.61,6.65,6.56,6.56,124116,819874.79,,,,render_normalized,tasi_2026-07-31_2026-08-02_20260802T153020127593Z,2eb23ca39fcf0e44fa270e6e4d6a1341261e22b2abfbc789ec2875a29009248b
4703,2026-08-03,6.56,6.61,6.51,6.61,24375,160520.19,,,,render_normalized,tasi_2026-08-03_2026-08-03_20260803T153021496139Z,4b0f0fa9c3b343cf96fecea13101ae13ad2a21806fd55533770061ac5bb0689d
4703,2026-08-04,6.6,6.61,6.58,6.6,25227,166423.59,,,,render_normalized,tasi_2026-08-04_2026-08-04_20260804T153023696814Z,32de4882671eec0a9062962d0f5591f8e56969b134d0070652d21718d4563e66
4703,2026-08-05,6.59,6.64,6.58,6.63,16925,111910.99,,,,render_normalized,tasi_2026-08-05_2026-08-05_20260805T153024437012Z,9fd93f225e2663ef72017465f1af6b5bb1e9f620c1b69c07a1f0fd54b850091a
4703,2026-08-06,6.61,6.65,6.6,6.63,88722,589191.74,,,,render_normalized,tasi_2026-08-06_2026-08-06_20260806T153021501965Z,6ff377152d0ead67e84f33bc0daa618a818145aa8e2f551c9273431d88ac3851
4703,2026-08-09,6.63,6.64,6.62,6.64,13596,90039.69,,,,render_normalized,tasi_2026-08-07_2026-08-09_20260809T153020287151Z,d7eb763bea83ef8684d027dfe3fb0fb7c951f2a9c34d7e37300eab6704449ed3
4703,2026-08-10,6.63,6.65,6.62,6.62,32171,213398.87,,,,render_normalized,tasi_2026-08-10_2026-08-10_20260810T153020102570Z,84d11a25e4f1e5c1fd93cef767caa7b24135f07229eeaeab08169c657f7b53de
4703,2026-08-11,6.62,6.64,6.62,6.63,23598,156516.13,,,,render_normalized,tasi_2026-08-11_2026-08-11_20260811T153022011718Z,2ca6395fd3fcc72ba670e2961883e5c743cbb0e78c08f0ae926df09c31320865
4703,2026-08-12,6.62,6.62,6.6,6.61,109461,722932.07,,,,render_normalized,tasi_2026-08-12_2026-08-12_20260812T153021905708Z,8862a2d01571a3c9a9cdaef7d6c4c85e805809ad63506c8d9042aff3fa53b579
4703,2026-08-13,6.59,6.63,6.58,6.62,24799,163645.42,,,,render_normalized,tasi_2026-08-13_2026-08-13_20260813T153020777659Z,e0b6e7e97827824585b899f3f5ae2a43f595aeae92435da9a370d3df14b68b99
4703,2026-08-16,6.62,6.66,6.61,6.66,153898,1022984.57,,,,render_normalized,tasi_2026-08-14_2026-08-16_20260816T153020395457Z,5392abdf5e4a97362d33f1f6287bf2bc003c7d4bb43d28918b8aa095af9310d7
4703,2026-08-17,6.65,6.66,6.62,6.66,18373,122129.47,,,,render_normalized,tasi_2026-08-17_2026-08-17_20260817T153022794323Z,56ab1200186f32f6bf2b699463f355510bc0a3da931f38c90816013f38a2eaf0
4703,2026-08-18,6.63,6.65,6.62,6.63,25865,171551.85,,,,render_normalized,tasi_2026-08-18_2026-08-18_20260818T153020653358Z,1cfd844fc98ba7ee716337d459294e8e314daaa0f85480a8e110399f3a6b856d
4703,2026-08-19,6.62,6.65,6.59,6.59,199998,1322663.04,,,,render_normalized,tasi_2026-08-19_2026-08-19_20260819T153022440747Z,c9f50859d8825bb8e17dc890cb696be42681eb6c5d61b3749a33257a86f3517b
4703,2026-08-20,6.6,6.66,6.6,6.64,169655,1127116.1,,,,render_normalized,tasi_2026-08-20_2026-08-28_20260827T215758538311Z,7a00d373848e778f83c80f1777575ad48a6a4c0c192fe2e6a4123b56ae26cdee
4703,2026-08-23,6.64,6.67,6.64,6.67,31780,211328.63,,,,render_normalized,tasi_2026-08-20_2026-08-28_20260827T215758538311Z,7a00d373848e778f83c80f1777575ad48a6a4c0c192fe2e6a4123b56ae26cdee
4703,2026-08-24,6.67,6.7,6.65,6.7,120253,803285.29,,,,render_normalized,tasi_2026-08-20_2026-08-28_20260827T215758538311Z,7a00d373848e778f83c80f1777575ad48a6a4c0c192fe2e6a4123b56ae26cdee
4703,2026-08-25,6.7,6.7,6.66,6.67,40780,272223.46,,,,render_normalized,tasi_2026-08-20_2026-08-28_20260827T215758538311Z,7a00d373848e778f83c80f1777575ad48a6a4c0c192fe2e6a4123b56ae26cdee
4703,2026-08-26,6.68,6.71,6.68,6.71,24857,166503.9,,,,render_normalized,tasi_2026-08-20_2026-08-28_20260827T215758538311Z,7a00d373848e778f83c80f1777575ad48a6a4c0c192fe2e6a4123b56ae26cdee
4703,2026-08-27,6.71,6.74,6.7,6.72,51058,342936.74,,,,render_normalized,tasi_2026-08-20_2026-08-28_20260827T215758538311Z,7a00d373848e778f83c80f1777575ad48a6a4c0c192fe2e6a4123b56ae26cdee
4703,2026-08-30,6.71,6.76,6.71,6.76,20011,134831.01,,,,render_normalized,tasi_2026-08-29_2026-08-30_20260830T153021490619Z,40f2932d214f44ed867e412ffba0369130210869179423e6eadc9f965765cdba
4703,2026-08-31,6.72,6.79,6.72,6.74,24255,163407.78,,,,render_normalized,tasi_2026-08-31_2026-08-31_20260831T153022596960Z,374b46eb50c52f8fd4d5c98f4b7cf8e0c79e078fd621a4b30f58d5382471b4af
5110,2026-08-02,16.97,17.12,16.88,17.04,582099,9920884.97,,,,render_normalized,tasi_2026-07-31_2026-08-02_20260802T153020127593Z,2eb23ca39fcf0e44fa270e6e4d6a1341261e22b2abfbc789ec2875a29009248b
5110,2026-08-03,17.09,17.7,17.08,17.7,1572866,27451093.87,,,,render_normalized,tasi_2026-08-03_2026-08-03_20260803T153021496139Z,4b0f0fa9c3b343cf96fecea13101ae13ad2a21806fd55533770061ac5bb0689d
5110,2026-08-04,17.5,17.88,17.21,17.24,1671444,29161446.0,,,,render_normalized,tasi_2026-08-04_2026-08-04_20260804T153023696814Z,32de4882671eec0a9062962d0f5591f8e56969b134d0070652d21718d4563e66
5110,2026-08-05,17.27,17.53,17.22,17.53,921760,16046418.71,,,,render_normalized,tasi_2026-08-05_2026-08-05_20260805T153024437012Z,9fd93f225e2663ef72017465f1af6b5bb1e9f620c1b69c07a1f0fd54b850091a
5110,2026-08-06,17.51,17.62,17.37,17.61,1367109,24025973.34,,,,render_normalized,tasi_2026-08-06_2026-08-06_20260806T153021501965Z,6ff377152d0ead67e84f33bc0daa618a818145aa8e2f551c9273431d88ac3851
5110,2026-08-09,17.4,17.54,17.4,17.46,213439,3724522.1,,,,render_normalized,tasi_2026-08-07_2026-08-09_20260809T153020287151Z,d7eb763bea83ef8684d027dfe3fb0fb7c951f2a9c34d7e37300eab6704449ed3
5110,2026-08-10,17.44,17.74,17.44,17.5,723081,12737680.81,,,,render_normalized,tasi_2026-08-10_2026-08-10_20260810T153020102570Z,84d11a25e4f1e5c1fd93cef767caa7b24135f07229eeaeab08169c657f7b53de
5110,2026-08-11,17.47,17.47,17.0,17.0,1538967,26391669.9,,,,render_normalized,tasi_2026-08-11_2026-08-11_20260811T153022011718Z,2ca6395fd3fcc72ba670e2961883e5c743cbb0e78c08f0ae926df09c31320865
5110,2026-08-12,17.0,17.14,16.98,17.08,1279538,21827020.69,,,,render_normalized,tasi_2026-08-12_2026-08-12_20260812T153021905708Z,8862a2d01571a3c9a9cdaef7d6c4c85e805809ad63506c8d9042aff3fa53b579
5110,2026-08-13,17.06,17.06,16.72,16.75,1702899,28674479.37,,,,render_normalized,tasi_2026-08-13_2026-08-13_20260813T153020777659Z,e0b6e7e97827824585b899f3f5ae2a43f595aeae92435da9a370d3df14b68b99
5110,2026-08-16,16.75,16.99,16.75,16.94,433085,7325983.78,,,,render_normalized,tasi_2026-08-14_2026-08-16_20260816T153020395457Z,5392abdf5e4a97362d33f1f6287bf2bc003c7d4bb43d28918b8aa095af9310d7
5110,2026-08-17,17.05,17.05,16.9,16.95,831195,14104478.74,,,,render_normalized,tasi_2026-08-17_2026-08-17_20260817T153022794323Z,56ab1200186f32f6bf2b699463f355510bc0a3da931f38c90816013f38a2eaf0
5110,2026-08-18,16.95,17.16,16.86,16.96,845995,14375294.32,,,,render_normalized,tasi_2026-08-18_2026-08-18_20260818T153020653358Z,1cfd844fc98ba7ee716337d459294e8e314daaa0f85480a8e110399f3a6b856d
5110,2026-08-19,16.86,17.1,16.86,17.1,934723,15880005.72,,,,render_normalized,tasi_2026-08-19_2026-08-19_20260819T153022440747Z,c9f50859d8825bb8e17dc890cb696be42681eb6c5d61b3749a33257a86f3517b
5110,2026-08-20,17.1,17.24,16.96,16.96,1181895,20165230.77,,,,render_normalized,tasi_2026-08-20_2026-08-28_20260827T215758538311Z,7a00d373848e778f83c80f1777575ad48a6a4c0c192fe2e6a4123b56ae26cdee
5110,2026-08-23,16.95,17.03,16.92,17.01,346886,5892448.99,,,,render_normalized,tasi_2026-08-20_2026-08-28_20260827T215758538311Z,7a00d373848e778f83c80f1777575ad48a6a4c0c192fe2e6a4123b56ae26cdee
5110,2026-08-24,17.03,17.19,16.92,17.1,1188987,20283585.64,,,,render_normalized,tasi_2026-08-20_2026-08-28_20260827T215758538311Z,7a00d373848e778f83c80f1777575ad48a6a4c0c192fe2e6a4123b56ae26cdee
5110,2026-08-25,17.15,17.15,16.84,16.94,914387,15510672.98,,,,render_normalized,tasi_2026-08-20_2026-08-28_20260827T215758538311Z,7a00d373848e778f83c80f1777575ad48a6a4c0c192fe2e6a4123b56ae26cdee
5110,2026-08-26,17.04,17.26,17.0,17.25,1162679,19953899.64,,,,render_normalized,tasi_2026-08-20_2026-08-28_20260827T215758538311Z,7a00d373848e778f83c80f1777575ad48a6a4c0c192fe2e6a4123b56ae26cdee
5110,2026-08-27,17.25,17.39,17.19,17.37,826626,14331215.49,,,,render_normalized,tasi_2026-08-20_2026-08-28_20260827T215758538311Z,7a00d373848e778f83c80f1777575ad48a6a4c0c192fe2e6a4123b56ae26cdee
5110,2026-08-30,17.37,17.38,17.15,17.19,424031,7319795.03,,,,render_normalized,tasi_2026-08-29_2026-08-30_20260830T153021490619Z,40f2932d214f44ed867e412ffba0369130210869179423e6eadc9f965765cdba
5110,2026-08-31,17.14,17.54,17.13,17.47,2785638,48595292.88,,,,render_normalized,tasi_2026-08-31_2026-08-31_20260831T153022596960Z,374b46eb50c52f8fd4d5c98f4b7cf8e0c79e078fd621a4b30f58d5382471b4af
6001,2026-08-02,31.08,31.22,30.9,30.9,13590,421373.9,,,,render_normalized,tasi_2026-07-31_2026-08-02_20260802T153020127593Z,2eb23ca39fcf0e44fa270e6e4d6a1341261e22b2abfbc789ec2875a29009248b
6001,2026-08-03,30.92,31.36,30.92,31.34,42227,1320585.4,,,,render_normalized,tasi_2026-08-03_2026-08-03_20260803T153021496139Z,4b0f0fa9c3b343cf96fecea13101ae13ad2a21806fd55533770061ac5bb0689d
6001,2026-08-04,31.02,31.66,31.0,31.54,54284,1695977.7,,,,render_normalized,tasi_2026-08-04_2026-08-04_20260804T153023696814Z,32de4882671eec0a9062962d0f5591f8e56969b134d0070652d21718d4563e66
6001,2026-08-05,31.7,31.7,31.2,31.46,17215,541396.84,,,,render_normalized,tasi_2026-08-05_2026-08-05_20260805T153024437012Z,9fd93f225e2663ef72017465f1af6b5bb1e9f620c1b69c07a1f0fd54b850091a
6001,2026-08-06,31.36,31.5,31.0,31.04,18887,588425.86,,,,render_normalized,tasi_2026-08-06_2026-08-06_20260806T153021501965Z,6ff377152d0ead67e84f33bc0daa618a818145aa8e2f551c9273431d88ac3851
6001,2026-08-09,31.36,31.36,30.0,30.46,45683,1387459.48,,,,render_normalized,tasi_2026-08-07_2026-08-09_20260809T153020287151Z,d7eb763bea83ef8684d027dfe3fb0fb7c951f2a9c34d7e37300eab6704449ed3
6001,2026-08-10,30.5,30.98,30.28,30.82,23873,729954.26,,,,render_normalized,tasi_2026-08-10_2026-08-10_20260810T153020102570Z,84d11a25e4f1e5c1fd93cef767caa7b24135f07229eeaeab08169c657f7b53de
6001,2026-08-11,30.8,31.4,30.7,31.14,30978,966799.12,,,,render_normalized,tasi_2026-08-11_2026-08-11_20260811T153022011718Z,2ca6395fd3fcc72ba670e2961883e5c743cbb0e78c08f0ae926df09c31320865
6001,2026-08-12,31.36,32.18,31.0,31.7,170354,5387618.58,,,,render_normalized,tasi_2026-08-12_2026-08-12_20260812T153021905708Z,8862a2d01571a3c9a9cdaef7d6c4c85e805809ad63506c8d9042aff3fa53b579
6001,2026-08-13,31.72,31.94,31.46,31.76,28918,916931.88,,,,render_normalized,tasi_2026-08-13_2026-08-13_20260813T153020777659Z,e0b6e7e97827824585b899f3f5ae2a43f595aeae92435da9a370d3df14b68b99
6001,2026-08-16,31.86,32.88,31.86,32.44,51304,1669452.6,,,,render_normalized,tasi_2026-08-14_2026-08-16_20260816T153020395457Z,5392abdf5e4a97362d33f1f6287bf2bc003c7d4bb43d28918b8aa095af9310d7
6001,2026-08-17,32.96,32.96,32.0,32.38,41905,1358763.88,,,,render_normalized,tasi_2026-08-17_2026-08-17_20260817T153022794323Z,56ab1200186f32f6bf2b699463f355510bc0a3da931f38c90816013f38a2eaf0
6001,2026-08-18,32.38,32.4,31.94,32.06,24412,786788.38,,,,render_normalized,tasi_2026-08-18_2026-08-18_20260818T153020653358Z,1cfd844fc98ba7ee716337d459294e8e314daaa0f85480a8e110399f3a6b856d
6001,2026-08-19,32.04,32.46,31.78,32.06,13104,421379.12,,,,render_normalized,tasi_2026-08-19_2026-08-19_20260819T153022440747Z,c9f50859d8825bb8e17dc890cb696be42681eb6c5d61b3749a33257a86f3517b
6001,2026-08-20,32.06,32.36,32.0,32.24,18083,581449.64,,,,render_normalized,tasi_2026-08-20_2026-08-28_20260827T215758538311Z,7a00d373848e778f83c80f1777575ad48a6a4c0c192fe2e6a4123b56ae26cdee
6001,2026-08-23,32.02,32.8,32.02,32.4,35230,1141290.1,,,,render_normalized,tasi_2026-08-20_2026-08-28_20260827T215758538311Z,7a00d373848e778f83c80f1777575ad48a6a4c0c192fe2e6a4123b56ae26cdee
6001,2026-08-24,32.16,32.7,32.08,32.08,22633,731325.34,,,,render_normalized,tasi_2026-08-20_2026-08-28_20260827T215758538311Z,7a00d373848e778f83c80f1777575ad48a6a4c0c192fe2e6a4123b56ae26cdee
6001,2026-08-25,32.06,32.38,32.02,32.08,26040,836253.72,,,,render_normalized,tasi_2026-08-20_2026-08-28_20260827T215758538311Z,7a00d373848e778f83c80f1777575ad48a6a4c0c192fe2e6a4123b56ae26cdee
6001,2026-08-26,32.1,32.22,32.0,32.0,16333,524170.88,,,,render_normalized,tasi_2026-08-20_2026-08-28_20260827T215758538311Z,7a00d373848e778f83c80f1777575ad48a6a4c0c192fe2e6a4123b56ae26cdee
6001,2026-08-27,32.0,32.4,32.0,32.22,18810,605550.12,,,,render_normalized,tasi_2026-08-20_2026-08-28_20260827T215758538311Z,7a00d373848e778f83c80f1777575ad48a6a4c0c192fe2e6a4123b56ae26cdee
6001,2026-08-30,32.24,32.9,32.24,32.58,59186,1931514.72,,,,render_normalized,tasi_2026-08-29_2026-08-30_20260830T153021490619Z,40f2932d214f44ed867e412ffba0369130210869179423e6eadc9f965765cdba
6001,2026-08-31,32.34,32.56,32.1,32.28,24381,786769.36,,,,render_normalized,tasi_2026-08-31_2026-08-31_20260831T153022596960Z,374b46eb50c52f8fd4d5c98f4b7cf8e0c79e078fd621a4b30f58d5382471b4af
6002,2026-08-02,13.69,14.3,13.64,14.2,121911,1704117.21,,,,render_normalized,tasi_2026-07-31_2026-08-02_20260802T153020127593Z,2eb23ca39fcf0e44fa270e6e4d6a1341261e22b2abfbc789ec2875a29009248b
6002,2026-08-03,14.7,15.22,14.51,14.9,637165,9485434.13,,,,render_normalized,tasi_2026-08-03_2026-08-03_20260803T153021496139Z,4b0f0fa9c3b343cf96fecea13101ae13ad2a21806fd55533770061ac5bb0689d
6002,2026-08-04,15.13,15.55,14.91,15.49,580181,8927576.73,,,,render_normalized,tasi_2026-08-04_2026-08-04_20260804T153023696814Z,32de4882671eec0a9062962d0f5591f8e56969b134d0070652d21718d4563e66
6002,2026-08-05,15.4,15.56,15.21,15.39,144632,2221451.53,,,,render_normalized,tasi_2026-08-05_2026-08-05_20260805T153024437012Z,9fd93f225e2663ef72017465f1af6b5bb1e9f620c1b69c07a1f0fd54b850091a
6002,2026-08-06,15.38,15.38,14.8,14.82,127722,1917839.12,,,,render_normalized,tasi_2026-08-06_2026-08-06_20260806T153021501965Z,6ff377152d0ead67e84f33bc0daa618a818145aa8e2f551c9273431d88ac3851
6002,2026-08-09,14.87,15.0,14.5,14.89,88580,1314630.55,,,,render_normalized,tasi_2026-08-07_2026-08-09_20260809T153020287151Z,d7eb763bea83ef8684d027dfe3fb0fb7c951f2a9c34d7e37300eab6704449ed3
6002,2026-08-10,14.98,15.2,14.74,14.94,101190,1517816.8,,,,render_normalized,tasi_2026-08-10_2026-08-10_20260810T153020102570Z,84d11a25e4f1e5c1fd93cef767caa7b24135f07229eeaeab08169c657f7b53de
6002,2026-08-11,15.0,15.34,14.93,15.28,153514,2333797.08,,,,render_normalized,tasi_2026-08-11_2026-08-11_20260811T153022011718Z,2ca6395fd3fcc72ba670e2961883e5c743cbb0e78c08f0ae926df09c31320865
6002,2026-08-12,15.27,15.55,15.09,15.1,221010,3412907.48,,,,render_normalized,tasi_2026-08-12_2026-08-12_20260812T153021905708Z,8862a2d01571a3c9a9cdaef7d6c4c85e805809ad63506c8d9042aff3fa53b579
6002,2026-08-13,15.11,15.99,15.11,15.71,539876,8488968.43,,,,render_normalized,tasi_2026-08-13_2026-08-13_20260813T153020777659Z,e0b6e7e97827824585b899f3f5ae2a43f595aeae92435da9a370d3df14b68b99
6002,2026-08-16,15.75,16.0,15.6,15.69,163016,2566410.85,,,,render_normalized,tasi_2026-08-14_2026-08-16_20260816T153020395457Z,5392abdf5e4a97362d33f1f6287bf2bc003c7d4bb43d28918b8aa095af9310d7
6002,2026-08-17,15.69,15.76,15.4,15.66,110258,1716906.4,,,,render_normalized,tasi_2026-08-17_2026-08-17_20260817T153022794323Z,56ab1200186f32f6bf2b699463f355510bc0a3da931f38c90816013f38a2eaf0
6002,2026-08-18,15.66,15.8,15.38,15.5,136165,2119186.93,,,,render_normalized,tasi_2026-08-18_2026-08-18_20260818T153020653358Z,1cfd844fc98ba7ee716337d459294e8e314daaa0f85480a8e110399f3a6b856d
6002,2026-08-19,15.8,15.8,15.3,15.3,39156,602388.97,,,,render_normalized,tasi_2026-08-19_2026-08-19_20260819T153022440747Z,c9f50859d8825bb8e17dc890cb696be42681eb6c5d61b3749a33257a86f3517b
6002,2026-08-20,15.7,15.7,15.29,15.43,121715,1874351.13,,,,render_normalized,tasi_2026-08-20_2026-08-28_20260827T215758538311Z,7a00d373848e778f83c80f1777575ad48a6a4c0c192fe2e6a4123b56ae26cdee
6002,2026-08-23,15.43,15.67,15.43,15.56,61054,948850.37,,,,render_normalized,tasi_2026-08-20_2026-08-28_20260827T215758538311Z,7a00d373848e778f83c80f1777575ad48a6a4c0c192fe2e6a4123b56ae26cdee
6002,2026-08-24,15.56,16.15,15.56,15.65,366065,5827277.76,,,,render_normalized,tasi_2026-08-20_2026-08-28_20260827T215758538311Z,7a00d373848e778f83c80f1777575ad48a6a4c0c192fe2e6a4123b56ae26cdee
6002,2026-08-25,15.65,15.74,15.56,15.67,61152,956076.19,,,,render_normalized,tasi_2026-08-20_2026-08-28_20260827T215758538311Z,7a00d373848e778f83c80f1777575ad48a6a4c0c192fe2e6a4123b56ae26cdee
6002,2026-08-26,15.67,16.21,15.67,15.99,283751,4552839.05,,,,render_normalized,tasi_2026-08-20_2026-08-28_20260827T215758538311Z,7a00d373848e778f83c80f1777575ad48a6a4c0c192fe2e6a4123b56ae26cdee
6002,2026-08-27,15.9,16.01,15.77,16.0,78119,1240860.51,,,,render_normalized,tasi_2026-08-20_2026-08-28_20260827T215758538311Z,7a00d373848e778f83c80f1777575ad48a6a4c0c192fe2e6a4123b56ae26cdee
6002,2026-08-30,15.8,16.07,15.8,16.07,70343,1117533.16,,,,render_normalized,tasi_2026-08-29_2026-08-30_20260830T153021490619Z,40f2932d214f44ed867e412ffba0369130210869179423e6eadc9f965765cdba
6002,2026-08-31,15.84,16.05,15.63,15.84,205798,3241598.54,,,,render_normalized,tasi_2026-08-31_2026-08-31_20260831T153022596960Z,374b46eb50c52f8fd4d5c98f4b7cf8e0c79e078fd621a4b30f58d5382471b4af
6004,2026-08-02,67.75,68.95,65.75,67.1,363791,24542114.35,,,,render_normalized,tasi_2026-07-31_2026-08-02_20260802T153020127593Z,2eb23ca39fcf0e44fa270e6e4d6a1341261e22b2abfbc789ec2875a29009248b
6004,2026-08-03,67.1,68.2,66.8,67.55,237605,16002578.45,,,,render_normalized,tasi_2026-08-03_2026-08-03_20260803T153021496139Z,4b0f0fa9c3b343cf96fecea13101ae13ad2a21806fd55533770061ac5bb0689d
6004,2026-08-04,67.65,70.1,67.65,69.5,295964,20487083.9,,,,render_normalized,tasi_2026-08-04_2026-08-04_20260804T153023696814Z,32de4882671eec0a9062962d0f5591f8e56969b134d0070652d21718d4563e66
6004,2026-08-05,69.6,70.75,68.8,69.15,154049,10717687.3,,,,render_normalized,tasi_2026-08-05_2026-08-05_20260805T153024437012Z,9fd93f225e2663ef72017465f1af6b5bb1e9f620c1b69c07a1f0fd54b850091a
6004,2026-08-06,69.15,69.5,67.85,69.0,291412,19956021.9,,,,render_normalized,tasi_2026-08-06_2026-08-06_20260806T153021501965Z,6ff377152d0ead67e84f33bc0daa618a818145aa8e2f551c9273431d88ac3851
6004,2026-08-09,69.05,71.75,68.8,71.2,209867,14835274.15,,,,render_normalized,tasi_2026-08-07_2026-08-09_20260809T153020287151Z,d7eb763bea83ef8684d027dfe3fb0fb7c951f2a9c34d7e37300eab6704449ed3
6004,2026-08-10,71.2,71.4,69.4,71.4,134919,9461875.2,,,,render_normalized,tasi_2026-08-10_2026-08-10_20260810T153020102570Z,84d11a25e4f1e5c1fd93cef767caa7b24135f07229eeaeab08169c657f7b53de
6004,2026-08-11,71.9,73.2,70.5,72.95,320149,23060588.45,,,,render_normalized,tasi_2026-08-11_2026-08-11_20260811T153022011718Z,2ca6395fd3fcc72ba670e2961883e5c743cbb0e78c08f0ae926df09c31320865
6004,2026-08-12,72.05,74.5,71.7,74.2,230642,16989326.45,,,,render_normalized,tasi_2026-08-12_2026-08-12_20260812T153021905708Z,8862a2d01571a3c9a9cdaef7d6c4c85e805809ad63506c8d9042aff3fa53b579
6004,2026-08-13,74.0,75.3,73.3,75.25,189134,14129216.35,,,,render_normalized,tasi_2026-08-13_2026-08-13_20260813T153020777659Z,e0b6e7e97827824585b899f3f5ae2a43f595aeae92435da9a370d3df14b68b99
6004,2026-08-16,75.25,75.7,73.0,74.4,182848,13596640.3,,,,render_normalized,tasi_2026-08-14_2026-08-16_20260816T153020395457Z,5392abdf5e4a97362d33f1f6287bf2bc003c7d4bb43d28918b8aa095af9310d7
6004,2026-08-17,74.05,74.05,72.5,72.5,101057,7369164.95,,,,render_normalized,tasi_2026-08-17_2026-08-17_20260817T153022794323Z,56ab1200186f32f6bf2b699463f355510bc0a3da931f38c90816013f38a2eaf0
6004,2026-08-18,72.5,72.55,71.15,71.35,88145,6327362.85,,,,render_normalized,tasi_2026-08-18_2026-08-18_20260818T153020653358Z,1cfd844fc98ba7ee716337d459294e8e314daaa0f85480a8e110399f3a6b856d
6004,2026-08-19,71.5,73.85,71.05,72.95,156132,11307459.0,,,,render_normalized,tasi_2026-08-19_2026-08-19_20260819T153022440747Z,c9f50859d8825bb8e17dc890cb696be42681eb6c5d61b3749a33257a86f3517b
6004,2026-08-20,73.0,73.2,71.7,71.9,83697,6049781.4,,,,render_normalized,tasi_2026-08-20_2026-08-28_20260827T215758538311Z,7a00d373848e778f83c80f1777575ad48a6a4c0c192fe2e6a4123b56ae26cdee
6004,2026-08-23,72.2,72.55,71.8,72.1,86230,6220402.7,,,,render_normalized,tasi_2026-08-20_2026-08-28_20260827T215758538311Z,7a00d373848e778f83c80f1777575ad48a6a4c0c192fe2e6a4123b56ae26cdee
6004,2026-08-24,72.2,73.0,72.15,72.6,119999,8716708.4,,,,render_normalized,tasi_2026-08-20_2026-08-28_20260827T215758538311Z,7a00d373848e778f83c80f1777575ad48a6a4c0c192fe2e6a4123b56ae26cdee
6004,2026-08-25,72.4,73.35,71.8,72.6,131270,9549772.5,,,,render_normalized,tasi_2026-08-20_2026-08-28_20260827T215758538311Z,7a00d373848e778f83c80f1777575ad48a6a4c0c192fe2e6a4123b56ae26cdee
6004,2026-08-26,72.6,73.4,72.4,73.0,185238,13511686.05,,,,render_normalized,tasi_2026-08-20_2026-08-28_20260827T215758538311Z,7a00d373848e778f83c80f1777575ad48a6a4c0c192fe2e6a4123b56ae26cdee
6004,2026-08-27,73.0,73.0,71.6,72.3,117323,8480194.8,,,,render_normalized,tasi_2026-08-20_2026-08-28_20260827T215758538311Z,7a00d373848e778f83c80f1777575ad48a6a4c0c192fe2e6a4123b56ae26cdee
6004,2026-08-30,72.4,72.75,72.05,72.4,44342,3208180.8,,,,render_normalized,tasi_2026-08-29_2026-08-30_20260830T153021490619Z,40f2932d214f44ed867e412ffba0369130210869179423e6eadc9f965765cdba
6004,2026-08-31,72.5,72.5,70.9,71.3,175381,12565651.3,,,,render_normalized,tasi_2026-08-31_2026-08-31_20260831T153022596960Z,374b46eb50c52f8fd4d5c98f4b7cf8e0c79e078fd621a4b30f58d5382471b4af
6010,2026-08-02,14.1,14.32,14.08,14.25,400461,5691670.05,,,,render_normalized,tasi_2026-07-31_2026-08-02_20260802T153020127593Z,2eb23ca39fcf0e44fa270e6e4d6a1341261e22b2abfbc789ec2875a29009248b
6010,2026-08-03,14.33,14.62,14.26,14.54,604333,8753821.88,,,,render_normalized,tasi_2026-08-03_2026-08-03_20260803T153021496139Z,4b0f0fa9c3b343cf96fecea13101ae13ad2a21806fd55533770061ac5bb0689d
6010,2026-08-04,14.55,14.61,14.49,14.54,516227,7512462.5,,,,render_normalized,tasi_2026-08-04_2026-08-04_20260804T153023696814Z,32de4882671eec0a9062962d0f5591f8e56969b134d0070652d21718d4563e66
6010,2026-08-05,14.59,14.72,14.54,14.65,647441,9478137.46,,,,render_normalized,tasi_2026-08-05_2026-08-05_20260805T153024437012Z,9fd93f225e2663ef72017465f1af6b5bb1e9f620c1b69c07a1f0fd54b850091a
6010,2026-08-06,14.67,14.67,14.36,14.36,536674,7787355.94,,,,render_normalized,tasi_2026-08-06_2026-08-06_20260806T153021501965Z,6ff377152d0ead67e84f33bc0daa618a818145aa8e2f551c9273431d88ac3851
6010,2026-08-09,14.4,14.53,14.33,14.34,321612,4626236.81,,,,render_normalized,tasi_2026-08-07_2026-08-09_20260809T153020287151Z,d7eb763bea83ef8684d027dfe3fb0fb7c951f2a9c34d7e37300eab6704449ed3
6010,2026-08-10,14.35,14.53,14.3,14.4,645211,9291045.72,,,,render_normalized,tasi_2026-08-10_2026-08-10_20260810T153020102570Z,84d11a25e4f1e5c1fd93cef767caa7b24135f07229eeaeab08169c657f7b53de
6010,2026-08-11,14.4,14.51,14.36,14.5,400543,5782021.35,,,,render_normalized,tasi_2026-08-11_2026-08-11_20260811T153022011718Z,2ca6395fd3fcc72ba670e2961883e5c743cbb0e78c08f0ae926df09c31320865
6010,2026-08-12,14.48,14.5,14.34,14.34,407151,5859979.21,,,,render_normalized,tasi_2026-08-12_2026-08-12_20260812T153021905708Z,8862a2d01571a3c9a9cdaef7d6c4c85e805809ad63506c8d9042aff3fa53b579
6010,2026-08-13,14.36,14.49,14.2,14.2,826481,11862134.34,,,,render_normalized,tasi_2026-08-13_2026-08-13_20260813T153020777659Z,e0b6e7e97827824585b899f3f5ae2a43f595aeae92435da9a370d3df14b68b99
6010,2026-08-16,14.41,14.51,14.32,14.36,392628,5652492.16,,,,render_normalized,tasi_2026-08-14_2026-08-16_20260816T153020395457Z,5392abdf5e4a97362d33f1f6287bf2bc003c7d4bb43d28918b8aa095af9310d7
6010,2026-08-17,14.35,14.51,14.3,14.3,618703,8907925.84,,,,render_normalized,tasi_2026-08-17_2026-08-17_20260817T153022794323Z,56ab1200186f32f6bf2b699463f355510bc0a3da931f38c90816013f38a2eaf0
6010,2026-08-18,14.38,14.53,14.33,14.42,304893,4404039.72,,,,render_normalized,tasi_2026-08-18_2026-08-18_20260818T153020653358Z,1cfd844fc98ba7ee716337d459294e8e314daaa0f85480a8e110399f3a6b856d
6010,2026-08-19,14.41,14.5,14.33,14.34,518102,7447749.65,,,,render_normalized,tasi_2026-08-19_2026-08-19_20260819T153022440747Z,c9f50859d8825bb8e17dc890cb696be42681eb6c5d61b3749a33257a86f3517b
6010,2026-08-20,14.4,14.63,14.4,14.59,797975,11582064.5,,,,render_normalized,tasi_2026-08-20_2026-08-28_20260827T215758538311Z,7a00d373848e778f83c80f1777575ad48a6a4c0c192fe2e6a4123b56ae26cdee
6010,2026-08-23,14.65,14.8,14.44,14.44,774914,11361991.82,,,,render_normalized,tasi_2026-08-20_2026-08-28_20260827T215758538311Z,7a00d373848e778f83c80f1777575ad48a6a4c0c192fe2e6a4123b56ae26cdee
6010,2026-08-24,14.46,14.7,14.43,14.65,556841,8129611.25,,,,render_normalized,tasi_2026-08-20_2026-08-28_20260827T215758538311Z,7a00d373848e778f83c80f1777575ad48a6a4c0c192fe2e6a4123b56ae26cdee
6010,2026-08-25,14.71,15.02,14.64,15.0,1415901,20998989.97,,,,render_normalized,tasi_2026-08-20_2026-08-28_20260827T215758538311Z,7a00d373848e778f83c80f1777575ad48a6a4c0c192fe2e6a4123b56ae26cdee
6010,2026-08-26,15.0,15.3,14.88,15.13,990744,14936701.66,,,,render_normalized,tasi_2026-08-20_2026-08-28_20260827T215758538311Z,7a00d373848e778f83c80f1777575ad48a6a4c0c192fe2e6a4123b56ae26cdee
6010,2026-08-27,15.12,15.47,15.06,15.3,830649,12750709.0,,,,render_normalized,tasi_2026-08-20_2026-08-28_20260827T215758538311Z,7a00d373848e778f83c80f1777575ad48a6a4c0c192fe2e6a4123b56ae26cdee
6010,2026-08-30,15.4,15.4,15.22,15.32,421571,6445354.93,,,,render_normalized,tasi_2026-08-29_2026-08-30_20260830T153021490619Z,40f2932d214f44ed867e412ffba0369130210869179423e6eadc9f965765cdba
6010,2026-08-31,15.25,15.31,15.2,15.3,341591,5212029.22,,,,render_normalized,tasi_2026-08-31_2026-08-31_20260831T153022596960Z,374b46eb50c52f8fd4d5c98f4b7cf8e0c79e078fd621a4b30f58d5382471b4af
6012,2026-08-02,14.91,15.17,14.75,14.97,48682,725751.69,,,,render_normalized,tasi_2026-07-31_2026-08-02_20260802T153020127593Z,2eb23ca39fcf0e44fa270e6e4d6a1341261e22b2abfbc789ec2875a29009248b
6012,2026-08-03,14.96,15.18,14.69,14.79,43305,641545.3,,,,render_normalized,tasi_2026-08-03_2026-08-03_20260803T153021496139Z,4b0f0fa9c3b343cf96fecea13101ae13ad2a21806fd55533770061ac5bb0689d
6012,2026-08-04,14.79,15.05,14.79,14.84,27280,406460.26,,,,render_normalized,tasi_2026-08-04_2026-08-04_20260804T153023696814Z,32de4882671eec0a9062962d0f5591f8e56969b134d0070652d21718d4563e66
6012,2026-08-05,14.84,15.45,14.6,14.8,128735,1937519.59,,,,render_normalized,tasi_2026-08-05_2026-08-05_20260805T153024437012Z,9fd93f225e2663ef72017465f1af6b5bb1e9f620c1b69c07a1f0fd54b850091a
6012,2026-08-06,14.99,15.09,14.57,14.66,47409,697328.21,,,,render_normalized,tasi_2026-08-06_2026-08-06_20260806T153021501965Z,6ff377152d0ead67e84f33bc0daa618a818145aa8e2f551c9273431d88ac3851
6012,2026-08-09,14.72,14.97,14.72,14.84,19258,286694.35,,,,render_normalized,tasi_2026-08-07_2026-08-09_20260809T153020287151Z,d7eb763bea83ef8684d027dfe3fb0fb7c951f2a9c34d7e37300eab6704449ed3
6012,2026-08-10,14.44,14.8,14.2,14.37,49806,715772.45,,,,render_normalized,tasi_2026-08-10_2026-08-10_20260810T153020102570Z,84d11a25e4f1e5c1fd93cef767caa7b24135f07229eeaeab08169c657f7b53de
6012,2026-08-11,14.2,14.37,13.93,14.23,42551,601667.26,,,,render_normalized,tasi_2026-08-11_2026-08-11_20260811T153022011718Z,2ca6395fd3fcc72ba670e2961883e5c743cbb0e78c08f0ae926df09c31320865
6012,2026-08-12,14.13,14.29,13.95,14.21,30073,424790.99,,,,render_normalized,tasi_2026-08-12_2026-08-12_20260812T153021905708Z,8862a2d01571a3c9a9cdaef7d6c4c85e805809ad63506c8d9042aff3fa53b579
6012,2026-08-13,14.27,14.66,13.99,14.55,48105,691825.46,,,,render_normalized,tasi_2026-08-13_2026-08-13_20260813T153020777659Z,e0b6e7e97827824585b899f3f5ae2a43f595aeae92435da9a370d3df14b68b99
6012,2026-08-16,14.55,16.0,14.43,16.0,510396,7998619.94,,,,render_normalized,tasi_2026-08-14_2026-08-16_20260816T153020395457Z,5392abdf5e4a97362d33f1f6287bf2bc003c7d4bb43d28918b8aa095af9310d7
6012,2026-08-17,17.6,17.6,17.21,17.6,223530,3932631.74,,,,render_normalized,tasi_2026-08-17_2026-08-17_20260817T153022794323Z,56ab1200186f32f6bf2b699463f355510bc0a3da931f38c90816013f38a2eaf0
6012,2026-08-18,17.77,18.1,16.8,16.8,512403,8863209.12,,,,render_normalized,tasi_2026-08-18_2026-08-18_20260818T153020653358Z,1cfd844fc98ba7ee716337d459294e8e314daaa0f85480a8e110399f3a6b856d
6012,2026-08-19,17.16,18.4,16.67,16.81,887672,15556981.45,,,,render_normalized,tasi_2026-08-19_2026-08-19_20260819T153022440747Z,c9f50859d8825bb8e17dc890cb696be42681eb6c5d61b3749a33257a86f3517b
6012,2026-08-20,16.72,17.99,16.04,17.24,1187746,20240993.64,,,,render_normalized,tasi_2026-08-20_2026-08-28_20260827T215758538311Z,7a00d373848e778f83c80f1777575ad48a6a4c0c192fe2e6a4123b56ae26cdee
6012,2026-08-23,17.25,18.96,17.25,17.82,1795556,32804962.57,,,,render_normalized,tasi_2026-08-20_2026-08-28_20260827T215758538311Z,7a00d373848e778f83c80f1777575ad48a6a4c0c192fe2e6a4123b56ae26cdee
6012,2026-08-24,18.1,18.1,17.42,17.45,465874,8218620.87,,,,render_normalized,tasi_2026-08-20_2026-08-28_20260827T215758538311Z,7a00d373848e778f83c80f1777575ad48a6a4c0c192fe2e6a4123b56ae26cdee
6012,2026-08-25,17.52,18.1,17.28,17.34,773326,13620554.71,,,,render_normalized,tasi_2026-08-20_2026-08-28_20260827T215758538311Z,7a00d373848e778f83c80f1777575ad48a6a4c0c192fe2e6a4123b56ae26cdee
6012,2026-08-26,17.45,17.49,17.11,17.13,207961,3595756.77,,,,render_normalized,tasi_2026-08-20_2026-08-28_20260827T215758538311Z,7a00d373848e778f83c80f1777575ad48a6a4c0c192fe2e6a4123b56ae26cdee
6012,2026-08-27,17.0,17.33,16.96,17.2,169525,2912040.46,,,,render_normalized,tasi_2026-08-20_2026-08-28_20260827T215758538311Z,7a00d373848e778f83c80f1777575ad48a6a4c0c192fe2e6a4123b56ae26cdee
6012,2026-08-30,17.2,17.28,17.01,17.19,98444,1685668.47,,,,render_normalized,tasi_2026-08-29_2026-08-30_20260830T153021490619Z,40f2932d214f44ed867e412ffba0369130210869179423e6eadc9f965765cdba
6012,2026-08-31,17.2,17.29,16.2,16.76,422252,7022291.29,,,,render_normalized,tasi_2026-08-31_2026-08-31_20260831T153022596960Z,374b46eb50c52f8fd4d5c98f4b7cf8e0c79e078fd621a4b30f58d5382471b4af
6013,2026-08-02,90.15,94.0,90.15,92.45,6877,632816.5,,,,render_normalized,tasi_2026-07-31_2026-08-02_20260802T153020127593Z,2eb23ca39fcf0e44fa270e6e4d6a1341261e22b2abfbc789ec2875a29009248b
6013,2026-08-03,94.0,94.0,92.4,92.6,12597,1175752.0,,,,render_normalized,tasi_2026-08-03_2026-08-03_20260803T153021496139Z,4b0f0fa9c3b343cf96fecea13101ae13ad2a21806fd55533770061ac5bb0689d
6013,2026-08-04,92.6,94.7,92.6,93.0,21992,2062419.6,,,,render_normalized,tasi_2026-08-04_2026-08-04_20260804T153023696814Z,32de4882671eec0a9062962d0f5591f8e56969b134d0070652d21718d4563e66
6013,2026-08-05,94.0,94.05,92.1,92.7,21722,2017448.55,,,,render_normalized,tasi_2026-08-05_2026-08-05_20260805T153024437012Z,9fd93f225e2663ef72017465f1af6b5bb1e9f620c1b69c07a1f0fd54b850091a
6013,2026-08-06,92.45,95.65,91.0,91.6,59821,5578279.55,,,,render_normalized,tasi_2026-08-06_2026-08-06_20260806T153021501965Z,6ff377152d0ead67e84f33bc0daa618a818145aa8e2f551c9273431d88ac3851
6013,2026-08-09,91.55,92.05,90.65,90.7,14508,1323513.35,,,,render_normalized,tasi_2026-08-07_2026-08-09_20260809T153020287151Z,d7eb763bea83ef8684d027dfe3fb0fb7c951f2a9c34d7e37300eab6704449ed3
6013,2026-08-10,90.55,90.9,89.2,90.15,8324,748959.95,,,,render_normalized,tasi_2026-08-10_2026-08-10_20260810T153020102570Z,84d11a25e4f1e5c1fd93cef767caa7b24135f07229eeaeab08169c657f7b53de
6013,2026-08-11,90.15,92.0,89.7,90.3,26669,2420451.75,,,,render_normalized,tasi_2026-08-11_2026-08-11_20260811T153022011718Z,2ca6395fd3fcc72ba670e2961883e5c743cbb0e78c08f0ae926df09c31320865
6013,2026-08-12,90.05,90.05,87.8,88.15,45131,3993431.35,,,,render_normalized,tasi_2026-08-12_2026-08-12_20260812T153021905708Z,8862a2d01571a3c9a9cdaef7d6c4c85e805809ad63506c8d9042aff3fa53b579
6013,2026-08-13,89.35,89.55,87.75,88.4,16975,1504428.5,,,,render_normalized,tasi_2026-08-13_2026-08-13_20260813T153020777659Z,e0b6e7e97827824585b899f3f5ae2a43f595aeae92435da9a370d3df14b68b99
6013,2026-08-16,90.05,91.6,89.05,89.75,18432,1670802.2,,,,render_normalized,tasi_2026-08-14_2026-08-16_20260816T153020395457Z,5392abdf5e4a97362d33f1f6287bf2bc003c7d4bb43d28918b8aa095af9310d7
6013,2026-08-17,89.8,90.95,89.5,89.6,10735,970662.15,,,,render_normalized,tasi_2026-08-17_2026-08-17_20260817T153022794323Z,56ab1200186f32f6bf2b699463f355510bc0a3da931f38c90816013f38a2eaf0
6013,2026-08-18,89.6,90.5,88.4,88.65,14775,1319914.5,,,,render_normalized,tasi_2026-08-18_2026-08-18_20260818T153020653358Z,1cfd844fc98ba7ee716337d459294e8e314daaa0f85480a8e110399f3a6b856d
6013,2026-08-19,89.1,89.3,88.4,89.1,10685,948699.8,,,,render_normalized,tasi_2026-08-19_2026-08-19_20260819T153022440747Z,c9f50859d8825bb8e17dc890cb696be42681eb6c5d61b3749a33257a86f3517b
6013,2026-08-20,89.0,89.85,88.3,88.35,26593,2366600.25,,,,render_normalized,tasi_2026-08-20_2026-08-28_20260827T215758538311Z,7a00d373848e778f83c80f1777575ad48a6a4c0c192fe2e6a4123b56ae26cdee
6013,2026-08-23,88.05,90.4,88.05,89.05,18900,1697527.45,,,,render_normalized,tasi_2026-08-20_2026-08-28_20260827T215758538311Z,7a00d373848e778f83c80f1777575ad48a6a4c0c192fe2e6a4123b56ae26cdee
6013,2026-08-24,90.3,94.85,89.5,93.1,105434,9816386.7,,,,render_normalized,tasi_2026-08-20_2026-08-28_20260827T215758538311Z,7a00d373848e778f83c80f1777575ad48a6a4c0c192fe2e6a4123b56ae26cdee
6013,2026-08-25,94.2,94.2,91.55,91.7,16534,1528538.65,,,,render_normalized,tasi_2026-08-20_2026-08-28_20260827T215758538311Z,7a00d373848e778f83c80f1777575ad48a6a4c0c192fe2e6a4123b56ae26cdee
6013,2026-08-26,91.7,94.2,91.7,92.7,26846,2501945.8,,,,render_normalized,tasi_2026-08-20_2026-08-28_20260827T215758538311Z,7a00d373848e778f83c80f1777575ad48a6a4c0c192fe2e6a4123b56ae26cdee
6013,2026-08-27,92.35,93.35,91.75,91.95,25008,2311363.5,,,,render_normalized,tasi_2026-08-20_2026-08-28_20260827T215758538311Z,7a00d373848e778f83c80f1777575ad48a6a4c0c192fe2e6a4123b56ae26cdee
6013,2026-08-30,92.0,92.5,89.1,89.5,38107,3443709.2,,,,render_normalized,tasi_2026-08-29_2026-08-30_20260830T153021490619Z,40f2932d214f44ed867e412ffba0369130210869179423e6eadc9f965765cdba
6013,2026-08-31,89.5,92.0,89.3,91.1,40028,3641264.15,,,,render_normalized,tasi_2026-08-31_2026-08-31_20260831T153022596960Z,374b46eb50c52f8fd4d5c98f4b7cf8e0c79e078fd621a4b30f58d5382471b4af
6014,2026-08-02,36.68,37.66,36.68,37.42,20337,757255.14,,,,render_normalized,tasi_2026-07-31_2026-08-02_20260802T153020127593Z,2eb23ca39fcf0e44fa270e6e4d6a1341261e22b2abfbc789ec2875a29009248b
6014,2026-08-03,37.78,38.24,37.24,38.12,71998,2725585.98,,,,render_normalized,tasi_2026-08-03_2026-08-03_20260803T153021496139Z,4b0f0fa9c3b343cf96fecea13101ae13ad2a21806fd55533770061ac5bb0689d
6014,2026-08-04,37.84,39.1,37.84,38.86,148855,5749338.82,,,,render_normalized,tasi_2026-08-04_2026-08-04_20260804T153023696814Z,32de4882671eec0a9062962d0f5591f8e56969b134d0070652d21718d4563e66
6014,2026-08-05,39.4,40.8,39.2,39.68,544431,21827341.38,,,,render_normalized,tasi_2026-08-05_2026-08-05_20260805T153024437012Z,9fd93f225e2663ef72017465f1af6b5bb1e9f620c1b69c07a1f0fd54b850091a
6014,2026-08-06,39.22,39.58,38.8,39.26,119072,4651087.64,,,,render_normalized,tasi_2026-08-06_2026-08-06_20260806T153021501965Z,6ff377152d0ead67e84f33bc0daa618a818145aa8e2f551c9273431d88ac3851
6014,2026-08-09,39.88,41.18,38.98,41.1,279722,11311756.2,,,,render_normalized,tasi_2026-08-07_2026-08-09_20260809T153020287151Z,d7eb763bea83ef8684d027dfe3fb0fb7c951f2a9c34d7e37300eab6704449ed3
6014,2026-08-10,41.24,41.46,40.22,40.22,123615,5030928.2,,,,render_normalized,tasi_2026-08-10_2026-08-10_20260810T153020102570Z,84d11a25e4f1e5c1fd93cef767caa7b24135f07229eeaeab08169c657f7b53de
6014,2026-08-11,40.2,40.38,39.8,40.22,77607,3106182.82,,,,render_normalized,tasi_2026-08-11_2026-08-11_20260811T153022011718Z,2ca6395fd3fcc72ba670e2961883e5c743cbb0e78c08f0ae926df09c31320865
6014,2026-08-12,40.2,40.74,39.9,40.18,112557,4526519.82,,,,render_normalized,tasi_2026-08-12_2026-08-12_20260812T153021905708Z,8862a2d01571a3c9a9cdaef7d6c4c85e805809ad63506c8d9042aff3fa53b579
6014,2026-08-13,39.94,42.74,39.94,42.6,509035,21357959.8,,,,render_normalized,tasi_2026-08-13_2026-08-13_20260813T153020777659Z,e0b6e7e97827824585b899f3f5ae2a43f595aeae92435da9a370d3df14b68b99
6014,2026-08-16,42.86,42.88,42.0,42.0,80124,3396045.76,,,,render_normalized,tasi_2026-08-14_2026-08-16_20260816T153020395457Z,5392abdf5e4a97362d33f1f6287bf2bc003c7d4bb43d28918b8aa095af9310d7
6014,2026-08-17,41.86,42.4,41.86,42.16,53029,2233851.44,,,,render_normalized,tasi_2026-08-17_2026-08-17_20260817T153022794323Z,56ab1200186f32f6bf2b699463f355510bc0a3da931f38c90816013f38a2eaf0
6014,2026-08-18,42.16,42.8,41.9,42.24,167540,7099108.98,,,,render_normalized,tasi_2026-08-18_2026-08-18_20260818T153020653358Z,1cfd844fc98ba7ee716337d459294e8e314daaa0f85480a8e110399f3a6b856d
6014,2026-08-19,41.54,42.24,41.54,42.14,85814,3602918.06,,,,render_normalized,tasi_2026-08-19_2026-08-19_20260819T153022440747Z,c9f50859d8825bb8e17dc890cb696be42681eb6c5d61b3749a33257a86f3517b
6014,2026-08-20,41.7,42.28,41.3,42.04,94471,3947379.28,,,,render_normalized,tasi_2026-08-20_2026-08-28_20260827T215758538311Z,7a00d373848e778f83c80f1777575ad48a6a4c0c192fe2e6a4123b56ae26cdee
6014,2026-08-23,42.04,42.66,41.98,42.3,74209,3137161.66,,,,render_normalized,tasi_2026-08-20_2026-08-28_20260827T215758538311Z,7a00d373848e778f83c80f1777575ad48a6a4c0c192fe2e6a4123b56ae26cdee
6014,2026-08-24,42.5,42.5,41.64,41.94,104823,4394657.64,,,,render_normalized,tasi_2026-08-20_2026-08-28_20260827T215758538311Z,7a00d373848e778f83c80f1777575ad48a6a4c0c192fe2e6a4123b56ae26cdee
6014,2026-08-25,41.9,42.28,41.8,42.2,44738,1883157.02,,,,render_normalized,tasi_2026-08-20_2026-08-28_20260827T215758538311Z,7a00d373848e778f83c80f1777575ad48a6a4c0c192fe2e6a4123b56ae26cdee
6014,2026-08-26,42.2,42.38,42.0,42.36,71219,3005917.2,,,,render_normalized,tasi_2026-08-20_2026-08-28_20260827T215758538311Z,7a00d373848e778f83c80f1777575ad48a6a4c0c192fe2e6a4123b56ae26cdee
6014,2026-08-27,42.4,43.0,42.28,42.54,132658,5654691.54,,,,render_normalized,tasi_2026-08-20_2026-08-28_20260827T215758538311Z,7a00d373848e778f83c80f1777575ad48a6a4c0c192fe2e6a4123b56ae26cdee
6014,2026-08-30,42.5,42.76,41.9,41.9,39177,1650487.22,,,,render_normalized,tasi_2026-08-29_2026-08-30_20260830T153021490619Z,40f2932d214f44ed867e412ffba0369130210869179423e6eadc9f965765cdba
6014,2026-08-31,41.8,42.5,41.8,42.1,64701,2729501.98,,,,render_normalized,tasi_2026-08-31_2026-08-31_20260831T153022596960Z,374b46eb50c52f8fd4d5c98f4b7cf8e0c79e078fd621a4b30f58d5382471b4af
6015,2026-08-02,2.24,2.24,2.2,2.22,15364635,34115873.88,,,,render_normalized,tasi_2026-07-31_2026-08-02_20260802T153020127593Z,2eb23ca39fcf0e44fa270e6e4d6a1341261e22b2abfbc789ec2875a29009248b
6015,2026-08-03,2.23,2.3,2.23,2.28,38769003,88380251.15,,,,render_normalized,tasi_2026-08-03_2026-08-03_20260803T153021496139Z,4b0f0fa9c3b343cf96fecea13101ae13ad2a21806fd55533770061ac5bb0689d
6015,2026-08-04,2.3,2.31,2.27,2.3,18226112,41805575.03,,,,render_normalized,tasi_2026-08-04_2026-08-04_20260804T153023696814Z,32de4882671eec0a9062962d0f5591f8e56969b134d0070652d21718d4563e66
6015,2026-08-05,2.28,2.29,2.25,2.29,19127262,43486500.07,,,,render_normalized,tasi_2026-08-05_2026-08-05_20260805T153024437012Z,9fd93f225e2663ef72017465f1af6b5bb1e9f620c1b69c07a1f0fd54b850091a
6015,2026-08-06,2.29,2.35,2.28,2.34,25061339,58048107.35,,,,render_normalized,tasi_2026-08-06_2026-08-06_20260806T153021501965Z,6ff377152d0ead67e84f33bc0daa618a818145aa8e2f551c9273431d88ac3851
6015,2026-08-09,2.34,2.43,2.34,2.37,26909636,64202625.06,,,,render_normalized,tasi_2026-08-07_2026-08-09_20260809T153020287151Z,d7eb763bea83ef8684d027dfe3fb0fb7c951f2a9c34d7e37300eab6704449ed3
6015,2026-08-10,2.37,2.41,2.33,2.34,28928208,68475087.71,,,,render_normalized,tasi_2026-08-10_2026-08-10_20260810T153020102570Z,84d11a25e4f1e5c1fd93cef767caa7b24135f07229eeaeab08169c657f7b53de
6015,2026-08-11,2.34,2.34,2.29,2.31,21375200,49363975.49,,,,render_normalized,tasi_2026-08-11_2026-08-11_20260811T153022011718Z,2ca6395fd3fcc72ba670e2961883e5c743cbb0e78c08f0ae926df09c31320865
6015,2026-08-12,2.3,2.4,2.3,2.38,22562421,53379677.01,,,,render_normalized,tasi_2026-08-12_2026-08-12_20260812T153021905708Z,8862a2d01571a3c9a9cdaef7d6c4c85e805809ad63506c8d9042aff3fa53b579
6015,2026-08-13,2.4,2.43,2.38,2.4,31674569,76351446.26,,,,render_normalized,tasi_2026-08-13_2026-08-13_20260813T153020777659Z,e0b6e7e97827824585b899f3f5ae2a43f595aeae92435da9a370d3df14b68b99
6015,2026-08-16,2.43,2.48,2.39,2.45,27709304,67530659.28,,,,render_normalized,tasi_2026-08-14_2026-08-16_20260816T153020395457Z,5392abdf5e4a97362d33f1f6287bf2bc003c7d4bb43d28918b8aa095af9310d7
6015,2026-08-17,2.46,2.48,2.39,2.44,35607511,86612697.88,,,,render_normalized,tasi_2026-08-17_2026-08-17_20260817T153022794323Z,56ab1200186f32f6bf2b699463f355510bc0a3da931f38c90816013f38a2eaf0
6015,2026-08-18,2.44,2.51,2.44,2.46,40524679,100576925.99,,,,render_normalized,tasi_2026-08-18_2026-08-18_20260818T153020653358Z,1cfd844fc98ba7ee716337d459294e8e314daaa0f85480a8e110399f3a6b856d
6015,2026-08-19,2.46,2.47,2.43,2.46,17268612,42264973.53,,,,render_normalized,tasi_2026-08-19_2026-08-19_20260819T153022440747Z,c9f50859d8825bb8e17dc890cb696be42681eb6c5d61b3749a33257a86f3517b
6015,2026-08-20,2.46,2.49,2.42,2.43,22226086,54588403.71,,,,render_normalized,tasi_2026-08-20_2026-08-28_20260827T215758538311Z,7a00d373848e778f83c80f1777575ad48a6a4c0c192fe2e6a4123b56ae26cdee
6015,2026-08-23,2.43,2.46,2.4,2.41,14263463,34716202.79,,,,render_normalized,tasi_2026-08-20_2026-08-28_20260827T215758538311Z,7a00d373848e778f83c80f1777575ad48a6a4c0c192fe2e6a4123b56ae26cdee
6015,2026-08-24,2.41,2.43,2.35,2.37,34950080,83639468.08,,,,render_normalized,tasi_2026-08-20_2026-08-28_20260827T215758538311Z,7a00d373848e778f83c80f1777575ad48a6a4c0c192fe2e6a4123b56ae26cdee
6015,2026-08-25,2.36,2.38,2.33,2.37,16446061,38761574.77,,,,render_normalized,tasi_2026-08-20_2026-08-28_20260827T215758538311Z,7a00d373848e778f83c80f1777575ad48a6a4c0c192fe2e6a4123b56ae26cdee
6015,2026-08-26,2.38,2.41,2.37,2.37,12297055,29351025.65,,,,render_normalized,tasi_2026-08-20_2026-08-28_20260827T215758538311Z,7a00d373848e778f83c80f1777575ad48a6a4c0c192fe2e6a4123b56ae26cdee
6015,2026-08-27,2.37,2.4,2.35,2.36,8367425,19873452.69,,,,render_normalized,tasi_2026-08-20_2026-08-28_20260827T215758538311Z,7a00d373848e778f83c80f1777575ad48a6a4c0c192fe2e6a4123b56ae26cdee
6015,2026-08-30,2.4,2.46,2.4,2.46,17276880,42091174.85,,,,render_normalized,tasi_2026-08-29_2026-08-30_20260830T153021490619Z,40f2932d214f44ed867e412ffba0369130210869179423e6eadc9f965765cdba
6015,2026-08-31,2.46,2.49,2.4,2.49,28369387,69739467.08,,,,render_normalized,tasi_2026-08-31_2026-08-31_20260831T153022596960Z,374b46eb50c52f8fd4d5c98f4b7cf8e0c79e078fd621a4b30f58d5382471b4af
6016,2026-08-02,7.21,7.6,7.16,7.3,903482,6686198.75,,,,render_normalized,tasi_2026-07-31_2026-08-02_20260802T153020127593Z,2eb23ca39fcf0e44fa270e6e4d6a1341261e22b2abfbc789ec2875a29009248b
6016,2026-08-03,7.29,7.54,7.29,7.5,471543,3511587.65,,,,render_normalized,tasi_2026-08-03_2026-08-03_20260803T153021496139Z,4b0f0fa9c3b343cf96fecea13101ae13ad2a21806fd55533770061ac5bb0689d
6016,2026-08-04,7.59,7.71,7.49,7.62,1075113,8173661.45,,,,render_normalized,tasi_2026-08-04_2026-08-04_20260804T153023696814Z,32de4882671eec0a9062962d0f5591f8e56969b134d0070652d21718d4563e66
6016,2026-08-05,7.58,7.68,7.58,7.58,424823,3237383.6,,,,render_normalized,tasi_2026-08-05_2026-08-05_20260805T153024437012Z,9fd93f225e2663ef72017465f1af6b5bb1e9f620c1b69c07a1f0fd54b850091a
6016,2026-08-06,7.65,7.65,7.5,7.53,193489,1457753.26,,,,render_normalized,tasi_2026-08-06_2026-08-06_20260806T153021501965Z,6ff377152d0ead67e84f33bc0daa618a818145aa8e2f551c9273431d88ac3851
6016,2026-08-09,7.51,7.6,7.49,7.51,226778,1706124.74,,,,render_normalized,tasi_2026-08-07_2026-08-09_20260809T153020287151Z,d7eb763bea83ef8684d027dfe3fb0fb7c951f2a9c34d7e37300eab6704449ed3
6016,2026-08-10,7.51,7.51,7.42,7.49,130636,975835.15,,,,render_normalized,tasi_2026-08-10_2026-08-10_20260810T153020102570Z,84d11a25e4f1e5c1fd93cef767caa7b24135f07229eeaeab08169c657f7b53de
6016,2026-08-11,7.45,7.49,7.42,7.45,112239,836313.78,,,,render_normalized,tasi_2026-08-11_2026-08-11_20260811T153022011718Z,2ca6395fd3fcc72ba670e2961883e5c743cbb0e78c08f0ae926df09c31320865
6016,2026-08-12,7.41,7.44,7.36,7.39,136591,1010822.01,,,,render_normalized,tasi_2026-08-12_2026-08-12_20260812T153021905708Z,8862a2d01571a3c9a9cdaef7d6c4c85e805809ad63506c8d9042aff3fa53b579
6016,2026-08-13,7.35,7.52,7.35,7.41,493362,3668104.14,,,,render_normalized,tasi_2026-08-13_2026-08-13_20260813T153020777659Z,e0b6e7e97827824585b899f3f5ae2a43f595aeae92435da9a370d3df14b68b99
6016,2026-08-16,7.51,7.55,7.42,7.43,282062,2115973.11,,,,render_normalized,tasi_2026-08-14_2026-08-16_20260816T153020395457Z,5392abdf5e4a97362d33f1f6287bf2bc003c7d4bb43d28918b8aa095af9310d7
6016,2026-08-17,7.44,7.44,7.25,7.34,293153,2143924.94,,,,render_normalized,tasi_2026-08-17_2026-08-17_20260817T153022794323Z,56ab1200186f32f6bf2b699463f355510bc0a3da931f38c90816013f38a2eaf0
6016,2026-08-18,7.23,7.33,7.22,7.22,494634,3588628.21,,,,render_normalized,tasi_2026-08-18_2026-08-18_20260818T153020653358Z,1cfd844fc98ba7ee716337d459294e8e314daaa0f85480a8e110399f3a6b856d
6016,2026-08-19,7.22,7.3,7.16,7.29,165106,1189837.42,,,,render_normalized,tasi_2026-08-19_2026-08-19_20260819T153022440747Z,c9f50859d8825bb8e17dc890cb696be42681eb6c5d61b3749a33257a86f3517b
6016,2026-08-20,7.27,7.32,7.22,7.25,243506,1772034.59,,,,render_normalized,tasi_2026-08-20_2026-08-28_20260827T215758538311Z,7a00d373848e778f83c80f1777575ad48a6a4c0c192fe2e6a4123b56ae26cdee
6016,2026-08-23,7.26,7.53,7.26,7.42,1050731,7807351.23,,,,render_normalized,tasi_2026-08-20_2026-08-28_20260827T215758538311Z,7a00d373848e778f83c80f1777575ad48a6a4c0c192fe2e6a4123b56ae26cdee
6016,2026-08-24,7.5,7.5,7.35,7.35,224830,1661928.04,,,,render_normalized,tasi_2026-08-20_2026-08-28_20260827T215758538311Z,7a00d373848e778f83c80f1777575ad48a6a4c0c192fe2e6a4123b56ae26cdee
6016,2026-08-25,7.35,7.42,7.31,7.34,202794,1493353.02,,,,render_normalized,tasi_2026-08-20_2026-08-28_20260827T215758538311Z,7a00d373848e778f83c80f1777575ad48a6a4c0c192fe2e6a4123b56ae26cdee
6016,2026-08-26,7.34,7.4,7.33,7.33,129468,952247.31,,,,render_normalized,tasi_2026-08-20_2026-08-28_20260827T215758538311Z,7a00d373848e778f83c80f1777575ad48a6a4c0c192fe2e6a4123b56ae26cdee
6016,2026-08-27,7.34,7.49,7.32,7.36,475742,3527535.53,,,,render_normalized,tasi_2026-08-20_2026-08-28_20260827T215758538311Z,7a00d373848e778f83c80f1777575ad48a6a4c0c192fe2e6a4123b56ae26cdee
6016,2026-08-30,7.4,7.49,7.37,7.39,204237,1516781.37,,,,render_normalized,tasi_2026-08-29_2026-08-30_20260830T153021490619Z,40f2932d214f44ed867e412ffba0369130210869179423e6eadc9f965765cdba
6016,2026-08-31,7.38,7.39,7.32,7.33,121187,890114.51,,,,render_normalized,tasi_2026-08-31_2026-08-31_20260831T153022596960Z,374b46eb50c52f8fd4d5c98f4b7cf8e0c79e078fd621a4b30f58d5382471b4af
6017,2026-08-02,11.26,11.5,11.26,11.38,373541,4256185.22,,,,render_normalized,tasi_2026-07-31_2026-08-02_20260802T153020127593Z,2eb23ca39fcf0e44fa270e6e4d6a1341261e22b2abfbc789ec2875a29009248b
6017,2026-08-03,11.41,11.77,11.37,11.75,683217,7939955.68,,,,render_normalized,tasi_2026-08-03_2026-08-03_20260803T153021496139Z,4b0f0fa9c3b343cf96fecea13101ae13ad2a21806fd55533770061ac5bb0689d
6017,2026-08-04,11.75,12.19,11.68,12.16,1106305,13202651.7,,,,render_normalized,tasi_2026-08-04_2026-08-04_20260804T153023696814Z,32de4882671eec0a9062962d0f5591f8e56969b134d0070652d21718d4563e66
6017,2026-08-05,12.2,12.32,12.01,12.09,544222,6602959.4,,,,render_normalized,tasi_2026-08-05_2026-08-05_20260805T153024437012Z,9fd93f225e2663ef72017465f1af6b5bb1e9f620c1b69c07a1f0fd54b850091a
6017,2026-08-06,12.06,12.21,11.84,12.02,994590,11969398.89,,,,render_normalized,tasi_2026-08-06_2026-08-06_20260806T153021501965Z,6ff377152d0ead67e84f33bc0daa618a818145aa8e2f551c9273431d88ac3851
6017,2026-08-09,12.03,12.3,11.95,12.04,362207,4363719.86,,,,render_normalized,tasi_2026-08-07_2026-08-09_20260809T153020287151Z,d7eb763bea83ef8684d027dfe3fb0fb7c951f2a9c34d7e37300eab6704449ed3
6017,2026-08-10,11.65,11.93,11.41,11.74,1290632,15103866.31,,,,render_normalized,tasi_2026-08-10_2026-08-10_20260810T153020102570Z,84d11a25e4f1e5c1fd93cef767caa7b24135f07229eeaeab08169c657f7b53de
6017,2026-08-11,11.6,11.79,11.47,11.6,580208,6728457.08,,,,render_normalized,tasi_2026-08-11_2026-08-11_20260811T153022011718Z,2ca6395fd3fcc72ba670e2961883e5c743cbb0e78c08f0ae926df09c31320865
6017,2026-08-12,11.52,11.6,11.48,11.48,812771,9364715.56,,,,render_normalized,tasi_2026-08-12_2026-08-12_20260812T153021905708Z,8862a2d01571a3c9a9cdaef7d6c4c85e805809ad63506c8d9042aff3fa53b579
6017,2026-08-13,11.48,11.6,11.39,11.5,768334,8834433.55,,,,render_normalized,tasi_2026-08-13_2026-08-13_20260813T153020777659Z,e0b6e7e97827824585b899f3f5ae2a43f595aeae92435da9a370d3df14b68b99
6017,2026-08-16,11.58,11.84,11.54,11.63,368419,4294706.42,,,,render_normalized,tasi_2026-08-14_2026-08-16_20260816T153020395457Z,5392abdf5e4a97362d33f1f6287bf2bc003c7d4bb43d28918b8aa095af9310d7
6017,2026-08-17,11.63,11.63,11.36,11.38,576544,6600267.87,,,,render_normalized,tasi_2026-08-17_2026-08-17_20260817T153022794323Z,56ab1200186f32f6bf2b699463f355510bc0a3da931f38c90816013f38a2eaf0
6017,2026-08-18,11.5,12.1,11.49,11.76,1811388,21496016.15,,,,render_normalized,tasi_2026-08-18_2026-08-18_20260818T153020653358Z,1cfd844fc98ba7ee716337d459294e8e314daaa0f85480a8e110399f3a6b856d
6017,2026-08-19,11.76,12.29,11.66,12.01,1980854,23876920.9,,,,render_normalized,tasi_2026-08-19_2026-08-19_20260819T153022440747Z,c9f50859d8825bb8e17dc890cb696be42681eb6c5d61b3749a33257a86f3517b
6017,2026-08-20,12.29,12.29,11.96,11.96,763558,9236014.11,,,,render_normalized,tasi_2026-08-20_2026-08-28_20260827T215758538311Z,7a00d373848e778f83c80f1777575ad48a6a4c0c192fe2e6a4123b56ae26cdee
6017,2026-08-23,12.05,12.9,12.05,12.59,2931746,36943497.1,,,,render_normalized,tasi_2026-08-20_2026-08-28_20260827T215758538311Z,7a00d373848e778f83c80f1777575ad48a6a4c0c192fe2e6a4123b56ae26cdee
6017,2026-08-24,12.68,12.85,12.55,12.57,859154,10883097.82,,,,render_normalized,tasi_2026-08-20_2026-08-28_20260827T215758538311Z,7a00d373848e778f83c80f1777575ad48a6a4c0c192fe2e6a4123b56ae26cdee
6017,2026-08-25,12.57,12.62,12.3,12.31,738214,9195993.74,,,,render_normalized,tasi_2026-08-20_2026-08-28_20260827T215758538311Z,7a00d373848e778f83c80f1777575ad48a6a4c0c192fe2e6a4123b56ae26cdee
6017,2026-08-26,12.42,12.47,12.28,12.37,734346,9099091.25,,,,render_normalized,tasi_2026-08-20_2026-08-28_20260827T215758538311Z,7a00d373848e778f83c80f1777575ad48a6a4c0c192fe2e6a4123b56ae26cdee
6017,2026-08-27,12.39,13.13,12.34,12.61,2697404,34418159.25,,,,render_normalized,tasi_2026-08-20_2026-08-28_20260827T215758538311Z,7a00d373848e778f83c80f1777575ad48a6a4c0c192fe2e6a4123b56ae26cdee
6017,2026-08-30,12.79,13.18,12.75,12.97,2034591,26471707.16,,,,render_normalized,tasi_2026-08-29_2026-08-30_20260830T153021490619Z,40f2932d214f44ed867e412ffba0369130210869179423e6eadc9f965765cdba
6017,2026-08-31,12.99,13.08,12.66,13.08,730239,9337184.51,,,,render_normalized,tasi_2026-08-31_2026-08-31_20260831T153022596960Z,374b46eb50c52f8fd4d5c98f4b7cf8e0c79e078fd621a4b30f58d5382471b4af
6018,2026-08-02,7.1,7.53,7.03,7.17,11736897,85664373.94,,,,render_normalized,tasi_2026-07-31_2026-08-02_20260802T153020127593Z,2eb23ca39fcf0e44fa270e6e4d6a1341261e22b2abfbc789ec2875a29009248b
6018,2026-08-03,7.18,7.44,7.17,7.37,5331119,39100478.79,,,,render_normalized,tasi_2026-08-03_2026-08-03_20260803T153021496139Z,4b0f0fa9c3b343cf96fecea13101ae13ad2a21806fd55533770061ac5bb0689d
6018,2026-08-04,7.35,7.63,7.34,7.5,6225910,46642376.16,,,,render_normalized,tasi_2026-08-04_2026-08-04_20260804T153023696814Z,32de4882671eec0a9062962d0f5591f8e56969b134d0070652d21718d4563e66
6018,2026-08-05,7.5,8.25,7.43,8.25,13826357,111158123.03,,,,render_normalized,tasi_2026-08-05_2026-08-05_20260805T153024437012Z,9fd93f225e2663ef72017465f1af6b5bb1e9f620c1b69c07a1f0fd54b850091a
6018,2026-08-06,8.36,8.43,7.83,7.93,7249374,58245639.01,,,,render_normalized,tasi_2026-08-06_2026-08-06_20260806T153021501965Z,6ff377152d0ead67e84f33bc0daa618a818145aa8e2f551c9273431d88ac3851
6018,2026-08-09,8.1,8.2,7.92,8.09,3480986,28087770.72,,,,render_normalized,tasi_2026-08-07_2026-08-09_20260809T153020287151Z,d7eb763bea83ef8684d027dfe3fb0fb7c951f2a9c34d7e37300eab6704449ed3
6018,2026-08-10,8.02,8.22,7.95,8.21,3144519,25460222.29,,,,render_normalized,tasi_2026-08-10_2026-08-10_20260810T153020102570Z,84d11a25e4f1e5c1fd93cef767caa7b24135f07229eeaeab08169c657f7b53de
6018,2026-08-11,8.21,8.33,8.0,8.06,3227841,26397627.01,,,,render_normalized,tasi_2026-08-11_2026-08-11_20260811T153022011718Z,2ca6395fd3fcc72ba670e2961883e5c743cbb0e78c08f0ae926df09c31320865
6018,2026-08-12,8.05,8.3,8.0,8.24,2834704,23091279.62,,,,render_normalized,tasi_2026-08-12_2026-08-12_20260812T153021905708Z,8862a2d01571a3c9a9cdaef7d6c4c85e805809ad63506c8d9042aff3fa53b579
6018,2026-08-13,8.28,8.79,8.22,8.43,7267572,62104596.99,,,,render_normalized,tasi_2026-08-13_2026-08-13_20260813T153020777659Z,e0b6e7e97827824585b899f3f5ae2a43f595aeae92435da9a370d3df14b68b99
6018,2026-08-16,8.65,8.7,8.42,8.5,2120450,18154039.4,,,,render_normalized,tasi_2026-08-14_2026-08-16_20260816T153020395457Z,5392abdf5e4a97362d33f1f6287bf2bc003c7d4bb43d28918b8aa095af9310d7
6018,2026-08-17,8.43,8.52,8.37,8.37,1451637,12260768.27,,,,render_normalized,tasi_2026-08-17_2026-08-17_20260817T153022794323Z,56ab1200186f32f6bf2b699463f355510bc0a3da931f38c90816013f38a2eaf0
6018,2026-08-18,8.37,8.47,8.3,8.35,1137918,9548871.15,,,,render_normalized,tasi_2026-08-18_2026-08-18_20260818T153020653358Z,1cfd844fc98ba7ee716337d459294e8e314daaa0f85480a8e110399f3a6b856d
6018,2026-08-19,8.35,8.36,8.2,8.3,1012829,8435366.79,,,,render_normalized,tasi_2026-08-19_2026-08-19_20260819T153022440747Z,c9f50859d8825bb8e17dc890cb696be42681eb6c5d61b3749a33257a86f3517b
6018,2026-08-20,8.3,8.53,8.3,8.43,2267422,19112547.14,,,,render_normalized,tasi_2026-08-20_2026-08-28_20260827T215758538311Z,7a00d373848e778f83c80f1777575ad48a6a4c0c192fe2e6a4123b56ae26cdee
6018,2026-08-23,8.54,8.54,8.32,8.36,1380013,11601137.77,,,,render_normalized,tasi_2026-08-20_2026-08-28_20260827T215758538311Z,7a00d373848e778f83c80f1777575ad48a6a4c0c192fe2e6a4123b56ae26cdee
6018,2026-08-24,8.36,8.5,8.36,8.5,976376,8248210.63,,,,render_normalized,tasi_2026-08-20_2026-08-28_20260827T215758538311Z,7a00d373848e778f83c80f1777575ad48a6a4c0c192fe2e6a4123b56ae26cdee
6018,2026-08-25,8.53,8.59,8.44,8.44,1249848,10654214.36,,,,render_normalized,tasi_2026-08-20_2026-08-28_20260827T215758538311Z,7a00d373848e778f83c80f1777575ad48a6a4c0c192fe2e6a4123b56ae26cdee
6018,2026-08-26,8.44,8.54,8.4,8.46,1090355,9241642.97,,,,render_normalized,tasi_2026-08-20_2026-08-28_20260827T215758538311Z,7a00d373848e778f83c80f1777575ad48a6a4c0c192fe2e6a4123b56ae26cdee
6018,2026-08-27,8.45,8.52,8.3,8.33,1063723,8909688.66,,,,render_normalized,tasi_2026-08-20_2026-08-28_20260827T215758538311Z,7a00d373848e778f83c80f1777575ad48a6a4c0c192fe2e6a4123b56ae26cdee
6018,2026-08-30,8.32,8.42,8.24,8.25,665893,5534097.1,,,,render_normalized,tasi_2026-08-29_2026-08-30_20260830T153021490619Z,40f2932d214f44ed867e412ffba0369130210869179423e6eadc9f965765cdba
6018,2026-08-31,8.24,8.24,7.99,8.12,3448888,27867631.3,,,,render_normalized,tasi_2026-08-31_2026-08-31_20260831T153022596960Z,374b46eb50c52f8fd4d5c98f4b7cf8e0c79e078fd621a4b30f58d5382471b4af
6019,2026-08-02,22.28,23.2,22.28,22.51,10362,233637.83,,,,render_normalized,tasi_2026-07-31_2026-08-02_20260802T153020127593Z,2eb23ca39fcf0e44fa270e6e4d6a1341261e22b2abfbc789ec2875a29009248b
6019,2026-08-03,22.29,23.09,22.22,23.09,43544,995241.56,,,,render_normalized,tasi_2026-08-03_2026-08-03_20260803T153021496139Z,4b0f0fa9c3b343cf96fecea13101ae13ad2a21806fd55533770061ac5bb0689d
6019,2026-08-04,23.2,23.22,22.86,23.01,51568,1186142.34,,,,render_normalized,tasi_2026-08-04_2026-08-04_20260804T153023696814Z,32de4882671eec0a9062962d0f5591f8e56969b134d0070652d21718d4563e66
6019,2026-08-05,23.33,23.35,22.82,23.28,105791,2447479.68,,,,render_normalized,tasi_2026-08-05_2026-08-05_20260805T153024437012Z,9fd93f225e2663ef72017465f1af6b5bb1e9f620c1b69c07a1f0fd54b850091a
6019,2026-08-06,23.45,23.45,23.0,23.04,77372,1794478.69,,,,render_normalized,tasi_2026-08-06_2026-08-06_20260806T153021501965Z,6ff377152d0ead67e84f33bc0daa618a818145aa8e2f551c9273431d88ac3851
6019,2026-08-09,23.02,23.3,23.0,23.0,18956,438810.19,,,,render_normalized,tasi_2026-08-07_2026-08-09_20260809T153020287151Z,d7eb763bea83ef8684d027dfe3fb0fb7c951f2a9c34d7e37300eab6704449ed3
6019,2026-08-10,22.9,24.0,22.72,23.72,143454,3376542.73,,,,render_normalized,tasi_2026-08-10_2026-08-10_20260810T153020102570Z,84d11a25e4f1e5c1fd93cef767caa7b24135f07229eeaeab08169c657f7b53de
6019,2026-08-11,24.5,25.78,23.72,25.5,852466,21307260.36,,,,render_normalized,tasi_2026-08-11_2026-08-11_20260811T153022011718Z,2ca6395fd3fcc72ba670e2961883e5c743cbb0e78c08f0ae926df09c31320865
6019,2026-08-12,25.24,26.98,25.0,25.74,596984,15605854.52,,,,render_normalized,tasi_2026-08-12_2026-08-12_20260812T153021905708Z,8862a2d01571a3c9a9cdaef7d6c4c85e805809ad63506c8d9042aff3fa53b579
6019,2026-08-13,25.7,27.72,25.7,27.08,744873,19849984.26,,,,render_normalized,tasi_2026-08-13_2026-08-13_20260813T153020777659Z,e0b6e7e97827824585b899f3f5ae2a43f595aeae92435da9a370d3df14b68b99
6019,2026-08-16,27.2,27.5,26.5,26.52,218411,5892699.62,,,,render_normalized,tasi_2026-08-14_2026-08-16_20260816T153020395457Z,5392abdf5e4a97362d33f1f6287bf2bc003c7d4bb43d28918b8aa095af9310d7
6019,2026-08-17,26.5,26.72,25.96,26.18,73722,1942445.98,,,,render_normalized,tasi_2026-08-17_2026-08-17_20260817T153022794323Z,56ab1200186f32f6bf2b699463f355510bc0a3da931f38c90816013f38a2eaf0
6019,2026-08-18,26.2,26.36,25.68,25.9,109780,2852569.32,,,,render_normalized,tasi_2026-08-18_2026-08-18_20260818T153020653358Z,1cfd844fc98ba7ee716337d459294e8e314daaa0f85480a8e110399f3a6b856d
6019,2026-08-19,25.9,26.58,25.54,26.2,303947,7955322.34,,,,render_normalized,tasi_2026-08-19_2026-08-19_20260819T153022440747Z,c9f50859d8825bb8e17dc890cb696be42681eb6c5d61b3749a33257a86f3517b
6019,2026-08-20,26.2,26.2,25.6,25.9,124729,3222519.7,,,,render_normalized,tasi_2026-08-20_2026-08-28_20260827T215758538311Z,7a00d373848e778f83c80f1777575ad48a6a4c0c192fe2e6a4123b56ae26cdee
6019,2026-08-23,25.9,26.3,25.88,26.0,149846,3901294.32,,,,render_normalized,tasi_2026-08-20_2026-08-28_20260827T215758538311Z,7a00d373848e778f83c80f1777575ad48a6a4c0c192fe2e6a4123b56ae26cdee
6019,2026-08-24,26.0,26.3,25.66,25.94,93139,2416223.22,,,,render_normalized,tasi_2026-08-20_2026-08-28_20260827T215758538311Z,7a00d373848e778f83c80f1777575ad48a6a4c0c192fe2e6a4123b56ae26cdee
6019,2026-08-25,25.7,25.9,25.52,25.52,60233,1546212.18,,,,render_normalized,tasi_2026-08-20_2026-08-28_20260827T215758538311Z,7a00d373848e778f83c80f1777575ad48a6a4c0c192fe2e6a4123b56ae26cdee
6019,2026-08-26,25.44,25.9,25.32,25.62,86836,2229826.04,,,,render_normalized,tasi_2026-08-20_2026-08-28_20260827T215758538311Z,7a00d373848e778f83c80f1777575ad48a6a4c0c192fe2e6a4123b56ae26cdee
6019,2026-08-27,25.62,25.98,25.56,25.76,66687,1719333.66,,,,render_normalized,tasi_2026-08-20_2026-08-28_20260827T215758538311Z,7a00d373848e778f83c80f1777575ad48a6a4c0c192fe2e6a4123b56ae26cdee
6019,2026-08-30,25.7,25.92,24.79,25.0,113497,2853773.9,,,,render_normalized,tasi_2026-08-29_2026-08-30_20260830T153021490619Z,40f2932d214f44ed867e412ffba0369130210869179423e6eadc9f965765cdba
6019,2026-08-31,24.8,25.5,24.8,25.18,76519,1926908.66,,,,render_normalized,tasi_2026-08-31_2026-08-31_20260831T153022596960Z,374b46eb50c52f8fd4d5c98f4b7cf8e0c79e078fd621a4b30f58d5382471b4af
6020,2026-08-02,12.13,12.4,12.13,12.24,90983,1118694.38,,,,render_normalized,tasi_2026-07-31_2026-08-02_20260802T153020127593Z,2eb23ca39fcf0e44fa270e6e4d6a1341261e22b2abfbc789ec2875a29009248b
6020,2026-08-03,12.3,12.48,12.25,12.27,106240,1310104.02,,,,render_normalized,tasi_2026-08-03_2026-08-03_20260803T153021496139Z,4b0f0fa9c3b343cf96fecea13101ae13ad2a21806fd55533770061ac5bb0689d
6020,2026-08-04,12.21,12.47,12.21,12.44,84470,1046499.19,,,,render_normalized,tasi_2026-08-04_2026-08-04_20260804T153023696814Z,32de4882671eec0a9062962d0f5591f8e56969b134d0070652d21718d4563e66
6020,2026-08-05,12.44,12.58,12.4,12.4,83487,1039486.66,,,,render_normalized,tasi_2026-08-05_2026-08-05_20260805T153024437012Z,9fd93f225e2663ef72017465f1af6b5bb1e9f620c1b69c07a1f0fd54b850091a
6020,2026-08-06,12.4,12.4,12.16,12.23,69187,849001.38,,,,render_normalized,tasi_2026-08-06_2026-08-06_20260806T153021501965Z,6ff377152d0ead67e84f33bc0daa618a818145aa8e2f551c9273431d88ac3851
6020,2026-08-09,12.31,12.33,12.1,12.12,59764,729276.98,,,,render_normalized,tasi_2026-08-07_2026-08-09_20260809T153020287151Z,d7eb763bea83ef8684d027dfe3fb0fb7c951f2a9c34d7e37300eab6704449ed3
6020,2026-08-10,12.1,12.1,11.88,12.0,86790,1037177.02,,,,render_normalized,tasi_2026-08-10_2026-08-10_20260810T153020102570Z,84d11a25e4f1e5c1fd93cef767caa7b24135f07229eeaeab08169c657f7b53de
6020,2026-08-11,12.09,12.55,11.97,12.2,292113,3587053.99,,,,render_normalized,tasi_2026-08-11_2026-08-11_20260811T153022011718Z,2ca6395fd3fcc72ba670e2961883e5c743cbb0e78c08f0ae926df09c31320865
6020,2026-08-12,12.25,12.65,12.12,12.54,324017,4041582.71,,,,render_normalized,tasi_2026-08-12_2026-08-12_20260812T153021905708Z,8862a2d01571a3c9a9cdaef7d6c4c85e805809ad63506c8d9042aff3fa53b579
6020,2026-08-13,12.43,12.54,12.3,12.32,86360,1071329.34,,,,render_normalized,tasi_2026-08-13_2026-08-13_20260813T153020777659Z,e0b6e7e97827824585b899f3f5ae2a43f595aeae92435da9a370d3df14b68b99
6020,2026-08-16,12.3,12.5,12.29,12.29,92334,1144742.93,,,,render_normalized,tasi_2026-08-14_2026-08-16_20260816T153020395457Z,5392abdf5e4a97362d33f1f6287bf2bc003c7d4bb43d28918b8aa095af9310d7
6020,2026-08-17,12.36,12.4,12.26,12.32,47444,584201.84,,,,render_normalized,tasi_2026-08-17_2026-08-17_20260817T153022794323Z,56ab1200186f32f6bf2b699463f355510bc0a3da931f38c90816013f38a2eaf0
6020,2026-08-18,12.36,12.45,12.28,12.28,82082,1011501.06,,,,render_normalized,tasi_2026-08-18_2026-08-18_20260818T153020653358Z,1cfd844fc98ba7ee716337d459294e8e314daaa0f85480a8e110399f3a6b856d
6020,2026-08-19,12.4,12.4,12.25,12.36,39053,481662.16,,,,render_normalized,tasi_2026-08-19_2026-08-19_20260819T153022440747Z,c9f50859d8825bb8e17dc890cb696be42681eb6c5d61b3749a33257a86f3517b
6020,2026-08-20,12.3,12.43,12.3,12.37,77504,956541.6,,,,render_normalized,tasi_2026-08-20_2026-08-28_20260827T215758538311Z,7a00d373848e778f83c80f1777575ad48a6a4c0c192fe2e6a4123b56ae26cdee
6020,2026-08-23,12.37,12.56,12.35,12.35,95415,1186191.59,,,,render_normalized,tasi_2026-08-20_2026-08-28_20260827T215758538311Z,7a00d373848e778f83c80f1777575ad48a6a4c0c192fe2e6a4123b56ae26cdee
6020,2026-08-24,12.47,12.59,12.29,12.38,63815,794072.63,,,,render_normalized,tasi_2026-08-20_2026-08-28_20260827T215758538311Z,7a00d373848e778f83c80f1777575ad48a6a4c0c192fe2e6a4123b56ae26cdee
6020,2026-08-25,12.4,12.5,12.33,12.39,93988,1164166.41,,,,render_normalized,tasi_2026-08-20_2026-08-28_20260827T215758538311Z,7a00d373848e778f83c80f1777575ad48a6a4c0c192fe2e6a4123b56ae26cdee
6020,2026-08-26,12.45,12.5,12.37,12.42,56707,704592.98,,,,render_normalized,tasi_2026-08-20_2026-08-28_20260827T215758538311Z,7a00d373848e778f83c80f1777575ad48a6a4c0c192fe2e6a4123b56ae26cdee
6020,2026-08-27,12.5,12.68,12.44,12.46,231719,2908643.87,,,,render_normalized,tasi_2026-08-20_2026-08-28_20260827T215758538311Z,7a00d373848e778f83c80f1777575ad48a6a4c0c192fe2e6a4123b56ae26cdee
6020,2026-08-30,12.45,12.84,12.45,12.68,215125,2725674.92,,,,render_normalized,tasi_2026-08-29_2026-08-30_20260830T153021490619Z,40f2932d214f44ed867e412ffba0369130210869179423e6eadc9f965765cdba
6020,2026-08-31,12.6,12.73,12.35,12.5,179430,2236707.27,,,,render_normalized,tasi_2026-08-31_2026-08-31_20260831T153022596960Z,374b46eb50c52f8fd4d5c98f4b7cf8e0c79e078fd621a4b30f58d5382471b4af
6022,2026-08-30,60.5,60.5,57.0,57.1,404539,24033813.1,,,,render_normalized,tasi_2026-08-29_2026-08-30_20260830T153021490619Z,40f2932d214f44ed867e412ffba0369130210869179423e6eadc9f965765cdba
6022,2026-08-31,57.2,57.6,53.8,54.05,101589,5594231.45,,,,render_normalized,tasi_2026-08-31_2026-08-31_20260831T153022596960Z,374b46eb50c52f8fd4d5c98f4b7cf8e0c79e078fd621a4b30f58d5382471b4af
6040,2026-08-02,10.78,10.97,10.0,10.25,4763335,49908083.64,,,,render_normalized,tasi_2026-07-31_2026-08-02_20260802T153020127593Z,2eb23ca39fcf0e44fa270e6e4d6a1341261e22b2abfbc789ec2875a29009248b
6040,2026-08-03,10.17,10.5,9.7,9.78,3098121,31069029.87,,,,render_normalized,tasi_2026-08-03_2026-08-03_20260803T153021496139Z,4b0f0fa9c3b343cf96fecea13101ae13ad2a21806fd55533770061ac5bb0689d
6040,2026-08-04,9.78,9.95,9.2,9.44,3794139,36023706.7,,,,render_normalized,tasi_2026-08-04_2026-08-04_20260804T153023696814Z,32de4882671eec0a9062962d0f5591f8e56969b134d0070652d21718d4563e66
6040,2026-08-05,9.5,9.66,9.0,9.0,2649894,24720847.39,,,,render_normalized,tasi_2026-08-05_2026-08-05_20260805T153024437012Z,9fd93f225e2663ef72017465f1af6b5bb1e9f620c1b69c07a1f0fd54b850091a
6040,2026-08-06,9.06,9.17,8.62,8.7,1612651,14328809.08,,,,render_normalized,tasi_2026-08-06_2026-08-06_20260806T153021501965Z,6ff377152d0ead67e84f33bc0daa618a818145aa8e2f551c9273431d88ac3851
6040,2026-08-09,8.75,9.36,8.26,8.26,1878066,16596335.96,,,,render_normalized,tasi_2026-08-07_2026-08-09_20260809T153020287151Z,d7eb763bea83ef8684d027dfe3fb0fb7c951f2a9c34d7e37300eab6704449ed3
6040,2026-08-10,8.3,8.39,8.09,8.12,1071583,8790300.47,,,,render_normalized,tasi_2026-08-10_2026-08-10_20260810T153020102570Z,84d11a25e4f1e5c1fd93cef767caa7b24135f07229eeaeab08169c657f7b53de
6040,2026-08-11,8.05,8.59,8.0,8.3,3534937,29415136.42,,,,render_normalized,tasi_2026-08-11_2026-08-11_20260811T153022011718Z,2ca6395fd3fcc72ba670e2961883e5c743cbb0e78c08f0ae926df09c31320865
6040,2026-08-12,8.32,9.13,8.21,9.13,4846179,42450507.01,,,,render_normalized,tasi_2026-08-12_2026-08-12_20260812T153021905708Z,8862a2d01571a3c9a9cdaef7d6c4c85e805809ad63506c8d9042aff3fa53b579
6040,2026-08-13,9.4,9.91,9.0,9.28,7256295,68852365.33,,,,render_normalized,tasi_2026-08-13_2026-08-13_20260813T153020777659Z,e0b6e7e97827824585b899f3f5ae2a43f595aeae92435da9a370d3df14b68b99
6040,2026-08-16,9.53,9.88,9.37,9.37,3076449,29523231.67,,,,render_normalized,tasi_2026-08-14_2026-08-16_20260816T153020395457Z,5392abdf5e4a97362d33f1f6287bf2bc003c7d4bb43d28918b8aa095af9310d7
6040,2026-08-17,9.21,9.33,9.06,9.13,1735609,15948509.35,,,,render_normalized,tasi_2026-08-17_2026-08-17_20260817T153022794323Z,56ab1200186f32f6bf2b699463f355510bc0a3da931f38c90816013f38a2eaf0
6040,2026-08-18,9.18,9.37,8.89,9.0,1623232,14753759.13,,,,render_normalized,tasi_2026-08-18_2026-08-18_20260818T153020653358Z,1cfd844fc98ba7ee716337d459294e8e314daaa0f85480a8e110399f3a6b856d
6040,2026-08-19,8.98,9.6,8.86,9.41,2911179,27146960.26,,,,render_normalized,tasi_2026-08-19_2026-08-19_20260819T153022440747Z,c9f50859d8825bb8e17dc890cb696be42681eb6c5d61b3749a33257a86f3517b
6040,2026-08-20,9.4,9.65,9.21,9.24,1786578,16714124.68,,,,render_normalized,tasi_2026-08-20_2026-08-28_20260827T215758538311Z,7a00d373848e778f83c80f1777575ad48a6a4c0c192fe2e6a4123b56ae26cdee
6040,2026-08-23,9.24,9.43,9.0,9.03,1020205,9407735.51,,,,render_normalized,tasi_2026-08-20_2026-08-28_20260827T215758538311Z,7a00d373848e778f83c80f1777575ad48a6a4c0c192fe2e6a4123b56ae26cdee
6040,2026-08-24,9.04,9.2,9.0,9.07,685368,6218770.92,,,,render_normalized,tasi_2026-08-20_2026-08-28_20260827T215758538311Z,7a00d373848e778f83c80f1777575ad48a6a4c0c192fe2e6a4123b56ae26cdee
6040,2026-08-25,9.04,9.29,9.04,9.13,1184092,10831935.04,,,,render_normalized,tasi_2026-08-20_2026-08-28_20260827T215758538311Z,7a00d373848e778f83c80f1777575ad48a6a4c0c192fe2e6a4123b56ae26cdee
6040,2026-08-26,9.13,9.15,8.96,8.98,623126,5631564.95,,,,render_normalized,tasi_2026-08-20_2026-08-28_20260827T215758538311Z,7a00d373848e778f83c80f1777575ad48a6a4c0c192fe2e6a4123b56ae26cdee
6040,2026-08-27,9.01,9.33,8.98,9.07,1959200,17961228.09,,,,render_normalized,tasi_2026-08-20_2026-08-28_20260827T215758538311Z,7a00d373848e778f83c80f1777575ad48a6a4c0c192fe2e6a4123b56ae26cdee
6040,2026-08-30,9.12,9.59,9.04,9.3,2819792,26249542.37,,,,render_normalized,tasi_2026-08-29_2026-08-30_20260830T153021490619Z,40f2932d214f44ed867e412ffba0369130210869179423e6eadc9f965765cdba
6040,2026-08-31,9.3,9.42,8.98,9.09,1495007,13637815.34,,,,render_normalized,tasi_2026-08-31_2026-08-31_20260831T153022596960Z,374b46eb50c52f8fd4d5c98f4b7cf8e0c79e078fd621a4b30f58d5382471b4af
6050,2026-08-02,60.1,65.2,59.3,61.25,1121323,70600738.55,,,,render_normalized,tasi_2026-07-31_2026-08-02_20260802T153020127593Z,2eb23ca39fcf0e44fa270e6e4d6a1341261e22b2abfbc789ec2875a29009248b
6050,2026-08-03,61.85,61.85,60.8,61.05,334799,20484381.0,,,,render_normalized,tasi_2026-08-03_2026-08-03_20260803T153021496139Z,4b0f0fa9c3b343cf96fecea13101ae13ad2a21806fd55533770061ac5bb0689d
6050,2026-08-04,61.15,62.15,60.95,61.1,327413,20134320.85,,,,render_normalized,tasi_2026-08-04_2026-08-04_20260804T153023696814Z,32de4882671eec0a9062962d0f5591f8e56969b134d0070652d21718d4563e66
6050,2026-08-05,61.25,61.45,60.65,60.7,180387,10998364.05,,,,render_normalized,tasi_2026-08-05_2026-08-05_20260805T153024437012Z,9fd93f225e2663ef72017465f1af6b5bb1e9f620c1b69c07a1f0fd54b850091a
6050,2026-08-06,61.0,62.65,58.8,58.9,642827,38708098.6,,,,render_normalized,tasi_2026-08-06_2026-08-06_20260806T153021501965Z,6ff377152d0ead67e84f33bc0daa618a818145aa8e2f551c9273431d88ac3851
6050,2026-08-09,59.9,59.9,56.85,57.25,352635,20408064.7,,,,render_normalized,tasi_2026-08-07_2026-08-09_20260809T153020287151Z,d7eb763bea83ef8684d027dfe3fb0fb7c951f2a9c34d7e37300eab6704449ed3
6050,2026-08-10,57.1,58.6,56.4,57.05,250255,14447163.4,,,,render_normalized,tasi_2026-08-10_2026-08-10_20260810T153020102570Z,84d11a25e4f1e5c1fd93cef767caa7b24135f07229eeaeab08169c657f7b53de
6050,2026-08-11,57.1,62.75,57.05,62.75,1096931,66783869.25,,,,render_normalized,tasi_2026-08-11_2026-08-11_20260811T153022011718Z,2ca6395fd3fcc72ba670e2961883e5c743cbb0e78c08f0ae926df09c31320865
6050,2026-08-12,66.2,69.0,65.4,67.25,2675592,180438658.15,,,,render_normalized,tasi_2026-08-12_2026-08-12_20260812T153021905708Z,8862a2d01571a3c9a9cdaef7d6c4c85e805809ad63506c8d9042aff3fa53b579
6050,2026-08-13,67.15,68.0,64.45,64.45,908948,60110195.65,,,,render_normalized,tasi_2026-08-13_2026-08-13_20260813T153020777659Z,e0b6e7e97827824585b899f3f5ae2a43f595aeae92435da9a370d3df14b68b99
6050,2026-08-16,65.0,69.35,65.0,66.0,1023396,68955311.95,,,,render_normalized,tasi_2026-08-14_2026-08-16_20260816T153020395457Z,5392abdf5e4a97362d33f1f6287bf2bc003c7d4bb43d28918b8aa095af9310d7
6050,2026-08-17,66.25,66.5,64.9,65.4,463009,30380175.05,,,,render_normalized,tasi_2026-08-17_2026-08-17_20260817T153022794323Z,56ab1200186f32f6bf2b699463f355510bc0a3da931f38c90816013f38a2eaf0
6050,2026-08-18,65.55,67.7,64.75,65.5,469910,31096592.9,,,,render_normalized,tasi_2026-08-18_2026-08-18_20260818T153020653358Z,1cfd844fc98ba7ee716337d459294e8e314daaa0f85480a8e110399f3a6b856d
6050,2026-08-19,66.2,66.2,64.9,64.95,160304,10466539.8,,,,render_normalized,tasi_2026-08-19_2026-08-19_20260819T153022440747Z,c9f50859d8825bb8e17dc890cb696be42681eb6c5d61b3749a33257a86f3517b
6050,2026-08-20,64.95,67.45,64.0,64.0,735005,48444599.25,,,,render_normalized,tasi_2026-08-20_2026-08-28_20260827T215758538311Z,7a00d373848e778f83c80f1777575ad48a6a4c0c192fe2e6a4123b56ae26cdee
6050,2026-08-23,64.4,65.05,62.75,63.35,480250,30521118.65,,,,render_normalized,tasi_2026-08-20_2026-08-28_20260827T215758538311Z,7a00d373848e778f83c80f1777575ad48a6a4c0c192fe2e6a4123b56ae26cdee
6050,2026-08-24,63.25,64.5,63.0,64.2,390970,24923649.05,,,,render_normalized,tasi_2026-08-20_2026-08-28_20260827T215758538311Z,7a00d373848e778f83c80f1777575ad48a6a4c0c192fe2e6a4123b56ae26cdee
6050,2026-08-25,64.4,65.9,62.55,62.65,615032,39640637.6,,,,render_normalized,tasi_2026-08-20_2026-08-28_20260827T215758538311Z,7a00d373848e778f83c80f1777575ad48a6a4c0c192fe2e6a4123b56ae26cdee
6050,2026-08-26,63.3,64.75,62.65,64.6,479499,30553378.0,,,,render_normalized,tasi_2026-08-20_2026-08-28_20260827T215758538311Z,7a00d373848e778f83c80f1777575ad48a6a4c0c192fe2e6a4123b56ae26cdee
6050,2026-08-27,64.95,68.85,63.75,66.2,1696484,113036564.8,,,,render_normalized,tasi_2026-08-20_2026-08-28_20260827T215758538311Z,7a00d373848e778f83c80f1777575ad48a6a4c0c192fe2e6a4123b56ae26cdee
6050,2026-08-30,67.15,72.8,66.2,72.8,1821976,127478065.05,,,,render_normalized,tasi_2026-08-29_2026-08-30_20260830T153021490619Z,40f2932d214f44ed867e412ffba0369130210869179423e6eadc9f965765cdba
6050,2026-08-31,75.0,75.6,70.2,71.9,1342618,97361190.85,,,,render_normalized,tasi_2026-08-31_2026-08-31_20260831T153022596960Z,374b46eb50c52f8fd4d5c98f4b7cf8e0c79e078fd621a4b30f58d5382471b4af
6060,2026-08-02,14.2,14.67,14.05,14.18,463956,6685838.76,,,,render_normalized,tasi_2026-07-31_2026-08-02_20260802T153020127593Z,2eb23ca39fcf0e44fa270e6e4d6a1341261e22b2abfbc789ec2875a29009248b
6060,2026-08-03,14.08,14.32,14.08,14.23,205131,2917781.11,,,,render_normalized,tasi_2026-08-03_2026-08-03_20260803T153021496139Z,4b0f0fa9c3b343cf96fecea13101ae13ad2a21806fd55533770061ac5bb0689d
6060,2026-08-04,14.26,14.56,14.25,14.5,269357,3879805.08,,,,render_normalized,tasi_2026-08-04_2026-08-04_20260804T153023696814Z,32de4882671eec0a9062962d0f5591f8e56969b134d0070652d21718d4563e66
6060,2026-08-05,14.55,14.55,14.31,14.31,120343,1735306.19,,,,render_normalized,tasi_2026-08-05_2026-08-05_20260805T153024437012Z,9fd93f225e2663ef72017465f1af6b5bb1e9f620c1b69c07a1f0fd54b850091a
6060,2026-08-06,14.25,14.5,14.08,14.15,184112,2622264.69,,,,render_normalized,tasi_2026-08-06_2026-08-06_20260806T153021501965Z,6ff377152d0ead67e84f33bc0daa618a818145aa8e2f551c9273431d88ac3851
6060,2026-08-09,14.19,14.28,14.01,14.01,82341,1162085.86,,,,render_normalized,tasi_2026-08-07_2026-08-09_20260809T153020287151Z,d7eb763bea83ef8684d027dfe3fb0fb7c951f2a9c34d7e37300eab6704449ed3
6060,2026-08-10,13.98,14.04,13.69,14.03,147020,2038762.59,,,,render_normalized,tasi_2026-08-10_2026-08-10_20260810T153020102570Z,84d11a25e4f1e5c1fd93cef767caa7b24135f07229eeaeab08169c657f7b53de
6060,2026-08-11,14.0,15.15,13.91,14.81,2039091,29731383.53,,,,render_normalized,tasi_2026-08-11_2026-08-11_20260811T153022011718Z,2ca6395fd3fcc72ba670e2961883e5c743cbb0e78c08f0ae926df09c31320865
6060,2026-08-12,14.94,15.32,14.59,14.9,1731706,25955468.26,,,,render_normalized,tasi_2026-08-12_2026-08-12_20260812T153021905708Z,8862a2d01571a3c9a9cdaef7d6c4c85e805809ad63506c8d9042aff3fa53b579
6060,2026-08-13,15.0,15.0,14.37,14.42,528234,7729638.99,,,,render_normalized,tasi_2026-08-13_2026-08-13_20260813T153020777659Z,e0b6e7e97827824585b899f3f5ae2a43f595aeae92435da9a370d3df14b68b99
6060,2026-08-16,14.61,15.06,14.5,14.56,380687,5616724.32,,,,render_normalized,tasi_2026-08-14_2026-08-16_20260816T153020395457Z,5392abdf5e4a97362d33f1f6287bf2bc003c7d4bb43d28918b8aa095af9310d7
6060,2026-08-17,14.56,14.6,14.29,14.53,174588,2521082.05,,,,render_normalized,tasi_2026-08-17_2026-08-17_20260817T153022794323Z,56ab1200186f32f6bf2b699463f355510bc0a3da931f38c90816013f38a2eaf0
6060,2026-08-18,14.53,14.76,14.36,14.36,318920,4611070.46,,,,render_normalized,tasi_2026-08-18_2026-08-18_20260818T153020653358Z,1cfd844fc98ba7ee716337d459294e8e314daaa0f85480a8e110399f3a6b856d
6060,2026-08-19,14.41,14.48,14.28,14.33,184105,2645675.85,,,,render_normalized,tasi_2026-08-19_2026-08-19_20260819T153022440747Z,c9f50859d8825bb8e17dc890cb696be42681eb6c5d61b3749a33257a86f3517b
6060,2026-08-20,14.34,14.6,14.29,14.31,429125,6197663.8,,,,render_normalized,tasi_2026-08-20_2026-08-28_20260827T215758538311Z,7a00d373848e778f83c80f1777575ad48a6a4c0c192fe2e6a4123b56ae26cdee
6060,2026-08-23,14.4,14.53,14.28,14.29,252114,3621098.08,,,,render_normalized,tasi_2026-08-20_2026-08-28_20260827T215758538311Z,7a00d373848e778f83c80f1777575ad48a6a4c0c192fe2e6a4123b56ae26cdee
6060,2026-08-24,14.4,14.6,14.36,14.42,193629,2802640.48,,,,render_normalized,tasi_2026-08-20_2026-08-28_20260827T215758538311Z,7a00d373848e778f83c80f1777575ad48a6a4c0c192fe2e6a4123b56ae26cdee
6060,2026-08-25,14.49,14.58,14.3,14.3,219837,3180215.06,,,,render_normalized,tasi_2026-08-20_2026-08-28_20260827T215758538311Z,7a00d373848e778f83c80f1777575ad48a6a4c0c192fe2e6a4123b56ae26cdee
6060,2026-08-26,14.33,14.5,14.27,14.43,199935,2876362.75,,,,render_normalized,tasi_2026-08-20_2026-08-28_20260827T215758538311Z,7a00d373848e778f83c80f1777575ad48a6a4c0c192fe2e6a4123b56ae26cdee
6060,2026-08-27,14.51,14.95,14.38,14.55,1162138,17068727.35,,,,render_normalized,tasi_2026-08-20_2026-08-28_20260827T215758538311Z,7a00d373848e778f83c80f1777575ad48a6a4c0c192fe2e6a4123b56ae26cdee
6060,2026-08-30,14.55,15.39,14.5,15.05,1706099,25697849.23,,,,render_normalized,tasi_2026-08-29_2026-08-30_20260830T153021490619Z,40f2932d214f44ed867e412ffba0369130210869179423e6eadc9f965765cdba
6060,2026-08-31,15.15,15.16,14.62,14.72,562292,8321049.64,,,,render_normalized,tasi_2026-08-31_2026-08-31_20260831T153022596960Z,374b46eb50c52f8fd4d5c98f4b7cf8e0c79e078fd621a4b30f58d5382471b4af
6070,2026-08-02,41.42,44.28,41.2,43.18,156674,6717849.36,,,,render_normalized,tasi_2026-07-31_2026-08-02_20260802T153020127593Z,2eb23ca39fcf0e44fa270e6e4d6a1341261e22b2abfbc789ec2875a29009248b
6070,2026-08-03,43.28,44.06,42.88,43.48,56703,2461797.88,,,,render_normalized,tasi_2026-08-03_2026-08-03_20260803T153021496139Z,4b0f0fa9c3b343cf96fecea13101ae13ad2a21806fd55533770061ac5bb0689d
6070,2026-08-04,43.48,43.8,42.54,42.56,87965,3778209.32,,,,render_normalized,tasi_2026-08-04_2026-08-04_20260804T153023696814Z,32de4882671eec0a9062962d0f5591f8e56969b134d0070652d21718d4563e66
6070,2026-08-05,42.36,42.82,41.96,42.54,62251,2643989.62,,,,render_normalized,tasi_2026-08-05_2026-08-05_20260805T153024437012Z,9fd93f225e2663ef72017465f1af6b5bb1e9f620c1b69c07a1f0fd54b850091a
6070,2026-08-06,42.54,42.54,41.46,41.74,122719,5144896.32,,,,render_normalized,tasi_2026-08-06_2026-08-06_20260806T153021501965Z,6ff377152d0ead67e84f33bc0daa618a818145aa8e2f551c9273431d88ac3851
6070,2026-08-09,41.6,41.74,41.0,41.2,56975,2351971.8,,,,render_normalized,tasi_2026-08-07_2026-08-09_20260809T153020287151Z,d7eb763bea83ef8684d027dfe3fb0fb7c951f2a9c34d7e37300eab6704449ed3
6070,2026-08-10,41.2,41.2,39.52,39.88,185902,7453667.68,,,,render_normalized,tasi_2026-08-10_2026-08-10_20260810T153020102570Z,84d11a25e4f1e5c1fd93cef767caa7b24135f07229eeaeab08169c657f7b53de
6070,2026-08-11,39.84,39.94,38.8,39.2,182439,7148368.86,,,,render_normalized,tasi_2026-08-11_2026-08-11_20260811T153022011718Z,2ca6395fd3fcc72ba670e2961883e5c743cbb0e78c08f0ae926df09c31320865
6070,2026-08-12,39.4,39.5,39.16,39.28,101053,3973611.24,,,,render_normalized,tasi_2026-08-12_2026-08-12_20260812T153021905708Z,8862a2d01571a3c9a9cdaef7d6c4c85e805809ad63506c8d9042aff3fa53b579
6070,2026-08-13,39.28,39.44,38.2,38.22,97448,3784802.5,,,,render_normalized,tasi_2026-08-13_2026-08-13_20260813T153020777659Z,e0b6e7e97827824585b899f3f5ae2a43f595aeae92435da9a370d3df14b68b99
6070,2026-08-16,39.2,39.74,38.76,39.12,119361,4679449.4,,,,render_normalized,tasi_2026-08-14_2026-08-16_20260816T153020395457Z,5392abdf5e4a97362d33f1f6287bf2bc003c7d4bb43d28918b8aa095af9310d7
6070,2026-08-17,39.12,39.48,38.8,38.8,73719,2881317.98,,,,render_normalized,tasi_2026-08-17_2026-08-17_20260817T153022794323Z,56ab1200186f32f6bf2b699463f355510bc0a3da931f38c90816013f38a2eaf0
6070,2026-08-18,38.84,39.0,38.48,38.5,55254,2140277.06,,,,render_normalized,tasi_2026-08-18_2026-08-18_20260818T153020653358Z,1cfd844fc98ba7ee716337d459294e8e314daaa0f85480a8e110399f3a6b856d
6070,2026-08-19,38.64,38.96,38.44,38.66,66492,2567139.86,,,,render_normalized,tasi_2026-08-19_2026-08-19_20260819T153022440747Z,c9f50859d8825bb8e17dc890cb696be42681eb6c5d61b3749a33257a86f3517b
6070,2026-08-20,38.8,39.1,38.48,39.1,78000,3024612.02,,,,render_normalized,tasi_2026-08-20_2026-08-28_20260827T215758538311Z,7a00d373848e778f83c80f1777575ad48a6a4c0c192fe2e6a4123b56ae26cdee
6070,2026-08-23,39.58,39.6,38.8,38.92,80815,3157787.14,,,,render_normalized,tasi_2026-08-20_2026-08-28_20260827T215758538311Z,7a00d373848e778f83c80f1777575ad48a6a4c0c192fe2e6a4123b56ae26cdee
6070,2026-08-24,39.44,39.94,39.0,39.26,377425,14837898.34,,,,render_normalized,tasi_2026-08-20_2026-08-28_20260827T215758538311Z,7a00d373848e778f83c80f1777575ad48a6a4c0c192fe2e6a4123b56ae26cdee
6070,2026-08-25,39.26,41.18,39.2,40.24,416784,16862600.36,,,,render_normalized,tasi_2026-08-20_2026-08-28_20260827T215758538311Z,7a00d373848e778f83c80f1777575ad48a6a4c0c192fe2e6a4123b56ae26cdee
6070,2026-08-26,40.2,40.3,39.94,40.04,81282,3257449.24,,,,render_normalized,tasi_2026-08-20_2026-08-28_20260827T215758538311Z,7a00d373848e778f83c80f1777575ad48a6a4c0c192fe2e6a4123b56ae26cdee
6070,2026-08-27,40.1,40.5,39.94,40.24,68120,2740904.16,,,,render_normalized,tasi_2026-08-20_2026-08-28_20260827T215758538311Z,7a00d373848e778f83c80f1777575ad48a6a4c0c192fe2e6a4123b56ae26cdee
6070,2026-08-30,40.62,40.62,40.14,40.18,54719,2205208.02,,,,render_normalized,tasi_2026-08-29_2026-08-30_20260830T153021490619Z,40f2932d214f44ed867e412ffba0369130210869179423e6eadc9f965765cdba
6070,2026-08-31,40.2,40.32,39.72,39.76,80719,3225661.22,,,,render_normalized,tasi_2026-08-31_2026-08-31_20260831T153022596960Z,374b46eb50c52f8fd4d5c98f4b7cf8e0c79e078fd621a4b30f58d5382471b4af
6090,2026-08-02,8.08,8.35,8.07,8.3,172339,1420879.97,,,,render_normalized,tasi_2026-07-31_2026-08-02_20260802T153020127593Z,2eb23ca39fcf0e44fa270e6e4d6a1341261e22b2abfbc789ec2875a29009248b
6090,2026-08-03,8.37,8.4,8.3,8.37,87532,730037.86,,,,render_normalized,tasi_2026-08-03_2026-08-03_20260803T153021496139Z,4b0f0fa9c3b343cf96fecea13101ae13ad2a21806fd55533770061ac5bb0689d
6090,2026-08-04,8.4,8.81,8.37,8.72,441488,3814764.09,,,,render_normalized,tasi_2026-08-04_2026-08-04_20260804T153023696814Z,32de4882671eec0a9062962d0f5591f8e56969b134d0070652d21718d4563e66
6090,2026-08-05,8.61,8.8,8.52,8.58,152382,1319823.43,,,,render_normalized,tasi_2026-08-05_2026-08-05_20260805T153024437012Z,9fd93f225e2663ef72017465f1af6b5bb1e9f620c1b69c07a1f0fd54b850091a
6090,2026-08-06,8.6,8.62,8.25,8.25,209402,1754524.08,,,,render_normalized,tasi_2026-08-06_2026-08-06_20260806T153021501965Z,6ff377152d0ead67e84f33bc0daa618a818145aa8e2f551c9273431d88ac3851
6090,2026-08-09,8.25,8.37,8.0,8.0,189302,1540900.53,,,,render_normalized,tasi_2026-08-07_2026-08-09_20260809T153020287151Z,d7eb763bea83ef8684d027dfe3fb0fb7c951f2a9c34d7e37300eab6704449ed3
6090,2026-08-10,8.0,8.06,7.69,7.9,260236,2040834.9,,,,render_normalized,tasi_2026-08-10_2026-08-10_20260810T153020102570Z,84d11a25e4f1e5c1fd93cef767caa7b24135f07229eeaeab08169c657f7b53de
6090,2026-08-11,7.9,8.19,7.8,7.98,192586,1542172.52,,,,render_normalized,tasi_2026-08-11_2026-08-11_20260811T153022011718Z,2ca6395fd3fcc72ba670e2961883e5c743cbb0e78c08f0ae926df09c31320865
6090,2026-08-12,7.87,8.66,7.87,8.46,693471,5796830.69,,,,render_normalized,tasi_2026-08-12_2026-08-12_20260812T153021905708Z,8862a2d01571a3c9a9cdaef7d6c4c85e805809ad63506c8d9042aff3fa53b579
6090,2026-08-13,8.47,8.5,8.12,8.17,203764,1679423.92,,,,render_normalized,tasi_2026-08-13_2026-08-13_20260813T153020777659Z,e0b6e7e97827824585b899f3f5ae2a43f595aeae92435da9a370d3df14b68b99
6090,2026-08-16,8.2,8.34,8.12,8.12,106879,879698.93,,,,render_normalized,tasi_2026-08-14_2026-08-16_20260816T153020395457Z,5392abdf5e4a97362d33f1f6287bf2bc003c7d4bb43d28918b8aa095af9310d7
6090,2026-08-17,8.16,8.2,8.09,8.17,73091,594996.32,,,,render_normalized,tasi_2026-08-17_2026-08-17_20260817T153022794323Z,56ab1200186f32f6bf2b699463f355510bc0a3da931f38c90816013f38a2eaf0
6090,2026-08-18,8.17,8.2,8.09,8.09,43676,355303.23,,,,render_normalized,tasi_2026-08-18_2026-08-18_20260818T153020653358Z,1cfd844fc98ba7ee716337d459294e8e314daaa0f85480a8e110399f3a6b856d
6090,2026-08-19,8.09,8.2,8.09,8.12,84711,689110.26,,,,render_normalized,tasi_2026-08-19_2026-08-19_20260819T153022440747Z,c9f50859d8825bb8e17dc890cb696be42681eb6c5d61b3749a33257a86f3517b
6090,2026-08-20,8.09,8.2,8.09,8.15,67683,552011.6,,,,render_normalized,tasi_2026-08-20_2026-08-28_20260827T215758538311Z,7a00d373848e778f83c80f1777575ad48a6a4c0c192fe2e6a4123b56ae26cdee
6090,2026-08-23,8.15,8.29,8.15,8.21,100957,829103.34,,,,render_normalized,tasi_2026-08-20_2026-08-28_20260827T215758538311Z,7a00d373848e778f83c80f1777575ad48a6a4c0c192fe2e6a4123b56ae26cdee
6090,2026-08-24,8.29,8.32,8.21,8.28,84090,694269.08,,,,render_normalized,tasi_2026-08-20_2026-08-28_20260827T215758538311Z,7a00d373848e778f83c80f1777575ad48a6a4c0c192fe2e6a4123b56ae26cdee
6090,2026-08-25,8.28,8.33,8.15,8.17,110503,912509.84,,,,render_normalized,tasi_2026-08-20_2026-08-28_20260827T215758538311Z,7a00d373848e778f83c80f1777575ad48a6a4c0c192fe2e6a4123b56ae26cdee
6090,2026-08-26,8.2,8.25,8.15,8.18,99179,811560.85,,,,render_normalized,tasi_2026-08-20_2026-08-28_20260827T215758538311Z,7a00d373848e778f83c80f1777575ad48a6a4c0c192fe2e6a4123b56ae26cdee
6090,2026-08-27,8.19,8.29,8.18,8.19,168814,1387073.35,,,,render_normalized,tasi_2026-08-20_2026-08-28_20260827T215758538311Z,7a00d373848e778f83c80f1777575ad48a6a4c0c192fe2e6a4123b56ae26cdee
6090,2026-08-30,8.19,8.38,8.16,8.36,141439,1168113.21,,,,render_normalized,tasi_2026-08-29_2026-08-30_20260830T153021490619Z,40f2932d214f44ed867e412ffba0369130210869179423e6eadc9f965765cdba
6090,2026-08-31,8.36,8.36,8.11,8.15,164951,1354553.31,,,,render_normalized,tasi_2026-08-31_2026-08-31_20260831T153022596960Z,374b46eb50c52f8fd4d5c98f4b7cf8e0c79e078fd621a4b30f58d5382471b4af
7010,2026-08-02,43.3,43.86,43.0,43.8,2411743,105131465.82,,,,render_normalized,tasi_2026-07-31_2026-08-02_20260802T153020127593Z,2eb23ca39fcf0e44fa270e6e4d6a1341261e22b2abfbc789ec2875a29009248b
7010,2026-08-03,43.68,43.92,43.52,43.92,4034845,176585318.24,,,,render_normalized,tasi_2026-08-03_2026-08-03_20260803T153021496139Z,4b0f0fa9c3b343cf96fecea13101ae13ad2a21806fd55533770061ac5bb0689d
7010,2026-08-04,43.5,43.7,43.36,43.54,3164658,137893724.2,,,,render_normalized,tasi_2026-08-04_2026-08-04_20260804T153023696814Z,32de4882671eec0a9062962d0f5591f8e56969b134d0070652d21718d4563e66
7010,2026-08-05,43.5,43.8,43.5,43.58,2039588,88953059.0,,,,render_normalized,tasi_2026-08-05_2026-08-05_20260805T153024437012Z,9fd93f225e2663ef72017465f1af6b5bb1e9f620c1b69c07a1f0fd54b850091a
7010,2026-08-06,43.6,43.72,43.38,43.38,3001284,130650549.6,,,,render_normalized,tasi_2026-08-06_2026-08-06_20260806T153021501965Z,6ff377152d0ead67e84f33bc0daa618a818145aa8e2f551c9273431d88ac3851
7010,2026-08-09,43.5,43.7,43.48,43.58,1206587,52621868.68,,,,render_normalized,tasi_2026-08-07_2026-08-09_20260809T153020287151Z,d7eb763bea83ef8684d027dfe3fb0fb7c951f2a9c34d7e37300eab6704449ed3
7010,2026-08-10,43.54,43.9,43.5,43.5,2720300,118741400.22,,,,render_normalized,tasi_2026-08-10_2026-08-10_20260810T153020102570Z,84d11a25e4f1e5c1fd93cef767caa7b24135f07229eeaeab08169c657f7b53de
7010,2026-08-11,43.58,43.78,43.5,43.5,2242711,97837343.42,,,,render_normalized,tasi_2026-08-11_2026-08-11_20260811T153022011718Z,2ca6395fd3fcc72ba670e2961883e5c743cbb0e78c08f0ae926df09c31320865
7010,2026-08-12,43.5,43.62,43.5,43.6,2158444,94027099.82,,,,render_normalized,tasi_2026-08-12_2026-08-12_20260812T153021905708Z,8862a2d01571a3c9a9cdaef7d6c4c85e805809ad63506c8d9042aff3fa53b579
7010,2026-08-13,43.6,43.62,43.5,43.58,1251047,54487649.14,,,,render_normalized,tasi_2026-08-13_2026-08-13_20260813T153020777659Z,e0b6e7e97827824585b899f3f5ae2a43f595aeae92435da9a370d3df14b68b99
7010,2026-08-16,43.6,43.66,43.52,43.56,1393949,60763733.84,,,,render_normalized,tasi_2026-08-14_2026-08-16_20260816T153020395457Z,5392abdf5e4a97362d33f1f6287bf2bc003c7d4bb43d28918b8aa095af9310d7
7010,2026-08-17,43.56,43.66,43.34,43.6,1537326,66915281.42,,,,render_normalized,tasi_2026-08-17_2026-08-17_20260817T153022794323Z,56ab1200186f32f6bf2b699463f355510bc0a3da931f38c90816013f38a2eaf0
7010,2026-08-18,43.58,43.76,43.5,43.7,1856750,81043419.4,,,,render_normalized,tasi_2026-08-18_2026-08-18_20260818T153020653358Z,1cfd844fc98ba7ee716337d459294e8e314daaa0f85480a8e110399f3a6b856d
7010,2026-08-19,43.7,43.7,43.32,43.6,1800874,78404471.6,,,,render_normalized,tasi_2026-08-19_2026-08-19_20260819T153022440747Z,c9f50859d8825bb8e17dc890cb696be42681eb6c5d61b3749a33257a86f3517b
7010,2026-08-20,43.6,44.14,43.58,44.14,4389282,192835701.84,,,,render_normalized,tasi_2026-08-20_2026-08-28_20260827T215758538311Z,7a00d373848e778f83c80f1777575ad48a6a4c0c192fe2e6a4123b56ae26cdee
7010,2026-08-23,44.14,44.36,44.08,44.36,2048983,90571385.38,,,,render_normalized,tasi_2026-08-20_2026-08-28_20260827T215758538311Z,7a00d373848e778f83c80f1777575ad48a6a4c0c192fe2e6a4123b56ae26cdee
7010,2026-08-24,44.44,44.6,44.3,44.36,2279371,101351700.86,,,,render_normalized,tasi_2026-08-20_2026-08-28_20260827T215758538311Z,7a00d373848e778f83c80f1777575ad48a6a4c0c192fe2e6a4123b56ae26cdee
7010,2026-08-25,44.46,44.46,44.08,44.28,2403610,106295235.6,,,,render_normalized,tasi_2026-08-20_2026-08-28_20260827T215758538311Z,7a00d373848e778f83c80f1777575ad48a6a4c0c192fe2e6a4123b56ae26cdee
7010,2026-08-26,44.3,44.78,44.2,44.6,3648852,162635357.14,,,,render_normalized,tasi_2026-08-20_2026-08-28_20260827T215758538311Z,7a00d373848e778f83c80f1777575ad48a6a4c0c192fe2e6a4123b56ae26cdee
7010,2026-08-27,44.7,44.7,44.38,44.66,2125792,94808406.16,,,,render_normalized,tasi_2026-08-20_2026-08-28_20260827T215758538311Z,7a00d373848e778f83c80f1777575ad48a6a4c0c192fe2e6a4123b56ae26cdee
7010,2026-08-30,44.66,44.7,44.34,44.4,962644,42838629.28,,,,render_normalized,tasi_2026-08-29_2026-08-30_20260830T153021490619Z,40f2932d214f44ed867e412ffba0369130210869179423e6eadc9f965765cdba
7010,2026-08-31,44.42,44.72,44.34,44.72,6757374,301581553.7,,,,render_normalized,tasi_2026-08-31_2026-08-31_20260831T153022596960Z,374b46eb50c52f8fd4d5c98f4b7cf8e0c79e078fd621a4b30f58d5382471b4af
7020,2026-08-02,60.65,62.75,60.5,62.5,553179,34393712.5,,,,render_normalized,tasi_2026-07-31_2026-08-02_20260802T153020127593Z,2eb23ca39fcf0e44fa270e6e4d6a1341261e22b2abfbc789ec2875a29009248b
7020,2026-08-03,62.8,62.85,61.55,62.3,976702,60820683.95,,,,render_normalized,tasi_2026-08-03_2026-08-03_20260803T153021496139Z,4b0f0fa9c3b343cf96fecea13101ae13ad2a21806fd55533770061ac5bb0689d
7020,2026-08-04,62.0,62.7,61.85,62.0,795545,49513561.2,,,,render_normalized,tasi_2026-08-04_2026-08-04_20260804T153023696814Z,32de4882671eec0a9062962d0f5591f8e56969b134d0070652d21718d4563e66
7020,2026-08-05,62.0,62.55,61.8,62.55,1176505,73148094.25,,,,render_normalized,tasi_2026-08-05_2026-08-05_20260805T153024437012Z,9fd93f225e2663ef72017465f1af6b5bb1e9f620c1b69c07a1f0fd54b850091a
7020,2026-08-06,62.5,62.65,61.3,61.3,1615176,99942279.25,,,,render_normalized,tasi_2026-08-06_2026-08-06_20260806T153021501965Z,6ff377152d0ead67e84f33bc0daa618a818145aa8e2f551c9273431d88ac3851
7020,2026-08-09,61.3,62.0,61.0,61.5,469337,28864959.1,,,,render_normalized,tasi_2026-08-07_2026-08-09_20260809T153020287151Z,d7eb763bea83ef8684d027dfe3fb0fb7c951f2a9c34d7e37300eab6704449ed3
7020,2026-08-10,61.85,62.6,61.55,62.6,4265092,263477484.5,,,,render_normalized,tasi_2026-08-10_2026-08-10_20260810T153020102570Z,84d11a25e4f1e5c1fd93cef767caa7b24135f07229eeaeab08169c657f7b53de
7020,2026-08-11,62.6,63.0,61.9,62.6,935416,58556155.6,,,,render_normalized,tasi_2026-08-11_2026-08-11_20260811T153022011718Z,2ca6395fd3fcc72ba670e2961883e5c743cbb0e78c08f0ae926df09c31320865
7020,2026-08-12,62.25,63.65,62.1,63.65,1422862,89719583.6,,,,render_normalized,tasi_2026-08-12_2026-08-12_20260812T153021905708Z,8862a2d01571a3c9a9cdaef7d6c4c85e805809ad63506c8d9042aff3fa53b579
7020,2026-08-13,63.1,63.7,62.9,63.0,1078896,68188871.6,,,,render_normalized,tasi_2026-08-13_2026-08-13_20260813T153020777659Z,e0b6e7e97827824585b899f3f5ae2a43f595aeae92435da9a370d3df14b68b99
7020,2026-08-16,63.3,63.85,63.2,63.8,576289,36632512.45,,,,render_normalized,tasi_2026-08-14_2026-08-16_20260816T153020395457Z,5392abdf5e4a97362d33f1f6287bf2bc003c7d4bb43d28918b8aa095af9310d7
7020,2026-08-17,63.9,64.1,63.4,63.55,813315,51906558.1,,,,render_normalized,tasi_2026-08-17_2026-08-17_20260817T153022794323Z,56ab1200186f32f6bf2b699463f355510bc0a3da931f38c90816013f38a2eaf0
7020,2026-08-18,63.5,64.15,63.25,63.55,1407979,89573083.05,,,,render_normalized,tasi_2026-08-18_2026-08-18_20260818T153020653358Z,1cfd844fc98ba7ee716337d459294e8e314daaa0f85480a8e110399f3a6b856d
7020,2026-08-19,63.5,64.2,63.25,63.6,1287827,81989923.15,,,,render_normalized,tasi_2026-08-19_2026-08-19_20260819T153022440747Z,c9f50859d8825bb8e17dc890cb696be42681eb6c5d61b3749a33257a86f3517b
7020,2026-08-20,64.0,64.8,63.95,64.0,975998,62651323.25,,,,render_normalized,tasi_2026-08-20_2026-08-28_20260827T215758538311Z,7a00d373848e778f83c80f1777575ad48a6a4c0c192fe2e6a4123b56ae26cdee
7020,2026-08-23,64.0,65.8,64.0,65.3,634794,41333911.0,,,,render_normalized,tasi_2026-08-20_2026-08-28_20260827T215758538311Z,7a00d373848e778f83c80f1777575ad48a6a4c0c192fe2e6a4123b56ae26cdee
7020,2026-08-24,65.7,65.95,65.1,65.45,1128859,74007074.35,,,,render_normalized,tasi_2026-08-20_2026-08-28_20260827T215758538311Z,7a00d373848e778f83c80f1777575ad48a6a4c0c192fe2e6a4123b56ae26cdee
7020,2026-08-25,65.8,65.85,65.4,65.45,859272,56449291.4,,,,render_normalized,tasi_2026-08-20_2026-08-28_20260827T215758538311Z,7a00d373848e778f83c80f1777575ad48a6a4c0c192fe2e6a4123b56ae26cdee
7020,2026-08-26,65.75,68.5,65.65,67.45,1693601,114075885.6,,,,render_normalized,tasi_2026-08-20_2026-08-28_20260827T215758538311Z,7a00d373848e778f83c80f1777575ad48a6a4c0c192fe2e6a4123b56ae26cdee
