symbol,date,open,high,low,close,volume,value_traded,trades_count,is_final,partial,source_layer,source_run_id,source_file_sha256
1010,2023-03-01,26.1,28.0,26.1,27.45,5136,,,,,historical_baseline,,fe33df9ae5456d8ee27133c42c244c81d150008ababc19399c7ed428638b57ea
1010,2023-03-02,27.5,28.35,27.5,27.55,21400,,,,,historical_baseline,,fe33df9ae5456d8ee27133c42c244c81d150008ababc19399c7ed428638b57ea
1010,2023-03-05,27.9,28.55,27.9,28.25,534,,,,,historical_baseline,,fe33df9ae5456d8ee27133c42c244c81d150008ababc19399c7ed428638b57ea
1010,2023-03-06,28.25,28.25,28.25,28.25,0,,,,,historical_baseline,,fe33df9ae5456d8ee27133c42c244c81d150008ababc19399c7ed428638b57ea
1010,2023-03-07,28.25,28.25,28.25,28.25,0,,,,,historical_baseline,,fe33df9ae5456d8ee27133c42c244c81d150008ababc19399c7ed428638b57ea
1010,2023-03-08,29.4,29.45,28.4,29.0,786,,,,,historical_baseline,,fe33df9ae5456d8ee27133c42c244c81d150008ababc19399c7ed428638b57ea
1010,2023-03-09,29.0,29.0,29.0,29.0,0,,,,,historical_baseline,,fe33df9ae5456d8ee27133c42c244c81d150008ababc19399c7ed428638b57ea
1010,2023-03-12,29.0,29.0,29.0,29.0,0,,,,,historical_baseline,,fe33df9ae5456d8ee27133c42c244c81d150008ababc19399c7ed428638b57ea
1010,2023-03-13,29.0,29.0,29.0,29.0,0,,,,,historical_baseline,,fe33df9ae5456d8ee27133c42c244c81d150008ababc19399c7ed428638b57ea
1010,2023-03-14,28.55,28.8,27.4,27.6,1708,,,,,historical_baseline,,fe33df9ae5456d8ee27133c42c244c81d150008ababc19399c7ed428638b57ea
1010,2023-03-15,27.5,27.6,26.05,26.2,1501,,,,,historical_baseline,,fe33df9ae5456d8ee27133c42c244c81d150008ababc19399c7ed428638b57ea
1010,2023-03-16,26.3,26.8,25.8,26.45,3634,,,,,historical_baseline,,fe33df9ae5456d8ee27133c42c244c81d150008ababc19399c7ed428638b57ea
1010,2023-03-19,26.45,26.45,26.45,26.45,0,,,,,historical_baseline,,fe33df9ae5456d8ee27133c42c244c81d150008ababc19399c7ed428638b57ea
1010,2023-03-20,27.55,28.6,27.0,28.6,1187,,,,,historical_baseline,,fe33df9ae5456d8ee27133c42c244c81d150008ababc19399c7ed428638b57ea
1010,2023-03-21,28.6,29.85,28.4,29.7,2000,,,,,historical_baseline,,fe33df9ae5456d8ee27133c42c244c81d150008ababc19399c7ed428638b57ea
1010,2023-03-22,29.7,30.1,29.15,29.55,6750,,,,,historical_baseline,,fe33df9ae5456d8ee27133c42c244c81d150008ababc19399c7ed428638b57ea
1010,2023-03-23,29.4,29.95,28.95,29.85,2000,,,,,historical_baseline,,fe33df9ae5456d8ee27133c42c244c81d150008ababc19399c7ed428638b57ea
1010,2023-03-26,29.85,29.85,29.85,29.85,0,,,,,historical_baseline,,fe33df9ae5456d8ee27133c42c244c81d150008ababc19399c7ed428638b57ea
1010,2023-03-27,29.85,29.85,29.85,29.85,0,,,,,historical_baseline,,fe33df9ae5456d8ee27133c42c244c81d150008ababc19399c7ed428638b57ea
1010,2023-03-28,29.85,29.85,29.85,29.85,0,,,,,historical_baseline,,fe33df9ae5456d8ee27133c42c244c81d150008ababc19399c7ed428638b57ea
1010,2023-03-29,29.3,29.45,28.6,29.0,1838,,,,,historical_baseline,,fe33df9ae5456d8ee27133c42c244c81d150008ababc19399c7ed428638b57ea
1010,2023-03-30,29.0,29.85,28.95,29.7,2466,,,,,historical_baseline,,fe33df9ae5456d8ee27133c42c244c81d150008ababc19399c7ed428638b57ea
1020,2023-03-01,18.14,18.2,18.0,18.06,1973,,,,,historical_baseline,,fe33df9ae5456d8ee27133c42c244c81d150008ababc19399c7ed428638b57ea
1020,2023-03-02,18.1,18.4,18.1,18.2,1465,,,,,historical_baseline,,fe33df9ae5456d8ee27133c42c244c81d150008ababc19399c7ed428638b57ea
1020,2023-03-05,18.26,18.5,18.26,18.5,987,,,,,historical_baseline,,fe33df9ae5456d8ee27133c42c244c81d150008ababc19399c7ed428638b57ea
1020,2023-03-06,18.5,18.5,18.5,18.5,0,,,,,historical_baseline,,fe33df9ae5456d8ee27133c42c244c81d150008ababc19399c7ed428638b57ea
1020,2023-03-07,18.5,18.5,18.5,18.5,0,,,,,historical_baseline,,fe33df9ae5456d8ee27133c42c244c81d150008ababc19399c7ed428638b57ea
1020,2023-03-08,18.3,18.3,18.0,18.02,1256,,,,,historical_baseline,,fe33df9ae5456d8ee27133c42c244c81d150008ababc19399c7ed428638b57ea
1020,2023-03-09,18.02,18.02,18.02,18.02,0,,,,,historical_baseline,,fe33df9ae5456d8ee27133c42c244c81d150008ababc19399c7ed428638b57ea
1020,2023-03-12,18.02,18.02,18.02,18.02,0,,,,,historical_baseline,,fe33df9ae5456d8ee27133c42c244c81d150008ababc19399c7ed428638b57ea
1020,2023-03-13,18.02,18.02,18.02,18.02,0,,,,,historical_baseline,,fe33df9ae5456d8ee27133c42c244c81d150008ababc19399c7ed428638b57ea
1020,2023-03-14,18.08,18.14,17.76,17.76,6000,,,,,historical_baseline,,fe33df9ae5456d8ee27133c42c244c81d150008ababc19399c7ed428638b57ea
1020,2023-03-15,17.9,17.92,17.48,17.48,1000,,,,,historical_baseline,,fe33df9ae5456d8ee27133c42c244c81d150008ababc19399c7ed428638b57ea
1020,2023-03-16,17.48,17.62,17.16,17.26,3932,,,,,historical_baseline,,fe33df9ae5456d8ee27133c42c244c81d150008ababc19399c7ed428638b57ea
1020,2023-03-19,17.26,17.26,17.26,17.26,0,,,,,historical_baseline,,fe33df9ae5456d8ee27133c42c244c81d150008ababc19399c7ed428638b57ea
1020,2023-03-20,17.34,17.42,17.26,17.38,1110,,,,,historical_baseline,,fe33df9ae5456d8ee27133c42c244c81d150008ababc19399c7ed428638b57ea
1020,2023-03-21,17.44,17.6,17.38,17.38,2089,,,,,historical_baseline,,fe33df9ae5456d8ee27133c42c244c81d150008ababc19399c7ed428638b57ea
1020,2023-03-22,17.42,17.6,17.38,17.46,2990,,,,,historical_baseline,,fe33df9ae5456d8ee27133c42c244c81d150008ababc19399c7ed428638b57ea
1020,2023-03-23,17.4,17.54,17.36,17.54,9252,,,,,historical_baseline,,fe33df9ae5456d8ee27133c42c244c81d150008ababc19399c7ed428638b57ea
1020,2023-03-26,17.54,17.54,17.54,17.54,0,,,,,historical_baseline,,fe33df9ae5456d8ee27133c42c244c81d150008ababc19399c7ed428638b57ea
1020,2023-03-27,17.54,17.54,17.54,17.54,0,,,,,historical_baseline,,fe33df9ae5456d8ee27133c42c244c81d150008ababc19399c7ed428638b57ea
1020,2023-03-28,17.54,17.54,17.54,17.54,0,,,,,historical_baseline,,fe33df9ae5456d8ee27133c42c244c81d150008ababc19399c7ed428638b57ea
1020,2023-03-29,17.84,17.94,17.78,17.8,2048,,,,,historical_baseline,,fe33df9ae5456d8ee27133c42c244c81d150008ababc19399c7ed428638b57ea
1020,2023-03-30,17.84,18.18,17.84,18.18,4609,,,,,historical_baseline,,fe33df9ae5456d8ee27133c42c244c81d150008ababc19399c7ed428638b57ea
1030,2023-03-01,15.82,16.26,15.82,16.18,4121,,,,,historical_baseline,,fe33df9ae5456d8ee27133c42c244c81d150008ababc19399c7ed428638b57ea
1030,2023-03-02,16.06,16.4,16.06,16.14,1000,,,,,historical_baseline,,fe33df9ae5456d8ee27133c42c244c81d150008ababc19399c7ed428638b57ea
1030,2023-03-05,16.16,16.5,16.16,16.46,2537,,,,,historical_baseline,,fe33df9ae5456d8ee27133c42c244c81d150008ababc19399c7ed428638b57ea
1030,2023-03-06,16.46,16.46,16.46,16.46,0,,,,,historical_baseline,,fe33df9ae5456d8ee27133c42c244c81d150008ababc19399c7ed428638b57ea
1030,2023-03-07,16.46,16.46,16.46,16.46,0,,,,,historical_baseline,,fe33df9ae5456d8ee27133c42c244c81d150008ababc19399c7ed428638b57ea
1030,2023-03-08,16.0,16.08,15.92,16.08,1000,,,,,historical_baseline,,fe33df9ae5456d8ee27133c42c244c81d150008ababc19399c7ed428638b57ea
1030,2023-03-09,16.08,16.08,16.08,16.08,0,,,,,historical_baseline,,fe33df9ae5456d8ee27133c42c244c81d150008ababc19399c7ed428638b57ea
1030,2023-03-12,16.08,16.08,16.08,16.08,0,,,,,historical_baseline,,fe33df9ae5456d8ee27133c42c244c81d150008ababc19399c7ed428638b57ea
1030,2023-03-13,16.08,16.08,16.08,16.08,0,,,,,historical_baseline,,fe33df9ae5456d8ee27133c42c244c81d150008ababc19399c7ed428638b57ea
1030,2023-03-14,15.82,15.88,15.5,15.5,3000,,,,,historical_baseline,,fe33df9ae5456d8ee27133c42c244c81d150008ababc19399c7ed428638b57ea
1030,2023-03-15,15.46,15.46,15.06,15.06,4773,,,,,historical_baseline,,fe33df9ae5456d8ee27133c42c244c81d150008ababc19399c7ed428638b57ea
1030,2023-03-16,15.08,15.22,15.04,15.1,4874,,,,,historical_baseline,,fe33df9ae5456d8ee27133c42c244c81d150008ababc19399c7ed428638b57ea
1030,2023-03-19,15.1,15.1,15.1,15.1,0,,,,,historical_baseline,,fe33df9ae5456d8ee27133c42c244c81d150008ababc19399c7ed428638b57ea
1030,2023-03-20,15.76,16.08,15.7,15.92,1403,,,,,historical_baseline,,fe33df9ae5456d8ee27133c42c244c81d150008ababc19399c7ed428638b57ea
1030,2023-03-21,16.08,16.12,15.86,16.0,6924,,,,,historical_baseline,,fe33df9ae5456d8ee27133c42c244c81d150008ababc19399c7ed428638b57ea
1030,2023-03-22,16.0,16.52,16.0,16.52,1901,,,,,historical_baseline,,fe33df9ae5456d8ee27133c42c244c81d150008ababc19399c7ed428638b57ea
1030,2023-03-23,16.38,16.5,16.28,16.32,993,,,,,historical_baseline,,fe33df9ae5456d8ee27133c42c244c81d150008ababc19399c7ed428638b57ea
1030,2023-03-26,16.32,16.32,16.32,16.32,0,,,,,historical_baseline,,fe33df9ae5456d8ee27133c42c244c81d150008ababc19399c7ed428638b57ea
1030,2023-03-27,16.32,16.32,16.32,16.32,0,,,,,historical_baseline,,fe33df9ae5456d8ee27133c42c244c81d150008ababc19399c7ed428638b57ea
1030,2023-03-28,16.32,16.32,16.32,16.32,0,,,,,historical_baseline,,fe33df9ae5456d8ee27133c42c244c81d150008ababc19399c7ed428638b57ea
1030,2023-03-29,16.0,16.1,15.98,16.1,824,,,,,historical_baseline,,fe33df9ae5456d8ee27133c42c244c81d150008ababc19399c7ed428638b57ea
1030,2023-03-30,16.0,16.56,16.0,16.56,27791,,,,,historical_baseline,,fe33df9ae5456d8ee27133c42c244c81d150008ababc19399c7ed428638b57ea
1050,2023-03-01,33.0,34.25,32.8,34.05,2608,,,,,historical_baseline,,fe33df9ae5456d8ee27133c42c244c81d150008ababc19399c7ed428638b57ea
1050,2023-03-02,34.0,35.5,34.0,35.25,500,,,,,historical_baseline,,fe33df9ae5456d8ee27133c42c244c81d150008ababc19399c7ed428638b57ea
1050,2023-03-05,35.75,35.85,35.3,35.5,26000,,,,,historical_baseline,,fe33df9ae5456d8ee27133c42c244c81d150008ababc19399c7ed428638b57ea
1050,2023-03-06,35.5,35.5,35.5,35.5,0,,,,,historical_baseline,,fe33df9ae5456d8ee27133c42c244c81d150008ababc19399c7ed428638b57ea
1050,2023-03-07,35.5,35.5,35.5,35.5,0,,,,,historical_baseline,,fe33df9ae5456d8ee27133c42c244c81d150008ababc19399c7ed428638b57ea
1050,2023-03-08,35.85,35.85,35.1,35.3,1799,,,,,historical_baseline,,fe33df9ae5456d8ee27133c42c244c81d150008ababc19399c7ed428638b57ea
1050,2023-03-09,35.3,35.3,35.3,35.3,0,,,,,historical_baseline,,fe33df9ae5456d8ee27133c42c244c81d150008ababc19399c7ed428638b57ea
1050,2023-03-12,35.3,35.3,35.3,35.3,0,,,,,historical_baseline,,fe33df9ae5456d8ee27133c42c244c81d150008ababc19399c7ed428638b57ea
1050,2023-03-13,35.3,35.3,35.3,35.3,0,,,,,historical_baseline,,fe33df9ae5456d8ee27133c42c244c81d150008ababc19399c7ed428638b57ea
1050,2023-03-14,34.65,35.25,34.1,34.3,1158,,,,,historical_baseline,,fe33df9ae5456d8ee27133c42c244c81d150008ababc19399c7ed428638b57ea
1050,2023-03-15,33.9,34.2,32.7,33.15,947,,,,,historical_baseline,,fe33df9ae5456d8ee27133c42c244c81d150008ababc19399c7ed428638b57ea
1050,2023-03-16,33.0,34.25,32.95,33.9,50000,,,,,historical_baseline,,fe33df9ae5456d8ee27133c42c244c81d150008ababc19399c7ed428638b57ea
1050,2023-03-19,33.9,33.9,33.9,33.9,0,,,,,historical_baseline,,fe33df9ae5456d8ee27133c42c244c81d150008ababc19399c7ed428638b57ea
1050,2023-03-20,34.45,35.75,34.45,35.5,1153,,,,,historical_baseline,,fe33df9ae5456d8ee27133c42c244c81d150008ababc19399c7ed428638b57ea
1050,2023-03-21,35.8,36.45,35.75,35.75,1628,,,,,historical_baseline,,fe33df9ae5456d8ee27133c42c244c81d150008ababc19399c7ed428638b57ea
1050,2023-03-22,35.65,36.3,35.55,35.85,1195,,,,,historical_baseline,,fe33df9ae5456d8ee27133c42c244c81d150008ababc19399c7ed428638b57ea
1050,2023-03-23,35.5,36.0,35.5,35.9,3000,,,,,historical_baseline,,fe33df9ae5456d8ee27133c42c244c81d150008ababc19399c7ed428638b57ea
1050,2023-03-26,35.9,35.9,35.9,35.9,0,,,,,historical_baseline,,fe33df9ae5456d8ee27133c42c244c81d150008ababc19399c7ed428638b57ea
1050,2023-03-27,35.9,35.9,35.9,35.9,0,,,,,historical_baseline,,fe33df9ae5456d8ee27133c42c244c81d150008ababc19399c7ed428638b57ea
1050,2023-03-28,35.9,35.9,35.9,35.9,0,,,,,historical_baseline,,fe33df9ae5456d8ee27133c42c244c81d150008ababc19399c7ed428638b57ea
1050,2023-03-29,35.7,36.3,35.6,36.15,1078,,,,,historical_baseline,,fe33df9ae5456d8ee27133c42c244c81d150008ababc19399c7ed428638b57ea
1050,2023-03-30,36.35,36.35,35.95,36.2,850,,,,,historical_baseline,,fe33df9ae5456d8ee27133c42c244c81d150008ababc19399c7ed428638b57ea
1060,2023-03-01,32.85,34.8,32.85,34.8,807,,,,,historical_baseline,,fe33df9ae5456d8ee27133c42c244c81d150008ababc19399c7ed428638b57ea
1060,2023-03-02,34.45,36.4,34.45,36.0,2746,,,,,historical_baseline,,fe33df9ae5456d8ee27133c42c244c81d150008ababc19399c7ed428638b57ea
1060,2023-03-05,36.75,36.95,36.35,36.55,732,,,,,historical_baseline,,fe33df9ae5456d8ee27133c42c244c81d150008ababc19399c7ed428638b57ea
1060,2023-03-06,36.55,36.55,36.55,36.55,0,,,,,historical_baseline,,fe33df9ae5456d8ee27133c42c244c81d150008ababc19399c7ed428638b57ea
1060,2023-03-07,36.55,36.55,36.55,36.55,0,,,,,historical_baseline,,fe33df9ae5456d8ee27133c42c244c81d150008ababc19399c7ed428638b57ea
1060,2023-03-08,35.35,35.65,35.1,35.4,1801,,,,,historical_baseline,,fe33df9ae5456d8ee27133c42c244c81d150008ababc19399c7ed428638b57ea
1060,2023-03-09,35.4,35.4,35.4,35.4,0,,,,,historical_baseline,,fe33df9ae5456d8ee27133c42c244c81d150008ababc19399c7ed428638b57ea
1060,2023-03-12,35.4,35.4,35.4,35.4,0,,,,,historical_baseline,,fe33df9ae5456d8ee27133c42c244c81d150008ababc19399c7ed428638b57ea
1060,2023-03-13,35.4,35.4,35.4,35.4,0,,,,,historical_baseline,,fe33df9ae5456d8ee27133c42c244c81d150008ababc19399c7ed428638b57ea
1060,2023-03-14,34.3,34.75,33.7,33.7,657,,,,,historical_baseline,,fe33df9ae5456d8ee27133c42c244c81d150008ababc19399c7ed428638b57ea
1060,2023-03-15,33.2,33.2,32.1,32.4,1640,,,,,historical_baseline,,fe33df9ae5456d8ee27133c42c244c81d150008ababc19399c7ed428638b57ea
1060,2023-03-16,32.4,33.65,32.1,33.65,572,,,,,historical_baseline,,fe33df9ae5456d8ee27133c42c244c81d150008ababc19399c7ed428638b57ea
1060,2023-03-19,33.65,33.65,33.65,33.65,0,,,,,historical_baseline,,fe33df9ae5456d8ee27133c42c244c81d150008ababc19399c7ed428638b57ea
1060,2023-03-20,34.35,34.35,33.7,34.15,15332,,,,,historical_baseline,,fe33df9ae5456d8ee27133c42c244c81d150008ababc19399c7ed428638b57ea
1060,2023-03-21,34.65,34.65,33.65,34.3,5040,,,,,historical_baseline,,fe33df9ae5456d8ee27133c42c244c81d150008ababc19399c7ed428638b57ea
1060,2023-03-22,34.25,35.1,34.2,35.05,3180,,,,,historical_baseline,,fe33df9ae5456d8ee27133c42c244c81d150008ababc19399c7ed428638b57ea
1060,2023-03-23,34.75,35.1,34.5,35.1,3000,,,,,historical_baseline,,fe33df9ae5456d8ee27133c42c244c81d150008ababc19399c7ed428638b57ea
1060,2023-03-26,35.1,35.1,35.1,35.1,0,,,,,historical_baseline,,fe33df9ae5456d8ee27133c42c244c81d150008ababc19399c7ed428638b57ea
1060,2023-03-27,35.1,35.1,35.1,35.1,0,,,,,historical_baseline,,fe33df9ae5456d8ee27133c42c244c81d150008ababc19399c7ed428638b57ea
1060,2023-03-28,35.1,35.1,35.1,35.1,0,,,,,historical_baseline,,fe33df9ae5456d8ee27133c42c244c81d150008ababc19399c7ed428638b57ea
1060,2023-03-29,33.9,34.6,33.85,34.6,2344,,,,,historical_baseline,,fe33df9ae5456d8ee27133c42c244c81d150008ababc19399c7ed428638b57ea
1060,2023-03-30,34.7,35.3,34.55,35.25,1949,,,,,historical_baseline,,fe33df9ae5456d8ee27133c42c244c81d150008ababc19399c7ed428638b57ea
1080,2023-03-01,23.12,25.2,23.06,25.0,1081,,,,,historical_baseline,,fe33df9ae5456d8ee27133c42c244c81d150008ababc19399c7ed428638b57ea
1080,2023-03-02,26.2,26.5,25.1,25.75,1300,,,,,historical_baseline,,fe33df9ae5456d8ee27133c42c244c81d150008ababc19399c7ed428638b57ea
1080,2023-03-05,26.45,26.5,26.35,26.4,2196,,,,,historical_baseline,,fe33df9ae5456d8ee27133c42c244c81d150008ababc19399c7ed428638b57ea
1080,2023-03-06,26.4,26.4,26.4,26.4,0,,,,,historical_baseline,,fe33df9ae5456d8ee27133c42c244c81d150008ababc19399c7ed428638b57ea
1080,2023-03-07,26.4,26.4,26.4,26.4,0,,,,,historical_baseline,,fe33df9ae5456d8ee27133c42c244c81d150008ababc19399c7ed428638b57ea
1080,2023-03-08,26.1,26.45,25.75,26.45,9764,,,,,historical_baseline,,fe33df9ae5456d8ee27133c42c244c81d150008ababc19399c7ed428638b57ea
1080,2023-03-09,26.45,26.45,26.45,26.45,0,,,,,historical_baseline,,fe33df9ae5456d8ee27133c42c244c81d150008ababc19399c7ed428638b57ea
1080,2023-03-12,26.45,26.45,26.45,26.45,0,,,,,historical_baseline,,fe33df9ae5456d8ee27133c42c244c81d150008ababc19399c7ed428638b57ea
1080,2023-03-13,26.45,26.45,26.45,26.45,0,,,,,historical_baseline,,fe33df9ae5456d8ee27133c42c244c81d150008ababc19399c7ed428638b57ea
1080,2023-03-14,26.45,26.7,24.9,24.9,1000,,,,,historical_baseline,,fe33df9ae5456d8ee27133c42c244c81d150008ababc19399c7ed428638b57ea
1080,2023-03-15,26.2,26.2,25.45,25.5,2014,,,,,historical_baseline,,fe33df9ae5456d8ee27133c42c244c81d150008ababc19399c7ed428638b57ea
1080,2023-03-16,25.3,25.6,24.78,25.0,15144,,,,,historical_baseline,,fe33df9ae5456d8ee27133c42c244c81d150008ababc19399c7ed428638b57ea
1080,2023-03-19,25.0,25.0,25.0,25.0,0,,,,,historical_baseline,,fe33df9ae5456d8ee27133c42c244c81d150008ababc19399c7ed428638b57ea
1080,2023-03-20,25.1,25.15,24.58,24.9,1000,,,,,historical_baseline,,fe33df9ae5456d8ee27133c42c244c81d150008ababc19399c7ed428638b57ea
1080,2023-03-21,24.86,26.2,24.8,26.2,5413,,,,,historical_baseline,,fe33df9ae5456d8ee27133c42c244c81d150008ababc19399c7ed428638b57ea
1080,2023-03-22,25.85,26.7,25.85,26.15,1619,,,,,historical_baseline,,fe33df9ae5456d8ee27133c42c244c81d150008ababc19399c7ed428638b57ea
1080,2023-03-23,26.3,27.15,26.3,26.7,8753,,,,,historical_baseline,,fe33df9ae5456d8ee27133c42c244c81d150008ababc19399c7ed428638b57ea
1080,2023-03-26,26.7,26.7,26.7,26.7,0,,,,,historical_baseline,,fe33df9ae5456d8ee27133c42c244c81d150008ababc19399c7ed428638b57ea
1080,2023-03-27,26.7,26.7,26.7,26.7,0,,,,,historical_baseline,,fe33df9ae5456d8ee27133c42c244c81d150008ababc19399c7ed428638b57ea
1080,2023-03-28,26.7,26.7,26.7,26.7,0,,,,,historical_baseline,,fe33df9ae5456d8ee27133c42c244c81d150008ababc19399c7ed428638b57ea
1080,2023-03-29,25.25,25.7,25.2,25.25,2053,,,,,historical_baseline,,fe33df9ae5456d8ee27133c42c244c81d150008ababc19399c7ed428638b57ea
1080,2023-03-30,25.25,26.0,25.25,25.8,1155,,,,,historical_baseline,,fe33df9ae5456d8ee27133c42c244c81d150008ababc19399c7ed428638b57ea
1111,2023-03-01,143.0,144.2,140.0,141.4,158,,,,,historical_baseline,,fe33df9ae5456d8ee27133c42c244c81d150008ababc19399c7ed428638b57ea
1111,2023-03-02,142.0,144.8,142.0,142.4,600,,,,,historical_baseline,,fe33df9ae5456d8ee27133c42c244c81d150008ababc19399c7ed428638b57ea
1111,2023-03-05,144.4,144.4,142.6,144.0,131,,,,,historical_baseline,,fe33df9ae5456d8ee27133c42c244c81d150008ababc19399c7ed428638b57ea
1111,2023-03-06,144.0,144.0,144.0,144.0,0,,,,,historical_baseline,,fe33df9ae5456d8ee27133c42c244c81d150008ababc19399c7ed428638b57ea
1111,2023-03-07,144.0,144.0,144.0,144.0,0,,,,,historical_baseline,,fe33df9ae5456d8ee27133c42c244c81d150008ababc19399c7ed428638b57ea
1111,2023-03-08,141.8,142.0,140.0,142.0,161,,,,,historical_baseline,,fe33df9ae5456d8ee27133c42c244c81d150008ababc19399c7ed428638b57ea
1111,2023-03-09,142.0,142.0,142.0,142.0,0,,,,,historical_baseline,,fe33df9ae5456d8ee27133c42c244c81d150008ababc19399c7ed428638b57ea
1111,2023-03-12,142.0,142.0,142.0,142.0,0,,,,,historical_baseline,,fe33df9ae5456d8ee27133c42c244c81d150008ababc19399c7ed428638b57ea
1111,2023-03-13,142.0,142.0,142.0,142.0,0,,,,,historical_baseline,,fe33df9ae5456d8ee27133c42c244c81d150008ababc19399c7ed428638b57ea
1111,2023-03-14,142.0,146.0,141.0,141.0,530,,,,,historical_baseline,,fe33df9ae5456d8ee27133c42c244c81d150008ababc19399c7ed428638b57ea
1111,2023-03-15,139.8,141.8,134.8,136.2,400,,,,,historical_baseline,,fe33df9ae5456d8ee27133c42c244c81d150008ababc19399c7ed428638b57ea
1111,2023-03-16,136.2,138.2,135.0,136.0,301,,,,,historical_baseline,,fe33df9ae5456d8ee27133c42c244c81d150008ababc19399c7ed428638b57ea
1111,2023-03-19,136.0,136.0,136.0,136.0,0,,,,,historical_baseline,,fe33df9ae5456d8ee27133c42c244c81d150008ababc19399c7ed428638b57ea
1111,2023-03-20,137.0,140.0,136.6,138.8,212,,,,,historical_baseline,,fe33df9ae5456d8ee27133c42c244c81d150008ababc19399c7ed428638b57ea
1111,2023-03-21,138.8,141.6,138.8,141.6,108,,,,,historical_baseline,,fe33df9ae5456d8ee27133c42c244c81d150008ababc19399c7ed428638b57ea
1111,2023-03-22,141.8,145.0,139.2,139.8,360,,,,,historical_baseline,,fe33df9ae5456d8ee27133c42c244c81d150008ababc19399c7ed428638b57ea
1111,2023-03-23,139.6,141.6,139.0,140.8,3629,,,,,historical_baseline,,fe33df9ae5456d8ee27133c42c244c81d150008ababc19399c7ed428638b57ea
1111,2023-03-26,140.8,140.8,140.8,140.8,0,,,,,historical_baseline,,fe33df9ae5456d8ee27133c42c244c81d150008ababc19399c7ed428638b57ea
1111,2023-03-27,140.8,140.8,140.8,140.8,0,,,,,historical_baseline,,fe33df9ae5456d8ee27133c42c244c81d150008ababc19399c7ed428638b57ea
1111,2023-03-28,140.8,140.8,140.8,140.8,0,,,,,historical_baseline,,fe33df9ae5456d8ee27133c42c244c81d150008ababc19399c7ed428638b57ea
1111,2023-03-29,140.8,140.8,140.8,140.8,0,,,,,historical_baseline,,fe33df9ae5456d8ee27133c42c244c81d150008ababc19399c7ed428638b57ea
1111,2023-03-30,143.8,146.4,143.6,144.4,741,,,,,historical_baseline,,fe33df9ae5456d8ee27133c42c244c81d150008ababc19399c7ed428638b57ea
1120,2023-03-01,70.6,72.3,70.5,72.1,422,,,,,historical_baseline,,fe33df9ae5456d8ee27133c42c244c81d150008ababc19399c7ed428638b57ea
1120,2023-03-02,72.4,74.3,72.3,73.7,500,,,,,historical_baseline,,fe33df9ae5456d8ee27133c42c244c81d150008ababc19399c7ed428638b57ea
1120,2023-03-05,74.8,75.4,74.4,75.1,12520,,,,,historical_baseline,,fe33df9ae5456d8ee27133c42c244c81d150008ababc19399c7ed428638b57ea
1120,2023-03-06,75.1,75.1,75.1,75.1,0,,,,,historical_baseline,,fe33df9ae5456d8ee27133c42c244c81d150008ababc19399c7ed428638b57ea
1120,2023-03-07,75.1,75.1,75.1,75.1,0,,,,,historical_baseline,,fe33df9ae5456d8ee27133c42c244c81d150008ababc19399c7ed428638b57ea
1120,2023-03-08,74.3,74.3,73.3,74.1,4815,,,,,historical_baseline,,fe33df9ae5456d8ee27133c42c244c81d150008ababc19399c7ed428638b57ea
1120,2023-03-09,74.1,74.1,74.1,74.1,0,,,,,historical_baseline,,fe33df9ae5456d8ee27133c42c244c81d150008ababc19399c7ed428638b57ea
1120,2023-03-12,74.1,74.1,74.1,74.1,0,,,,,historical_baseline,,fe33df9ae5456d8ee27133c42c244c81d150008ababc19399c7ed428638b57ea
1120,2023-03-13,74.1,74.1,74.1,74.1,0,,,,,historical_baseline,,fe33df9ae5456d8ee27133c42c244c81d150008ababc19399c7ed428638b57ea
1120,2023-03-14,74.1,74.5,72.6,72.6,688,,,,,historical_baseline,,fe33df9ae5456d8ee27133c42c244c81d150008ababc19399c7ed428638b57ea
1120,2023-03-15,72.1,72.7,70.4,70.8,350,,,,,historical_baseline,,fe33df9ae5456d8ee27133c42c244c81d150008ababc19399c7ed428638b57ea
1120,2023-03-16,70.9,71.9,70.0,70.6,1200,,,,,historical_baseline,,fe33df9ae5456d8ee27133c42c244c81d150008ababc19399c7ed428638b57ea
1120,2023-03-19,70.6,70.6,70.6,70.6,0,,,,,historical_baseline,,fe33df9ae5456d8ee27133c42c244c81d150008ababc19399c7ed428638b57ea
1120,2023-03-20,72.5,73.9,71.8,73.9,968,,,,,historical_baseline,,fe33df9ae5456d8ee27133c42c244c81d150008ababc19399c7ed428638b57ea
1120,2023-03-21,73.6,74.8,73.6,74.1,259,,,,,historical_baseline,,fe33df9ae5456d8ee27133c42c244c81d150008ababc19399c7ed428638b57ea
1120,2023-03-22,73.6,74.2,72.6,72.6,2500,,,,,historical_baseline,,fe33df9ae5456d8ee27133c42c244c81d150008ababc19399c7ed428638b57ea
1120,2023-03-23,72.4,73.5,72.3,73.5,570,,,,,historical_baseline,,fe33df9ae5456d8ee27133c42c244c81d150008ababc19399c7ed428638b57ea
1120,2023-03-26,73.5,73.5,73.5,73.5,0,,,,,historical_baseline,,fe33df9ae5456d8ee27133c42c244c81d150008ababc19399c7ed428638b57ea
1120,2023-03-27,73.5,73.5,73.5,73.5,0,,,,,historical_baseline,,fe33df9ae5456d8ee27133c42c244c81d150008ababc19399c7ed428638b57ea
1120,2023-03-28,73.5,73.5,73.5,73.5,0,,,,,historical_baseline,,fe33df9ae5456d8ee27133c42c244c81d150008ababc19399c7ed428638b57ea
1120,2023-03-29,72.7,72.9,72.1,72.3,8248,,,,,historical_baseline,,fe33df9ae5456d8ee27133c42c244c81d150008ababc19399c7ed428638b57ea
1120,2023-03-30,72.8,73.6,72.5,73.5,1000,,,,,historical_baseline,,fe33df9ae5456d8ee27133c42c244c81d150008ababc19399c7ed428638b57ea
1140,2023-03-01,35.95,36.8,35.85,36.35,1000,,,,,historical_baseline,,fe33df9ae5456d8ee27133c42c244c81d150008ababc19399c7ed428638b57ea
1140,2023-03-02,36.5,37.35,36.5,36.9,418,,,,,historical_baseline,,fe33df9ae5456d8ee27133c42c244c81d150008ababc19399c7ed428638b57ea
1140,2023-03-05,37.5,38.5,37.2,38.5,2396,,,,,historical_baseline,,fe33df9ae5456d8ee27133c42c244c81d150008ababc19399c7ed428638b57ea
1140,2023-03-06,38.5,38.5,38.5,38.5,0,,,,,historical_baseline,,fe33df9ae5456d8ee27133c42c244c81d150008ababc19399c7ed428638b57ea
1140,2023-03-07,38.5,38.5,38.5,38.5,0,,,,,historical_baseline,,fe33df9ae5456d8ee27133c42c244c81d150008ababc19399c7ed428638b57ea
1140,2023-03-08,38.5,38.75,37.9,38.7,2161,,,,,historical_baseline,,fe33df9ae5456d8ee27133c42c244c81d150008ababc19399c7ed428638b57ea
1140,2023-03-09,38.7,38.7,38.7,38.7,0,,,,,historical_baseline,,fe33df9ae5456d8ee27133c42c244c81d150008ababc19399c7ed428638b57ea
1140,2023-03-12,38.7,38.7,38.7,38.7,0,,,,,historical_baseline,,fe33df9ae5456d8ee27133c42c244c81d150008ababc19399c7ed428638b57ea
1140,2023-03-13,38.7,38.7,38.7,38.7,0,,,,,historical_baseline,,fe33df9ae5456d8ee27133c42c244c81d150008ababc19399c7ed428638b57ea
1140,2023-03-14,38.4,38.75,36.9,37.7,500,,,,,historical_baseline,,fe33df9ae5456d8ee27133c42c244c81d150008ababc19399c7ed428638b57ea
1140,2023-03-15,37.6,37.8,36.5,36.5,1190,,,,,historical_baseline,,fe33df9ae5456d8ee27133c42c244c81d150008ababc19399c7ed428638b57ea
1140,2023-03-16,36.5,37.55,36.1,36.95,37300,,,,,historical_baseline,,fe33df9ae5456d8ee27133c42c244c81d150008ababc19399c7ed428638b57ea
1140,2023-03-19,36.95,36.95,36.95,36.95,0,,,,,historical_baseline,,fe33df9ae5456d8ee27133c42c244c81d150008ababc19399c7ed428638b57ea
1140,2023-03-20,38.5,38.5,37.8,38.3,550,,,,,historical_baseline,,fe33df9ae5456d8ee27133c42c244c81d150008ababc19399c7ed428638b57ea
1140,2023-03-21,38.6,38.9,37.8,38.5,813,,,,,historical_baseline,,fe33df9ae5456d8ee27133c42c244c81d150008ababc19399c7ed428638b57ea
1140,2023-03-22,38.3,38.85,38.0,38.35,1692,,,,,historical_baseline,,fe33df9ae5456d8ee27133c42c244c81d150008ababc19399c7ed428638b57ea
1140,2023-03-23,37.9,38.35,37.75,38.35,1000,,,,,historical_baseline,,fe33df9ae5456d8ee27133c42c244c81d150008ababc19399c7ed428638b57ea
1140,2023-03-26,38.35,38.35,38.35,38.35,0,,,,,historical_baseline,,fe33df9ae5456d8ee27133c42c244c81d150008ababc19399c7ed428638b57ea
1140,2023-03-27,38.35,38.35,38.35,38.35,0,,,,,historical_baseline,,fe33df9ae5456d8ee27133c42c244c81d150008ababc19399c7ed428638b57ea
1140,2023-03-28,38.35,38.35,38.35,38.35,0,,,,,historical_baseline,,fe33df9ae5456d8ee27133c42c244c81d150008ababc19399c7ed428638b57ea
1140,2023-03-29,38.0,38.45,38.0,38.4,1368,,,,,historical_baseline,,fe33df9ae5456d8ee27133c42c244c81d150008ababc19399c7ed428638b57ea
1140,2023-03-30,38.45,39.9,38.35,39.8,1000,,,,,historical_baseline,,fe33df9ae5456d8ee27133c42c244c81d150008ababc19399c7ed428638b57ea
1150,2023-03-01,29.5,29.85,28.95,29.1,554,,,,,historical_baseline,,fe33df9ae5456d8ee27133c42c244c81d150008ababc19399c7ed428638b57ea
1150,2023-03-02,29.2,30.2,29.15,30.0,1000,,,,,historical_baseline,,fe33df9ae5456d8ee27133c42c244c81d150008ababc19399c7ed428638b57ea
1150,2023-03-05,30.1,30.85,30.1,30.7,1511,,,,,historical_baseline,,fe33df9ae5456d8ee27133c42c244c81d150008ababc19399c7ed428638b57ea
1150,2023-03-06,30.7,30.7,30.7,30.7,0,,,,,historical_baseline,,fe33df9ae5456d8ee27133c42c244c81d150008ababc19399c7ed428638b57ea
1150,2023-03-07,30.7,30.7,30.7,30.7,0,,,,,historical_baseline,,fe33df9ae5456d8ee27133c42c244c81d150008ababc19399c7ed428638b57ea
1150,2023-03-08,30.6,31.0,30.2,30.85,665,,,,,historical_baseline,,fe33df9ae5456d8ee27133c42c244c81d150008ababc19399c7ed428638b57ea
1150,2023-03-09,30.85,30.85,30.85,30.85,0,,,,,historical_baseline,,fe33df9ae5456d8ee27133c42c244c81d150008ababc19399c7ed428638b57ea
1150,2023-03-12,30.85,30.85,30.85,30.85,0,,,,,historical_baseline,,fe33df9ae5456d8ee27133c42c244c81d150008ababc19399c7ed428638b57ea
1150,2023-03-13,30.85,30.85,30.85,30.85,0,,,,,historical_baseline,,fe33df9ae5456d8ee27133c42c244c81d150008ababc19399c7ed428638b57ea
1150,2023-03-14,30.1,30.55,29.3,29.3,728,,,,,historical_baseline,,fe33df9ae5456d8ee27133c42c244c81d150008ababc19399c7ed428638b57ea
1150,2023-03-15,29.45,29.5,28.3,28.5,576,,,,,historical_baseline,,fe33df9ae5456d8ee27133c42c244c81d150008ababc19399c7ed428638b57ea
1150,2023-03-16,28.4,29.5,28.25,28.6,977,,,,,historical_baseline,,fe33df9ae5456d8ee27133c42c244c81d150008ababc19399c7ed428638b57ea
1150,2023-03-19,28.6,28.6,28.6,28.6,0,,,,,historical_baseline,,fe33df9ae5456d8ee27133c42c244c81d150008ababc19399c7ed428638b57ea
1150,2023-03-20,29.3,29.45,29.0,29.1,3466,,,,,historical_baseline,,fe33df9ae5456d8ee27133c42c244c81d150008ababc19399c7ed428638b57ea
1150,2023-03-21,29.2,29.9,29.1,29.8,5000,,,,,historical_baseline,,fe33df9ae5456d8ee27133c42c244c81d150008ababc19399c7ed428638b57ea
1150,2023-03-22,29.8,30.1,29.35,29.45,5000,,,,,historical_baseline,,fe33df9ae5456d8ee27133c42c244c81d150008ababc19399c7ed428638b57ea
1150,2023-03-23,29.4,29.55,29.1,29.55,1016,,,,,historical_baseline,,fe33df9ae5456d8ee27133c42c244c81d150008ababc19399c7ed428638b57ea
1150,2023-03-26,29.55,29.55,29.55,29.55,0,,,,,historical_baseline,,fe33df9ae5456d8ee27133c42c244c81d150008ababc19399c7ed428638b57ea
1150,2023-03-27,29.55,29.55,29.55,29.55,0,,,,,historical_baseline,,fe33df9ae5456d8ee27133c42c244c81d150008ababc19399c7ed428638b57ea
1150,2023-03-28,29.55,29.55,29.55,29.55,0,,,,,historical_baseline,,fe33df9ae5456d8ee27133c42c244c81d150008ababc19399c7ed428638b57ea
1150,2023-03-29,29.6,29.75,28.85,29.2,5385,,,,,historical_baseline,,fe33df9ae5456d8ee27133c42c244c81d150008ababc19399c7ed428638b57ea
1150,2023-03-30,29.25,29.7,29.25,29.45,5060,,,,,historical_baseline,,fe33df9ae5456d8ee27133c42c244c81d150008ababc19399c7ed428638b57ea
1180,2023-03-01,35.66,35.85,35.25,35.25,2933,,,,,historical_baseline,,fe33df9ae5456d8ee27133c42c244c81d150008ababc19399c7ed428638b57ea
1180,2023-03-02,35.44,35.66,34.95,34.95,533,,,,,historical_baseline,,fe33df9ae5456d8ee27133c42c244c81d150008ababc19399c7ed428638b57ea
1180,2023-03-05,35.25,35.66,35.17,35.51,666,,,,,historical_baseline,,fe33df9ae5456d8ee27133c42c244c81d150008ababc19399c7ed428638b57ea
1180,2023-03-06,35.51,35.51,35.51,35.51,0,,,,,historical_baseline,,fe33df9ae5456d8ee27133c42c244c81d150008ababc19399c7ed428638b57ea
1180,2023-03-07,35.51,35.51,35.51,35.51,0,,,,,historical_baseline,,fe33df9ae5456d8ee27133c42c244c81d150008ababc19399c7ed428638b57ea
1180,2023-03-08,35.44,35.44,34.72,34.72,666,,,,,historical_baseline,,fe33df9ae5456d8ee27133c42c244c81d150008ababc19399c7ed428638b57ea
1180,2023-03-09,34.72,34.72,34.72,34.72,0,,,,,historical_baseline,,fe33df9ae5456d8ee27133c42c244c81d150008ababc19399c7ed428638b57ea
1180,2023-03-12,34.72,34.72,34.72,34.72,0,,,,,historical_baseline,,fe33df9ae5456d8ee27133c42c244c81d150008ababc19399c7ed428638b57ea
1180,2023-03-13,34.72,34.72,34.72,34.72,0,,,,,historical_baseline,,fe33df9ae5456d8ee27133c42c244c81d150008ababc19399c7ed428638b57ea
1180,2023-03-14,34.54,34.91,33.41,33.45,1333,,,,,historical_baseline,,fe33df9ae5456d8ee27133c42c244c81d150008ababc19399c7ed428638b57ea
1180,2023-03-15,33.34,33.41,32.03,32.06,12976,,,,,historical_baseline,,fe33df9ae5456d8ee27133c42c244c81d150008ababc19399c7ed428638b57ea
1180,2023-03-16,31.8,31.99,29.81,31.12,533,,,,,historical_baseline,,fe33df9ae5456d8ee27133c42c244c81d150008ababc19399c7ed428638b57ea
1180,2023-03-19,31.12,31.12,31.12,31.12,0,,,,,historical_baseline,,fe33df9ae5456d8ee27133c42c244c81d150008ababc19399c7ed428638b57ea
1180,2023-03-20,31.5,33.3,31.31,33.3,1333,,,,,historical_baseline,,fe33df9ae5456d8ee27133c42c244c81d150008ababc19399c7ed428638b57ea
1180,2023-03-21,33.6,34.58,33.56,34.42,1333,,,,,historical_baseline,,fe33df9ae5456d8ee27133c42c244c81d150008ababc19399c7ed428638b57ea
1180,2023-03-22,34.46,34.65,34.09,34.5,6666,,,,,historical_baseline,,fe33df9ae5456d8ee27133c42c244c81d150008ababc19399c7ed428638b57ea
1180,2023-03-23,34.42,34.88,33.83,34.84,2666,,,,,historical_baseline,,fe33df9ae5456d8ee27133c42c244c81d150008ababc19399c7ed428638b57ea
1180,2023-03-26,34.84,34.84,34.84,34.84,0,,,,,historical_baseline,,fe33df9ae5456d8ee27133c42c244c81d150008ababc19399c7ed428638b57ea
1180,2023-03-27,34.84,34.84,34.84,34.84,0,,,,,historical_baseline,,fe33df9ae5456d8ee27133c42c244c81d150008ababc19399c7ed428638b57ea
1180,2023-03-28,34.84,34.84,34.84,34.84,0,,,,,historical_baseline,,fe33df9ae5456d8ee27133c42c244c81d150008ababc19399c7ed428638b57ea
1180,2023-03-29,33.67,33.94,33.41,33.64,2785,,,,,historical_baseline,,fe33df9ae5456d8ee27133c42c244c81d150008ababc19399c7ed428638b57ea
1180,2023-03-30,33.64,34.61,33.53,34.39,666,,,,,historical_baseline,,fe33df9ae5456d8ee27133c42c244c81d150008ababc19399c7ed428638b57ea
1182,2023-03-01,14.8,14.8,14.78,14.78,2000,,,,,historical_baseline,,fe33df9ae5456d8ee27133c42c244c81d150008ababc19399c7ed428638b57ea
1182,2023-03-02,14.74,14.8,14.74,14.8,11916,,,,,historical_baseline,,fe33df9ae5456d8ee27133c42c244c81d150008ababc19399c7ed428638b57ea
1182,2023-03-05,14.9,15.12,14.9,15.12,1000,,,,,historical_baseline,,fe33df9ae5456d8ee27133c42c244c81d150008ababc19399c7ed428638b57ea
1182,2023-03-06,15.12,15.12,15.12,15.12,0,,,,,historical_baseline,,fe33df9ae5456d8ee27133c42c244c81d150008ababc19399c7ed428638b57ea
1182,2023-03-07,15.12,15.12,15.12,15.12,0,,,,,historical_baseline,,fe33df9ae5456d8ee27133c42c244c81d150008ababc19399c7ed428638b57ea
1182,2023-03-08,14.84,14.92,14.84,14.92,3527,,,,,historical_baseline,,fe33df9ae5456d8ee27133c42c244c81d150008ababc19399c7ed428638b57ea
1182,2023-03-09,14.92,14.92,14.92,14.92,0,,,,,historical_baseline,,fe33df9ae5456d8ee27133c42c244c81d150008ababc19399c7ed428638b57ea
1182,2023-03-12,14.92,14.92,14.92,14.92,0,,,,,historical_baseline,,fe33df9ae5456d8ee27133c42c244c81d150008ababc19399c7ed428638b57ea
1182,2023-03-13,14.92,14.92,14.92,14.92,0,,,,,historical_baseline,,fe33df9ae5456d8ee27133c42c244c81d150008ababc19399c7ed428638b57ea
1182,2023-03-14,14.92,14.92,14.82,14.9,1799,,,,,historical_baseline,,fe33df9ae5456d8ee27133c42c244c81d150008ababc19399c7ed428638b57ea
1182,2023-03-15,14.7,14.76,14.32,14.32,18374,,,,,historical_baseline,,fe33df9ae5456d8ee27133c42c244c81d150008ababc19399c7ed428638b57ea
1182,2023-03-16,14.3,14.34,14.26,14.28,3302,,,,,historical_baseline,,fe33df9ae5456d8ee27133c42c244c81d150008ababc19399c7ed428638b57ea
1182,2023-03-19,14.28,14.28,14.28,14.28,0,,,,,historical_baseline,,fe33df9ae5456d8ee27133c42c244c81d150008ababc19399c7ed428638b57ea
1182,2023-03-20,15.12,15.3,14.92,15.1,8567,,,,,historical_baseline,,fe33df9ae5456d8ee27133c42c244c81d150008ababc19399c7ed428638b57ea
1182,2023-03-21,15.08,15.1,15.0,15.1,1326,,,,,historical_baseline,,fe33df9ae5456d8ee27133c42c244c81d150008ababc19399c7ed428638b57ea
1182,2023-03-22,15.04,15.14,15.04,15.04,2219,,,,,historical_baseline,,fe33df9ae5456d8ee27133c42c244c81d150008ababc19399c7ed428638b57ea
1182,2023-03-23,15.0,15.1,14.96,15.06,1778,,,,,historical_baseline,,fe33df9ae5456d8ee27133c42c244c81d150008ababc19399c7ed428638b57ea
1182,2023-03-26,15.06,15.06,15.06,15.06,0,,,,,historical_baseline,,fe33df9ae5456d8ee27133c42c244c81d150008ababc19399c7ed428638b57ea
1182,2023-03-27,15.06,15.06,15.06,15.06,0,,,,,historical_baseline,,fe33df9ae5456d8ee27133c42c244c81d150008ababc19399c7ed428638b57ea
1182,2023-03-28,15.06,15.06,15.06,15.06,0,,,,,historical_baseline,,fe33df9ae5456d8ee27133c42c244c81d150008ababc19399c7ed428638b57ea
1182,2023-03-29,15.2,15.26,15.16,15.26,305,,,,,historical_baseline,,fe33df9ae5456d8ee27133c42c244c81d150008ababc19399c7ed428638b57ea
1182,2023-03-30,15.34,15.4,15.24,15.3,5555,,,,,historical_baseline,,fe33df9ae5456d8ee27133c42c244c81d150008ababc19399c7ed428638b57ea
1183,2023-03-01,20.56,20.56,20.12,20.44,922,,,,,historical_baseline,,fe33df9ae5456d8ee27133c42c244c81d150008ababc19399c7ed428638b57ea
1183,2023-03-02,20.3,20.4,20.2,20.3,1807,,,,,historical_baseline,,fe33df9ae5456d8ee27133c42c244c81d150008ababc19399c7ed428638b57ea
1183,2023-03-05,20.2,20.4,20.2,20.4,3741,,,,,historical_baseline,,fe33df9ae5456d8ee27133c42c244c81d150008ababc19399c7ed428638b57ea
1183,2023-03-06,20.4,20.4,20.4,20.4,0,,,,,historical_baseline,,fe33df9ae5456d8ee27133c42c244c81d150008ababc19399c7ed428638b57ea
1183,2023-03-07,20.4,20.4,20.4,20.4,0,,,,,historical_baseline,,fe33df9ae5456d8ee27133c42c244c81d150008ababc19399c7ed428638b57ea
1183,2023-03-08,20.5,20.6,20.5,20.5,1221,,,,,historical_baseline,,fe33df9ae5456d8ee27133c42c244c81d150008ababc19399c7ed428638b57ea
1183,2023-03-09,20.5,20.5,20.5,20.5,0,,,,,historical_baseline,,fe33df9ae5456d8ee27133c42c244c81d150008ababc19399c7ed428638b57ea
1183,2023-03-12,20.5,20.5,20.5,20.5,0,,,,,historical_baseline,,fe33df9ae5456d8ee27133c42c244c81d150008ababc19399c7ed428638b57ea
1183,2023-03-13,20.5,20.5,20.5,20.5,0,,,,,historical_baseline,,fe33df9ae5456d8ee27133c42c244c81d150008ababc19399c7ed428638b57ea
1183,2023-03-14,20.28,20.62,20.28,20.52,878,,,,,historical_baseline,,fe33df9ae5456d8ee27133c42c244c81d150008ababc19399c7ed428638b57ea
1183,2023-03-15,20.5,20.5,20.4,20.4,1837,,,,,historical_baseline,,fe33df9ae5456d8ee27133c42c244c81d150008ababc19399c7ed428638b57ea
1183,2023-03-16,20.36,20.44,20.26,20.3,753,,,,,historical_baseline,,fe33df9ae5456d8ee27133c42c244c81d150008ababc19399c7ed428638b57ea
1183,2023-03-19,20.3,20.3,20.3,20.3,0,,,,,historical_baseline,,fe33df9ae5456d8ee27133c42c244c81d150008ababc19399c7ed428638b57ea
1183,2023-03-20,20.32,20.48,20.24,20.44,1417,,,,,historical_baseline,,fe33df9ae5456d8ee27133c42c244c81d150008ababc19399c7ed428638b57ea
1183,2023-03-21,20.32,20.32,20.22,20.22,3061,,,,,historical_baseline,,fe33df9ae5456d8ee27133c42c244c81d150008ababc19399c7ed428638b57ea
1183,2023-03-22,20.24,20.34,20.16,20.16,1883,,,,,historical_baseline,,fe33df9ae5456d8ee27133c42c244c81d150008ababc19399c7ed428638b57ea
1183,2023-03-23,20.16,20.2,20.1,20.1,3000,,,,,historical_baseline,,fe33df9ae5456d8ee27133c42c244c81d150008ababc19399c7ed428638b57ea
1183,2023-03-26,20.1,20.1,20.1,20.1,0,,,,,historical_baseline,,fe33df9ae5456d8ee27133c42c244c81d150008ababc19399c7ed428638b57ea
1183,2023-03-27,20.1,20.1,20.1,20.1,0,,,,,historical_baseline,,fe33df9ae5456d8ee27133c42c244c81d150008ababc19399c7ed428638b57ea
1183,2023-03-28,20.1,20.1,20.1,20.1,0,,,,,historical_baseline,,fe33df9ae5456d8ee27133c42c244c81d150008ababc19399c7ed428638b57ea
1183,2023-03-29,20.1,20.1,20.1,20.1,0,,,,,historical_baseline,,fe33df9ae5456d8ee27133c42c244c81d150008ababc19399c7ed428638b57ea
1183,2023-03-30,20.1,20.22,20.1,20.16,2014,,,,,historical_baseline,,fe33df9ae5456d8ee27133c42c244c81d150008ababc19399c7ed428638b57ea
1201,2023-03-01,18.32,18.59,18.32,18.49,1858,,,,,historical_baseline,,fe33df9ae5456d8ee27133c42c244c81d150008ababc19399c7ed428638b57ea
1201,2023-03-02,18.53,18.65,18.53,18.59,884,,,,,historical_baseline,,fe33df9ae5456d8ee27133c42c244c81d150008ababc19399c7ed428638b57ea
1201,2023-03-05,18.69,18.87,18.65,18.73,8313,,,,,historical_baseline,,fe33df9ae5456d8ee27133c42c244c81d150008ababc19399c7ed428638b57ea
1201,2023-03-06,18.73,18.73,18.73,18.73,0,,,,,historical_baseline,,fe33df9ae5456d8ee27133c42c244c81d150008ababc19399c7ed428638b57ea
1201,2023-03-07,18.73,18.73,18.73,18.73,0,,,,,historical_baseline,,fe33df9ae5456d8ee27133c42c244c81d150008ababc19399c7ed428638b57ea
1201,2023-03-08,18.42,18.57,18.4,18.45,978,,,,,historical_baseline,,fe33df9ae5456d8ee27133c42c244c81d150008ababc19399c7ed428638b57ea
1201,2023-03-09,18.45,18.45,18.45,18.45,0,,,,,historical_baseline,,fe33df9ae5456d8ee27133c42c244c81d150008ababc19399c7ed428638b57ea
1201,2023-03-12,18.47,18.47,18.32,18.32,2599,,,,,historical_baseline,,fe33df9ae5456d8ee27133c42c244c81d150008ababc19399c7ed428638b57ea
1201,2023-03-13,18.32,18.32,18.32,18.32,0,,,,,historical_baseline,,fe33df9ae5456d8ee27133c42c244c81d150008ababc19399c7ed428638b57ea
1201,2023-03-14,18.36,18.4,18.32,18.32,1800,,,,,historical_baseline,,fe33df9ae5456d8ee27133c42c244c81d150008ababc19399c7ed428638b57ea
1201,2023-03-15,17.22,17.28,16.56,16.69,1327,,,,,historical_baseline,,fe33df9ae5456d8ee27133c42c244c81d150008ababc19399c7ed428638b57ea
1201,2023-03-16,16.2,16.5,16.03,16.07,978,,,,,historical_baseline,,fe33df9ae5456d8ee27133c42c244c81d150008ababc19399c7ed428638b57ea
1201,2023-03-19,16.07,16.07,16.07,16.07,0,,,,,historical_baseline,,fe33df9ae5456d8ee27133c42c244c81d150008ababc19399c7ed428638b57ea
1201,2023-03-20,15.75,15.95,15.73,15.93,1308,,,,,historical_baseline,,fe33df9ae5456d8ee27133c42c244c81d150008ababc19399c7ed428638b57ea
1201,2023-03-21,15.89,16.11,15.85,15.95,1662,,,,,historical_baseline,,fe33df9ae5456d8ee27133c42c244c81d150008ababc19399c7ed428638b57ea
1201,2023-03-22,15.95,16.18,15.95,16.15,1288,,,,,historical_baseline,,fe33df9ae5456d8ee27133c42c244c81d150008ababc19399c7ed428638b57ea
1201,2023-03-23,15.95,15.99,15.89,15.99,1152,,,,,historical_baseline,,fe33df9ae5456d8ee27133c42c244c81d150008ababc19399c7ed428638b57ea
1201,2023-03-26,15.99,15.99,15.99,15.99,0,,,,,historical_baseline,,fe33df9ae5456d8ee27133c42c244c81d150008ababc19399c7ed428638b57ea
1201,2023-03-27,15.99,15.99,15.99,15.99,0,,,,,historical_baseline,,fe33df9ae5456d8ee27133c42c244c81d150008ababc19399c7ed428638b57ea
1201,2023-03-28,15.99,15.99,15.99,15.99,0,,,,,historical_baseline,,fe33df9ae5456d8ee27133c42c244c81d150008ababc19399c7ed428638b57ea
1201,2023-03-29,21.02,21.23,19.43,19.51,3141,,,,,historical_baseline,,fe33df9ae5456d8ee27133c42c244c81d150008ababc19399c7ed428638b57ea
1201,2023-03-30,19.51,19.51,18.63,18.92,909,,,,,historical_baseline,,fe33df9ae5456d8ee27133c42c244c81d150008ababc19399c7ed428638b57ea
1202,2023-03-01,30.35,30.65,30.1,30.6,1042,,,,,historical_baseline,,fe33df9ae5456d8ee27133c42c244c81d150008ababc19399c7ed428638b57ea
1202,2023-03-02,30.75,31.1,30.4,31.1,1768,,,,,historical_baseline,,fe33df9ae5456d8ee27133c42c244c81d150008ababc19399c7ed428638b57ea
1202,2023-03-05,31.2,32.1,31.15,32.0,723,,,,,historical_baseline,,fe33df9ae5456d8ee27133c42c244c81d150008ababc19399c7ed428638b57ea
1202,2023-03-06,32.0,32.0,32.0,32.0,0,,,,,historical_baseline,,fe33df9ae5456d8ee27133c42c244c81d150008ababc19399c7ed428638b57ea
1202,2023-03-07,32.0,32.0,32.0,32.0,0,,,,,historical_baseline,,fe33df9ae5456d8ee27133c42c244c81d150008ababc19399c7ed428638b57ea
1202,2023-03-08,32.65,32.65,32.0,32.5,707,,,,,historical_baseline,,fe33df9ae5456d8ee27133c42c244c81d150008ababc19399c7ed428638b57ea
1202,2023-03-09,32.5,32.5,32.5,32.5,0,,,,,historical_baseline,,fe33df9ae5456d8ee27133c42c244c81d150008ababc19399c7ed428638b57ea
1202,2023-03-12,32.3,32.3,31.5,32.0,500,,,,,historical_baseline,,fe33df9ae5456d8ee27133c42c244c81d150008ababc19399c7ed428638b57ea
1202,2023-03-13,32.0,32.0,32.0,32.0,0,,,,,historical_baseline,,fe33df9ae5456d8ee27133c42c244c81d150008ababc19399c7ed428638b57ea
1202,2023-03-14,31.7,31.95,30.85,30.85,1000,,,,,historical_baseline,,fe33df9ae5456d8ee27133c42c244c81d150008ababc19399c7ed428638b57ea
1202,2023-03-15,31.2,31.2,30.55,30.6,3115,,,,,historical_baseline,,fe33df9ae5456d8ee27133c42c244c81d150008ababc19399c7ed428638b57ea
1202,2023-03-16,30.35,31.0,30.0,30.7,500,,,,,historical_baseline,,fe33df9ae5456d8ee27133c42c244c81d150008ababc19399c7ed428638b57ea
1202,2023-03-19,30.7,30.7,30.7,30.7,0,,,,,historical_baseline,,fe33df9ae5456d8ee27133c42c244c81d150008ababc19399c7ed428638b57ea
1202,2023-03-20,31.3,31.3,30.7,30.75,2500,,,,,historical_baseline,,fe33df9ae5456d8ee27133c42c244c81d150008ababc19399c7ed428638b57ea
1202,2023-03-21,31.0,31.35,30.75,31.05,496,,,,,historical_baseline,,fe33df9ae5456d8ee27133c42c244c81d150008ababc19399c7ed428638b57ea
1202,2023-03-22,31.15,31.2,30.7,30.7,1700,,,,,historical_baseline,,fe33df9ae5456d8ee27133c42c244c81d150008ababc19399c7ed428638b57ea
1202,2023-03-23,30.5,30.9,30.05,30.8,490,,,,,historical_baseline,,fe33df9ae5456d8ee27133c42c244c81d150008ababc19399c7ed428638b57ea
1202,2023-03-26,30.8,30.8,30.8,30.8,0,,,,,historical_baseline,,fe33df9ae5456d8ee27133c42c244c81d150008ababc19399c7ed428638b57ea
1202,2023-03-27,30.8,30.8,30.8,30.8,0,,,,,historical_baseline,,fe33df9ae5456d8ee27133c42c244c81d150008ababc19399c7ed428638b57ea
1202,2023-03-28,30.8,30.8,30.8,30.8,0,,,,,historical_baseline,,fe33df9ae5456d8ee27133c42c244c81d150008ababc19399c7ed428638b57ea
1202,2023-03-29,30.5,31.05,30.5,31.05,1503,,,,,historical_baseline,,fe33df9ae5456d8ee27133c42c244c81d150008ababc19399c7ed428638b57ea
1202,2023-03-30,31.1,31.65,31.1,31.4,1680,,,,,historical_baseline,,fe33df9ae5456d8ee27133c42c244c81d150008ababc19399c7ed428638b57ea
1210,2023-03-01,34.2,34.9,34.1,34.9,792,,,,,historical_baseline,,fe33df9ae5456d8ee27133c42c244c81d150008ababc19399c7ed428638b57ea
1210,2023-03-02,34.65,36.2,34.65,36.05,471,,,,,historical_baseline,,fe33df9ae5456d8ee27133c42c244c81d150008ababc19399c7ed428638b57ea
1210,2023-03-05,36.4,36.4,35.85,36.2,1558,,,,,historical_baseline,,fe33df9ae5456d8ee27133c42c244c81d150008ababc19399c7ed428638b57ea
1210,2023-03-06,36.2,36.2,36.2,36.2,0,,,,,historical_baseline,,fe33df9ae5456d8ee27133c42c244c81d150008ababc19399c7ed428638b57ea
1210,2023-03-07,36.2,36.2,36.2,36.2,0,,,,,historical_baseline,,fe33df9ae5456d8ee27133c42c244c81d150008ababc19399c7ed428638b57ea
1210,2023-03-08,35.35,35.45,34.7,34.9,989,,,,,historical_baseline,,fe33df9ae5456d8ee27133c42c244c81d150008ababc19399c7ed428638b57ea
1210,2023-03-09,34.9,34.9,34.9,34.9,0,,,,,historical_baseline,,fe33df9ae5456d8ee27133c42c244c81d150008ababc19399c7ed428638b57ea
1210,2023-03-12,35.7,36.1,35.65,35.95,617,,,,,historical_baseline,,fe33df9ae5456d8ee27133c42c244c81d150008ababc19399c7ed428638b57ea
1210,2023-03-13,35.95,35.95,35.95,35.95,0,,,,,historical_baseline,,fe33df9ae5456d8ee27133c42c244c81d150008ababc19399c7ed428638b57ea
1210,2023-03-14,36.15,36.15,35.25,35.5,1166,,,,,historical_baseline,,fe33df9ae5456d8ee27133c42c244c81d150008ababc19399c7ed428638b57ea
1210,2023-03-15,35.3,35.6,34.65,35.0,1800,,,,,historical_baseline,,fe33df9ae5456d8ee27133c42c244c81d150008ababc19399c7ed428638b57ea
1210,2023-03-16,34.35,34.95,34.0,34.9,522,,,,,historical_baseline,,fe33df9ae5456d8ee27133c42c244c81d150008ababc19399c7ed428638b57ea
1210,2023-03-19,34.9,34.9,34.9,34.9,0,,,,,historical_baseline,,fe33df9ae5456d8ee27133c42c244c81d150008ababc19399c7ed428638b57ea
1210,2023-03-20,34.65,34.65,34.3,34.5,1209,,,,,historical_baseline,,fe33df9ae5456d8ee27133c42c244c81d150008ababc19399c7ed428638b57ea
1210,2023-03-21,34.4,34.8,34.3,34.7,2268,,,,,historical_baseline,,fe33df9ae5456d8ee27133c42c244c81d150008ababc19399c7ed428638b57ea
1210,2023-03-22,34.7,34.7,33.2,33.2,2249,,,,,historical_baseline,,fe33df9ae5456d8ee27133c42c244c81d150008ababc19399c7ed428638b57ea
1210,2023-03-23,33.05,33.45,32.5,33.4,700,,,,,historical_baseline,,fe33df9ae5456d8ee27133c42c244c81d150008ababc19399c7ed428638b57ea
1210,2023-03-26,33.4,33.4,33.4,33.4,0,,,,,historical_baseline,,fe33df9ae5456d8ee27133c42c244c81d150008ababc19399c7ed428638b57ea
1210,2023-03-27,33.4,33.4,33.4,33.4,0,,,,,historical_baseline,,fe33df9ae5456d8ee27133c42c244c81d150008ababc19399c7ed428638b57ea
1210,2023-03-28,33.4,33.4,33.4,33.4,0,,,,,historical_baseline,,fe33df9ae5456d8ee27133c42c244c81d150008ababc19399c7ed428638b57ea
1210,2023-03-29,33.6,34.0,33.4,34.0,799,,,,,historical_baseline,,fe33df9ae5456d8ee27133c42c244c81d150008ababc19399c7ed428638b57ea
1210,2023-03-30,34.0,34.35,33.95,33.95,1813,,,,,historical_baseline,,fe33df9ae5456d8ee27133c42c244c81d150008ababc19399c7ed428638b57ea
1211,2023-03-01,42.73,43.53,41.8,42.6,750,,,,,historical_baseline,,fe33df9ae5456d8ee27133c42c244c81d150008ababc19399c7ed428638b57ea
1211,2023-03-02,43.33,43.47,42.07,42.07,978,,,,,historical_baseline,,fe33df9ae5456d8ee27133c42c244c81d150008ababc19399c7ed428638b57ea
1211,2023-03-05,42.33,42.93,42.27,42.87,741,,,,,historical_baseline,,fe33df9ae5456d8ee27133c42c244c81d150008ababc19399c7ed428638b57ea
1211,2023-03-06,42.87,42.87,42.87,42.87,0,,,,,historical_baseline,,fe33df9ae5456d8ee27133c42c244c81d150008ababc19399c7ed428638b57ea
1211,2023-03-07,42.87,42.87,42.87,42.87,0,,,,,historical_baseline,,fe33df9ae5456d8ee27133c42c244c81d150008ababc19399c7ed428638b57ea
1211,2023-03-08,43.0,43.2,42.4,43.2,3000,,,,,historical_baseline,,fe33df9ae5456d8ee27133c42c244c81d150008ababc19399c7ed428638b57ea
1211,2023-03-09,43.2,43.2,43.2,43.2,0,,,,,historical_baseline,,fe33df9ae5456d8ee27133c42c244c81d150008ababc19399c7ed428638b57ea
1211,2023-03-12,43.0,43.0,42.53,42.6,3291,,,,,historical_baseline,,fe33df9ae5456d8ee27133c42c244c81d150008ababc19399c7ed428638b57ea
1211,2023-03-13,42.6,42.6,42.6,42.6,0,,,,,historical_baseline,,fe33df9ae5456d8ee27133c42c244c81d150008ababc19399c7ed428638b57ea
1211,2023-03-14,42.6,43.47,42.33,42.4,1500,,,,,historical_baseline,,fe33df9ae5456d8ee27133c42c244c81d150008ababc19399c7ed428638b57ea
1211,2023-03-15,42.07,42.4,40.2,40.33,5845,,,,,historical_baseline,,fe33df9ae5456d8ee27133c42c244c81d150008ababc19399c7ed428638b57ea
1211,2023-03-16,40.4,41.33,40.0,40.27,462,,,,,historical_baseline,,fe33df9ae5456d8ee27133c42c244c81d150008ababc19399c7ed428638b57ea
1211,2023-03-19,40.27,40.27,40.27,40.27,0,,,,,historical_baseline,,fe33df9ae5456d8ee27133c42c244c81d150008ababc19399c7ed428638b57ea
1211,2023-03-20,41.27,41.73,40.87,41.6,450,,,,,historical_baseline,,fe33df9ae5456d8ee27133c42c244c81d150008ababc19399c7ed428638b57ea
1211,2023-03-21,41.6,41.87,41.53,41.73,450,,,,,historical_baseline,,fe33df9ae5456d8ee27133c42c244c81d150008ababc19399c7ed428638b57ea
1211,2023-03-22,41.93,42.6,41.67,42.0,1435,,,,,historical_baseline,,fe33df9ae5456d8ee27133c42c244c81d150008ababc19399c7ed428638b57ea
1211,2023-03-23,42.07,42.07,41.6,42.07,390,,,,,historical_baseline,,fe33df9ae5456d8ee27133c42c244c81d150008ababc19399c7ed428638b57ea
1211,2023-03-26,42.07,42.07,42.07,42.07,0,,,,,historical_baseline,,fe33df9ae5456d8ee27133c42c244c81d150008ababc19399c7ed428638b57ea
1211,2023-03-27,42.07,42.07,42.07,42.07,0,,,,,historical_baseline,,fe33df9ae5456d8ee27133c42c244c81d150008ababc19399c7ed428638b57ea
1211,2023-03-28,42.07,42.07,42.07,42.07,0,,,,,historical_baseline,,fe33df9ae5456d8ee27133c42c244c81d150008ababc19399c7ed428638b57ea
1211,2023-03-29,42.47,42.87,42.33,42.67,4840,,,,,historical_baseline,,fe33df9ae5456d8ee27133c42c244c81d150008ababc19399c7ed428638b57ea
1211,2023-03-30,42.93,43.27,42.6,42.67,7500,,,,,historical_baseline,,fe33df9ae5456d8ee27133c42c244c81d150008ababc19399c7ed428638b57ea
1212,2023-03-01,59.6,59.6,57.1,57.1,330,,,,,historical_baseline,,fe33df9ae5456d8ee27133c42c244c81d150008ababc19399c7ed428638b57ea
1212,2023-03-02,57.1,60.2,57.1,58.9,350,,,,,historical_baseline,,fe33df9ae5456d8ee27133c42c244c81d150008ababc19399c7ed428638b57ea
1212,2023-03-05,60.0,60.0,58.0,58.3,946,,,,,historical_baseline,,fe33df9ae5456d8ee27133c42c244c81d150008ababc19399c7ed428638b57ea
1212,2023-03-06,58.3,58.3,58.3,58.3,0,,,,,historical_baseline,,fe33df9ae5456d8ee27133c42c244c81d150008ababc19399c7ed428638b57ea
1212,2023-03-07,58.3,58.3,58.3,58.3,0,,,,,historical_baseline,,fe33df9ae5456d8ee27133c42c244c81d150008ababc19399c7ed428638b57ea
1212,2023-03-08,57.4,59.4,57.0,58.5,273,,,,,historical_baseline,,fe33df9ae5456d8ee27133c42c244c81d150008ababc19399c7ed428638b57ea
1212,2023-03-09,58.5,58.5,58.5,58.5,0,,,,,historical_baseline,,fe33df9ae5456d8ee27133c42c244c81d150008ababc19399c7ed428638b57ea
1212,2023-03-12,58.5,58.5,58.5,58.5,0,,,,,historical_baseline,,fe33df9ae5456d8ee27133c42c244c81d150008ababc19399c7ed428638b57ea
1212,2023-03-13,58.5,58.5,58.5,58.5,0,,,,,historical_baseline,,fe33df9ae5456d8ee27133c42c244c81d150008ababc19399c7ed428638b57ea
1212,2023-03-14,60.0,60.5,57.7,58.0,990,,,,,historical_baseline,,fe33df9ae5456d8ee27133c42c244c81d150008ababc19399c7ed428638b57ea
1212,2023-03-15,57.0,58.0,55.6,55.6,376,,,,,historical_baseline,,fe33df9ae5456d8ee27133c42c244c81d150008ababc19399c7ed428638b57ea
1212,2023-03-16,58.0,61.0,57.4,59.0,1000,,,,,historical_baseline,,fe33df9ae5456d8ee27133c42c244c81d150008ababc19399c7ed428638b57ea
1212,2023-03-19,59.0,59.0,59.0,59.0,0,,,,,historical_baseline,,fe33df9ae5456d8ee27133c42c244c81d150008ababc19399c7ed428638b57ea
1212,2023-03-20,57.5,58.0,56.7,56.8,290,,,,,historical_baseline,,fe33df9ae5456d8ee27133c42c244c81d150008ababc19399c7ed428638b57ea
1212,2023-03-21,56.7,57.7,56.7,57.4,1019,,,,,historical_baseline,,fe33df9ae5456d8ee27133c42c244c81d150008ababc19399c7ed428638b57ea
1212,2023-03-22,57.1,57.6,56.7,57.3,431,,,,,historical_baseline,,fe33df9ae5456d8ee27133c42c244c81d150008ababc19399c7ed428638b57ea
1212,2023-03-23,56.7,59.2,56.7,58.7,481,,,,,historical_baseline,,fe33df9ae5456d8ee27133c42c244c81d150008ababc19399c7ed428638b57ea
1212,2023-03-26,58.7,58.7,58.7,58.7,0,,,,,historical_baseline,,fe33df9ae5456d8ee27133c42c244c81d150008ababc19399c7ed428638b57ea
1212,2023-03-27,58.7,58.7,58.7,58.7,0,,,,,historical_baseline,,fe33df9ae5456d8ee27133c42c244c81d150008ababc19399c7ed428638b57ea
1212,2023-03-28,58.7,58.7,58.7,58.7,0,,,,,historical_baseline,,fe33df9ae5456d8ee27133c42c244c81d150008ababc19399c7ed428638b57ea
1212,2023-03-29,61.1,61.4,60.5,61.3,1838,,,,,historical_baseline,,fe33df9ae5456d8ee27133c42c244c81d150008ababc19399c7ed428638b57ea
1212,2023-03-30,61.1,63.8,61.1,63.5,295,,,,,historical_baseline,,fe33df9ae5456d8ee27133c42c244c81d150008ababc19399c7ed428638b57ea
1213,2023-03-01,20.84,22.76,20.81,22.4,3906,,,,,historical_baseline,,fe33df9ae5456d8ee27133c42c244c81d150008ababc19399c7ed428638b57ea
1213,2023-03-02,22.47,22.53,22.01,22.5,894,,,,,historical_baseline,,fe33df9ae5456d8ee27133c42c244c81d150008ababc19399c7ed428638b57ea
1213,2023-03-05,22.58,23.22,22.42,22.81,859,,,,,historical_baseline,,fe33df9ae5456d8ee27133c42c244c81d150008ababc19399c7ed428638b57ea
1213,2023-03-06,22.81,22.81,22.81,22.81,0,,,,,historical_baseline,,fe33df9ae5456d8ee27133c42c244c81d150008ababc19399c7ed428638b57ea
1213,2023-03-07,22.81,22.81,22.81,22.81,0,,,,,historical_baseline,,fe33df9ae5456d8ee27133c42c244c81d150008ababc19399c7ed428638b57ea
1213,2023-03-08,22.58,23.24,22.17,23.22,5860,,,,,historical_baseline,,fe33df9ae5456d8ee27133c42c244c81d150008ababc19399c7ed428638b57ea
1213,2023-03-09,23.22,23.22,23.22,23.22,0,,,,,historical_baseline,,fe33df9ae5456d8ee27133c42c244c81d150008ababc19399c7ed428638b57ea
1213,2023-03-12,23.22,23.22,23.22,23.22,0,,,,,historical_baseline,,fe33df9ae5456d8ee27133c42c244c81d150008ababc19399c7ed428638b57ea
1213,2023-03-13,23.22,23.22,23.22,23.22,0,,,,,historical_baseline,,fe33df9ae5456d8ee27133c42c244c81d150008ababc19399c7ed428638b57ea
1213,2023-03-14,22.83,22.99,22.42,22.58,1269,,,,,historical_baseline,,fe33df9ae5456d8ee27133c42c244c81d150008ababc19399c7ed428638b57ea
1213,2023-03-15,23.01,23.01,22.12,22.22,1468,,,,,historical_baseline,,fe33df9ae5456d8ee27133c42c244c81d150008ababc19399c7ed428638b57ea
1213,2023-03-16,21.81,22.06,21.55,21.55,781,,,,,historical_baseline,,fe33df9ae5456d8ee27133c42c244c81d150008ababc19399c7ed428638b57ea
1213,2023-03-19,21.55,21.55,21.55,21.55,0,,,,,historical_baseline,,fe33df9ae5456d8ee27133c42c244c81d150008ababc19399c7ed428638b57ea
1213,2023-03-20,21.63,22.93,21.63,21.76,693,,,,,historical_baseline,,fe33df9ae5456d8ee27133c42c244c81d150008ababc19399c7ed428638b57ea
1213,2023-03-21,21.86,22.45,21.76,22.32,832,,,,,historical_baseline,,fe33df9ae5456d8ee27133c42c244c81d150008ababc19399c7ed428638b57ea
1213,2023-03-22,22.06,22.53,21.76,21.81,5397,,,,,historical_baseline,,fe33df9ae5456d8ee27133c42c244c81d150008ababc19399c7ed428638b57ea
1213,2023-03-23,21.68,22.01,21.68,21.73,1398,,,,,historical_baseline,,fe33df9ae5456d8ee27133c42c244c81d150008ababc19399c7ed428638b57ea
1213,2023-03-26,21.73,21.73,21.73,21.73,0,,,,,historical_baseline,,fe33df9ae5456d8ee27133c42c244c81d150008ababc19399c7ed428638b57ea
1213,2023-03-27,21.73,21.73,21.73,21.73,0,,,,,historical_baseline,,fe33df9ae5456d8ee27133c42c244c81d150008ababc19399c7ed428638b57ea
1213,2023-03-28,21.73,21.73,21.73,21.73,0,,,,,historical_baseline,,fe33df9ae5456d8ee27133c42c244c81d150008ababc19399c7ed428638b57ea
1213,2023-03-29,22.76,22.81,22.22,22.42,1519,,,,,historical_baseline,,fe33df9ae5456d8ee27133c42c244c81d150008ababc19399c7ed428638b57ea
1213,2023-03-30,22.53,23.7,22.53,22.96,1367,,,,,historical_baseline,,fe33df9ae5456d8ee27133c42c244c81d150008ababc19399c7ed428638b57ea
1214,2023-03-01,18.76,18.76,18.66,18.7,1278,,,,,historical_baseline,,fe33df9ae5456d8ee27133c42c244c81d150008ababc19399c7ed428638b57ea
1214,2023-03-02,18.8,18.96,18.7,18.84,987,,,,,historical_baseline,,fe33df9ae5456d8ee27133c42c244c81d150008ababc19399c7ed428638b57ea
1214,2023-03-05,18.88,19.08,18.8,19.08,1877,,,,,historical_baseline,,fe33df9ae5456d8ee27133c42c244c81d150008ababc19399c7ed428638b57ea
1214,2023-03-06,19.08,19.08,19.08,19.08,0,,,,,historical_baseline,,fe33df9ae5456d8ee27133c42c244c81d150008ababc19399c7ed428638b57ea
1214,2023-03-07,19.08,19.08,19.08,19.08,0,,,,,historical_baseline,,fe33df9ae5456d8ee27133c42c244c81d150008ababc19399c7ed428638b57ea
1214,2023-03-08,18.6,18.6,18.4,18.4,1425,,,,,historical_baseline,,fe33df9ae5456d8ee27133c42c244c81d150008ababc19399c7ed428638b57ea
1214,2023-03-09,18.4,18.4,18.4,18.4,0,,,,,historical_baseline,,fe33df9ae5456d8ee27133c42c244c81d150008ababc19399c7ed428638b57ea
1214,2023-03-12,18.4,18.4,18.4,18.4,0,,,,,historical_baseline,,fe33df9ae5456d8ee27133c42c244c81d150008ababc19399c7ed428638b57ea
1214,2023-03-13,18.4,18.4,18.4,18.4,0,,,,,historical_baseline,,fe33df9ae5456d8ee27133c42c244c81d150008ababc19399c7ed428638b57ea
1214,2023-03-14,18.4,18.54,18.14,18.14,2561,,,,,historical_baseline,,fe33df9ae5456d8ee27133c42c244c81d150008ababc19399c7ed428638b57ea
1214,2023-03-15,18.02,18.02,17.54,17.54,1387,,,,,historical_baseline,,fe33df9ae5456d8ee27133c42c244c81d150008ababc19399c7ed428638b57ea
1214,2023-03-16,17.54,17.54,16.66,16.92,1633,,,,,historical_baseline,,fe33df9ae5456d8ee27133c42c244c81d150008ababc19399c7ed428638b57ea
1214,2023-03-19,16.92,16.92,16.92,16.92,0,,,,,historical_baseline,,fe33df9ae5456d8ee27133c42c244c81d150008ababc19399c7ed428638b57ea
1214,2023-03-20,17.0,17.42,16.94,17.3,2826,,,,,historical_baseline,,fe33df9ae5456d8ee27133c42c244c81d150008ababc19399c7ed428638b57ea
1214,2023-03-21,17.42,18.1,17.42,17.82,5838,,,,,historical_baseline,,fe33df9ae5456d8ee27133c42c244c81d150008ababc19399c7ed428638b57ea
1214,2023-03-22,17.82,18.14,17.68,17.84,17555,,,,,historical_baseline,,fe33df9ae5456d8ee27133c42c244c81d150008ababc19399c7ed428638b57ea
1214,2023-03-23,17.7,18.16,17.64,18.06,1781,,,,,historical_baseline,,fe33df9ae5456d8ee27133c42c244c81d150008ababc19399c7ed428638b57ea
1214,2023-03-26,18.06,18.06,18.06,18.06,0,,,,,historical_baseline,,fe33df9ae5456d8ee27133c42c244c81d150008ababc19399c7ed428638b57ea
1214,2023-03-27,18.06,18.06,18.06,18.06,0,,,,,historical_baseline,,fe33df9ae5456d8ee27133c42c244c81d150008ababc19399c7ed428638b57ea
1214,2023-03-28,18.06,18.06,18.06,18.06,0,,,,,historical_baseline,,fe33df9ae5456d8ee27133c42c244c81d150008ababc19399c7ed428638b57ea
1214,2023-03-29,18.82,20.42,18.8,19.74,8734,,,,,historical_baseline,,fe33df9ae5456d8ee27133c42c244c81d150008ababc19399c7ed428638b57ea
1214,2023-03-30,19.82,19.9,19.36,19.6,987,,,,,historical_baseline,,fe33df9ae5456d8ee27133c42c244c81d150008ababc19399c7ed428638b57ea
1301,2023-03-01,31.17,31.38,31.02,31.12,798,,,,,historical_baseline,,fe33df9ae5456d8ee27133c42c244c81d150008ababc19399c7ed428638b57ea
1301,2023-03-02,31.5,31.62,31.31,31.5,800,,,,,historical_baseline,,fe33df9ae5456d8ee27133c42c244c81d150008ababc19399c7ed428638b57ea
1301,2023-03-05,31.5,31.88,31.25,31.88,2025,,,,,historical_baseline,,fe33df9ae5456d8ee27133c42c244c81d150008ababc19399c7ed428638b57ea
1301,2023-03-06,31.88,31.88,31.88,31.88,0,,,,,historical_baseline,,fe33df9ae5456d8ee27133c42c244c81d150008ababc19399c7ed428638b57ea
1301,2023-03-07,31.88,31.88,31.88,31.88,0,,,,,historical_baseline,,fe33df9ae5456d8ee27133c42c244c81d150008ababc19399c7ed428638b57ea
1301,2023-03-08,31.31,31.38,31.2,31.25,1841,,,,,historical_baseline,,fe33df9ae5456d8ee27133c42c244c81d150008ababc19399c7ed428638b57ea
1301,2023-03-09,31.25,31.25,31.25,31.25,0,,,,,historical_baseline,,fe33df9ae5456d8ee27133c42c244c81d150008ababc19399c7ed428638b57ea
1301,2023-03-12,31.75,32.19,31.56,32.0,599,,,,,historical_baseline,,fe33df9ae5456d8ee27133c42c244c81d150008ababc19399c7ed428638b57ea
1301,2023-03-13,32.0,32.0,32.0,32.0,0,,,,,historical_baseline,,fe33df9ae5456d8ee27133c42c244c81d150008ababc19399c7ed428638b57ea
1301,2023-03-14,32.06,32.12,31.38,31.5,580,,,,,historical_baseline,,fe33df9ae5456d8ee27133c42c244c81d150008ababc19399c7ed428638b57ea
1301,2023-03-15,31.25,31.62,30.75,30.75,1200,,,,,historical_baseline,,fe33df9ae5456d8ee27133c42c244c81d150008ababc19399c7ed428638b57ea
1301,2023-03-16,30.38,30.75,30.27,30.27,800,,,,,historical_baseline,,fe33df9ae5456d8ee27133c42c244c81d150008ababc19399c7ed428638b57ea
1301,2023-03-19,30.27,30.27,30.27,30.27,0,,,,,historical_baseline,,fe33df9ae5456d8ee27133c42c244c81d150008ababc19399c7ed428638b57ea
1301,2023-03-20,30.38,30.5,30.27,30.27,677,,,,,historical_baseline,,fe33df9ae5456d8ee27133c42c244c81d150008ababc19399c7ed428638b57ea
1301,2023-03-21,30.3,30.6,30.27,30.6,800,,,,,historical_baseline,,fe33df9ae5456d8ee27133c42c244c81d150008ababc19399c7ed428638b57ea
1301,2023-03-22,30.62,30.92,30.45,30.5,633,,,,,historical_baseline,,fe33df9ae5456d8ee27133c42c244c81d150008ababc19399c7ed428638b57ea
1301,2023-03-23,30.45,30.58,30.38,30.58,640,,,,,historical_baseline,,fe33df9ae5456d8ee27133c42c244c81d150008ababc19399c7ed428638b57ea
1301,2023-03-26,30.58,30.58,30.58,30.58,0,,,,,historical_baseline,,fe33df9ae5456d8ee27133c42c244c81d150008ababc19399c7ed428638b57ea
1301,2023-03-27,30.58,30.58,30.58,30.58,0,,,,,historical_baseline,,fe33df9ae5456d8ee27133c42c244c81d150008ababc19399c7ed428638b57ea
1301,2023-03-28,30.58,30.58,30.58,30.58,0,,,,,historical_baseline,,fe33df9ae5456d8ee27133c42c244c81d150008ababc19399c7ed428638b57ea
1301,2023-03-29,31.05,31.38,30.88,31.1,392,,,,,historical_baseline,,fe33df9ae5456d8ee27133c42c244c81d150008ababc19399c7ed428638b57ea
1301,2023-03-30,31.25,31.62,31.1,31.44,2126,,,,,historical_baseline,,fe33df9ae5456d8ee27133c42c244c81d150008ababc19399c7ed428638b57ea
1302,2023-03-01,29.45,29.95,29.3,29.85,550,,,,,historical_baseline,,fe33df9ae5456d8ee27133c42c244c81d150008ababc19399c7ed428638b57ea
1302,2023-03-02,29.9,30.35,29.55,30.3,590,,,,,historical_baseline,,fe33df9ae5456d8ee27133c42c244c81d150008ababc19399c7ed428638b57ea
1302,2023-03-05,30.4,30.5,29.8,29.85,698,,,,,historical_baseline,,fe33df9ae5456d8ee27133c42c244c81d150008ababc19399c7ed428638b57ea
1302,2023-03-06,29.85,29.85,29.85,29.85,0,,,,,historical_baseline,,fe33df9ae5456d8ee27133c42c244c81d150008ababc19399c7ed428638b57ea
1302,2023-03-07,29.85,29.85,29.85,29.85,0,,,,,historical_baseline,,fe33df9ae5456d8ee27133c42c244c81d150008ababc19399c7ed428638b57ea
1302,2023-03-08,28.1,28.5,27.8,28.3,4000,,,,,historical_baseline,,fe33df9ae5456d8ee27133c42c244c81d150008ababc19399c7ed428638b57ea
1302,2023-03-09,28.3,28.3,28.3,28.3,0,,,,,historical_baseline,,fe33df9ae5456d8ee27133c42c244c81d150008ababc19399c7ed428638b57ea
1302,2023-03-12,28.3,28.3,28.3,28.3,0,,,,,historical_baseline,,fe33df9ae5456d8ee27133c42c244c81d150008ababc19399c7ed428638b57ea
1302,2023-03-13,28.3,28.3,28.3,28.3,0,,,,,historical_baseline,,fe33df9ae5456d8ee27133c42c244c81d150008ababc19399c7ed428638b57ea
1302,2023-03-14,28.25,28.6,27.95,28.1,704,,,,,historical_baseline,,fe33df9ae5456d8ee27133c42c244c81d150008ababc19399c7ed428638b57ea
1302,2023-03-15,28.2,28.2,27.6,27.65,4000,,,,,historical_baseline,,fe33df9ae5456d8ee27133c42c244c81d150008ababc19399c7ed428638b57ea
1302,2023-03-16,27.55,27.55,26.9,27.0,2895,,,,,historical_baseline,,fe33df9ae5456d8ee27133c42c244c81d150008ababc19399c7ed428638b57ea
1302,2023-03-19,27.0,27.0,27.0,27.0,0,,,,,historical_baseline,,fe33df9ae5456d8ee27133c42c244c81d150008ababc19399c7ed428638b57ea
1302,2023-03-20,27.25,27.3,26.9,27.0,774,,,,,historical_baseline,,fe33df9ae5456d8ee27133c42c244c81d150008ababc19399c7ed428638b57ea
1302,2023-03-21,27.1,27.2,27.0,27.1,2000,,,,,historical_baseline,,fe33df9ae5456d8ee27133c42c244c81d150008ababc19399c7ed428638b57ea
1302,2023-03-22,27.25,27.65,27.05,27.4,800,,,,,historical_baseline,,fe33df9ae5456d8ee27133c42c244c81d150008ababc19399c7ed428638b57ea
1302,2023-03-23,27.3,27.65,27.25,27.65,2451,,,,,historical_baseline,,fe33df9ae5456d8ee27133c42c244c81d150008ababc19399c7ed428638b57ea
1302,2023-03-26,27.65,27.65,27.65,27.65,0,,,,,historical_baseline,,fe33df9ae5456d8ee27133c42c244c81d150008ababc19399c7ed428638b57ea
1302,2023-03-27,27.65,27.65,27.65,27.65,0,,,,,historical_baseline,,fe33df9ae5456d8ee27133c42c244c81d150008ababc19399c7ed428638b57ea
1302,2023-03-28,27.65,27.65,27.65,27.65,0,,,,,historical_baseline,,fe33df9ae5456d8ee27133c42c244c81d150008ababc19399c7ed428638b57ea
1302,2023-03-29,27.15,27.95,27.15,27.75,2714,,,,,historical_baseline,,fe33df9ae5456d8ee27133c42c244c81d150008ababc19399c7ed428638b57ea
1302,2023-03-30,28.0,28.35,27.8,28.2,1000,,,,,historical_baseline,,fe33df9ae5456d8ee27133c42c244c81d150008ababc19399c7ed428638b57ea
1303,2023-03-01,1.18,1.18,1.16,1.18,18750,,,,,historical_baseline,,fe33df9ae5456d8ee27133c42c244c81d150008ababc19399c7ed428638b57ea
1303,2023-03-02,1.18,1.21,1.17,1.19,245925,,,,,historical_baseline,,fe33df9ae5456d8ee27133c42c244c81d150008ababc19399c7ed428638b57ea
1303,2023-03-05,1.19,1.2,1.18,1.19,15500,,,,,historical_baseline,,fe33df9ae5456d8ee27133c42c244c81d150008ababc19399c7ed428638b57ea
1303,2023-03-06,1.19,1.19,1.19,1.19,0,,,,,historical_baseline,,fe33df9ae5456d8ee27133c42c244c81d150008ababc19399c7ed428638b57ea
1303,2023-03-07,1.19,1.19,1.19,1.19,0,,,,,historical_baseline,,fe33df9ae5456d8ee27133c42c244c81d150008ababc19399c7ed428638b57ea
1303,2023-03-08,1.22,1.23,1.2,1.21,72150,,,,,historical_baseline,,fe33df9ae5456d8ee27133c42c244c81d150008ababc19399c7ed428638b57ea
1303,2023-03-09,1.21,1.21,1.21,1.21,0,,,,,historical_baseline,,fe33df9ae5456d8ee27133c42c244c81d150008ababc19399c7ed428638b57ea
1303,2023-03-12,1.21,1.21,1.21,1.21,0,,,,,historical_baseline,,fe33df9ae5456d8ee27133c42c244c81d150008ababc19399c7ed428638b57ea
1303,2023-03-13,1.21,1.21,1.21,1.21,0,,,,,historical_baseline,,fe33df9ae5456d8ee27133c42c244c81d150008ababc19399c7ed428638b57ea
1303,2023-03-14,1.29,1.29,1.24,1.26,47175,,,,,historical_baseline,,fe33df9ae5456d8ee27133c42c244c81d150008ababc19399c7ed428638b57ea
1303,2023-03-15,1.28,1.31,1.27,1.28,12500,,,,,historical_baseline,,fe33df9ae5456d8ee27133c42c244c81d150008ababc19399c7ed428638b57ea
1303,2023-03-16,1.27,1.27,1.23,1.26,12700,,,,,historical_baseline,,fe33df9ae5456d8ee27133c42c244c81d150008ababc19399c7ed428638b57ea
1303,2023-03-19,1.26,1.26,1.26,1.26,0,,,,,historical_baseline,,fe33df9ae5456d8ee27133c42c244c81d150008ababc19399c7ed428638b57ea
1303,2023-03-20,1.3,1.31,1.27,1.3,25025,,,,,historical_baseline,,fe33df9ae5456d8ee27133c42c244c81d150008ababc19399c7ed428638b57ea
1303,2023-03-21,1.28,1.31,1.28,1.3,17525,,,,,historical_baseline,,fe33df9ae5456d8ee27133c42c244c81d150008ababc19399c7ed428638b57ea
1303,2023-03-22,1.29,1.31,1.29,1.31,12500,,,,,historical_baseline,,fe33df9ae5456d8ee27133c42c244c81d150008ababc19399c7ed428638b57ea
1303,2023-03-23,1.28,1.31,1.28,1.29,12500,,,,,historical_baseline,,fe33df9ae5456d8ee27133c42c244c81d150008ababc19399c7ed428638b57ea
1303,2023-03-26,1.29,1.29,1.29,1.29,0,,,,,historical_baseline,,fe33df9ae5456d8ee27133c42c244c81d150008ababc19399c7ed428638b57ea
1303,2023-03-27,1.29,1.29,1.29,1.29,0,,,,,historical_baseline,,fe33df9ae5456d8ee27133c42c244c81d150008ababc19399c7ed428638b57ea
1303,2023-03-28,1.29,1.29,1.29,1.29,0,,,,,historical_baseline,,fe33df9ae5456d8ee27133c42c244c81d150008ababc19399c7ed428638b57ea
1303,2023-03-29,1.37,1.37,1.31,1.33,42775,,,,,historical_baseline,,fe33df9ae5456d8ee27133c42c244c81d150008ababc19399c7ed428638b57ea
1303,2023-03-30,1.33,1.36,1.32,1.36,25000,,,,,historical_baseline,,fe33df9ae5456d8ee27133c42c244c81d150008ababc19399c7ed428638b57ea
1304,2023-03-01,21.92,22.0,21.72,21.8,864,,,,,historical_baseline,,fe33df9ae5456d8ee27133c42c244c81d150008ababc19399c7ed428638b57ea
1304,2023-03-02,21.8,21.8,21.64,21.68,7728,,,,,historical_baseline,,fe33df9ae5456d8ee27133c42c244c81d150008ababc19399c7ed428638b57ea
1304,2023-03-05,21.66,21.9,21.66,21.66,1000,,,,,historical_baseline,,fe33df9ae5456d8ee27133c42c244c81d150008ababc19399c7ed428638b57ea
1304,2023-03-06,21.66,21.66,21.66,21.66,0,,,,,historical_baseline,,fe33df9ae5456d8ee27133c42c244c81d150008ababc19399c7ed428638b57ea
1304,2023-03-07,21.66,21.66,21.66,21.66,0,,,,,historical_baseline,,fe33df9ae5456d8ee27133c42c244c81d150008ababc19399c7ed428638b57ea
1304,2023-03-08,22.06,22.06,21.8,21.88,1001,,,,,historical_baseline,,fe33df9ae5456d8ee27133c42c244c81d150008ababc19399c7ed428638b57ea
1304,2023-03-09,21.88,21.88,21.88,21.88,0,,,,,historical_baseline,,fe33df9ae5456d8ee27133c42c244c81d150008ababc19399c7ed428638b57ea
1304,2023-03-12,21.86,22.0,21.8,21.9,763,,,,,historical_baseline,,fe33df9ae5456d8ee27133c42c244c81d150008ababc19399c7ed428638b57ea
1304,2023-03-13,21.9,21.9,21.9,21.9,0,,,,,historical_baseline,,fe33df9ae5456d8ee27133c42c244c81d150008ababc19399c7ed428638b57ea
1304,2023-03-14,21.9,22.48,21.9,22.24,1000,,,,,historical_baseline,,fe33df9ae5456d8ee27133c42c244c81d150008ababc19399c7ed428638b57ea
1304,2023-03-15,22.2,22.2,21.3,21.6,1771,,,,,historical_baseline,,fe33df9ae5456d8ee27133c42c244c81d150008ababc19399c7ed428638b57ea
1304,2023-03-16,21.4,21.4,21.02,21.08,976,,,,,historical_baseline,,fe33df9ae5456d8ee27133c42c244c81d150008ababc19399c7ed428638b57ea
1304,2023-03-19,21.08,21.08,21.08,21.08,0,,,,,historical_baseline,,fe33df9ae5456d8ee27133c42c244c81d150008ababc19399c7ed428638b57ea
1304,2023-03-20,21.2,21.22,21.0,21.1,4000,,,,,historical_baseline,,fe33df9ae5456d8ee27133c42c244c81d150008ababc19399c7ed428638b57ea
1304,2023-03-21,21.12,21.22,21.12,21.2,1000,,,,,historical_baseline,,fe33df9ae5456d8ee27133c42c244c81d150008ababc19399c7ed428638b57ea
1304,2023-03-22,21.22,21.36,21.12,21.14,847,,,,,historical_baseline,,fe33df9ae5456d8ee27133c42c244c81d150008ababc19399c7ed428638b57ea
1304,2023-03-23,21.14,21.3,21.02,21.16,1000,,,,,historical_baseline,,fe33df9ae5456d8ee27133c42c244c81d150008ababc19399c7ed428638b57ea
1304,2023-03-26,21.16,21.16,21.16,21.16,0,,,,,historical_baseline,,fe33df9ae5456d8ee27133c42c244c81d150008ababc19399c7ed428638b57ea
1304,2023-03-27,21.16,21.16,21.16,21.16,0,,,,,historical_baseline,,fe33df9ae5456d8ee27133c42c244c81d150008ababc19399c7ed428638b57ea
1304,2023-03-28,21.16,21.16,21.16,21.16,0,,,,,historical_baseline,,fe33df9ae5456d8ee27133c42c244c81d150008ababc19399c7ed428638b57ea
1304,2023-03-29,22.1,22.32,22.0,22.2,903,,,,,historical_baseline,,fe33df9ae5456d8ee27133c42c244c81d150008ababc19399c7ed428638b57ea
1304,2023-03-30,22.36,22.38,22.12,22.28,1780,,,,,historical_baseline,,fe33df9ae5456d8ee27133c42c244c81d150008ababc19399c7ed428638b57ea
1320,2023-03-01,19.58,20.0,19.58,20.0,1555,,,,,historical_baseline,,fe33df9ae5456d8ee27133c42c244c81d150008ababc19399c7ed428638b57ea
1320,2023-03-02,19.9,20.26,19.86,20.22,2243,,,,,historical_baseline,,fe33df9ae5456d8ee27133c42c244c81d150008ababc19399c7ed428638b57ea
1320,2023-03-05,20.44,20.82,20.34,20.72,5999,,,,,historical_baseline,,fe33df9ae5456d8ee27133c42c244c81d150008ababc19399c7ed428638b57ea
1320,2023-03-06,20.72,20.72,20.72,20.72,0,,,,,historical_baseline,,fe33df9ae5456d8ee27133c42c244c81d150008ababc19399c7ed428638b57ea
1320,2023-03-07,20.72,20.72,20.72,20.72,0,,,,,historical_baseline,,fe33df9ae5456d8ee27133c42c244c81d150008ababc19399c7ed428638b57ea
1320,2023-03-08,19.82,20.2,19.82,20.2,755,,,,,historical_baseline,,fe33df9ae5456d8ee27133c42c244c81d150008ababc19399c7ed428638b57ea
1320,2023-03-09,20.2,20.2,20.2,20.2,0,,,,,historical_baseline,,fe33df9ae5456d8ee27133c42c244c81d150008ababc19399c7ed428638b57ea
1320,2023-03-12,20.26,20.3,20.02,20.06,990,,,,,historical_baseline,,fe33df9ae5456d8ee27133c42c244c81d150008ababc19399c7ed428638b57ea
1320,2023-03-13,20.06,20.06,20.06,20.06,0,,,,,historical_baseline,,fe33df9ae5456d8ee27133c42c244c81d150008ababc19399c7ed428638b57ea
1320,2023-03-14,20.18,20.18,19.9,19.98,990,,,,,historical_baseline,,fe33df9ae5456d8ee27133c42c244c81d150008ababc19399c7ed428638b57ea
1320,2023-03-15,19.74,19.96,19.44,19.72,885,,,,,historical_baseline,,fe33df9ae5456d8ee27133c42c244c81d150008ababc19399c7ed428638b57ea
1320,2023-03-16,19.66,19.66,19.34,19.6,1016,,,,,historical_baseline,,fe33df9ae5456d8ee27133c42c244c81d150008ababc19399c7ed428638b57ea
1320,2023-03-19,19.6,19.6,19.6,19.6,0,,,,,historical_baseline,,fe33df9ae5456d8ee27133c42c244c81d150008ababc19399c7ed428638b57ea
1320,2023-03-20,19.6,19.72,19.6,19.6,2888,,,,,historical_baseline,,fe33df9ae5456d8ee27133c42c244c81d150008ababc19399c7ed428638b57ea
1320,2023-03-21,19.74,19.9,19.7,19.88,800,,,,,historical_baseline,,fe33df9ae5456d8ee27133c42c244c81d150008ababc19399c7ed428638b57ea
1320,2023-03-22,19.94,20.04,19.52,19.64,1539,,,,,historical_baseline,,fe33df9ae5456d8ee27133c42c244c81d150008ababc19399c7ed428638b57ea
1320,2023-03-23,19.56,19.56,19.56,19.56,1210,,,,,historical_baseline,,fe33df9ae5456d8ee27133c42c244c81d150008ababc19399c7ed428638b57ea
1320,2023-03-26,19.56,19.56,19.56,19.56,0,,,,,historical_baseline,,fe33df9ae5456d8ee27133c42c244c81d150008ababc19399c7ed428638b57ea
1320,2023-03-27,19.56,19.56,19.56,19.56,0,,,,,historical_baseline,,fe33df9ae5456d8ee27133c42c244c81d150008ababc19399c7ed428638b57ea
1320,2023-03-28,19.56,19.56,19.56,19.56,0,,,,,historical_baseline,,fe33df9ae5456d8ee27133c42c244c81d150008ababc19399c7ed428638b57ea
1320,2023-03-29,20.5,21.48,20.36,21.02,2245,,,,,historical_baseline,,fe33df9ae5456d8ee27133c42c244c81d150008ababc19399c7ed428638b57ea
1320,2023-03-30,21.16,21.6,21.0,21.1,730,,,,,historical_baseline,,fe33df9ae5456d8ee27133c42c244c81d150008ababc19399c7ed428638b57ea
1321,2023-03-01,47.95,48.2,47.05,47.5,2000,,,,,historical_baseline,,fe33df9ae5456d8ee27133c42c244c81d150008ababc19399c7ed428638b57ea
1321,2023-03-02,47.5,48.05,47.0,47.7,622,,,,,historical_baseline,,fe33df9ae5456d8ee27133c42c244c81d150008ababc19399c7ed428638b57ea
1321,2023-03-05,47.75,47.75,47.0,47.7,370,,,,,historical_baseline,,fe33df9ae5456d8ee27133c42c244c81d150008ababc19399c7ed428638b57ea
1321,2023-03-06,47.7,47.7,47.7,47.7,0,,,,,historical_baseline,,fe33df9ae5456d8ee27133c42c244c81d150008ababc19399c7ed428638b57ea
1321,2023-03-07,47.7,47.7,47.7,47.7,0,,,,,historical_baseline,,fe33df9ae5456d8ee27133c42c244c81d150008ababc19399c7ed428638b57ea
1321,2023-03-08,46.7,46.9,45.8,45.9,327,,,,,historical_baseline,,fe33df9ae5456d8ee27133c42c244c81d150008ababc19399c7ed428638b57ea
1321,2023-03-09,45.9,45.9,45.9,45.9,0,,,,,historical_baseline,,fe33df9ae5456d8ee27133c42c244c81d150008ababc19399c7ed428638b57ea
1321,2023-03-12,46.0,46.25,45.45,45.45,450,,,,,historical_baseline,,fe33df9ae5456d8ee27133c42c244c81d150008ababc19399c7ed428638b57ea
1321,2023-03-13,45.45,45.45,45.45,45.45,0,,,,,historical_baseline,,fe33df9ae5456d8ee27133c42c244c81d150008ababc19399c7ed428638b57ea
1321,2023-03-14,45.5,45.5,44.6,44.9,1029,,,,,historical_baseline,,fe33df9ae5456d8ee27133c42c244c81d150008ababc19399c7ed428638b57ea
1321,2023-03-15,44.45,44.9,43.9,44.0,400,,,,,historical_baseline,,fe33df9ae5456d8ee27133c42c244c81d150008ababc19399c7ed428638b57ea
1321,2023-03-16,43.9,44.8,43.9,44.05,750,,,,,historical_baseline,,fe33df9ae5456d8ee27133c42c244c81d150008ababc19399c7ed428638b57ea
1321,2023-03-19,44.05,44.05,44.05,44.05,0,,,,,historical_baseline,,fe33df9ae5456d8ee27133c42c244c81d150008ababc19399c7ed428638b57ea
1321,2023-03-20,45.25,47.7,45.25,47.05,982,,,,,historical_baseline,,fe33df9ae5456d8ee27133c42c244c81d150008ababc19399c7ed428638b57ea
1321,2023-03-21,47.15,47.9,47.15,47.65,500,,,,,historical_baseline,,fe33df9ae5456d8ee27133c42c244c81d150008ababc19399c7ed428638b57ea
1321,2023-03-22,47.65,47.65,46.4,46.4,327,,,,,historical_baseline,,fe33df9ae5456d8ee27133c42c244c81d150008ababc19399c7ed428638b57ea
1321,2023-03-23,46.4,46.5,45.8,46.45,466,,,,,historical_baseline,,fe33df9ae5456d8ee27133c42c244c81d150008ababc19399c7ed428638b57ea
1321,2023-03-26,46.45,46.45,46.45,46.45,0,,,,,historical_baseline,,fe33df9ae5456d8ee27133c42c244c81d150008ababc19399c7ed428638b57ea
1321,2023-03-27,46.45,46.45,46.45,46.45,0,,,,,historical_baseline,,fe33df9ae5456d8ee27133c42c244c81d150008ababc19399c7ed428638b57ea
1321,2023-03-28,46.45,46.45,46.45,46.45,0,,,,,historical_baseline,,fe33df9ae5456d8ee27133c42c244c81d150008ababc19399c7ed428638b57ea
1321,2023-03-29,46.45,46.45,46.45,46.45,0,,,,,historical_baseline,,fe33df9ae5456d8ee27133c42c244c81d150008ababc19399c7ed428638b57ea
1321,2023-03-30,48.75,53.0,48.0,51.0,300,,,,,historical_baseline,,fe33df9ae5456d8ee27133c42c244c81d150008ababc19399c7ed428638b57ea
1322,2023-03-01,54.93,55.37,54.41,54.49,540,,,,,historical_baseline,,fe33df9ae5456d8ee27133c42c244c81d150008ababc19399c7ed428638b57ea
1322,2023-03-02,54.63,54.71,54.05,54.05,1363,,,,,historical_baseline,,fe33df9ae5456d8ee27133c42c244c81d150008ababc19399c7ed428638b57ea
1322,2023-03-05,54.19,54.63,53.97,54.63,409,,,,,historical_baseline,,fe33df9ae5456d8ee27133c42c244c81d150008ababc19399c7ed428638b57ea
1322,2023-03-06,54.63,54.63,54.63,54.63,0,,,,,historical_baseline,,fe33df9ae5456d8ee27133c42c244c81d150008ababc19399c7ed428638b57ea
1322,2023-03-07,54.63,54.63,54.63,54.63,0,,,,,historical_baseline,,fe33df9ae5456d8ee27133c42c244c81d150008ababc19399c7ed428638b57ea
1322,2023-03-08,52.95,53.53,52.58,53.39,313,,,,,historical_baseline,,fe33df9ae5456d8ee27133c42c244c81d150008ababc19399c7ed428638b57ea
1322,2023-03-09,53.39,53.39,53.39,53.39,0,,,,,historical_baseline,,fe33df9ae5456d8ee27133c42c244c81d150008ababc19399c7ed428638b57ea
1322,2023-03-12,53.09,53.17,52.8,52.87,315,,,,,historical_baseline,,fe33df9ae5456d8ee27133c42c244c81d150008ababc19399c7ed428638b57ea
1322,2023-03-13,52.87,52.87,52.87,52.87,0,,,,,historical_baseline,,fe33df9ae5456d8ee27133c42c244c81d150008ababc19399c7ed428638b57ea
1322,2023-03-14,53.02,53.39,52.87,53.09,1014,,,,,historical_baseline,,fe33df9ae5456d8ee27133c42c244c81d150008ababc19399c7ed428638b57ea
1322,2023-03-15,53.39,54.19,52.8,52.8,549,,,,,historical_baseline,,fe33df9ae5456d8ee27133c42c244c81d150008ababc19399c7ed428638b57ea
1322,2023-03-16,52.73,53.9,51.85,52.8,1438,,,,,historical_baseline,,fe33df9ae5456d8ee27133c42c244c81d150008ababc19399c7ed428638b57ea
1322,2023-03-19,52.8,52.8,52.8,52.8,0,,,,,historical_baseline,,fe33df9ae5456d8ee27133c42c244c81d150008ababc19399c7ed428638b57ea
1322,2023-03-20,52.65,52.87,52.43,52.58,410,,,,,historical_baseline,,fe33df9ae5456d8ee27133c42c244c81d150008ababc19399c7ed428638b57ea
1322,2023-03-21,52.8,53.24,52.58,53.09,343,,,,,historical_baseline,,fe33df9ae5456d8ee27133c42c244c81d150008ababc19399c7ed428638b57ea
1322,2023-03-22,53.09,53.31,52.87,52.87,418,,,,,historical_baseline,,fe33df9ae5456d8ee27133c42c244c81d150008ababc19399c7ed428638b57ea
1322,2023-03-23,52.95,52.95,52.65,52.95,750,,,,,historical_baseline,,fe33df9ae5456d8ee27133c42c244c81d150008ababc19399c7ed428638b57ea
1322,2023-03-26,52.95,52.95,52.95,52.95,0,,,,,historical_baseline,,fe33df9ae5456d8ee27133c42c244c81d150008ababc19399c7ed428638b57ea
1322,2023-03-27,52.95,52.95,52.95,52.95,0,,,,,historical_baseline,,fe33df9ae5456d8ee27133c42c244c81d150008ababc19399c7ed428638b57ea
1322,2023-03-28,52.95,52.95,52.95,52.95,0,,,,,historical_baseline,,fe33df9ae5456d8ee27133c42c244c81d150008ababc19399c7ed428638b57ea
1322,2023-03-29,52.95,52.95,52.95,52.95,0,,,,,historical_baseline,,fe33df9ae5456d8ee27133c42c244c81d150008ababc19399c7ed428638b57ea
1322,2023-03-30,54.12,54.78,54.12,54.56,409,,,,,historical_baseline,,fe33df9ae5456d8ee27133c42c244c81d150008ababc19399c7ed428638b57ea
1810,2023-03-01,19.5,19.64,19.36,19.48,1370,,,,,historical_baseline,,fe33df9ae5456d8ee27133c42c244c81d150008ababc19399c7ed428638b57ea
1810,2023-03-02,19.6,19.6,19.16,19.3,9894,,,,,historical_baseline,,fe33df9ae5456d8ee27133c42c244c81d150008ababc19399c7ed428638b57ea
1810,2023-03-05,19.3,20.08,19.28,20.08,3560,,,,,historical_baseline,,fe33df9ae5456d8ee27133c42c244c81d150008ababc19399c7ed428638b57ea
1810,2023-03-06,20.08,20.08,20.08,20.08,0,,,,,historical_baseline,,fe33df9ae5456d8ee27133c42c244c81d150008ababc19399c7ed428638b57ea
1810,2023-03-07,20.08,20.08,20.08,20.08,0,,,,,historical_baseline,,fe33df9ae5456d8ee27133c42c244c81d150008ababc19399c7ed428638b57ea
1810,2023-03-08,19.62,20.38,19.52,20.0,922,,,,,historical_baseline,,fe33df9ae5456d8ee27133c42c244c81d150008ababc19399c7ed428638b57ea
1810,2023-03-09,20.0,20.0,20.0,20.0,0,,,,,historical_baseline,,fe33df9ae5456d8ee27133c42c244c81d150008ababc19399c7ed428638b57ea
1810,2023-03-12,20.0,20.0,20.0,20.0,0,,,,,historical_baseline,,fe33df9ae5456d8ee27133c42c244c81d150008ababc19399c7ed428638b57ea
1810,2023-03-13,20.0,20.0,20.0,20.0,0,,,,,historical_baseline,,fe33df9ae5456d8ee27133c42c244c81d150008ababc19399c7ed428638b57ea
1810,2023-03-14,21.04,21.32,20.5,21.08,5082,,,,,historical_baseline,,fe33df9ae5456d8ee27133c42c244c81d150008ababc19399c7ed428638b57ea
1810,2023-03-15,21.3,21.66,20.96,21.1,1020,,,,,historical_baseline,,fe33df9ae5456d8ee27133c42c244c81d150008ababc19399c7ed428638b57ea
1810,2023-03-16,21.0,21.2,20.42,20.42,1000,,,,,historical_baseline,,fe33df9ae5456d8ee27133c42c244c81d150008ababc19399c7ed428638b57ea
1810,2023-03-19,20.42,20.42,20.42,20.42,0,,,,,historical_baseline,,fe33df9ae5456d8ee27133c42c244c81d150008ababc19399c7ed428638b57ea
1810,2023-03-20,20.9,20.94,20.7,20.78,1020,,,,,historical_baseline,,fe33df9ae5456d8ee27133c42c244c81d150008ababc19399c7ed428638b57ea
1810,2023-03-21,20.72,21.32,20.72,21.08,14176,,,,,historical_baseline,,fe33df9ae5456d8ee27133c42c244c81d150008ababc19399c7ed428638b57ea
1810,2023-03-22,21.0,21.38,20.9,21.2,5000,,,,,historical_baseline,,fe33df9ae5456d8ee27133c42c244c81d150008ababc19399c7ed428638b57ea
1810,2023-03-23,21.16,22.22,21.1,21.84,2000,,,,,historical_baseline,,fe33df9ae5456d8ee27133c42c244c81d150008ababc19399c7ed428638b57ea
1810,2023-03-26,21.84,21.84,21.84,21.84,0,,,,,historical_baseline,,fe33df9ae5456d8ee27133c42c244c81d150008ababc19399c7ed428638b57ea
1810,2023-03-27,21.84,21.84,21.84,21.84,0,,,,,historical_baseline,,fe33df9ae5456d8ee27133c42c244c81d150008ababc19399c7ed428638b57ea
1810,2023-03-28,21.84,21.84,21.84,21.84,0,,,,,historical_baseline,,fe33df9ae5456d8ee27133c42c244c81d150008ababc19399c7ed428638b57ea
1810,2023-03-29,22.5,22.5,21.6,21.8,4422,,,,,historical_baseline,,fe33df9ae5456d8ee27133c42c244c81d150008ababc19399c7ed428638b57ea
1810,2023-03-30,22.0,22.82,22.0,22.26,1062,,,,,historical_baseline,,fe33df9ae5456d8ee27133c42c244c81d150008ababc19399c7ed428638b57ea
1820,2023-03-01,2.23,2.37,2.22,2.31,25000,,,,,historical_baseline,,fe33df9ae5456d8ee27133c42c244c81d150008ababc19399c7ed428638b57ea
1820,2023-03-02,2.34,2.34,2.29,2.31,26210,,,,,historical_baseline,,fe33df9ae5456d8ee27133c42c244c81d150008ababc19399c7ed428638b57ea
1820,2023-03-05,2.31,2.44,2.31,2.38,18110,,,,,historical_baseline,,fe33df9ae5456d8ee27133c42c244c81d150008ababc19399c7ed428638b57ea
1820,2023-03-06,2.38,2.38,2.38,2.38,0,,,,,historical_baseline,,fe33df9ae5456d8ee27133c42c244c81d150008ababc19399c7ed428638b57ea
1820,2023-03-07,2.38,2.38,2.38,2.38,0,,,,,historical_baseline,,fe33df9ae5456d8ee27133c42c244c81d150008ababc19399c7ed428638b57ea
1820,2023-03-08,2.39,2.42,2.37,2.39,14700,,,,,historical_baseline,,fe33df9ae5456d8ee27133c42c244c81d150008ababc19399c7ed428638b57ea
1820,2023-03-09,2.39,2.39,2.39,2.39,0,,,,,historical_baseline,,fe33df9ae5456d8ee27133c42c244c81d150008ababc19399c7ed428638b57ea
1820,2023-03-12,2.39,2.39,2.39,2.39,0,,,,,historical_baseline,,fe33df9ae5456d8ee27133c42c244c81d150008ababc19399c7ed428638b57ea
1820,2023-03-13,2.39,2.39,2.39,2.39,0,,,,,historical_baseline,,fe33df9ae5456d8ee27133c42c244c81d150008ababc19399c7ed428638b57ea
1820,2023-03-14,2.53,2.56,2.48,2.48,12430,,,,,historical_baseline,,fe33df9ae5456d8ee27133c42c244c81d150008ababc19399c7ed428638b57ea
1820,2023-03-15,2.4,2.48,2.4,2.45,7370,,,,,historical_baseline,,fe33df9ae5456d8ee27133c42c244c81d150008ababc19399c7ed428638b57ea
1820,2023-03-16,2.42,2.48,2.42,2.47,15980,,,,,historical_baseline,,fe33df9ae5456d8ee27133c42c244c81d150008ababc19399c7ed428638b57ea
1820,2023-03-19,2.47,2.47,2.47,2.47,0,,,,,historical_baseline,,fe33df9ae5456d8ee27133c42c244c81d150008ababc19399c7ed428638b57ea
1820,2023-03-20,2.55,2.55,2.47,2.48,10200,,,,,historical_baseline,,fe33df9ae5456d8ee27133c42c244c81d150008ababc19399c7ed428638b57ea
1820,2023-03-21,2.48,2.54,2.46,2.52,9200,,,,,historical_baseline,,fe33df9ae5456d8ee27133c42c244c81d150008ababc19399c7ed428638b57ea
1820,2023-03-22,2.52,2.62,2.48,2.58,40000,,,,,historical_baseline,,fe33df9ae5456d8ee27133c42c244c81d150008ababc19399c7ed428638b57ea
1820,2023-03-23,2.6,2.66,2.56,2.59,14090,,,,,historical_baseline,,fe33df9ae5456d8ee27133c42c244c81d150008ababc19399c7ed428638b57ea
1820,2023-03-26,2.59,2.59,2.59,2.59,0,,,,,historical_baseline,,fe33df9ae5456d8ee27133c42c244c81d150008ababc19399c7ed428638b57ea
1820,2023-03-27,2.59,2.59,2.59,2.59,0,,,,,historical_baseline,,fe33df9ae5456d8ee27133c42c244c81d150008ababc19399c7ed428638b57ea
1820,2023-03-28,2.59,2.59,2.59,2.59,0,,,,,historical_baseline,,fe33df9ae5456d8ee27133c42c244c81d150008ababc19399c7ed428638b57ea
1820,2023-03-29,2.45,2.53,2.44,2.53,20440,,,,,historical_baseline,,fe33df9ae5456d8ee27133c42c244c81d150008ababc19399c7ed428638b57ea
1820,2023-03-30,2.54,2.54,2.47,2.49,8260,,,,,historical_baseline,,fe33df9ae5456d8ee27133c42c244c81d150008ababc19399c7ed428638b57ea
1830,2023-03-01,91.5,93.3,91.2,93.0,2659,,,,,historical_baseline,,fe33df9ae5456d8ee27133c42c244c81d150008ababc19399c7ed428638b57ea
1830,2023-03-02,93.0,93.7,92.4,93.4,430,,,,,historical_baseline,,fe33df9ae5456d8ee27133c42c244c81d150008ababc19399c7ed428638b57ea
1830,2023-03-05,95.5,99.0,95.5,95.8,263,,,,,historical_baseline,,fe33df9ae5456d8ee27133c42c244c81d150008ababc19399c7ed428638b57ea
1830,2023-03-06,95.8,95.8,95.8,95.8,0,,,,,historical_baseline,,fe33df9ae5456d8ee27133c42c244c81d150008ababc19399c7ed428638b57ea
1830,2023-03-07,95.8,95.8,95.8,95.8,0,,,,,historical_baseline,,fe33df9ae5456d8ee27133c42c244c81d150008ababc19399c7ed428638b57ea
1830,2023-03-08,98.9,100.8,97.6,99.4,217,,,,,historical_baseline,,fe33df9ae5456d8ee27133c42c244c81d150008ababc19399c7ed428638b57ea
1830,2023-03-09,99.4,99.4,99.4,99.4,0,,,,,historical_baseline,,fe33df9ae5456d8ee27133c42c244c81d150008ababc19399c7ed428638b57ea
1830,2023-03-12,99.4,99.4,99.4,99.4,0,,,,,historical_baseline,,fe33df9ae5456d8ee27133c42c244c81d150008ababc19399c7ed428638b57ea
1830,2023-03-13,99.4,99.4,99.4,99.4,0,,,,,historical_baseline,,fe33df9ae5456d8ee27133c42c244c81d150008ababc19399c7ed428638b57ea
1830,2023-03-14,95.5,97.3,95.2,96.3,512,,,,,historical_baseline,,fe33df9ae5456d8ee27133c42c244c81d150008ababc19399c7ed428638b57ea
1830,2023-03-15,96.7,98.8,95.9,96.8,29500,,,,,historical_baseline,,fe33df9ae5456d8ee27133c42c244c81d150008ababc19399c7ed428638b57ea
1830,2023-03-16,96.8,96.8,94.8,95.0,187,,,,,historical_baseline,,fe33df9ae5456d8ee27133c42c244c81d150008ababc19399c7ed428638b57ea
1830,2023-03-19,95.0,95.0,95.0,95.0,0,,,,,historical_baseline,,fe33df9ae5456d8ee27133c42c244c81d150008ababc19399c7ed428638b57ea
1830,2023-03-20,95.0,99.0,95.0,97.9,1620,,,,,historical_baseline,,fe33df9ae5456d8ee27133c42c244c81d150008ababc19399c7ed428638b57ea
1830,2023-03-21,97.9,99.0,97.0,97.0,600,,,,,historical_baseline,,fe33df9ae5456d8ee27133c42c244c81d150008ababc19399c7ed428638b57ea
1830,2023-03-22,97.0,98.8,97.0,97.9,795,,,,,historical_baseline,,fe33df9ae5456d8ee27133c42c244c81d150008ababc19399c7ed428638b57ea
1830,2023-03-23,97.3,98.2,97.0,97.5,1000,,,,,historical_baseline,,fe33df9ae5456d8ee27133c42c244c81d150008ababc19399c7ed428638b57ea
1830,2023-03-26,97.5,97.5,97.5,97.5,0,,,,,historical_baseline,,fe33df9ae5456d8ee27133c42c244c81d150008ababc19399c7ed428638b57ea
1830,2023-03-27,97.5,97.5,97.5,97.5,0,,,,,historical_baseline,,fe33df9ae5456d8ee27133c42c244c81d150008ababc19399c7ed428638b57ea
1830,2023-03-28,97.5,97.5,97.5,97.5,0,,,,,historical_baseline,,fe33df9ae5456d8ee27133c42c244c81d150008ababc19399c7ed428638b57ea
1830,2023-03-29,100.8,103.8,100.0,103.6,2603,,,,,historical_baseline,,fe33df9ae5456d8ee27133c42c244c81d150008ababc19399c7ed428638b57ea
1830,2023-03-30,103.6,105.8,103.2,105.0,447,,,,,historical_baseline,,fe33df9ae5456d8ee27133c42c244c81d150008ababc19399c7ed428638b57ea
1831,2023-03-01,45.77,46.41,45.61,46.41,12000,,,,,historical_baseline,,fe33df9ae5456d8ee27133c42c244c81d150008ababc19399c7ed428638b57ea
1831,2023-03-02,46.41,47.37,46.41,47.29,87924,,,,,historical_baseline,,fe33df9ae5456d8ee27133c42c244c81d150008ababc19399c7ed428638b57ea
1831,2023-03-05,47.53,48.41,47.21,48.17,9000,,,,,historical_baseline,,fe33df9ae5456d8ee27133c42c244c81d150008ababc19399c7ed428638b57ea
1831,2023-03-06,48.17,48.17,48.17,48.17,0,,,,,historical_baseline,,fe33df9ae5456d8ee27133c42c244c81d150008ababc19399c7ed428638b57ea
1831,2023-03-07,48.17,48.17,48.17,48.17,0,,,,,historical_baseline,,fe33df9ae5456d8ee27133c42c244c81d150008ababc19399c7ed428638b57ea
1831,2023-03-08,47.61,47.61,46.89,47.13,12000,,,,,historical_baseline,,fe33df9ae5456d8ee27133c42c244c81d150008ababc19399c7ed428638b57ea
1831,2023-03-09,47.13,47.13,47.13,47.13,0,,,,,historical_baseline,,fe33df9ae5456d8ee27133c42c244c81d150008ababc19399c7ed428638b57ea
1831,2023-03-12,47.13,47.13,47.13,47.13,0,,,,,historical_baseline,,fe33df9ae5456d8ee27133c42c244c81d150008ababc19399c7ed428638b57ea
1831,2023-03-13,47.13,47.13,47.13,47.13,0,,,,,historical_baseline,,fe33df9ae5456d8ee27133c42c244c81d150008ababc19399c7ed428638b57ea
1831,2023-03-14,45.53,45.85,44.97,45.29,8904,,,,,historical_baseline,,fe33df9ae5456d8ee27133c42c244c81d150008ababc19399c7ed428638b57ea
1831,2023-03-15,44.89,45.45,43.92,44.0,6000,,,,,historical_baseline,,fe33df9ae5456d8ee27133c42c244c81d150008ababc19399c7ed428638b57ea
1831,2023-03-16,43.84,44.81,43.36,44.73,42960,,,,,historical_baseline,,fe33df9ae5456d8ee27133c42c244c81d150008ababc19399c7ed428638b57ea
1831,2023-03-19,44.73,44.73,44.73,44.73,0,,,,,historical_baseline,,fe33df9ae5456d8ee27133c42c244c81d150008ababc19399c7ed428638b57ea
1831,2023-03-20,45.53,45.53,44.97,44.97,11112,,,,,historical_baseline,,fe33df9ae5456d8ee27133c42c244c81d150008ababc19399c7ed428638b57ea
1831,2023-03-21,44.97,46.01,44.73,45.61,27744,,,,,historical_baseline,,fe33df9ae5456d8ee27133c42c244c81d150008ababc19399c7ed428638b57ea
1831,2023-03-22,45.61,45.93,45.13,45.13,6240,,,,,historical_baseline,,fe33df9ae5456d8ee27133c42c244c81d150008ababc19399c7ed428638b57ea
1831,2023-03-23,44.89,45.53,44.65,45.45,9540,,,,,historical_baseline,,fe33df9ae5456d8ee27133c42c244c81d150008ababc19399c7ed428638b57ea
1831,2023-03-26,45.45,45.45,45.45,45.45,0,,,,,historical_baseline,,fe33df9ae5456d8ee27133c42c244c81d150008ababc19399c7ed428638b57ea
1831,2023-03-27,45.45,45.45,45.45,45.45,0,,,,,historical_baseline,,fe33df9ae5456d8ee27133c42c244c81d150008ababc19399c7ed428638b57ea
1831,2023-03-28,45.45,45.45,45.45,45.45,0,,,,,historical_baseline,,fe33df9ae5456d8ee27133c42c244c81d150008ababc19399c7ed428638b57ea
1831,2023-03-29,45.61,46.73,45.61,46.65,8220,,,,,historical_baseline,,fe33df9ae5456d8ee27133c42c244c81d150008ababc19399c7ed428638b57ea
1831,2023-03-30,46.81,48.41,46.73,48.17,9972,,,,,historical_baseline,,fe33df9ae5456d8ee27133c42c244c81d150008ababc19399c7ed428638b57ea
1832,2023-03-01,3.32,3.37,3.31,3.32,7470,,,,,historical_baseline,,fe33df9ae5456d8ee27133c42c244c81d150008ababc19399c7ed428638b57ea
1832,2023-03-02,3.35,3.37,3.33,3.33,10000,,,,,historical_baseline,,fe33df9ae5456d8ee27133c42c244c81d150008ababc19399c7ed428638b57ea
1832,2023-03-05,3.34,3.41,3.34,3.38,6040,,,,,historical_baseline,,fe33df9ae5456d8ee27133c42c244c81d150008ababc19399c7ed428638b57ea
1832,2023-03-06,3.38,3.38,3.38,3.38,0,,,,,historical_baseline,,fe33df9ae5456d8ee27133c42c244c81d150008ababc19399c7ed428638b57ea
1832,2023-03-07,3.38,3.38,3.38,3.38,0,,,,,historical_baseline,,fe33df9ae5456d8ee27133c42c244c81d150008ababc19399c7ed428638b57ea
1832,2023-03-08,3.37,3.43,3.34,3.38,8860,,,,,historical_baseline,,fe33df9ae5456d8ee27133c42c244c81d150008ababc19399c7ed428638b57ea
1832,2023-03-09,3.38,3.38,3.38,3.38,0,,,,,historical_baseline,,fe33df9ae5456d8ee27133c42c244c81d150008ababc19399c7ed428638b57ea
1832,2023-03-12,3.38,3.38,3.38,3.38,0,,,,,historical_baseline,,fe33df9ae5456d8ee27133c42c244c81d150008ababc19399c7ed428638b57ea
1832,2023-03-13,3.38,3.38,3.38,3.38,0,,,,,historical_baseline,,fe33df9ae5456d8ee27133c42c244c81d150008ababc19399c7ed428638b57ea
1832,2023-03-14,3.33,3.39,3.31,3.32,12980,,,,,historical_baseline,,fe33df9ae5456d8ee27133c42c244c81d150008ababc19399c7ed428638b57ea
1832,2023-03-15,3.28,3.31,3.2,3.2,8110,,,,,historical_baseline,,fe33df9ae5456d8ee27133c42c244c81d150008ababc19399c7ed428638b57ea
1832,2023-03-16,3.24,3.24,3.16,3.16,4750,,,,,historical_baseline,,fe33df9ae5456d8ee27133c42c244c81d150008ababc19399c7ed428638b57ea
1832,2023-03-19,3.16,3.16,3.16,3.16,0,,,,,historical_baseline,,fe33df9ae5456d8ee27133c42c244c81d150008ababc19399c7ed428638b57ea
1832,2023-03-20,3.17,3.22,3.17,3.22,4700,,,,,historical_baseline,,fe33df9ae5456d8ee27133c42c244c81d150008ababc19399c7ed428638b57ea
1832,2023-03-21,3.23,3.45,3.23,3.37,7400,,,,,historical_baseline,,fe33df9ae5456d8ee27133c42c244c81d150008ababc19399c7ed428638b57ea
1832,2023-03-22,3.37,3.47,3.34,3.34,4700,,,,,historical_baseline,,fe33df9ae5456d8ee27133c42c244c81d150008ababc19399c7ed428638b57ea
1832,2023-03-23,3.34,3.36,3.29,3.33,15580,,,,,historical_baseline,,fe33df9ae5456d8ee27133c42c244c81d150008ababc19399c7ed428638b57ea
1832,2023-03-26,3.33,3.33,3.33,3.33,0,,,,,historical_baseline,,fe33df9ae5456d8ee27133c42c244c81d150008ababc19399c7ed428638b57ea
1832,2023-03-27,3.33,3.33,3.33,3.33,0,,,,,historical_baseline,,fe33df9ae5456d8ee27133c42c244c81d150008ababc19399c7ed428638b57ea
1832,2023-03-28,3.33,3.33,3.33,3.33,0,,,,,historical_baseline,,fe33df9ae5456d8ee27133c42c244c81d150008ababc19399c7ed428638b57ea
1832,2023-03-29,3.33,3.33,3.33,3.33,0,,,,,historical_baseline,,fe33df9ae5456d8ee27133c42c244c81d150008ababc19399c7ed428638b57ea
1832,2023-03-30,3.62,3.67,3.56,3.6,4930,,,,,historical_baseline,,fe33df9ae5456d8ee27133c42c244c81d150008ababc19399c7ed428638b57ea
2001,2023-03-01,24.86,24.86,24.44,24.46,2851,,,,,historical_baseline,,fe33df9ae5456d8ee27133c42c244c81d150008ababc19399c7ed428638b57ea
2001,2023-03-02,24.44,24.74,24.44,24.74,5000,,,,,historical_baseline,,fe33df9ae5456d8ee27133c42c244c81d150008ababc19399c7ed428638b57ea
2001,2023-03-05,24.74,24.82,24.44,24.5,1000,,,,,historical_baseline,,fe33df9ae5456d8ee27133c42c244c81d150008ababc19399c7ed428638b57ea
2001,2023-03-06,24.5,24.5,24.5,24.5,0,,,,,historical_baseline,,fe33df9ae5456d8ee27133c42c244c81d150008ababc19399c7ed428638b57ea
2001,2023-03-07,24.5,24.5,24.5,24.5,0,,,,,historical_baseline,,fe33df9ae5456d8ee27133c42c244c81d150008ababc19399c7ed428638b57ea
2001,2023-03-08,23.88,23.88,23.58,23.62,925,,,,,historical_baseline,,fe33df9ae5456d8ee27133c42c244c81d150008ababc19399c7ed428638b57ea
2001,2023-03-09,23.62,23.62,23.62,23.62,0,,,,,historical_baseline,,fe33df9ae5456d8ee27133c42c244c81d150008ababc19399c7ed428638b57ea
2001,2023-03-12,24.04,24.1,23.88,24.1,1880,,,,,historical_baseline,,fe33df9ae5456d8ee27133c42c244c81d150008ababc19399c7ed428638b57ea
2001,2023-03-13,24.1,24.1,24.1,24.1,0,,,,,historical_baseline,,fe33df9ae5456d8ee27133c42c244c81d150008ababc19399c7ed428638b57ea
2001,2023-03-14,24.12,24.16,23.9,23.94,773,,,,,historical_baseline,,fe33df9ae5456d8ee27133c42c244c81d150008ababc19399c7ed428638b57ea
2001,2023-03-15,24.18,24.28,23.8,23.8,1412,,,,,historical_baseline,,fe33df9ae5456d8ee27133c42c244c81d150008ababc19399c7ed428638b57ea
2001,2023-03-16,23.8,23.98,23.56,23.62,1004,,,,,historical_baseline,,fe33df9ae5456d8ee27133c42c244c81d150008ababc19399c7ed428638b57ea
2001,2023-03-19,23.62,23.62,23.62,23.62,0,,,,,historical_baseline,,fe33df9ae5456d8ee27133c42c244c81d150008ababc19399c7ed428638b57ea
2001,2023-03-20,23.86,23.86,23.68,23.74,8722,,,,,historical_baseline,,fe33df9ae5456d8ee27133c42c244c81d150008ababc19399c7ed428638b57ea
2001,2023-03-21,23.8,23.9,23.76,23.8,1000,,,,,historical_baseline,,fe33df9ae5456d8ee27133c42c244c81d150008ababc19399c7ed428638b57ea
2001,2023-03-22,23.74,24.02,23.7,23.7,1000,,,,,historical_baseline,,fe33df9ae5456d8ee27133c42c244c81d150008ababc19399c7ed428638b57ea
2001,2023-03-23,23.7,23.76,23.5,23.66,2000,,,,,historical_baseline,,fe33df9ae5456d8ee27133c42c244c81d150008ababc19399c7ed428638b57ea
2001,2023-03-26,23.66,23.66,23.66,23.66,0,,,,,historical_baseline,,fe33df9ae5456d8ee27133c42c244c81d150008ababc19399c7ed428638b57ea
2001,2023-03-27,23.66,23.66,23.66,23.66,0,,,,,historical_baseline,,fe33df9ae5456d8ee27133c42c244c81d150008ababc19399c7ed428638b57ea
2001,2023-03-28,23.66,23.66,23.66,23.66,0,,,,,historical_baseline,,fe33df9ae5456d8ee27133c42c244c81d150008ababc19399c7ed428638b57ea
2001,2023-03-29,24.34,24.54,24.2,24.42,1481,,,,,historical_baseline,,fe33df9ae5456d8ee27133c42c244c81d150008ababc19399c7ed428638b57ea
2001,2023-03-30,24.6,24.7,24.38,24.44,800,,,,,historical_baseline,,fe33df9ae5456d8ee27133c42c244c81d150008ababc19399c7ed428638b57ea
2010,2023-03-01,88.8,89.9,88.6,89.1,1000,,,,,historical_baseline,,fe33df9ae5456d8ee27133c42c244c81d150008ababc19399c7ed428638b57ea
2010,2023-03-02,89.4,90.8,89.4,90.4,200,,,,,historical_baseline,,fe33df9ae5456d8ee27133c42c244c81d150008ababc19399c7ed428638b57ea
2010,2023-03-05,91.0,91.4,90.6,91.1,1000,,,,,historical_baseline,,fe33df9ae5456d8ee27133c42c244c81d150008ababc19399c7ed428638b57ea
2010,2023-03-06,91.1,91.1,91.1,91.1,0,,,,,historical_baseline,,fe33df9ae5456d8ee27133c42c244c81d150008ababc19399c7ed428638b57ea
2010,2023-03-07,91.1,91.1,91.1,91.1,0,,,,,historical_baseline,,fe33df9ae5456d8ee27133c42c244c81d150008ababc19399c7ed428638b57ea
2010,2023-03-08,91.5,91.5,89.9,90.8,404,,,,,historical_baseline,,fe33df9ae5456d8ee27133c42c244c81d150008ababc19399c7ed428638b57ea
2010,2023-03-09,90.8,90.8,90.8,90.8,0,,,,,historical_baseline,,fe33df9ae5456d8ee27133c42c244c81d150008ababc19399c7ed428638b57ea
2010,2023-03-12,90.4,91.3,90.0,91.0,424,,,,,historical_baseline,,fe33df9ae5456d8ee27133c42c244c81d150008ababc19399c7ed428638b57ea
2010,2023-03-13,91.0,91.0,91.0,91.0,0,,,,,historical_baseline,,fe33df9ae5456d8ee27133c42c244c81d150008ababc19399c7ed428638b57ea
2010,2023-03-14,91.0,92.0,90.9,91.5,300,,,,,historical_baseline,,fe33df9ae5456d8ee27133c42c244c81d150008ababc19399c7ed428638b57ea
2010,2023-03-15,89.0,89.4,86.4,86.7,700,,,,,historical_baseline,,fe33df9ae5456d8ee27133c42c244c81d150008ababc19399c7ed428638b57ea
2010,2023-03-16,86.8,87.3,85.2,85.5,400,,,,,historical_baseline,,fe33df9ae5456d8ee27133c42c244c81d150008ababc19399c7ed428638b57ea
2010,2023-03-19,85.5,85.5,85.5,85.5,0,,,,,historical_baseline,,fe33df9ae5456d8ee27133c42c244c81d150008ababc19399c7ed428638b57ea
2010,2023-03-20,87.3,87.5,86.6,87.1,500,,,,,historical_baseline,,fe33df9ae5456d8ee27133c42c244c81d150008ababc19399c7ed428638b57ea
2010,2023-03-21,87.5,90.0,87.4,89.5,500,,,,,historical_baseline,,fe33df9ae5456d8ee27133c42c244c81d150008ababc19399c7ed428638b57ea
2010,2023-03-22,89.6,90.9,88.4,88.4,400,,,,,historical_baseline,,fe33df9ae5456d8ee27133c42c244c81d150008ababc19399c7ed428638b57ea
2010,2023-03-23,88.9,90.3,88.5,90.3,200,,,,,historical_baseline,,fe33df9ae5456d8ee27133c42c244c81d150008ababc19399c7ed428638b57ea
2010,2023-03-26,90.3,90.3,90.3,90.3,0,,,,,historical_baseline,,fe33df9ae5456d8ee27133c42c244c81d150008ababc19399c7ed428638b57ea
2010,2023-03-27,90.3,90.3,90.3,90.3,0,,,,,historical_baseline,,fe33df9ae5456d8ee27133c42c244c81d150008ababc19399c7ed428638b57ea
2010,2023-03-28,90.3,90.3,90.3,90.3,0,,,,,historical_baseline,,fe33df9ae5456d8ee27133c42c244c81d150008ababc19399c7ed428638b57ea
2010,2023-03-29,90.1,90.4,89.0,89.8,4728,,,,,historical_baseline,,fe33df9ae5456d8ee27133c42c244c81d150008ababc19399c7ed428638b57ea
2010,2023-03-30,89.8,91.0,89.7,90.3,400,,,,,historical_baseline,,fe33df9ae5456d8ee27133c42c244c81d150008ababc19399c7ed428638b57ea
2020,2023-03-01,133.6,133.8,129.6,129.6,250,,,,,historical_baseline,,fe33df9ae5456d8ee27133c42c244c81d150008ababc19399c7ed428638b57ea
2020,2023-03-02,129.6,130.4,127.4,128.8,250,,,,,historical_baseline,,fe33df9ae5456d8ee27133c42c244c81d150008ababc19399c7ed428638b57ea
2020,2023-03-05,128.8,132.8,128.8,132.2,251,,,,,historical_baseline,,fe33df9ae5456d8ee27133c42c244c81d150008ababc19399c7ed428638b57ea
2020,2023-03-06,132.2,132.2,132.2,132.2,0,,,,,historical_baseline,,fe33df9ae5456d8ee27133c42c244c81d150008ababc19399c7ed428638b57ea
2020,2023-03-07,132.2,132.2,132.2,132.2,0,,,,,historical_baseline,,fe33df9ae5456d8ee27133c42c244c81d150008ababc19399c7ed428638b57ea
2020,2023-03-08,129.4,130.8,128.2,130.6,120,,,,,historical_baseline,,fe33df9ae5456d8ee27133c42c244c81d150008ababc19399c7ed428638b57ea
2020,2023-03-09,130.6,130.6,130.6,130.6,0,,,,,historical_baseline,,fe33df9ae5456d8ee27133c42c244c81d150008ababc19399c7ed428638b57ea
2020,2023-03-12,129.4,130.4,129.0,130.0,370,,,,,historical_baseline,,fe33df9ae5456d8ee27133c42c244c81d150008ababc19399c7ed428638b57ea
2020,2023-03-13,130.0,130.0,130.0,130.0,0,,,,,historical_baseline,,fe33df9ae5456d8ee27133c42c244c81d150008ababc19399c7ed428638b57ea
2020,2023-03-14,130.2,131.0,129.6,129.6,936,,,,,historical_baseline,,fe33df9ae5456d8ee27133c42c244c81d150008ababc19399c7ed428638b57ea
2020,2023-03-15,131.8,132.6,129.8,130.8,1700,,,,,historical_baseline,,fe33df9ae5456d8ee27133c42c244c81d150008ababc19399c7ed428638b57ea
2020,2023-03-16,130.6,133.8,129.4,132.2,200,,,,,historical_baseline,,fe33df9ae5456d8ee27133c42c244c81d150008ababc19399c7ed428638b57ea
2020,2023-03-19,132.2,132.2,132.2,132.2,0,,,,,historical_baseline,,fe33df9ae5456d8ee27133c42c244c81d150008ababc19399c7ed428638b57ea
2020,2023-03-20,137.8,138.6,135.2,135.4,387,,,,,historical_baseline,,fe33df9ae5456d8ee27133c42c244c81d150008ababc19399c7ed428638b57ea
2020,2023-03-21,135.6,136.6,135.4,136.6,122,,,,,historical_baseline,,fe33df9ae5456d8ee27133c42c244c81d150008ababc19399c7ed428638b57ea
2020,2023-03-22,137.0,137.2,136.4,137.0,844,,,,,historical_baseline,,fe33df9ae5456d8ee27133c42c244c81d150008ababc19399c7ed428638b57ea
2020,2023-03-23,136.6,138.8,136.0,138.8,247,,,,,historical_baseline,,fe33df9ae5456d8ee27133c42c244c81d150008ababc19399c7ed428638b57ea
2020,2023-03-26,138.8,138.8,138.8,138.8,0,,,,,historical_baseline,,fe33df9ae5456d8ee27133c42c244c81d150008ababc19399c7ed428638b57ea
2020,2023-03-27,138.8,138.8,138.8,138.8,0,,,,,historical_baseline,,fe33df9ae5456d8ee27133c42c244c81d150008ababc19399c7ed428638b57ea
2020,2023-03-28,138.8,138.8,138.8,138.8,0,,,,,historical_baseline,,fe33df9ae5456d8ee27133c42c244c81d150008ababc19399c7ed428638b57ea
2020,2023-03-29,127.2,127.6,124.8,125.8,10450,,,,,historical_baseline,,fe33df9ae5456d8ee27133c42c244c81d150008ababc19399c7ed428638b57ea
2020,2023-03-30,125.8,127.6,125.8,127.4,150,,,,,historical_baseline,,fe33df9ae5456d8ee27133c42c244c81d150008ababc19399c7ed428638b57ea
2030,2023-03-01,78.2,79.6,77.7,78.6,700,,,,,historical_baseline,,fe33df9ae5456d8ee27133c42c244c81d150008ababc19399c7ed428638b57ea
2030,2023-03-02,78.6,79.8,77.7,77.7,500,,,,,historical_baseline,,fe33df9ae5456d8ee27133c42c244c81d150008ababc19399c7ed428638b57ea
2030,2023-03-05,77.8,78.9,77.8,78.7,225,,,,,historical_baseline,,fe33df9ae5456d8ee27133c42c244c81d150008ababc19399c7ed428638b57ea
2030,2023-03-06,78.7,78.7,78.7,78.7,0,,,,,historical_baseline,,fe33df9ae5456d8ee27133c42c244c81d150008ababc19399c7ed428638b57ea
2030,2023-03-07,78.7,78.7,78.7,78.7,0,,,,,historical_baseline,,fe33df9ae5456d8ee27133c42c244c81d150008ababc19399c7ed428638b57ea
2030,2023-03-08,78.8,78.8,77.6,78.0,768,,,,,historical_baseline,,fe33df9ae5456d8ee27133c42c244c81d150008ababc19399c7ed428638b57ea
2030,2023-03-09,78.0,78.0,78.0,78.0,0,,,,,historical_baseline,,fe33df9ae5456d8ee27133c42c244c81d150008ababc19399c7ed428638b57ea
2030,2023-03-12,77.9,79.0,77.6,77.7,350,,,,,historical_baseline,,fe33df9ae5456d8ee27133c42c244c81d150008ababc19399c7ed428638b57ea
2030,2023-03-13,77.7,77.7,77.7,77.7,0,,,,,historical_baseline,,fe33df9ae5456d8ee27133c42c244c81d150008ababc19399c7ed428638b57ea
2030,2023-03-14,78.0,78.5,77.0,77.1,410,,,,,historical_baseline,,fe33df9ae5456d8ee27133c42c244c81d150008ababc19399c7ed428638b57ea
2030,2023-03-15,76.7,77.4,76.0,76.0,260,,,,,historical_baseline,,fe33df9ae5456d8ee27133c42c244c81d150008ababc19399c7ed428638b57ea
2030,2023-03-16,76.0,76.0,74.1,74.5,702,,,,,historical_baseline,,fe33df9ae5456d8ee27133c42c244c81d150008ababc19399c7ed428638b57ea
2030,2023-03-19,74.5,74.5,74.5,74.5,0,,,,,historical_baseline,,fe33df9ae5456d8ee27133c42c244c81d150008ababc19399c7ed428638b57ea
2030,2023-03-20,73.6,74.5,73.1,73.7,500,,,,,historical_baseline,,fe33df9ae5456d8ee27133c42c244c81d150008ababc19399c7ed428638b57ea
2030,2023-03-21,73.7,79.4,73.7,77.7,200,,,,,historical_baseline,,fe33df9ae5456d8ee27133c42c244c81d150008ababc19399c7ed428638b57ea
2030,2023-03-22,77.6,78.2,75.5,75.7,697,,,,,historical_baseline,,fe33df9ae5456d8ee27133c42c244c81d150008ababc19399c7ed428638b57ea
2030,2023-03-23,75.5,76.4,74.8,75.4,306,,,,,historical_baseline,,fe33df9ae5456d8ee27133c42c244c81d150008ababc19399c7ed428638b57ea
2030,2023-03-26,75.4,75.4,75.4,75.4,0,,,,,historical_baseline,,fe33df9ae5456d8ee27133c42c244c81d150008ababc19399c7ed428638b57ea
2030,2023-03-27,75.4,75.4,75.4,75.4,0,,,,,historical_baseline,,fe33df9ae5456d8ee27133c42c244c81d150008ababc19399c7ed428638b57ea
2030,2023-03-28,75.4,75.4,75.4,75.4,0,,,,,historical_baseline,,fe33df9ae5456d8ee27133c42c244c81d150008ababc19399c7ed428638b57ea
2030,2023-03-29,79.3,81.3,79.3,80.4,1259,,,,,historical_baseline,,fe33df9ae5456d8ee27133c42c244c81d150008ababc19399c7ed428638b57ea
2030,2023-03-30,80.5,81.3,79.8,80.0,246,,,,,historical_baseline,,fe33df9ae5456d8ee27133c42c244c81d150008ababc19399c7ed428638b57ea
2040,2023-03-01,30.4,30.6,30.1,30.1,632,,,,,historical_baseline,,fe33df9ae5456d8ee27133c42c244c81d150008ababc19399c7ed428638b57ea
2040,2023-03-02,30.2,30.95,30.1,30.95,846,,,,,historical_baseline,,fe33df9ae5456d8ee27133c42c244c81d150008ababc19399c7ed428638b57ea
2040,2023-03-05,31.1,31.55,31.05,31.35,621,,,,,historical_baseline,,fe33df9ae5456d8ee27133c42c244c81d150008ababc19399c7ed428638b57ea
2040,2023-03-06,31.35,31.35,31.35,31.35,0,,,,,historical_baseline,,fe33df9ae5456d8ee27133c42c244c81d150008ababc19399c7ed428638b57ea
2040,2023-03-07,31.35,31.35,31.35,31.35,0,,,,,historical_baseline,,fe33df9ae5456d8ee27133c42c244c81d150008ababc19399c7ed428638b57ea
2040,2023-03-08,30.1,30.7,29.95,30.7,700,,,,,historical_baseline,,fe33df9ae5456d8ee27133c42c244c81d150008ababc19399c7ed428638b57ea
2040,2023-03-09,30.7,30.7,30.7,30.7,0,,,,,historical_baseline,,fe33df9ae5456d8ee27133c42c244c81d150008ababc19399c7ed428638b57ea
2040,2023-03-12,30.7,30.7,30.7,30.7,0,,,,,historical_baseline,,fe33df9ae5456d8ee27133c42c244c81d150008ababc19399c7ed428638b57ea
2040,2023-03-13,30.7,30.7,30.7,30.7,0,,,,,historical_baseline,,fe33df9ae5456d8ee27133c42c244c81d150008ababc19399c7ed428638b57ea
2040,2023-03-14,30.9,31.65,30.8,30.85,1038,,,,,historical_baseline,,fe33df9ae5456d8ee27133c42c244c81d150008ababc19399c7ed428638b57ea
2040,2023-03-15,30.1,30.45,29.95,30.0,531,,,,,historical_baseline,,fe33df9ae5456d8ee27133c42c244c81d150008ababc19399c7ed428638b57ea
2040,2023-03-16,29.6,29.9,29.5,29.7,620,,,,,historical_baseline,,fe33df9ae5456d8ee27133c42c244c81d150008ababc19399c7ed428638b57ea
2040,2023-03-19,29.7,29.7,29.7,29.7,0,,,,,historical_baseline,,fe33df9ae5456d8ee27133c42c244c81d150008ababc19399c7ed428638b57ea
2040,2023-03-20,29.95,30.25,29.65,29.9,1459,,,,,historical_baseline,,fe33df9ae5456d8ee27133c42c244c81d150008ababc19399c7ed428638b57ea
2040,2023-03-21,29.95,30.1,29.75,29.9,1276,,,,,historical_baseline,,fe33df9ae5456d8ee27133c42c244c81d150008ababc19399c7ed428638b57ea
2040,2023-03-22,30.0,30.15,29.7,30.0,934,,,,,historical_baseline,,fe33df9ae5456d8ee27133c42c244c81d150008ababc19399c7ed428638b57ea
2040,2023-03-23,29.85,29.95,29.65,29.9,869,,,,,historical_baseline,,fe33df9ae5456d8ee27133c42c244c81d150008ababc19399c7ed428638b57ea
2040,2023-03-26,29.9,29.9,29.9,29.9,0,,,,,historical_baseline,,fe33df9ae5456d8ee27133c42c244c81d150008ababc19399c7ed428638b57ea
2040,2023-03-27,29.9,29.9,29.9,29.9,0,,,,,historical_baseline,,fe33df9ae5456d8ee27133c42c244c81d150008ababc19399c7ed428638b57ea
2040,2023-03-28,29.9,29.9,29.9,29.9,0,,,,,historical_baseline,,fe33df9ae5456d8ee27133c42c244c81d150008ababc19399c7ed428638b57ea
2040,2023-03-29,30.9,31.35,30.6,31.25,1666,,,,,historical_baseline,,fe33df9ae5456d8ee27133c42c244c81d150008ababc19399c7ed428638b57ea
2040,2023-03-30,31.5,31.9,31.25,31.4,500,,,,,historical_baseline,,fe33df9ae5456d8ee27133c42c244c81d150008ababc19399c7ed428638b57ea
2050,2023-03-01,27.2,27.35,27.15,27.35,1526,,,,,historical_baseline,,fe33df9ae5456d8ee27133c42c244c81d150008ababc19399c7ed428638b57ea
2050,2023-03-02,27.45,27.5,27.2,27.2,1610,,,,,historical_baseline,,fe33df9ae5456d8ee27133c42c244c81d150008ababc19399c7ed428638b57ea
2050,2023-03-05,27.35,27.45,27.25,27.35,1990,,,,,historical_baseline,,fe33df9ae5456d8ee27133c42c244c81d150008ababc19399c7ed428638b57ea
2050,2023-03-06,27.35,27.35,27.35,27.35,0,,,,,historical_baseline,,fe33df9ae5456d8ee27133c42c244c81d150008ababc19399c7ed428638b57ea
2050,2023-03-07,27.35,27.35,27.35,27.35,0,,,,,historical_baseline,,fe33df9ae5456d8ee27133c42c244c81d150008ababc19399c7ed428638b57ea
2050,2023-03-08,27.6,28.05,27.5,28.05,6070,,,,,historical_baseline,,fe33df9ae5456d8ee27133c42c244c81d150008ababc19399c7ed428638b57ea
2050,2023-03-09,28.05,28.05,28.05,28.05,0,,,,,historical_baseline,,fe33df9ae5456d8ee27133c42c244c81d150008ababc19399c7ed428638b57ea
2050,2023-03-12,28.05,28.05,28.05,28.05,0,,,,,historical_baseline,,fe33df9ae5456d8ee27133c42c244c81d150008ababc19399c7ed428638b57ea
2050,2023-03-13,28.05,28.05,28.05,28.05,0,,,,,historical_baseline,,fe33df9ae5456d8ee27133c42c244c81d150008ababc19399c7ed428638b57ea
2050,2023-03-14,28.55,28.55,27.75,27.8,1000,,,,,historical_baseline,,fe33df9ae5456d8ee27133c42c244c81d150008ababc19399c7ed428638b57ea
2050,2023-03-15,27.65,27.8,26.55,26.55,590,,,,,historical_baseline,,fe33df9ae5456d8ee27133c42c244c81d150008ababc19399c7ed428638b57ea
2050,2023-03-16,26.55,26.95,26.25,26.45,2000,,,,,historical_baseline,,fe33df9ae5456d8ee27133c42c244c81d150008ababc19399c7ed428638b57ea
2050,2023-03-19,26.45,26.45,26.45,26.45,0,,,,,historical_baseline,,fe33df9ae5456d8ee27133c42c244c81d150008ababc19399c7ed428638b57ea
2050,2023-03-20,26.6,26.6,26.15,26.35,768,,,,,historical_baseline,,fe33df9ae5456d8ee27133c42c244c81d150008ababc19399c7ed428638b57ea
2050,2023-03-21,26.4,26.6,26.4,26.6,757,,,,,historical_baseline,,fe33df9ae5456d8ee27133c42c244c81d150008ababc19399c7ed428638b57ea
2050,2023-03-22,26.6,26.9,26.4,26.45,1000,,,,,historical_baseline,,fe33df9ae5456d8ee27133c42c244c81d150008ababc19399c7ed428638b57ea
2050,2023-03-23,26.45,26.7,26.3,26.6,1797,,,,,historical_baseline,,fe33df9ae5456d8ee27133c42c244c81d150008ababc19399c7ed428638b57ea
2050,2023-03-26,26.6,26.6,26.6,26.6,0,,,,,historical_baseline,,fe33df9ae5456d8ee27133c42c244c81d150008ababc19399c7ed428638b57ea
2050,2023-03-27,26.6,26.6,26.6,26.6,0,,,,,historical_baseline,,fe33df9ae5456d8ee27133c42c244c81d150008ababc19399c7ed428638b57ea
2050,2023-03-28,26.6,26.6,26.6,26.6,0,,,,,historical_baseline,,fe33df9ae5456d8ee27133c42c244c81d150008ababc19399c7ed428638b57ea
2050,2023-03-29,27.15,27.25,26.85,27.2,1418,,,,,historical_baseline,,fe33df9ae5456d8ee27133c42c244c81d150008ababc19399c7ed428638b57ea
2050,2023-03-30,27.3,27.95,27.25,27.95,851,,,,,historical_baseline,,fe33df9ae5456d8ee27133c42c244c81d150008ababc19399c7ed428638b57ea
2060,2023-03-01,12.04,12.04,11.9,12.0,10000,,,,,historical_baseline,,fe33df9ae5456d8ee27133c42c244c81d150008ababc19399c7ed428638b57ea
2060,2023-03-02,12.02,12.16,11.96,12.06,1858,,,,,historical_baseline,,fe33df9ae5456d8ee27133c42c244c81d150008ababc19399c7ed428638b57ea
2060,2023-03-05,12.1,12.3,12.1,12.3,10000,,,,,historical_baseline,,fe33df9ae5456d8ee27133c42c244c81d150008ababc19399c7ed428638b57ea
2060,2023-03-06,12.3,12.3,12.3,12.3,0,,,,,historical_baseline,,fe33df9ae5456d8ee27133c42c244c81d150008ababc19399c7ed428638b57ea
2060,2023-03-07,12.3,12.3,12.3,12.3,0,,,,,historical_baseline,,fe33df9ae5456d8ee27133c42c244c81d150008ababc19399c7ed428638b57ea
2060,2023-03-08,11.98,11.98,11.86,11.96,1700,,,,,historical_baseline,,fe33df9ae5456d8ee27133c42c244c81d150008ababc19399c7ed428638b57ea
2060,2023-03-09,11.96,11.96,11.96,11.96,0,,,,,historical_baseline,,fe33df9ae5456d8ee27133c42c244c81d150008ababc19399c7ed428638b57ea
2060,2023-03-12,12.1,12.18,11.94,11.96,2474,,,,,historical_baseline,,fe33df9ae5456d8ee27133c42c244c81d150008ababc19399c7ed428638b57ea
2060,2023-03-13,11.96,11.96,11.96,11.96,0,,,,,historical_baseline,,fe33df9ae5456d8ee27133c42c244c81d150008ababc19399c7ed428638b57ea
2060,2023-03-14,12.0,12.02,11.88,11.88,5000,,,,,historical_baseline,,fe33df9ae5456d8ee27133c42c244c81d150008ababc19399c7ed428638b57ea
2060,2023-03-15,11.66,11.76,11.38,11.4,4274,,,,,historical_baseline,,fe33df9ae5456d8ee27133c42c244c81d150008ababc19399c7ed428638b57ea
2060,2023-03-16,11.38,11.46,11.2,11.2,10000,,,,,historical_baseline,,fe33df9ae5456d8ee27133c42c244c81d150008ababc19399c7ed428638b57ea
2060,2023-03-19,11.2,11.2,11.2,11.2,0,,,,,historical_baseline,,fe33df9ae5456d8ee27133c42c244c81d150008ababc19399c7ed428638b57ea
2060,2023-03-20,11.6,11.6,11.38,11.5,5000,,,,,historical_baseline,,fe33df9ae5456d8ee27133c42c244c81d150008ababc19399c7ed428638b57ea
2060,2023-03-21,11.5,11.6,11.46,11.56,3000,,,,,historical_baseline,,fe33df9ae5456d8ee27133c42c244c81d150008ababc19399c7ed428638b57ea
2060,2023-03-22,11.54,11.86,11.52,11.74,1376,,,,,historical_baseline,,fe33df9ae5456d8ee27133c42c244c81d150008ababc19399c7ed428638b57ea
2060,2023-03-23,11.72,11.86,11.66,11.86,2000,,,,,historical_baseline,,fe33df9ae5456d8ee27133c42c244c81d150008ababc19399c7ed428638b57ea
2060,2023-03-26,11.86,11.86,11.86,11.86,0,,,,,historical_baseline,,fe33df9ae5456d8ee27133c42c244c81d150008ababc19399c7ed428638b57ea
2060,2023-03-27,11.86,11.86,11.86,11.86,0,,,,,historical_baseline,,fe33df9ae5456d8ee27133c42c244c81d150008ababc19399c7ed428638b57ea
2060,2023-03-28,11.86,11.86,11.86,11.86,0,,,,,historical_baseline,,fe33df9ae5456d8ee27133c42c244c81d150008ababc19399c7ed428638b57ea
2060,2023-03-29,12.08,12.22,12.04,12.22,1988,,,,,historical_baseline,,fe33df9ae5456d8ee27133c42c244c81d150008ababc19399c7ed428638b57ea
2060,2023-03-30,12.2,12.3,12.16,12.22,2111,,,,,historical_baseline,,fe33df9ae5456d8ee27133c42c244c81d150008ababc19399c7ed428638b57ea
2070,2023-03-01,21.74,22.08,21.74,22.06,742,,,,,historical_baseline,,fe33df9ae5456d8ee27133c42c244c81d150008ababc19399c7ed428638b57ea
2070,2023-03-02,22.08,22.18,22.02,22.04,957,,,,,historical_baseline,,fe33df9ae5456d8ee27133c42c244c81d150008ababc19399c7ed428638b57ea
2070,2023-03-05,22.14,22.36,22.06,22.28,1000,,,,,historical_baseline,,fe33df9ae5456d8ee27133c42c244c81d150008ababc19399c7ed428638b57ea
2070,2023-03-06,22.28,22.28,22.28,22.28,0,,,,,historical_baseline,,fe33df9ae5456d8ee27133c42c244c81d150008ababc19399c7ed428638b57ea
2070,2023-03-07,22.28,22.28,22.28,22.28,0,,,,,historical_baseline,,fe33df9ae5456d8ee27133c42c244c81d150008ababc19399c7ed428638b57ea
2070,2023-03-08,22.02,22.1,21.78,22.06,1000,,,,,historical_baseline,,fe33df9ae5456d8ee27133c42c244c81d150008ababc19399c7ed428638b57ea
2070,2023-03-09,22.06,22.06,22.06,22.06,0,,,,,historical_baseline,,fe33df9ae5456d8ee27133c42c244c81d150008ababc19399c7ed428638b57ea
2070,2023-03-12,22.06,22.06,22.06,22.06,0,,,,,historical_baseline,,fe33df9ae5456d8ee27133c42c244c81d150008ababc19399c7ed428638b57ea
2070,2023-03-13,22.06,22.06,22.06,22.06,0,,,,,historical_baseline,,fe33df9ae5456d8ee27133c42c244c81d150008ababc19399c7ed428638b57ea
2070,2023-03-14,22.8,24.24,22.8,23.78,1018,,,,,historical_baseline,,fe33df9ae5456d8ee27133c42c244c81d150008ababc19399c7ed428638b57ea
2070,2023-03-15,23.14,23.82,22.9,23.0,999,,,,,historical_baseline,,fe33df9ae5456d8ee27133c42c244c81d150008ababc19399c7ed428638b57ea
2070,2023-03-16,22.98,23.52,22.7,23.3,1315,,,,,historical_baseline,,fe33df9ae5456d8ee27133c42c244c81d150008ababc19399c7ed428638b57ea
2070,2023-03-19,23.3,23.3,23.3,23.3,0,,,,,historical_baseline,,fe33df9ae5456d8ee27133c42c244c81d150008ababc19399c7ed428638b57ea
2070,2023-03-20,24.4,24.4,24.0,24.0,649,,,,,historical_baseline,,fe33df9ae5456d8ee27133c42c244c81d150008ababc19399c7ed428638b57ea
2070,2023-03-21,24.0,24.44,24.0,24.22,633,,,,,historical_baseline,,fe33df9ae5456d8ee27133c42c244c81d150008ababc19399c7ed428638b57ea
2070,2023-03-22,24.26,24.26,24.0,24.04,1000,,,,,historical_baseline,,fe33df9ae5456d8ee27133c42c244c81d150008ababc19399c7ed428638b57ea
2070,2023-03-23,23.26,23.3,22.88,22.92,762,,,,,historical_baseline,,fe33df9ae5456d8ee27133c42c244c81d150008ababc19399c7ed428638b57ea
2070,2023-03-26,22.92,22.92,22.92,22.92,0,,,,,historical_baseline,,fe33df9ae5456d8ee27133c42c244c81d150008ababc19399c7ed428638b57ea
2070,2023-03-27,22.92,22.92,22.92,22.92,0,,,,,historical_baseline,,fe33df9ae5456d8ee27133c42c244c81d150008ababc19399c7ed428638b57ea
2070,2023-03-28,22.92,22.92,22.92,22.92,0,,,,,historical_baseline,,fe33df9ae5456d8ee27133c42c244c81d150008ababc19399c7ed428638b57ea
2070,2023-03-29,23.74,23.84,23.36,23.48,389,,,,,historical_baseline,,fe33df9ae5456d8ee27133c42c244c81d150008ababc19399c7ed428638b57ea
2070,2023-03-30,23.1,23.9,23.1,23.74,1325,,,,,historical_baseline,,fe33df9ae5456d8ee27133c42c244c81d150008ababc19399c7ed428638b57ea
2080,2023-03-01,53.1,53.9,52.7,53.0,587,,,,,historical_baseline,,fe33df9ae5456d8ee27133c42c244c81d150008ababc19399c7ed428638b57ea
2080,2023-03-02,52.9,53.6,52.9,53.2,453,,,,,historical_baseline,,fe33df9ae5456d8ee27133c42c244c81d150008ababc19399c7ed428638b57ea
2080,2023-03-05,53.5,54.5,53.4,54.3,477,,,,,historical_baseline,,fe33df9ae5456d8ee27133c42c244c81d150008ababc19399c7ed428638b57ea
2080,2023-03-06,54.3,54.3,54.3,54.3,0,,,,,historical_baseline,,fe33df9ae5456d8ee27133c42c244c81d150008ababc19399c7ed428638b57ea
2080,2023-03-07,54.3,54.3,54.3,54.3,0,,,,,historical_baseline,,fe33df9ae5456d8ee27133c42c244c81d150008ababc19399c7ed428638b57ea
2080,2023-03-08,52.3,53.2,52.3,53.1,363,,,,,historical_baseline,,fe33df9ae5456d8ee27133c42c244c81d150008ababc19399c7ed428638b57ea
2080,2023-03-09,53.1,53.1,53.1,53.1,0,,,,,historical_baseline,,fe33df9ae5456d8ee27133c42c244c81d150008ababc19399c7ed428638b57ea
2080,2023-03-12,53.1,53.1,53.1,53.1,0,,,,,historical_baseline,,fe33df9ae5456d8ee27133c42c244c81d150008ababc19399c7ed428638b57ea
2080,2023-03-13,53.1,53.1,53.1,53.1,0,,,,,historical_baseline,,fe33df9ae5456d8ee27133c42c244c81d150008ababc19399c7ed428638b57ea
2080,2023-03-14,53.8,54.7,53.3,54.6,307,,,,,historical_baseline,,fe33df9ae5456d8ee27133c42c244c81d150008ababc19399c7ed428638b57ea
2080,2023-03-15,55.7,56.4,55.0,56.0,367,,,,,historical_baseline,,fe33df9ae5456d8ee27133c42c244c81d150008ababc19399c7ed428638b57ea
2080,2023-03-16,55.5,56.8,55.0,56.1,479,,,,,historical_baseline,,fe33df9ae5456d8ee27133c42c244c81d150008ababc19399c7ed428638b57ea
2080,2023-03-19,56.1,56.1,56.1,56.1,0,,,,,historical_baseline,,fe33df9ae5456d8ee27133c42c244c81d150008ababc19399c7ed428638b57ea
2080,2023-03-20,57.0,57.1,56.2,56.3,555,,,,,historical_baseline,,fe33df9ae5456d8ee27133c42c244c81d150008ababc19399c7ed428638b57ea
2080,2023-03-21,56.3,56.8,54.0,56.0,380,,,,,historical_baseline,,fe33df9ae5456d8ee27133c42c244c81d150008ababc19399c7ed428638b57ea
2080,2023-03-22,56.0,56.3,55.1,55.5,578,,,,,historical_baseline,,fe33df9ae5456d8ee27133c42c244c81d150008ababc19399c7ed428638b57ea
2080,2023-03-23,55.1,55.9,55.1,55.8,2125,,,,,historical_baseline,,fe33df9ae5456d8ee27133c42c244c81d150008ababc19399c7ed428638b57ea
2080,2023-03-26,55.8,55.8,55.8,55.8,0,,,,,historical_baseline,,fe33df9ae5456d8ee27133c42c244c81d150008ababc19399c7ed428638b57ea
2080,2023-03-27,55.8,55.8,55.8,55.8,0,,,,,historical_baseline,,fe33df9ae5456d8ee27133c42c244c81d150008ababc19399c7ed428638b57ea
2080,2023-03-28,55.8,55.8,55.8,55.8,0,,,,,historical_baseline,,fe33df9ae5456d8ee27133c42c244c81d150008ababc19399c7ed428638b57ea
2080,2023-03-29,56.2,57.8,56.2,57.7,696,,,,,historical_baseline,,fe33df9ae5456d8ee27133c42c244c81d150008ababc19399c7ed428638b57ea
2080,2023-03-30,57.6,58.3,57.0,57.8,291,,,,,historical_baseline,,fe33df9ae5456d8ee27133c42c244c81d150008ababc19399c7ed428638b57ea
2081,2023-03-01,138.4,138.4,135.8,137.2,200,,,,,historical_baseline,,fe33df9ae5456d8ee27133c42c244c81d150008ababc19399c7ed428638b57ea
2081,2023-03-02,137.0,137.8,136.4,137.8,110,,,,,historical_baseline,,fe33df9ae5456d8ee27133c42c244c81d150008ababc19399c7ed428638b57ea
2081,2023-03-05,138.2,140.0,137.8,139.2,111,,,,,historical_baseline,,fe33df9ae5456d8ee27133c42c244c81d150008ababc19399c7ed428638b57ea
2081,2023-03-06,139.2,139.2,139.2,139.2,0,,,,,historical_baseline,,fe33df9ae5456d8ee27133c42c244c81d150008ababc19399c7ed428638b57ea
2081,2023-03-07,139.2,139.2,139.2,139.2,0,,,,,historical_baseline,,fe33df9ae5456d8ee27133c42c244c81d150008ababc19399c7ed428638b57ea
2081,2023-03-08,138.2,139.0,137.0,139.0,222,,,,,historical_baseline,,fe33df9ae5456d8ee27133c42c244c81d150008ababc19399c7ed428638b57ea
2081,2023-03-09,139.0,139.0,139.0,139.0,0,,,,,historical_baseline,,fe33df9ae5456d8ee27133c42c244c81d150008ababc19399c7ed428638b57ea
2081,2023-03-12,139.0,139.0,139.0,139.0,0,,,,,historical_baseline,,fe33df9ae5456d8ee27133c42c244c81d150008ababc19399c7ed428638b57ea
2081,2023-03-13,139.0,139.0,139.0,139.0,0,,,,,historical_baseline,,fe33df9ae5456d8ee27133c42c244c81d150008ababc19399c7ed428638b57ea
2081,2023-03-14,139.0,140.4,138.4,139.8,328,,,,,historical_baseline,,fe33df9ae5456d8ee27133c42c244c81d150008ababc19399c7ed428638b57ea
2081,2023-03-15,143.0,143.0,138.0,138.0,950,,,,,historical_baseline,,fe33df9ae5456d8ee27133c42c244c81d150008ababc19399c7ed428638b57ea
2081,2023-03-16,137.0,137.0,130.6,133.0,200,,,,,historical_baseline,,fe33df9ae5456d8ee27133c42c244c81d150008ababc19399c7ed428638b57ea
2081,2023-03-19,133.0,133.0,133.0,133.0,0,,,,,historical_baseline,,fe33df9ae5456d8ee27133c42c244c81d150008ababc19399c7ed428638b57ea
2081,2023-03-20,131.4,132.4,131.0,131.8,153,,,,,historical_baseline,,fe33df9ae5456d8ee27133c42c244c81d150008ababc19399c7ed428638b57ea
2081,2023-03-21,133.8,136.2,130.6,131.8,200,,,,,historical_baseline,,fe33df9ae5456d8ee27133c42c244c81d150008ababc19399c7ed428638b57ea
2081,2023-03-22,131.6,132.8,128.0,129.6,192,,,,,historical_baseline,,fe33df9ae5456d8ee27133c42c244c81d150008ababc19399c7ed428638b57ea
2081,2023-03-23,128.0,132.4,128.0,132.0,181,,,,,historical_baseline,,fe33df9ae5456d8ee27133c42c244c81d150008ababc19399c7ed428638b57ea
2081,2023-03-26,132.0,132.0,132.0,132.0,0,,,,,historical_baseline,,fe33df9ae5456d8ee27133c42c244c81d150008ababc19399c7ed428638b57ea
2081,2023-03-27,132.0,132.0,132.0,132.0,0,,,,,historical_baseline,,fe33df9ae5456d8ee27133c42c244c81d150008ababc19399c7ed428638b57ea
2081,2023-03-28,132.0,132.0,132.0,132.0,0,,,,,historical_baseline,,fe33df9ae5456d8ee27133c42c244c81d150008ababc19399c7ed428638b57ea
2081,2023-03-29,132.0,132.0,132.0,132.0,0,,,,,historical_baseline,,fe33df9ae5456d8ee27133c42c244c81d150008ababc19399c7ed428638b57ea
2081,2023-03-30,134.2,134.2,132.8,133.4,456,,,,,historical_baseline,,fe33df9ae5456d8ee27133c42c244c81d150008ababc19399c7ed428638b57ea
2082,2023-03-01,139.4,141.0,136.0,137.2,200,,,,,historical_baseline,,fe33df9ae5456d8ee27133c42c244c81d150008ababc19399c7ed428638b57ea
2082,2023-03-02,141.0,144.0,139.4,139.4,150,,,,,historical_baseline,,fe33df9ae5456d8ee27133c42c244c81d150008ababc19399c7ed428638b57ea
2082,2023-03-05,142.8,142.8,140.0,140.6,230,,,,,historical_baseline,,fe33df9ae5456d8ee27133c42c244c81d150008ababc19399c7ed428638b57ea
2082,2023-03-06,140.6,140.6,140.6,140.6,0,,,,,historical_baseline,,fe33df9ae5456d8ee27133c42c244c81d150008ababc19399c7ed428638b57ea
2082,2023-03-07,140.6,140.6,140.6,140.6,0,,,,,historical_baseline,,fe33df9ae5456d8ee27133c42c244c81d150008ababc19399c7ed428638b57ea
2082,2023-03-08,140.4,140.6,138.2,139.0,27258,,,,,historical_baseline,,fe33df9ae5456d8ee27133c42c244c81d150008ababc19399c7ed428638b57ea
2082,2023-03-09,139.0,139.0,139.0,139.0,0,,,,,historical_baseline,,fe33df9ae5456d8ee27133c42c244c81d150008ababc19399c7ed428638b57ea
2082,2023-03-12,139.0,139.0,139.0,139.0,0,,,,,historical_baseline,,fe33df9ae5456d8ee27133c42c244c81d150008ababc19399c7ed428638b57ea
2082,2023-03-13,139.0,139.0,139.0,139.0,0,,,,,historical_baseline,,fe33df9ae5456d8ee27133c42c244c81d150008ababc19399c7ed428638b57ea
2082,2023-03-14,138.0,139.0,135.4,136.6,150,,,,,historical_baseline,,fe33df9ae5456d8ee27133c42c244c81d150008ababc19399c7ed428638b57ea
2082,2023-03-15,134.6,135.8,132.2,132.6,158,,,,,historical_baseline,,fe33df9ae5456d8ee27133c42c244c81d150008ababc19399c7ed428638b57ea
2082,2023-03-16,133.0,135.0,131.2,133.8,300,,,,,historical_baseline,,fe33df9ae5456d8ee27133c42c244c81d150008ababc19399c7ed428638b57ea
2082,2023-03-19,133.8,133.8,133.8,133.8,0,,,,,historical_baseline,,fe33df9ae5456d8ee27133c42c244c81d150008ababc19399c7ed428638b57ea
2082,2023-03-20,136.0,138.4,135.6,135.6,188,,,,,historical_baseline,,fe33df9ae5456d8ee27133c42c244c81d150008ababc19399c7ed428638b57ea
2082,2023-03-21,136.8,139.4,136.4,138.8,150,,,,,historical_baseline,,fe33df9ae5456d8ee27133c42c244c81d150008ababc19399c7ed428638b57ea
2082,2023-03-22,138.0,141.0,137.4,138.2,118,,,,,historical_baseline,,fe33df9ae5456d8ee27133c42c244c81d150008ababc19399c7ed428638b57ea
2082,2023-03-23,138.4,139.6,136.2,139.2,172,,,,,historical_baseline,,fe33df9ae5456d8ee27133c42c244c81d150008ababc19399c7ed428638b57ea
2082,2023-03-26,139.2,139.2,139.2,139.2,0,,,,,historical_baseline,,fe33df9ae5456d8ee27133c42c244c81d150008ababc19399c7ed428638b57ea
2082,2023-03-27,139.2,139.2,139.2,139.2,0,,,,,historical_baseline,,fe33df9ae5456d8ee27133c42c244c81d150008ababc19399c7ed428638b57ea
2082,2023-03-28,139.2,139.2,139.2,139.2,0,,,,,historical_baseline,,fe33df9ae5456d8ee27133c42c244c81d150008ababc19399c7ed428638b57ea
2082,2023-03-29,139.2,139.2,139.2,139.2,0,,,,,historical_baseline,,fe33df9ae5456d8ee27133c42c244c81d150008ababc19399c7ed428638b57ea
2082,2023-03-30,138.6,142.0,138.6,140.6,141,,,,,historical_baseline,,fe33df9ae5456d8ee27133c42c244c81d150008ababc19399c7ed428638b57ea
2090,2023-03-01,22.14,22.28,22.0,22.18,2558,,,,,historical_baseline,,fe33df9ae5456d8ee27133c42c244c81d150008ababc19399c7ed428638b57ea
2090,2023-03-02,22.3,22.4,22.1,22.14,3268,,,,,historical_baseline,,fe33df9ae5456d8ee27133c42c244c81d150008ababc19399c7ed428638b57ea
2090,2023-03-05,22.14,22.36,22.14,22.36,1000,,,,,historical_baseline,,fe33df9ae5456d8ee27133c42c244c81d150008ababc19399c7ed428638b57ea
2090,2023-03-06,22.36,22.36,22.36,22.36,0,,,,,historical_baseline,,fe33df9ae5456d8ee27133c42c244c81d150008ababc19399c7ed428638b57ea
2090,2023-03-07,22.36,22.36,22.36,22.36,0,,,,,historical_baseline,,fe33df9ae5456d8ee27133c42c244c81d150008ababc19399c7ed428638b57ea
2090,2023-03-08,21.9,21.9,21.62,21.74,1900,,,,,historical_baseline,,fe33df9ae5456d8ee27133c42c244c81d150008ababc19399c7ed428638b57ea
2090,2023-03-09,21.74,21.74,21.74,21.74,0,,,,,historical_baseline,,fe33df9ae5456d8ee27133c42c244c81d150008ababc19399c7ed428638b57ea
2090,2023-03-12,21.88,21.9,21.6,21.72,1375,,,,,historical_baseline,,fe33df9ae5456d8ee27133c42c244c81d150008ababc19399c7ed428638b57ea
2090,2023-03-13,21.72,21.72,21.72,21.72,0,,,,,historical_baseline,,fe33df9ae5456d8ee27133c42c244c81d150008ababc19399c7ed428638b57ea
2090,2023-03-14,21.76,21.98,21.6,21.64,1830,,,,,historical_baseline,,fe33df9ae5456d8ee27133c42c244c81d150008ababc19399c7ed428638b57ea
2090,2023-03-15,21.58,21.7,21.26,21.26,1000,,,,,historical_baseline,,fe33df9ae5456d8ee27133c42c244c81d150008ababc19399c7ed428638b57ea
2090,2023-03-16,21.2,21.24,20.8,20.8,1000,,,,,historical_baseline,,fe33df9ae5456d8ee27133c42c244c81d150008ababc19399c7ed428638b57ea
2090,2023-03-19,20.8,20.8,20.8,20.8,0,,,,,historical_baseline,,fe33df9ae5456d8ee27133c42c244c81d150008ababc19399c7ed428638b57ea
2090,2023-03-20,20.96,21.24,20.96,21.24,800,,,,,historical_baseline,,fe33df9ae5456d8ee27133c42c244c81d150008ababc19399c7ed428638b57ea
2090,2023-03-21,21.24,21.8,21.24,21.62,1000,,,,,historical_baseline,,fe33df9ae5456d8ee27133c42c244c81d150008ababc19399c7ed428638b57ea
2090,2023-03-22,21.6,21.78,21.36,21.38,1000,,,,,historical_baseline,,fe33df9ae5456d8ee27133c42c244c81d150008ababc19399c7ed428638b57ea
2090,2023-03-23,21.04,21.24,21.0,21.22,1230,,,,,historical_baseline,,fe33df9ae5456d8ee27133c42c244c81d150008ababc19399c7ed428638b57ea
2090,2023-03-26,21.22,21.22,21.22,21.22,0,,,,,historical_baseline,,fe33df9ae5456d8ee27133c42c244c81d150008ababc19399c7ed428638b57ea
2090,2023-03-27,21.22,21.22,21.22,21.22,0,,,,,historical_baseline,,fe33df9ae5456d8ee27133c42c244c81d150008ababc19399c7ed428638b57ea
2090,2023-03-28,21.22,21.22,21.22,21.22,0,,,,,historical_baseline,,fe33df9ae5456d8ee27133c42c244c81d150008ababc19399c7ed428638b57ea
2090,2023-03-29,23.02,23.14,22.48,22.54,1431,,,,,historical_baseline,,fe33df9ae5456d8ee27133c42c244c81d150008ababc19399c7ed428638b57ea
2090,2023-03-30,22.58,22.86,22.46,22.54,1210,,,,,historical_baseline,,fe33df9ae5456d8ee27133c42c244c81d150008ababc19399c7ed428638b57ea
2100,2023-03-01,30.45,31.35,30.45,30.6,552,,,,,historical_baseline,,fe33df9ae5456d8ee27133c42c244c81d150008ababc19399c7ed428638b57ea
2100,2023-03-02,31.1,31.25,30.5,30.6,2300,,,,,historical_baseline,,fe33df9ae5456d8ee27133c42c244c81d150008ababc19399c7ed428638b57ea
2100,2023-03-05,30.8,30.85,30.5,30.65,1000,,,,,historical_baseline,,fe33df9ae5456d8ee27133c42c244c81d150008ababc19399c7ed428638b57ea
2100,2023-03-06,30.65,30.65,30.65,30.65,0,,,,,historical_baseline,,fe33df9ae5456d8ee27133c42c244c81d150008ababc19399c7ed428638b57ea
2100,2023-03-07,30.65,30.65,30.65,30.65,0,,,,,historical_baseline,,fe33df9ae5456d8ee27133c42c244c81d150008ababc19399c7ed428638b57ea
2100,2023-03-08,31.6,32.15,31.0,31.95,535,,,,,historical_baseline,,fe33df9ae5456d8ee27133c42c244c81d150008ababc19399c7ed428638b57ea
2100,2023-03-09,31.95,31.95,31.95,31.95,0,,,,,historical_baseline,,fe33df9ae5456d8ee27133c42c244c81d150008ababc19399c7ed428638b57ea
2100,2023-03-12,31.95,31.95,31.95,31.95,0,,,,,historical_baseline,,fe33df9ae5456d8ee27133c42c244c81d150008ababc19399c7ed428638b57ea
2100,2023-03-13,31.95,31.95,31.95,31.95,0,,,,,historical_baseline,,fe33df9ae5456d8ee27133c42c244c81d150008ababc19399c7ed428638b57ea
2100,2023-03-14,34.25,34.35,32.7,32.75,890,,,,,historical_baseline,,fe33df9ae5456d8ee27133c42c244c81d150008ababc19399c7ed428638b57ea
2100,2023-03-15,31.7,33.2,31.4,31.5,859,,,,,historical_baseline,,fe33df9ae5456d8ee27133c42c244c81d150008ababc19399c7ed428638b57ea
2100,2023-03-16,31.55,31.85,30.75,30.95,576,,,,,historical_baseline,,fe33df9ae5456d8ee27133c42c244c81d150008ababc19399c7ed428638b57ea
2100,2023-03-19,30.95,30.95,30.95,30.95,0,,,,,historical_baseline,,fe33df9ae5456d8ee27133c42c244c81d150008ababc19399c7ed428638b57ea
2100,2023-03-20,31.5,32.6,31.3,31.8,787,,,,,historical_baseline,,fe33df9ae5456d8ee27133c42c244c81d150008ababc19399c7ed428638b57ea
2100,2023-03-21,32.0,33.15,31.65,32.5,871,,,,,historical_baseline,,fe33df9ae5456d8ee27133c42c244c81d150008ababc19399c7ed428638b57ea
2100,2023-03-22,32.5,33.75,32.5,32.9,500,,,,,historical_baseline,,fe33df9ae5456d8ee27133c42c244c81d150008ababc19399c7ed428638b57ea
2100,2023-03-23,32.7,33.45,32.0,32.15,646,,,,,historical_baseline,,fe33df9ae5456d8ee27133c42c244c81d150008ababc19399c7ed428638b57ea
2100,2023-03-26,32.15,32.15,32.15,32.15,0,,,,,historical_baseline,,fe33df9ae5456d8ee27133c42c244c81d150008ababc19399c7ed428638b57ea
2100,2023-03-27,32.15,32.15,32.15,32.15,0,,,,,historical_baseline,,fe33df9ae5456d8ee27133c42c244c81d150008ababc19399c7ed428638b57ea
2100,2023-03-28,32.15,32.15,32.15,32.15,0,,,,,historical_baseline,,fe33df9ae5456d8ee27133c42c244c81d150008ababc19399c7ed428638b57ea
2100,2023-03-29,33.4,33.8,32.9,32.95,1429,,,,,historical_baseline,,fe33df9ae5456d8ee27133c42c244c81d150008ababc19399c7ed428638b57ea
2100,2023-03-30,32.9,33.55,32.9,33.05,500,,,,,historical_baseline,,fe33df9ae5456d8ee27133c42c244c81d150008ababc19399c7ed428638b57ea
2110,2023-03-01,57.2,57.2,57.2,57.2,0,,,,,historical_baseline,,fe33df9ae5456d8ee27133c42c244c81d150008ababc19399c7ed428638b57ea
2110,2023-03-02,57.2,57.2,57.2,57.2,0,,,,,historical_baseline,,fe33df9ae5456d8ee27133c42c244c81d150008ababc19399c7ed428638b57ea
2110,2023-03-05,57.2,57.2,57.2,57.2,0,,,,,historical_baseline,,fe33df9ae5456d8ee27133c42c244c81d150008ababc19399c7ed428638b57ea
2110,2023-03-06,57.2,57.2,57.2,57.2,0,,,,,historical_baseline,,fe33df9ae5456d8ee27133c42c244c81d150008ababc19399c7ed428638b57ea
2110,2023-03-07,57.2,57.2,57.2,57.2,0,,,,,historical_baseline,,fe33df9ae5456d8ee27133c42c244c81d150008ababc19399c7ed428638b57ea
2110,2023-03-08,57.2,57.2,57.2,57.2,0,,,,,historical_baseline,,fe33df9ae5456d8ee27133c42c244c81d150008ababc19399c7ed428638b57ea
2110,2023-03-09,57.2,57.2,57.2,57.2,0,,,,,historical_baseline,,fe33df9ae5456d8ee27133c42c244c81d150008ababc19399c7ed428638b57ea
2110,2023-03-12,57.2,57.2,57.2,57.2,0,,,,,historical_baseline,,fe33df9ae5456d8ee27133c42c244c81d150008ababc19399c7ed428638b57ea
2110,2023-03-13,57.2,57.2,57.2,57.2,0,,,,,historical_baseline,,fe33df9ae5456d8ee27133c42c244c81d150008ababc19399c7ed428638b57ea
2110,2023-03-14,57.2,57.2,57.2,57.2,0,,,,,historical_baseline,,fe33df9ae5456d8ee27133c42c244c81d150008ababc19399c7ed428638b57ea
2110,2023-03-15,57.2,57.2,57.2,57.2,0,,,,,historical_baseline,,fe33df9ae5456d8ee27133c42c244c81d150008ababc19399c7ed428638b57ea
2110,2023-03-16,57.2,57.2,57.2,57.2,0,,,,,historical_baseline,,fe33df9ae5456d8ee27133c42c244c81d150008ababc19399c7ed428638b57ea
2110,2023-03-19,57.2,57.2,57.2,57.2,0,,,,,historical_baseline,,fe33df9ae5456d8ee27133c42c244c81d150008ababc19399c7ed428638b57ea
2110,2023-03-20,57.2,57.2,57.2,57.2,0,,,,,historical_baseline,,fe33df9ae5456d8ee27133c42c244c81d150008ababc19399c7ed428638b57ea
2110,2023-03-21,57.2,57.2,57.2,57.2,0,,,,,historical_baseline,,fe33df9ae5456d8ee27133c42c244c81d150008ababc19399c7ed428638b57ea
2110,2023-03-22,57.2,57.2,57.2,57.2,0,,,,,historical_baseline,,fe33df9ae5456d8ee27133c42c244c81d150008ababc19399c7ed428638b57ea
2110,2023-03-23,57.2,57.2,57.2,57.2,0,,,,,historical_baseline,,fe33df9ae5456d8ee27133c42c244c81d150008ababc19399c7ed428638b57ea
2110,2023-03-26,57.2,57.2,57.2,57.2,0,,,,,historical_baseline,,fe33df9ae5456d8ee27133c42c244c81d150008ababc19399c7ed428638b57ea
2110,2023-03-27,57.2,57.2,57.2,57.2,0,,,,,historical_baseline,,fe33df9ae5456d8ee27133c42c244c81d150008ababc19399c7ed428638b57ea
2110,2023-03-28,57.2,57.2,57.2,57.2,0,,,,,historical_baseline,,fe33df9ae5456d8ee27133c42c244c81d150008ababc19399c7ed428638b57ea
2110,2023-03-29,57.2,57.2,57.2,57.2,0,,,,,historical_baseline,,fe33df9ae5456d8ee27133c42c244c81d150008ababc19399c7ed428638b57ea
2110,2023-03-30,57.2,57.2,57.2,57.2,0,,,,,historical_baseline,,fe33df9ae5456d8ee27133c42c244c81d150008ababc19399c7ed428638b57ea
2120,2023-03-01,23.56,23.8,23.56,23.66,836,,,,,historical_baseline,,fe33df9ae5456d8ee27133c42c244c81d150008ababc19399c7ed428638b57ea
2120,2023-03-02,23.74,23.86,23.62,23.62,1186,,,,,historical_baseline,,fe33df9ae5456d8ee27133c42c244c81d150008ababc19399c7ed428638b57ea
2120,2023-03-05,23.62,24.38,23.62,24.12,1655,,,,,historical_baseline,,fe33df9ae5456d8ee27133c42c244c81d150008ababc19399c7ed428638b57ea
2120,2023-03-06,24.12,24.12,24.12,24.12,0,,,,,historical_baseline,,fe33df9ae5456d8ee27133c42c244c81d150008ababc19399c7ed428638b57ea
2120,2023-03-07,24.12,24.12,24.12,24.12,0,,,,,historical_baseline,,fe33df9ae5456d8ee27133c42c244c81d150008ababc19399c7ed428638b57ea
2120,2023-03-08,23.86,23.86,23.5,23.5,5592,,,,,historical_baseline,,fe33df9ae5456d8ee27133c42c244c81d150008ababc19399c7ed428638b57ea
2120,2023-03-09,23.5,23.5,23.5,23.5,0,,,,,historical_baseline,,fe33df9ae5456d8ee27133c42c244c81d150008ababc19399c7ed428638b57ea
2120,2023-03-12,23.5,23.5,23.5,23.5,0,,,,,historical_baseline,,fe33df9ae5456d8ee27133c42c244c81d150008ababc19399c7ed428638b57ea
2120,2023-03-13,23.5,23.5,23.5,23.5,0,,,,,historical_baseline,,fe33df9ae5456d8ee27133c42c244c81d150008ababc19399c7ed428638b57ea
2120,2023-03-14,23.68,23.76,23.28,23.28,1000,,,,,historical_baseline,,fe33df9ae5456d8ee27133c42c244c81d150008ababc19399c7ed428638b57ea
2120,2023-03-15,23.0,23.18,22.3,22.3,1250,,,,,historical_baseline,,fe33df9ae5456d8ee27133c42c244c81d150008ababc19399c7ed428638b57ea
2120,2023-03-16,22.3,22.5,22.0,22.1,710,,,,,historical_baseline,,fe33df9ae5456d8ee27133c42c244c81d150008ababc19399c7ed428638b57ea
2120,2023-03-19,22.1,22.1,22.1,22.1,0,,,,,historical_baseline,,fe33df9ae5456d8ee27133c42c244c81d150008ababc19399c7ed428638b57ea
2120,2023-03-20,22.3,22.3,22.1,22.18,4777,,,,,historical_baseline,,fe33df9ae5456d8ee27133c42c244c81d150008ababc19399c7ed428638b57ea
2120,2023-03-21,22.26,24.2,22.26,23.9,1000,,,,,historical_baseline,,fe33df9ae5456d8ee27133c42c244c81d150008ababc19399c7ed428638b57ea
2120,2023-03-22,23.9,24.3,23.4,23.4,1000,,,,,historical_baseline,,fe33df9ae5456d8ee27133c42c244c81d150008ababc19399c7ed428638b57ea
2120,2023-03-23,23.12,23.58,23.12,23.26,1000,,,,,historical_baseline,,fe33df9ae5456d8ee27133c42c244c81d150008ababc19399c7ed428638b57ea
2120,2023-03-26,23.26,23.26,23.26,23.26,0,,,,,historical_baseline,,fe33df9ae5456d8ee27133c42c244c81d150008ababc19399c7ed428638b57ea
2120,2023-03-27,23.26,23.26,23.26,23.26,0,,,,,historical_baseline,,fe33df9ae5456d8ee27133c42c244c81d150008ababc19399c7ed428638b57ea
2120,2023-03-28,23.26,23.26,23.26,23.26,0,,,,,historical_baseline,,fe33df9ae5456d8ee27133c42c244c81d150008ababc19399c7ed428638b57ea
2120,2023-03-29,24.54,24.58,24.16,24.2,1350,,,,,historical_baseline,,fe33df9ae5456d8ee27133c42c244c81d150008ababc19399c7ed428638b57ea
2120,2023-03-30,24.22,24.62,24.22,24.26,1377,,,,,historical_baseline,,fe33df9ae5456d8ee27133c42c244c81d150008ababc19399c7ed428638b57ea
2130,2023-03-01,10.9,11.02,10.86,10.94,1490,,,,,historical_baseline,,fe33df9ae5456d8ee27133c42c244c81d150008ababc19399c7ed428638b57ea
2130,2023-03-02,11.1,11.2,11.04,11.08,3165,,,,,historical_baseline,,fe33df9ae5456d8ee27133c42c244c81d150008ababc19399c7ed428638b57ea
2130,2023-03-05,11.18,11.2,11.08,11.16,3678,,,,,historical_baseline,,fe33df9ae5456d8ee27133c42c244c81d150008ababc19399c7ed428638b57ea
2130,2023-03-06,11.16,11.16,11.16,11.16,0,,,,,historical_baseline,,fe33df9ae5456d8ee27133c42c244c81d150008ababc19399c7ed428638b57ea
2130,2023-03-07,11.16,11.16,11.16,11.16,0,,,,,historical_baseline,,fe33df9ae5456d8ee27133c42c244c81d150008ababc19399c7ed428638b57ea
2130,2023-03-08,11.0,11.0,10.88,10.92,10803,,,,,historical_baseline,,fe33df9ae5456d8ee27133c42c244c81d150008ababc19399c7ed428638b57ea
2130,2023-03-09,10.92,10.92,10.92,10.92,0,,,,,historical_baseline,,fe33df9ae5456d8ee27133c42c244c81d150008ababc19399c7ed428638b57ea
2130,2023-03-12,10.92,10.92,10.92,10.92,0,,,,,historical_baseline,,fe33df9ae5456d8ee27133c42c244c81d150008ababc19399c7ed428638b57ea
2130,2023-03-13,10.92,10.92,10.92,10.92,0,,,,,historical_baseline,,fe33df9ae5456d8ee27133c42c244c81d150008ababc19399c7ed428638b57ea
2130,2023-03-14,10.92,10.92,10.7,10.72,1438,,,,,historical_baseline,,fe33df9ae5456d8ee27133c42c244c81d150008ababc19399c7ed428638b57ea
2130,2023-03-15,10.64,10.68,10.44,10.44,1677,,,,,historical_baseline,,fe33df9ae5456d8ee27133c42c244c81d150008ababc19399c7ed428638b57ea
2130,2023-03-16,10.32,10.4,10.32,10.32,2830,,,,,historical_baseline,,fe33df9ae5456d8ee27133c42c244c81d150008ababc19399c7ed428638b57ea
2130,2023-03-19,10.32,10.32,10.32,10.32,0,,,,,historical_baseline,,fe33df9ae5456d8ee27133c42c244c81d150008ababc19399c7ed428638b57ea
2130,2023-03-20,10.34,10.36,10.28,10.34,3884,,,,,historical_baseline,,fe33df9ae5456d8ee27133c42c244c81d150008ababc19399c7ed428638b57ea
2130,2023-03-21,10.36,10.66,10.36,10.5,2200,,,,,historical_baseline,,fe33df9ae5456d8ee27133c42c244c81d150008ababc19399c7ed428638b57ea
2130,2023-03-22,10.56,10.7,10.48,10.48,1500,,,,,historical_baseline,,fe33df9ae5456d8ee27133c42c244c81d150008ababc19399c7ed428638b57ea
2130,2023-03-23,10.5,10.5,10.1,10.2,2156,,,,,historical_baseline,,fe33df9ae5456d8ee27133c42c244c81d150008ababc19399c7ed428638b57ea
2130,2023-03-26,10.2,10.2,10.2,10.2,0,,,,,historical_baseline,,fe33df9ae5456d8ee27133c42c244c81d150008ababc19399c7ed428638b57ea
2130,2023-03-27,10.2,10.2,10.2,10.2,0,,,,,historical_baseline,,fe33df9ae5456d8ee27133c42c244c81d150008ababc19399c7ed428638b57ea
2130,2023-03-28,10.2,10.2,10.2,10.2,0,,,,,historical_baseline,,fe33df9ae5456d8ee27133c42c244c81d150008ababc19399c7ed428638b57ea
2130,2023-03-29,12.06,12.06,11.5,11.5,1296,,,,,historical_baseline,,fe33df9ae5456d8ee27133c42c244c81d150008ababc19399c7ed428638b57ea
2130,2023-03-30,11.34,11.62,11.24,11.4,1510,,,,,historical_baseline,,fe33df9ae5456d8ee27133c42c244c81d150008ababc19399c7ed428638b57ea
2140,2023-03-01,14.84,15.0,14.72,14.76,1200,,,,,historical_baseline,,fe33df9ae5456d8ee27133c42c244c81d150008ababc19399c7ed428638b57ea
2140,2023-03-02,14.8,14.9,14.76,14.84,1275,,,,,historical_baseline,,fe33df9ae5456d8ee27133c42c244c81d150008ababc19399c7ed428638b57ea
2140,2023-03-05,14.88,15.16,14.88,15.12,1939,,,,,historical_baseline,,fe33df9ae5456d8ee27133c42c244c81d150008ababc19399c7ed428638b57ea
2140,2023-03-06,15.12,15.12,15.12,15.12,0,,,,,historical_baseline,,fe33df9ae5456d8ee27133c42c244c81d150008ababc19399c7ed428638b57ea
2140,2023-03-07,15.12,15.12,15.12,15.12,0,,,,,historical_baseline,,fe33df9ae5456d8ee27133c42c244c81d150008ababc19399c7ed428638b57ea
2140,2023-03-08,15.56,15.84,15.26,15.84,1000,,,,,historical_baseline,,fe33df9ae5456d8ee27133c42c244c81d150008ababc19399c7ed428638b57ea
2140,2023-03-09,15.84,15.84,15.84,15.84,0,,,,,historical_baseline,,fe33df9ae5456d8ee27133c42c244c81d150008ababc19399c7ed428638b57ea
2140,2023-03-12,15.84,15.84,15.84,15.84,0,,,,,historical_baseline,,fe33df9ae5456d8ee27133c42c244c81d150008ababc19399c7ed428638b57ea
2140,2023-03-13,15.84,15.84,15.84,15.84,0,,,,,historical_baseline,,fe33df9ae5456d8ee27133c42c244c81d150008ababc19399c7ed428638b57ea
2140,2023-03-14,15.88,16.0,15.52,15.72,1500,,,,,historical_baseline,,fe33df9ae5456d8ee27133c42c244c81d150008ababc19399c7ed428638b57ea
2140,2023-03-15,15.48,16.04,15.26,15.26,2300,,,,,historical_baseline,,fe33df9ae5456d8ee27133c42c244c81d150008ababc19399c7ed428638b57ea
2140,2023-03-16,15.4,15.7,15.2,15.48,1000,,,,,historical_baseline,,fe33df9ae5456d8ee27133c42c244c81d150008ababc19399c7ed428638b57ea
2140,2023-03-19,15.48,15.48,15.48,15.48,0,,,,,historical_baseline,,fe33df9ae5456d8ee27133c42c244c81d150008ababc19399c7ed428638b57ea
2140,2023-03-20,15.94,16.12,15.7,15.8,1000,,,,,historical_baseline,,fe33df9ae5456d8ee27133c42c244c81d150008ababc19399c7ed428638b57ea
2140,2023-03-21,15.94,15.96,15.54,15.6,2000,,,,,historical_baseline,,fe33df9ae5456d8ee27133c42c244c81d150008ababc19399c7ed428638b57ea
2140,2023-03-22,15.5,15.62,15.18,15.2,3140,,,,,historical_baseline,,fe33df9ae5456d8ee27133c42c244c81d150008ababc19399c7ed428638b57ea
2140,2023-03-23,15.0,15.6,15.0,15.44,1441,,,,,historical_baseline,,fe33df9ae5456d8ee27133c42c244c81d150008ababc19399c7ed428638b57ea
2140,2023-03-26,15.44,15.44,15.44,15.44,0,,,,,historical_baseline,,fe33df9ae5456d8ee27133c42c244c81d150008ababc19399c7ed428638b57ea
2140,2023-03-27,15.44,15.44,15.44,15.44,0,,,,,historical_baseline,,fe33df9ae5456d8ee27133c42c244c81d150008ababc19399c7ed428638b57ea
2140,2023-03-28,15.44,15.44,15.44,15.44,0,,,,,historical_baseline,,fe33df9ae5456d8ee27133c42c244c81d150008ababc19399c7ed428638b57ea
2140,2023-03-29,16.3,16.44,16.1,16.18,888,,,,,historical_baseline,,fe33df9ae5456d8ee27133c42c244c81d150008ababc19399c7ed428638b57ea
2140,2023-03-30,15.58,15.7,15.38,15.64,2273,,,,,historical_baseline,,fe33df9ae5456d8ee27133c42c244c81d150008ababc19399c7ed428638b57ea
2150,2023-03-01,32.0,32.1,31.15,31.55,903,,,,,historical_baseline,,fe33df9ae5456d8ee27133c42c244c81d150008ababc19399c7ed428638b57ea
2150,2023-03-02,31.55,31.8,31.4,31.8,3934,,,,,historical_baseline,,fe33df9ae5456d8ee27133c42c244c81d150008ababc19399c7ed428638b57ea
2150,2023-03-05,31.7,32.7,31.7,32.7,500,,,,,historical_baseline,,fe33df9ae5456d8ee27133c42c244c81d150008ababc19399c7ed428638b57ea
2150,2023-03-06,32.7,32.7,32.7,32.7,0,,,,,historical_baseline,,fe33df9ae5456d8ee27133c42c244c81d150008ababc19399c7ed428638b57ea
2150,2023-03-07,32.7,32.7,32.7,32.7,0,,,,,historical_baseline,,fe33df9ae5456d8ee27133c42c244c81d150008ababc19399c7ed428638b57ea
2150,2023-03-08,32.5,33.3,32.0,33.15,500,,,,,historical_baseline,,fe33df9ae5456d8ee27133c42c244c81d150008ababc19399c7ed428638b57ea
2150,2023-03-09,33.15,33.15,33.15,33.15,0,,,,,historical_baseline,,fe33df9ae5456d8ee27133c42c244c81d150008ababc19399c7ed428638b57ea
2150,2023-03-12,33.0,33.0,32.3,32.35,660,,,,,historical_baseline,,fe33df9ae5456d8ee27133c42c244c81d150008ababc19399c7ed428638b57ea
2150,2023-03-13,32.35,32.35,32.35,32.35,0,,,,,historical_baseline,,fe33df9ae5456d8ee27133c42c244c81d150008ababc19399c7ed428638b57ea
2150,2023-03-14,32.5,32.6,32.15,32.2,600,,,,,historical_baseline,,fe33df9ae5456d8ee27133c42c244c81d150008ababc19399c7ed428638b57ea
2150,2023-03-15,32.15,32.2,30.85,30.95,2705,,,,,historical_baseline,,fe33df9ae5456d8ee27133c42c244c81d150008ababc19399c7ed428638b57ea
2150,2023-03-16,30.65,31.15,30.45,30.45,493,,,,,historical_baseline,,fe33df9ae5456d8ee27133c42c244c81d150008ababc19399c7ed428638b57ea
2150,2023-03-19,30.45,30.45,30.45,30.45,0,,,,,historical_baseline,,fe33df9ae5456d8ee27133c42c244c81d150008ababc19399c7ed428638b57ea
2150,2023-03-20,31.0,31.5,30.9,31.15,1000,,,,,historical_baseline,,fe33df9ae5456d8ee27133c42c244c81d150008ababc19399c7ed428638b57ea
2150,2023-03-21,31.15,32.3,31.1,32.25,10026,,,,,historical_baseline,,fe33df9ae5456d8ee27133c42c244c81d150008ababc19399c7ed428638b57ea
2150,2023-03-22,32.25,32.9,32.05,32.25,500,,,,,historical_baseline,,fe33df9ae5456d8ee27133c42c244c81d150008ababc19399c7ed428638b57ea
2150,2023-03-23,31.75,32.55,31.5,32.25,835,,,,,historical_baseline,,fe33df9ae5456d8ee27133c42c244c81d150008ababc19399c7ed428638b57ea
2150,2023-03-26,32.25,32.25,32.25,32.25,0,,,,,historical_baseline,,fe33df9ae5456d8ee27133c42c244c81d150008ababc19399c7ed428638b57ea
2150,2023-03-27,32.25,32.25,32.25,32.25,0,,,,,historical_baseline,,fe33df9ae5456d8ee27133c42c244c81d150008ababc19399c7ed428638b57ea
2150,2023-03-28,32.25,32.25,32.25,32.25,0,,,,,historical_baseline,,fe33df9ae5456d8ee27133c42c244c81d150008ababc19399c7ed428638b57ea
2150,2023-03-29,32.5,33.5,32.45,33.35,1923,,,,,historical_baseline,,fe33df9ae5456d8ee27133c42c244c81d150008ababc19399c7ed428638b57ea
2150,2023-03-30,33.7,33.95,32.9,33.05,500,,,,,historical_baseline,,fe33df9ae5456d8ee27133c42c244c81d150008ababc19399c7ed428638b57ea
2160,2023-03-01,38.35,40.05,38.35,39.7,452,,,,,historical_baseline,,fe33df9ae5456d8ee27133c42c244c81d150008ababc19399c7ed428638b57ea
2160,2023-03-02,39.8,40.25,39.7,39.85,1325,,,,,historical_baseline,,fe33df9ae5456d8ee27133c42c244c81d150008ababc19399c7ed428638b57ea
2160,2023-03-05,40.05,40.15,39.6,39.9,500,,,,,historical_baseline,,fe33df9ae5456d8ee27133c42c244c81d150008ababc19399c7ed428638b57ea
2160,2023-03-06,39.9,39.9,39.9,39.9,0,,,,,historical_baseline,,fe33df9ae5456d8ee27133c42c244c81d150008ababc19399c7ed428638b57ea
2160,2023-03-07,39.9,39.9,39.9,39.9,0,,,,,historical_baseline,,fe33df9ae5456d8ee27133c42c244c81d150008ababc19399c7ed428638b57ea
2160,2023-03-08,39.15,39.75,38.3,38.45,2500,,,,,historical_baseline,,fe33df9ae5456d8ee27133c42c244c81d150008ababc19399c7ed428638b57ea
2160,2023-03-09,38.45,38.45,38.45,38.45,0,,,,,historical_baseline,,fe33df9ae5456d8ee27133c42c244c81d150008ababc19399c7ed428638b57ea
2160,2023-03-12,38.45,38.45,38.45,38.45,0,,,,,historical_baseline,,fe33df9ae5456d8ee27133c42c244c81d150008ababc19399c7ed428638b57ea
2160,2023-03-13,38.45,38.45,38.45,38.45,0,,,,,historical_baseline,,fe33df9ae5456d8ee27133c42c244c81d150008ababc19399c7ed428638b57ea
2160,2023-03-14,37.25,38.2,35.0,36.3,640,,,,,historical_baseline,,fe33df9ae5456d8ee27133c42c244c81d150008ababc19399c7ed428638b57ea
2160,2023-03-15,41.5,43.45,39.9,39.9,550,,,,,historical_baseline,,fe33df9ae5456d8ee27133c42c244c81d150008ababc19399c7ed428638b57ea
2160,2023-03-16,40.6,41.9,38.7,39.1,1030,,,,,historical_baseline,,fe33df9ae5456d8ee27133c42c244c81d150008ababc19399c7ed428638b57ea
2160,2023-03-19,39.1,39.1,39.1,39.1,0,,,,,historical_baseline,,fe33df9ae5456d8ee27133c42c244c81d150008ababc19399c7ed428638b57ea
2160,2023-03-20,38.7,40.8,38.2,38.75,481,,,,,historical_baseline,,fe33df9ae5456d8ee27133c42c244c81d150008ababc19399c7ed428638b57ea
2160,2023-03-21,39.05,39.95,38.8,39.0,924,,,,,historical_baseline,,fe33df9ae5456d8ee27133c42c244c81d150008ababc19399c7ed428638b57ea
2160,2023-03-22,39.05,39.95,38.5,38.65,771,,,,,historical_baseline,,fe33df9ae5456d8ee27133c42c244c81d150008ababc19399c7ed428638b57ea
2160,2023-03-23,38.5,39.0,37.8,37.8,476,,,,,historical_baseline,,fe33df9ae5456d8ee27133c42c244c81d150008ababc19399c7ed428638b57ea
2160,2023-03-26,37.8,37.8,37.8,37.8,0,,,,,historical_baseline,,fe33df9ae5456d8ee27133c42c244c81d150008ababc19399c7ed428638b57ea
2160,2023-03-27,37.8,37.8,37.8,37.8,0,,,,,historical_baseline,,fe33df9ae5456d8ee27133c42c244c81d150008ababc19399c7ed428638b57ea
2160,2023-03-28,37.8,37.8,37.8,37.8,0,,,,,historical_baseline,,fe33df9ae5456d8ee27133c42c244c81d150008ababc19399c7ed428638b57ea
2160,2023-03-29,40.5,41.5,40.1,40.55,1892,,,,,historical_baseline,,fe33df9ae5456d8ee27133c42c244c81d150008ababc19399c7ed428638b57ea
2160,2023-03-30,41.4,42.1,40.7,41.2,725,,,,,historical_baseline,,fe33df9ae5456d8ee27133c42c244c81d150008ababc19399c7ed428638b57ea
2170,2023-03-01,36.2,36.75,36.1,36.3,512,,,,,historical_baseline,,fe33df9ae5456d8ee27133c42c244c81d150008ababc19399c7ed428638b57ea
2170,2023-03-02,36.4,36.7,36.35,36.55,700,,,,,historical_baseline,,fe33df9ae5456d8ee27133c42c244c81d150008ababc19399c7ed428638b57ea
2170,2023-03-05,36.6,37.5,36.5,37.05,1242,,,,,historical_baseline,,fe33df9ae5456d8ee27133c42c244c81d150008ababc19399c7ed428638b57ea
2170,2023-03-06,37.05,37.05,37.05,37.05,0,,,,,historical_baseline,,fe33df9ae5456d8ee27133c42c244c81d150008ababc19399c7ed428638b57ea
2170,2023-03-07,37.05,37.05,37.05,37.05,0,,,,,historical_baseline,,fe33df9ae5456d8ee27133c42c244c81d150008ababc19399c7ed428638b57ea
2170,2023-03-08,37.2,37.4,36.65,36.75,500,,,,,historical_baseline,,fe33df9ae5456d8ee27133c42c244c81d150008ababc19399c7ed428638b57ea
2170,2023-03-09,36.75,36.75,36.75,36.75,0,,,,,historical_baseline,,fe33df9ae5456d8ee27133c42c244c81d150008ababc19399c7ed428638b57ea
2170,2023-03-12,36.45,36.7,36.2,36.4,790,,,,,historical_baseline,,fe33df9ae5456d8ee27133c42c244c81d150008ababc19399c7ed428638b57ea
2170,2023-03-13,36.4,36.4,36.4,36.4,0,,,,,historical_baseline,,fe33df9ae5456d8ee27133c42c244c81d150008ababc19399c7ed428638b57ea
2170,2023-03-14,36.65,36.8,36.15,36.2,1340,,,,,historical_baseline,,fe33df9ae5456d8ee27133c42c244c81d150008ababc19399c7ed428638b57ea
2170,2023-03-15,36.5,36.5,35.25,35.25,449,,,,,historical_baseline,,fe33df9ae5456d8ee27133c42c244c81d150008ababc19399c7ed428638b57ea
2170,2023-03-16,35.05,35.65,34.7,35.4,980,,,,,historical_baseline,,fe33df9ae5456d8ee27133c42c244c81d150008ababc19399c7ed428638b57ea
2170,2023-03-19,35.4,35.4,35.4,35.4,0,,,,,historical_baseline,,fe33df9ae5456d8ee27133c42c244c81d150008ababc19399c7ed428638b57ea
2170,2023-03-20,35.9,36.3,35.85,36.25,652,,,,,historical_baseline,,fe33df9ae5456d8ee27133c42c244c81d150008ababc19399c7ed428638b57ea
2170,2023-03-21,36.4,36.5,36.1,36.5,437,,,,,historical_baseline,,fe33df9ae5456d8ee27133c42c244c81d150008ababc19399c7ed428638b57ea
2170,2023-03-22,36.55,36.55,35.9,36.2,416,,,,,historical_baseline,,fe33df9ae5456d8ee27133c42c244c81d150008ababc19399c7ed428638b57ea
2170,2023-03-23,35.9,36.2,35.7,36.2,500,,,,,historical_baseline,,fe33df9ae5456d8ee27133c42c244c81d150008ababc19399c7ed428638b57ea
2170,2023-03-26,36.2,36.2,36.2,36.2,0,,,,,historical_baseline,,fe33df9ae5456d8ee27133c42c244c81d150008ababc19399c7ed428638b57ea
2170,2023-03-27,36.2,36.2,36.2,36.2,0,,,,,historical_baseline,,fe33df9ae5456d8ee27133c42c244c81d150008ababc19399c7ed428638b57ea
2170,2023-03-28,36.2,36.2,36.2,36.2,0,,,,,historical_baseline,,fe33df9ae5456d8ee27133c42c244c81d150008ababc19399c7ed428638b57ea
2170,2023-03-29,37.2,37.85,36.95,37.1,1297,,,,,historical_baseline,,fe33df9ae5456d8ee27133c42c244c81d150008ababc19399c7ed428638b57ea
2170,2023-03-30,36.9,36.9,36.2,36.6,1526,,,,,historical_baseline,,fe33df9ae5456d8ee27133c42c244c81d150008ababc19399c7ed428638b57ea
2180,2023-03-01,35.75,36.05,35.7,35.7,531,,,,,historical_baseline,,fe33df9ae5456d8ee27133c42c244c81d150008ababc19399c7ed428638b57ea
2180,2023-03-02,36.0,36.1,35.6,35.6,1090,,,,,historical_baseline,,fe33df9ae5456d8ee27133c42c244c81d150008ababc19399c7ed428638b57ea
2180,2023-03-05,35.7,36.05,35.65,35.9,2118,,,,,historical_baseline,,fe33df9ae5456d8ee27133c42c244c81d150008ababc19399c7ed428638b57ea
2180,2023-03-06,35.9,35.9,35.9,35.9,0,,,,,historical_baseline,,fe33df9ae5456d8ee27133c42c244c81d150008ababc19399c7ed428638b57ea
2180,2023-03-07,35.9,35.9,35.9,35.9,0,,,,,historical_baseline,,fe33df9ae5456d8ee27133c42c244c81d150008ababc19399c7ed428638b57ea
2180,2023-03-08,36.95,37.3,36.75,37.15,915,,,,,historical_baseline,,fe33df9ae5456d8ee27133c42c244c81d150008ababc19399c7ed428638b57ea
2180,2023-03-09,37.15,37.15,37.15,37.15,0,,,,,historical_baseline,,fe33df9ae5456d8ee27133c42c244c81d150008ababc19399c7ed428638b57ea
2180,2023-03-12,37.85,38.45,37.6,37.8,449,,,,,historical_baseline,,fe33df9ae5456d8ee27133c42c244c81d150008ababc19399c7ed428638b57ea
2180,2023-03-13,37.8,37.8,37.8,37.8,0,,,,,historical_baseline,,fe33df9ae5456d8ee27133c42c244c81d150008ababc19399c7ed428638b57ea
2180,2023-03-14,38.6,39.2,37.65,37.8,431,,,,,historical_baseline,,fe33df9ae5456d8ee27133c42c244c81d150008ababc19399c7ed428638b57ea
2180,2023-03-15,37.4,38.2,36.65,37.05,800,,,,,historical_baseline,,fe33df9ae5456d8ee27133c42c244c81d150008ababc19399c7ed428638b57ea
2180,2023-03-16,36.85,37.05,36.0,36.7,1390,,,,,historical_baseline,,fe33df9ae5456d8ee27133c42c244c81d150008ababc19399c7ed428638b57ea
2180,2023-03-19,36.7,36.7,36.7,36.7,0,,,,,historical_baseline,,fe33df9ae5456d8ee27133c42c244c81d150008ababc19399c7ed428638b57ea
2180,2023-03-20,37.7,37.8,36.85,36.85,499,,,,,historical_baseline,,fe33df9ae5456d8ee27133c42c244c81d150008ababc19399c7ed428638b57ea
2180,2023-03-21,37.0,37.75,36.95,37.75,889,,,,,historical_baseline,,fe33df9ae5456d8ee27133c42c244c81d150008ababc19399c7ed428638b57ea
2180,2023-03-22,37.8,38.8,37.2,37.35,500,,,,,historical_baseline,,fe33df9ae5456d8ee27133c42c244c81d150008ababc19399c7ed428638b57ea
2180,2023-03-23,37.0,37.35,36.8,37.0,1542,,,,,historical_baseline,,fe33df9ae5456d8ee27133c42c244c81d150008ababc19399c7ed428638b57ea
2180,2023-03-26,37.0,37.0,37.0,37.0,0,,,,,historical_baseline,,fe33df9ae5456d8ee27133c42c244c81d150008ababc19399c7ed428638b57ea
2180,2023-03-27,37.0,37.0,37.0,37.0,0,,,,,historical_baseline,,fe33df9ae5456d8ee27133c42c244c81d150008ababc19399c7ed428638b57ea
2180,2023-03-28,37.0,37.0,37.0,37.0,0,,,,,historical_baseline,,fe33df9ae5456d8ee27133c42c244c81d150008ababc19399c7ed428638b57ea
2180,2023-03-29,38.15,38.4,38.0,38.0,450,,,,,historical_baseline,,fe33df9ae5456d8ee27133c42c244c81d150008ababc19399c7ed428638b57ea
2180,2023-03-30,38.25,39.0,38.1,39.0,1000,,,,,historical_baseline,,fe33df9ae5456d8ee27133c42c244c81d150008ababc19399c7ed428638b57ea
2190,2023-03-01,24.02,24.78,24.02,24.72,3877,,,,,historical_baseline,,fe33df9ae5456d8ee27133c42c244c81d150008ababc19399c7ed428638b57ea
2190,2023-03-02,24.78,24.96,24.58,24.66,624,,,,,historical_baseline,,fe33df9ae5456d8ee27133c42c244c81d150008ababc19399c7ed428638b57ea
2190,2023-03-05,24.66,24.8,24.58,24.8,819,,,,,historical_baseline,,fe33df9ae5456d8ee27133c42c244c81d150008ababc19399c7ed428638b57ea
2190,2023-03-06,24.8,24.8,24.8,24.8,0,,,,,historical_baseline,,fe33df9ae5456d8ee27133c42c244c81d150008ababc19399c7ed428638b57ea
2190,2023-03-07,24.8,24.8,24.8,24.8,0,,,,,historical_baseline,,fe33df9ae5456d8ee27133c42c244c81d150008ababc19399c7ed428638b57ea
2190,2023-03-08,26.15,27.1,25.8,26.9,3500,,,,,historical_baseline,,fe33df9ae5456d8ee27133c42c244c81d150008ababc19399c7ed428638b57ea
2190,2023-03-09,26.9,26.9,26.9,26.9,0,,,,,historical_baseline,,fe33df9ae5456d8ee27133c42c244c81d150008ababc19399c7ed428638b57ea
2190,2023-03-12,26.9,26.9,26.9,26.9,0,,,,,historical_baseline,,fe33df9ae5456d8ee27133c42c244c81d150008ababc19399c7ed428638b57ea
2190,2023-03-13,26.9,26.9,26.9,26.9,0,,,,,historical_baseline,,fe33df9ae5456d8ee27133c42c244c81d150008ababc19399c7ed428638b57ea
2190,2023-03-14,27.0,28.0,26.95,27.5,2248,,,,,historical_baseline,,fe33df9ae5456d8ee27133c42c244c81d150008ababc19399c7ed428638b57ea
2190,2023-03-15,27.5,27.9,27.25,27.35,1000,,,,,historical_baseline,,fe33df9ae5456d8ee27133c42c244c81d150008ababc19399c7ed428638b57ea
2190,2023-03-16,27.0,27.9,26.5,27.5,1000,,,,,historical_baseline,,fe33df9ae5456d8ee27133c42c244c81d150008ababc19399c7ed428638b57ea
2190,2023-03-19,27.5,27.5,27.5,27.5,0,,,,,historical_baseline,,fe33df9ae5456d8ee27133c42c244c81d150008ababc19399c7ed428638b57ea
2190,2023-03-20,26.7,27.1,26.35,27.0,1621,,,,,historical_baseline,,fe33df9ae5456d8ee27133c42c244c81d150008ababc19399c7ed428638b57ea
2190,2023-03-21,27.0,27.0,26.75,26.95,8558,,,,,historical_baseline,,fe33df9ae5456d8ee27133c42c244c81d150008ababc19399c7ed428638b57ea
2190,2023-03-22,26.95,26.95,26.5,26.95,2000,,,,,historical_baseline,,fe33df9ae5456d8ee27133c42c244c81d150008ababc19399c7ed428638b57ea
2190,2023-03-23,26.55,27.0,26.5,27.0,698,,,,,historical_baseline,,fe33df9ae5456d8ee27133c42c244c81d150008ababc19399c7ed428638b57ea
2190,2023-03-26,27.0,27.0,27.0,27.0,0,,,,,historical_baseline,,fe33df9ae5456d8ee27133c42c244c81d150008ababc19399c7ed428638b57ea
2190,2023-03-27,27.0,27.0,27.0,27.0,0,,,,,historical_baseline,,fe33df9ae5456d8ee27133c42c244c81d150008ababc19399c7ed428638b57ea
2190,2023-03-28,27.0,27.0,27.0,27.0,0,,,,,historical_baseline,,fe33df9ae5456d8ee27133c42c244c81d150008ababc19399c7ed428638b57ea
2190,2023-03-29,28.0,28.05,27.6,27.75,1055,,,,,historical_baseline,,fe33df9ae5456d8ee27133c42c244c81d150008ababc19399c7ed428638b57ea
2190,2023-03-30,27.7,28.5,27.7,28.15,2000,,,,,historical_baseline,,fe33df9ae5456d8ee27133c42c244c81d150008ababc19399c7ed428638b57ea
2200,2023-03-01,39.65,39.75,39.15,39.3,412,,,,,historical_baseline,,fe33df9ae5456d8ee27133c42c244c81d150008ababc19399c7ed428638b57ea
2200,2023-03-02,39.55,39.95,39.4,39.6,2799,,,,,historical_baseline,,fe33df9ae5456d8ee27133c42c244c81d150008ababc19399c7ed428638b57ea
2200,2023-03-05,39.45,42.5,39.45,42.3,1000,,,,,historical_baseline,,fe33df9ae5456d8ee27133c42c244c81d150008ababc19399c7ed428638b57ea
2200,2023-03-06,42.3,42.3,42.3,42.3,0,,,,,historical_baseline,,fe33df9ae5456d8ee27133c42c244c81d150008ababc19399c7ed428638b57ea
2200,2023-03-07,42.3,42.3,42.3,42.3,0,,,,,historical_baseline,,fe33df9ae5456d8ee27133c42c244c81d150008ababc19399c7ed428638b57ea
2200,2023-03-08,41.0,41.4,40.8,41.3,1325,,,,,historical_baseline,,fe33df9ae5456d8ee27133c42c244c81d150008ababc19399c7ed428638b57ea
2200,2023-03-09,41.3,41.3,41.3,41.3,0,,,,,historical_baseline,,fe33df9ae5456d8ee27133c42c244c81d150008ababc19399c7ed428638b57ea
2200,2023-03-12,42.1,42.1,41.3,41.35,478,,,,,historical_baseline,,fe33df9ae5456d8ee27133c42c244c81d150008ababc19399c7ed428638b57ea
2200,2023-03-13,41.35,41.35,41.35,41.35,0,,,,,historical_baseline,,fe33df9ae5456d8ee27133c42c244c81d150008ababc19399c7ed428638b57ea
2200,2023-03-14,41.3,42.35,41.3,41.8,482,,,,,historical_baseline,,fe33df9ae5456d8ee27133c42c244c81d150008ababc19399c7ed428638b57ea
2200,2023-03-15,42.0,42.75,40.55,40.55,572,,,,,historical_baseline,,fe33df9ae5456d8ee27133c42c244c81d150008ababc19399c7ed428638b57ea
2200,2023-03-16,40.15,40.95,39.05,39.1,944,,,,,historical_baseline,,fe33df9ae5456d8ee27133c42c244c81d150008ababc19399c7ed428638b57ea
2200,2023-03-19,39.1,39.1,39.1,39.1,0,,,,,historical_baseline,,fe33df9ae5456d8ee27133c42c244c81d150008ababc19399c7ed428638b57ea
2200,2023-03-20,38.7,39.5,38.6,38.85,1097,,,,,historical_baseline,,fe33df9ae5456d8ee27133c42c244c81d150008ababc19399c7ed428638b57ea
2200,2023-03-21,38.8,39.7,38.8,39.0,500,,,,,historical_baseline,,fe33df9ae5456d8ee27133c42c244c81d150008ababc19399c7ed428638b57ea
2200,2023-03-22,39.0,39.4,38.5,38.55,1801,,,,,historical_baseline,,fe33df9ae5456d8ee27133c42c244c81d150008ababc19399c7ed428638b57ea
2200,2023-03-23,38.35,38.8,38.25,38.35,645,,,,,historical_baseline,,fe33df9ae5456d8ee27133c42c244c81d150008ababc19399c7ed428638b57ea
2200,2023-03-26,38.35,38.35,38.35,38.35,0,,,,,historical_baseline,,fe33df9ae5456d8ee27133c42c244c81d150008ababc19399c7ed428638b57ea
2200,2023-03-27,38.35,38.35,38.35,38.35,0,,,,,historical_baseline,,fe33df9ae5456d8ee27133c42c244c81d150008ababc19399c7ed428638b57ea
2200,2023-03-28,38.35,38.35,38.35,38.35,0,,,,,historical_baseline,,fe33df9ae5456d8ee27133c42c244c81d150008ababc19399c7ed428638b57ea
2200,2023-03-29,41.95,45.65,41.25,45.65,2421,,,,,historical_baseline,,fe33df9ae5456d8ee27133c42c244c81d150008ababc19399c7ed428638b57ea
2200,2023-03-30,47.05,49.8,47.05,48.05,369,,,,,historical_baseline,,fe33df9ae5456d8ee27133c42c244c81d150008ababc19399c7ed428638b57ea
2210,2023-03-01,31.9,32.25,31.9,31.95,540,,,,,historical_baseline,,fe33df9ae5456d8ee27133c42c244c81d150008ababc19399c7ed428638b57ea
2210,2023-03-02,32.15,32.15,31.9,32.05,876,,,,,historical_baseline,,fe33df9ae5456d8ee27133c42c244c81d150008ababc19399c7ed428638b57ea
2210,2023-03-05,32.2,32.9,32.15,32.8,968,,,,,historical_baseline,,fe33df9ae5456d8ee27133c42c244c81d150008ababc19399c7ed428638b57ea
2210,2023-03-06,32.8,32.8,32.8,32.8,0,,,,,historical_baseline,,fe33df9ae5456d8ee27133c42c244c81d150008ababc19399c7ed428638b57ea
2210,2023-03-07,32.8,32.8,32.8,32.8,0,,,,,historical_baseline,,fe33df9ae5456d8ee27133c42c244c81d150008ababc19399c7ed428638b57ea
2210,2023-03-08,32.35,32.5,32.25,32.25,679,,,,,historical_baseline,,fe33df9ae5456d8ee27133c42c244c81d150008ababc19399c7ed428638b57ea
2210,2023-03-09,32.25,32.25,32.25,32.25,0,,,,,historical_baseline,,fe33df9ae5456d8ee27133c42c244c81d150008ababc19399c7ed428638b57ea
2210,2023-03-12,32.4,32.45,32.05,32.45,1436,,,,,historical_baseline,,fe33df9ae5456d8ee27133c42c244c81d150008ababc19399c7ed428638b57ea
2210,2023-03-13,32.45,32.45,32.45,32.45,0,,,,,historical_baseline,,fe33df9ae5456d8ee27133c42c244c81d150008ababc19399c7ed428638b57ea
2210,2023-03-14,32.45,33.15,32.3,32.9,526,,,,,historical_baseline,,fe33df9ae5456d8ee27133c42c244c81d150008ababc19399c7ed428638b57ea
2210,2023-03-15,32.1,32.7,31.55,31.65,2000,,,,,historical_baseline,,fe33df9ae5456d8ee27133c42c244c81d150008ababc19399c7ed428638b57ea
2210,2023-03-16,31.6,31.75,31.1,31.15,718,,,,,historical_baseline,,fe33df9ae5456d8ee27133c42c244c81d150008ababc19399c7ed428638b57ea
2210,2023-03-19,31.15,31.15,31.15,31.15,0,,,,,historical_baseline,,fe33df9ae5456d8ee27133c42c244c81d150008ababc19399c7ed428638b57ea
2210,2023-03-20,31.5,31.55,31.2,31.55,521,,,,,historical_baseline,,fe33df9ae5456d8ee27133c42c244c81d150008ababc19399c7ed428638b57ea
2210,2023-03-21,31.4,32.3,31.4,32.25,500,,,,,historical_baseline,,fe33df9ae5456d8ee27133c42c244c81d150008ababc19399c7ed428638b57ea
2210,2023-03-22,32.25,32.7,32.0,32.0,600,,,,,historical_baseline,,fe33df9ae5456d8ee27133c42c244c81d150008ababc19399c7ed428638b57ea
2210,2023-03-23,32.15,32.15,31.8,32.05,615,,,,,historical_baseline,,fe33df9ae5456d8ee27133c42c244c81d150008ababc19399c7ed428638b57ea
2210,2023-03-26,32.05,32.05,32.05,32.05,0,,,,,historical_baseline,,fe33df9ae5456d8ee27133c42c244c81d150008ababc19399c7ed428638b57ea
2210,2023-03-27,32.05,32.05,32.05,32.05,0,,,,,historical_baseline,,fe33df9ae5456d8ee27133c42c244c81d150008ababc19399c7ed428638b57ea
2210,2023-03-28,32.05,32.05,32.05,32.05,0,,,,,historical_baseline,,fe33df9ae5456d8ee27133c42c244c81d150008ababc19399c7ed428638b57ea
2210,2023-03-29,32.75,33.0,32.4,32.65,722,,,,,historical_baseline,,fe33df9ae5456d8ee27133c42c244c81d150008ababc19399c7ed428638b57ea
2210,2023-03-30,32.8,32.9,32.65,32.7,500,,,,,historical_baseline,,fe33df9ae5456d8ee27133c42c244c81d150008ababc19399c7ed428638b57ea
2220,2023-03-01,17.5,17.8,17.5,17.62,980,,,,,historical_baseline,,fe33df9ae5456d8ee27133c42c244c81d150008ababc19399c7ed428638b57ea
2220,2023-03-02,17.84,17.94,17.68,17.68,1500,,,,,historical_baseline,,fe33df9ae5456d8ee27133c42c244c81d150008ababc19399c7ed428638b57ea
2220,2023-03-05,17.68,17.86,17.62,17.86,1539,,,,,historical_baseline,,fe33df9ae5456d8ee27133c42c244c81d150008ababc19399c7ed428638b57ea
2220,2023-03-06,17.86,17.86,17.86,17.86,0,,,,,historical_baseline,,fe33df9ae5456d8ee27133c42c244c81d150008ababc19399c7ed428638b57ea
2220,2023-03-07,17.86,17.86,17.86,17.86,0,,,,,historical_baseline,,fe33df9ae5456d8ee27133c42c244c81d150008ababc19399c7ed428638b57ea
2220,2023-03-08,17.54,17.88,17.54,17.86,1096,,,,,historical_baseline,,fe33df9ae5456d8ee27133c42c244c81d150008ababc19399c7ed428638b57ea
2220,2023-03-09,17.86,17.86,17.86,17.86,0,,,,,historical_baseline,,fe33df9ae5456d8ee27133c42c244c81d150008ababc19399c7ed428638b57ea
2220,2023-03-12,18.2,18.36,18.0,18.26,930,,,,,historical_baseline,,fe33df9ae5456d8ee27133c42c244c81d150008ababc19399c7ed428638b57ea
2220,2023-03-13,18.26,18.26,18.26,18.26,0,,,,,historical_baseline,,fe33df9ae5456d8ee27133c42c244c81d150008ababc19399c7ed428638b57ea
2220,2023-03-14,18.3,18.8,18.3,18.4,820,,,,,historical_baseline,,fe33df9ae5456d8ee27133c42c244c81d150008ababc19399c7ed428638b57ea
2220,2023-03-15,18.0,18.0,17.4,17.4,999,,,,,historical_baseline,,fe33df9ae5456d8ee27133c42c244c81d150008ababc19399c7ed428638b57ea
2220,2023-03-16,17.0,17.2,16.88,17.08,900,,,,,historical_baseline,,fe33df9ae5456d8ee27133c42c244c81d150008ababc19399c7ed428638b57ea
2220,2023-03-19,17.08,17.08,17.08,17.08,0,,,,,historical_baseline,,fe33df9ae5456d8ee27133c42c244c81d150008ababc19399c7ed428638b57ea
2220,2023-03-20,17.4,17.4,17.18,17.26,8776,,,,,historical_baseline,,fe33df9ae5456d8ee27133c42c244c81d150008ababc19399c7ed428638b57ea
2220,2023-03-21,17.18,17.56,17.18,17.48,2333,,,,,historical_baseline,,fe33df9ae5456d8ee27133c42c244c81d150008ababc19399c7ed428638b57ea
2220,2023-03-22,17.42,17.6,17.16,17.16,1000,,,,,historical_baseline,,fe33df9ae5456d8ee27133c42c244c81d150008ababc19399c7ed428638b57ea
2220,2023-03-23,17.1,17.1,16.8,16.82,2000,,,,,historical_baseline,,fe33df9ae5456d8ee27133c42c244c81d150008ababc19399c7ed428638b57ea
2220,2023-03-26,16.82,16.82,16.82,16.82,0,,,,,historical_baseline,,fe33df9ae5456d8ee27133c42c244c81d150008ababc19399c7ed428638b57ea
2220,2023-03-27,16.82,16.82,16.82,16.82,0,,,,,historical_baseline,,fe33df9ae5456d8ee27133c42c244c81d150008ababc19399c7ed428638b57ea
2220,2023-03-28,16.82,16.82,16.82,16.82,0,,,,,historical_baseline,,fe33df9ae5456d8ee27133c42c244c81d150008ababc19399c7ed428638b57ea
2220,2023-03-29,19.04,19.04,18.2,18.4,1677,,,,,historical_baseline,,fe33df9ae5456d8ee27133c42c244c81d150008ababc19399c7ed428638b57ea
2220,2023-03-30,18.56,18.8,18.24,18.54,1780,,,,,historical_baseline,,fe33df9ae5456d8ee27133c42c244c81d150008ababc19399c7ed428638b57ea
2222,2023-03-01,28.91,28.91,28.64,28.68,1804,,,,,historical_baseline,,fe33df9ae5456d8ee27133c42c244c81d150008ababc19399c7ed428638b57ea
2222,2023-03-02,28.86,29.09,28.86,28.86,5500,,,,,historical_baseline,,fe33df9ae5456d8ee27133c42c244c81d150008ababc19399c7ed428638b57ea
2222,2023-03-05,28.91,29.27,28.91,29.09,2200,,,,,historical_baseline,,fe33df9ae5456d8ee27133c42c244c81d150008ababc19399c7ed428638b57ea
2222,2023-03-06,29.09,29.09,29.09,29.09,0,,,,,historical_baseline,,fe33df9ae5456d8ee27133c42c244c81d150008ababc19399c7ed428638b57ea
2222,2023-03-07,29.0,29.41,28.95,29.41,8597,,,,,historical_baseline,,fe33df9ae5456d8ee27133c42c244c81d150008ababc19399c7ed428638b57ea
2222,2023-03-08,29.18,29.45,28.95,29.45,590,,,,,historical_baseline,,fe33df9ae5456d8ee27133c42c244c81d150008ababc19399c7ed428638b57ea
2222,2023-03-09,29.41,29.86,29.32,29.82,2200,,,,,historical_baseline,,fe33df9ae5456d8ee27133c42c244c81d150008ababc19399c7ed428638b57ea
2222,2023-03-12,29.82,30.0,29.68,29.82,1100,,,,,historical_baseline,,fe33df9ae5456d8ee27133c42c244c81d150008ababc19399c7ed428638b57ea
2222,2023-03-13,30.0,30.09,29.82,29.95,17252,,,,,historical_baseline,,fe33df9ae5456d8ee27133c42c244c81d150008ababc19399c7ed428638b57ea
2222,2023-03-14,30.0,30.09,29.82,29.95,3547,,,,,historical_baseline,,fe33df9ae5456d8ee27133c42c244c81d150008ababc19399c7ed428638b57ea
2222,2023-03-15,29.23,29.36,28.68,28.68,550,,,,,historical_baseline,,fe33df9ae5456d8ee27133c42c244c81d150008ababc19399c7ed428638b57ea
2222,2023-03-16,28.64,28.68,28.14,28.14,2048,,,,,historical_baseline,,fe33df9ae5456d8ee27133c42c244c81d150008ababc19399c7ed428638b57ea
2222,2023-03-19,28.14,28.14,28.14,28.14,0,,,,,historical_baseline,,fe33df9ae5456d8ee27133c42c244c81d150008ababc19399c7ed428638b57ea
2222,2023-03-20,28.18,28.41,28.18,28.27,1100,,,,,historical_baseline,,fe33df9ae5456d8ee27133c42c244c81d150008ababc19399c7ed428638b57ea
2222,2023-03-21,28.45,28.82,28.41,28.68,1100,,,,,historical_baseline,,fe33df9ae5456d8ee27133c42c244c81d150008ababc19399c7ed428638b57ea
2222,2023-03-22,28.68,29.18,28.68,28.82,718,,,,,historical_baseline,,fe33df9ae5456d8ee27133c42c244c81d150008ababc19399c7ed428638b57ea
2222,2023-03-23,28.82,29.23,28.73,29.23,3300,,,,,historical_baseline,,fe33df9ae5456d8ee27133c42c244c81d150008ababc19399c7ed428638b57ea
2222,2023-03-26,29.23,29.23,29.23,29.23,0,,,,,historical_baseline,,fe33df9ae5456d8ee27133c42c244c81d150008ababc19399c7ed428638b57ea
2222,2023-03-27,29.23,29.23,29.23,29.23,0,,,,,historical_baseline,,fe33df9ae5456d8ee27133c42c244c81d150008ababc19399c7ed428638b57ea
2222,2023-03-28,29.23,29.23,29.23,29.23,0,,,,,historical_baseline,,fe33df9ae5456d8ee27133c42c244c81d150008ababc19399c7ed428638b57ea
2222,2023-03-29,29.32,29.45,29.18,29.45,7586,,,,,historical_baseline,,fe33df9ae5456d8ee27133c42c244c81d150008ababc19399c7ed428638b57ea
2222,2023-03-30,29.41,29.45,29.27,29.36,3485,,,,,historical_baseline,,fe33df9ae5456d8ee27133c42c244c81d150008ababc19399c7ed428638b57ea
2230,2023-03-01,2.81,2.85,2.8,2.82,8030,,,,,historical_baseline,,fe33df9ae5456d8ee27133c42c244c81d150008ababc19399c7ed428638b57ea
2230,2023-03-02,2.81,2.83,2.8,2.8,8230,,,,,historical_baseline,,fe33df9ae5456d8ee27133c42c244c81d150008ababc19399c7ed428638b57ea
2230,2023-03-05,2.81,2.91,2.81,2.91,11960,,,,,historical_baseline,,fe33df9ae5456d8ee27133c42c244c81d150008ababc19399c7ed428638b57ea
2230,2023-03-06,2.91,2.91,2.91,2.91,0,,,,,historical_baseline,,fe33df9ae5456d8ee27133c42c244c81d150008ababc19399c7ed428638b57ea
2230,2023-03-07,2.91,2.91,2.91,2.91,0,,,,,historical_baseline,,fe33df9ae5456d8ee27133c42c244c81d150008ababc19399c7ed428638b57ea
2230,2023-03-08,2.84,2.86,2.82,2.85,18430,,,,,historical_baseline,,fe33df9ae5456d8ee27133c42c244c81d150008ababc19399c7ed428638b57ea
2230,2023-03-09,2.85,2.85,2.85,2.85,0,,,,,historical_baseline,,fe33df9ae5456d8ee27133c42c244c81d150008ababc19399c7ed428638b57ea
2230,2023-03-12,2.85,2.85,2.85,2.85,0,,,,,historical_baseline,,fe33df9ae5456d8ee27133c42c244c81d150008ababc19399c7ed428638b57ea
2230,2023-03-13,2.85,2.85,2.85,2.85,0,,,,,historical_baseline,,fe33df9ae5456d8ee27133c42c244c81d150008ababc19399c7ed428638b57ea
2230,2023-03-14,2.95,2.95,2.85,2.85,15470,,,,,historical_baseline,,fe33df9ae5456d8ee27133c42c244c81d150008ababc19399c7ed428638b57ea
2230,2023-03-15,2.86,2.88,2.84,2.88,9890,,,,,historical_baseline,,fe33df9ae5456d8ee27133c42c244c81d150008ababc19399c7ed428638b57ea
2230,2023-03-16,2.85,2.87,2.82,2.84,8800,,,,,historical_baseline,,fe33df9ae5456d8ee27133c42c244c81d150008ababc19399c7ed428638b57ea
2230,2023-03-19,2.84,2.84,2.84,2.84,0,,,,,historical_baseline,,fe33df9ae5456d8ee27133c42c244c81d150008ababc19399c7ed428638b57ea
2230,2023-03-20,2.83,2.88,2.82,2.88,10000,,,,,historical_baseline,,fe33df9ae5456d8ee27133c42c244c81d150008ababc19399c7ed428638b57ea
2230,2023-03-21,2.88,2.9,2.86,2.9,5710,,,,,historical_baseline,,fe33df9ae5456d8ee27133c42c244c81d150008ababc19399c7ed428638b57ea
2230,2023-03-22,2.88,2.91,2.84,2.84,7880,,,,,historical_baseline,,fe33df9ae5456d8ee27133c42c244c81d150008ababc19399c7ed428638b57ea
2230,2023-03-23,2.83,2.85,2.83,2.85,6890,,,,,historical_baseline,,fe33df9ae5456d8ee27133c42c244c81d150008ababc19399c7ed428638b57ea
2230,2023-03-26,2.85,2.85,2.85,2.85,0,,,,,historical_baseline,,fe33df9ae5456d8ee27133c42c244c81d150008ababc19399c7ed428638b57ea
2230,2023-03-27,2.85,2.85,2.85,2.85,0,,,,,historical_baseline,,fe33df9ae5456d8ee27133c42c244c81d150008ababc19399c7ed428638b57ea
2230,2023-03-28,2.85,2.85,2.85,2.85,0,,,,,historical_baseline,,fe33df9ae5456d8ee27133c42c244c81d150008ababc19399c7ed428638b57ea
2230,2023-03-29,2.87,2.9,2.87,2.9,2480,,,,,historical_baseline,,fe33df9ae5456d8ee27133c42c244c81d150008ababc19399c7ed428638b57ea
2230,2023-03-30,2.9,2.9,2.88,2.9,7970,,,,,historical_baseline,,fe33df9ae5456d8ee27133c42c244c81d150008ababc19399c7ed428638b57ea
2240,2023-03-01,15.74,15.92,15.72,15.72,1500,,,,,historical_baseline,,fe33df9ae5456d8ee27133c42c244c81d150008ababc19399c7ed428638b57ea
2240,2023-03-02,15.9,15.92,15.74,15.8,1202,,,,,historical_baseline,,fe33df9ae5456d8ee27133c42c244c81d150008ababc19399c7ed428638b57ea
2240,2023-03-05,15.82,16.0,15.82,15.94,2041,,,,,historical_baseline,,fe33df9ae5456d8ee27133c42c244c81d150008ababc19399c7ed428638b57ea
2240,2023-03-06,15.94,15.94,15.94,15.94,0,,,,,historical_baseline,,fe33df9ae5456d8ee27133c42c244c81d150008ababc19399c7ed428638b57ea
2240,2023-03-07,15.94,15.94,15.94,15.94,0,,,,,historical_baseline,,fe33df9ae5456d8ee27133c42c244c81d150008ababc19399c7ed428638b57ea
2240,2023-03-08,16.0,16.16,15.92,16.1,17803,,,,,historical_baseline,,fe33df9ae5456d8ee27133c42c244c81d150008ababc19399c7ed428638b57ea
2240,2023-03-09,16.1,16.1,16.1,16.1,0,,,,,historical_baseline,,fe33df9ae5456d8ee27133c42c244c81d150008ababc19399c7ed428638b57ea
2240,2023-03-12,16.16,16.5,16.16,16.26,1000,,,,,historical_baseline,,fe33df9ae5456d8ee27133c42c244c81d150008ababc19399c7ed428638b57ea
2240,2023-03-13,16.26,16.26,16.26,16.26,0,,,,,historical_baseline,,fe33df9ae5456d8ee27133c42c244c81d150008ababc19399c7ed428638b57ea
2240,2023-03-14,16.28,16.36,16.08,16.12,3853,,,,,historical_baseline,,fe33df9ae5456d8ee27133c42c244c81d150008ababc19399c7ed428638b57ea
2240,2023-03-15,16.1,16.1,15.64,15.72,1000,,,,,historical_baseline,,fe33df9ae5456d8ee27133c42c244c81d150008ababc19399c7ed428638b57ea
2240,2023-03-16,15.6,15.72,15.48,15.6,2460,,,,,historical_baseline,,fe33df9ae5456d8ee27133c42c244c81d150008ababc19399c7ed428638b57ea
2240,2023-03-19,15.6,15.6,15.6,15.6,0,,,,,historical_baseline,,fe33df9ae5456d8ee27133c42c244c81d150008ababc19399c7ed428638b57ea
2240,2023-03-20,15.56,15.6,15.5,15.56,1740,,,,,historical_baseline,,fe33df9ae5456d8ee27133c42c244c81d150008ababc19399c7ed428638b57ea
2240,2023-03-21,15.56,15.82,15.56,15.8,2000,,,,,historical_baseline,,fe33df9ae5456d8ee27133c42c244c81d150008ababc19399c7ed428638b57ea
2240,2023-03-22,15.84,15.84,15.6,15.6,1073,,,,,historical_baseline,,fe33df9ae5456d8ee27133c42c244c81d150008ababc19399c7ed428638b57ea
2240,2023-03-23,15.6,15.78,15.52,15.78,1001,,,,,historical_baseline,,fe33df9ae5456d8ee27133c42c244c81d150008ababc19399c7ed428638b57ea
2240,2023-03-26,15.78,15.78,15.78,15.78,0,,,,,historical_baseline,,fe33df9ae5456d8ee27133c42c244c81d150008ababc19399c7ed428638b57ea
2240,2023-03-27,15.78,15.78,15.78,15.78,0,,,,,historical_baseline,,fe33df9ae5456d8ee27133c42c244c81d150008ababc19399c7ed428638b57ea
2240,2023-03-28,15.78,15.78,15.78,15.78,0,,,,,historical_baseline,,fe33df9ae5456d8ee27133c42c244c81d150008ababc19399c7ed428638b57ea
2240,2023-03-29,16.62,17.2,16.62,16.76,2930,,,,,historical_baseline,,fe33df9ae5456d8ee27133c42c244c81d150008ababc19399c7ed428638b57ea
2240,2023-03-30,16.78,17.0,16.4,16.56,2071,,,,,historical_baseline,,fe33df9ae5456d8ee27133c42c244c81d150008ababc19399c7ed428638b57ea
2250,2023-03-01,22.4,22.64,22.22,22.5,1067,,,,,historical_baseline,,fe33df9ae5456d8ee27133c42c244c81d150008ababc19399c7ed428638b57ea
2250,2023-03-02,22.52,22.94,22.46,22.9,4893,,,,,historical_baseline,,fe33df9ae5456d8ee27133c42c244c81d150008ababc19399c7ed428638b57ea
2250,2023-03-05,23.0,23.22,22.96,23.12,963,,,,,historical_baseline,,fe33df9ae5456d8ee27133c42c244c81d150008ababc19399c7ed428638b57ea
2250,2023-03-06,23.12,23.12,23.12,23.12,0,,,,,historical_baseline,,fe33df9ae5456d8ee27133c42c244c81d150008ababc19399c7ed428638b57ea
2250,2023-03-07,23.12,23.12,23.12,23.12,0,,,,,historical_baseline,,fe33df9ae5456d8ee27133c42c244c81d150008ababc19399c7ed428638b57ea
2250,2023-03-08,23.1,23.16,22.8,23.16,845,,,,,historical_baseline,,fe33df9ae5456d8ee27133c42c244c81d150008ababc19399c7ed428638b57ea
2250,2023-03-09,23.16,23.16,23.16,23.16,0,,,,,historical_baseline,,fe33df9ae5456d8ee27133c42c244c81d150008ababc19399c7ed428638b57ea
2250,2023-03-12,22.8,22.8,22.66,22.66,748,,,,,historical_baseline,,fe33df9ae5456d8ee27133c42c244c81d150008ababc19399c7ed428638b57ea
2250,2023-03-13,22.66,22.66,22.66,22.66,0,,,,,historical_baseline,,fe33df9ae5456d8ee27133c42c244c81d150008ababc19399c7ed428638b57ea
2250,2023-03-14,22.74,22.76,22.38,22.54,839,,,,,historical_baseline,,fe33df9ae5456d8ee27133c42c244c81d150008ababc19399c7ed428638b57ea
2250,2023-03-15,22.6,22.64,22.3,22.6,1000,,,,,historical_baseline,,fe33df9ae5456d8ee27133c42c244c81d150008ababc19399c7ed428638b57ea
2250,2023-03-16,22.34,22.58,22.14,22.58,3444,,,,,historical_baseline,,fe33df9ae5456d8ee27133c42c244c81d150008ababc19399c7ed428638b57ea
2250,2023-03-19,22.58,22.58,22.58,22.58,0,,,,,historical_baseline,,fe33df9ae5456d8ee27133c42c244c81d150008ababc19399c7ed428638b57ea
2250,2023-03-20,22.4,23.16,22.4,23.16,3077,,,,,historical_baseline,,fe33df9ae5456d8ee27133c42c244c81d150008ababc19399c7ed428638b57ea
2250,2023-03-21,23.2,23.4,23.02,23.4,2000,,,,,historical_baseline,,fe33df9ae5456d8ee27133c42c244c81d150008ababc19399c7ed428638b57ea
2250,2023-03-22,23.4,23.86,23.3,23.5,1500,,,,,historical_baseline,,fe33df9ae5456d8ee27133c42c244c81d150008ababc19399c7ed428638b57ea
2250,2023-03-23,23.42,23.78,23.24,23.52,4500,,,,,historical_baseline,,fe33df9ae5456d8ee27133c42c244c81d150008ababc19399c7ed428638b57ea
2250,2023-03-26,23.52,23.52,23.52,23.52,0,,,,,historical_baseline,,fe33df9ae5456d8ee27133c42c244c81d150008ababc19399c7ed428638b57ea
2250,2023-03-27,23.52,23.52,23.52,23.52,0,,,,,historical_baseline,,fe33df9ae5456d8ee27133c42c244c81d150008ababc19399c7ed428638b57ea
2250,2023-03-28,23.52,23.52,23.52,23.52,0,,,,,historical_baseline,,fe33df9ae5456d8ee27133c42c244c81d150008ababc19399c7ed428638b57ea
2250,2023-03-29,24.36,24.6,24.16,24.6,1434,,,,,historical_baseline,,fe33df9ae5456d8ee27133c42c244c81d150008ababc19399c7ed428638b57ea
2250,2023-03-30,24.64,24.98,24.54,24.98,2700,,,,,historical_baseline,,fe33df9ae5456d8ee27133c42c244c81d150008ababc19399c7ed428638b57ea
2270,2023-03-01,245.6,245.6,242.6,245.0,622,,,,,historical_baseline,,fe33df9ae5456d8ee27133c42c244c81d150008ababc19399c7ed428638b57ea
2270,2023-03-02,243.8,246.0,243.8,245.4,80,,,,,historical_baseline,,fe33df9ae5456d8ee27133c42c244c81d150008ababc19399c7ed428638b57ea
2270,2023-03-05,245.4,245.4,242.0,242.0,207,,,,,historical_baseline,,fe33df9ae5456d8ee27133c42c244c81d150008ababc19399c7ed428638b57ea
2270,2023-03-06,242.0,242.0,242.0,242.0,0,,,,,historical_baseline,,fe33df9ae5456d8ee27133c42c244c81d150008ababc19399c7ed428638b57ea
2270,2023-03-07,242.0,242.0,242.0,242.0,0,,,,,historical_baseline,,fe33df9ae5456d8ee27133c42c244c81d150008ababc19399c7ed428638b57ea
2270,2023-03-08,240.4,240.4,237.2,239.6,230,,,,,historical_baseline,,fe33df9ae5456d8ee27133c42c244c81d150008ababc19399c7ed428638b57ea
2270,2023-03-09,239.6,239.6,239.6,239.6,0,,,,,historical_baseline,,fe33df9ae5456d8ee27133c42c244c81d150008ababc19399c7ed428638b57ea
2270,2023-03-12,239.6,239.6,239.6,239.6,0,,,,,historical_baseline,,fe33df9ae5456d8ee27133c42c244c81d150008ababc19399c7ed428638b57ea
2270,2023-03-13,239.6,239.6,239.6,239.6,0,,,,,historical_baseline,,fe33df9ae5456d8ee27133c42c244c81d150008ababc19399c7ed428638b57ea
2270,2023-03-14,241.0,244.0,240.0,243.2,135,,,,,historical_baseline,,fe33df9ae5456d8ee27133c42c244c81d150008ababc19399c7ed428638b57ea
2270,2023-03-15,244.0,244.2,242.0,243.0,155,,,,,historical_baseline,,fe33df9ae5456d8ee27133c42c244c81d150008ababc19399c7ed428638b57ea
2270,2023-03-16,242.0,244.6,239.0,244.6,67,,,,,historical_baseline,,fe33df9ae5456d8ee27133c42c244c81d150008ababc19399c7ed428638b57ea
2270,2023-03-19,244.6,244.6,244.6,244.6,0,,,,,historical_baseline,,fe33df9ae5456d8ee27133c42c244c81d150008ababc19399c7ed428638b57ea
2270,2023-03-20,242.0,242.0,238.8,241.8,90,,,,,historical_baseline,,fe33df9ae5456d8ee27133c42c244c81d150008ababc19399c7ed428638b57ea
2270,2023-03-21,239.4,241.2,239.4,240.2,97,,,,,historical_baseline,,fe33df9ae5456d8ee27133c42c244c81d150008ababc19399c7ed428638b57ea
2270,2023-03-22,239.0,240.0,233.4,233.4,104,,,,,historical_baseline,,fe33df9ae5456d8ee27133c42c244c81d150008ababc19399c7ed428638b57ea
2270,2023-03-23,235.8,237.8,235.8,236.8,75,,,,,historical_baseline,,fe33df9ae5456d8ee27133c42c244c81d150008ababc19399c7ed428638b57ea
2270,2023-03-26,236.8,236.8,236.8,236.8,0,,,,,historical_baseline,,fe33df9ae5456d8ee27133c42c244c81d150008ababc19399c7ed428638b57ea
2270,2023-03-27,236.8,236.8,236.8,236.8,0,,,,,historical_baseline,,fe33df9ae5456d8ee27133c42c244c81d150008ababc19399c7ed428638b57ea
2270,2023-03-28,236.8,236.8,236.8,236.8,0,,,,,historical_baseline,,fe33df9ae5456d8ee27133c42c244c81d150008ababc19399c7ed428638b57ea
2270,2023-03-29,239.2,242.8,239.2,241.0,658,,,,,historical_baseline,,fe33df9ae5456d8ee27133c42c244c81d150008ababc19399c7ed428638b57ea
2270,2023-03-30,243.4,243.4,237.4,237.4,100,,,,,historical_baseline,,fe33df9ae5456d8ee27133c42c244c81d150008ababc19399c7ed428638b57ea
2280,2023-03-01,52.8,53.7,52.8,53.4,307,,,,,historical_baseline,,fe33df9ae5456d8ee27133c42c244c81d150008ababc19399c7ed428638b57ea
2280,2023-03-02,53.6,54.0,53.1,53.1,500,,,,,historical_baseline,,fe33df9ae5456d8ee27133c42c244c81d150008ababc19399c7ed428638b57ea
2280,2023-03-05,53.1,54.1,53.1,54.0,301,,,,,historical_baseline,,fe33df9ae5456d8ee27133c42c244c81d150008ababc19399c7ed428638b57ea
2280,2023-03-06,54.0,54.0,54.0,54.0,0,,,,,historical_baseline,,fe33df9ae5456d8ee27133c42c244c81d150008ababc19399c7ed428638b57ea
2280,2023-03-07,54.0,54.0,54.0,54.0,0,,,,,historical_baseline,,fe33df9ae5456d8ee27133c42c244c81d150008ababc19399c7ed428638b57ea
2280,2023-03-08,54.0,54.8,54.0,54.8,982,,,,,historical_baseline,,fe33df9ae5456d8ee27133c42c244c81d150008ababc19399c7ed428638b57ea
2280,2023-03-09,54.8,54.8,54.8,54.8,0,,,,,historical_baseline,,fe33df9ae5456d8ee27133c42c244c81d150008ababc19399c7ed428638b57ea
2280,2023-03-12,54.8,54.8,54.8,54.8,0,,,,,historical_baseline,,fe33df9ae5456d8ee27133c42c244c81d150008ababc19399c7ed428638b57ea
2280,2023-03-13,54.8,54.8,54.8,54.8,0,,,,,historical_baseline,,fe33df9ae5456d8ee27133c42c244c81d150008ababc19399c7ed428638b57ea
2280,2023-03-14,55.0,56.5,55.0,55.0,1000,,,,,historical_baseline,,fe33df9ae5456d8ee27133c42c244c81d150008ababc19399c7ed428638b57ea
2280,2023-03-15,54.4,55.0,52.9,53.5,764,,,,,historical_baseline,,fe33df9ae5456d8ee27133c42c244c81d150008ababc19399c7ed428638b57ea
2280,2023-03-16,53.6,54.2,53.4,53.4,500,,,,,historical_baseline,,fe33df9ae5456d8ee27133c42c244c81d150008ababc19399c7ed428638b57ea
2280,2023-03-19,53.4,53.4,53.4,53.4,0,,,,,historical_baseline,,fe33df9ae5456d8ee27133c42c244c81d150008ababc19399c7ed428638b57ea
2280,2023-03-20,53.9,54.7,53.9,54.7,500,,,,,historical_baseline,,fe33df9ae5456d8ee27133c42c244c81d150008ababc19399c7ed428638b57ea
2280,2023-03-21,54.7,54.7,53.6,53.6,353,,,,,historical_baseline,,fe33df9ae5456d8ee27133c42c244c81d150008ababc19399c7ed428638b57ea
2280,2023-03-22,53.7,54.2,53.7,54.0,401,,,,,historical_baseline,,fe33df9ae5456d8ee27133c42c244c81d150008ababc19399c7ed428638b57ea
2280,2023-03-23,54.0,54.7,54.0,54.7,8921,,,,,historical_baseline,,fe33df9ae5456d8ee27133c42c244c81d150008ababc19399c7ed428638b57ea
2280,2023-03-26,54.7,54.7,54.7,54.7,0,,,,,historical_baseline,,fe33df9ae5456d8ee27133c42c244c81d150008ababc19399c7ed428638b57ea
2280,2023-03-27,54.7,54.7,54.7,54.7,0,,,,,historical_baseline,,fe33df9ae5456d8ee27133c42c244c81d150008ababc19399c7ed428638b57ea
2280,2023-03-28,54.7,54.7,54.7,54.7,0,,,,,historical_baseline,,fe33df9ae5456d8ee27133c42c244c81d150008ababc19399c7ed428638b57ea
2280,2023-03-29,55.6,55.9,55.3,55.9,948,,,,,historical_baseline,,fe33df9ae5456d8ee27133c42c244c81d150008ababc19399c7ed428638b57ea
2280,2023-03-30,55.9,56.4,55.7,56.4,1200,,,,,historical_baseline,,fe33df9ae5456d8ee27133c42c244c81d150008ababc19399c7ed428638b57ea
2281,2023-03-01,119.4,120.0,118.0,118.0,298,,,,,historical_baseline,,fe33df9ae5456d8ee27133c42c244c81d150008ababc19399c7ed428638b57ea
2281,2023-03-02,118.0,122.2,117.6,121.0,158,,,,,historical_baseline,,fe33df9ae5456d8ee27133c42c244c81d150008ababc19399c7ed428638b57ea
2281,2023-03-05,121.0,121.8,119.8,119.8,183,,,,,historical_baseline,,fe33df9ae5456d8ee27133c42c244c81d150008ababc19399c7ed428638b57ea
2281,2023-03-06,119.8,119.8,119.8,119.8,0,,,,,historical_baseline,,fe33df9ae5456d8ee27133c42c244c81d150008ababc19399c7ed428638b57ea
2281,2023-03-07,119.8,119.8,119.8,119.8,0,,,,,historical_baseline,,fe33df9ae5456d8ee27133c42c244c81d150008ababc19399c7ed428638b57ea
2281,2023-03-08,122.8,125.6,122.2,122.2,214,,,,,historical_baseline,,fe33df9ae5456d8ee27133c42c244c81d150008ababc19399c7ed428638b57ea
2281,2023-03-09,122.2,122.2,122.2,122.2,0,,,,,historical_baseline,,fe33df9ae5456d8ee27133c42c244c81d150008ababc19399c7ed428638b57ea
2281,2023-03-12,122.2,122.2,122.2,122.2,0,,,,,historical_baseline,,fe33df9ae5456d8ee27133c42c244c81d150008ababc19399c7ed428638b57ea
2281,2023-03-13,122.2,122.2,122.2,122.2,0,,,,,historical_baseline,,fe33df9ae5456d8ee27133c42c244c81d150008ababc19399c7ed428638b57ea
2281,2023-03-14,120.2,121.8,119.6,120.0,438,,,,,historical_baseline,,fe33df9ae5456d8ee27133c42c244c81d150008ababc19399c7ed428638b57ea
2281,2023-03-15,119.4,119.8,114.4,114.4,500,,,,,historical_baseline,,fe33df9ae5456d8ee27133c42c244c81d150008ababc19399c7ed428638b57ea
2281,2023-03-16,115.0,115.4,111.0,115.0,250,,,,,historical_baseline,,fe33df9ae5456d8ee27133c42c244c81d150008ababc19399c7ed428638b57ea
2281,2023-03-19,115.0,115.0,115.0,115.0,0,,,,,historical_baseline,,fe33df9ae5456d8ee27133c42c244c81d150008ababc19399c7ed428638b57ea
2281,2023-03-20,116.6,117.6,116.2,116.2,631,,,,,historical_baseline,,fe33df9ae5456d8ee27133c42c244c81d150008ababc19399c7ed428638b57ea
2281,2023-03-21,116.6,123.0,116.6,121.0,258,,,,,historical_baseline,,fe33df9ae5456d8ee27133c42c244c81d150008ababc19399c7ed428638b57ea
2281,2023-03-22,120.2,122.8,119.8,121.6,142,,,,,historical_baseline,,fe33df9ae5456d8ee27133c42c244c81d150008ababc19399c7ed428638b57ea
2281,2023-03-23,121.4,124.6,119.0,124.0,1000,,,,,historical_baseline,,fe33df9ae5456d8ee27133c42c244c81d150008ababc19399c7ed428638b57ea
2281,2023-03-26,124.0,124.0,124.0,124.0,0,,,,,historical_baseline,,fe33df9ae5456d8ee27133c42c244c81d150008ababc19399c7ed428638b57ea
2281,2023-03-27,124.0,124.0,124.0,124.0,0,,,,,historical_baseline,,fe33df9ae5456d8ee27133c42c244c81d150008ababc19399c7ed428638b57ea
2281,2023-03-28,124.0,124.0,124.0,124.0,0,,,,,historical_baseline,,fe33df9ae5456d8ee27133c42c244c81d150008ababc19399c7ed428638b57ea
2281,2023-03-29,124.0,124.0,124.0,124.0,0,,,,,historical_baseline,,fe33df9ae5456d8ee27133c42c244c81d150008ababc19399c7ed428638b57ea
2281,2023-03-30,126.4,132.2,125.8,128.6,279,,,,,historical_baseline,,fe33df9ae5456d8ee27133c42c244c81d150008ababc19399c7ed428638b57ea
2290,2023-03-01,42.1,42.6,41.9,42.05,500,,,,,historical_baseline,,fe33df9ae5456d8ee27133c42c244c81d150008ababc19399c7ed428638b57ea
2290,2023-03-02,42.45,42.7,41.8,41.8,1000,,,,,historical_baseline,,fe33df9ae5456d8ee27133c42c244c81d150008ababc19399c7ed428638b57ea
2290,2023-03-05,42.0,42.75,42.0,42.65,588,,,,,historical_baseline,,fe33df9ae5456d8ee27133c42c244c81d150008ababc19399c7ed428638b57ea
2290,2023-03-06,42.65,42.65,42.65,42.65,0,,,,,historical_baseline,,fe33df9ae5456d8ee27133c42c244c81d150008ababc19399c7ed428638b57ea
2290,2023-03-07,42.65,42.65,42.65,42.65,0,,,,,historical_baseline,,fe33df9ae5456d8ee27133c42c244c81d150008ababc19399c7ed428638b57ea
2290,2023-03-08,42.55,42.7,41.95,42.0,1200,,,,,historical_baseline,,fe33df9ae5456d8ee27133c42c244c81d150008ababc19399c7ed428638b57ea
2290,2023-03-09,42.0,42.0,42.0,42.0,0,,,,,historical_baseline,,fe33df9ae5456d8ee27133c42c244c81d150008ababc19399c7ed428638b57ea
2290,2023-03-12,42.0,42.15,41.65,41.8,864,,,,,historical_baseline,,fe33df9ae5456d8ee27133c42c244c81d150008ababc19399c7ed428638b57ea
2290,2023-03-13,41.8,41.8,41.8,41.8,0,,,,,historical_baseline,,fe33df9ae5456d8ee27133c42c244c81d150008ababc19399c7ed428638b57ea
2290,2023-03-14,41.9,42.1,40.9,40.9,5204,,,,,historical_baseline,,fe33df9ae5456d8ee27133c42c244c81d150008ababc19399c7ed428638b57ea
2290,2023-03-15,41.2,41.35,40.35,40.35,600,,,,,historical_baseline,,fe33df9ae5456d8ee27133c42c244c81d150008ababc19399c7ed428638b57ea
2290,2023-03-16,40.0,40.45,39.95,40.35,772,,,,,historical_baseline,,fe33df9ae5456d8ee27133c42c244c81d150008ababc19399c7ed428638b57ea
2290,2023-03-19,40.35,40.35,40.35,40.35,0,,,,,historical_baseline,,fe33df9ae5456d8ee27133c42c244c81d150008ababc19399c7ed428638b57ea
2290,2023-03-20,40.7,40.95,40.4,40.95,1127,,,,,historical_baseline,,fe33df9ae5456d8ee27133c42c244c81d150008ababc19399c7ed428638b57ea
2290,2023-03-21,41.0,41.5,40.85,41.5,500,,,,,historical_baseline,,fe33df9ae5456d8ee27133c42c244c81d150008ababc19399c7ed428638b57ea
2290,2023-03-22,41.25,41.6,40.95,40.95,1000,,,,,historical_baseline,,fe33df9ae5456d8ee27133c42c244c81d150008ababc19399c7ed428638b57ea
2290,2023-03-23,40.75,41.15,40.75,41.15,1000,,,,,historical_baseline,,fe33df9ae5456d8ee27133c42c244c81d150008ababc19399c7ed428638b57ea
2290,2023-03-26,41.15,41.15,41.15,41.15,0,,,,,historical_baseline,,fe33df9ae5456d8ee27133c42c244c81d150008ababc19399c7ed428638b57ea
2290,2023-03-27,41.15,41.15,41.15,41.15,0,,,,,historical_baseline,,fe33df9ae5456d8ee27133c42c244c81d150008ababc19399c7ed428638b57ea
2290,2023-03-28,41.15,41.15,41.15,41.15,0,,,,,historical_baseline,,fe33df9ae5456d8ee27133c42c244c81d150008ababc19399c7ed428638b57ea
2290,2023-03-29,41.7,41.75,41.35,41.7,1579,,,,,historical_baseline,,fe33df9ae5456d8ee27133c42c244c81d150008ababc19399c7ed428638b57ea
2290,2023-03-30,41.65,42.35,41.6,42.15,1090,,,,,historical_baseline,,fe33df9ae5456d8ee27133c42c244c81d150008ababc19399c7ed428638b57ea
2300,2023-03-01,25.4,25.95,25.4,25.5,985,,,,,historical_baseline,,fe33df9ae5456d8ee27133c42c244c81d150008ababc19399c7ed428638b57ea
2300,2023-03-02,25.6,25.65,25.35,25.4,932,,,,,historical_baseline,,fe33df9ae5456d8ee27133c42c244c81d150008ababc19399c7ed428638b57ea
2300,2023-03-05,25.5,25.75,25.4,25.6,963,,,,,historical_baseline,,fe33df9ae5456d8ee27133c42c244c81d150008ababc19399c7ed428638b57ea
2300,2023-03-06,25.6,25.6,25.6,25.6,0,,,,,historical_baseline,,fe33df9ae5456d8ee27133c42c244c81d150008ababc19399c7ed428638b57ea
2300,2023-03-07,25.6,25.6,25.6,25.6,0,,,,,historical_baseline,,fe33df9ae5456d8ee27133c42c244c81d150008ababc19399c7ed428638b57ea
2300,2023-03-08,25.45,26.4,25.4,26.2,600,,,,,historical_baseline,,fe33df9ae5456d8ee27133c42c244c81d150008ababc19399c7ed428638b57ea
2300,2023-03-09,26.2,26.2,26.2,26.2,0,,,,,historical_baseline,,fe33df9ae5456d8ee27133c42c244c81d150008ababc19399c7ed428638b57ea
2300,2023-03-12,26.2,27.1,26.0,27.0,1000,,,,,historical_baseline,,fe33df9ae5456d8ee27133c42c244c81d150008ababc19399c7ed428638b57ea
2300,2023-03-13,27.0,27.0,27.0,27.0,0,,,,,historical_baseline,,fe33df9ae5456d8ee27133c42c244c81d150008ababc19399c7ed428638b57ea
2300,2023-03-14,27.3,28.15,27.3,27.9,1572,,,,,historical_baseline,,fe33df9ae5456d8ee27133c42c244c81d150008ababc19399c7ed428638b57ea
2300,2023-03-15,28.3,28.6,27.3,27.6,999,,,,,historical_baseline,,fe33df9ae5456d8ee27133c42c244c81d150008ababc19399c7ed428638b57ea
2300,2023-03-16,27.3,28.05,26.9,27.65,2060,,,,,historical_baseline,,fe33df9ae5456d8ee27133c42c244c81d150008ababc19399c7ed428638b57ea
2300,2023-03-19,27.65,27.65,27.65,27.65,0,,,,,historical_baseline,,fe33df9ae5456d8ee27133c42c244c81d150008ababc19399c7ed428638b57ea
2300,2023-03-20,27.55,27.9,27.25,27.4,615,,,,,historical_baseline,,fe33df9ae5456d8ee27133c42c244c81d150008ababc19399c7ed428638b57ea
2300,2023-03-21,27.45,27.95,27.1,27.1,717,,,,,historical_baseline,,fe33df9ae5456d8ee27133c42c244c81d150008ababc19399c7ed428638b57ea
2300,2023-03-22,27.35,27.65,27.0,27.25,1322,,,,,historical_baseline,,fe33df9ae5456d8ee27133c42c244c81d150008ababc19399c7ed428638b57ea
2300,2023-03-23,27.0,27.3,26.9,26.95,965,,,,,historical_baseline,,fe33df9ae5456d8ee27133c42c244c81d150008ababc19399c7ed428638b57ea
2300,2023-03-26,26.95,26.95,26.95,26.95,0,,,,,historical_baseline,,fe33df9ae5456d8ee27133c42c244c81d150008ababc19399c7ed428638b57ea
2300,2023-03-27,26.95,26.95,26.95,26.95,0,,,,,historical_baseline,,fe33df9ae5456d8ee27133c42c244c81d150008ababc19399c7ed428638b57ea
2300,2023-03-28,26.95,26.95,26.95,26.95,0,,,,,historical_baseline,,fe33df9ae5456d8ee27133c42c244c81d150008ababc19399c7ed428638b57ea
2300,2023-03-29,28.5,28.6,28.1,28.1,370,,,,,historical_baseline,,fe33df9ae5456d8ee27133c42c244c81d150008ababc19399c7ed428638b57ea
2300,2023-03-30,28.05,29.0,28.0,28.9,700,,,,,historical_baseline,,fe33df9ae5456d8ee27133c42c244c81d150008ababc19399c7ed428638b57ea
2310,2023-03-01,35.4,35.4,34.8,34.85,650,,,,,historical_baseline,,fe33df9ae5456d8ee27133c42c244c81d150008ababc19399c7ed428638b57ea
2310,2023-03-02,35.05,35.15,34.7,35.05,1479,,,,,historical_baseline,,fe33df9ae5456d8ee27133c42c244c81d150008ababc19399c7ed428638b57ea
2310,2023-03-05,35.05,36.35,35.05,36.35,3500,,,,,historical_baseline,,fe33df9ae5456d8ee27133c42c244c81d150008ababc19399c7ed428638b57ea
2310,2023-03-06,36.35,36.35,36.35,36.35,0,,,,,historical_baseline,,fe33df9ae5456d8ee27133c42c244c81d150008ababc19399c7ed428638b57ea
2310,2023-03-07,36.35,36.35,36.35,36.35,0,,,,,historical_baseline,,fe33df9ae5456d8ee27133c42c244c81d150008ababc19399c7ed428638b57ea
2310,2023-03-08,36.6,36.6,36.0,36.15,792,,,,,historical_baseline,,fe33df9ae5456d8ee27133c42c244c81d150008ababc19399c7ed428638b57ea
2310,2023-03-09,36.15,36.15,36.15,36.15,0,,,,,historical_baseline,,fe33df9ae5456d8ee27133c42c244c81d150008ababc19399c7ed428638b57ea
2310,2023-03-12,36.2,36.45,35.95,36.1,1434,,,,,historical_baseline,,fe33df9ae5456d8ee27133c42c244c81d150008ababc19399c7ed428638b57ea
2310,2023-03-13,36.1,36.1,36.1,36.1,0,,,,,historical_baseline,,fe33df9ae5456d8ee27133c42c244c81d150008ababc19399c7ed428638b57ea
2310,2023-03-14,36.15,36.4,35.7,36.0,1101,,,,,historical_baseline,,fe33df9ae5456d8ee27133c42c244c81d150008ababc19399c7ed428638b57ea
2310,2023-03-15,36.0,36.9,36.0,36.2,10000,,,,,historical_baseline,,fe33df9ae5456d8ee27133c42c244c81d150008ababc19399c7ed428638b57ea
2310,2023-03-16,36.05,36.2,34.95,35.0,13500,,,,,historical_baseline,,fe33df9ae5456d8ee27133c42c244c81d150008ababc19399c7ed428638b57ea
2310,2023-03-19,35.0,35.0,35.0,35.0,0,,,,,historical_baseline,,fe33df9ae5456d8ee27133c42c244c81d150008ababc19399c7ed428638b57ea
2310,2023-03-20,35.1,35.2,34.35,34.95,1267,,,,,historical_baseline,,fe33df9ae5456d8ee27133c42c244c81d150008ababc19399c7ed428638b57ea
2310,2023-03-21,35.05,35.8,34.9,35.7,3018,,,,,historical_baseline,,fe33df9ae5456d8ee27133c42c244c81d150008ababc19399c7ed428638b57ea
2310,2023-03-22,35.7,35.8,35.2,35.55,5000,,,,,historical_baseline,,fe33df9ae5456d8ee27133c42c244c81d150008ababc19399c7ed428638b57ea
2310,2023-03-23,35.45,36.0,35.15,36.0,2701,,,,,historical_baseline,,fe33df9ae5456d8ee27133c42c244c81d150008ababc19399c7ed428638b57ea
2310,2023-03-26,36.0,36.0,36.0,36.0,0,,,,,historical_baseline,,fe33df9ae5456d8ee27133c42c244c81d150008ababc19399c7ed428638b57ea
2310,2023-03-27,36.0,36.0,36.0,36.0,0,,,,,historical_baseline,,fe33df9ae5456d8ee27133c42c244c81d150008ababc19399c7ed428638b57ea
2310,2023-03-28,36.0,36.0,36.0,36.0,0,,,,,historical_baseline,,fe33df9ae5456d8ee27133c42c244c81d150008ababc19399c7ed428638b57ea
2310,2023-03-29,37.7,37.85,37.25,37.6,3640,,,,,historical_baseline,,fe33df9ae5456d8ee27133c42c244c81d150008ababc19399c7ed428638b57ea
2310,2023-03-30,37.75,38.3,37.5,37.85,5142,,,,,historical_baseline,,fe33df9ae5456d8ee27133c42c244c81d150008ababc19399c7ed428638b57ea
2320,2023-03-01,14.4,14.71,14.39,14.71,2250,,,,,historical_baseline,,fe33df9ae5456d8ee27133c42c244c81d150008ababc19399c7ed428638b57ea
2320,2023-03-02,14.69,14.83,14.63,14.67,1402,,,,,historical_baseline,,fe33df9ae5456d8ee27133c42c244c81d150008ababc19399c7ed428638b57ea
2320,2023-03-05,14.79,14.81,14.75,14.81,3750,,,,,historical_baseline,,fe33df9ae5456d8ee27133c42c244c81d150008ababc19399c7ed428638b57ea
2320,2023-03-06,14.81,14.81,14.81,14.81,0,,,,,historical_baseline,,fe33df9ae5456d8ee27133c42c244c81d150008ababc19399c7ed428638b57ea
2320,2023-03-07,14.81,14.81,14.81,14.81,0,,,,,historical_baseline,,fe33df9ae5456d8ee27133c42c244c81d150008ababc19399c7ed428638b57ea
2320,2023-03-08,14.67,14.69,14.67,14.68,1306,,,,,historical_baseline,,fe33df9ae5456d8ee27133c42c244c81d150008ababc19399c7ed428638b57ea
2320,2023-03-09,14.68,14.68,14.68,14.68,0,,,,,historical_baseline,,fe33df9ae5456d8ee27133c42c244c81d150008ababc19399c7ed428638b57ea
2320,2023-03-12,14.68,14.68,14.68,14.68,0,,,,,historical_baseline,,fe33df9ae5456d8ee27133c42c244c81d150008ababc19399c7ed428638b57ea
2320,2023-03-13,14.68,14.68,14.68,14.68,0,,,,,historical_baseline,,fe33df9ae5456d8ee27133c42c244c81d150008ababc19399c7ed428638b57ea
2320,2023-03-14,14.97,15.0,14.68,14.73,3211,,,,,historical_baseline,,fe33df9ae5456d8ee27133c42c244c81d150008ababc19399c7ed428638b57ea
2320,2023-03-15,14.8,14.8,14.6,14.6,1498,,,,,historical_baseline,,fe33df9ae5456d8ee27133c42c244c81d150008ababc19399c7ed428638b57ea
2320,2023-03-16,14.41,14.56,14.33,14.4,1519,,,,,historical_baseline,,fe33df9ae5456d8ee27133c42c244c81d150008ababc19399c7ed428638b57ea
2320,2023-03-19,14.4,14.4,14.4,14.4,0,,,,,historical_baseline,,fe33df9ae5456d8ee27133c42c244c81d150008ababc19399c7ed428638b57ea
2320,2023-03-20,14.53,14.53,14.33,14.33,2643,,,,,historical_baseline,,fe33df9ae5456d8ee27133c42c244c81d150008ababc19399c7ed428638b57ea
2320,2023-03-21,14.4,14.53,14.33,14.53,1500,,,,,historical_baseline,,fe33df9ae5456d8ee27133c42c244c81d150008ababc19399c7ed428638b57ea
2320,2023-03-22,14.53,14.69,14.48,14.53,6048,,,,,historical_baseline,,fe33df9ae5456d8ee27133c42c244c81d150008ababc19399c7ed428638b57ea
2320,2023-03-23,14.51,14.59,14.43,14.59,3154,,,,,historical_baseline,,fe33df9ae5456d8ee27133c42c244c81d150008ababc19399c7ed428638b57ea
2320,2023-03-26,14.59,14.59,14.59,14.59,0,,,,,historical_baseline,,fe33df9ae5456d8ee27133c42c244c81d150008ababc19399c7ed428638b57ea
2320,2023-03-27,14.59,14.59,14.59,14.59,0,,,,,historical_baseline,,fe33df9ae5456d8ee27133c42c244c81d150008ababc19399c7ed428638b57ea
2320,2023-03-28,14.59,14.59,14.59,14.59,0,,,,,historical_baseline,,fe33df9ae5456d8ee27133c42c244c81d150008ababc19399c7ed428638b57ea
2320,2023-03-29,15.23,15.39,15.21,15.29,1311,,,,,historical_baseline,,fe33df9ae5456d8ee27133c42c244c81d150008ababc19399c7ed428638b57ea
2320,2023-03-30,15.35,15.69,15.01,15.6,1066,,,,,historical_baseline,,fe33df9ae5456d8ee27133c42c244c81d150008ababc19399c7ed428638b57ea
2330,2023-03-01,48.3,48.3,46.4,47.0,565,,,,,historical_baseline,,fe33df9ae5456d8ee27133c42c244c81d150008ababc19399c7ed428638b57ea
2330,2023-03-02,47.6,48.9,47.15,48.05,368,,,,,historical_baseline,,fe33df9ae5456d8ee27133c42c244c81d150008ababc19399c7ed428638b57ea
2330,2023-03-05,48.2,50.7,48.2,50.0,9487,,,,,historical_baseline,,fe33df9ae5456d8ee27133c42c244c81d150008ababc19399c7ed428638b57ea
2330,2023-03-06,50.0,50.0,50.0,50.0,0,,,,,historical_baseline,,fe33df9ae5456d8ee27133c42c244c81d150008ababc19399c7ed428638b57ea
2330,2023-03-07,50.0,50.0,50.0,50.0,0,,,,,historical_baseline,,fe33df9ae5456d8ee27133c42c244c81d150008ababc19399c7ed428638b57ea
2330,2023-03-08,49.5,50.0,49.4,49.6,920,,,,,historical_baseline,,fe33df9ae5456d8ee27133c42c244c81d150008ababc19399c7ed428638b57ea
2330,2023-03-09,49.6,49.6,49.6,49.6,0,,,,,historical_baseline,,fe33df9ae5456d8ee27133c42c244c81d150008ababc19399c7ed428638b57ea
2330,2023-03-12,49.0,49.0,48.05,48.35,1569,,,,,historical_baseline,,fe33df9ae5456d8ee27133c42c244c81d150008ababc19399c7ed428638b57ea
2330,2023-03-13,48.35,48.35,48.35,48.35,0,,,,,historical_baseline,,fe33df9ae5456d8ee27133c42c244c81d150008ababc19399c7ed428638b57ea
2330,2023-03-14,48.25,49.2,48.25,48.65,823,,,,,historical_baseline,,fe33df9ae5456d8ee27133c42c244c81d150008ababc19399c7ed428638b57ea
2330,2023-03-15,47.7,47.95,47.4,47.95,3004,,,,,historical_baseline,,fe33df9ae5456d8ee27133c42c244c81d150008ababc19399c7ed428638b57ea
2330,2023-03-16,47.4,48.65,46.5,46.5,396,,,,,historical_baseline,,fe33df9ae5456d8ee27133c42c244c81d150008ababc19399c7ed428638b57ea
2330,2023-03-19,46.5,46.5,46.5,46.5,0,,,,,historical_baseline,,fe33df9ae5456d8ee27133c42c244c81d150008ababc19399c7ed428638b57ea
2330,2023-03-20,46.75,46.95,46.0,46.5,814,,,,,historical_baseline,,fe33df9ae5456d8ee27133c42c244c81d150008ababc19399c7ed428638b57ea
2330,2023-03-21,46.5,47.95,46.5,47.85,469,,,,,historical_baseline,,fe33df9ae5456d8ee27133c42c244c81d150008ababc19399c7ed428638b57ea
2330,2023-03-22,47.8,47.8,46.7,47.15,392,,,,,historical_baseline,,fe33df9ae5456d8ee27133c42c244c81d150008ababc19399c7ed428638b57ea
2330,2023-03-23,46.7,47.1,45.4,46.95,1150,,,,,historical_baseline,,fe33df9ae5456d8ee27133c42c244c81d150008ababc19399c7ed428638b57ea
2330,2023-03-26,46.95,46.95,46.95,46.95,0,,,,,historical_baseline,,fe33df9ae5456d8ee27133c42c244c81d150008ababc19399c7ed428638b57ea
2330,2023-03-27,46.95,46.95,46.95,46.95,0,,,,,historical_baseline,,fe33df9ae5456d8ee27133c42c244c81d150008ababc19399c7ed428638b57ea
2330,2023-03-28,46.95,46.95,46.95,46.95,0,,,,,historical_baseline,,fe33df9ae5456d8ee27133c42c244c81d150008ababc19399c7ed428638b57ea
2330,2023-03-29,47.5,47.5,46.55,46.8,2141,,,,,historical_baseline,,fe33df9ae5456d8ee27133c42c244c81d150008ababc19399c7ed428638b57ea
2330,2023-03-30,46.8,48.0,46.8,47.8,1261,,,,,historical_baseline,,fe33df9ae5456d8ee27133c42c244c81d150008ababc19399c7ed428638b57ea
2340,2023-03-01,16.2,16.78,16.2,16.56,1703,,,,,historical_baseline,,fe33df9ae5456d8ee27133c42c244c81d150008ababc19399c7ed428638b57ea
2340,2023-03-02,16.56,17.02,16.48,17.02,1000,,,,,historical_baseline,,fe33df9ae5456d8ee27133c42c244c81d150008ababc19399c7ed428638b57ea
2340,2023-03-05,17.04,17.26,17.02,17.22,1000,,,,,historical_baseline,,fe33df9ae5456d8ee27133c42c244c81d150008ababc19399c7ed428638b57ea
2340,2023-03-06,17.22,17.22,17.22,17.22,0,,,,,historical_baseline,,fe33df9ae5456d8ee27133c42c244c81d150008ababc19399c7ed428638b57ea
2340,2023-03-07,17.22,17.22,17.22,17.22,0,,,,,historical_baseline,,fe33df9ae5456d8ee27133c42c244c81d150008ababc19399c7ed428638b57ea
2340,2023-03-08,17.0,17.0,16.68,16.68,1386,,,,,historical_baseline,,fe33df9ae5456d8ee27133c42c244c81d150008ababc19399c7ed428638b57ea
2340,2023-03-09,16.68,16.68,16.68,16.68,0,,,,,historical_baseline,,fe33df9ae5456d8ee27133c42c244c81d150008ababc19399c7ed428638b57ea
2340,2023-03-12,16.68,16.68,16.68,16.68,0,,,,,historical_baseline,,fe33df9ae5456d8ee27133c42c244c81d150008ababc19399c7ed428638b57ea
2340,2023-03-13,16.68,16.68,16.68,16.68,0,,,,,historical_baseline,,fe33df9ae5456d8ee27133c42c244c81d150008ababc19399c7ed428638b57ea
2340,2023-03-14,17.36,17.46,17.14,17.3,1330,,,,,historical_baseline,,fe33df9ae5456d8ee27133c42c244c81d150008ababc19399c7ed428638b57ea
2340,2023-03-15,16.9,17.06,16.56,16.7,950,,,,,historical_baseline,,fe33df9ae5456d8ee27133c42c244c81d150008ababc19399c7ed428638b57ea
2340,2023-03-16,16.62,17.1,16.4,16.9,1357,,,,,historical_baseline,,fe33df9ae5456d8ee27133c42c244c81d150008ababc19399c7ed428638b57ea
2340,2023-03-19,16.9,16.9,16.9,16.9,0,,,,,historical_baseline,,fe33df9ae5456d8ee27133c42c244c81d150008ababc19399c7ed428638b57ea
2340,2023-03-20,17.06,17.24,17.02,17.12,1220,,,,,historical_baseline,,fe33df9ae5456d8ee27133c42c244c81d150008ababc19399c7ed428638b57ea
2340,2023-03-21,17.14,17.32,17.12,17.12,1000,,,,,historical_baseline,,fe33df9ae5456d8ee27133c42c244c81d150008ababc19399c7ed428638b57ea
2340,2023-03-22,17.06,17.16,16.74,16.76,2357,,,,,historical_baseline,,fe33df9ae5456d8ee27133c42c244c81d150008ababc19399c7ed428638b57ea
2340,2023-03-23,16.74,16.92,16.58,16.78,1235,,,,,historical_baseline,,fe33df9ae5456d8ee27133c42c244c81d150008ababc19399c7ed428638b57ea
2340,2023-03-26,16.78,16.78,16.78,16.78,0,,,,,historical_baseline,,fe33df9ae5456d8ee27133c42c244c81d150008ababc19399c7ed428638b57ea
2340,2023-03-27,16.78,16.78,16.78,16.78,0,,,,,historical_baseline,,fe33df9ae5456d8ee27133c42c244c81d150008ababc19399c7ed428638b57ea
2340,2023-03-28,16.78,16.78,16.78,16.78,0,,,,,historical_baseline,,fe33df9ae5456d8ee27133c42c244c81d150008ababc19399c7ed428638b57ea
2340,2023-03-29,17.54,19.08,17.54,17.86,6738,,,,,historical_baseline,,fe33df9ae5456d8ee27133c42c244c81d150008ababc19399c7ed428638b57ea
2340,2023-03-30,17.9,17.9,17.0,17.2,3352,,,,,historical_baseline,,fe33df9ae5456d8ee27133c42c244c81d150008ababc19399c7ed428638b57ea
2350,2023-03-01,12.7,12.86,12.54,12.7,2557,,,,,historical_baseline,,fe33df9ae5456d8ee27133c42c244c81d150008ababc19399c7ed428638b57ea
2350,2023-03-02,12.7,12.84,12.7,12.72,2994,,,,,historical_baseline,,fe33df9ae5456d8ee27133c42c244c81d150008ababc19399c7ed428638b57ea
2350,2023-03-05,12.8,12.8,12.58,12.58,2000,,,,,historical_baseline,,fe33df9ae5456d8ee27133c42c244c81d150008ababc19399c7ed428638b57ea
2350,2023-03-06,12.58,12.58,12.58,12.58,0,,,,,historical_baseline,,fe33df9ae5456d8ee27133c42c244c81d150008ababc19399c7ed428638b57ea
2350,2023-03-07,12.58,12.58,12.58,12.58,0,,,,,historical_baseline,,fe33df9ae5456d8ee27133c42c244c81d150008ababc19399c7ed428638b57ea
2350,2023-03-08,12.52,12.62,12.34,12.62,5000,,,,,historical_baseline,,fe33df9ae5456d8ee27133c42c244c81d150008ababc19399c7ed428638b57ea
2350,2023-03-09,12.62,12.62,12.62,12.62,0,,,,,historical_baseline,,fe33df9ae5456d8ee27133c42c244c81d150008ababc19399c7ed428638b57ea
2350,2023-03-12,12.56,12.58,12.34,12.38,2731,,,,,historical_baseline,,fe33df9ae5456d8ee27133c42c244c81d150008ababc19399c7ed428638b57ea
2350,2023-03-13,12.38,12.38,12.38,12.38,0,,,,,historical_baseline,,fe33df9ae5456d8ee27133c42c244c81d150008ababc19399c7ed428638b57ea
2350,2023-03-14,12.4,12.44,12.14,12.14,2632,,,,,historical_baseline,,fe33df9ae5456d8ee27133c42c244c81d150008ababc19399c7ed428638b57ea
2350,2023-03-15,12.02,12.06,11.82,11.86,2099,,,,,historical_baseline,,fe33df9ae5456d8ee27133c42c244c81d150008ababc19399c7ed428638b57ea
2350,2023-03-16,11.82,11.86,11.5,11.54,7500,,,,,historical_baseline,,fe33df9ae5456d8ee27133c42c244c81d150008ababc19399c7ed428638b57ea
2350,2023-03-19,11.54,11.54,11.54,11.54,0,,,,,historical_baseline,,fe33df9ae5456d8ee27133c42c244c81d150008ababc19399c7ed428638b57ea
2350,2023-03-20,11.46,11.46,11.22,11.28,2000,,,,,historical_baseline,,fe33df9ae5456d8ee27133c42c244c81d150008ababc19399c7ed428638b57ea
2350,2023-03-21,11.3,11.7,11.3,11.7,1399,,,,,historical_baseline,,fe33df9ae5456d8ee27133c42c244c81d150008ababc19399c7ed428638b57ea
2350,2023-03-22,11.7,11.94,11.64,11.64,14990,,,,,historical_baseline,,fe33df9ae5456d8ee27133c42c244c81d150008ababc19399c7ed428638b57ea
2350,2023-03-23,11.64,11.66,11.5,11.58,1300,,,,,historical_baseline,,fe33df9ae5456d8ee27133c42c244c81d150008ababc19399c7ed428638b57ea
2350,2023-03-26,11.58,11.58,11.58,11.58,0,,,,,historical_baseline,,fe33df9ae5456d8ee27133c42c244c81d150008ababc19399c7ed428638b57ea
2350,2023-03-27,11.58,11.58,11.58,11.58,0,,,,,historical_baseline,,fe33df9ae5456d8ee27133c42c244c81d150008ababc19399c7ed428638b57ea
2350,2023-03-28,11.58,11.58,11.58,11.58,0,,,,,historical_baseline,,fe33df9ae5456d8ee27133c42c244c81d150008ababc19399c7ed428638b57ea
2350,2023-03-29,11.84,11.92,11.72,11.9,2469,,,,,historical_baseline,,fe33df9ae5456d8ee27133c42c244c81d150008ababc19399c7ed428638b57ea
2350,2023-03-30,11.9,12.12,11.84,12.1,2204,,,,,historical_baseline,,fe33df9ae5456d8ee27133c42c244c81d150008ababc19399c7ed428638b57ea
2360,2023-03-01,40.25,40.75,40.2,40.5,1013,,,,,historical_baseline,,fe33df9ae5456d8ee27133c42c244c81d150008ababc19399c7ed428638b57ea
2360,2023-03-02,40.7,41.1,40.55,40.75,468,,,,,historical_baseline,,fe33df9ae5456d8ee27133c42c244c81d150008ababc19399c7ed428638b57ea
2360,2023-03-05,40.6,40.85,40.15,40.75,1000,,,,,historical_baseline,,fe33df9ae5456d8ee27133c42c244c81d150008ababc19399c7ed428638b57ea
2360,2023-03-06,40.75,40.75,40.75,40.75,0,,,,,historical_baseline,,fe33df9ae5456d8ee27133c42c244c81d150008ababc19399c7ed428638b57ea
2360,2023-03-07,40.75,40.75,40.75,40.75,0,,,,,historical_baseline,,fe33df9ae5456d8ee27133c42c244c81d150008ababc19399c7ed428638b57ea
2360,2023-03-08,40.55,40.55,39.65,39.8,1213,,,,,historical_baseline,,fe33df9ae5456d8ee27133c42c244c81d150008ababc19399c7ed428638b57ea
2360,2023-03-09,39.8,39.8,39.8,39.8,0,,,,,historical_baseline,,fe33df9ae5456d8ee27133c42c244c81d150008ababc19399c7ed428638b57ea
2360,2023-03-12,39.8,39.8,39.8,39.8,0,,,,,historical_baseline,,fe33df9ae5456d8ee27133c42c244c81d150008ababc19399c7ed428638b57ea
2360,2023-03-13,39.8,39.8,39.8,39.8,0,,,,,historical_baseline,,fe33df9ae5456d8ee27133c42c244c81d150008ababc19399c7ed428638b57ea
2360,2023-03-14,39.5,39.8,39.3,39.6,410,,,,,historical_baseline,,fe33df9ae5456d8ee27133c42c244c81d150008ababc19399c7ed428638b57ea
2360,2023-03-15,38.85,39.0,37.9,37.9,500,,,,,historical_baseline,,fe33df9ae5456d8ee27133c42c244c81d150008ababc19399c7ed428638b57ea
2360,2023-03-16,38.0,38.0,37.0,37.45,472,,,,,historical_baseline,,fe33df9ae5456d8ee27133c42c244c81d150008ababc19399c7ed428638b57ea
2360,2023-03-19,37.45,37.45,37.45,37.45,0,,,,,historical_baseline,,fe33df9ae5456d8ee27133c42c244c81d150008ababc19399c7ed428638b57ea
2360,2023-03-20,37.05,37.7,36.9,37.7,500,,,,,historical_baseline,,fe33df9ae5456d8ee27133c42c244c81d150008ababc19399c7ed428638b57ea
2360,2023-03-21,37.75,39.3,37.7,38.8,1265,,,,,historical_baseline,,fe33df9ae5456d8ee27133c42c244c81d150008ababc19399c7ed428638b57ea
2360,2023-03-22,38.85,39.4,38.1,38.1,400,,,,,historical_baseline,,fe33df9ae5456d8ee27133c42c244c81d150008ababc19399c7ed428638b57ea
2360,2023-03-23,38.15,38.15,37.55,37.85,547,,,,,historical_baseline,,fe33df9ae5456d8ee27133c42c244c81d150008ababc19399c7ed428638b57ea
2360,2023-03-26,37.85,37.85,37.85,37.85,0,,,,,historical_baseline,,fe33df9ae5456d8ee27133c42c244c81d150008ababc19399c7ed428638b57ea
2360,2023-03-27,37.85,37.85,37.85,37.85,0,,,,,historical_baseline,,fe33df9ae5456d8ee27133c42c244c81d150008ababc19399c7ed428638b57ea
2360,2023-03-28,37.85,37.85,37.85,37.85,0,,,,,historical_baseline,,fe33df9ae5456d8ee27133c42c244c81d150008ababc19399c7ed428638b57ea
2360,2023-03-29,40.1,41.3,40.1,41.3,1140,,,,,historical_baseline,,fe33df9ae5456d8ee27133c42c244c81d150008ababc19399c7ed428638b57ea
2360,2023-03-30,41.5,45.4,41.4,43.05,854,,,,,historical_baseline,,fe33df9ae5456d8ee27133c42c244c81d150008ababc19399c7ed428638b57ea
2370,2023-03-01,10.26,10.28,10.18,10.26,1971,,,,,historical_baseline,,fe33df9ae5456d8ee27133c42c244c81d150008ababc19399c7ed428638b57ea
2370,2023-03-02,10.36,10.4,10.26,10.26,2310,,,,,historical_baseline,,fe33df9ae5456d8ee27133c42c244c81d150008ababc19399c7ed428638b57ea
2370,2023-03-05,10.32,10.42,10.28,10.3,3000,,,,,historical_baseline,,fe33df9ae5456d8ee27133c42c244c81d150008ababc19399c7ed428638b57ea
2370,2023-03-06,10.3,10.3,10.3,10.3,0,,,,,historical_baseline,,fe33df9ae5456d8ee27133c42c244c81d150008ababc19399c7ed428638b57ea
2370,2023-03-07,10.3,10.3,10.3,10.3,0,,,,,historical_baseline,,fe33df9ae5456d8ee27133c42c244c81d150008ababc19399c7ed428638b57ea
2370,2023-03-08,10.2,10.22,10.1,10.12,2024,,,,,historical_baseline,,fe33df9ae5456d8ee27133c42c244c81d150008ababc19399c7ed428638b57ea
2370,2023-03-09,10.12,10.12,10.12,10.12,0,,,,,historical_baseline,,fe33df9ae5456d8ee27133c42c244c81d150008ababc19399c7ed428638b57ea
2370,2023-03-12,10.12,10.12,10.12,10.12,0,,,,,historical_baseline,,fe33df9ae5456d8ee27133c42c244c81d150008ababc19399c7ed428638b57ea
2370,2023-03-13,10.12,10.12,10.12,10.12,0,,,,,historical_baseline,,fe33df9ae5456d8ee27133c42c244c81d150008ababc19399c7ed428638b57ea
2370,2023-03-14,10.2,10.2,10.0,10.0,15110,,,,,historical_baseline,,fe33df9ae5456d8ee27133c42c244c81d150008ababc19399c7ed428638b57ea
2370,2023-03-15,10.02,10.02,9.83,9.83,5000,,,,,historical_baseline,,fe33df9ae5456d8ee27133c42c244c81d150008ababc19399c7ed428638b57ea
2370,2023-03-16,9.82,9.83,9.65,9.65,4472,,,,,historical_baseline,,fe33df9ae5456d8ee27133c42c244c81d150008ababc19399c7ed428638b57ea
2370,2023-03-19,9.65,9.65,9.65,9.65,0,,,,,historical_baseline,,fe33df9ae5456d8ee27133c42c244c81d150008ababc19399c7ed428638b57ea
2370,2023-03-20,9.68,9.68,9.58,9.58,8129,,,,,historical_baseline,,fe33df9ae5456d8ee27133c42c244c81d150008ababc19399c7ed428638b57ea
2370,2023-03-21,9.6,10.0,9.6,9.88,2070,,,,,historical_baseline,,fe33df9ae5456d8ee27133c42c244c81d150008ababc19399c7ed428638b57ea
2370,2023-03-22,9.9,10.06,9.8,9.83,3991,,,,,historical_baseline,,fe33df9ae5456d8ee27133c42c244c81d150008ababc19399c7ed428638b57ea
2370,2023-03-23,9.82,9.82,9.7,9.71,1780,,,,,historical_baseline,,fe33df9ae5456d8ee27133c42c244c81d150008ababc19399c7ed428638b57ea
2370,2023-03-26,9.71,9.71,9.71,9.71,0,,,,,historical_baseline,,fe33df9ae5456d8ee27133c42c244c81d150008ababc19399c7ed428638b57ea
2370,2023-03-27,9.71,9.71,9.71,9.71,0,,,,,historical_baseline,,fe33df9ae5456d8ee27133c42c244c81d150008ababc19399c7ed428638b57ea
2370,2023-03-28,9.71,9.71,9.71,9.71,0,,,,,historical_baseline,,fe33df9ae5456d8ee27133c42c244c81d150008ababc19399c7ed428638b57ea
2370,2023-03-29,11.64,11.96,10.8,11.02,3645,,,,,historical_baseline,,fe33df9ae5456d8ee27133c42c244c81d150008ababc19399c7ed428638b57ea
2370,2023-03-30,11.04,11.2,10.62,10.68,2000,,,,,historical_baseline,,fe33df9ae5456d8ee27133c42c244c81d150008ababc19399c7ed428638b57ea
2380,2023-03-01,10.16,10.24,10.16,10.2,1860,,,,,historical_baseline,,fe33df9ae5456d8ee27133c42c244c81d150008ababc19399c7ed428638b57ea
2380,2023-03-02,10.24,10.28,10.2,10.22,5000,,,,,historical_baseline,,fe33df9ae5456d8ee27133c42c244c81d150008ababc19399c7ed428638b57ea
2380,2023-03-05,10.24,10.38,10.24,10.3,4959,,,,,historical_baseline,,fe33df9ae5456d8ee27133c42c244c81d150008ababc19399c7ed428638b57ea
2380,2023-03-06,10.3,10.3,10.3,10.3,0,,,,,historical_baseline,,fe33df9ae5456d8ee27133c42c244c81d150008ababc19399c7ed428638b57ea
2380,2023-03-07,10.3,10.3,10.3,10.3,0,,,,,historical_baseline,,fe33df9ae5456d8ee27133c42c244c81d150008ababc19399c7ed428638b57ea
2380,2023-03-08,10.3,10.3,10.2,10.2,3837,,,,,historical_baseline,,fe33df9ae5456d8ee27133c42c244c81d150008ababc19399c7ed428638b57ea
2380,2023-03-09,10.2,10.2,10.2,10.2,0,,,,,historical_baseline,,fe33df9ae5456d8ee27133c42c244c81d150008ababc19399c7ed428638b57ea
2380,2023-03-12,10.2,10.26,10.16,10.18,2000,,,,,historical_baseline,,fe33df9ae5456d8ee27133c42c244c81d150008ababc19399c7ed428638b57ea
2380,2023-03-13,10.18,10.18,10.18,10.18,0,,,,,historical_baseline,,fe33df9ae5456d8ee27133c42c244c81d150008ababc19399c7ed428638b57ea
2380,2023-03-14,10.2,10.28,10.12,10.18,8200,,,,,historical_baseline,,fe33df9ae5456d8ee27133c42c244c81d150008ababc19399c7ed428638b57ea
2380,2023-03-15,9.3,9.85,9.28,9.64,2444,,,,,historical_baseline,,fe33df9ae5456d8ee27133c42c244c81d150008ababc19399c7ed428638b57ea
2380,2023-03-16,9.64,9.79,9.47,9.47,14930,,,,,historical_baseline,,fe33df9ae5456d8ee27133c42c244c81d150008ababc19399c7ed428638b57ea
2380,2023-03-19,9.47,9.47,9.47,9.47,0,,,,,historical_baseline,,fe33df9ae5456d8ee27133c42c244c81d150008ababc19399c7ed428638b57ea
2380,2023-03-20,9.76,9.76,9.61,9.67,3147,,,,,historical_baseline,,fe33df9ae5456d8ee27133c42c244c81d150008ababc19399c7ed428638b57ea
2380,2023-03-21,9.7,9.84,9.7,9.82,5000,,,,,historical_baseline,,fe33df9ae5456d8ee27133c42c244c81d150008ababc19399c7ed428638b57ea
2380,2023-03-22,9.83,9.95,9.81,9.91,2477,,,,,historical_baseline,,fe33df9ae5456d8ee27133c42c244c81d150008ababc19399c7ed428638b57ea
2380,2023-03-23,9.9,9.9,9.85,9.9,9732,,,,,historical_baseline,,fe33df9ae5456d8ee27133c42c244c81d150008ababc19399c7ed428638b57ea
2380,2023-03-26,9.9,9.9,9.9,9.9,0,,,,,historical_baseline,,fe33df9ae5456d8ee27133c42c244c81d150008ababc19399c7ed428638b57ea
2380,2023-03-27,9.9,9.9,9.9,9.9,0,,,,,historical_baseline,,fe33df9ae5456d8ee27133c42c244c81d150008ababc19399c7ed428638b57ea
2380,2023-03-28,9.9,9.9,9.9,9.9,0,,,,,historical_baseline,,fe33df9ae5456d8ee27133c42c244c81d150008ababc19399c7ed428638b57ea
2380,2023-03-29,10.08,10.1,9.97,10.0,2611,,,,,historical_baseline,,fe33df9ae5456d8ee27133c42c244c81d150008ababc19399c7ed428638b57ea
2380,2023-03-30,10.06,10.08,9.98,10.08,2890,,,,,historical_baseline,,fe33df9ae5456d8ee27133c42c244c81d150008ababc19399c7ed428638b57ea
3002,2023-03-01,12.4,12.4,12.2,12.32,3040,,,,,historical_baseline,,fe33df9ae5456d8ee27133c42c244c81d150008ababc19399c7ed428638b57ea
3002,2023-03-02,12.34,12.34,12.24,12.34,6000,,,,,historical_baseline,,fe33df9ae5456d8ee27133c42c244c81d150008ababc19399c7ed428638b57ea
3002,2023-03-05,12.36,12.46,12.28,12.32,1403,,,,,historical_baseline,,fe33df9ae5456d8ee27133c42c244c81d150008ababc19399c7ed428638b57ea
3002,2023-03-06,12.32,12.32,12.32,12.32,0,,,,,historical_baseline,,fe33df9ae5456d8ee27133c42c244c81d150008ababc19399c7ed428638b57ea
3002,2023-03-07,12.32,12.32,12.32,12.32,0,,,,,historical_baseline,,fe33df9ae5456d8ee27133c42c244c81d150008ababc19399c7ed428638b57ea
3002,2023-03-08,12.1,12.3,12.02,12.26,5342,,,,,historical_baseline,,fe33df9ae5456d8ee27133c42c244c81d150008ababc19399c7ed428638b57ea
3002,2023-03-09,12.26,12.26,12.26,12.26,0,,,,,historical_baseline,,fe33df9ae5456d8ee27133c42c244c81d150008ababc19399c7ed428638b57ea
3002,2023-03-12,12.94,12.94,12.58,12.66,2000,,,,,historical_baseline,,fe33df9ae5456d8ee27133c42c244c81d150008ababc19399c7ed428638b57ea
3002,2023-03-13,12.66,12.66,12.66,12.66,0,,,,,historical_baseline,,fe33df9ae5456d8ee27133c42c244c81d150008ababc19399c7ed428638b57ea
3002,2023-03-14,12.7,12.7,12.4,12.56,1712,,,,,historical_baseline,,fe33df9ae5456d8ee27133c42c244c81d150008ababc19399c7ed428638b57ea
3002,2023-03-15,12.64,12.72,12.24,12.32,3715,,,,,historical_baseline,,fe33df9ae5456d8ee27133c42c244c81d150008ababc19399c7ed428638b57ea
3002,2023-03-16,12.32,12.4,12.24,12.34,1442,,,,,historical_baseline,,fe33df9ae5456d8ee27133c42c244c81d150008ababc19399c7ed428638b57ea
3002,2023-03-19,12.34,12.34,12.34,12.34,0,,,,,historical_baseline,,fe33df9ae5456d8ee27133c42c244c81d150008ababc19399c7ed428638b57ea
3002,2023-03-20,12.38,12.76,12.36,12.74,3605,,,,,historical_baseline,,fe33df9ae5456d8ee27133c42c244c81d150008ababc19399c7ed428638b57ea
3002,2023-03-21,12.74,12.8,12.64,12.64,10000,,,,,historical_baseline,,fe33df9ae5456d8ee27133c42c244c81d150008ababc19399c7ed428638b57ea
3002,2023-03-22,12.78,12.78,12.54,12.72,1908,,,,,historical_baseline,,fe33df9ae5456d8ee27133c42c244c81d150008ababc19399c7ed428638b57ea
3002,2023-03-23,12.62,12.72,12.58,12.7,1431,,,,,historical_baseline,,fe33df9ae5456d8ee27133c42c244c81d150008ababc19399c7ed428638b57ea
3002,2023-03-26,12.7,12.7,12.7,12.7,0,,,,,historical_baseline,,fe33df9ae5456d8ee27133c42c244c81d150008ababc19399c7ed428638b57ea
3002,2023-03-27,12.7,12.7,12.7,12.7,0,,,,,historical_baseline,,fe33df9ae5456d8ee27133c42c244c81d150008ababc19399c7ed428638b57ea
3002,2023-03-28,12.7,12.7,12.7,12.7,0,,,,,historical_baseline,,fe33df9ae5456d8ee27133c42c244c81d150008ababc19399c7ed428638b57ea
3002,2023-03-29,12.86,13.02,12.84,12.94,874,,,,,historical_baseline,,fe33df9ae5456d8ee27133c42c244c81d150008ababc19399c7ed428638b57ea
3002,2023-03-30,13.0,13.04,12.92,12.96,1524,,,,,historical_baseline,,fe33df9ae5456d8ee27133c42c244c81d150008ababc19399c7ed428638b57ea
3003,2023-03-01,20.54,21.24,20.2,21.2,2000,,,,,historical_baseline,,fe33df9ae5456d8ee27133c42c244c81d150008ababc19399c7ed428638b57ea
3003,2023-03-02,21.18,21.18,20.82,20.82,2550,,,,,historical_baseline,,fe33df9ae5456d8ee27133c42c244c81d150008ababc19399c7ed428638b57ea
3003,2023-03-05,20.8,20.92,20.76,20.92,1000,,,,,historical_baseline,,fe33df9ae5456d8ee27133c42c244c81d150008ababc19399c7ed428638b57ea
3003,2023-03-06,20.92,20.92,20.92,20.92,0,,,,,historical_baseline,,fe33df9ae5456d8ee27133c42c244c81d150008ababc19399c7ed428638b57ea
3003,2023-03-07,20.92,20.92,20.92,20.92,0,,,,,historical_baseline,,fe33df9ae5456d8ee27133c42c244c81d150008ababc19399c7ed428638b57ea
3003,2023-03-08,20.92,21.14,20.92,21.14,2930,,,,,historical_baseline,,fe33df9ae5456d8ee27133c42c244c81d150008ababc19399c7ed428638b57ea
3003,2023-03-09,21.14,21.14,21.14,21.14,0,,,,,historical_baseline,,fe33df9ae5456d8ee27133c42c244c81d150008ababc19399c7ed428638b57ea
3003,2023-03-12,21.24,21.42,21.2,21.32,1200,,,,,historical_baseline,,fe33df9ae5456d8ee27133c42c244c81d150008ababc19399c7ed428638b57ea
3003,2023-03-13,21.32,21.32,21.32,21.32,0,,,,,historical_baseline,,fe33df9ae5456d8ee27133c42c244c81d150008ababc19399c7ed428638b57ea
3003,2023-03-14,21.28,21.28,21.04,21.16,2248,,,,,historical_baseline,,fe33df9ae5456d8ee27133c42c244c81d150008ababc19399c7ed428638b57ea
3003,2023-03-15,21.1,21.1,20.8,20.9,2000,,,,,historical_baseline,,fe33df9ae5456d8ee27133c42c244c81d150008ababc19399c7ed428638b57ea
3003,2023-03-16,20.78,20.8,20.54,20.54,1000,,,,,historical_baseline,,fe33df9ae5456d8ee27133c42c244c81d150008ababc19399c7ed428638b57ea
3003,2023-03-19,20.54,20.54,20.54,20.54,0,,,,,historical_baseline,,fe33df9ae5456d8ee27133c42c244c81d150008ababc19399c7ed428638b57ea
3003,2023-03-20,20.9,20.98,20.7,20.7,987,,,,,historical_baseline,,fe33df9ae5456d8ee27133c42c244c81d150008ababc19399c7ed428638b57ea
3003,2023-03-21,20.86,21.0,20.86,20.98,1985,,,,,historical_baseline,,fe33df9ae5456d8ee27133c42c244c81d150008ababc19399c7ed428638b57ea
3003,2023-03-22,20.68,20.68,20.3,20.5,2000,,,,,historical_baseline,,fe33df9ae5456d8ee27133c42c244c81d150008ababc19399c7ed428638b57ea
3003,2023-03-23,20.42,20.5,20.42,20.42,11546,,,,,historical_baseline,,fe33df9ae5456d8ee27133c42c244c81d150008ababc19399c7ed428638b57ea
3003,2023-03-26,20.42,20.42,20.42,20.42,0,,,,,historical_baseline,,fe33df9ae5456d8ee27133c42c244c81d150008ababc19399c7ed428638b57ea
3003,2023-03-27,20.42,20.42,20.42,20.42,0,,,,,historical_baseline,,fe33df9ae5456d8ee27133c42c244c81d150008ababc19399c7ed428638b57ea
3003,2023-03-28,20.42,20.42,20.42,20.42,0,,,,,historical_baseline,,fe33df9ae5456d8ee27133c42c244c81d150008ababc19399c7ed428638b57ea
3003,2023-03-29,20.52,20.8,20.52,20.6,395,,,,,historical_baseline,,fe33df9ae5456d8ee27133c42c244c81d150008ababc19399c7ed428638b57ea
3003,2023-03-30,20.74,20.8,20.6,20.6,824,,,,,historical_baseline,,fe33df9ae5456d8ee27133c42c244c81d150008ababc19399c7ed428638b57ea
3004,2023-03-01,11.14,11.24,11.12,11.2,1500,,,,,historical_baseline,,fe33df9ae5456d8ee27133c42c244c81d150008ababc19399c7ed428638b57ea
3004,2023-03-02,11.2,11.2,11.08,11.18,9370,,,,,historical_baseline,,fe33df9ae5456d8ee27133c42c244c81d150008ababc19399c7ed428638b57ea
3004,2023-03-05,11.2,11.22,11.18,11.22,3779,,,,,historical_baseline,,fe33df9ae5456d8ee27133c42c244c81d150008ababc19399c7ed428638b57ea
3004,2023-03-06,11.22,11.22,11.22,11.22,0,,,,,historical_baseline,,fe33df9ae5456d8ee27133c42c244c81d150008ababc19399c7ed428638b57ea
3004,2023-03-07,11.22,11.22,11.22,11.22,0,,,,,historical_baseline,,fe33df9ae5456d8ee27133c42c244c81d150008ababc19399c7ed428638b57ea
3004,2023-03-08,11.12,11.12,11.06,11.12,1506,,,,,historical_baseline,,fe33df9ae5456d8ee27133c42c244c81d150008ababc19399c7ed428638b57ea
3004,2023-03-09,11.12,11.12,11.12,11.12,0,,,,,historical_baseline,,fe33df9ae5456d8ee27133c42c244c81d150008ababc19399c7ed428638b57ea
3004,2023-03-12,11.12,11.24,11.12,11.14,4451,,,,,historical_baseline,,fe33df9ae5456d8ee27133c42c244c81d150008ababc19399c7ed428638b57ea
3004,2023-03-13,11.14,11.14,11.14,11.14,0,,,,,historical_baseline,,fe33df9ae5456d8ee27133c42c244c81d150008ababc19399c7ed428638b57ea
3004,2023-03-14,11.16,11.18,11.08,11.1,3296,,,,,historical_baseline,,fe33df9ae5456d8ee27133c42c244c81d150008ababc19399c7ed428638b57ea
3004,2023-03-15,11.1,11.1,10.98,11.0,1400,,,,,historical_baseline,,fe33df9ae5456d8ee27133c42c244c81d150008ababc19399c7ed428638b57ea
3004,2023-03-16,10.96,10.98,10.9,10.9,3000,,,,,historical_baseline,,fe33df9ae5456d8ee27133c42c244c81d150008ababc19399c7ed428638b57ea
3004,2023-03-19,10.9,10.9,10.9,10.9,0,,,,,historical_baseline,,fe33df9ae5456d8ee27133c42c244c81d150008ababc19399c7ed428638b57ea
3004,2023-03-20,11.0,11.06,10.94,11.04,1479,,,,,historical_baseline,,fe33df9ae5456d8ee27133c42c244c81d150008ababc19399c7ed428638b57ea
3004,2023-03-21,11.0,11.1,11.0,11.04,2333,,,,,historical_baseline,,fe33df9ae5456d8ee27133c42c244c81d150008ababc19399c7ed428638b57ea
3004,2023-03-22,11.02,11.06,11.0,11.04,1888,,,,,historical_baseline,,fe33df9ae5456d8ee27133c42c244c81d150008ababc19399c7ed428638b57ea
3004,2023-03-23,11.04,11.04,10.96,11.0,2015,,,,,historical_baseline,,fe33df9ae5456d8ee27133c42c244c81d150008ababc19399c7ed428638b57ea
3004,2023-03-26,11.0,11.0,11.0,11.0,0,,,,,historical_baseline,,fe33df9ae5456d8ee27133c42c244c81d150008ababc19399c7ed428638b57ea
3004,2023-03-27,11.0,11.0,11.0,11.0,0,,,,,historical_baseline,,fe33df9ae5456d8ee27133c42c244c81d150008ababc19399c7ed428638b57ea
3004,2023-03-28,11.0,11.0,11.0,11.0,0,,,,,historical_baseline,,fe33df9ae5456d8ee27133c42c244c81d150008ababc19399c7ed428638b57ea
3004,2023-03-29,11.14,11.18,11.14,11.14,569,,,,,historical_baseline,,fe33df9ae5456d8ee27133c42c244c81d150008ababc19399c7ed428638b57ea
3004,2023-03-30,11.12,11.16,11.08,11.16,4070,,,,,historical_baseline,,fe33df9ae5456d8ee27133c42c244c81d150008ababc19399c7ed428638b57ea
3005,2023-03-01,16.1,16.24,16.08,16.22,989,,,,,historical_baseline,,fe33df9ae5456d8ee27133c42c244c81d150008ababc19399c7ed428638b57ea
3005,2023-03-02,16.24,16.24,16.1,16.1,1500,,,,,historical_baseline,,fe33df9ae5456d8ee27133c42c244c81d150008ababc19399c7ed428638b57ea
3005,2023-03-05,16.06,16.3,16.06,16.26,1658,,,,,historical_baseline,,fe33df9ae5456d8ee27133c42c244c81d150008ababc19399c7ed428638b57ea
3005,2023-03-06,16.26,16.26,16.26,16.26,0,,,,,historical_baseline,,fe33df9ae5456d8ee27133c42c244c81d150008ababc19399c7ed428638b57ea
3005,2023-03-07,16.26,16.26,16.26,16.26,0,,,,,historical_baseline,,fe33df9ae5456d8ee27133c42c244c81d150008ababc19399c7ed428638b57ea
3005,2023-03-08,16.2,16.2,16.08,16.12,1456,,,,,historical_baseline,,fe33df9ae5456d8ee27133c42c244c81d150008ababc19399c7ed428638b57ea
3005,2023-03-09,16.12,16.12,16.12,16.12,0,,,,,historical_baseline,,fe33df9ae5456d8ee27133c42c244c81d150008ababc19399c7ed428638b57ea
3005,2023-03-12,16.26,16.3,16.24,16.24,1111,,,,,historical_baseline,,fe33df9ae5456d8ee27133c42c244c81d150008ababc19399c7ed428638b57ea
3005,2023-03-13,16.24,16.24,16.24,16.24,0,,,,,historical_baseline,,fe33df9ae5456d8ee27133c42c244c81d150008ababc19399c7ed428638b57ea
3005,2023-03-14,16.22,16.3,16.08,16.14,1670,,,,,historical_baseline,,fe33df9ae5456d8ee27133c42c244c81d150008ababc19399c7ed428638b57ea
3005,2023-03-15,15.9,16.0,15.76,15.76,1000,,,,,historical_baseline,,fe33df9ae5456d8ee27133c42c244c81d150008ababc19399c7ed428638b57ea
3005,2023-03-16,15.66,15.68,15.5,15.56,1425,,,,,historical_baseline,,fe33df9ae5456d8ee27133c42c244c81d150008ababc19399c7ed428638b57ea
3005,2023-03-19,15.56,15.56,15.56,15.56,0,,,,,historical_baseline,,fe33df9ae5456d8ee27133c42c244c81d150008ababc19399c7ed428638b57ea
3005,2023-03-20,15.7,15.72,15.68,15.68,2369,,,,,historical_baseline,,fe33df9ae5456d8ee27133c42c244c81d150008ababc19399c7ed428638b57ea
3005,2023-03-21,15.56,15.66,15.5,15.62,2049,,,,,historical_baseline,,fe33df9ae5456d8ee27133c42c244c81d150008ababc19399c7ed428638b57ea
3005,2023-03-22,15.64,15.64,15.52,15.56,1000,,,,,historical_baseline,,fe33df9ae5456d8ee27133c42c244c81d150008ababc19399c7ed428638b57ea
3005,2023-03-23,15.5,15.7,15.5,15.7,998,,,,,historical_baseline,,fe33df9ae5456d8ee27133c42c244c81d150008ababc19399c7ed428638b57ea
3005,2023-03-26,15.7,15.7,15.7,15.7,0,,,,,historical_baseline,,fe33df9ae5456d8ee27133c42c244c81d150008ababc19399c7ed428638b57ea
3005,2023-03-27,15.7,15.7,15.7,15.7,0,,,,,historical_baseline,,fe33df9ae5456d8ee27133c42c244c81d150008ababc19399c7ed428638b57ea
3005,2023-03-28,15.7,15.7,15.7,15.7,0,,,,,historical_baseline,,fe33df9ae5456d8ee27133c42c244c81d150008ababc19399c7ed428638b57ea
3005,2023-03-29,16.1,16.1,15.94,15.98,377,,,,,historical_baseline,,fe33df9ae5456d8ee27133c42c244c81d150008ababc19399c7ed428638b57ea
3005,2023-03-30,16.0,16.12,16.0,16.08,1000,,,,,historical_baseline,,fe33df9ae5456d8ee27133c42c244c81d150008ababc19399c7ed428638b57ea
3007,2023-03-01,32.3,32.75,32.15,32.2,675,,,,,historical_baseline,,fe33df9ae5456d8ee27133c42c244c81d150008ababc19399c7ed428638b57ea
3007,2023-03-02,32.4,32.55,32.25,32.5,500,,,,,historical_baseline,,fe33df9ae5456d8ee27133c42c244c81d150008ababc19399c7ed428638b57ea
3007,2023-03-05,32.4,32.7,31.95,32.25,518,,,,,historical_baseline,,fe33df9ae5456d8ee27133c42c244c81d150008ababc19399c7ed428638b57ea
3007,2023-03-06,32.25,32.25,32.25,32.25,0,,,,,historical_baseline,,fe33df9ae5456d8ee27133c42c244c81d150008ababc19399c7ed428638b57ea
3007,2023-03-07,32.25,32.25,32.25,32.25,0,,,,,historical_baseline,,fe33df9ae5456d8ee27133c42c244c81d150008ababc19399c7ed428638b57ea
3007,2023-03-08,32.3,32.3,32.0,32.1,657,,,,,historical_baseline,,fe33df9ae5456d8ee27133c42c244c81d150008ababc19399c7ed428638b57ea
3007,2023-03-09,32.1,32.1,32.1,32.1,0,,,,,historical_baseline,,fe33df9ae5456d8ee27133c42c244c81d150008ababc19399c7ed428638b57ea
3007,2023-03-12,32.6,33.2,32.6,33.2,1178,,,,,historical_baseline,,fe33df9ae5456d8ee27133c42c244c81d150008ababc19399c7ed428638b57ea
3007,2023-03-13,33.2,33.2,33.2,33.2,0,,,,,historical_baseline,,fe33df9ae5456d8ee27133c42c244c81d150008ababc19399c7ed428638b57ea
3007,2023-03-14,33.3,33.55,32.8,32.8,750,,,,,historical_baseline,,fe33df9ae5456d8ee27133c42c244c81d150008ababc19399c7ed428638b57ea
3007,2023-03-15,32.7,32.95,31.8,31.8,829,,,,,historical_baseline,,fe33df9ae5456d8ee27133c42c244c81d150008ababc19399c7ed428638b57ea
3007,2023-03-16,31.6,31.7,30.7,30.7,609,,,,,historical_baseline,,fe33df9ae5456d8ee27133c42c244c81d150008ababc19399c7ed428638b57ea
3007,2023-03-19,30.7,30.7,30.7,30.7,0,,,,,historical_baseline,,fe33df9ae5456d8ee27133c42c244c81d150008ababc19399c7ed428638b57ea
3007,2023-03-20,31.25,31.25,30.95,30.95,1000,,,,,historical_baseline,,fe33df9ae5456d8ee27133c42c244c81d150008ababc19399c7ed428638b57ea
3007,2023-03-21,31.1,32.35,30.95,31.8,500,,,,,historical_baseline,,fe33df9ae5456d8ee27133c42c244c81d150008ababc19399c7ed428638b57ea
3007,2023-03-22,32.05,32.05,31.35,31.55,2222,,,,,historical_baseline,,fe33df9ae5456d8ee27133c42c244c81d150008ababc19399c7ed428638b57ea
3007,2023-03-23,31.1,31.55,31.1,31.5,700,,,,,historical_baseline,,fe33df9ae5456d8ee27133c42c244c81d150008ababc19399c7ed428638b57ea
3007,2023-03-26,31.5,31.5,31.5,31.5,0,,,,,historical_baseline,,fe33df9ae5456d8ee27133c42c244c81d150008ababc19399c7ed428638b57ea
3007,2023-03-27,31.5,31.5,31.5,31.5,0,,,,,historical_baseline,,fe33df9ae5456d8ee27133c42c244c81d150008ababc19399c7ed428638b57ea
3007,2023-03-28,31.5,31.5,31.5,31.5,0,,,,,historical_baseline,,fe33df9ae5456d8ee27133c42c244c81d150008ababc19399c7ed428638b57ea
3007,2023-03-29,32.9,33.1,32.65,33.05,468,,,,,historical_baseline,,fe33df9ae5456d8ee27133c42c244c81d150008ababc19399c7ed428638b57ea
3007,2023-03-30,33.2,34.25,33.2,33.55,2306,,,,,historical_baseline,,fe33df9ae5456d8ee27133c42c244c81d150008ababc19399c7ed428638b57ea
3008,2023-03-01,2.6,2.62,2.58,2.6,10000,,,,,historical_baseline,,fe33df9ae5456d8ee27133c42c244c81d150008ababc19399c7ed428638b57ea
3008,2023-03-02,2.59,2.62,2.59,2.59,11980,,,,,historical_baseline,,fe33df9ae5456d8ee27133c42c244c81d150008ababc19399c7ed428638b57ea
3008,2023-03-05,2.62,2.81,2.6,2.75,7260,,,,,historical_baseline,,fe33df9ae5456d8ee27133c42c244c81d150008ababc19399c7ed428638b57ea
3008,2023-03-06,2.75,2.75,2.75,2.75,0,,,,,historical_baseline,,fe33df9ae5456d8ee27133c42c244c81d150008ababc19399c7ed428638b57ea
3008,2023-03-07,2.75,2.75,2.75,2.75,0,,,,,historical_baseline,,fe33df9ae5456d8ee27133c42c244c81d150008ababc19399c7ed428638b57ea
3008,2023-03-08,2.63,2.64,2.57,2.57,6760,,,,,historical_baseline,,fe33df9ae5456d8ee27133c42c244c81d150008ababc19399c7ed428638b57ea
3008,2023-03-09,2.57,2.57,2.57,2.57,0,,,,,historical_baseline,,fe33df9ae5456d8ee27133c42c244c81d150008ababc19399c7ed428638b57ea
3008,2023-03-12,2.5,2.5,2.42,2.46,7000,,,,,historical_baseline,,fe33df9ae5456d8ee27133c42c244c81d150008ababc19399c7ed428638b57ea
3008,2023-03-13,2.46,2.46,2.46,2.46,0,,,,,historical_baseline,,fe33df9ae5456d8ee27133c42c244c81d150008ababc19399c7ed428638b57ea
3008,2023-03-14,2.43,2.45,2.39,2.42,35720,,,,,historical_baseline,,fe33df9ae5456d8ee27133c42c244c81d150008ababc19399c7ed428638b57ea
3008,2023-03-15,2.37,2.41,2.3,2.3,8900,,,,,historical_baseline,,fe33df9ae5456d8ee27133c42c244c81d150008ababc19399c7ed428638b57ea
3008,2023-03-16,2.26,2.3,2.17,2.17,7160,,,,,historical_baseline,,fe33df9ae5456d8ee27133c42c244c81d150008ababc19399c7ed428638b57ea
3008,2023-03-19,2.17,2.17,2.17,2.17,0,,,,,historical_baseline,,fe33df9ae5456d8ee27133c42c244c81d150008ababc19399c7ed428638b57ea
3008,2023-03-20,2.26,2.27,2.22,2.22,8020,,,,,historical_baseline,,fe33df9ae5456d8ee27133c42c244c81d150008ababc19399c7ed428638b57ea
3008,2023-03-21,2.22,2.28,2.22,2.27,8000,,,,,historical_baseline,,fe33df9ae5456d8ee27133c42c244c81d150008ababc19399c7ed428638b57ea
3008,2023-03-22,2.3,2.35,2.29,2.3,55740,,,,,historical_baseline,,fe33df9ae5456d8ee27133c42c244c81d150008ababc19399c7ed428638b57ea
3008,2023-03-23,2.38,2.53,2.38,2.53,6240,,,,,historical_baseline,,fe33df9ae5456d8ee27133c42c244c81d150008ababc19399c7ed428638b57ea
3008,2023-03-26,2.53,2.53,2.53,2.53,0,,,,,historical_baseline,,fe33df9ae5456d8ee27133c42c244c81d150008ababc19399c7ed428638b57ea
3008,2023-03-27,2.53,2.53,2.53,2.53,0,,,,,historical_baseline,,fe33df9ae5456d8ee27133c42c244c81d150008ababc19399c7ed428638b57ea
3008,2023-03-28,2.53,2.53,2.53,2.53,0,,,,,historical_baseline,,fe33df9ae5456d8ee27133c42c244c81d150008ababc19399c7ed428638b57ea
3008,2023-03-29,2.99,3.26,2.96,3.26,38420,,,,,historical_baseline,,fe33df9ae5456d8ee27133c42c244c81d150008ababc19399c7ed428638b57ea
3008,2023-03-30,3.45,3.59,3.13,3.4,6960,,,,,historical_baseline,,fe33df9ae5456d8ee27133c42c244c81d150008ababc19399c7ed428638b57ea
3010,2023-03-01,34.3,34.7,34.0,34.5,800,,,,,historical_baseline,,fe33df9ae5456d8ee27133c42c244c81d150008ababc19399c7ed428638b57ea
3010,2023-03-02,34.65,34.65,34.15,34.5,654,,,,,historical_baseline,,fe33df9ae5456d8ee27133c42c244c81d150008ababc19399c7ed428638b57ea
3010,2023-03-05,34.2,34.55,34.2,34.55,1000,,,,,historical_baseline,,fe33df9ae5456d8ee27133c42c244c81d150008ababc19399c7ed428638b57ea
3010,2023-03-06,34.55,34.55,34.55,34.55,0,,,,,historical_baseline,,fe33df9ae5456d8ee27133c42c244c81d150008ababc19399c7ed428638b57ea
3010,2023-03-07,34.55,34.55,34.55,34.55,0,,,,,historical_baseline,,fe33df9ae5456d8ee27133c42c244c81d150008ababc19399c7ed428638b57ea
3010,2023-03-08,34.4,34.6,34.25,34.35,641,,,,,historical_baseline,,fe33df9ae5456d8ee27133c42c244c81d150008ababc19399c7ed428638b57ea
3010,2023-03-09,34.35,34.35,34.35,34.35,0,,,,,historical_baseline,,fe33df9ae5456d8ee27133c42c244c81d150008ababc19399c7ed428638b57ea
3010,2023-03-12,34.5,34.7,34.35,34.45,500,,,,,historical_baseline,,fe33df9ae5456d8ee27133c42c244c81d150008ababc19399c7ed428638b57ea
3010,2023-03-13,34.45,34.45,34.45,34.45,0,,,,,historical_baseline,,fe33df9ae5456d8ee27133c42c244c81d150008ababc19399c7ed428638b57ea
3010,2023-03-14,34.4,34.6,34.2,34.5,604,,,,,historical_baseline,,fe33df9ae5456d8ee27133c42c244c81d150008ababc19399c7ed428638b57ea
3010,2023-03-15,34.4,34.4,33.85,34.0,1786,,,,,historical_baseline,,fe33df9ae5456d8ee27133c42c244c81d150008ababc19399c7ed428638b57ea
3010,2023-03-16,34.35,34.35,33.75,33.85,1400,,,,,historical_baseline,,fe33df9ae5456d8ee27133c42c244c81d150008ababc19399c7ed428638b57ea
3010,2023-03-19,33.85,33.85,33.85,33.85,0,,,,,historical_baseline,,fe33df9ae5456d8ee27133c42c244c81d150008ababc19399c7ed428638b57ea
3010,2023-03-20,34.45,34.9,34.2,34.75,500,,,,,historical_baseline,,fe33df9ae5456d8ee27133c42c244c81d150008ababc19399c7ed428638b57ea
3010,2023-03-21,34.65,34.9,34.2,34.85,3000,,,,,historical_baseline,,fe33df9ae5456d8ee27133c42c244c81d150008ababc19399c7ed428638b57ea
3010,2023-03-22,34.9,35.05,34.9,35.0,1636,,,,,historical_baseline,,fe33df9ae5456d8ee27133c42c244c81d150008ababc19399c7ed428638b57ea
3010,2023-03-23,34.95,35.05,34.7,34.7,500,,,,,historical_baseline,,fe33df9ae5456d8ee27133c42c244c81d150008ababc19399c7ed428638b57ea
3010,2023-03-26,34.7,34.7,34.7,34.7,0,,,,,historical_baseline,,fe33df9ae5456d8ee27133c42c244c81d150008ababc19399c7ed428638b57ea
3010,2023-03-27,34.7,34.7,34.7,34.7,0,,,,,historical_baseline,,fe33df9ae5456d8ee27133c42c244c81d150008ababc19399c7ed428638b57ea
3010,2023-03-28,34.7,34.7,34.7,34.7,0,,,,,historical_baseline,,fe33df9ae5456d8ee27133c42c244c81d150008ababc19399c7ed428638b57ea
3010,2023-03-29,35.85,36.05,35.7,35.85,539,,,,,historical_baseline,,fe33df9ae5456d8ee27133c42c244c81d150008ababc19399c7ed428638b57ea
3010,2023-03-30,36.0,36.3,35.85,36.3,500,,,,,historical_baseline,,fe33df9ae5456d8ee27133c42c244c81d150008ababc19399c7ed428638b57ea
3020,2023-03-01,30.0,31.3,30.0,31.3,492,,,,,historical_baseline,,fe33df9ae5456d8ee27133c42c244c81d150008ababc19399c7ed428638b57ea
3020,2023-03-02,30.95,31.2,30.85,31.2,3500,,,,,historical_baseline,,fe33df9ae5456d8ee27133c42c244c81d150008ababc19399c7ed428638b57ea
3020,2023-03-05,31.2,31.2,30.85,31.15,767,,,,,historical_baseline,,fe33df9ae5456d8ee27133c42c244c81d150008ababc19399c7ed428638b57ea
3020,2023-03-06,31.15,31.15,31.15,31.15,0,,,,,historical_baseline,,fe33df9ae5456d8ee27133c42c244c81d150008ababc19399c7ed428638b57ea
3020,2023-03-07,31.15,31.15,31.15,31.15,0,,,,,historical_baseline,,fe33df9ae5456d8ee27133c42c244c81d150008ababc19399c7ed428638b57ea
3020,2023-03-08,31.5,31.55,31.0,31.0,618,,,,,historical_baseline,,fe33df9ae5456d8ee27133c42c244c81d150008ababc19399c7ed428638b57ea
3020,2023-03-09,31.0,31.0,31.0,31.0,0,,,,,historical_baseline,,fe33df9ae5456d8ee27133c42c244c81d150008ababc19399c7ed428638b57ea
3020,2023-03-12,30.9,31.0,30.6,31.0,1491,,,,,historical_baseline,,fe33df9ae5456d8ee27133c42c244c81d150008ababc19399c7ed428638b57ea
3020,2023-03-13,31.0,31.0,31.0,31.0,0,,,,,historical_baseline,,fe33df9ae5456d8ee27133c42c244c81d150008ababc19399c7ed428638b57ea
3020,2023-03-14,30.8,31.1,30.75,30.95,1877,,,,,historical_baseline,,fe33df9ae5456d8ee27133c42c244c81d150008ababc19399c7ed428638b57ea
3020,2023-03-15,30.6,30.9,30.5,30.9,1243,,,,,historical_baseline,,fe33df9ae5456d8ee27133c42c244c81d150008ababc19399c7ed428638b57ea
3020,2023-03-16,30.7,30.8,30.15,30.3,12173,,,,,historical_baseline,,fe33df9ae5456d8ee27133c42c244c81d150008ababc19399c7ed428638b57ea
3020,2023-03-19,30.3,30.3,30.3,30.3,0,,,,,historical_baseline,,fe33df9ae5456d8ee27133c42c244c81d150008ababc19399c7ed428638b57ea
3020,2023-03-20,30.9,31.3,30.9,31.3,2049,,,,,historical_baseline,,fe33df9ae5456d8ee27133c42c244c81d150008ababc19399c7ed428638b57ea
3020,2023-03-21,29.75,30.5,29.75,30.3,5000,,,,,historical_baseline,,fe33df9ae5456d8ee27133c42c244c81d150008ababc19399c7ed428638b57ea
3020,2023-03-22,30.2,30.4,30.1,30.15,1462,,,,,historical_baseline,,fe33df9ae5456d8ee27133c42c244c81d150008ababc19399c7ed428638b57ea
3020,2023-03-23,30.1,30.4,29.95,30.2,505,,,,,historical_baseline,,fe33df9ae5456d8ee27133c42c244c81d150008ababc19399c7ed428638b57ea
3020,2023-03-26,30.2,30.2,30.2,30.2,0,,,,,historical_baseline,,fe33df9ae5456d8ee27133c42c244c81d150008ababc19399c7ed428638b57ea
3020,2023-03-27,30.2,30.2,30.2,30.2,0,,,,,historical_baseline,,fe33df9ae5456d8ee27133c42c244c81d150008ababc19399c7ed428638b57ea
3020,2023-03-28,30.2,30.2,30.2,30.2,0,,,,,historical_baseline,,fe33df9ae5456d8ee27133c42c244c81d150008ababc19399c7ed428638b57ea
3020,2023-03-29,31.25,31.75,31.15,31.2,532,,,,,historical_baseline,,fe33df9ae5456d8ee27133c42c244c81d150008ababc19399c7ed428638b57ea
3020,2023-03-30,31.05,31.2,30.75,30.8,896,,,,,historical_baseline,,fe33df9ae5456d8ee27133c42c244c81d150008ababc19399c7ed428638b57ea
3030,2023-03-01,52.4,52.5,52.0,52.5,423,,,,,historical_baseline,,fe33df9ae5456d8ee27133c42c244c81d150008ababc19399c7ed428638b57ea
3030,2023-03-02,52.3,53.0,51.9,53.0,297,,,,,historical_baseline,,fe33df9ae5456d8ee27133c42c244c81d150008ababc19399c7ed428638b57ea
3030,2023-03-05,53.1,54.1,53.1,53.8,4582,,,,,historical_baseline,,fe33df9ae5456d8ee27133c42c244c81d150008ababc19399c7ed428638b57ea
3030,2023-03-06,53.8,53.8,53.8,53.8,0,,,,,historical_baseline,,fe33df9ae5456d8ee27133c42c244c81d150008ababc19399c7ed428638b57ea
3030,2023-03-07,53.8,53.8,53.8,53.8,0,,,,,historical_baseline,,fe33df9ae5456d8ee27133c42c244c81d150008ababc19399c7ed428638b57ea
3030,2023-03-08,53.1,53.2,52.8,53.0,365,,,,,historical_baseline,,fe33df9ae5456d8ee27133c42c244c81d150008ababc19399c7ed428638b57ea
3030,2023-03-09,53.0,53.0,53.0,53.0,0,,,,,historical_baseline,,fe33df9ae5456d8ee27133c42c244c81d150008ababc19399c7ed428638b57ea
3030,2023-03-12,53.0,53.0,53.0,53.0,0,,,,,historical_baseline,,fe33df9ae5456d8ee27133c42c244c81d150008ababc19399c7ed428638b57ea
3030,2023-03-13,53.0,53.0,53.0,53.0,0,,,,,historical_baseline,,fe33df9ae5456d8ee27133c42c244c81d150008ababc19399c7ed428638b57ea
3030,2023-03-14,53.4,53.5,53.2,53.2,384,,,,,historical_baseline,,fe33df9ae5456d8ee27133c42c244c81d150008ababc19399c7ed428638b57ea
3030,2023-03-15,53.2,53.5,52.9,52.9,566,,,,,historical_baseline,,fe33df9ae5456d8ee27133c42c244c81d150008ababc19399c7ed428638b57ea
3030,2023-03-16,53.5,54.1,53.3,53.4,544,,,,,historical_baseline,,fe33df9ae5456d8ee27133c42c244c81d150008ababc19399c7ed428638b57ea
3030,2023-03-19,53.4,53.4,53.4,53.4,0,,,,,historical_baseline,,fe33df9ae5456d8ee27133c42c244c81d150008ababc19399c7ed428638b57ea
3030,2023-03-20,53.2,53.6,52.9,53.4,913,,,,,historical_baseline,,fe33df9ae5456d8ee27133c42c244c81d150008ababc19399c7ed428638b57ea
3030,2023-03-21,53.4,53.8,53.4,53.8,285,,,,,historical_baseline,,fe33df9ae5456d8ee27133c42c244c81d150008ababc19399c7ed428638b57ea
3030,2023-03-22,53.6,54.0,53.6,53.9,500,,,,,historical_baseline,,fe33df9ae5456d8ee27133c42c244c81d150008ababc19399c7ed428638b57ea
3030,2023-03-23,53.8,54.3,53.8,54.2,668,,,,,historical_baseline,,fe33df9ae5456d8ee27133c42c244c81d150008ababc19399c7ed428638b57ea
3030,2023-03-26,54.2,54.2,54.2,54.2,0,,,,,historical_baseline,,fe33df9ae5456d8ee27133c42c244c81d150008ababc19399c7ed428638b57ea
3030,2023-03-27,54.2,54.2,54.2,54.2,0,,,,,historical_baseline,,fe33df9ae5456d8ee27133c42c244c81d150008ababc19399c7ed428638b57ea
3030,2023-03-28,54.2,54.2,54.2,54.2,0,,,,,historical_baseline,,fe33df9ae5456d8ee27133c42c244c81d150008ababc19399c7ed428638b57ea
3030,2023-03-29,54.5,56.2,54.5,56.2,1289,,,,,historical_baseline,,fe33df9ae5456d8ee27133c42c244c81d150008ababc19399c7ed428638b57ea
3030,2023-03-30,56.0,56.2,55.3,56.0,300,,,,,historical_baseline,,fe33df9ae5456d8ee27133c42c244c81d150008ababc19399c7ed428638b57ea
3040,2023-03-01,67.4,67.8,67.3,67.5,229,,,,,historical_baseline,,fe33df9ae5456d8ee27133c42c244c81d150008ababc19399c7ed428638b57ea
3040,2023-03-02,67.5,67.8,67.1,67.8,300,,,,,historical_baseline,,fe33df9ae5456d8ee27133c42c244c81d150008ababc19399c7ed428638b57ea
3040,2023-03-05,68.0,68.8,68.0,68.8,763,,,,,historical_baseline,,fe33df9ae5456d8ee27133c42c244c81d150008ababc19399c7ed428638b57ea
3040,2023-03-06,68.8,68.8,68.8,68.8,0,,,,,historical_baseline,,fe33df9ae5456d8ee27133c42c244c81d150008ababc19399c7ed428638b57ea
3040,2023-03-07,68.8,68.8,68.8,68.8,0,,,,,historical_baseline,,fe33df9ae5456d8ee27133c42c244c81d150008ababc19399c7ed428638b57ea
3040,2023-03-08,67.1,67.3,67.0,67.0,368,,,,,historical_baseline,,fe33df9ae5456d8ee27133c42c244c81d150008ababc19399c7ed428638b57ea
3040,2023-03-09,67.0,67.0,67.0,67.0,0,,,,,historical_baseline,,fe33df9ae5456d8ee27133c42c244c81d150008ababc19399c7ed428638b57ea
3040,2023-03-12,67.3,67.6,67.2,67.3,250,,,,,historical_baseline,,fe33df9ae5456d8ee27133c42c244c81d150008ababc19399c7ed428638b57ea
3040,2023-03-13,67.3,67.3,67.3,67.3,0,,,,,historical_baseline,,fe33df9ae5456d8ee27133c42c244c81d150008ababc19399c7ed428638b57ea
3040,2023-03-14,67.2,67.6,66.9,67.0,226,,,,,historical_baseline,,fe33df9ae5456d8ee27133c42c244c81d150008ababc19399c7ed428638b57ea
3040,2023-03-15,66.1,66.2,66.0,66.0,518,,,,,historical_baseline,,fe33df9ae5456d8ee27133c42c244c81d150008ababc19399c7ed428638b57ea
3040,2023-03-16,66.1,66.1,65.3,65.7,634,,,,,historical_baseline,,fe33df9ae5456d8ee27133c42c244c81d150008ababc19399c7ed428638b57ea
3040,2023-03-19,65.7,65.7,65.7,65.7,0,,,,,historical_baseline,,fe33df9ae5456d8ee27133c42c244c81d150008ababc19399c7ed428638b57ea
3040,2023-03-20,65.7,66.5,65.7,65.8,500,,,,,historical_baseline,,fe33df9ae5456d8ee27133c42c244c81d150008ababc19399c7ed428638b57ea
3040,2023-03-21,66.1,66.5,66.1,66.1,300,,,,,historical_baseline,,fe33df9ae5456d8ee27133c42c244c81d150008ababc19399c7ed428638b57ea
3040,2023-03-22,66.0,66.0,65.9,66.0,469,,,,,historical_baseline,,fe33df9ae5456d8ee27133c42c244c81d150008ababc19399c7ed428638b57ea
3040,2023-03-23,66.0,66.2,66.0,66.2,350,,,,,historical_baseline,,fe33df9ae5456d8ee27133c42c244c81d150008ababc19399c7ed428638b57ea
3040,2023-03-26,66.2,66.2,66.2,66.2,0,,,,,historical_baseline,,fe33df9ae5456d8ee27133c42c244c81d150008ababc19399c7ed428638b57ea
3040,2023-03-27,66.2,66.2,66.2,66.2,0,,,,,historical_baseline,,fe33df9ae5456d8ee27133c42c244c81d150008ababc19399c7ed428638b57ea
3040,2023-03-28,66.2,66.2,66.2,66.2,0,,,,,historical_baseline,,fe33df9ae5456d8ee27133c42c244c81d150008ababc19399c7ed428638b57ea
3040,2023-03-29,66.8,67.1,66.8,67.0,375,,,,,historical_baseline,,fe33df9ae5456d8ee27133c42c244c81d150008ababc19399c7ed428638b57ea
3040,2023-03-30,67.5,67.5,67.1,67.3,380,,,,,historical_baseline,,fe33df9ae5456d8ee27133c42c244c81d150008ababc19399c7ed428638b57ea
3050,2023-03-01,50.0,50.5,49.75,50.3,800,,,,,historical_baseline,,fe33df9ae5456d8ee27133c42c244c81d150008ababc19399c7ed428638b57ea
3050,2023-03-02,50.1,50.3,49.95,50.0,5548,,,,,historical_baseline,,fe33df9ae5456d8ee27133c42c244c81d150008ababc19399c7ed428638b57ea
3050,2023-03-05,50.2,50.3,50.0,50.0,500,,,,,historical_baseline,,fe33df9ae5456d8ee27133c42c244c81d150008ababc19399c7ed428638b57ea
3050,2023-03-06,50.0,50.0,50.0,50.0,0,,,,,historical_baseline,,fe33df9ae5456d8ee27133c42c244c81d150008ababc19399c7ed428638b57ea
3050,2023-03-07,50.0,50.0,50.0,50.0,0,,,,,historical_baseline,,fe33df9ae5456d8ee27133c42c244c81d150008ababc19399c7ed428638b57ea
3050,2023-03-08,50.0,50.1,49.95,50.0,335,,,,,historical_baseline,,fe33df9ae5456d8ee27133c42c244c81d150008ababc19399c7ed428638b57ea
3050,2023-03-09,50.0,50.0,50.0,50.0,0,,,,,historical_baseline,,fe33df9ae5456d8ee27133c42c244c81d150008ababc19399c7ed428638b57ea
3050,2023-03-12,50.0,50.0,50.0,50.0,0,,,,,historical_baseline,,fe33df9ae5456d8ee27133c42c244c81d150008ababc19399c7ed428638b57ea
3050,2023-03-13,50.0,50.0,50.0,50.0,0,,,,,historical_baseline,,fe33df9ae5456d8ee27133c42c244c81d150008ababc19399c7ed428638b57ea
3050,2023-03-14,50.4,50.4,49.9,50.0,698,,,,,historical_baseline,,fe33df9ae5456d8ee27133c42c244c81d150008ababc19399c7ed428638b57ea
3050,2023-03-15,49.9,50.0,49.5,49.5,500,,,,,historical_baseline,,fe33df9ae5456d8ee27133c42c244c81d150008ababc19399c7ed428638b57ea
3050,2023-03-16,49.6,50.3,49.35,50.3,677,,,,,historical_baseline,,fe33df9ae5456d8ee27133c42c244c81d150008ababc19399c7ed428638b57ea
3050,2023-03-19,50.3,50.3,50.3,50.3,0,,,,,historical_baseline,,fe33df9ae5456d8ee27133c42c244c81d150008ababc19399c7ed428638b57ea
3050,2023-03-20,49.9,50.0,49.7,50.0,706,,,,,historical_baseline,,fe33df9ae5456d8ee27133c42c244c81d150008ababc19399c7ed428638b57ea
3050,2023-03-21,50.1,50.2,49.8,49.8,400,,,,,historical_baseline,,fe33df9ae5456d8ee27133c42c244c81d150008ababc19399c7ed428638b57ea
3050,2023-03-22,49.8,49.9,49.8,49.85,1875,,,,,historical_baseline,,fe33df9ae5456d8ee27133c42c244c81d150008ababc19399c7ed428638b57ea
3050,2023-03-23,49.8,49.85,49.45,49.65,1058,,,,,historical_baseline,,fe33df9ae5456d8ee27133c42c244c81d150008ababc19399c7ed428638b57ea
3050,2023-03-26,49.65,49.65,49.65,49.65,0,,,,,historical_baseline,,fe33df9ae5456d8ee27133c42c244c81d150008ababc19399c7ed428638b57ea
3050,2023-03-27,49.65,49.65,49.65,49.65,0,,,,,historical_baseline,,fe33df9ae5456d8ee27133c42c244c81d150008ababc19399c7ed428638b57ea
3050,2023-03-28,49.65,49.65,49.65,49.65,0,,,,,historical_baseline,,fe33df9ae5456d8ee27133c42c244c81d150008ababc19399c7ed428638b57ea
3050,2023-03-29,49.6,50.0,49.6,49.7,494,,,,,historical_baseline,,fe33df9ae5456d8ee27133c42c244c81d150008ababc19399c7ed428638b57ea
3050,2023-03-30,49.8,49.95,49.5,49.95,2300,,,,,historical_baseline,,fe33df9ae5456d8ee27133c42c244c81d150008ababc19399c7ed428638b57ea
3060,2023-03-01,35.5,35.55,35.0,35.0,3359,,,,,historical_baseline,,fe33df9ae5456d8ee27133c42c244c81d150008ababc19399c7ed428638b57ea
3060,2023-03-02,35.2,35.2,35.05,35.2,674,,,,,historical_baseline,,fe33df9ae5456d8ee27133c42c244c81d150008ababc19399c7ed428638b57ea
3060,2023-03-05,35.25,35.6,35.25,35.5,431,,,,,historical_baseline,,fe33df9ae5456d8ee27133c42c244c81d150008ababc19399c7ed428638b57ea
3060,2023-03-06,35.5,35.5,35.5,35.5,0,,,,,historical_baseline,,fe33df9ae5456d8ee27133c42c244c81d150008ababc19399c7ed428638b57ea
3060,2023-03-07,35.5,35.5,35.5,35.5,0,,,,,historical_baseline,,fe33df9ae5456d8ee27133c42c244c81d150008ababc19399c7ed428638b57ea
3060,2023-03-08,35.0,35.0,34.55,34.55,577,,,,,historical_baseline,,fe33df9ae5456d8ee27133c42c244c81d150008ababc19399c7ed428638b57ea
3060,2023-03-09,34.55,34.55,34.55,34.55,0,,,,,historical_baseline,,fe33df9ae5456d8ee27133c42c244c81d150008ababc19399c7ed428638b57ea
3060,2023-03-12,34.5,34.8,34.3,34.3,1476,,,,,historical_baseline,,fe33df9ae5456d8ee27133c42c244c81d150008ababc19399c7ed428638b57ea
3060,2023-03-13,34.3,34.3,34.3,34.3,0,,,,,historical_baseline,,fe33df9ae5456d8ee27133c42c244c81d150008ababc19399c7ed428638b57ea
3060,2023-03-14,34.2,34.35,34.2,34.25,498,,,,,historical_baseline,,fe33df9ae5456d8ee27133c42c244c81d150008ababc19399c7ed428638b57ea
3060,2023-03-15,34.5,34.65,34.1,34.1,885,,,,,historical_baseline,,fe33df9ae5456d8ee27133c42c244c81d150008ababc19399c7ed428638b57ea
3060,2023-03-16,34.05,34.2,32.3,32.3,535,,,,,historical_baseline,,fe33df9ae5456d8ee27133c42c244c81d150008ababc19399c7ed428638b57ea
3060,2023-03-19,32.3,32.3,32.3,32.3,0,,,,,historical_baseline,,fe33df9ae5456d8ee27133c42c244c81d150008ababc19399c7ed428638b57ea
3060,2023-03-20,33.5,34.1,33.5,33.8,4511,,,,,historical_baseline,,fe33df9ae5456d8ee27133c42c244c81d150008ababc19399c7ed428638b57ea
3060,2023-03-21,33.8,33.8,33.35,33.5,555,,,,,historical_baseline,,fe33df9ae5456d8ee27133c42c244c81d150008ababc19399c7ed428638b57ea
3060,2023-03-22,33.55,33.75,33.55,33.6,600,,,,,historical_baseline,,fe33df9ae5456d8ee27133c42c244c81d150008ababc19399c7ed428638b57ea
3060,2023-03-23,33.45,33.6,33.0,33.05,644,,,,,historical_baseline,,fe33df9ae5456d8ee27133c42c244c81d150008ababc19399c7ed428638b57ea
3060,2023-03-26,33.05,33.05,33.05,33.05,0,,,,,historical_baseline,,fe33df9ae5456d8ee27133c42c244c81d150008ababc19399c7ed428638b57ea
3060,2023-03-27,33.05,33.05,33.05,33.05,0,,,,,historical_baseline,,fe33df9ae5456d8ee27133c42c244c81d150008ababc19399c7ed428638b57ea
3060,2023-03-28,33.05,33.05,33.05,33.05,0,,,,,historical_baseline,,fe33df9ae5456d8ee27133c42c244c81d150008ababc19399c7ed428638b57ea
3060,2023-03-29,34.45,34.6,34.3,34.4,576,,,,,historical_baseline,,fe33df9ae5456d8ee27133c42c244c81d150008ababc19399c7ed428638b57ea
3060,2023-03-30,34.5,35.1,34.5,35.0,4000,,,,,historical_baseline,,fe33df9ae5456d8ee27133c42c244c81d150008ababc19399c7ed428638b57ea
3080,2023-03-01,40.0,40.85,40.0,40.85,500,,,,,historical_baseline,,fe33df9ae5456d8ee27133c42c244c81d150008ababc19399c7ed428638b57ea
3080,2023-03-02,40.6,41.6,40.55,41.3,400,,,,,historical_baseline,,fe33df9ae5456d8ee27133c42c244c81d150008ababc19399c7ed428638b57ea
3080,2023-03-05,41.5,42.0,41.0,41.45,461,,,,,historical_baseline,,fe33df9ae5456d8ee27133c42c244c81d150008ababc19399c7ed428638b57ea
3080,2023-03-06,41.45,41.45,41.45,41.45,0,,,,,historical_baseline,,fe33df9ae5456d8ee27133c42c244c81d150008ababc19399c7ed428638b57ea
3080,2023-03-07,41.45,41.45,41.45,41.45,0,,,,,historical_baseline,,fe33df9ae5456d8ee27133c42c244c81d150008ababc19399c7ed428638b57ea
3080,2023-03-08,41.0,41.05,41.0,41.0,1000,,,,,historical_baseline,,fe33df9ae5456d8ee27133c42c244c81d150008ababc19399c7ed428638b57ea
3080,2023-03-09,41.0,41.0,41.0,41.0,0,,,,,historical_baseline,,fe33df9ae5456d8ee27133c42c244c81d150008ababc19399c7ed428638b57ea
3080,2023-03-12,40.8,41.0,40.8,41.0,404,,,,,historical_baseline,,fe33df9ae5456d8ee27133c42c244c81d150008ababc19399c7ed428638b57ea
3080,2023-03-13,41.0,41.0,41.0,41.0,0,,,,,historical_baseline,,fe33df9ae5456d8ee27133c42c244c81d150008ababc19399c7ed428638b57ea
3080,2023-03-14,41.0,41.0,40.0,40.1,952,,,,,historical_baseline,,fe33df9ae5456d8ee27133c42c244c81d150008ababc19399c7ed428638b57ea
3080,2023-03-15,40.0,40.0,39.9,39.95,500,,,,,historical_baseline,,fe33df9ae5456d8ee27133c42c244c81d150008ababc19399c7ed428638b57ea
3080,2023-03-16,40.0,40.0,39.7,39.7,1418,,,,,historical_baseline,,fe33df9ae5456d8ee27133c42c244c81d150008ababc19399c7ed428638b57ea
3080,2023-03-19,39.7,39.7,39.7,39.7,0,,,,,historical_baseline,,fe33df9ae5456d8ee27133c42c244c81d150008ababc19399c7ed428638b57ea
3080,2023-03-20,40.5,40.8,39.95,39.95,1973,,,,,historical_baseline,,fe33df9ae5456d8ee27133c42c244c81d150008ababc19399c7ed428638b57ea
3080,2023-03-21,39.95,40.25,39.85,40.0,451,,,,,historical_baseline,,fe33df9ae5456d8ee27133c42c244c81d150008ababc19399c7ed428638b57ea
3080,2023-03-22,40.2,40.5,40.2,40.3,591,,,,,historical_baseline,,fe33df9ae5456d8ee27133c42c244c81d150008ababc19399c7ed428638b57ea
3080,2023-03-23,40.5,40.6,40.45,40.6,1686,,,,,historical_baseline,,fe33df9ae5456d8ee27133c42c244c81d150008ababc19399c7ed428638b57ea
3080,2023-03-26,40.6,40.6,40.6,40.6,0,,,,,historical_baseline,,fe33df9ae5456d8ee27133c42c244c81d150008ababc19399c7ed428638b57ea
3080,2023-03-27,40.6,40.6,40.6,40.6,0,,,,,historical_baseline,,fe33df9ae5456d8ee27133c42c244c81d150008ababc19399c7ed428638b57ea
3080,2023-03-28,40.6,40.6,40.6,40.6,0,,,,,historical_baseline,,fe33df9ae5456d8ee27133c42c244c81d150008ababc19399c7ed428638b57ea
3080,2023-03-29,40.05,40.15,40.0,40.0,198,,,,,historical_baseline,,fe33df9ae5456d8ee27133c42c244c81d150008ababc19399c7ed428638b57ea
3080,2023-03-30,40.2,40.5,40.1,40.5,518,,,,,historical_baseline,,fe33df9ae5456d8ee27133c42c244c81d150008ababc19399c7ed428638b57ea
3090,2023-03-01,15.0,15.1,15.0,15.08,1000,,,,,historical_baseline,,fe33df9ae5456d8ee27133c42c244c81d150008ababc19399c7ed428638b57ea
3090,2023-03-02,15.16,15.2,14.7,14.94,1291,,,,,historical_baseline,,fe33df9ae5456d8ee27133c42c244c81d150008ababc19399c7ed428638b57ea
3090,2023-03-05,15.02,15.18,14.98,15.14,1570,,,,,historical_baseline,,fe33df9ae5456d8ee27133c42c244c81d150008ababc19399c7ed428638b57ea
3090,2023-03-06,15.14,15.14,15.14,15.14,0,,,,,historical_baseline,,fe33df9ae5456d8ee27133c42c244c81d150008ababc19399c7ed428638b57ea
3090,2023-03-07,15.14,15.14,15.14,15.14,0,,,,,historical_baseline,,fe33df9ae5456d8ee27133c42c244c81d150008ababc19399c7ed428638b57ea
3090,2023-03-08,14.94,14.96,14.9,14.9,1805,,,,,historical_baseline,,fe33df9ae5456d8ee27133c42c244c81d150008ababc19399c7ed428638b57ea
3090,2023-03-09,14.9,14.9,14.9,14.9,0,,,,,historical_baseline,,fe33df9ae5456d8ee27133c42c244c81d150008ababc19399c7ed428638b57ea
3090,2023-03-12,14.9,14.9,14.9,14.9,0,,,,,historical_baseline,,fe33df9ae5456d8ee27133c42c244c81d150008ababc19399c7ed428638b57ea
3090,2023-03-13,14.9,14.9,14.9,14.9,0,,,,,historical_baseline,,fe33df9ae5456d8ee27133c42c244c81d150008ababc19399c7ed428638b57ea
3090,2023-03-14,14.9,15.08,14.9,15.08,1000,,,,,historical_baseline,,fe33df9ae5456d8ee27133c42c244c81d150008ababc19399c7ed428638b57ea
3090,2023-03-15,15.0,15.06,14.88,14.88,3420,,,,,historical_baseline,,fe33df9ae5456d8ee27133c42c244c81d150008ababc19399c7ed428638b57ea
3090,2023-03-16,14.88,14.88,14.7,14.7,4182,,,,,historical_baseline,,fe33df9ae5456d8ee27133c42c244c81d150008ababc19399c7ed428638b57ea
3090,2023-03-19,14.7,14.7,14.7,14.7,0,,,,,historical_baseline,,fe33df9ae5456d8ee27133c42c244c81d150008ababc19399c7ed428638b57ea
3090,2023-03-20,14.6,14.8,14.56,14.68,2756,,,,,historical_baseline,,fe33df9ae5456d8ee27133c42c244c81d150008ababc19399c7ed428638b57ea
3090,2023-03-21,14.62,14.8,14.62,14.8,2289,,,,,historical_baseline,,fe33df9ae5456d8ee27133c42c244c81d150008ababc19399c7ed428638b57ea
3090,2023-03-22,14.76,14.76,14.7,14.7,1889,,,,,historical_baseline,,fe33df9ae5456d8ee27133c42c244c81d150008ababc19399c7ed428638b57ea
3090,2023-03-23,14.86,14.86,14.66,14.66,2051,,,,,historical_baseline,,fe33df9ae5456d8ee27133c42c244c81d150008ababc19399c7ed428638b57ea
3090,2023-03-26,14.66,14.66,14.66,14.66,0,,,,,historical_baseline,,fe33df9ae5456d8ee27133c42c244c81d150008ababc19399c7ed428638b57ea
3090,2023-03-27,14.66,14.66,14.66,14.66,0,,,,,historical_baseline,,fe33df9ae5456d8ee27133c42c244c81d150008ababc19399c7ed428638b57ea
3090,2023-03-28,14.66,14.66,14.66,14.66,0,,,,,historical_baseline,,fe33df9ae5456d8ee27133c42c244c81d150008ababc19399c7ed428638b57ea
3090,2023-03-29,14.82,14.86,14.74,14.84,301,,,,,historical_baseline,,fe33df9ae5456d8ee27133c42c244c81d150008ababc19399c7ed428638b57ea
3090,2023-03-30,14.84,15.02,14.8,14.86,1999,,,,,historical_baseline,,fe33df9ae5456d8ee27133c42c244c81d150008ababc19399c7ed428638b57ea
3091,2023-03-01,13.88,13.88,13.34,13.34,1464,,,,,historical_baseline,,fe33df9ae5456d8ee27133c42c244c81d150008ababc19399c7ed428638b57ea
3091,2023-03-02,13.34,13.5,13.34,13.4,1715,,,,,historical_baseline,,fe33df9ae5456d8ee27133c42c244c81d150008ababc19399c7ed428638b57ea
3091,2023-03-05,13.42,13.6,13.4,13.5,2879,,,,,historical_baseline,,fe33df9ae5456d8ee27133c42c244c81d150008ababc19399c7ed428638b57ea
3091,2023-03-06,13.5,13.5,13.5,13.5,0,,,,,historical_baseline,,fe33df9ae5456d8ee27133c42c244c81d150008ababc19399c7ed428638b57ea
3091,2023-03-07,13.5,13.5,13.5,13.5,0,,,,,historical_baseline,,fe33df9ae5456d8ee27133c42c244c81d150008ababc19399c7ed428638b57ea
3091,2023-03-08,13.24,13.42,13.2,13.22,10207,,,,,historical_baseline,,fe33df9ae5456d8ee27133c42c244c81d150008ababc19399c7ed428638b57ea
3091,2023-03-09,13.22,13.22,13.22,13.22,0,,,,,historical_baseline,,fe33df9ae5456d8ee27133c42c244c81d150008ababc19399c7ed428638b57ea
3091,2023-03-12,13.22,13.22,13.22,13.22,0,,,,,historical_baseline,,fe33df9ae5456d8ee27133c42c244c81d150008ababc19399c7ed428638b57ea
3091,2023-03-13,13.22,13.22,13.22,13.22,0,,,,,historical_baseline,,fe33df9ae5456d8ee27133c42c244c81d150008ababc19399c7ed428638b57ea
3091,2023-03-14,13.18,13.42,13.1,13.4,5000,,,,,historical_baseline,,fe33df9ae5456d8ee27133c42c244c81d150008ababc19399c7ed428638b57ea
3091,2023-03-15,13.36,13.4,13.2,13.2,8000,,,,,historical_baseline,,fe33df9ae5456d8ee27133c42c244c81d150008ababc19399c7ed428638b57ea
3091,2023-03-16,13.1,13.22,13.06,13.16,2000,,,,,historical_baseline,,fe33df9ae5456d8ee27133c42c244c81d150008ababc19399c7ed428638b57ea
3091,2023-03-19,13.16,13.16,13.16,13.16,0,,,,,historical_baseline,,fe33df9ae5456d8ee27133c42c244c81d150008ababc19399c7ed428638b57ea
3091,2023-03-20,12.96,12.96,12.7,12.88,6202,,,,,historical_baseline,,fe33df9ae5456d8ee27133c42c244c81d150008ababc19399c7ed428638b57ea
3091,2023-03-21,12.76,12.76,12.58,12.7,1200,,,,,historical_baseline,,fe33df9ae5456d8ee27133c42c244c81d150008ababc19399c7ed428638b57ea
3091,2023-03-22,12.7,12.8,12.44,12.44,5000,,,,,historical_baseline,,fe33df9ae5456d8ee27133c42c244c81d150008ababc19399c7ed428638b57ea
3091,2023-03-23,12.42,12.64,12.42,12.64,9145,,,,,historical_baseline,,fe33df9ae5456d8ee27133c42c244c81d150008ababc19399c7ed428638b57ea
3091,2023-03-26,12.64,12.64,12.64,12.64,0,,,,,historical_baseline,,fe33df9ae5456d8ee27133c42c244c81d150008ababc19399c7ed428638b57ea
3091,2023-03-27,12.64,12.64,12.64,12.64,0,,,,,historical_baseline,,fe33df9ae5456d8ee27133c42c244c81d150008ababc19399c7ed428638b57ea
3091,2023-03-28,12.64,12.64,12.64,12.64,0,,,,,historical_baseline,,fe33df9ae5456d8ee27133c42c244c81d150008ababc19399c7ed428638b57ea
3091,2023-03-29,12.94,12.94,12.84,12.9,185,,,,,historical_baseline,,fe33df9ae5456d8ee27133c42c244c81d150008ababc19399c7ed428638b57ea
3091,2023-03-30,12.8,12.86,12.5,12.6,1500,,,,,historical_baseline,,fe33df9ae5456d8ee27133c42c244c81d150008ababc19399c7ed428638b57ea
3092,2023-03-01,30.4,30.4,30.0,30.35,348,,,,,historical_baseline,,fe33df9ae5456d8ee27133c42c244c81d150008ababc19399c7ed428638b57ea
3092,2023-03-02,30.3,30.45,30.15,30.15,661,,,,,historical_baseline,,fe33df9ae5456d8ee27133c42c244c81d150008ababc19399c7ed428638b57ea
3092,2023-03-05,30.5,30.6,29.85,29.95,97,,,,,historical_baseline,,fe33df9ae5456d8ee27133c42c244c81d150008ababc19399c7ed428638b57ea
3092,2023-03-06,30.2,30.3,29.85,30.1,101,,,,,historical_baseline,,fe33df9ae5456d8ee27133c42c244c81d150008ababc19399c7ed428638b57ea
3092,2023-03-07,30.1,30.1,30.1,30.1,0,,,,,historical_baseline,,fe33df9ae5456d8ee27133c42c244c81d150008ababc19399c7ed428638b57ea
3092,2023-03-08,30.0,30.05,29.85,30.0,170,,,,,historical_baseline,,fe33df9ae5456d8ee27133c42c244c81d150008ababc19399c7ed428638b57ea
3092,2023-03-09,30.05,30.25,30.05,30.15,1750,,,,,historical_baseline,,fe33df9ae5456d8ee27133c42c244c81d150008ababc19399c7ed428638b57ea
3092,2023-03-12,30.15,30.15,30.15,30.15,0,,,,,historical_baseline,,fe33df9ae5456d8ee27133c42c244c81d150008ababc19399c7ed428638b57ea
3092,2023-03-13,30.15,30.15,30.15,30.15,0,,,,,historical_baseline,,fe33df9ae5456d8ee27133c42c244c81d150008ababc19399c7ed428638b57ea
3092,2023-03-14,30.1,31.0,30.0,30.8,599,,,,,historical_baseline,,fe33df9ae5456d8ee27133c42c244c81d150008ababc19399c7ed428638b57ea
3092,2023-03-15,30.05,30.15,30.0,30.15,167,,,,,historical_baseline,,fe33df9ae5456d8ee27133c42c244c81d150008ababc19399c7ed428638b57ea
3092,2023-03-16,30.1,30.45,30.1,30.45,84,,,,,historical_baseline,,fe33df9ae5456d8ee27133c42c244c81d150008ababc19399c7ed428638b57ea
3092,2023-03-19,30.45,30.45,30.45,30.45,0,,,,,historical_baseline,,fe33df9ae5456d8ee27133c42c244c81d150008ababc19399c7ed428638b57ea
3092,2023-03-20,30.35,30.35,30.35,30.35,0,,,,,historical_baseline,,fe33df9ae5456d8ee27133c42c244c81d150008ababc19399c7ed428638b57ea
3092,2023-03-21,30.35,30.55,30.05,30.4,118,,,,,historical_baseline,,fe33df9ae5456d8ee27133c42c244c81d150008ababc19399c7ed428638b57ea
3092,2023-03-22,30.55,30.7,30.55,30.7,678,,,,,historical_baseline,,fe33df9ae5456d8ee27133c42c244c81d150008ababc19399c7ed428638b57ea
3092,2023-03-23,30.65,30.75,30.5,30.5,247,,,,,historical_baseline,,fe33df9ae5456d8ee27133c42c244c81d150008ababc19399c7ed428638b57ea
3092,2023-03-26,30.5,30.5,30.5,30.5,0,,,,,historical_baseline,,fe33df9ae5456d8ee27133c42c244c81d150008ababc19399c7ed428638b57ea
3092,2023-03-27,30.5,30.5,30.5,30.5,0,,,,,historical_baseline,,fe33df9ae5456d8ee27133c42c244c81d150008ababc19399c7ed428638b57ea
3092,2023-03-28,30.5,30.5,30.5,30.5,0,,,,,historical_baseline,,fe33df9ae5456d8ee27133c42c244c81d150008ababc19399c7ed428638b57ea
3092,2023-03-29,31.3,31.4,30.6,31.4,54,,,,,historical_baseline,,fe33df9ae5456d8ee27133c42c244c81d150008ababc19399c7ed428638b57ea
3092,2023-03-30,31.45,32.0,31.15,32.0,2763,,,,,historical_baseline,,fe33df9ae5456d8ee27133c42c244c81d150008ababc19399c7ed428638b57ea
4001,2023-03-01,11.3,11.3,11.14,11.24,1570,,,,,historical_baseline,,fe33df9ae5456d8ee27133c42c244c81d150008ababc19399c7ed428638b57ea
4001,2023-03-02,11.16,11.22,10.98,11.04,1370,,,,,historical_baseline,,fe33df9ae5456d8ee27133c42c244c81d150008ababc19399c7ed428638b57ea
4001,2023-03-05,11.04,11.5,11.04,11.5,3670,,,,,historical_baseline,,fe33df9ae5456d8ee27133c42c244c81d150008ababc19399c7ed428638b57ea
4001,2023-03-06,11.5,11.5,11.5,11.5,0,,,,,historical_baseline,,fe33df9ae5456d8ee27133c42c244c81d150008ababc19399c7ed428638b57ea
4001,2023-03-07,11.5,11.5,11.5,11.5,0,,,,,historical_baseline,,fe33df9ae5456d8ee27133c42c244c81d150008ababc19399c7ed428638b57ea
4001,2023-03-08,11.64,11.7,11.56,11.7,1640,,,,,historical_baseline,,fe33df9ae5456d8ee27133c42c244c81d150008ababc19399c7ed428638b57ea
4001,2023-03-09,11.7,11.7,11.7,11.7,0,,,,,historical_baseline,,fe33df9ae5456d8ee27133c42c244c81d150008ababc19399c7ed428638b57ea
4001,2023-03-12,11.7,11.7,11.7,11.7,0,,,,,historical_baseline,,fe33df9ae5456d8ee27133c42c244c81d150008ababc19399c7ed428638b57ea
4001,2023-03-13,11.7,11.7,11.7,11.7,0,,,,,historical_baseline,,fe33df9ae5456d8ee27133c42c244c81d150008ababc19399c7ed428638b57ea
4001,2023-03-14,11.64,11.64,11.44,11.58,1880,,,,,historical_baseline,,fe33df9ae5456d8ee27133c42c244c81d150008ababc19399c7ed428638b57ea
4001,2023-03-15,11.68,11.76,11.54,11.56,1500,,,,,historical_baseline,,fe33df9ae5456d8ee27133c42c244c81d150008ababc19399c7ed428638b57ea
4001,2023-03-16,11.5,11.7,11.5,11.54,5800,,,,,historical_baseline,,fe33df9ae5456d8ee27133c42c244c81d150008ababc19399c7ed428638b57ea
4001,2023-03-19,11.54,11.54,11.54,11.54,0,,,,,historical_baseline,,fe33df9ae5456d8ee27133c42c244c81d150008ababc19399c7ed428638b57ea
4001,2023-03-20,11.48,11.74,11.48,11.74,2000,,,,,historical_baseline,,fe33df9ae5456d8ee27133c42c244c81d150008ababc19399c7ed428638b57ea
4001,2023-03-21,11.74,11.86,11.68,11.82,1270,,,,,historical_baseline,,fe33df9ae5456d8ee27133c42c244c81d150008ababc19399c7ed428638b57ea
4001,2023-03-22,11.88,12.36,11.82,12.16,2430,,,,,historical_baseline,,fe33df9ae5456d8ee27133c42c244c81d150008ababc19399c7ed428638b57ea
4001,2023-03-23,12.08,12.6,12.08,12.44,1540,,,,,historical_baseline,,fe33df9ae5456d8ee27133c42c244c81d150008ababc19399c7ed428638b57ea
4001,2023-03-26,12.44,12.44,12.44,12.44,0,,,,,historical_baseline,,fe33df9ae5456d8ee27133c42c244c81d150008ababc19399c7ed428638b57ea
4001,2023-03-27,12.44,12.44,12.44,12.44,0,,,,,historical_baseline,,fe33df9ae5456d8ee27133c42c244c81d150008ababc19399c7ed428638b57ea
4001,2023-03-28,12.44,12.44,12.44,12.44,0,,,,,historical_baseline,,fe33df9ae5456d8ee27133c42c244c81d150008ababc19399c7ed428638b57ea
4001,2023-03-29,12.4,12.74,12.4,12.74,9950,,,,,historical_baseline,,fe33df9ae5456d8ee27133c42c244c81d150008ababc19399c7ed428638b57ea
4001,2023-03-30,12.7,12.86,12.66,12.8,5770,,,,,historical_baseline,,fe33df9ae5456d8ee27133c42c244c81d150008ababc19399c7ed428638b57ea
4002,2023-03-01,91.0,93.6,91.0,92.0,1396,,,,,historical_baseline,,fe33df9ae5456d8ee27133c42c244c81d150008ababc19399c7ed428638b57ea
4002,2023-03-02,92.0,94.0,90.5,92.1,680,,,,,historical_baseline,,fe33df9ae5456d8ee27133c42c244c81d150008ababc19399c7ed428638b57ea
4002,2023-03-05,92.4,96.0,92.4,95.5,200,,,,,historical_baseline,,fe33df9ae5456d8ee27133c42c244c81d150008ababc19399c7ed428638b57ea
4002,2023-03-06,95.5,95.5,95.5,95.5,0,,,,,historical_baseline,,fe33df9ae5456d8ee27133c42c244c81d150008ababc19399c7ed428638b57ea
4002,2023-03-07,95.5,95.5,95.5,95.5,0,,,,,historical_baseline,,fe33df9ae5456d8ee27133c42c244c81d150008ababc19399c7ed428638b57ea
4002,2023-03-08,96.5,96.9,95.7,96.1,2314,,,,,historical_baseline,,fe33df9ae5456d8ee27133c42c244c81d150008ababc19399c7ed428638b57ea
4002,2023-03-09,96.1,96.1,96.1,96.1,0,,,,,historical_baseline,,fe33df9ae5456d8ee27133c42c244c81d150008ababc19399c7ed428638b57ea
4002,2023-03-12,96.1,96.1,96.1,96.1,0,,,,,historical_baseline,,fe33df9ae5456d8ee27133c42c244c81d150008ababc19399c7ed428638b57ea
4002,2023-03-13,96.1,96.1,96.1,96.1,0,,,,,historical_baseline,,fe33df9ae5456d8ee27133c42c244c81d150008ababc19399c7ed428638b57ea
4002,2023-03-14,95.8,100.4,95.8,99.0,200,,,,,historical_baseline,,fe33df9ae5456d8ee27133c42c244c81d150008ababc19399c7ed428638b57ea
4002,2023-03-15,99.5,99.5,97.5,98.1,392,,,,,historical_baseline,,fe33df9ae5456d8ee27133c42c244c81d150008ababc19399c7ed428638b57ea
4002,2023-03-16,97.0,98.9,96.7,97.5,404,,,,,historical_baseline,,fe33df9ae5456d8ee27133c42c244c81d150008ababc19399c7ed428638b57ea
4002,2023-03-19,97.5,97.5,97.5,97.5,0,,,,,historical_baseline,,fe33df9ae5456d8ee27133c42c244c81d150008ababc19399c7ed428638b57ea
4002,2023-03-20,98.1,98.5,96.9,97.7,1000,,,,,historical_baseline,,fe33df9ae5456d8ee27133c42c244c81d150008ababc19399c7ed428638b57ea
4002,2023-03-21,98.5,100.8,98.1,100.0,340,,,,,historical_baseline,,fe33df9ae5456d8ee27133c42c244c81d150008ababc19399c7ed428638b57ea
4002,2023-03-22,102.5,110.0,101.7,110.0,200,,,,,historical_baseline,,fe33df9ae5456d8ee27133c42c244c81d150008ababc19399c7ed428638b57ea
4002,2023-03-23,110.0,110.0,107.5,109.4,486,,,,,historical_baseline,,fe33df9ae5456d8ee27133c42c244c81d150008ababc19399c7ed428638b57ea
4002,2023-03-26,109.4,109.4,109.4,109.4,0,,,,,historical_baseline,,fe33df9ae5456d8ee27133c42c244c81d150008ababc19399c7ed428638b57ea
4002,2023-03-27,109.4,109.4,109.4,109.4,0,,,,,historical_baseline,,fe33df9ae5456d8ee27133c42c244c81d150008ababc19399c7ed428638b57ea
4002,2023-03-28,109.4,109.4,109.4,109.4,0,,,,,historical_baseline,,fe33df9ae5456d8ee27133c42c244c81d150008ababc19399c7ed428638b57ea
4002,2023-03-29,114.6,115.5,112.3,115.2,6842,,,,,historical_baseline,,fe33df9ae5456d8ee27133c42c244c81d150008ababc19399c7ed428638b57ea
4002,2023-03-30,115.0,117.5,114.3,117.5,142,,,,,historical_baseline,,fe33df9ae5456d8ee27133c42c244c81d150008ababc19399c7ed428638b57ea
4003,2023-03-01,80.0,80.3,78.6,79.5,5000,,,,,historical_baseline,,fe33df9ae5456d8ee27133c42c244c81d150008ababc19399c7ed428638b57ea
4003,2023-03-02,79.9,81.1,79.4,79.8,557,,,,,historical_baseline,,fe33df9ae5456d8ee27133c42c244c81d150008ababc19399c7ed428638b57ea
4003,2023-03-05,79.8,80.2,78.9,79.9,650,,,,,historical_baseline,,fe33df9ae5456d8ee27133c42c244c81d150008ababc19399c7ed428638b57ea
4003,2023-03-06,79.9,79.9,79.9,79.9,0,,,,,historical_baseline,,fe33df9ae5456d8ee27133c42c244c81d150008ababc19399c7ed428638b57ea
4003,2023-03-07,79.9,79.9,79.9,79.9,0,,,,,historical_baseline,,fe33df9ae5456d8ee27133c42c244c81d150008ababc19399c7ed428638b57ea
4003,2023-03-08,78.5,79.5,77.9,78.5,300,,,,,historical_baseline,,fe33df9ae5456d8ee27133c42c244c81d150008ababc19399c7ed428638b57ea
4003,2023-03-09,78.5,78.5,78.5,78.5,0,,,,,historical_baseline,,fe33df9ae5456d8ee27133c42c244c81d150008ababc19399c7ed428638b57ea
4003,2023-03-12,78.5,78.5,78.5,78.5,0,,,,,historical_baseline,,fe33df9ae5456d8ee27133c42c244c81d150008ababc19399c7ed428638b57ea
4003,2023-03-13,78.5,78.5,78.5,78.5,0,,,,,historical_baseline,,fe33df9ae5456d8ee27133c42c244c81d150008ababc19399c7ed428638b57ea
4003,2023-03-14,77.7,78.0,75.7,76.1,300,,,,,historical_baseline,,fe33df9ae5456d8ee27133c42c244c81d150008ababc19399c7ed428638b57ea
4003,2023-03-15,75.3,77.0,75.3,76.0,200,,,,,historical_baseline,,fe33df9ae5456d8ee27133c42c244c81d150008ababc19399c7ed428638b57ea
4003,2023-03-16,76.0,76.2,73.6,74.0,400,,,,,historical_baseline,,fe33df9ae5456d8ee27133c42c244c81d150008ababc19399c7ed428638b57ea
4003,2023-03-19,74.0,74.0,74.0,74.0,0,,,,,historical_baseline,,fe33df9ae5456d8ee27133c42c244c81d150008ababc19399c7ed428638b57ea
4003,2023-03-20,74.0,74.1,73.4,73.7,999,,,,,historical_baseline,,fe33df9ae5456d8ee27133c42c244c81d150008ababc19399c7ed428638b57ea
4003,2023-03-21,73.6,74.3,73.5,74.0,476,,,,,historical_baseline,,fe33df9ae5456d8ee27133c42c244c81d150008ababc19399c7ed428638b57ea
4003,2023-03-22,74.5,78.3,74.4,77.4,399,,,,,historical_baseline,,fe33df9ae5456d8ee27133c42c244c81d150008ababc19399c7ed428638b57ea
4003,2023-03-23,77.4,78.6,76.0,77.5,1104,,,,,historical_baseline,,fe33df9ae5456d8ee27133c42c244c81d150008ababc19399c7ed428638b57ea
4003,2023-03-26,77.5,77.5,77.5,77.5,0,,,,,historical_baseline,,fe33df9ae5456d8ee27133c42c244c81d150008ababc19399c7ed428638b57ea
4003,2023-03-27,77.5,77.5,77.5,77.5,0,,,,,historical_baseline,,fe33df9ae5456d8ee27133c42c244c81d150008ababc19399c7ed428638b57ea
4003,2023-03-28,77.5,77.5,77.5,77.5,0,,,,,historical_baseline,,fe33df9ae5456d8ee27133c42c244c81d150008ababc19399c7ed428638b57ea
4003,2023-03-29,77.6,77.9,77.1,77.5,812,,,,,historical_baseline,,fe33df9ae5456d8ee27133c42c244c81d150008ababc19399c7ed428638b57ea
4003,2023-03-30,77.6,78.7,77.5,77.7,1000,,,,,historical_baseline,,fe33df9ae5456d8ee27133c42c244c81d150008ababc19399c7ed428638b57ea
4004,2023-03-01,145.6,146.0,142.0,143.4,160,,,,,historical_baseline,,fe33df9ae5456d8ee27133c42c244c81d150008ababc19399c7ed428638b57ea
4004,2023-03-02,142.8,144.2,142.2,143.6,677,,,,,historical_baseline,,fe33df9ae5456d8ee27133c42c244c81d150008ababc19399c7ed428638b57ea
4004,2023-03-05,142.8,144.8,141.0,144.8,515,,,,,historical_baseline,,fe33df9ae5456d8ee27133c42c244c81d150008ababc19399c7ed428638b57ea
4004,2023-03-06,144.8,144.8,144.8,144.8,0,,,,,historical_baseline,,fe33df9ae5456d8ee27133c42c244c81d150008ababc19399c7ed428638b57ea
4004,2023-03-07,144.8,144.8,144.8,144.8,0,,,,,historical_baseline,,fe33df9ae5456d8ee27133c42c244c81d150008ababc19399c7ed428638b57ea
4004,2023-03-08,146.6,146.6,144.2,146.0,141,,,,,historical_baseline,,fe33df9ae5456d8ee27133c42c244c81d150008ababc19399c7ed428638b57ea
4004,2023-03-09,146.0,146.0,146.0,146.0,0,,,,,historical_baseline,,fe33df9ae5456d8ee27133c42c244c81d150008ababc19399c7ed428638b57ea
4004,2023-03-12,146.0,146.0,146.0,146.0,0,,,,,historical_baseline,,fe33df9ae5456d8ee27133c42c244c81d150008ababc19399c7ed428638b57ea
4004,2023-03-13,146.0,146.0,146.0,146.0,0,,,,,historical_baseline,,fe33df9ae5456d8ee27133c42c244c81d150008ababc19399c7ed428638b57ea
4004,2023-03-14,143.0,144.2,142.6,144.0,148,,,,,historical_baseline,,fe33df9ae5456d8ee27133c42c244c81d150008ababc19399c7ed428638b57ea
4004,2023-03-15,144.0,144.0,142.0,142.0,159,,,,,historical_baseline,,fe33df9ae5456d8ee27133c42c244c81d150008ababc19399c7ed428638b57ea
4004,2023-03-16,141.2,141.6,138.0,138.8,605,,,,,historical_baseline,,fe33df9ae5456d8ee27133c42c244c81d150008ababc19399c7ed428638b57ea
4004,2023-03-19,138.8,138.8,138.8,138.8,0,,,,,historical_baseline,,fe33df9ae5456d8ee27133c42c244c81d150008ababc19399c7ed428638b57ea
4004,2023-03-20,139.0,143.4,139.0,141.6,1431,,,,,historical_baseline,,fe33df9ae5456d8ee27133c42c244c81d150008ababc19399c7ed428638b57ea
4004,2023-03-21,141.6,144.0,141.4,143.6,200,,,,,historical_baseline,,fe33df9ae5456d8ee27133c42c244c81d150008ababc19399c7ed428638b57ea
4004,2023-03-22,144.6,144.6,140.2,141.2,124,,,,,historical_baseline,,fe33df9ae5456d8ee27133c42c244c81d150008ababc19399c7ed428638b57ea
4004,2023-03-23,140.6,146.0,140.6,142.4,713,,,,,historical_baseline,,fe33df9ae5456d8ee27133c42c244c81d150008ababc19399c7ed428638b57ea
4004,2023-03-26,142.4,142.4,142.4,142.4,0,,,,,historical_baseline,,fe33df9ae5456d8ee27133c42c244c81d150008ababc19399c7ed428638b57ea
4004,2023-03-27,142.4,142.4,142.4,142.4,0,,,,,historical_baseline,,fe33df9ae5456d8ee27133c42c244c81d150008ababc19399c7ed428638b57ea
4004,2023-03-28,142.4,142.4,142.4,142.4,0,,,,,historical_baseline,,fe33df9ae5456d8ee27133c42c244c81d150008ababc19399c7ed428638b57ea
4004,2023-03-29,147.2,156.4,147.2,154.0,2186,,,,,historical_baseline,,fe33df9ae5456d8ee27133c42c244c81d150008ababc19399c7ed428638b57ea
4004,2023-03-30,156.8,158.4,152.4,154.0,192,,,,,historical_baseline,,fe33df9ae5456d8ee27133c42c244c81d150008ababc19399c7ed428638b57ea
4005,2023-03-01,77.9,79.7,77.9,79.3,375,,,,,historical_baseline,,fe33df9ae5456d8ee27133c42c244c81d150008ababc19399c7ed428638b57ea
4005,2023-03-02,79.6,80.5,79.6,79.8,275,,,,,historical_baseline,,fe33df9ae5456d8ee27133c42c244c81d150008ababc19399c7ed428638b57ea
4005,2023-03-05,81.1,85.8,81.1,83.5,469,,,,,historical_baseline,,fe33df9ae5456d8ee27133c42c244c81d150008ababc19399c7ed428638b57ea
4005,2023-03-06,83.5,83.5,83.5,83.5,0,,,,,historical_baseline,,fe33df9ae5456d8ee27133c42c244c81d150008ababc19399c7ed428638b57ea
4005,2023-03-07,83.5,83.5,83.5,83.5,0,,,,,historical_baseline,,fe33df9ae5456d8ee27133c42c244c81d150008ababc19399c7ed428638b57ea
4005,2023-03-08,82.2,82.6,80.7,80.7,300,,,,,historical_baseline,,fe33df9ae5456d8ee27133c42c244c81d150008ababc19399c7ed428638b57ea
4005,2023-03-09,80.7,80.7,80.7,80.7,0,,,,,historical_baseline,,fe33df9ae5456d8ee27133c42c244c81d150008ababc19399c7ed428638b57ea
4005,2023-03-12,80.7,80.7,80.7,80.7,0,,,,,historical_baseline,,fe33df9ae5456d8ee27133c42c244c81d150008ababc19399c7ed428638b57ea
4005,2023-03-13,80.7,80.7,80.7,80.7,0,,,,,historical_baseline,,fe33df9ae5456d8ee27133c42c244c81d150008ababc19399c7ed428638b57ea
4005,2023-03-14,79.6,79.7,78.0,78.7,300,,,,,historical_baseline,,fe33df9ae5456d8ee27133c42c244c81d150008ababc19399c7ed428638b57ea
4005,2023-03-15,76.6,77.2,73.0,73.2,210,,,,,historical_baseline,,fe33df9ae5456d8ee27133c42c244c81d150008ababc19399c7ed428638b57ea
4005,2023-03-16,73.7,74.5,72.4,73.0,410,,,,,historical_baseline,,fe33df9ae5456d8ee27133c42c244c81d150008ababc19399c7ed428638b57ea
4005,2023-03-19,73.0,73.0,73.0,73.0,0,,,,,historical_baseline,,fe33df9ae5456d8ee27133c42c244c81d150008ababc19399c7ed428638b57ea
4005,2023-03-20,73.8,75.0,73.5,74.3,760,,,,,historical_baseline,,fe33df9ae5456d8ee27133c42c244c81d150008ababc19399c7ed428638b57ea
4005,2023-03-21,74.8,80.5,74.8,79.6,506,,,,,historical_baseline,,fe33df9ae5456d8ee27133c42c244c81d150008ababc19399c7ed428638b57ea
4005,2023-03-22,79.5,79.8,78.0,79.4,396,,,,,historical_baseline,,fe33df9ae5456d8ee27133c42c244c81d150008ababc19399c7ed428638b57ea
4005,2023-03-23,79.0,87.3,78.9,87.3,230,,,,,historical_baseline,,fe33df9ae5456d8ee27133c42c244c81d150008ababc19399c7ed428638b57ea
4005,2023-03-26,87.3,87.3,87.3,87.3,0,,,,,historical_baseline,,fe33df9ae5456d8ee27133c42c244c81d150008ababc19399c7ed428638b57ea
4005,2023-03-27,87.3,87.3,87.3,87.3,0,,,,,historical_baseline,,fe33df9ae5456d8ee27133c42c244c81d150008ababc19399c7ed428638b57ea
4005,2023-03-28,87.3,87.3,87.3,87.3,0,,,,,historical_baseline,,fe33df9ae5456d8ee27133c42c244c81d150008ababc19399c7ed428638b57ea
4005,2023-03-29,92.5,94.4,89.0,89.0,3851,,,,,historical_baseline,,fe33df9ae5456d8ee27133c42c244c81d150008ababc19399c7ed428638b57ea
4005,2023-03-30,89.6,90.6,88.5,90.2,200,,,,,historical_baseline,,fe33df9ae5456d8ee27133c42c244c81d150008ababc19399c7ed428638b57ea
4006,2023-03-01,20.92,21.1,20.92,21.08,785,,,,,historical_baseline,,fe33df9ae5456d8ee27133c42c244c81d150008ababc19399c7ed428638b57ea
4006,2023-03-02,21.16,21.36,21.06,21.06,1494,,,,,historical_baseline,,fe33df9ae5456d8ee27133c42c244c81d150008ababc19399c7ed428638b57ea
4006,2023-03-05,21.04,21.44,20.84,21.38,1928,,,,,historical_baseline,,fe33df9ae5456d8ee27133c42c244c81d150008ababc19399c7ed428638b57ea
4006,2023-03-06,21.38,21.38,21.38,21.38,0,,,,,historical_baseline,,fe33df9ae5456d8ee27133c42c244c81d150008ababc19399c7ed428638b57ea
4006,2023-03-07,21.38,21.38,21.38,21.38,0,,,,,historical_baseline,,fe33df9ae5456d8ee27133c42c244c81d150008ababc19399c7ed428638b57ea
4006,2023-03-08,21.56,21.68,21.44,21.44,1000,,,,,historical_baseline,,fe33df9ae5456d8ee27133c42c244c81d150008ababc19399c7ed428638b57ea
4006,2023-03-09,21.44,21.44,21.44,21.44,0,,,,,historical_baseline,,fe33df9ae5456d8ee27133c42c244c81d150008ababc19399c7ed428638b57ea
4006,2023-03-12,21.44,21.44,21.44,21.44,0,,,,,historical_baseline,,fe33df9ae5456d8ee27133c42c244c81d150008ababc19399c7ed428638b57ea
4006,2023-03-13,21.44,21.44,21.44,21.44,0,,,,,historical_baseline,,fe33df9ae5456d8ee27133c42c244c81d150008ababc19399c7ed428638b57ea
4006,2023-03-14,22.2,22.64,22.1,22.1,1000,,,,,historical_baseline,,fe33df9ae5456d8ee27133c42c244c81d150008ababc19399c7ed428638b57ea
4006,2023-03-15,21.7,22.06,21.5,21.78,2880,,,,,historical_baseline,,fe33df9ae5456d8ee27133c42c244c81d150008ababc19399c7ed428638b57ea
4006,2023-03-16,21.5,21.7,21.4,21.58,811,,,,,historical_baseline,,fe33df9ae5456d8ee27133c42c244c81d150008ababc19399c7ed428638b57ea
4006,2023-03-19,21.58,21.58,21.58,21.58,0,,,,,historical_baseline,,fe33df9ae5456d8ee27133c42c244c81d150008ababc19399c7ed428638b57ea
4006,2023-03-20,21.7,21.74,21.5,21.74,1135,,,,,historical_baseline,,fe33df9ae5456d8ee27133c42c244c81d150008ababc19399c7ed428638b57ea
4006,2023-03-21,21.7,22.08,21.68,21.94,697,,,,,historical_baseline,,fe33df9ae5456d8ee27133c42c244c81d150008ababc19399c7ed428638b57ea
4006,2023-03-22,22.0,22.44,21.74,21.76,900,,,,,historical_baseline,,fe33df9ae5456d8ee27133c42c244c81d150008ababc19399c7ed428638b57ea
4006,2023-03-23,21.6,21.9,21.6,21.72,2000,,,,,historical_baseline,,fe33df9ae5456d8ee27133c42c244c81d150008ababc19399c7ed428638b57ea
4006,2023-03-26,21.72,21.72,21.72,21.72,0,,,,,historical_baseline,,fe33df9ae5456d8ee27133c42c244c81d150008ababc19399c7ed428638b57ea
4006,2023-03-27,21.72,21.72,21.72,21.72,0,,,,,historical_baseline,,fe33df9ae5456d8ee27133c42c244c81d150008ababc19399c7ed428638b57ea
4006,2023-03-28,21.72,21.72,21.72,21.72,0,,,,,historical_baseline,,fe33df9ae5456d8ee27133c42c244c81d150008ababc19399c7ed428638b57ea
4006,2023-03-29,22.3,23.46,22.02,23.1,1670,,,,,historical_baseline,,fe33df9ae5456d8ee27133c42c244c81d150008ababc19399c7ed428638b57ea
4006,2023-03-30,23.4,23.46,22.5,22.8,700,,,,,historical_baseline,,fe33df9ae5456d8ee27133c42c244c81d150008ababc19399c7ed428638b57ea
4007,2023-03-01,48.1,48.9,47.0,48.0,1000,,,,,historical_baseline,,fe33df9ae5456d8ee27133c42c244c81d150008ababc19399c7ed428638b57ea
4007,2023-03-02,48.1,48.75,47.5,48.0,2779,,,,,historical_baseline,,fe33df9ae5456d8ee27133c42c244c81d150008ababc19399c7ed428638b57ea
4007,2023-03-05,49.0,49.6,48.0,49.55,500,,,,,historical_baseline,,fe33df9ae5456d8ee27133c42c244c81d150008ababc19399c7ed428638b57ea
4007,2023-03-06,49.55,49.55,49.55,49.55,0,,,,,historical_baseline,,fe33df9ae5456d8ee27133c42c244c81d150008ababc19399c7ed428638b57ea
4007,2023-03-07,49.55,49.55,49.55,49.55,0,,,,,historical_baseline,,fe33df9ae5456d8ee27133c42c244c81d150008ababc19399c7ed428638b57ea
4007,2023-03-08,47.2,49.35,47.2,49.2,1000,,,,,historical_baseline,,fe33df9ae5456d8ee27133c42c244c81d150008ababc19399c7ed428638b57ea
4007,2023-03-09,49.2,49.2,49.2,49.2,0,,,,,historical_baseline,,fe33df9ae5456d8ee27133c42c244c81d150008ababc19399c7ed428638b57ea
4007,2023-03-12,49.2,49.2,49.2,49.2,0,,,,,historical_baseline,,fe33df9ae5456d8ee27133c42c244c81d150008ababc19399c7ed428638b57ea
4007,2023-03-13,49.2,49.2,49.2,49.2,0,,,,,historical_baseline,,fe33df9ae5456d8ee27133c42c244c81d150008ababc19399c7ed428638b57ea
4007,2023-03-14,49.0,49.1,48.0,48.6,338,,,,,historical_baseline,,fe33df9ae5456d8ee27133c42c244c81d150008ababc19399c7ed428638b57ea
4007,2023-03-15,47.95,48.1,47.6,48.0,489,,,,,historical_baseline,,fe33df9ae5456d8ee27133c42c244c81d150008ababc19399c7ed428638b57ea
4007,2023-03-16,47.6,47.7,46.05,46.15,330,,,,,historical_baseline,,fe33df9ae5456d8ee27133c42c244c81d150008ababc19399c7ed428638b57ea
4007,2023-03-19,46.15,46.15,46.15,46.15,0,,,,,historical_baseline,,fe33df9ae5456d8ee27133c42c244c81d150008ababc19399c7ed428638b57ea
4007,2023-03-20,46.0,46.7,46.0,46.1,439,,,,,historical_baseline,,fe33df9ae5456d8ee27133c42c244c81d150008ababc19399c7ed428638b57ea
4007,2023-03-21,46.25,46.8,46.2,46.75,350,,,,,historical_baseline,,fe33df9ae5456d8ee27133c42c244c81d150008ababc19399c7ed428638b57ea
4007,2023-03-22,47.15,47.95,46.9,47.35,1000,,,,,historical_baseline,,fe33df9ae5456d8ee27133c42c244c81d150008ababc19399c7ed428638b57ea
4007,2023-03-23,48.0,51.2,46.85,48.9,610,,,,,historical_baseline,,fe33df9ae5456d8ee27133c42c244c81d150008ababc19399c7ed428638b57ea
4007,2023-03-26,48.9,48.9,48.9,48.9,0,,,,,historical_baseline,,fe33df9ae5456d8ee27133c42c244c81d150008ababc19399c7ed428638b57ea
4007,2023-03-27,48.9,48.9,48.9,48.9,0,,,,,historical_baseline,,fe33df9ae5456d8ee27133c42c244c81d150008ababc19399c7ed428638b57ea
4007,2023-03-28,48.9,48.9,48.9,48.9,0,,,,,historical_baseline,,fe33df9ae5456d8ee27133c42c244c81d150008ababc19399c7ed428638b57ea
4007,2023-03-29,48.85,49.35,48.85,49.0,1372,,,,,historical_baseline,,fe33df9ae5456d8ee27133c42c244c81d150008ababc19399c7ed428638b57ea
4007,2023-03-30,48.95,49.95,48.6,48.75,400,,,,,historical_baseline,,fe33df9ae5456d8ee27133c42c244c81d150008ababc19399c7ed428638b57ea
4008,2023-03-01,28.6,29.6,28.6,29.4,856,,,,,historical_baseline,,fe33df9ae5456d8ee27133c42c244c81d150008ababc19399c7ed428638b57ea
4008,2023-03-02,29.4,29.45,28.75,28.8,2096,,,,,historical_baseline,,fe33df9ae5456d8ee27133c42c244c81d150008ababc19399c7ed428638b57ea
4008,2023-03-05,28.85,29.6,28.85,29.55,1792,,,,,historical_baseline,,fe33df9ae5456d8ee27133c42c244c81d150008ababc19399c7ed428638b57ea
4008,2023-03-06,29.55,29.55,29.55,29.55,0,,,,,historical_baseline,,fe33df9ae5456d8ee27133c42c244c81d150008ababc19399c7ed428638b57ea
4008,2023-03-07,29.55,29.55,29.55,29.55,0,,,,,historical_baseline,,fe33df9ae5456d8ee27133c42c244c81d150008ababc19399c7ed428638b57ea
4008,2023-03-08,29.35,29.35,28.7,29.0,1043,,,,,historical_baseline,,fe33df9ae5456d8ee27133c42c244c81d150008ababc19399c7ed428638b57ea
4008,2023-03-09,29.0,29.0,29.0,29.0,0,,,,,historical_baseline,,fe33df9ae5456d8ee27133c42c244c81d150008ababc19399c7ed428638b57ea
4008,2023-03-12,29.0,29.0,29.0,29.0,0,,,,,historical_baseline,,fe33df9ae5456d8ee27133c42c244c81d150008ababc19399c7ed428638b57ea
4008,2023-03-13,29.0,29.0,29.0,29.0,0,,,,,historical_baseline,,fe33df9ae5456d8ee27133c42c244c81d150008ababc19399c7ed428638b57ea
4008,2023-03-14,28.9,30.1,28.7,29.8,1001,,,,,historical_baseline,,fe33df9ae5456d8ee27133c42c244c81d150008ababc19399c7ed428638b57ea
4008,2023-03-15,30.4,30.5,28.9,29.15,1382,,,,,historical_baseline,,fe33df9ae5456d8ee27133c42c244c81d150008ababc19399c7ed428638b57ea
4008,2023-03-16,28.75,28.85,28.35,28.45,600,,,,,historical_baseline,,fe33df9ae5456d8ee27133c42c244c81d150008ababc19399c7ed428638b57ea
4008,2023-03-19,28.45,28.45,28.45,28.45,0,,,,,historical_baseline,,fe33df9ae5456d8ee27133c42c244c81d150008ababc19399c7ed428638b57ea
4008,2023-03-20,28.4,28.45,28.0,28.0,1000,,,,,historical_baseline,,fe33df9ae5456d8ee27133c42c244c81d150008ababc19399c7ed428638b57ea
4008,2023-03-21,27.6,27.75,27.2,27.65,775,,,,,historical_baseline,,fe33df9ae5456d8ee27133c42c244c81d150008ababc19399c7ed428638b57ea
4008,2023-03-22,27.7,28.25,27.45,27.5,900,,,,,historical_baseline,,fe33df9ae5456d8ee27133c42c244c81d150008ababc19399c7ed428638b57ea
4008,2023-03-23,27.6,28.0,27.25,27.55,1000,,,,,historical_baseline,,fe33df9ae5456d8ee27133c42c244c81d150008ababc19399c7ed428638b57ea
4008,2023-03-26,27.55,27.55,27.55,27.55,0,,,,,historical_baseline,,fe33df9ae5456d8ee27133c42c244c81d150008ababc19399c7ed428638b57ea
4008,2023-03-27,27.55,27.55,27.55,27.55,0,,,,,historical_baseline,,fe33df9ae5456d8ee27133c42c244c81d150008ababc19399c7ed428638b57ea
4008,2023-03-28,27.55,27.55,27.55,27.55,0,,,,,historical_baseline,,fe33df9ae5456d8ee27133c42c244c81d150008ababc19399c7ed428638b57ea
4008,2023-03-29,28.25,28.65,28.2,28.55,429,,,,,historical_baseline,,fe33df9ae5456d8ee27133c42c244c81d150008ababc19399c7ed428638b57ea
4008,2023-03-30,28.7,29.35,28.5,29.0,699,,,,,historical_baseline,,fe33df9ae5456d8ee27133c42c244c81d150008ababc19399c7ed428638b57ea
4009,2023-03-01,33.1,34.3,32.75,33.4,2084,,,,,historical_baseline,,fe33df9ae5456d8ee27133c42c244c81d150008ababc19399c7ed428638b57ea
4009,2023-03-02,33.3,34.7,33.25,34.5,1025,,,,,historical_baseline,,fe33df9ae5456d8ee27133c42c244c81d150008ababc19399c7ed428638b57ea
4009,2023-03-05,34.55,34.85,33.2,34.05,1000,,,,,historical_baseline,,fe33df9ae5456d8ee27133c42c244c81d150008ababc19399c7ed428638b57ea
4009,2023-03-06,34.05,34.05,34.05,34.05,0,,,,,historical_baseline,,fe33df9ae5456d8ee27133c42c244c81d150008ababc19399c7ed428638b57ea
4009,2023-03-07,34.05,34.05,34.05,34.05,0,,,,,historical_baseline,,fe33df9ae5456d8ee27133c42c244c81d150008ababc19399c7ed428638b57ea
4009,2023-03-08,33.0,34.85,33.0,34.8,1000,,,,,historical_baseline,,fe33df9ae5456d8ee27133c42c244c81d150008ababc19399c7ed428638b57ea
4009,2023-03-09,34.8,34.8,34.8,34.8,0,,,,,historical_baseline,,fe33df9ae5456d8ee27133c42c244c81d150008ababc19399c7ed428638b57ea
4009,2023-03-12,34.8,34.8,34.8,34.8,0,,,,,historical_baseline,,fe33df9ae5456d8ee27133c42c244c81d150008ababc19399c7ed428638b57ea
4009,2023-03-13,34.8,34.8,34.8,34.8,0,,,,,historical_baseline,,fe33df9ae5456d8ee27133c42c244c81d150008ababc19399c7ed428638b57ea
4009,2023-03-14,35.25,36.0,35.0,36.0,745,,,,,historical_baseline,,fe33df9ae5456d8ee27133c42c244c81d150008ababc19399c7ed428638b57ea
4009,2023-03-15,36.4,37.0,35.65,35.75,484,,,,,historical_baseline,,fe33df9ae5456d8ee27133c42c244c81d150008ababc19399c7ed428638b57ea
4009,2023-03-16,35.75,35.75,33.95,34.55,500,,,,,historical_baseline,,fe33df9ae5456d8ee27133c42c244c81d150008ababc19399c7ed428638b57ea
4009,2023-03-19,34.55,34.55,34.55,34.55,0,,,,,historical_baseline,,fe33df9ae5456d8ee27133c42c244c81d150008ababc19399c7ed428638b57ea
4009,2023-03-20,34.75,35.5,34.75,35.15,2002,,,,,historical_baseline,,fe33df9ae5456d8ee27133c42c244c81d150008ababc19399c7ed428638b57ea
4009,2023-03-21,35.1,35.3,34.75,34.75,452,,,,,historical_baseline,,fe33df9ae5456d8ee27133c42c244c81d150008ababc19399c7ed428638b57ea
4009,2023-03-22,34.9,34.95,34.1,34.75,3795,,,,,historical_baseline,,fe33df9ae5456d8ee27133c42c244c81d150008ababc19399c7ed428638b57ea
4009,2023-03-23,34.3,36.65,34.0,36.3,922,,,,,historical_baseline,,fe33df9ae5456d8ee27133c42c244c81d150008ababc19399c7ed428638b57ea
4009,2023-03-26,36.3,36.3,36.3,36.3,0,,,,,historical_baseline,,fe33df9ae5456d8ee27133c42c244c81d150008ababc19399c7ed428638b57ea
4009,2023-03-27,36.3,36.3,36.3,36.3,0,,,,,historical_baseline,,fe33df9ae5456d8ee27133c42c244c81d150008ababc19399c7ed428638b57ea
4009,2023-03-28,36.3,36.3,36.3,36.3,0,,,,,historical_baseline,,fe33df9ae5456d8ee27133c42c244c81d150008ababc19399c7ed428638b57ea
4009,2023-03-29,35.85,37.75,35.8,37.75,3750,,,,,historical_baseline,,fe33df9ae5456d8ee27133c42c244c81d150008ababc19399c7ed428638b57ea
4009,2023-03-30,37.8,38.5,37.4,37.65,654,,,,,historical_baseline,,fe33df9ae5456d8ee27133c42c244c81d150008ababc19399c7ed428638b57ea
4011,2023-03-01,12.64,12.7,12.6,12.6,4229,,,,,historical_baseline,,fe33df9ae5456d8ee27133c42c244c81d150008ababc19399c7ed428638b57ea
4011,2023-03-02,12.64,12.68,12.58,12.68,2530,,,,,historical_baseline,,fe33df9ae5456d8ee27133c42c244c81d150008ababc19399c7ed428638b57ea
4011,2023-03-05,12.72,12.88,12.72,12.82,2341,,,,,historical_baseline,,fe33df9ae5456d8ee27133c42c244c81d150008ababc19399c7ed428638b57ea
4011,2023-03-06,12.82,12.82,12.82,12.82,0,,,,,historical_baseline,,fe33df9ae5456d8ee27133c42c244c81d150008ababc19399c7ed428638b57ea
4011,2023-03-07,12.82,12.82,12.82,12.82,0,,,,,historical_baseline,,fe33df9ae5456d8ee27133c42c244c81d150008ababc19399c7ed428638b57ea
4011,2023-03-08,12.76,12.82,12.68,12.74,3713,,,,,historical_baseline,,fe33df9ae5456d8ee27133c42c244c81d150008ababc19399c7ed428638b57ea
4011,2023-03-09,12.74,12.74,12.74,12.74,0,,,,,historical_baseline,,fe33df9ae5456d8ee27133c42c244c81d150008ababc19399c7ed428638b57ea
4011,2023-03-12,12.74,12.74,12.74,12.74,0,,,,,historical_baseline,,fe33df9ae5456d8ee27133c42c244c81d150008ababc19399c7ed428638b57ea
4011,2023-03-13,12.74,12.74,12.74,12.74,0,,,,,historical_baseline,,fe33df9ae5456d8ee27133c42c244c81d150008ababc19399c7ed428638b57ea
4011,2023-03-14,12.86,12.92,12.74,12.8,1210,,,,,historical_baseline,,fe33df9ae5456d8ee27133c42c244c81d150008ababc19399c7ed428638b57ea
4011,2023-03-15,12.6,12.7,12.4,12.4,4094,,,,,historical_baseline,,fe33df9ae5456d8ee27133c42c244c81d150008ababc19399c7ed428638b57ea
4011,2023-03-16,12.38,12.5,12.16,12.2,4019,,,,,historical_baseline,,fe33df9ae5456d8ee27133c42c244c81d150008ababc19399c7ed428638b57ea
4011,2023-03-19,12.2,12.2,12.2,12.2,0,,,,,historical_baseline,,fe33df9ae5456d8ee27133c42c244c81d150008ababc19399c7ed428638b57ea
4011,2023-03-20,12.24,12.36,12.2,12.3,2815,,,,,historical_baseline,,fe33df9ae5456d8ee27133c42c244c81d150008ababc19399c7ed428638b57ea
4011,2023-03-21,12.38,12.5,12.36,12.5,1360,,,,,historical_baseline,,fe33df9ae5456d8ee27133c42c244c81d150008ababc19399c7ed428638b57ea
4011,2023-03-22,12.52,12.6,12.36,12.4,2784,,,,,historical_baseline,,fe33df9ae5456d8ee27133c42c244c81d150008ababc19399c7ed428638b57ea
4011,2023-03-23,12.36,12.38,12.24,12.34,1654,,,,,historical_baseline,,fe33df9ae5456d8ee27133c42c244c81d150008ababc19399c7ed428638b57ea
4011,2023-03-26,12.34,12.34,12.34,12.34,0,,,,,historical_baseline,,fe33df9ae5456d8ee27133c42c244c81d150008ababc19399c7ed428638b57ea
4011,2023-03-27,12.34,12.34,12.34,12.34,0,,,,,historical_baseline,,fe33df9ae5456d8ee27133c42c244c81d150008ababc19399c7ed428638b57ea
4011,2023-03-28,12.34,12.34,12.34,12.34,0,,,,,historical_baseline,,fe33df9ae5456d8ee27133c42c244c81d150008ababc19399c7ed428638b57ea
4011,2023-03-29,13.64,13.78,13.5,13.52,1791,,,,,historical_baseline,,fe33df9ae5456d8ee27133c42c244c81d150008ababc19399c7ed428638b57ea
4011,2023-03-30,13.4,13.58,13.38,13.46,1860,,,,,historical_baseline,,fe33df9ae5456d8ee27133c42c244c81d150008ababc19399c7ed428638b57ea
4012,2023-03-01,3.63,3.69,3.62,3.68,9960,,,,,historical_baseline,,fe33df9ae5456d8ee27133c42c244c81d150008ababc19399c7ed428638b57ea
4012,2023-03-02,3.65,3.67,3.59,3.61,4180,,,,,historical_baseline,,fe33df9ae5456d8ee27133c42c244c81d150008ababc19399c7ed428638b57ea
4012,2023-03-05,3.61,3.65,3.55,3.65,6000,,,,,historical_baseline,,fe33df9ae5456d8ee27133c42c244c81d150008ababc19399c7ed428638b57ea
4012,2023-03-06,3.65,3.65,3.65,3.65,0,,,,,historical_baseline,,fe33df9ae5456d8ee27133c42c244c81d150008ababc19399c7ed428638b57ea
4012,2023-03-07,3.65,3.65,3.65,3.65,0,,,,,historical_baseline,,fe33df9ae5456d8ee27133c42c244c81d150008ababc19399c7ed428638b57ea
4012,2023-03-08,3.57,3.64,3.57,3.6,9300,,,,,historical_baseline,,fe33df9ae5456d8ee27133c42c244c81d150008ababc19399c7ed428638b57ea
4012,2023-03-09,3.6,3.6,3.6,3.6,0,,,,,historical_baseline,,fe33df9ae5456d8ee27133c42c244c81d150008ababc19399c7ed428638b57ea
4012,2023-03-12,3.6,3.6,3.6,3.6,0,,,,,historical_baseline,,fe33df9ae5456d8ee27133c42c244c81d150008ababc19399c7ed428638b57ea
4012,2023-03-13,3.6,3.6,3.6,3.6,0,,,,,historical_baseline,,fe33df9ae5456d8ee27133c42c244c81d150008ababc19399c7ed428638b57ea
4012,2023-03-14,3.6,3.68,3.59,3.6,6000,,,,,historical_baseline,,fe33df9ae5456d8ee27133c42c244c81d150008ababc19399c7ed428638b57ea
4012,2023-03-15,3.57,3.61,3.55,3.55,5000,,,,,historical_baseline,,fe33df9ae5456d8ee27133c42c244c81d150008ababc19399c7ed428638b57ea
4012,2023-03-16,3.51,3.51,3.47,3.5,4610,,,,,historical_baseline,,fe33df9ae5456d8ee27133c42c244c81d150008ababc19399c7ed428638b57ea
4012,2023-03-19,3.5,3.5,3.5,3.5,0,,,,,historical_baseline,,fe33df9ae5456d8ee27133c42c244c81d150008ababc19399c7ed428638b57ea
4012,2023-03-20,3.59,3.6,3.56,3.56,5120,,,,,historical_baseline,,fe33df9ae5456d8ee27133c42c244c81d150008ababc19399c7ed428638b57ea
4012,2023-03-21,3.48,3.62,3.48,3.6,7800,,,,,historical_baseline,,fe33df9ae5456d8ee27133c42c244c81d150008ababc19399c7ed428638b57ea
4012,2023-03-22,3.59,3.59,3.55,3.55,4580,,,,,historical_baseline,,fe33df9ae5456d8ee27133c42c244c81d150008ababc19399c7ed428638b57ea
4012,2023-03-23,3.52,3.56,3.52,3.52,4840,,,,,historical_baseline,,fe33df9ae5456d8ee27133c42c244c81d150008ababc19399c7ed428638b57ea
4012,2023-03-26,3.52,3.52,3.52,3.52,0,,,,,historical_baseline,,fe33df9ae5456d8ee27133c42c244c81d150008ababc19399c7ed428638b57ea
4012,2023-03-27,3.52,3.52,3.52,3.52,0,,,,,historical_baseline,,fe33df9ae5456d8ee27133c42c244c81d150008ababc19399c7ed428638b57ea
4012,2023-03-28,3.52,3.52,3.52,3.52,0,,,,,historical_baseline,,fe33df9ae5456d8ee27133c42c244c81d150008ababc19399c7ed428638b57ea
4012,2023-03-29,3.68,3.73,3.68,3.73,4680,,,,,historical_baseline,,fe33df9ae5456d8ee27133c42c244c81d150008ababc19399c7ed428638b57ea
4012,2023-03-30,3.74,3.81,3.73,3.76,10520,,,,,historical_baseline,,fe33df9ae5456d8ee27133c42c244c81d150008ababc19399c7ed428638b57ea
4013,2023-03-01,232.8,239.0,231.8,237.0,207,,,,,historical_baseline,,fe33df9ae5456d8ee27133c42c244c81d150008ababc19399c7ed428638b57ea
4013,2023-03-02,237.4,241.8,237.4,240.6,82,,,,,historical_baseline,,fe33df9ae5456d8ee27133c42c244c81d150008ababc19399c7ed428638b57ea
4013,2023-03-05,239.2,241.2,239.0,240.0,100,,,,,historical_baseline,,fe33df9ae5456d8ee27133c42c244c81d150008ababc19399c7ed428638b57ea
4013,2023-03-06,240.0,240.0,240.0,240.0,0,,,,,historical_baseline,,fe33df9ae5456d8ee27133c42c244c81d150008ababc19399c7ed428638b57ea
4013,2023-03-07,240.0,240.0,240.0,240.0,0,,,,,historical_baseline,,fe33df9ae5456d8ee27133c42c244c81d150008ababc19399c7ed428638b57ea
4013,2023-03-08,247.0,249.0,245.4,247.8,83,,,,,historical_baseline,,fe33df9ae5456d8ee27133c42c244c81d150008ababc19399c7ed428638b57ea
4013,2023-03-09,247.8,247.8,247.8,247.8,0,,,,,historical_baseline,,fe33df9ae5456d8ee27133c42c244c81d150008ababc19399c7ed428638b57ea
4013,2023-03-12,247.8,247.8,247.8,247.8,0,,,,,historical_baseline,,fe33df9ae5456d8ee27133c42c244c81d150008ababc19399c7ed428638b57ea
4013,2023-03-13,247.8,247.8,247.8,247.8,0,,,,,historical_baseline,,fe33df9ae5456d8ee27133c42c244c81d150008ababc19399c7ed428638b57ea
4013,2023-03-14,249.6,255.0,245.2,246.0,4623,,,,,historical_baseline,,fe33df9ae5456d8ee27133c42c244c81d150008ababc19399c7ed428638b57ea
4013,2023-03-15,245.0,251.0,244.6,249.4,164,,,,,historical_baseline,,fe33df9ae5456d8ee27133c42c244c81d150008ababc19399c7ed428638b57ea
4013,2023-03-16,249.4,250.0,241.8,244.0,562,,,,,historical_baseline,,fe33df9ae5456d8ee27133c42c244c81d150008ababc19399c7ed428638b57ea
4013,2023-03-19,244.0,244.0,244.0,244.0,0,,,,,historical_baseline,,fe33df9ae5456d8ee27133c42c244c81d150008ababc19399c7ed428638b57ea
4013,2023-03-20,254.0,263.0,254.0,259.0,800,,,,,historical_baseline,,fe33df9ae5456d8ee27133c42c244c81d150008ababc19399c7ed428638b57ea
4013,2023-03-21,260.6,263.8,258.4,263.8,70,,,,,historical_baseline,,fe33df9ae5456d8ee27133c42c244c81d150008ababc19399c7ed428638b57ea
4013,2023-03-22,267.0,267.0,254.8,258.8,60,,,,,historical_baseline,,fe33df9ae5456d8ee27133c42c244c81d150008ababc19399c7ed428638b57ea
4013,2023-03-23,260.0,268.4,258.8,262.2,160,,,,,historical_baseline,,fe33df9ae5456d8ee27133c42c244c81d150008ababc19399c7ed428638b57ea
4013,2023-03-26,262.2,262.2,262.2,262.2,0,,,,,historical_baseline,,fe33df9ae5456d8ee27133c42c244c81d150008ababc19399c7ed428638b57ea
4013,2023-03-27,262.2,262.2,262.2,262.2,0,,,,,historical_baseline,,fe33df9ae5456d8ee27133c42c244c81d150008ababc19399c7ed428638b57ea
4013,2023-03-28,262.2,262.2,262.2,262.2,0,,,,,historical_baseline,,fe33df9ae5456d8ee27133c42c244c81d150008ababc19399c7ed428638b57ea
4013,2023-03-29,280.0,285.0,278.2,285.0,3965,,,,,historical_baseline,,fe33df9ae5456d8ee27133c42c244c81d150008ababc19399c7ed428638b57ea
4013,2023-03-30,285.0,298.0,285.0,291.4,151,,,,,historical_baseline,,fe33df9ae5456d8ee27133c42c244c81d150008ababc19399c7ed428638b57ea
4014,2023-03-01,43.0,44.0,43.0,43.8,679,,,,,historical_baseline,,fe33df9ae5456d8ee27133c42c244c81d150008ababc19399c7ed428638b57ea
4014,2023-03-02,43.93,44.2,43.07,43.2,750,,,,,historical_baseline,,fe33df9ae5456d8ee27133c42c244c81d150008ababc19399c7ed428638b57ea
4014,2023-03-05,43.4,44.47,43.33,44.4,418,,,,,historical_baseline,,fe33df9ae5456d8ee27133c42c244c81d150008ababc19399c7ed428638b57ea
4014,2023-03-06,44.4,44.4,44.4,44.4,0,,,,,historical_baseline,,fe33df9ae5456d8ee27133c42c244c81d150008ababc19399c7ed428638b57ea
4014,2023-03-07,44.4,44.4,44.4,44.4,0,,,,,historical_baseline,,fe33df9ae5456d8ee27133c42c244c81d150008ababc19399c7ed428638b57ea
4014,2023-03-08,43.67,43.87,43.4,43.8,373,,,,,historical_baseline,,fe33df9ae5456d8ee27133c42c244c81d150008ababc19399c7ed428638b57ea
4014,2023-03-09,43.8,43.8,43.8,43.8,0,,,,,historical_baseline,,fe33df9ae5456d8ee27133c42c244c81d150008ababc19399c7ed428638b57ea
4014,2023-03-12,43.8,43.8,43.8,43.8,0,,,,,historical_baseline,,fe33df9ae5456d8ee27133c42c244c81d150008ababc19399c7ed428638b57ea
4014,2023-03-13,43.8,43.8,43.8,43.8,0,,,,,historical_baseline,,fe33df9ae5456d8ee27133c42c244c81d150008ababc19399c7ed428638b57ea
4014,2023-03-14,44.27,45.6,44.2,44.93,348,,,,,historical_baseline,,fe33df9ae5456d8ee27133c42c244c81d150008ababc19399c7ed428638b57ea
4014,2023-03-15,44.67,45.07,43.07,43.07,750,,,,,historical_baseline,,fe33df9ae5456d8ee27133c42c244c81d150008ababc19399c7ed428638b57ea
4014,2023-03-16,43.07,43.53,42.67,43.33,795,,,,,historical_baseline,,fe33df9ae5456d8ee27133c42c244c81d150008ababc19399c7ed428638b57ea
4014,2023-03-19,43.33,43.33,43.33,43.33,0,,,,,historical_baseline,,fe33df9ae5456d8ee27133c42c244c81d150008ababc19399c7ed428638b57ea
4014,2023-03-20,43.27,43.53,43.13,43.33,1365,,,,,historical_baseline,,fe33df9ae5456d8ee27133c42c244c81d150008ababc19399c7ed428638b57ea
4014,2023-03-21,43.47,45.27,43.47,44.8,451,,,,,historical_baseline,,fe33df9ae5456d8ee27133c42c244c81d150008ababc19399c7ed428638b57ea
4014,2023-03-22,44.8,45.13,44.47,44.53,2926,,,,,historical_baseline,,fe33df9ae5456d8ee27133c42c244c81d150008ababc19399c7ed428638b57ea
4014,2023-03-23,44.53,45.13,44.27,45.07,1500,,,,,historical_baseline,,fe33df9ae5456d8ee27133c42c244c81d150008ababc19399c7ed428638b57ea
4014,2023-03-26,45.07,45.07,45.07,45.07,0,,,,,historical_baseline,,fe33df9ae5456d8ee27133c42c244c81d150008ababc19399c7ed428638b57ea
4014,2023-03-27,45.07,45.07,45.07,45.07,0,,,,,historical_baseline,,fe33df9ae5456d8ee27133c42c244c81d150008ababc19399c7ed428638b57ea
4014,2023-03-28,45.07,45.07,45.07,45.07,0,,,,,historical_baseline,,fe33df9ae5456d8ee27133c42c244c81d150008ababc19399c7ed428638b57ea
4014,2023-03-29,45.07,45.07,45.07,45.07,0,,,,,historical_baseline,,fe33df9ae5456d8ee27133c42c244c81d150008ababc19399c7ed428638b57ea
4014,2023-03-30,46.33,46.73,45.93,46.53,750,,,,,historical_baseline,,fe33df9ae5456d8ee27133c42c244c81d150008ababc19399c7ed428638b57ea
4020,2023-03-01,12.42,12.42,12.3,12.3,1487,,,,,historical_baseline,,fe33df9ae5456d8ee27133c42c244c81d150008ababc19399c7ed428638b57ea
4020,2023-03-02,12.34,12.38,12.32,12.36,1968,,,,,historical_baseline,,fe33df9ae5456d8ee27133c42c244c81d150008ababc19399c7ed428638b57ea
4020,2023-03-05,12.38,12.38,12.24,12.28,4000,,,,,historical_baseline,,fe33df9ae5456d8ee27133c42c244c81d150008ababc19399c7ed428638b57ea
4020,2023-03-06,12.28,12.28,12.28,12.28,0,,,,,historical_baseline,,fe33df9ae5456d8ee27133c42c244c81d150008ababc19399c7ed428638b57ea
4020,2023-03-07,12.28,12.28,12.28,12.28,0,,,,,historical_baseline,,fe33df9ae5456d8ee27133c42c244c81d150008ababc19399c7ed428638b57ea
4020,2023-03-08,12.32,12.34,12.24,12.34,1547,,,,,historical_baseline,,fe33df9ae5456d8ee27133c42c244c81d150008ababc19399c7ed428638b57ea
4020,2023-03-09,12.34,12.34,12.34,12.34,0,,,,,historical_baseline,,fe33df9ae5456d8ee27133c42c244c81d150008ababc19399c7ed428638b57ea
4020,2023-03-12,12.34,12.34,12.34,12.34,0,,,,,historical_baseline,,fe33df9ae5456d8ee27133c42c244c81d150008ababc19399c7ed428638b57ea
4020,2023-03-13,12.34,12.34,12.34,12.34,0,,,,,historical_baseline,,fe33df9ae5456d8ee27133c42c244c81d150008ababc19399c7ed428638b57ea
4020,2023-03-14,12.46,12.68,12.44,12.5,1494,,,,,historical_baseline,,fe33df9ae5456d8ee27133c42c244c81d150008ababc19399c7ed428638b57ea
4020,2023-03-15,12.22,12.28,11.98,12.0,2462,,,,,historical_baseline,,fe33df9ae5456d8ee27133c42c244c81d150008ababc19399c7ed428638b57ea
4020,2023-03-16,11.84,12.0,11.8,11.8,2959,,,,,historical_baseline,,fe33df9ae5456d8ee27133c42c244c81d150008ababc19399c7ed428638b57ea
4020,2023-03-19,11.8,11.8,11.8,11.8,0,,,,,historical_baseline,,fe33df9ae5456d8ee27133c42c244c81d150008ababc19399c7ed428638b57ea
4020,2023-03-20,11.96,12.1,11.8,12.0,3063,,,,,historical_baseline,,fe33df9ae5456d8ee27133c42c244c81d150008ababc19399c7ed428638b57ea
4020,2023-03-21,12.08,12.14,12.0,12.0,5000,,,,,historical_baseline,,fe33df9ae5456d8ee27133c42c244c81d150008ababc19399c7ed428638b57ea
4020,2023-03-22,12.0,12.06,11.94,11.96,1661,,,,,historical_baseline,,fe33df9ae5456d8ee27133c42c244c81d150008ababc19399c7ed428638b57ea
4020,2023-03-23,11.94,12.0,11.86,11.94,1307,,,,,historical_baseline,,fe33df9ae5456d8ee27133c42c244c81d150008ababc19399c7ed428638b57ea
4020,2023-03-26,11.94,11.94,11.94,11.94,0,,,,,historical_baseline,,fe33df9ae5456d8ee27133c42c244c81d150008ababc19399c7ed428638b57ea
4020,2023-03-27,11.94,11.94,11.94,11.94,0,,,,,historical_baseline,,fe33df9ae5456d8ee27133c42c244c81d150008ababc19399c7ed428638b57ea
4020,2023-03-28,11.94,11.94,11.94,11.94,0,,,,,historical_baseline,,fe33df9ae5456d8ee27133c42c244c81d150008ababc19399c7ed428638b57ea
4020,2023-03-29,12.38,12.54,12.36,12.36,652,,,,,historical_baseline,,fe33df9ae5456d8ee27133c42c244c81d150008ababc19399c7ed428638b57ea
4020,2023-03-30,12.6,12.7,12.34,12.38,2699,,,,,historical_baseline,,fe33df9ae5456d8ee27133c42c244c81d150008ababc19399c7ed428638b57ea
4030,2023-03-01,17.7,18.63,17.67,18.37,9732,,,,,historical_baseline,,fe33df9ae5456d8ee27133c42c244c81d150008ababc19399c7ed428638b57ea
4030,2023-03-02,18.63,19.1,18.53,18.6,891,,,,,historical_baseline,,fe33df9ae5456d8ee27133c42c244c81d150008ababc19399c7ed428638b57ea
4030,2023-03-05,18.6,18.83,18.57,18.63,1500,,,,,historical_baseline,,fe33df9ae5456d8ee27133c42c244c81d150008ababc19399c7ed428638b57ea
4030,2023-03-06,18.63,18.63,18.63,18.63,0,,,,,historical_baseline,,fe33df9ae5456d8ee27133c42c244c81d150008ababc19399c7ed428638b57ea
4030,2023-03-07,18.63,18.63,18.63,18.63,0,,,,,historical_baseline,,fe33df9ae5456d8ee27133c42c244c81d150008ababc19399c7ed428638b57ea
4030,2023-03-08,18.33,18.4,18.13,18.27,834,,,,,historical_baseline,,fe33df9ae5456d8ee27133c42c244c81d150008ababc19399c7ed428638b57ea
4030,2023-03-09,18.27,18.27,18.27,18.27,0,,,,,historical_baseline,,fe33df9ae5456d8ee27133c42c244c81d150008ababc19399c7ed428638b57ea
4030,2023-03-12,18.33,19.93,18.33,19.93,1414,,,,,historical_baseline,,fe33df9ae5456d8ee27133c42c244c81d150008ababc19399c7ed428638b57ea
4030,2023-03-13,19.93,19.93,19.93,19.93,0,,,,,historical_baseline,,fe33df9ae5456d8ee27133c42c244c81d150008ababc19399c7ed428638b57ea
4030,2023-03-14,19.87,20.2,19.43,19.8,2259,,,,,historical_baseline,,fe33df9ae5456d8ee27133c42c244c81d150008ababc19399c7ed428638b57ea
4030,2023-03-15,20.0,21.33,19.9,19.97,795,,,,,historical_baseline,,fe33df9ae5456d8ee27133c42c244c81d150008ababc19399c7ed428638b57ea
4030,2023-03-16,20.03,20.73,20.03,20.73,1183,,,,,historical_baseline,,fe33df9ae5456d8ee27133c42c244c81d150008ababc19399c7ed428638b57ea
4030,2023-03-19,20.73,20.73,20.73,20.73,0,,,,,historical_baseline,,fe33df9ae5456d8ee27133c42c244c81d150008ababc19399c7ed428638b57ea
4030,2023-03-20,21.33,21.9,21.1,21.53,3000,,,,,historical_baseline,,fe33df9ae5456d8ee27133c42c244c81d150008ababc19399c7ed428638b57ea
4030,2023-03-21,21.57,21.7,21.3,21.6,1818,,,,,historical_baseline,,fe33df9ae5456d8ee27133c42c244c81d150008ababc19399c7ed428638b57ea
4030,2023-03-22,21.53,21.97,21.37,21.6,6108,,,,,historical_baseline,,fe33df9ae5456d8ee27133c42c244c81d150008ababc19399c7ed428638b57ea
4030,2023-03-23,21.47,21.8,21.43,21.67,1500,,,,,historical_baseline,,fe33df9ae5456d8ee27133c42c244c81d150008ababc19399c7ed428638b57ea
4030,2023-03-26,21.67,21.67,21.67,21.67,0,,,,,historical_baseline,,fe33df9ae5456d8ee27133c42c244c81d150008ababc19399c7ed428638b57ea
4030,2023-03-27,21.67,21.67,21.67,21.67,0,,,,,historical_baseline,,fe33df9ae5456d8ee27133c42c244c81d150008ababc19399c7ed428638b57ea
4030,2023-03-28,21.67,21.67,21.67,21.67,0,,,,,historical_baseline,,fe33df9ae5456d8ee27133c42c244c81d150008ababc19399c7ed428638b57ea
4030,2023-03-29,21.67,21.73,21.43,21.63,1551,,,,,historical_baseline,,fe33df9ae5456d8ee27133c42c244c81d150008ababc19399c7ed428638b57ea
4030,2023-03-30,21.67,21.97,21.63,21.67,8944,,,,,historical_baseline,,fe33df9ae5456d8ee27133c42c244c81d150008ababc19399c7ed428638b57ea
4031,2023-03-01,21.4,21.66,21.24,21.6,1076,,,,,historical_baseline,,fe33df9ae5456d8ee27133c42c244c81d150008ababc19399c7ed428638b57ea
4031,2023-03-02,21.6,21.76,21.46,21.56,1000,,,,,historical_baseline,,fe33df9ae5456d8ee27133c42c244c81d150008ababc19399c7ed428638b57ea
4031,2023-03-05,21.58,21.72,21.54,21.7,730,,,,,historical_baseline,,fe33df9ae5456d8ee27133c42c244c81d150008ababc19399c7ed428638b57ea
4031,2023-03-06,21.7,21.7,21.7,21.7,0,,,,,historical_baseline,,fe33df9ae5456d8ee27133c42c244c81d150008ababc19399c7ed428638b57ea
4031,2023-03-07,21.7,21.7,21.7,21.7,0,,,,,historical_baseline,,fe33df9ae5456d8ee27133c42c244c81d150008ababc19399c7ed428638b57ea
4031,2023-03-08,21.44,21.44,21.3,21.44,1024,,,,,historical_baseline,,fe33df9ae5456d8ee27133c42c244c81d150008ababc19399c7ed428638b57ea
4031,2023-03-09,21.44,21.44,21.44,21.44,0,,,,,historical_baseline,,fe33df9ae5456d8ee27133c42c244c81d150008ababc19399c7ed428638b57ea
4031,2023-03-12,21.44,21.44,21.44,21.44,0,,,,,historical_baseline,,fe33df9ae5456d8ee27133c42c244c81d150008ababc19399c7ed428638b57ea
4031,2023-03-13,21.44,21.44,21.44,21.44,0,,,,,historical_baseline,,fe33df9ae5456d8ee27133c42c244c81d150008ababc19399c7ed428638b57ea
4031,2023-03-14,23.0,23.1,22.16,22.56,1500,,,,,historical_baseline,,fe33df9ae5456d8ee27133c42c244c81d150008ababc19399c7ed428638b57ea
4031,2023-03-15,22.12,22.32,21.84,21.9,1587,,,,,historical_baseline,,fe33df9ae5456d8ee27133c42c244c81d150008ababc19399c7ed428638b57ea
4031,2023-03-16,21.8,21.98,21.3,21.3,996,,,,,historical_baseline,,fe33df9ae5456d8ee27133c42c244c81d150008ababc19399c7ed428638b57ea
4031,2023-03-19,21.3,21.3,21.3,21.3,0,,,,,historical_baseline,,fe33df9ae5456d8ee27133c42c244c81d150008ababc19399c7ed428638b57ea
4031,2023-03-20,21.62,21.9,21.3,21.64,1000,,,,,historical_baseline,,fe33df9ae5456d8ee27133c42c244c81d150008ababc19399c7ed428638b57ea
4031,2023-03-21,21.8,21.86,21.66,21.74,884,,,,,historical_baseline,,fe33df9ae5456d8ee27133c42c244c81d150008ababc19399c7ed428638b57ea
4031,2023-03-22,21.74,22.08,21.5,21.72,1140,,,,,historical_baseline,,fe33df9ae5456d8ee27133c42c244c81d150008ababc19399c7ed428638b57ea
4031,2023-03-23,22.06,23.58,21.92,23.1,1569,,,,,historical_baseline,,fe33df9ae5456d8ee27133c42c244c81d150008ababc19399c7ed428638b57ea
4031,2023-03-26,23.1,23.1,23.1,23.1,0,,,,,historical_baseline,,fe33df9ae5456d8ee27133c42c244c81d150008ababc19399c7ed428638b57ea
4031,2023-03-27,23.1,23.1,23.1,23.1,0,,,,,historical_baseline,,fe33df9ae5456d8ee27133c42c244c81d150008ababc19399c7ed428638b57ea
4031,2023-03-28,23.1,23.1,23.1,23.1,0,,,,,historical_baseline,,fe33df9ae5456d8ee27133c42c244c81d150008ababc19399c7ed428638b57ea
4031,2023-03-29,21.98,22.14,21.9,22.14,1311,,,,,historical_baseline,,fe33df9ae5456d8ee27133c42c244c81d150008ababc19399c7ed428638b57ea
4031,2023-03-30,22.2,22.56,22.1,22.4,2115,,,,,historical_baseline,,fe33df9ae5456d8ee27133c42c244c81d150008ababc19399c7ed428638b57ea
4040,2023-03-01,17.24,17.32,16.94,17.0,1411,,,,,historical_baseline,,fe33df9ae5456d8ee27133c42c244c81d150008ababc19399c7ed428638b57ea
4040,2023-03-02,17.06,17.1,16.54,16.54,4371,,,,,historical_baseline,,fe33df9ae5456d8ee27133c42c244c81d150008ababc19399c7ed428638b57ea
4040,2023-03-05,16.52,16.58,16.32,16.38,1500,,,,,historical_baseline,,fe33df9ae5456d8ee27133c42c244c81d150008ababc19399c7ed428638b57ea
4040,2023-03-06,16.38,16.38,16.38,16.38,0,,,,,historical_baseline,,fe33df9ae5456d8ee27133c42c244c81d150008ababc19399c7ed428638b57ea
4040,2023-03-07,16.38,16.38,16.38,16.38,0,,,,,historical_baseline,,fe33df9ae5456d8ee27133c42c244c81d150008ababc19399c7ed428638b57ea
4040,2023-03-08,16.4,16.52,16.3,16.46,1468,,,,,historical_baseline,,fe33df9ae5456d8ee27133c42c244c81d150008ababc19399c7ed428638b57ea
4040,2023-03-09,16.46,16.46,16.46,16.46,0,,,,,historical_baseline,,fe33df9ae5456d8ee27133c42c244c81d150008ababc19399c7ed428638b57ea
4040,2023-03-12,16.46,16.46,16.46,16.46,0,,,,,historical_baseline,,fe33df9ae5456d8ee27133c42c244c81d150008ababc19399c7ed428638b57ea
4040,2023-03-13,16.46,16.46,16.46,16.46,0,,,,,historical_baseline,,fe33df9ae5456d8ee27133c42c244c81d150008ababc19399c7ed428638b57ea
4040,2023-03-14,16.54,16.64,16.32,16.5,3141,,,,,historical_baseline,,fe33df9ae5456d8ee27133c42c244c81d150008ababc19399c7ed428638b57ea
4040,2023-03-15,16.36,16.82,16.36,16.68,1559,,,,,historical_baseline,,fe33df9ae5456d8ee27133c42c244c81d150008ababc19399c7ed428638b57ea
4040,2023-03-16,16.74,17.68,16.74,17.68,887,,,,,historical_baseline,,fe33df9ae5456d8ee27133c42c244c81d150008ababc19399c7ed428638b57ea
4040,2023-03-19,17.68,17.68,17.68,17.68,0,,,,,historical_baseline,,fe33df9ae5456d8ee27133c42c244c81d150008ababc19399c7ed428638b57ea
4040,2023-03-20,17.76,17.9,17.5,17.8,3971,,,,,historical_baseline,,fe33df9ae5456d8ee27133c42c244c81d150008ababc19399c7ed428638b57ea
4040,2023-03-21,17.72,18.12,17.7,18.1,965,,,,,historical_baseline,,fe33df9ae5456d8ee27133c42c244c81d150008ababc19399c7ed428638b57ea
4040,2023-03-22,18.14,18.24,18.06,18.16,6700,,,,,historical_baseline,,fe33df9ae5456d8ee27133c42c244c81d150008ababc19399c7ed428638b57ea
4040,2023-03-23,18.14,18.28,18.08,18.22,1793,,,,,historical_baseline,,fe33df9ae5456d8ee27133c42c244c81d150008ababc19399c7ed428638b57ea
4040,2023-03-26,18.22,18.22,18.22,18.22,0,,,,,historical_baseline,,fe33df9ae5456d8ee27133c42c244c81d150008ababc19399c7ed428638b57ea
4040,2023-03-27,18.22,18.22,18.22,18.22,0,,,,,historical_baseline,,fe33df9ae5456d8ee27133c42c244c81d150008ababc19399c7ed428638b57ea
4040,2023-03-28,18.22,18.22,18.22,18.22,0,,,,,historical_baseline,,fe33df9ae5456d8ee27133c42c244c81d150008ababc19399c7ed428638b57ea
4040,2023-03-29,17.92,18.16,17.7,17.9,1344,,,,,historical_baseline,,fe33df9ae5456d8ee27133c42c244c81d150008ababc19399c7ed428638b57ea
4040,2023-03-30,17.88,18.36,17.64,18.04,1058,,,,,historical_baseline,,fe33df9ae5456d8ee27133c42c244c81d150008ababc19399c7ed428638b57ea
4050,2023-03-01,35.65,36.2,35.6,35.8,1000,,,,,historical_baseline,,fe33df9ae5456d8ee27133c42c244c81d150008ababc19399c7ed428638b57ea
4050,2023-03-02,35.85,35.95,35.5,35.5,485,,,,,historical_baseline,,fe33df9ae5456d8ee27133c42c244c81d150008ababc19399c7ed428638b57ea
4050,2023-03-05,35.45,35.95,35.4,35.5,2500,,,,,historical_baseline,,fe33df9ae5456d8ee27133c42c244c81d150008ababc19399c7ed428638b57ea
4050,2023-03-06,35.5,35.5,35.5,35.5,0,,,,,historical_baseline,,fe33df9ae5456d8ee27133c42c244c81d150008ababc19399c7ed428638b57ea
4050,2023-03-07,35.5,35.5,35.5,35.5,0,,,,,historical_baseline,,fe33df9ae5456d8ee27133c42c244c81d150008ababc19399c7ed428638b57ea
4050,2023-03-08,35.5,36.95,35.35,36.6,500,,,,,historical_baseline,,fe33df9ae5456d8ee27133c42c244c81d150008ababc19399c7ed428638b57ea
4050,2023-03-09,36.6,36.6,36.6,36.6,0,,,,,historical_baseline,,fe33df9ae5456d8ee27133c42c244c81d150008ababc19399c7ed428638b57ea
4050,2023-03-12,36.6,36.6,36.6,36.6,0,,,,,historical_baseline,,fe33df9ae5456d8ee27133c42c244c81d150008ababc19399c7ed428638b57ea
4050,2023-03-13,36.6,36.6,36.6,36.6,0,,,,,historical_baseline,,fe33df9ae5456d8ee27133c42c244c81d150008ababc19399c7ed428638b57ea
4050,2023-03-14,36.0,36.4,35.5,35.9,1870,,,,,historical_baseline,,fe33df9ae5456d8ee27133c42c244c81d150008ababc19399c7ed428638b57ea
4050,2023-03-15,35.3,35.3,34.0,34.0,3000,,,,,historical_baseline,,fe33df9ae5456d8ee27133c42c244c81d150008ababc19399c7ed428638b57ea
4050,2023-03-16,33.65,34.8,33.65,34.0,1000,,,,,historical_baseline,,fe33df9ae5456d8ee27133c42c244c81d150008ababc19399c7ed428638b57ea
4050,2023-03-19,34.0,34.0,34.0,34.0,0,,,,,historical_baseline,,fe33df9ae5456d8ee27133c42c244c81d150008ababc19399c7ed428638b57ea
4050,2023-03-20,34.15,34.4,33.9,34.1,3486,,,,,historical_baseline,,fe33df9ae5456d8ee27133c42c244c81d150008ababc19399c7ed428638b57ea
4050,2023-03-21,34.1,35.15,34.0,34.45,1600,,,,,historical_baseline,,fe33df9ae5456d8ee27133c42c244c81d150008ababc19399c7ed428638b57ea
4050,2023-03-22,34.1,34.8,34.1,34.8,700,,,,,historical_baseline,,fe33df9ae5456d8ee27133c42c244c81d150008ababc19399c7ed428638b57ea
4050,2023-03-23,34.7,35.5,34.5,35.5,979,,,,,historical_baseline,,fe33df9ae5456d8ee27133c42c244c81d150008ababc19399c7ed428638b57ea
4050,2023-03-26,35.5,35.5,35.5,35.5,0,,,,,historical_baseline,,fe33df9ae5456d8ee27133c42c244c81d150008ababc19399c7ed428638b57ea
4050,2023-03-27,35.5,35.5,35.5,35.5,0,,,,,historical_baseline,,fe33df9ae5456d8ee27133c42c244c81d150008ababc19399c7ed428638b57ea
4050,2023-03-28,35.5,35.5,35.5,35.5,0,,,,,historical_baseline,,fe33df9ae5456d8ee27133c42c244c81d150008ababc19399c7ed428638b57ea
4050,2023-03-29,36.7,37.05,36.7,36.95,502,,,,,historical_baseline,,fe33df9ae5456d8ee27133c42c244c81d150008ababc19399c7ed428638b57ea
4050,2023-03-30,37.0,37.45,36.7,37.15,598,,,,,historical_baseline,,fe33df9ae5456d8ee27133c42c244c81d150008ababc19399c7ed428638b57ea
4051,2023-03-01,60.4,60.6,60.0,60.4,1926,,,,,historical_baseline,,fe33df9ae5456d8ee27133c42c244c81d150008ababc19399c7ed428638b57ea
4051,2023-03-02,60.4,60.7,60.0,60.0,823,,,,,historical_baseline,,fe33df9ae5456d8ee27133c42c244c81d150008ababc19399c7ed428638b57ea
4051,2023-03-05,60.2,61.4,60.2,61.1,614,,,,,historical_baseline,,fe33df9ae5456d8ee27133c42c244c81d150008ababc19399c7ed428638b57ea
4051,2023-03-06,61.1,61.1,61.1,61.1,0,,,,,historical_baseline,,fe33df9ae5456d8ee27133c42c244c81d150008ababc19399c7ed428638b57ea
4051,2023-03-07,61.1,61.1,61.1,61.1,0,,,,,historical_baseline,,fe33df9ae5456d8ee27133c42c244c81d150008ababc19399c7ed428638b57ea
4051,2023-03-08,60.0,60.0,59.0,59.2,498,,,,,historical_baseline,,fe33df9ae5456d8ee27133c42c244c81d150008ababc19399c7ed428638b57ea
4051,2023-03-09,59.2,59.2,59.2,59.2,0,,,,,historical_baseline,,fe33df9ae5456d8ee27133c42c244c81d150008ababc19399c7ed428638b57ea
4051,2023-03-12,59.2,59.2,59.2,59.2,0,,,,,historical_baseline,,fe33df9ae5456d8ee27133c42c244c81d150008ababc19399c7ed428638b57ea
4051,2023-03-13,59.2,59.2,59.2,59.2,0,,,,,historical_baseline,,fe33df9ae5456d8ee27133c42c244c81d150008ababc19399c7ed428638b57ea
4051,2023-03-14,59.2,59.8,58.6,58.7,582,,,,,historical_baseline,,fe33df9ae5456d8ee27133c42c244c81d150008ababc19399c7ed428638b57ea
4051,2023-03-15,58.7,59.0,57.9,58.0,300,,,,,historical_baseline,,fe33df9ae5456d8ee27133c42c244c81d150008ababc19399c7ed428638b57ea
4051,2023-03-16,57.8,58.9,57.6,57.9,466,,,,,historical_baseline,,fe33df9ae5456d8ee27133c42c244c81d150008ababc19399c7ed428638b57ea
4051,2023-03-19,57.9,57.9,57.9,57.9,0,,,,,historical_baseline,,fe33df9ae5456d8ee27133c42c244c81d150008ababc19399c7ed428638b57ea
4051,2023-03-20,57.9,58.2,57.7,58.1,1585,,,,,historical_baseline,,fe33df9ae5456d8ee27133c42c244c81d150008ababc19399c7ed428638b57ea
4051,2023-03-21,58.3,60.6,58.3,59.8,400,,,,,historical_baseline,,fe33df9ae5456d8ee27133c42c244c81d150008ababc19399c7ed428638b57ea
4051,2023-03-22,60.2,60.8,59.2,59.2,400,,,,,historical_baseline,,fe33df9ae5456d8ee27133c42c244c81d150008ababc19399c7ed428638b57ea
4051,2023-03-23,59.1,59.5,58.5,58.7,500,,,,,historical_baseline,,fe33df9ae5456d8ee27133c42c244c81d150008ababc19399c7ed428638b57ea
4051,2023-03-26,58.7,58.7,58.7,58.7,0,,,,,historical_baseline,,fe33df9ae5456d8ee27133c42c244c81d150008ababc19399c7ed428638b57ea
4051,2023-03-27,58.7,58.7,58.7,58.7,0,,,,,historical_baseline,,fe33df9ae5456d8ee27133c42c244c81d150008ababc19399c7ed428638b57ea
4051,2023-03-28,58.7,58.7,58.7,58.7,0,,,,,historical_baseline,,fe33df9ae5456d8ee27133c42c244c81d150008ababc19399c7ed428638b57ea
4051,2023-03-29,61.7,64.4,61.6,63.1,2433,,,,,historical_baseline,,fe33df9ae5456d8ee27133c42c244c81d150008ababc19399c7ed428638b57ea
4051,2023-03-30,63.3,69.0,63.3,66.0,258,,,,,historical_baseline,,fe33df9ae5456d8ee27133c42c244c81d150008ababc19399c7ed428638b57ea
4061,2023-03-01,20.92,21.17,20.76,20.94,27060,,,,,historical_baseline,,fe33df9ae5456d8ee27133c42c244c81d150008ababc19399c7ed428638b57ea
4061,2023-03-02,21.35,21.45,20.65,20.92,105400,,,,,historical_baseline,,fe33df9ae5456d8ee27133c42c244c81d150008ababc19399c7ed428638b57ea
4061,2023-03-05,21.06,21.25,20.98,21.0,18960,,,,,historical_baseline,,fe33df9ae5456d8ee27133c42c244c81d150008ababc19399c7ed428638b57ea
4061,2023-03-06,21.0,21.0,21.0,21.0,0,,,,,historical_baseline,,fe33df9ae5456d8ee27133c42c244c81d150008ababc19399c7ed428638b57ea
4061,2023-03-07,21.0,21.0,21.0,21.0,0,,,,,historical_baseline,,fe33df9ae5456d8ee27133c42c244c81d150008ababc19399c7ed428638b57ea
4061,2023-03-08,20.74,20.74,20.51,20.55,43420,,,,,historical_baseline,,fe33df9ae5456d8ee27133c42c244c81d150008ababc19399c7ed428638b57ea
4061,2023-03-09,20.55,20.55,20.55,20.55,0,,,,,historical_baseline,,fe33df9ae5456d8ee27133c42c244c81d150008ababc19399c7ed428638b57ea
4061,2023-03-12,20.55,20.55,20.55,20.55,0,,,,,historical_baseline,,fe33df9ae5456d8ee27133c42c244c81d150008ababc19399c7ed428638b57ea
4061,2023-03-13,20.55,20.55,20.55,20.55,0,,,,,historical_baseline,,fe33df9ae5456d8ee27133c42c244c81d150008ababc19399c7ed428638b57ea
4061,2023-03-14,20.76,20.76,20.47,20.51,15480,,,,,historical_baseline,,fe33df9ae5456d8ee27133c42c244c81d150008ababc19399c7ed428638b57ea
4061,2023-03-15,20.45,20.65,20.24,20.27,40000,,,,,historical_baseline,,fe33df9ae5456d8ee27133c42c244c81d150008ababc19399c7ed428638b57ea
4061,2023-03-16,20.27,20.27,19.8,19.84,100000,,,,,historical_baseline,,fe33df9ae5456d8ee27133c42c244c81d150008ababc19399c7ed428638b57ea
4061,2023-03-19,19.84,19.84,19.84,19.84,0,,,,,historical_baseline,,fe33df9ae5456d8ee27133c42c244c81d150008ababc19399c7ed428638b57ea
4061,2023-03-20,20.16,20.2,19.96,20.14,18000,,,,,historical_baseline,,fe33df9ae5456d8ee27133c42c244c81d150008ababc19399c7ed428638b57ea
4061,2023-03-21,20.16,20.8,20.16,20.67,20000,,,,,historical_baseline,,fe33df9ae5456d8ee27133c42c244c81d150008ababc19399c7ed428638b57ea
4061,2023-03-22,20.88,22.49,20.88,21.27,15620,,,,,historical_baseline,,fe33df9ae5456d8ee27133c42c244c81d150008ababc19399c7ed428638b57ea
4061,2023-03-23,21.29,21.47,20.72,20.96,40780,,,,,historical_baseline,,fe33df9ae5456d8ee27133c42c244c81d150008ababc19399c7ed428638b57ea
4061,2023-03-26,20.96,20.96,20.96,20.96,0,,,,,historical_baseline,,fe33df9ae5456d8ee27133c42c244c81d150008ababc19399c7ed428638b57ea
4061,2023-03-27,20.96,20.96,20.96,20.96,0,,,,,historical_baseline,,fe33df9ae5456d8ee27133c42c244c81d150008ababc19399c7ed428638b57ea
4061,2023-03-28,20.96,20.96,20.96,20.96,0,,,,,historical_baseline,,fe33df9ae5456d8ee27133c42c244c81d150008ababc19399c7ed428638b57ea
4061,2023-03-29,21.76,21.96,21.59,21.78,45660,,,,,historical_baseline,,fe33df9ae5456d8ee27133c42c244c81d150008ababc19399c7ed428638b57ea
4061,2023-03-30,21.78,21.82,21.49,21.72,20000,,,,,historical_baseline,,fe33df9ae5456d8ee27133c42c244c81d150008ababc19399c7ed428638b57ea
4070,2023-03-01,18.4,18.48,18.08,18.11,1006,,,,,historical_baseline,,fe33df9ae5456d8ee27133c42c244c81d150008ababc19399c7ed428638b57ea
4070,2023-03-02,18.24,19.45,18.24,18.4,1891,,,,,historical_baseline,,fe33df9ae5456d8ee27133c42c244c81d150008ababc19399c7ed428638b57ea
4070,2023-03-05,18.61,18.9,18.37,18.42,1891,,,,,historical_baseline,,fe33df9ae5456d8ee27133c42c244c81d150008ababc19399c7ed428638b57ea
4070,2023-03-06,18.42,18.42,18.42,18.42,0,,,,,historical_baseline,,fe33df9ae5456d8ee27133c42c244c81d150008ababc19399c7ed428638b57ea
4070,2023-03-07,18.42,18.42,18.42,18.42,0,,,,,historical_baseline,,fe33df9ae5456d8ee27133c42c244c81d150008ababc19399c7ed428638b57ea
4070,2023-03-08,18.74,19.22,18.45,18.45,1324,,,,,historical_baseline,,fe33df9ae5456d8ee27133c42c244c81d150008ababc19399c7ed428638b57ea
4070,2023-03-09,18.45,18.45,18.45,18.45,0,,,,,historical_baseline,,fe33df9ae5456d8ee27133c42c244c81d150008ababc19399c7ed428638b57ea
4070,2023-03-12,18.45,18.45,18.45,18.45,0,,,,,historical_baseline,,fe33df9ae5456d8ee27133c42c244c81d150008ababc19399c7ed428638b57ea
4070,2023-03-13,18.45,18.45,18.45,18.45,0,,,,,historical_baseline,,fe33df9ae5456d8ee27133c42c244c81d150008ababc19399c7ed428638b57ea
4070,2023-03-14,18.77,19.88,18.61,18.98,1437,,,,,historical_baseline,,fe33df9ae5456d8ee27133c42c244c81d150008ababc19399c7ed428638b57ea
4070,2023-03-15,18.77,19.24,18.37,18.5,1097,,,,,historical_baseline,,fe33df9ae5456d8ee27133c42c244c81d150008ababc19399c7ed428638b57ea
4070,2023-03-16,18.32,18.58,17.71,17.82,1626,,,,,historical_baseline,,fe33df9ae5456d8ee27133c42c244c81d150008ababc19399c7ed428638b57ea
4070,2023-03-19,17.82,17.82,17.82,17.82,0,,,,,historical_baseline,,fe33df9ae5456d8ee27133c42c244c81d150008ababc19399c7ed428638b57ea
4070,2023-03-20,18.0,18.58,18.0,18.32,1134,,,,,historical_baseline,,fe33df9ae5456d8ee27133c42c244c81d150008ababc19399c7ed428638b57ea
4070,2023-03-21,18.34,18.69,18.34,18.5,1891,,,,,historical_baseline,,fe33df9ae5456d8ee27133c42c244c81d150008ababc19399c7ed428638b57ea
4070,2023-03-22,18.5,19.9,18.37,18.79,945,,,,,historical_baseline,,fe33df9ae5456d8ee27133c42c244c81d150008ababc19399c7ed428638b57ea
4070,2023-03-23,18.87,18.93,17.95,18.05,1513,,,,,historical_baseline,,fe33df9ae5456d8ee27133c42c244c81d150008ababc19399c7ed428638b57ea
4070,2023-03-26,18.05,18.05,18.05,18.05,0,,,,,historical_baseline,,fe33df9ae5456d8ee27133c42c244c81d150008ababc19399c7ed428638b57ea
4070,2023-03-27,18.05,18.05,18.05,18.05,0,,,,,historical_baseline,,fe33df9ae5456d8ee27133c42c244c81d150008ababc19399c7ed428638b57ea
4070,2023-03-28,18.05,18.05,18.05,18.05,0,,,,,historical_baseline,,fe33df9ae5456d8ee27133c42c244c81d150008ababc19399c7ed428638b57ea
4070,2023-03-29,17.31,17.55,16.52,16.97,12242,,,,,historical_baseline,,fe33df9ae5456d8ee27133c42c244c81d150008ababc19399c7ed428638b57ea
4070,2023-03-30,16.86,17.21,16.55,16.6,1134,,,,,historical_baseline,,fe33df9ae5456d8ee27133c42c244c81d150008ababc19399c7ed428638b57ea
4071,2023-03-01,108.8,113.0,108.4,113.0,452,,,,,historical_baseline,,fe33df9ae5456d8ee27133c42c244c81d150008ababc19399c7ed428638b57ea
4071,2023-03-02,113.4,117.8,112.8,116.4,365,,,,,historical_baseline,,fe33df9ae5456d8ee27133c42c244c81d150008ababc19399c7ed428638b57ea
4071,2023-03-05,116.6,116.6,113.8,115.0,500,,,,,historical_baseline,,fe33df9ae5456d8ee27133c42c244c81d150008ababc19399c7ed428638b57ea
4071,2023-03-06,115.0,115.0,115.0,115.0,0,,,,,historical_baseline,,fe33df9ae5456d8ee27133c42c244c81d150008ababc19399c7ed428638b57ea
4071,2023-03-07,115.0,115.0,115.0,115.0,0,,,,,historical_baseline,,fe33df9ae5456d8ee27133c42c244c81d150008ababc19399c7ed428638b57ea
4071,2023-03-08,114.2,115.6,114.2,114.8,3324,,,,,historical_baseline,,fe33df9ae5456d8ee27133c42c244c81d150008ababc19399c7ed428638b57ea
4071,2023-03-09,114.8,114.8,114.8,114.8,0,,,,,historical_baseline,,fe33df9ae5456d8ee27133c42c244c81d150008ababc19399c7ed428638b57ea
4071,2023-03-12,114.8,114.8,114.8,114.8,0,,,,,historical_baseline,,fe33df9ae5456d8ee27133c42c244c81d150008ababc19399c7ed428638b57ea
4071,2023-03-13,114.8,114.8,114.8,114.8,0,,,,,historical_baseline,,fe33df9ae5456d8ee27133c42c244c81d150008ababc19399c7ed428638b57ea
4071,2023-03-14,114.0,115.4,112.2,112.4,1000,,,,,historical_baseline,,fe33df9ae5456d8ee27133c42c244c81d150008ababc19399c7ed428638b57ea
4071,2023-03-15,114.8,116.4,113.6,114.2,200,,,,,historical_baseline,,fe33df9ae5456d8ee27133c42c244c81d150008ababc19399c7ed428638b57ea
4071,2023-03-16,114.0,115.4,112.0,114.2,655,,,,,historical_baseline,,fe33df9ae5456d8ee27133c42c244c81d150008ababc19399c7ed428638b57ea
4071,2023-03-19,114.2,114.2,114.2,114.2,0,,,,,historical_baseline,,fe33df9ae5456d8ee27133c42c244c81d150008ababc19399c7ed428638b57ea
4071,2023-03-20,113.6,113.6,111.0,112.0,580,,,,,historical_baseline,,fe33df9ae5456d8ee27133c42c244c81d150008ababc19399c7ed428638b57ea
4071,2023-03-21,112.4,116.2,112.2,116.0,862,,,,,historical_baseline,,fe33df9ae5456d8ee27133c42c244c81d150008ababc19399c7ed428638b57ea
4071,2023-03-22,116.6,118.4,115.0,117.0,225,,,,,historical_baseline,,fe33df9ae5456d8ee27133c42c244c81d150008ababc19399c7ed428638b57ea
4071,2023-03-23,116.6,119.6,116.0,118.0,262,,,,,historical_baseline,,fe33df9ae5456d8ee27133c42c244c81d150008ababc19399c7ed428638b57ea
4071,2023-03-26,118.0,118.0,118.0,118.0,0,,,,,historical_baseline,,fe33df9ae5456d8ee27133c42c244c81d150008ababc19399c7ed428638b57ea
4071,2023-03-27,118.0,118.0,118.0,118.0,0,,,,,historical_baseline,,fe33df9ae5456d8ee27133c42c244c81d150008ababc19399c7ed428638b57ea
4071,2023-03-28,118.0,118.0,118.0,118.0,0,,,,,historical_baseline,,fe33df9ae5456d8ee27133c42c244c81d150008ababc19399c7ed428638b57ea
4071,2023-03-29,118.0,118.0,118.0,118.0,0,,,,,historical_baseline,,fe33df9ae5456d8ee27133c42c244c81d150008ababc19399c7ed428638b57ea
4071,2023-03-30,120.0,123.0,118.8,122.0,385,,,,,historical_baseline,,fe33df9ae5456d8ee27133c42c244c81d150008ababc19399c7ed428638b57ea
4080,2023-03-01,10.2,10.3,10.18,10.26,1728,,,,,historical_baseline,,fe33df9ae5456d8ee27133c42c244c81d150008ababc19399c7ed428638b57ea
4080,2023-03-02,10.34,10.36,10.2,10.28,2000,,,,,historical_baseline,,fe33df9ae5456d8ee27133c42c244c81d150008ababc19399c7ed428638b57ea
4080,2023-03-05,10.4,10.42,10.3,10.42,4989,,,,,historical_baseline,,fe33df9ae5456d8ee27133c42c244c81d150008ababc19399c7ed428638b57ea
4080,2023-03-06,10.42,10.42,10.42,10.42,0,,,,,historical_baseline,,fe33df9ae5456d8ee27133c42c244c81d150008ababc19399c7ed428638b57ea
4080,2023-03-07,10.42,10.42,10.42,10.42,0,,,,,historical_baseline,,fe33df9ae5456d8ee27133c42c244c81d150008ababc19399c7ed428638b57ea
4080,2023-03-08,10.24,10.28,10.18,10.2,2000,,,,,historical_baseline,,fe33df9ae5456d8ee27133c42c244c81d150008ababc19399c7ed428638b57ea
4080,2023-03-09,10.2,10.2,10.2,10.2,0,,,,,historical_baseline,,fe33df9ae5456d8ee27133c42c244c81d150008ababc19399c7ed428638b57ea
4080,2023-03-12,10.2,10.2,10.2,10.2,0,,,,,historical_baseline,,fe33df9ae5456d8ee27133c42c244c81d150008ababc19399c7ed428638b57ea
4080,2023-03-13,10.2,10.2,10.2,10.2,0,,,,,historical_baseline,,fe33df9ae5456d8ee27133c42c244c81d150008ababc19399c7ed428638b57ea
4080,2023-03-14,10.16,10.2,10.04,10.12,1500,,,,,historical_baseline,,fe33df9ae5456d8ee27133c42c244c81d150008ababc19399c7ed428638b57ea
4080,2023-03-15,10.06,10.1,10.0,10.0,4146,,,,,historical_baseline,,fe33df9ae5456d8ee27133c42c244c81d150008ababc19399c7ed428638b57ea
4080,2023-03-16,10.0,10.0,9.89,9.9,2234,,,,,historical_baseline,,fe33df9ae5456d8ee27133c42c244c81d150008ababc19399c7ed428638b57ea
4080,2023-03-19,9.9,9.9,9.9,9.9,0,,,,,historical_baseline,,fe33df9ae5456d8ee27133c42c244c81d150008ababc19399c7ed428638b57ea
4080,2023-03-20,9.97,9.99,9.93,9.94,2006,,,,,historical_baseline,,fe33df9ae5456d8ee27133c42c244c81d150008ababc19399c7ed428638b57ea
4080,2023-03-21,9.93,10.08,9.93,10.0,2284,,,,,historical_baseline,,fe33df9ae5456d8ee27133c42c244c81d150008ababc19399c7ed428638b57ea
4080,2023-03-22,10.1,10.18,10.02,10.04,2317,,,,,historical_baseline,,fe33df9ae5456d8ee27133c42c244c81d150008ababc19399c7ed428638b57ea
4080,2023-03-23,10.0,10.04,9.99,10.0,3000,,,,,historical_baseline,,fe33df9ae5456d8ee27133c42c244c81d150008ababc19399c7ed428638b57ea
4080,2023-03-26,10.0,10.0,10.0,10.0,0,,,,,historical_baseline,,fe33df9ae5456d8ee27133c42c244c81d150008ababc19399c7ed428638b57ea
4080,2023-03-27,10.0,10.0,10.0,10.0,0,,,,,historical_baseline,,fe33df9ae5456d8ee27133c42c244c81d150008ababc19399c7ed428638b57ea
4080,2023-03-28,10.0,10.0,10.0,10.0,0,,,,,historical_baseline,,fe33df9ae5456d8ee27133c42c244c81d150008ababc19399c7ed428638b57ea
4080,2023-03-29,11.14,11.2,10.94,10.98,1430,,,,,historical_baseline,,fe33df9ae5456d8ee27133c42c244c81d150008ababc19399c7ed428638b57ea
4080,2023-03-30,10.98,11.06,10.94,10.94,1526,,,,,historical_baseline,,fe33df9ae5456d8ee27133c42c244c81d150008ababc19399c7ed428638b57ea
4081,2023-03-01,14.98,14.98,14.87,14.9,1341,,,,,historical_baseline,,fe33df9ae5456d8ee27133c42c244c81d150008ababc19399c7ed428638b57ea
4081,2023-03-02,15.0,15.08,14.9,14.95,1069,,,,,historical_baseline,,fe33df9ae5456d8ee27133c42c244c81d150008ababc19399c7ed428638b57ea
4081,2023-03-05,14.97,15.0,14.92,14.98,1320,,,,,historical_baseline,,fe33df9ae5456d8ee27133c42c244c81d150008ababc19399c7ed428638b57ea
4081,2023-03-06,14.98,14.98,14.98,14.98,0,,,,,historical_baseline,,fe33df9ae5456d8ee27133c42c244c81d150008ababc19399c7ed428638b57ea
4081,2023-03-07,14.98,14.98,14.98,14.98,0,,,,,historical_baseline,,fe33df9ae5456d8ee27133c42c244c81d150008ababc19399c7ed428638b57ea
4081,2023-03-08,14.8,14.88,14.75,14.87,1362,,,,,historical_baseline,,fe33df9ae5456d8ee27133c42c244c81d150008ababc19399c7ed428638b57ea
4081,2023-03-09,14.87,14.87,14.87,14.87,0,,,,,historical_baseline,,fe33df9ae5456d8ee27133c42c244c81d150008ababc19399c7ed428638b57ea
4081,2023-03-12,14.87,14.87,14.87,14.87,0,,,,,historical_baseline,,fe33df9ae5456d8ee27133c42c244c81d150008ababc19399c7ed428638b57ea
4081,2023-03-13,14.87,14.87,14.87,14.87,0,,,,,historical_baseline,,fe33df9ae5456d8ee27133c42c244c81d150008ababc19399c7ed428638b57ea
4081,2023-03-14,14.92,14.95,14.63,14.63,2400,,,,,historical_baseline,,fe33df9ae5456d8ee27133c42c244c81d150008ababc19399c7ed428638b57ea
4081,2023-03-15,14.65,14.67,14.5,14.5,3600,,,,,historical_baseline,,fe33df9ae5456d8ee27133c42c244c81d150008ababc19399c7ed428638b57ea
4081,2023-03-16,14.43,14.5,14.4,14.42,2760,,,,,historical_baseline,,fe33df9ae5456d8ee27133c42c244c81d150008ababc19399c7ed428638b57ea
4081,2023-03-19,14.42,14.42,14.42,14.42,0,,,,,historical_baseline,,fe33df9ae5456d8ee27133c42c244c81d150008ababc19399c7ed428638b57ea
4081,2023-03-20,14.55,14.62,14.52,14.6,1200,,,,,historical_baseline,,fe33df9ae5456d8ee27133c42c244c81d150008ababc19399c7ed428638b57ea
4081,2023-03-21,14.6,14.77,14.57,14.68,3235,,,,,historical_baseline,,fe33df9ae5456d8ee27133c42c244c81d150008ababc19399c7ed428638b57ea
4081,2023-03-22,14.83,15.18,14.83,14.95,1176,,,,,historical_baseline,,fe33df9ae5456d8ee27133c42c244c81d150008ababc19399c7ed428638b57ea
4081,2023-03-23,14.95,14.95,14.72,14.77,1200,,,,,historical_baseline,,fe33df9ae5456d8ee27133c42c244c81d150008ababc19399c7ed428638b57ea
4081,2023-03-26,14.77,14.77,14.77,14.77,0,,,,,historical_baseline,,fe33df9ae5456d8ee27133c42c244c81d150008ababc19399c7ed428638b57ea
4081,2023-03-27,14.77,14.77,14.77,14.77,0,,,,,historical_baseline,,fe33df9ae5456d8ee27133c42c244c81d150008ababc19399c7ed428638b57ea
4081,2023-03-28,14.77,14.77,14.77,14.77,0,,,,,historical_baseline,,fe33df9ae5456d8ee27133c42c244c81d150008ababc19399c7ed428638b57ea
4081,2023-03-29,14.77,14.77,14.77,14.77,0,,,,,historical_baseline,,fe33df9ae5456d8ee27133c42c244c81d150008ababc19399c7ed428638b57ea
4081,2023-03-30,15.13,15.67,15.12,15.35,1824,,,,,historical_baseline,,fe33df9ae5456d8ee27133c42c244c81d150008ababc19399c7ed428638b57ea
4090,2023-03-01,26.3,26.7,26.3,26.65,588,,,,,historical_baseline,,fe33df9ae5456d8ee27133c42c244c81d150008ababc19399c7ed428638b57ea
4090,2023-03-02,26.9,26.9,26.15,26.25,1026,,,,,historical_baseline,,fe33df9ae5456d8ee27133c42c244c81d150008ababc19399c7ed428638b57ea
4090,2023-03-05,26.35,26.5,26.3,26.35,999,,,,,historical_baseline,,fe33df9ae5456d8ee27133c42c244c81d150008ababc19399c7ed428638b57ea
4090,2023-03-06,26.35,26.35,26.35,26.35,0,,,,,historical_baseline,,fe33df9ae5456d8ee27133c42c244c81d150008ababc19399c7ed428638b57ea
4090,2023-03-07,26.35,26.35,26.35,26.35,0,,,,,historical_baseline,,fe33df9ae5456d8ee27133c42c244c81d150008ababc19399c7ed428638b57ea
4090,2023-03-08,26.5,26.6,26.4,26.4,787,,,,,historical_baseline,,fe33df9ae5456d8ee27133c42c244c81d150008ababc19399c7ed428638b57ea
4090,2023-03-09,26.4,26.4,26.4,26.4,0,,,,,historical_baseline,,fe33df9ae5456d8ee27133c42c244c81d150008ababc19399c7ed428638b57ea
4090,2023-03-12,26.4,26.4,26.4,26.4,0,,,,,historical_baseline,,fe33df9ae5456d8ee27133c42c244c81d150008ababc19399c7ed428638b57ea
4090,2023-03-13,26.4,26.4,26.4,26.4,0,,,,,historical_baseline,,fe33df9ae5456d8ee27133c42c244c81d150008ababc19399c7ed428638b57ea
4090,2023-03-14,27.35,27.9,27.3,27.5,1000,,,,,historical_baseline,,fe33df9ae5456d8ee27133c42c244c81d150008ababc19399c7ed428638b57ea
4090,2023-03-15,27.2,27.6,26.2,26.2,999,,,,,historical_baseline,,fe33df9ae5456d8ee27133c42c244c81d150008ababc19399c7ed428638b57ea
4090,2023-03-16,26.55,26.85,26.2,26.85,1229,,,,,historical_baseline,,fe33df9ae5456d8ee27133c42c244c81d150008ababc19399c7ed428638b57ea
4090,2023-03-19,26.85,26.85,26.85,26.85,0,,,,,historical_baseline,,fe33df9ae5456d8ee27133c42c244c81d150008ababc19399c7ed428638b57ea
4090,2023-03-20,27.8,27.8,27.4,27.45,1000,,,,,historical_baseline,,fe33df9ae5456d8ee27133c42c244c81d150008ababc19399c7ed428638b57ea
4090,2023-03-21,27.65,27.7,27.3,27.55,569,,,,,historical_baseline,,fe33df9ae5456d8ee27133c42c244c81d150008ababc19399c7ed428638b57ea
4090,2023-03-22,27.4,27.4,26.9,26.95,696,,,,,historical_baseline,,fe33df9ae5456d8ee27133c42c244c81d150008ababc19399c7ed428638b57ea
4090,2023-03-23,27.0,27.2,27.0,27.1,1928,,,,,historical_baseline,,fe33df9ae5456d8ee27133c42c244c81d150008ababc19399c7ed428638b57ea
4090,2023-03-26,27.1,27.1,27.1,27.1,0,,,,,historical_baseline,,fe33df9ae5456d8ee27133c42c244c81d150008ababc19399c7ed428638b57ea
4090,2023-03-27,27.1,27.1,27.1,27.1,0,,,,,historical_baseline,,fe33df9ae5456d8ee27133c42c244c81d150008ababc19399c7ed428638b57ea
4090,2023-03-28,27.1,27.1,27.1,27.1,0,,,,,historical_baseline,,fe33df9ae5456d8ee27133c42c244c81d150008ababc19399c7ed428638b57ea
4090,2023-03-29,27.45,28.5,27.25,28.4,1327,,,,,historical_baseline,,fe33df9ae5456d8ee27133c42c244c81d150008ababc19399c7ed428638b57ea
4090,2023-03-30,28.35,28.5,28.1,28.2,1500,,,,,historical_baseline,,fe33df9ae5456d8ee27133c42c244c81d150008ababc19399c7ed428638b57ea
4100,2023-03-01,65.3,67.8,65.3,67.5,323,,,,,historical_baseline,,fe33df9ae5456d8ee27133c42c244c81d150008ababc19399c7ed428638b57ea
4100,2023-03-02,67.8,67.8,66.8,67.4,355,,,,,historical_baseline,,fe33df9ae5456d8ee27133c42c244c81d150008ababc19399c7ed428638b57ea
4100,2023-03-05,67.0,67.6,66.5,67.6,750,,,,,historical_baseline,,fe33df9ae5456d8ee27133c42c244c81d150008ababc19399c7ed428638b57ea
4100,2023-03-06,67.6,67.6,67.6,67.6,0,,,,,historical_baseline,,fe33df9ae5456d8ee27133c42c244c81d150008ababc19399c7ed428638b57ea
4100,2023-03-07,67.6,67.6,67.6,67.6,0,,,,,historical_baseline,,fe33df9ae5456d8ee27133c42c244c81d150008ababc19399c7ed428638b57ea
4100,2023-03-08,65.8,66.1,65.1,66.0,393,,,,,historical_baseline,,fe33df9ae5456d8ee27133c42c244c81d150008ababc19399c7ed428638b57ea
4100,2023-03-09,66.0,66.0,66.0,66.0,0,,,,,historical_baseline,,fe33df9ae5456d8ee27133c42c244c81d150008ababc19399c7ed428638b57ea
4100,2023-03-12,66.0,66.0,66.0,66.0,0,,,,,historical_baseline,,fe33df9ae5456d8ee27133c42c244c81d150008ababc19399c7ed428638b57ea
4100,2023-03-13,66.0,66.0,66.0,66.0,0,,,,,historical_baseline,,fe33df9ae5456d8ee27133c42c244c81d150008ababc19399c7ed428638b57ea
4100,2023-03-14,68.4,70.0,68.0,69.0,716,,,,,historical_baseline,,fe33df9ae5456d8ee27133c42c244c81d150008ababc19399c7ed428638b57ea
4100,2023-03-15,70.5,71.1,67.1,67.1,948,,,,,historical_baseline,,fe33df9ae5456d8ee27133c42c244c81d150008ababc19399c7ed428638b57ea
4100,2023-03-16,67.1,67.5,65.9,66.4,1460,,,,,historical_baseline,,fe33df9ae5456d8ee27133c42c244c81d150008ababc19399c7ed428638b57ea
4100,2023-03-19,66.4,66.4,66.4,66.4,0,,,,,historical_baseline,,fe33df9ae5456d8ee27133c42c244c81d150008ababc19399c7ed428638b57ea
4100,2023-03-20,67.5,68.6,67.0,68.3,1082,,,,,historical_baseline,,fe33df9ae5456d8ee27133c42c244c81d150008ababc19399c7ed428638b57ea
4100,2023-03-21,67.9,70.1,67.9,69.5,955,,,,,historical_baseline,,fe33df9ae5456d8ee27133c42c244c81d150008ababc19399c7ed428638b57ea
4100,2023-03-22,68.9,69.5,68.3,69.1,275,,,,,historical_baseline,,fe33df9ae5456d8ee27133c42c244c81d150008ababc19399c7ed428638b57ea
4100,2023-03-23,68.5,70.0,68.5,69.8,250,,,,,historical_baseline,,fe33df9ae5456d8ee27133c42c244c81d150008ababc19399c7ed428638b57ea
4100,2023-03-26,69.8,69.8,69.8,69.8,0,,,,,historical_baseline,,fe33df9ae5456d8ee27133c42c244c81d150008ababc19399c7ed428638b57ea
4100,2023-03-27,69.8,69.8,69.8,69.8,0,,,,,historical_baseline,,fe33df9ae5456d8ee27133c42c244c81d150008ababc19399c7ed428638b57ea
4100,2023-03-28,69.8,69.8,69.8,69.8,0,,,,,historical_baseline,,fe33df9ae5456d8ee27133c42c244c81d150008ababc19399c7ed428638b57ea
4100,2023-03-29,71.3,71.5,70.7,71.5,295,,,,,historical_baseline,,fe33df9ae5456d8ee27133c42c244c81d150008ababc19399c7ed428638b57ea
4100,2023-03-30,71.9,71.9,70.1,70.1,450,,,,,historical_baseline,,fe33df9ae5456d8ee27133c42c244c81d150008ababc19399c7ed428638b57ea
4110,2023-03-01,2.22,2.24,2.22,2.24,7970,,,,,historical_baseline,,fe33df9ae5456d8ee27133c42c244c81d150008ababc19399c7ed428638b57ea
4110,2023-03-02,2.26,2.28,2.25,2.25,7540,,,,,historical_baseline,,fe33df9ae5456d8ee27133c42c244c81d150008ababc19399c7ed428638b57ea
4110,2023-03-05,2.25,2.25,2.25,2.25,6870,,,,,historical_baseline,,fe33df9ae5456d8ee27133c42c244c81d150008ababc19399c7ed428638b57ea
4110,2023-03-06,2.25,2.25,2.25,2.25,0,,,,,historical_baseline,,fe33df9ae5456d8ee27133c42c244c81d150008ababc19399c7ed428638b57ea
4110,2023-03-07,2.25,2.25,2.25,2.25,0,,,,,historical_baseline,,fe33df9ae5456d8ee27133c42c244c81d150008ababc19399c7ed428638b57ea
4110,2023-03-08,2.25,2.25,2.24,2.24,19210,,,,,historical_baseline,,fe33df9ae5456d8ee27133c42c244c81d150008ababc19399c7ed428638b57ea
4110,2023-03-09,2.24,2.24,2.24,2.24,0,,,,,historical_baseline,,fe33df9ae5456d8ee27133c42c244c81d150008ababc19399c7ed428638b57ea
4110,2023-03-12,2.24,2.24,2.24,2.24,0,,,,,historical_baseline,,fe33df9ae5456d8ee27133c42c244c81d150008ababc19399c7ed428638b57ea
4110,2023-03-13,2.24,2.24,2.24,2.24,0,,,,,historical_baseline,,fe33df9ae5456d8ee27133c42c244c81d150008ababc19399c7ed428638b57ea
4110,2023-03-14,2.18,2.2,2.15,2.17,10000,,,,,historical_baseline,,fe33df9ae5456d8ee27133c42c244c81d150008ababc19399c7ed428638b57ea
4110,2023-03-15,2.18,2.19,2.1,2.1,25130,,,,,historical_baseline,,fe33df9ae5456d8ee27133c42c244c81d150008ababc19399c7ed428638b57ea
4110,2023-03-16,2.1,2.1,2.02,2.09,8830,,,,,historical_baseline,,fe33df9ae5456d8ee27133c42c244c81d150008ababc19399c7ed428638b57ea
4110,2023-03-19,2.09,2.09,2.09,2.09,0,,,,,historical_baseline,,fe33df9ae5456d8ee27133c42c244c81d150008ababc19399c7ed428638b57ea
4110,2023-03-20,2.07,2.07,2.06,2.07,10000,,,,,historical_baseline,,fe33df9ae5456d8ee27133c42c244c81d150008ababc19399c7ed428638b57ea
4110,2023-03-21,2.07,2.12,2.06,2.12,8100,,,,,historical_baseline,,fe33df9ae5456d8ee27133c42c244c81d150008ababc19399c7ed428638b57ea
4110,2023-03-22,2.12,2.13,2.1,2.11,9500,,,,,historical_baseline,,fe33df9ae5456d8ee27133c42c244c81d150008ababc19399c7ed428638b57ea
4110,2023-03-23,2.11,2.12,2.1,2.11,8000,,,,,historical_baseline,,fe33df9ae5456d8ee27133c42c244c81d150008ababc19399c7ed428638b57ea
4110,2023-03-26,2.11,2.11,2.11,2.11,0,,,,,historical_baseline,,fe33df9ae5456d8ee27133c42c244c81d150008ababc19399c7ed428638b57ea
4110,2023-03-27,2.11,2.11,2.11,2.11,0,,,,,historical_baseline,,fe33df9ae5456d8ee27133c42c244c81d150008ababc19399c7ed428638b57ea
4110,2023-03-28,2.11,2.11,2.11,2.11,0,,,,,historical_baseline,,fe33df9ae5456d8ee27133c42c244c81d150008ababc19399c7ed428638b57ea
4110,2023-03-29,2.2,2.26,2.18,2.24,7550,,,,,historical_baseline,,fe33df9ae5456d8ee27133c42c244c81d150008ababc19399c7ed428638b57ea
4110,2023-03-30,2.24,2.46,2.24,2.37,36620,,,,,historical_baseline,,fe33df9ae5456d8ee27133c42c244c81d150008ababc19399c7ed428638b57ea
4130,2023-03-01,1.65,1.66,1.63,1.64,168200,,,,,historical_baseline,,fe33df9ae5456d8ee27133c42c244c81d150008ababc19399c7ed428638b57ea
4130,2023-03-02,1.7,1.79,1.7,1.74,116200,,,,,historical_baseline,,fe33df9ae5456d8ee27133c42c244c81d150008ababc19399c7ed428638b57ea
4130,2023-03-05,1.75,1.77,1.72,1.73,323700,,,,,historical_baseline,,fe33df9ae5456d8ee27133c42c244c81d150008ababc19399c7ed428638b57ea
4130,2023-03-06,1.73,1.73,1.73,1.73,0,,,,,historical_baseline,,fe33df9ae5456d8ee27133c42c244c81d150008ababc19399c7ed428638b57ea
4130,2023-03-07,1.73,1.73,1.73,1.73,0,,,,,historical_baseline,,fe33df9ae5456d8ee27133c42c244c81d150008ababc19399c7ed428638b57ea
4130,2023-03-08,1.68,1.68,1.66,1.66,130600,,,,,historical_baseline,,fe33df9ae5456d8ee27133c42c244c81d150008ababc19399c7ed428638b57ea
4130,2023-03-09,1.66,1.66,1.66,1.66,0,,,,,historical_baseline,,fe33df9ae5456d8ee27133c42c244c81d150008ababc19399c7ed428638b57ea
4130,2023-03-12,1.66,1.66,1.66,1.66,0,,,,,historical_baseline,,fe33df9ae5456d8ee27133c42c244c81d150008ababc19399c7ed428638b57ea
4130,2023-03-13,1.66,1.66,1.66,1.66,0,,,,,historical_baseline,,fe33df9ae5456d8ee27133c42c244c81d150008ababc19399c7ed428638b57ea
4130,2023-03-14,1.69,1.69,1.67,1.67,191700,,,,,historical_baseline,,fe33df9ae5456d8ee27133c42c244c81d150008ababc19399c7ed428638b57ea
4130,2023-03-15,1.64,1.67,1.62,1.62,210100,,,,,historical_baseline,,fe33df9ae5456d8ee27133c42c244c81d150008ababc19399c7ed428638b57ea
4130,2023-03-16,1.61,1.62,1.56,1.58,135800,,,,,historical_baseline,,fe33df9ae5456d8ee27133c42c244c81d150008ababc19399c7ed428638b57ea
4130,2023-03-19,1.58,1.58,1.58,1.58,0,,,,,historical_baseline,,fe33df9ae5456d8ee27133c42c244c81d150008ababc19399c7ed428638b57ea
4130,2023-03-20,1.58,1.62,1.58,1.61,131800,,,,,historical_baseline,,fe33df9ae5456d8ee27133c42c244c81d150008ababc19399c7ed428638b57ea
4130,2023-03-21,1.62,1.65,1.62,1.62,200000,,,,,historical_baseline,,fe33df9ae5456d8ee27133c42c244c81d150008ababc19399c7ed428638b57ea
4130,2023-03-22,1.62,1.7,1.62,1.65,956400,,,,,historical_baseline,,fe33df9ae5456d8ee27133c42c244c81d150008ababc19399c7ed428638b57ea
4130,2023-03-23,1.63,1.65,1.6,1.61,135600,,,,,historical_baseline,,fe33df9ae5456d8ee27133c42c244c81d150008ababc19399c7ed428638b57ea
4130,2023-03-26,1.61,1.61,1.61,1.61,0,,,,,historical_baseline,,fe33df9ae5456d8ee27133c42c244c81d150008ababc19399c7ed428638b57ea
4130,2023-03-27,1.61,1.61,1.61,1.61,0,,,,,historical_baseline,,fe33df9ae5456d8ee27133c42c244c81d150008ababc19399c7ed428638b57ea
4130,2023-03-28,1.61,1.61,1.61,1.61,0,,,,,historical_baseline,,fe33df9ae5456d8ee27133c42c244c81d150008ababc19399c7ed428638b57ea
4130,2023-03-29,1.7,1.74,1.67,1.67,125300,,,,,historical_baseline,,fe33df9ae5456d8ee27133c42c244c81d150008ababc19399c7ed428638b57ea
4130,2023-03-30,1.68,1.69,1.66,1.67,141900,,,,,historical_baseline,,fe33df9ae5456d8ee27133c42c244c81d150008ababc19399c7ed428638b57ea
4140,2023-03-01,31.4,31.45,30.8,30.9,1000,,,,,historical_baseline,,fe33df9ae5456d8ee27133c42c244c81d150008ababc19399c7ed428638b57ea
4140,2023-03-02,31.3,31.7,31.05,31.15,805,,,,,historical_baseline,,fe33df9ae5456d8ee27133c42c244c81d150008ababc19399c7ed428638b57ea
4140,2023-03-05,31.35,31.65,31.3,31.4,1808,,,,,historical_baseline,,fe33df9ae5456d8ee27133c42c244c81d150008ababc19399c7ed428638b57ea
4140,2023-03-06,31.4,31.4,31.4,31.4,0,,,,,historical_baseline,,fe33df9ae5456d8ee27133c42c244c81d150008ababc19399c7ed428638b57ea
4140,2023-03-07,31.4,31.4,31.4,31.4,0,,,,,historical_baseline,,fe33df9ae5456d8ee27133c42c244c81d150008ababc19399c7ed428638b57ea
4140,2023-03-08,31.0,31.05,30.5,30.6,900,,,,,historical_baseline,,fe33df9ae5456d8ee27133c42c244c81d150008ababc19399c7ed428638b57ea
4140,2023-03-09,30.6,30.6,30.6,30.6,0,,,,,historical_baseline,,fe33df9ae5456d8ee27133c42c244c81d150008ababc19399c7ed428638b57ea
4140,2023-03-12,30.6,30.6,30.6,30.6,0,,,,,historical_baseline,,fe33df9ae5456d8ee27133c42c244c81d150008ababc19399c7ed428638b57ea
4140,2023-03-13,30.6,30.6,30.6,30.6,0,,,,,historical_baseline,,fe33df9ae5456d8ee27133c42c244c81d150008ababc19399c7ed428638b57ea
4140,2023-03-14,31.0,31.05,30.0,30.2,1178,,,,,historical_baseline,,fe33df9ae5456d8ee27133c42c244c81d150008ababc19399c7ed428638b57ea
4140,2023-03-15,30.0,30.35,29.4,29.4,1269,,,,,historical_baseline,,fe33df9ae5456d8ee27133c42c244c81d150008ababc19399c7ed428638b57ea
4140,2023-03-16,29.35,29.65,28.7,28.9,604,,,,,historical_baseline,,fe33df9ae5456d8ee27133c42c244c81d150008ababc19399c7ed428638b57ea
4140,2023-03-19,28.9,28.9,28.9,28.9,0,,,,,historical_baseline,,fe33df9ae5456d8ee27133c42c244c81d150008ababc19399c7ed428638b57ea
4140,2023-03-20,29.15,29.55,29.1,29.35,755,,,,,historical_baseline,,fe33df9ae5456d8ee27133c42c244c81d150008ababc19399c7ed428638b57ea
4140,2023-03-21,29.5,32.25,29.5,32.15,500,,,,,historical_baseline,,fe33df9ae5456d8ee27133c42c244c81d150008ababc19399c7ed428638b57ea
4140,2023-03-22,32.15,34.25,31.55,31.6,942,,,,,historical_baseline,,fe33df9ae5456d8ee27133c42c244c81d150008ababc19399c7ed428638b57ea
4140,2023-03-23,31.65,32.9,31.4,31.75,493,,,,,historical_baseline,,fe33df9ae5456d8ee27133c42c244c81d150008ababc19399c7ed428638b57ea
4140,2023-03-26,31.75,31.75,31.75,31.75,0,,,,,historical_baseline,,fe33df9ae5456d8ee27133c42c244c81d150008ababc19399c7ed428638b57ea
4140,2023-03-27,31.75,31.75,31.75,31.75,0,,,,,historical_baseline,,fe33df9ae5456d8ee27133c42c244c81d150008ababc19399c7ed428638b57ea
4140,2023-03-28,31.75,31.75,31.75,31.75,0,,,,,historical_baseline,,fe33df9ae5456d8ee27133c42c244c81d150008ababc19399c7ed428638b57ea
4140,2023-03-29,33.05,33.5,32.85,32.95,1687,,,,,historical_baseline,,fe33df9ae5456d8ee27133c42c244c81d150008ababc19399c7ed428638b57ea
4140,2023-03-30,33.0,33.85,32.95,33.3,2000,,,,,historical_baseline,,fe33df9ae5456d8ee27133c42c244c81d150008ababc19399c7ed428638b57ea
4141,2023-03-01,42.33,42.33,42.03,42.03,974,,,,,historical_baseline,,fe33df9ae5456d8ee27133c42c244c81d150008ababc19399c7ed428638b57ea
4141,2023-03-02,42.33,42.68,42.21,42.21,501,,,,,historical_baseline,,fe33df9ae5456d8ee27133c42c244c81d150008ababc19399c7ed428638b57ea
4141,2023-03-05,42.33,43.68,42.33,42.8,433,,,,,historical_baseline,,fe33df9ae5456d8ee27133c42c244c81d150008ababc19399c7ed428638b57ea
4141,2023-03-06,42.8,42.8,42.8,42.8,0,,,,,historical_baseline,,fe33df9ae5456d8ee27133c42c244c81d150008ababc19399c7ed428638b57ea
4141,2023-03-07,42.8,42.8,42.8,42.8,0,,,,,historical_baseline,,fe33df9ae5456d8ee27133c42c244c81d150008ababc19399c7ed428638b57ea
4141,2023-03-08,42.33,42.33,41.97,42.21,649,,,,,historical_baseline,,fe33df9ae5456d8ee27133c42c244c81d150008ababc19399c7ed428638b57ea
4141,2023-03-09,42.21,42.21,42.21,42.21,0,,,,,historical_baseline,,fe33df9ae5456d8ee27133c42c244c81d150008ababc19399c7ed428638b57ea
4141,2023-03-12,42.21,42.21,42.21,42.21,0,,,,,historical_baseline,,fe33df9ae5456d8ee27133c42c244c81d150008ababc19399c7ed428638b57ea
4141,2023-03-13,42.21,42.21,42.21,42.21,0,,,,,historical_baseline,,fe33df9ae5456d8ee27133c42c244c81d150008ababc19399c7ed428638b57ea
4141,2023-03-14,42.21,42.33,41.62,41.8,1701,,,,,historical_baseline,,fe33df9ae5456d8ee27133c42c244c81d150008ababc19399c7ed428638b57ea
4141,2023-03-15,42.03,44.09,41.8,42.8,1701,,,,,historical_baseline,,fe33df9ae5456d8ee27133c42c244c81d150008ababc19399c7ed428638b57ea
4141,2023-03-16,42.74,42.91,41.5,41.8,442,,,,,historical_baseline,,fe33df9ae5456d8ee27133c42c244c81d150008ababc19399c7ed428638b57ea
4141,2023-03-19,41.8,41.8,41.8,41.8,0,,,,,historical_baseline,,fe33df9ae5456d8ee27133c42c244c81d150008ababc19399c7ed428638b57ea
4141,2023-03-20,41.56,42.03,41.56,41.56,785,,,,,historical_baseline,,fe33df9ae5456d8ee27133c42c244c81d150008ababc19399c7ed428638b57ea
4141,2023-03-21,42.03,42.62,41.8,42.33,2323,,,,,historical_baseline,,fe33df9ae5456d8ee27133c42c244c81d150008ababc19399c7ed428638b57ea
4141,2023-03-22,42.39,42.86,41.74,41.92,804,,,,,historical_baseline,,fe33df9ae5456d8ee27133c42c244c81d150008ababc19399c7ed428638b57ea
4141,2023-03-23,41.92,42.09,41.62,41.68,603,,,,,historical_baseline,,fe33df9ae5456d8ee27133c42c244c81d150008ababc19399c7ed428638b57ea
4141,2023-03-26,41.68,41.68,41.68,41.68,0,,,,,historical_baseline,,fe33df9ae5456d8ee27133c42c244c81d150008ababc19399c7ed428638b57ea
4141,2023-03-27,41.68,41.68,41.68,41.68,0,,,,,historical_baseline,,fe33df9ae5456d8ee27133c42c244c81d150008ababc19399c7ed428638b57ea
4141,2023-03-28,41.68,41.68,41.68,41.68,0,,,,,historical_baseline,,fe33df9ae5456d8ee27133c42c244c81d150008ababc19399c7ed428638b57ea
4141,2023-03-29,43.27,46.03,43.27,43.97,3987,,,,,historical_baseline,,fe33df9ae5456d8ee27133c42c244c81d150008ababc19399c7ed428638b57ea
4141,2023-03-30,44.21,45.09,43.91,44.44,454,,,,,historical_baseline,,fe33df9ae5456d8ee27133c42c244c81d150008ababc19399c7ed428638b57ea
4150,2023-03-01,18.5,18.7,18.5,18.6,1981,,,,,historical_baseline,,fe33df9ae5456d8ee27133c42c244c81d150008ababc19399c7ed428638b57ea
4150,2023-03-02,18.62,18.78,18.62,18.72,1350,,,,,historical_baseline,,fe33df9ae5456d8ee27133c42c244c81d150008ababc19399c7ed428638b57ea
4150,2023-03-05,18.74,18.88,18.7,18.82,980,,,,,historical_baseline,,fe33df9ae5456d8ee27133c42c244c81d150008ababc19399c7ed428638b57ea
4150,2023-03-06,18.82,18.82,18.82,18.82,0,,,,,historical_baseline,,fe33df9ae5456d8ee27133c42c244c81d150008ababc19399c7ed428638b57ea
4150,2023-03-07,18.82,18.82,18.82,18.82,0,,,,,historical_baseline,,fe33df9ae5456d8ee27133c42c244c81d150008ababc19399c7ed428638b57ea
4150,2023-03-08,18.66,18.66,18.38,18.64,1108,,,,,historical_baseline,,fe33df9ae5456d8ee27133c42c244c81d150008ababc19399c7ed428638b57ea
4150,2023-03-09,18.64,18.64,18.64,18.64,0,,,,,historical_baseline,,fe33df9ae5456d8ee27133c42c244c81d150008ababc19399c7ed428638b57ea
4150,2023-03-12,18.64,18.64,18.64,18.64,0,,,,,historical_baseline,,fe33df9ae5456d8ee27133c42c244c81d150008ababc19399c7ed428638b57ea
4150,2023-03-13,18.64,18.64,18.64,18.64,0,,,,,historical_baseline,,fe33df9ae5456d8ee27133c42c244c81d150008ababc19399c7ed428638b57ea
4150,2023-03-14,18.6,19.08,18.6,18.78,974,,,,,historical_baseline,,fe33df9ae5456d8ee27133c42c244c81d150008ababc19399c7ed428638b57ea
4150,2023-03-15,19.2,19.2,18.8,18.8,1000,,,,,historical_baseline,,fe33df9ae5456d8ee27133c42c244c81d150008ababc19399c7ed428638b57ea
4150,2023-03-16,18.78,19.12,18.6,18.8,1204,,,,,historical_baseline,,fe33df9ae5456d8ee27133c42c244c81d150008ababc19399c7ed428638b57ea
4150,2023-03-19,18.8,18.8,18.8,18.8,0,,,,,historical_baseline,,fe33df9ae5456d8ee27133c42c244c81d150008ababc19399c7ed428638b57ea
4150,2023-03-20,19.04,19.04,18.72,18.72,2051,,,,,historical_baseline,,fe33df9ae5456d8ee27133c42c244c81d150008ababc19399c7ed428638b57ea
4150,2023-03-21,18.84,19.04,18.8,19.0,4500,,,,,historical_baseline,,fe33df9ae5456d8ee27133c42c244c81d150008ababc19399c7ed428638b57ea
4150,2023-03-22,18.7,18.84,18.0,18.04,1449,,,,,historical_baseline,,fe33df9ae5456d8ee27133c42c244c81d150008ababc19399c7ed428638b57ea
4150,2023-03-23,17.92,18.1,17.92,18.04,1400,,,,,historical_baseline,,fe33df9ae5456d8ee27133c42c244c81d150008ababc19399c7ed428638b57ea
4150,2023-03-26,18.04,18.04,18.04,18.04,0,,,,,historical_baseline,,fe33df9ae5456d8ee27133c42c244c81d150008ababc19399c7ed428638b57ea
4150,2023-03-27,18.04,18.04,18.04,18.04,0,,,,,historical_baseline,,fe33df9ae5456d8ee27133c42c244c81d150008ababc19399c7ed428638b57ea
4150,2023-03-28,18.04,18.04,18.04,18.04,0,,,,,historical_baseline,,fe33df9ae5456d8ee27133c42c244c81d150008ababc19399c7ed428638b57ea
4150,2023-03-29,18.0,18.3,18.0,18.2,897,,,,,historical_baseline,,fe33df9ae5456d8ee27133c42c244c81d150008ababc19399c7ed428638b57ea
4150,2023-03-30,18.22,18.32,18.22,18.28,3973,,,,,historical_baseline,,fe33df9ae5456d8ee27133c42c244c81d150008ababc19399c7ed428638b57ea
4160,2023-03-01,43.81,43.81,43.81,43.81,0,,,,,historical_baseline,,fe33df9ae5456d8ee27133c42c244c81d150008ababc19399c7ed428638b57ea
4160,2023-03-02,48.19,48.19,48.19,48.19,12337,,,,,historical_baseline,,fe33df9ae5456d8ee27133c42c244c81d150008ababc19399c7ed428638b57ea
4160,2023-03-05,52.98,52.98,52.98,52.98,1487,,,,,historical_baseline,,fe33df9ae5456d8ee27133c42c244c81d150008ababc19399c7ed428638b57ea
4160,2023-03-06,58.28,58.28,58.28,58.28,211,,,,,historical_baseline,,fe33df9ae5456d8ee27133c42c244c81d150008ababc19399c7ed428638b57ea
4160,2023-03-07,64.06,64.06,64.06,64.06,1425,,,,,historical_baseline,,fe33df9ae5456d8ee27133c42c244c81d150008ababc19399c7ed428638b57ea
4160,2023-03-08,68.77,70.43,66.23,70.43,1487,,,,,historical_baseline,,fe33df9ae5456d8ee27133c42c244c81d150008ababc19399c7ed428638b57ea
4160,2023-03-09,73.87,77.43,71.96,77.43,1041,,,,,historical_baseline,,fe33df9ae5456d8ee27133c42c244c81d150008ababc19399c7ed428638b57ea
4160,2023-03-12,85.07,85.07,83.8,85.07,818,,,,,historical_baseline,,fe33df9ae5456d8ee27133c42c244c81d150008ababc19399c7ed428638b57ea
4160,2023-03-13,93.48,93.48,85.97,87.62,23996,,,,,historical_baseline,,fe33df9ae5456d8ee27133c42c244c81d150008ababc19399c7ed428638b57ea
4160,2023-03-14,93.48,93.48,85.97,87.62,4909,,,,,historical_baseline,,fe33df9ae5456d8ee27133c42c244c81d150008ababc19399c7ed428638b57ea
4160,2023-03-15,80.49,88.77,79.34,88.77,1487,,,,,historical_baseline,,fe33df9ae5456d8ee27133c42c244c81d150008ababc19399c7ed428638b57ea
4160,2023-03-16,89.15,97.05,89.15,93.48,650,,,,,historical_baseline,,fe33df9ae5456d8ee27133c42c244c81d150008ababc19399c7ed428638b57ea
4160,2023-03-19,95.52,102.78,94.24,102.78,7627019,,,,,historical_baseline,,fe33df9ae5456d8ee27133c42c244c81d150008ababc19399c7ed428638b57ea
4160,2023-03-20,105.32,112.97,105.32,112.97,542,,,,,historical_baseline,,fe33df9ae5456d8ee27133c42c244c81d150008ababc19399c7ed428638b57ea
4160,2023-03-21,119.46,124.17,118.7,124.17,1487,,,,,historical_baseline,,fe33df9ae5456d8ee27133c42c244c81d150008ababc19399c7ed428638b57ea
4160,2023-03-22,132.45,136.53,131.69,136.53,513,,,,,historical_baseline,,fe33df9ae5456d8ee27133c42c244c81d150008ababc19399c7ed428638b57ea
4160,2023-03-23,144.42,150.03,122.9,122.9,629,,,,,historical_baseline,,fe33df9ae5456d8ee27133c42c244c81d150008ababc19399c7ed428638b57ea
4160,2023-03-26,122.9,122.9,122.9,122.9,0,,,,,historical_baseline,,fe33df9ae5456d8ee27133c42c244c81d150008ababc19399c7ed428638b57ea
4160,2023-03-27,122.9,122.9,122.9,122.9,0,,,,,historical_baseline,,fe33df9ae5456d8ee27133c42c244c81d150008ababc19399c7ed428638b57ea
4160,2023-03-28,122.9,122.9,122.9,122.9,0,,,,,historical_baseline,,fe33df9ae5456d8ee27133c42c244c81d150008ababc19399c7ed428638b57ea
4160,2023-03-29,114.62,114.62,103.03,105.2,20745,,,,,historical_baseline,,fe33df9ae5456d8ee27133c42c244c81d150008ababc19399c7ed428638b57ea
4160,2023-03-30,104.43,113.35,95.52,103.8,1832,,,,,historical_baseline,,fe33df9ae5456d8ee27133c42c244c81d150008ababc19399c7ed428638b57ea
4161,2023-03-01,5.5,5.6,5.48,5.5,14690,,,,,historical_baseline,,fe33df9ae5456d8ee27133c42c244c81d150008ababc19399c7ed428638b57ea
4161,2023-03-02,5.56,5.57,5.47,5.49,89450,,,,,historical_baseline,,fe33df9ae5456d8ee27133c42c244c81d150008ababc19399c7ed428638b57ea
4161,2023-03-05,5.5,5.53,5.49,5.52,4790,,,,,historical_baseline,,fe33df9ae5456d8ee27133c42c244c81d150008ababc19399c7ed428638b57ea
4161,2023-03-06,5.52,5.52,5.52,5.52,0,,,,,historical_baseline,,fe33df9ae5456d8ee27133c42c244c81d150008ababc19399c7ed428638b57ea
4161,2023-03-07,5.52,5.52,5.52,5.52,0,,,,,historical_baseline,,fe33df9ae5456d8ee27133c42c244c81d150008ababc19399c7ed428638b57ea
4161,2023-03-08,5.6,5.95,5.54,5.86,3000,,,,,historical_baseline,,fe33df9ae5456d8ee27133c42c244c81d150008ababc19399c7ed428638b57ea
4161,2023-03-09,5.86,5.86,5.86,5.86,0,,,,,historical_baseline,,fe33df9ae5456d8ee27133c42c244c81d150008ababc19399c7ed428638b57ea
4161,2023-03-12,5.86,5.86,5.86,5.86,0,,,,,historical_baseline,,fe33df9ae5456d8ee27133c42c244c81d150008ababc19399c7ed428638b57ea
4161,2023-03-13,5.86,5.86,5.86,5.86,0,,,,,historical_baseline,,fe33df9ae5456d8ee27133c42c244c81d150008ababc19399c7ed428638b57ea
4161,2023-03-14,5.97,6.1,5.86,5.86,3000,,,,,historical_baseline,,fe33df9ae5456d8ee27133c42c244c81d150008ababc19399c7ed428638b57ea
4161,2023-03-15,5.72,5.78,5.65,5.65,9730,,,,,historical_baseline,,fe33df9ae5456d8ee27133c42c244c81d150008ababc19399c7ed428638b57ea
4161,2023-03-16,5.6,5.61,5.4,5.45,6040,,,,,historical_baseline,,fe33df9ae5456d8ee27133c42c244c81d150008ababc19399c7ed428638b57ea
4161,2023-03-19,5.45,5.45,5.45,5.45,0,,,,,historical_baseline,,fe33df9ae5456d8ee27133c42c244c81d150008ababc19399c7ed428638b57ea
4161,2023-03-20,5.41,5.41,5.25,5.25,3210,,,,,historical_baseline,,fe33df9ae5456d8ee27133c42c244c81d150008ababc19399c7ed428638b57ea
4161,2023-03-21,5.28,5.55,5.28,5.5,10000,,,,,historical_baseline,,fe33df9ae5456d8ee27133c42c244c81d150008ababc19399c7ed428638b57ea
4161,2023-03-22,5.5,5.56,5.43,5.5,5000,,,,,historical_baseline,,fe33df9ae5456d8ee27133c42c244c81d150008ababc19399c7ed428638b57ea
4161,2023-03-23,5.45,5.83,5.44,5.8,10000,,,,,historical_baseline,,fe33df9ae5456d8ee27133c42c244c81d150008ababc19399c7ed428638b57ea
4161,2023-03-26,5.8,5.8,5.8,5.8,0,,,,,historical_baseline,,fe33df9ae5456d8ee27133c42c244c81d150008ababc19399c7ed428638b57ea
4161,2023-03-27,5.8,5.8,5.8,5.8,0,,,,,historical_baseline,,fe33df9ae5456d8ee27133c42c244c81d150008ababc19399c7ed428638b57ea
4161,2023-03-28,5.8,5.8,5.8,5.8,0,,,,,historical_baseline,,fe33df9ae5456d8ee27133c42c244c81d150008ababc19399c7ed428638b57ea
4161,2023-03-29,5.8,5.8,5.8,5.8,0,,,,,historical_baseline,,fe33df9ae5456d8ee27133c42c244c81d150008ababc19399c7ed428638b57ea
4161,2023-03-30,6.15,6.62,6.06,6.59,2340,,,,,historical_baseline,,fe33df9ae5456d8ee27133c42c244c81d150008ababc19399c7ed428638b57ea
4162,2023-03-01,58.7,58.9,58.2,58.4,1706,,,,,historical_baseline,,fe33df9ae5456d8ee27133c42c244c81d150008ababc19399c7ed428638b57ea
4162,2023-03-02,58.5,58.7,58.3,58.5,300,,,,,historical_baseline,,fe33df9ae5456d8ee27133c42c244c81d150008ababc19399c7ed428638b57ea
4162,2023-03-05,58.6,59.3,58.5,59.1,500,,,,,historical_baseline,,fe33df9ae5456d8ee27133c42c244c81d150008ababc19399c7ed428638b57ea
4162,2023-03-06,59.1,59.1,59.1,59.1,0,,,,,historical_baseline,,fe33df9ae5456d8ee27133c42c244c81d150008ababc19399c7ed428638b57ea
4162,2023-03-07,59.1,59.1,59.1,59.1,0,,,,,historical_baseline,,fe33df9ae5456d8ee27133c42c244c81d150008ababc19399c7ed428638b57ea
4162,2023-03-08,57.5,58.3,57.0,57.9,600,,,,,historical_baseline,,fe33df9ae5456d8ee27133c42c244c81d150008ababc19399c7ed428638b57ea
4162,2023-03-09,57.9,57.9,57.9,57.9,0,,,,,historical_baseline,,fe33df9ae5456d8ee27133c42c244c81d150008ababc19399c7ed428638b57ea
4162,2023-03-12,57.9,57.9,57.9,57.9,0,,,,,historical_baseline,,fe33df9ae5456d8ee27133c42c244c81d150008ababc19399c7ed428638b57ea
4162,2023-03-13,57.9,57.9,57.9,57.9,0,,,,,historical_baseline,,fe33df9ae5456d8ee27133c42c244c81d150008ababc19399c7ed428638b57ea
4162,2023-03-14,58.0,58.3,57.4,57.7,710,,,,,historical_baseline,,fe33df9ae5456d8ee27133c42c244c81d150008ababc19399c7ed428638b57ea
4162,2023-03-15,57.4,57.5,56.5,56.5,378,,,,,historical_baseline,,fe33df9ae5456d8ee27133c42c244c81d150008ababc19399c7ed428638b57ea
4162,2023-03-16,56.5,56.5,55.8,55.8,500,,,,,historical_baseline,,fe33df9ae5456d8ee27133c42c244c81d150008ababc19399c7ed428638b57ea
4162,2023-03-19,55.8,55.8,55.8,55.8,0,,,,,historical_baseline,,fe33df9ae5456d8ee27133c42c244c81d150008ababc19399c7ed428638b57ea
4162,2023-03-20,57.0,57.6,56.8,57.1,1576,,,,,historical_baseline,,fe33df9ae5456d8ee27133c42c244c81d150008ababc19399c7ed428638b57ea
4162,2023-03-21,57.0,58.2,56.8,58.1,2924,,,,,historical_baseline,,fe33df9ae5456d8ee27133c42c244c81d150008ababc19399c7ed428638b57ea
4162,2023-03-22,57.7,58.0,57.0,57.7,550,,,,,historical_baseline,,fe33df9ae5456d8ee27133c42c244c81d150008ababc19399c7ed428638b57ea
4162,2023-03-23,57.3,58.6,57.2,57.9,2500,,,,,historical_baseline,,fe33df9ae5456d8ee27133c42c244c81d150008ababc19399c7ed428638b57ea
4162,2023-03-26,57.9,57.9,57.9,57.9,0,,,,,historical_baseline,,fe33df9ae5456d8ee27133c42c244c81d150008ababc19399c7ed428638b57ea
4162,2023-03-27,57.9,57.9,57.9,57.9,0,,,,,historical_baseline,,fe33df9ae5456d8ee27133c42c244c81d150008ababc19399c7ed428638b57ea
4162,2023-03-28,57.9,57.9,57.9,57.9,0,,,,,historical_baseline,,fe33df9ae5456d8ee27133c42c244c81d150008ababc19399c7ed428638b57ea
4162,2023-03-29,57.9,57.9,57.9,57.9,0,,,,,historical_baseline,,fe33df9ae5456d8ee27133c42c244c81d150008ababc19399c7ed428638b57ea
4162,2023-03-30,56.9,58.7,56.8,58.2,623,,,,,historical_baseline,,fe33df9ae5456d8ee27133c42c244c81d150008ababc19399c7ed428638b57ea
4163,2023-03-01,75.0,76.1,74.7,75.7,294,,,,,historical_baseline,,fe33df9ae5456d8ee27133c42c244c81d150008ababc19399c7ed428638b57ea
4163,2023-03-02,75.5,75.8,74.4,74.8,257,,,,,historical_baseline,,fe33df9ae5456d8ee27133c42c244c81d150008ababc19399c7ed428638b57ea
4163,2023-03-05,74.9,75.5,74.1,75.1,845,,,,,historical_baseline,,fe33df9ae5456d8ee27133c42c244c81d150008ababc19399c7ed428638b57ea
4163,2023-03-06,75.1,75.1,75.1,75.1,0,,,,,historical_baseline,,fe33df9ae5456d8ee27133c42c244c81d150008ababc19399c7ed428638b57ea
4163,2023-03-07,75.1,75.1,75.1,75.1,0,,,,,historical_baseline,,fe33df9ae5456d8ee27133c42c244c81d150008ababc19399c7ed428638b57ea
4163,2023-03-08,74.6,74.7,74.0,74.7,217,,,,,historical_baseline,,fe33df9ae5456d8ee27133c42c244c81d150008ababc19399c7ed428638b57ea
4163,2023-03-09,74.7,74.7,74.7,74.7,0,,,,,historical_baseline,,fe33df9ae5456d8ee27133c42c244c81d150008ababc19399c7ed428638b57ea
4163,2023-03-12,74.7,74.7,74.7,74.7,0,,,,,historical_baseline,,fe33df9ae5456d8ee27133c42c244c81d150008ababc19399c7ed428638b57ea
4163,2023-03-13,74.7,74.7,74.7,74.7,0,,,,,historical_baseline,,fe33df9ae5456d8ee27133c42c244c81d150008ababc19399c7ed428638b57ea
4163,2023-03-14,72.8,73.0,71.5,71.8,285,,,,,historical_baseline,,fe33df9ae5456d8ee27133c42c244c81d150008ababc19399c7ed428638b57ea
4163,2023-03-15,72.7,72.7,70.5,70.8,700,,,,,historical_baseline,,fe33df9ae5456d8ee27133c42c244c81d150008ababc19399c7ed428638b57ea
4163,2023-03-16,70.8,74.1,70.3,74.1,272,,,,,historical_baseline,,fe33df9ae5456d8ee27133c42c244c81d150008ababc19399c7ed428638b57ea
4163,2023-03-19,74.1,74.1,74.1,74.1,0,,,,,historical_baseline,,fe33df9ae5456d8ee27133c42c244c81d150008ababc19399c7ed428638b57ea
4163,2023-03-20,72.6,73.5,72.4,73.0,599,,,,,historical_baseline,,fe33df9ae5456d8ee27133c42c244c81d150008ababc19399c7ed428638b57ea
4163,2023-03-21,72.4,74.1,72.0,74.1,335,,,,,historical_baseline,,fe33df9ae5456d8ee27133c42c244c81d150008ababc19399c7ed428638b57ea
4163,2023-03-22,74.6,75.8,74.1,74.6,330,,,,,historical_baseline,,fe33df9ae5456d8ee27133c42c244c81d150008ababc19399c7ed428638b57ea
4163,2023-03-23,74.2,76.0,74.0,76.0,1827,,,,,historical_baseline,,fe33df9ae5456d8ee27133c42c244c81d150008ababc19399c7ed428638b57ea
4163,2023-03-26,76.0,76.0,76.0,76.0,0,,,,,historical_baseline,,fe33df9ae5456d8ee27133c42c244c81d150008ababc19399c7ed428638b57ea
4163,2023-03-27,76.0,76.0,76.0,76.0,0,,,,,historical_baseline,,fe33df9ae5456d8ee27133c42c244c81d150008ababc19399c7ed428638b57ea
4163,2023-03-28,76.0,76.0,76.0,76.0,0,,,,,historical_baseline,,fe33df9ae5456d8ee27133c42c244c81d150008ababc19399c7ed428638b57ea
4163,2023-03-29,76.0,76.0,76.0,76.0,0,,,,,historical_baseline,,fe33df9ae5456d8ee27133c42c244c81d150008ababc19399c7ed428638b57ea
4163,2023-03-30,79.9,80.2,79.2,80.0,300,,,,,historical_baseline,,fe33df9ae5456d8ee27133c42c244c81d150008ababc19399c7ed428638b57ea
4164,2023-03-01,185.0,185.0,179.8,181.0,216,,,,,historical_baseline,,fe33df9ae5456d8ee27133c42c244c81d150008ababc19399c7ed428638b57ea
4164,2023-03-02,180.0,180.2,175.6,175.6,100,,,,,historical_baseline,,fe33df9ae5456d8ee27133c42c244c81d150008ababc19399c7ed428638b57ea
4164,2023-03-05,176.2,176.6,172.6,174.0,92,,,,,historical_baseline,,fe33df9ae5456d8ee27133c42c244c81d150008ababc19399c7ed428638b57ea
4164,2023-03-06,174.0,174.0,174.0,174.0,0,,,,,historical_baseline,,fe33df9ae5456d8ee27133c42c244c81d150008ababc19399c7ed428638b57ea
4164,2023-03-07,174.0,174.0,174.0,174.0,0,,,,,historical_baseline,,fe33df9ae5456d8ee27133c42c244c81d150008ababc19399c7ed428638b57ea
4164,2023-03-08,178.6,181.8,175.8,181.8,500,,,,,historical_baseline,,fe33df9ae5456d8ee27133c42c244c81d150008ababc19399c7ed428638b57ea
4164,2023-03-09,181.8,181.8,181.8,181.8,0,,,,,historical_baseline,,fe33df9ae5456d8ee27133c42c244c81d150008ababc19399c7ed428638b57ea
4164,2023-03-12,181.8,181.8,181.8,181.8,0,,,,,historical_baseline,,fe33df9ae5456d8ee27133c42c244c81d150008ababc19399c7ed428638b57ea
4164,2023-03-13,181.8,181.8,181.8,181.8,0,,,,,historical_baseline,,fe33df9ae5456d8ee27133c42c244c81d150008ababc19399c7ed428638b57ea
4164,2023-03-14,184.0,185.8,182.6,183.0,2000,,,,,historical_baseline,,fe33df9ae5456d8ee27133c42c244c81d150008ababc19399c7ed428638b57ea
4164,2023-03-15,182.6,188.6,182.6,188.0,192,,,,,historical_baseline,,fe33df9ae5456d8ee27133c42c244c81d150008ababc19399c7ed428638b57ea
4164,2023-03-16,186.0,186.8,183.8,185.2,966,,,,,historical_baseline,,fe33df9ae5456d8ee27133c42c244c81d150008ababc19399c7ed428638b57ea
4164,2023-03-19,185.2,185.2,185.2,185.2,0,,,,,historical_baseline,,fe33df9ae5456d8ee27133c42c244c81d150008ababc19399c7ed428638b57ea
4164,2023-03-20,180.0,181.8,177.0,181.0,163,,,,,historical_baseline,,fe33df9ae5456d8ee27133c42c244c81d150008ababc19399c7ed428638b57ea
4164,2023-03-21,181.0,183.0,180.0,182.2,1568,,,,,historical_baseline,,fe33df9ae5456d8ee27133c42c244c81d150008ababc19399c7ed428638b57ea
4164,2023-03-22,180.2,181.6,178.6,178.6,250,,,,,historical_baseline,,fe33df9ae5456d8ee27133c42c244c81d150008ababc19399c7ed428638b57ea
4164,2023-03-23,179.0,179.0,169.2,172.4,103,,,,,historical_baseline,,fe33df9ae5456d8ee27133c42c244c81d150008ababc19399c7ed428638b57ea
4164,2023-03-26,172.4,172.4,172.4,172.4,0,,,,,historical_baseline,,fe33df9ae5456d8ee27133c42c244c81d150008ababc19399c7ed428638b57ea
4164,2023-03-27,172.4,172.4,172.4,172.4,0,,,,,historical_baseline,,fe33df9ae5456d8ee27133c42c244c81d150008ababc19399c7ed428638b57ea
4164,2023-03-28,172.4,172.4,172.4,172.4,0,,,,,historical_baseline,,fe33df9ae5456d8ee27133c42c244c81d150008ababc19399c7ed428638b57ea
4164,2023-03-29,172.4,172.4,172.4,172.4,0,,,,,historical_baseline,,fe33df9ae5456d8ee27133c42c244c81d150008ababc19399c7ed428638b57ea
4164,2023-03-30,180.2,186.0,180.0,184.6,137,,,,,historical_baseline,,fe33df9ae5456d8ee27133c42c244c81d150008ababc19399c7ed428638b57ea
4170,2023-03-01,14.67,14.77,14.57,14.57,46540,,,,,historical_baseline,,fe33df9ae5456d8ee27133c42c244c81d150008ababc19399c7ed428638b57ea
4170,2023-03-02,15.02,15.14,14.65,14.67,50220,,,,,historical_baseline,,fe33df9ae5456d8ee27133c42c244c81d150008ababc19399c7ed428638b57ea
4170,2023-03-05,14.79,14.94,14.65,14.79,33320,,,,,historical_baseline,,fe33df9ae5456d8ee27133c42c244c81d150008ababc19399c7ed428638b57ea
4170,2023-03-06,14.79,14.79,14.79,14.79,0,,,,,historical_baseline,,fe33df9ae5456d8ee27133c42c244c81d150008ababc19399c7ed428638b57ea
4170,2023-03-07,14.79,14.79,14.79,14.79,0,,,,,historical_baseline,,fe33df9ae5456d8ee27133c42c244c81d150008ababc19399c7ed428638b57ea
4170,2023-03-08,14.63,14.75,14.48,14.5,22780,,,,,historical_baseline,,fe33df9ae5456d8ee27133c42c244c81d150008ababc19399c7ed428638b57ea
4170,2023-03-09,14.5,14.5,14.5,14.5,0,,,,,historical_baseline,,fe33df9ae5456d8ee27133c42c244c81d150008ababc19399c7ed428638b57ea
4170,2023-03-12,14.5,14.5,14.5,14.5,0,,,,,historical_baseline,,fe33df9ae5456d8ee27133c42c244c81d150008ababc19399c7ed428638b57ea
4170,2023-03-13,14.5,14.5,14.5,14.5,0,,,,,historical_baseline,,fe33df9ae5456d8ee27133c42c244c81d150008ababc19399c7ed428638b57ea
4170,2023-03-14,14.46,14.65,14.36,14.38,40000,,,,,historical_baseline,,fe33df9ae5456d8ee27133c42c244c81d150008ababc19399c7ed428638b57ea
4170,2023-03-15,14.19,14.44,14.03,14.03,65220,,,,,historical_baseline,,fe33df9ae5456d8ee27133c42c244c81d150008ababc19399c7ed428638b57ea
4170,2023-03-16,13.84,14.11,13.68,13.82,31160,,,,,historical_baseline,,fe33df9ae5456d8ee27133c42c244c81d150008ababc19399c7ed428638b57ea
4170,2023-03-19,13.82,13.82,13.82,13.82,0,,,,,historical_baseline,,fe33df9ae5456d8ee27133c42c244c81d150008ababc19399c7ed428638b57ea
4170,2023-03-20,13.84,14.3,13.78,14.17,54160,,,,,historical_baseline,,fe33df9ae5456d8ee27133c42c244c81d150008ababc19399c7ed428638b57ea
4170,2023-03-21,14.21,14.59,14.15,14.36,65160,,,,,historical_baseline,,fe33df9ae5456d8ee27133c42c244c81d150008ababc19399c7ed428638b57ea
4170,2023-03-22,14.44,14.59,14.15,14.15,60000,,,,,historical_baseline,,fe33df9ae5456d8ee27133c42c244c81d150008ababc19399c7ed428638b57ea
4170,2023-03-23,14.15,14.28,13.88,13.94,44980,,,,,historical_baseline,,fe33df9ae5456d8ee27133c42c244c81d150008ababc19399c7ed428638b57ea
4170,2023-03-26,13.94,13.94,13.94,13.94,0,,,,,historical_baseline,,fe33df9ae5456d8ee27133c42c244c81d150008ababc19399c7ed428638b57ea
4170,2023-03-27,13.94,13.94,13.94,13.94,0,,,,,historical_baseline,,fe33df9ae5456d8ee27133c42c244c81d150008ababc19399c7ed428638b57ea
4170,2023-03-28,13.94,13.94,13.94,13.94,0,,,,,historical_baseline,,fe33df9ae5456d8ee27133c42c244c81d150008ababc19399c7ed428638b57ea
4170,2023-03-29,15.19,15.43,15.02,15.19,168940,,,,,historical_baseline,,fe33df9ae5456d8ee27133c42c244c81d150008ababc19399c7ed428638b57ea
4170,2023-03-30,15.23,15.45,14.86,14.9,20000,,,,,historical_baseline,,fe33df9ae5456d8ee27133c42c244c81d150008ababc19399c7ed428638b57ea
4180,2023-03-01,3.0,3.06,2.98,2.98,9230,,,,,historical_baseline,,fe33df9ae5456d8ee27133c42c244c81d150008ababc19399c7ed428638b57ea
4180,2023-03-02,3.0,3.03,2.99,3.01,10000,,,,,historical_baseline,,fe33df9ae5456d8ee27133c42c244c81d150008ababc19399c7ed428638b57ea
4180,2023-03-05,3.03,3.03,3.01,3.01,5880,,,,,historical_baseline,,fe33df9ae5456d8ee27133c42c244c81d150008ababc19399c7ed428638b57ea
4180,2023-03-06,3.01,3.01,3.01,3.01,0,,,,,historical_baseline,,fe33df9ae5456d8ee27133c42c244c81d150008ababc19399c7ed428638b57ea
4180,2023-03-07,3.01,3.01,3.01,3.01,0,,,,,historical_baseline,,fe33df9ae5456d8ee27133c42c244c81d150008ababc19399c7ed428638b57ea
4180,2023-03-08,2.98,2.98,2.95,2.97,7920,,,,,historical_baseline,,fe33df9ae5456d8ee27133c42c244c81d150008ababc19399c7ed428638b57ea
4180,2023-03-09,2.97,2.97,2.97,2.97,0,,,,,historical_baseline,,fe33df9ae5456d8ee27133c42c244c81d150008ababc19399c7ed428638b57ea
4180,2023-03-12,2.97,2.97,2.97,2.97,0,,,,,historical_baseline,,fe33df9ae5456d8ee27133c42c244c81d150008ababc19399c7ed428638b57ea
4180,2023-03-13,2.97,2.97,2.97,2.97,0,,,,,historical_baseline,,fe33df9ae5456d8ee27133c42c244c81d150008ababc19399c7ed428638b57ea
4180,2023-03-14,2.96,2.96,2.91,2.92,32990,,,,,historical_baseline,,fe33df9ae5456d8ee27133c42c244c81d150008ababc19399c7ed428638b57ea
4180,2023-03-15,2.91,2.93,2.87,2.87,5600,,,,,historical_baseline,,fe33df9ae5456d8ee27133c42c244c81d150008ababc19399c7ed428638b57ea
4180,2023-03-16,2.83,2.86,2.8,2.8,5470,,,,,historical_baseline,,fe33df9ae5456d8ee27133c42c244c81d150008ababc19399c7ed428638b57ea
4180,2023-03-19,2.8,2.8,2.8,2.8,0,,,,,historical_baseline,,fe33df9ae5456d8ee27133c42c244c81d150008ababc19399c7ed428638b57ea
4180,2023-03-20,2.82,2.84,2.81,2.82,8000,,,,,historical_baseline,,fe33df9ae5456d8ee27133c42c244c81d150008ababc19399c7ed428638b57ea
4180,2023-03-21,2.82,2.88,2.82,2.87,20950,,,,,historical_baseline,,fe33df9ae5456d8ee27133c42c244c81d150008ababc19399c7ed428638b57ea
4180,2023-03-22,2.85,2.86,2.8,2.84,9960,,,,,historical_baseline,,fe33df9ae5456d8ee27133c42c244c81d150008ababc19399c7ed428638b57ea
4180,2023-03-23,2.81,2.81,2.79,2.79,8820,,,,,historical_baseline,,fe33df9ae5456d8ee27133c42c244c81d150008ababc19399c7ed428638b57ea
4180,2023-03-26,2.79,2.79,2.79,2.79,0,,,,,historical_baseline,,fe33df9ae5456d8ee27133c42c244c81d150008ababc19399c7ed428638b57ea
4180,2023-03-27,2.79,2.79,2.79,2.79,0,,,,,historical_baseline,,fe33df9ae5456d8ee27133c42c244c81d150008ababc19399c7ed428638b57ea
4180,2023-03-28,2.79,2.79,2.79,2.79,0,,,,,historical_baseline,,fe33df9ae5456d8ee27133c42c244c81d150008ababc19399c7ed428638b57ea
4180,2023-03-29,2.93,2.97,2.92,2.94,6670,,,,,historical_baseline,,fe33df9ae5456d8ee27133c42c244c81d150008ababc19399c7ed428638b57ea
4180,2023-03-30,2.95,2.95,2.91,2.92,8460,,,,,historical_baseline,,fe33df9ae5456d8ee27133c42c244c81d150008ababc19399c7ed428638b57ea
4190,2023-03-01,14.78,14.86,14.36,14.56,1220,,,,,historical_baseline,,fe33df9ae5456d8ee27133c42c244c81d150008ababc19399c7ed428638b57ea
4190,2023-03-02,14.58,15.04,14.58,14.98,1020,,,,,historical_baseline,,fe33df9ae5456d8ee27133c42c244c81d150008ababc19399c7ed428638b57ea
4190,2023-03-05,14.9,15.0,14.84,14.86,1570,,,,,historical_baseline,,fe33df9ae5456d8ee27133c42c244c81d150008ababc19399c7ed428638b57ea
4190,2023-03-06,14.86,14.86,14.86,14.86,0,,,,,historical_baseline,,fe33df9ae5456d8ee27133c42c244c81d150008ababc19399c7ed428638b57ea
4190,2023-03-07,14.86,14.86,14.86,14.86,0,,,,,historical_baseline,,fe33df9ae5456d8ee27133c42c244c81d150008ababc19399c7ed428638b57ea
4190,2023-03-08,14.56,14.58,14.44,14.48,10850,,,,,historical_baseline,,fe33df9ae5456d8ee27133c42c244c81d150008ababc19399c7ed428638b57ea
4190,2023-03-09,14.48,14.48,14.48,14.48,0,,,,,historical_baseline,,fe33df9ae5456d8ee27133c42c244c81d150008ababc19399c7ed428638b57ea
4190,2023-03-12,14.48,14.48,14.48,14.48,0,,,,,historical_baseline,,fe33df9ae5456d8ee27133c42c244c81d150008ababc19399c7ed428638b57ea
4190,2023-03-13,14.48,14.48,14.48,14.48,0,,,,,historical_baseline,,fe33df9ae5456d8ee27133c42c244c81d150008ababc19399c7ed428638b57ea
4190,2023-03-14,14.4,14.46,14.28,14.36,4990,,,,,historical_baseline,,fe33df9ae5456d8ee27133c42c244c81d150008ababc19399c7ed428638b57ea
4190,2023-03-15,14.5,14.98,14.48,14.78,6250,,,,,historical_baseline,,fe33df9ae5456d8ee27133c42c244c81d150008ababc19399c7ed428638b57ea
4190,2023-03-16,14.9,15.2,14.78,14.98,5430,,,,,historical_baseline,,fe33df9ae5456d8ee27133c42c244c81d150008ababc19399c7ed428638b57ea
4190,2023-03-19,14.98,14.98,14.98,14.98,0,,,,,historical_baseline,,fe33df9ae5456d8ee27133c42c244c81d150008ababc19399c7ed428638b57ea
4190,2023-03-20,15.0,15.06,14.86,15.04,1000,,,,,historical_baseline,,fe33df9ae5456d8ee27133c42c244c81d150008ababc19399c7ed428638b57ea
4190,2023-03-21,15.02,15.14,14.86,15.08,1050,,,,,historical_baseline,,fe33df9ae5456d8ee27133c42c244c81d150008ababc19399c7ed428638b57ea
4190,2023-03-22,14.96,15.32,14.86,15.3,4240,,,,,historical_baseline,,fe33df9ae5456d8ee27133c42c244c81d150008ababc19399c7ed428638b57ea
4190,2023-03-23,15.3,15.86,15.22,15.8,6420,,,,,historical_baseline,,fe33df9ae5456d8ee27133c42c244c81d150008ababc19399c7ed428638b57ea
4190,2023-03-26,15.8,15.8,15.8,15.8,0,,,,,historical_baseline,,fe33df9ae5456d8ee27133c42c244c81d150008ababc19399c7ed428638b57ea
4190,2023-03-27,15.8,15.8,15.8,15.8,0,,,,,historical_baseline,,fe33df9ae5456d8ee27133c42c244c81d150008ababc19399c7ed428638b57ea
4190,2023-03-28,15.8,15.8,15.8,15.8,0,,,,,historical_baseline,,fe33df9ae5456d8ee27133c42c244c81d150008ababc19399c7ed428638b57ea
4190,2023-03-29,16.24,16.58,16.22,16.52,23230,,,,,historical_baseline,,fe33df9ae5456d8ee27133c42c244c81d150008ababc19399c7ed428638b57ea
4190,2023-03-30,16.32,16.42,16.02,16.3,1220,,,,,historical_baseline,,fe33df9ae5456d8ee27133c42c244c81d150008ababc19399c7ed428638b57ea
4191,2023-03-01,26.45,27.0,26.45,26.9,669,,,,,historical_baseline,,fe33df9ae5456d8ee27133c42c244c81d150008ababc19399c7ed428638b57ea
4191,2023-03-02,27.0,27.2,26.75,26.75,5000,,,,,historical_baseline,,fe33df9ae5456d8ee27133c42c244c81d150008ababc19399c7ed428638b57ea
4191,2023-03-05,26.95,27.4,26.75,27.05,959,,,,,historical_baseline,,fe33df9ae5456d8ee27133c42c244c81d150008ababc19399c7ed428638b57ea
4191,2023-03-06,27.05,27.05,27.05,27.05,0,,,,,historical_baseline,,fe33df9ae5456d8ee27133c42c244c81d150008ababc19399c7ed428638b57ea
4191,2023-03-07,27.05,27.05,27.05,27.05,0,,,,,historical_baseline,,fe33df9ae5456d8ee27133c42c244c81d150008ababc19399c7ed428638b57ea
4191,2023-03-08,27.3,27.7,27.3,27.5,2222,,,,,historical_baseline,,fe33df9ae5456d8ee27133c42c244c81d150008ababc19399c7ed428638b57ea
4191,2023-03-09,27.5,27.5,27.5,27.5,0,,,,,historical_baseline,,fe33df9ae5456d8ee27133c42c244c81d150008ababc19399c7ed428638b57ea
4191,2023-03-12,27.5,27.5,27.5,27.5,0,,,,,historical_baseline,,fe33df9ae5456d8ee27133c42c244c81d150008ababc19399c7ed428638b57ea
4191,2023-03-13,27.5,27.5,27.5,27.5,0,,,,,historical_baseline,,fe33df9ae5456d8ee27133c42c244c81d150008ababc19399c7ed428638b57ea
4191,2023-03-14,28.0,28.3,27.5,27.8,700,,,,,historical_baseline,,fe33df9ae5456d8ee27133c42c244c81d150008ababc19399c7ed428638b57ea
4191,2023-03-15,27.85,28.3,27.3,27.35,938,,,,,historical_baseline,,fe33df9ae5456d8ee27133c42c244c81d150008ababc19399c7ed428638b57ea
4191,2023-03-16,27.2,27.55,27.0,27.35,2500,,,,,historical_baseline,,fe33df9ae5456d8ee27133c42c244c81d150008ababc19399c7ed428638b57ea
4191,2023-03-19,27.35,27.35,27.35,27.35,0,,,,,historical_baseline,,fe33df9ae5456d8ee27133c42c244c81d150008ababc19399c7ed428638b57ea
4191,2023-03-20,27.15,27.6,27.15,27.3,655,,,,,historical_baseline,,fe33df9ae5456d8ee27133c42c244c81d150008ababc19399c7ed428638b57ea
4191,2023-03-21,27.5,28.15,27.35,28.0,903,,,,,historical_baseline,,fe33df9ae5456d8ee27133c42c244c81d150008ababc19399c7ed428638b57ea
4191,2023-03-22,28.1,28.4,27.85,28.05,650,,,,,historical_baseline,,fe33df9ae5456d8ee27133c42c244c81d150008ababc19399c7ed428638b57ea
4191,2023-03-23,27.7,28.05,27.65,27.8,1235,,,,,historical_baseline,,fe33df9ae5456d8ee27133c42c244c81d150008ababc19399c7ed428638b57ea
4191,2023-03-26,27.8,27.8,27.8,27.8,0,,,,,historical_baseline,,fe33df9ae5456d8ee27133c42c244c81d150008ababc19399c7ed428638b57ea
4191,2023-03-27,27.8,27.8,27.8,27.8,0,,,,,historical_baseline,,fe33df9ae5456d8ee27133c42c244c81d150008ababc19399c7ed428638b57ea
4191,2023-03-28,27.8,27.8,27.8,27.8,0,,,,,historical_baseline,,fe33df9ae5456d8ee27133c42c244c81d150008ababc19399c7ed428638b57ea
4191,2023-03-29,29.15,31.7,28.85,29.9,5247,,,,,historical_baseline,,fe33df9ae5456d8ee27133c42c244c81d150008ababc19399c7ed428638b57ea
4191,2023-03-30,30.0,30.6,29.25,29.35,530,,,,,historical_baseline,,fe33df9ae5456d8ee27133c42c244c81d150008ababc19399c7ed428638b57ea
4200,2023-03-01,84.5,85.0,84.5,84.9,352,,,,,historical_baseline,,fe33df9ae5456d8ee27133c42c244c81d150008ababc19399c7ed428638b57ea
4200,2023-03-02,85.1,85.2,84.4,84.9,179,,,,,historical_baseline,,fe33df9ae5456d8ee27133c42c244c81d150008ababc19399c7ed428638b57ea
4200,2023-03-05,85.0,85.2,84.7,84.8,200,,,,,historical_baseline,,fe33df9ae5456d8ee27133c42c244c81d150008ababc19399c7ed428638b57ea
4200,2023-03-06,84.8,84.8,84.8,84.8,0,,,,,historical_baseline,,fe33df9ae5456d8ee27133c42c244c81d150008ababc19399c7ed428638b57ea
4200,2023-03-07,84.8,84.8,84.8,84.8,0,,,,,historical_baseline,,fe33df9ae5456d8ee27133c42c244c81d150008ababc19399c7ed428638b57ea
4200,2023-03-08,85.0,85.4,84.9,85.0,881,,,,,historical_baseline,,fe33df9ae5456d8ee27133c42c244c81d150008ababc19399c7ed428638b57ea
4200,2023-03-09,85.0,85.0,85.0,85.0,0,,,,,historical_baseline,,fe33df9ae5456d8ee27133c42c244c81d150008ababc19399c7ed428638b57ea
4200,2023-03-12,88.0,89.4,86.5,88.9,246,,,,,historical_baseline,,fe33df9ae5456d8ee27133c42c244c81d150008ababc19399c7ed428638b57ea
4200,2023-03-13,88.9,88.9,88.9,88.9,0,,,,,historical_baseline,,fe33df9ae5456d8ee27133c42c244c81d150008ababc19399c7ed428638b57ea
4200,2023-03-14,88.3,88.9,87.4,88.0,3687,,,,,historical_baseline,,fe33df9ae5456d8ee27133c42c244c81d150008ababc19399c7ed428638b57ea
4200,2023-03-15,88.0,88.6,87.9,88.2,191,,,,,historical_baseline,,fe33df9ae5456d8ee27133c42c244c81d150008ababc19399c7ed428638b57ea
4200,2023-03-16,88.6,88.6,86.9,88.0,283,,,,,historical_baseline,,fe33df9ae5456d8ee27133c42c244c81d150008ababc19399c7ed428638b57ea
4200,2023-03-19,88.0,88.0,88.0,88.0,0,,,,,historical_baseline,,fe33df9ae5456d8ee27133c42c244c81d150008ababc19399c7ed428638b57ea
4200,2023-03-20,89.0,89.3,87.3,87.9,394,,,,,historical_baseline,,fe33df9ae5456d8ee27133c42c244c81d150008ababc19399c7ed428638b57ea
4200,2023-03-21,87.8,88.7,87.8,88.5,11150,,,,,historical_baseline,,fe33df9ae5456d8ee27133c42c244c81d150008ababc19399c7ed428638b57ea
4200,2023-03-22,88.5,90.6,88.3,90.0,896,,,,,historical_baseline,,fe33df9ae5456d8ee27133c42c244c81d150008ababc19399c7ed428638b57ea
4200,2023-03-23,89.6,91.6,89.4,90.2,1067,,,,,historical_baseline,,fe33df9ae5456d8ee27133c42c244c81d150008ababc19399c7ed428638b57ea
4200,2023-03-26,90.2,90.2,90.2,90.2,0,,,,,historical_baseline,,fe33df9ae5456d8ee27133c42c244c81d150008ababc19399c7ed428638b57ea
4200,2023-03-27,90.2,90.2,90.2,90.2,0,,,,,historical_baseline,,fe33df9ae5456d8ee27133c42c244c81d150008ababc19399c7ed428638b57ea
4200,2023-03-28,90.2,90.2,90.2,90.2,0,,,,,historical_baseline,,fe33df9ae5456d8ee27133c42c244c81d150008ababc19399c7ed428638b57ea
4200,2023-03-29,94.1,94.1,92.9,93.6,1943,,,,,historical_baseline,,fe33df9ae5456d8ee27133c42c244c81d150008ababc19399c7ed428638b57ea
4200,2023-03-30,93.3,95.3,92.6,94.9,160,,,,,historical_baseline,,fe33df9ae5456d8ee27133c42c244c81d150008ababc19399c7ed428638b57ea
4210,2023-03-01,187.6,194.2,187.0,194.0,96,,,,,historical_baseline,,fe33df9ae5456d8ee27133c42c244c81d150008ababc19399c7ed428638b57ea
4210,2023-03-02,193.0,195.6,191.2,191.2,171,,,,,historical_baseline,,fe33df9ae5456d8ee27133c42c244c81d150008ababc19399c7ed428638b57ea
4210,2023-03-05,193.8,193.8,193.0,193.0,309,,,,,historical_baseline,,fe33df9ae5456d8ee27133c42c244c81d150008ababc19399c7ed428638b57ea
4210,2023-03-06,193.0,193.0,193.0,193.0,0,,,,,historical_baseline,,fe33df9ae5456d8ee27133c42c244c81d150008ababc19399c7ed428638b57ea
4210,2023-03-07,193.0,193.0,193.0,193.0,0,,,,,historical_baseline,,fe33df9ae5456d8ee27133c42c244c81d150008ababc19399c7ed428638b57ea
4210,2023-03-08,192.6,194.4,192.6,194.2,141,,,,,historical_baseline,,fe33df9ae5456d8ee27133c42c244c81d150008ababc19399c7ed428638b57ea
4210,2023-03-09,194.2,194.2,194.2,194.2,0,,,,,historical_baseline,,fe33df9ae5456d8ee27133c42c244c81d150008ababc19399c7ed428638b57ea
4210,2023-03-12,194.2,194.2,194.2,194.2,0,,,,,historical_baseline,,fe33df9ae5456d8ee27133c42c244c81d150008ababc19399c7ed428638b57ea
4210,2023-03-13,194.2,194.2,194.2,194.2,0,,,,,historical_baseline,,fe33df9ae5456d8ee27133c42c244c81d150008ababc19399c7ed428638b57ea
4210,2023-03-14,189.8,189.8,186.0,186.6,119,,,,,historical_baseline,,fe33df9ae5456d8ee27133c42c244c81d150008ababc19399c7ed428638b57ea
4210,2023-03-15,186.0,190.8,184.2,187.2,100,,,,,historical_baseline,,fe33df9ae5456d8ee27133c42c244c81d150008ababc19399c7ed428638b57ea
4210,2023-03-16,186.0,188.2,184.8,184.8,145,,,,,historical_baseline,,fe33df9ae5456d8ee27133c42c244c81d150008ababc19399c7ed428638b57ea
4210,2023-03-19,184.8,184.8,184.8,184.8,0,,,,,historical_baseline,,fe33df9ae5456d8ee27133c42c244c81d150008ababc19399c7ed428638b57ea
4210,2023-03-20,185.6,189.0,185.0,189.0,224,,,,,historical_baseline,,fe33df9ae5456d8ee27133c42c244c81d150008ababc19399c7ed428638b57ea
4210,2023-03-21,189.0,189.0,186.6,186.6,153,,,,,historical_baseline,,fe33df9ae5456d8ee27133c42c244c81d150008ababc19399c7ed428638b57ea
4210,2023-03-22,188.4,192.0,187.8,192.0,201,,,,,historical_baseline,,fe33df9ae5456d8ee27133c42c244c81d150008ababc19399c7ed428638b57ea
4210,2023-03-23,191.4,191.4,188.6,190.2,86,,,,,historical_baseline,,fe33df9ae5456d8ee27133c42c244c81d150008ababc19399c7ed428638b57ea
4210,2023-03-26,190.2,190.2,190.2,190.2,0,,,,,historical_baseline,,fe33df9ae5456d8ee27133c42c244c81d150008ababc19399c7ed428638b57ea
4210,2023-03-27,190.2,190.2,190.2,190.2,0,,,,,historical_baseline,,fe33df9ae5456d8ee27133c42c244c81d150008ababc19399c7ed428638b57ea
4210,2023-03-28,190.2,190.2,190.2,190.2,0,,,,,historical_baseline,,fe33df9ae5456d8ee27133c42c244c81d150008ababc19399c7ed428638b57ea
4210,2023-03-29,198.0,204.2,197.0,200.0,1379,,,,,historical_baseline,,fe33df9ae5456d8ee27133c42c244c81d150008ababc19399c7ed428638b57ea
4210,2023-03-30,200.4,200.4,196.0,197.2,77,,,,,historical_baseline,,fe33df9ae5456d8ee27133c42c244c81d150008ababc19399c7ed428638b57ea
4220,2023-03-01,7.54,7.61,7.45,7.45,3019,,,,,historical_baseline,,fe33df9ae5456d8ee27133c42c244c81d150008ababc19399c7ed428638b57ea
4220,2023-03-02,7.45,7.58,7.43,7.58,3000,,,,,historical_baseline,,fe33df9ae5456d8ee27133c42c244c81d150008ababc19399c7ed428638b57ea
4220,2023-03-05,7.55,7.56,7.5,7.5,12189,,,,,historical_baseline,,fe33df9ae5456d8ee27133c42c244c81d150008ababc19399c7ed428638b57ea
4220,2023-03-06,7.5,7.5,7.5,7.5,0,,,,,historical_baseline,,fe33df9ae5456d8ee27133c42c244c81d150008ababc19399c7ed428638b57ea
4220,2023-03-07,7.5,7.5,7.5,7.5,0,,,,,historical_baseline,,fe33df9ae5456d8ee27133c42c244c81d150008ababc19399c7ed428638b57ea
4220,2023-03-08,7.6,7.6,7.5,7.52,14950,,,,,historical_baseline,,fe33df9ae5456d8ee27133c42c244c81d150008ababc19399c7ed428638b57ea
4220,2023-03-09,7.52,7.52,7.52,7.52,0,,,,,historical_baseline,,fe33df9ae5456d8ee27133c42c244c81d150008ababc19399c7ed428638b57ea
4220,2023-03-12,7.52,7.52,7.52,7.52,0,,,,,historical_baseline,,fe33df9ae5456d8ee27133c42c244c81d150008ababc19399c7ed428638b57ea
4220,2023-03-13,7.52,7.52,7.52,7.52,0,,,,,historical_baseline,,fe33df9ae5456d8ee27133c42c244c81d150008ababc19399c7ed428638b57ea
4220,2023-03-14,7.68,7.83,7.6,7.6,2929,,,,,historical_baseline,,fe33df9ae5456d8ee27133c42c244c81d150008ababc19399c7ed428638b57ea
4220,2023-03-15,7.57,7.57,7.32,7.32,2150,,,,,historical_baseline,,fe33df9ae5456d8ee27133c42c244c81d150008ababc19399c7ed428638b57ea
4220,2023-03-16,7.32,7.39,7.28,7.3,2900,,,,,historical_baseline,,fe33df9ae5456d8ee27133c42c244c81d150008ababc19399c7ed428638b57ea
4220,2023-03-19,7.3,7.3,7.3,7.3,0,,,,,historical_baseline,,fe33df9ae5456d8ee27133c42c244c81d150008ababc19399c7ed428638b57ea
4220,2023-03-20,7.44,7.44,7.33,7.4,4126,,,,,historical_baseline,,fe33df9ae5456d8ee27133c42c244c81d150008ababc19399c7ed428638b57ea
4220,2023-03-21,7.4,7.49,7.39,7.45,2181,,,,,historical_baseline,,fe33df9ae5456d8ee27133c42c244c81d150008ababc19399c7ed428638b57ea
4220,2023-03-22,7.47,7.49,7.4,7.4,5259,,,,,historical_baseline,,fe33df9ae5456d8ee27133c42c244c81d150008ababc19399c7ed428638b57ea
4220,2023-03-23,7.34,7.39,7.34,7.34,10018,,,,,historical_baseline,,fe33df9ae5456d8ee27133c42c244c81d150008ababc19399c7ed428638b57ea
4220,2023-03-26,7.34,7.34,7.34,7.34,0,,,,,historical_baseline,,fe33df9ae5456d8ee27133c42c244c81d150008ababc19399c7ed428638b57ea
4220,2023-03-27,7.34,7.34,7.34,7.34,0,,,,,historical_baseline,,fe33df9ae5456d8ee27133c42c244c81d150008ababc19399c7ed428638b57ea
4220,2023-03-28,7.34,7.34,7.34,7.34,0,,,,,historical_baseline,,fe33df9ae5456d8ee27133c42c244c81d150008ababc19399c7ed428638b57ea
4220,2023-03-29,8.22,8.29,8.05,8.2,3592,,,,,historical_baseline,,fe33df9ae5456d8ee27133c42c244c81d150008ababc19399c7ed428638b57ea
4220,2023-03-30,8.18,8.21,8.02,8.06,5900,,,,,historical_baseline,,fe33df9ae5456d8ee27133c42c244c81d150008ababc19399c7ed428638b57ea
4230,2023-03-01,26.15,27.2,26.0,26.4,579,,,,,historical_baseline,,fe33df9ae5456d8ee27133c42c244c81d150008ababc19399c7ed428638b57ea
4230,2023-03-02,26.4,26.55,26.15,26.2,1000,,,,,historical_baseline,,fe33df9ae5456d8ee27133c42c244c81d150008ababc19399c7ed428638b57ea
4230,2023-03-05,26.5,26.5,26.2,26.35,1310,,,,,historical_baseline,,fe33df9ae5456d8ee27133c42c244c81d150008ababc19399c7ed428638b57ea
4230,2023-03-06,26.35,26.35,26.35,26.35,0,,,,,historical_baseline,,fe33df9ae5456d8ee27133c42c244c81d150008ababc19399c7ed428638b57ea
4230,2023-03-07,26.35,26.35,26.35,26.35,0,,,,,historical_baseline,,fe33df9ae5456d8ee27133c42c244c81d150008ababc19399c7ed428638b57ea
4230,2023-03-08,26.2,26.2,25.7,25.7,1200,,,,,historical_baseline,,fe33df9ae5456d8ee27133c42c244c81d150008ababc19399c7ed428638b57ea
4230,2023-03-09,25.7,25.7,25.7,25.7,0,,,,,historical_baseline,,fe33df9ae5456d8ee27133c42c244c81d150008ababc19399c7ed428638b57ea
4230,2023-03-12,25.7,25.7,25.7,25.7,0,,,,,historical_baseline,,fe33df9ae5456d8ee27133c42c244c81d150008ababc19399c7ed428638b57ea
4230,2023-03-13,25.7,25.7,25.7,25.7,0,,,,,historical_baseline,,fe33df9ae5456d8ee27133c42c244c81d150008ababc19399c7ed428638b57ea
4230,2023-03-14,26.3,26.65,25.8,25.9,618,,,,,historical_baseline,,fe33df9ae5456d8ee27133c42c244c81d150008ababc19399c7ed428638b57ea
4230,2023-03-15,25.85,25.85,25.15,25.2,1500,,,,,historical_baseline,,fe33df9ae5456d8ee27133c42c244c81d150008ababc19399c7ed428638b57ea
4230,2023-03-16,25.2,25.2,24.7,24.74,665,,,,,historical_baseline,,fe33df9ae5456d8ee27133c42c244c81d150008ababc19399c7ed428638b57ea
4230,2023-03-19,24.74,24.74,24.74,24.74,0,,,,,historical_baseline,,fe33df9ae5456d8ee27133c42c244c81d150008ababc19399c7ed428638b57ea
4230,2023-03-20,24.68,27.15,24.68,25.7,1105,,,,,historical_baseline,,fe33df9ae5456d8ee27133c42c244c81d150008ababc19399c7ed428638b57ea
4230,2023-03-21,25.7,26.1,25.55,25.8,3480,,,,,historical_baseline,,fe33df9ae5456d8ee27133c42c244c81d150008ababc19399c7ed428638b57ea
4230,2023-03-22,25.85,26.6,25.6,25.7,1000,,,,,historical_baseline,,fe33df9ae5456d8ee27133c42c244c81d150008ababc19399c7ed428638b57ea
4230,2023-03-23,25.7,25.7,25.15,25.45,944,,,,,historical_baseline,,fe33df9ae5456d8ee27133c42c244c81d150008ababc19399c7ed428638b57ea
4230,2023-03-26,25.45,25.45,25.45,25.45,0,,,,,historical_baseline,,fe33df9ae5456d8ee27133c42c244c81d150008ababc19399c7ed428638b57ea
4230,2023-03-27,25.45,25.45,25.45,25.45,0,,,,,historical_baseline,,fe33df9ae5456d8ee27133c42c244c81d150008ababc19399c7ed428638b57ea
4230,2023-03-28,25.45,25.45,25.45,25.45,0,,,,,historical_baseline,,fe33df9ae5456d8ee27133c42c244c81d150008ababc19399c7ed428638b57ea
4230,2023-03-29,26.2,26.6,26.0,26.15,715,,,,,historical_baseline,,fe33df9ae5456d8ee27133c42c244c81d150008ababc19399c7ed428638b57ea
4230,2023-03-30,25.2,25.3,24.5,25.15,1000,,,,,historical_baseline,,fe33df9ae5456d8ee27133c42c244c81d150008ababc19399c7ed428638b57ea
4240,2023-03-01,14.6,15.24,14.6,14.96,2500,,,,,historical_baseline,,fe33df9ae5456d8ee27133c42c244c81d150008ababc19399c7ed428638b57ea
4240,2023-03-02,14.98,15.1,14.82,14.86,1500,,,,,historical_baseline,,fe33df9ae5456d8ee27133c42c244c81d150008ababc19399c7ed428638b57ea
4240,2023-03-05,14.9,15.26,14.86,14.98,1500,,,,,historical_baseline,,fe33df9ae5456d8ee27133c42c244c81d150008ababc19399c7ed428638b57ea
4240,2023-03-06,14.98,14.98,14.98,14.98,0,,,,,historical_baseline,,fe33df9ae5456d8ee27133c42c244c81d150008ababc19399c7ed428638b57ea
4240,2023-03-07,14.98,14.98,14.98,14.98,0,,,,,historical_baseline,,fe33df9ae5456d8ee27133c42c244c81d150008ababc19399c7ed428638b57ea
4240,2023-03-08,14.9,14.92,14.6,14.88,2000,,,,,historical_baseline,,fe33df9ae5456d8ee27133c42c244c81d150008ababc19399c7ed428638b57ea
4240,2023-03-09,14.88,14.88,14.88,14.88,0,,,,,historical_baseline,,fe33df9ae5456d8ee27133c42c244c81d150008ababc19399c7ed428638b57ea
4240,2023-03-12,14.88,14.88,14.88,14.88,0,,,,,historical_baseline,,fe33df9ae5456d8ee27133c42c244c81d150008ababc19399c7ed428638b57ea
4240,2023-03-13,14.88,14.88,14.88,14.88,0,,,,,historical_baseline,,fe33df9ae5456d8ee27133c42c244c81d150008ababc19399c7ed428638b57ea
4240,2023-03-14,15.12,15.26,15.0,15.08,1000,,,,,historical_baseline,,fe33df9ae5456d8ee27133c42c244c81d150008ababc19399c7ed428638b57ea
4240,2023-03-15,14.96,15.12,14.56,14.56,10000,,,,,historical_baseline,,fe33df9ae5456d8ee27133c42c244c81d150008ababc19399c7ed428638b57ea
4240,2023-03-16,14.56,14.56,14.36,14.36,1778,,,,,historical_baseline,,fe33df9ae5456d8ee27133c42c244c81d150008ababc19399c7ed428638b57ea
4240,2023-03-19,14.36,14.36,14.36,14.36,0,,,,,historical_baseline,,fe33df9ae5456d8ee27133c42c244c81d150008ababc19399c7ed428638b57ea
4240,2023-03-20,14.3,14.72,14.3,14.72,4863,,,,,historical_baseline,,fe33df9ae5456d8ee27133c42c244c81d150008ababc19399c7ed428638b57ea
4240,2023-03-21,14.76,14.96,14.74,14.82,1270,,,,,historical_baseline,,fe33df9ae5456d8ee27133c42c244c81d150008ababc19399c7ed428638b57ea
4240,2023-03-22,14.84,14.92,14.64,14.72,2000,,,,,historical_baseline,,fe33df9ae5456d8ee27133c42c244c81d150008ababc19399c7ed428638b57ea
4240,2023-03-23,14.72,15.04,14.58,14.64,2000,,,,,historical_baseline,,fe33df9ae5456d8ee27133c42c244c81d150008ababc19399c7ed428638b57ea
4240,2023-03-26,14.64,14.64,14.64,14.64,0,,,,,historical_baseline,,fe33df9ae5456d8ee27133c42c244c81d150008ababc19399c7ed428638b57ea
4240,2023-03-27,14.64,14.64,14.64,14.64,0,,,,,historical_baseline,,fe33df9ae5456d8ee27133c42c244c81d150008ababc19399c7ed428638b57ea
4240,2023-03-28,14.64,14.64,14.64,14.64,0,,,,,historical_baseline,,fe33df9ae5456d8ee27133c42c244c81d150008ababc19399c7ed428638b57ea
4240,2023-03-29,15.38,15.4,15.14,15.18,965,,,,,historical_baseline,,fe33df9ae5456d8ee27133c42c244c81d150008ababc19399c7ed428638b57ea
4240,2023-03-30,15.22,15.22,15.04,15.16,1000,,,,,historical_baseline,,fe33df9ae5456d8ee27133c42c244c81d150008ababc19399c7ed428638b57ea
4250,2023-03-01,17.72,17.86,17.58,17.74,1967,,,,,historical_baseline,,fe33df9ae5456d8ee27133c42c244c81d150008ababc19399c7ed428638b57ea
4250,2023-03-02,17.7,18.0,17.7,17.98,955,,,,,historical_baseline,,fe33df9ae5456d8ee27133c42c244c81d150008ababc19399c7ed428638b57ea
4250,2023-03-05,18.0,18.22,18.0,18.1,2000,,,,,historical_baseline,,fe33df9ae5456d8ee27133c42c244c81d150008ababc19399c7ed428638b57ea
4250,2023-03-06,18.1,18.1,18.1,18.1,0,,,,,historical_baseline,,fe33df9ae5456d8ee27133c42c244c81d150008ababc19399c7ed428638b57ea
4250,2023-03-07,18.1,18.1,18.1,18.1,0,,,,,historical_baseline,,fe33df9ae5456d8ee27133c42c244c81d150008ababc19399c7ed428638b57ea
4250,2023-03-08,18.3,18.44,18.2,18.26,1300,,,,,historical_baseline,,fe33df9ae5456d8ee27133c42c244c81d150008ababc19399c7ed428638b57ea
4250,2023-03-09,18.26,18.26,18.26,18.26,0,,,,,historical_baseline,,fe33df9ae5456d8ee27133c42c244c81d150008ababc19399c7ed428638b57ea
4250,2023-03-12,18.26,18.26,18.26,18.26,0,,,,,historical_baseline,,fe33df9ae5456d8ee27133c42c244c81d150008ababc19399c7ed428638b57ea
4250,2023-03-13,18.26,18.26,18.26,18.26,0,,,,,historical_baseline,,fe33df9ae5456d8ee27133c42c244c81d150008ababc19399c7ed428638b57ea
4250,2023-03-14,19.24,20.58,19.24,20.12,1000,,,,,historical_baseline,,fe33df9ae5456d8ee27133c42c244c81d150008ababc19399c7ed428638b57ea
4250,2023-03-15,20.0,20.08,18.9,18.9,1000,,,,,historical_baseline,,fe33df9ae5456d8ee27133c42c244c81d150008ababc19399c7ed428638b57ea
4250,2023-03-16,18.9,19.58,18.78,19.08,1766,,,,,historical_baseline,,fe33df9ae5456d8ee27133c42c244c81d150008ababc19399c7ed428638b57ea
4250,2023-03-19,19.08,19.08,19.08,19.08,0,,,,,historical_baseline,,fe33df9ae5456d8ee27133c42c244c81d150008ababc19399c7ed428638b57ea
4250,2023-03-20,20.36,20.6,19.74,19.88,2000,,,,,historical_baseline,,fe33df9ae5456d8ee27133c42c244c81d150008ababc19399c7ed428638b57ea
4250,2023-03-21,20.0,20.28,19.9,19.96,1000,,,,,historical_baseline,,fe33df9ae5456d8ee27133c42c244c81d150008ababc19399c7ed428638b57ea
4250,2023-03-22,20.02,20.12,19.66,19.72,1011,,,,,historical_baseline,,fe33df9ae5456d8ee27133c42c244c81d150008ababc19399c7ed428638b57ea
4250,2023-03-23,19.62,20.28,19.56,20.08,1675,,,,,historical_baseline,,fe33df9ae5456d8ee27133c42c244c81d150008ababc19399c7ed428638b57ea
4250,2023-03-26,20.08,20.08,20.08,20.08,0,,,,,historical_baseline,,fe33df9ae5456d8ee27133c42c244c81d150008ababc19399c7ed428638b57ea
4250,2023-03-27,20.08,20.08,20.08,20.08,0,,,,,historical_baseline,,fe33df9ae5456d8ee27133c42c244c81d150008ababc19399c7ed428638b57ea
4250,2023-03-28,20.08,20.08,20.08,20.08,0,,,,,historical_baseline,,fe33df9ae5456d8ee27133c42c244c81d150008ababc19399c7ed428638b57ea
4250,2023-03-29,20.1,20.22,20.0,20.02,1816,,,,,historical_baseline,,fe33df9ae5456d8ee27133c42c244c81d150008ababc19399c7ed428638b57ea
4250,2023-03-30,20.06,20.14,19.92,19.92,3000,,,,,historical_baseline,,fe33df9ae5456d8ee27133c42c244c81d150008ababc19399c7ed428638b57ea
4260,2023-03-01,54.5,55.6,54.1,55.6,1274,,,,,historical_baseline,,fe33df9ae5456d8ee27133c42c244c81d150008ababc19399c7ed428638b57ea
4260,2023-03-02,55.4,56.2,55.2,55.5,663,,,,,historical_baseline,,fe33df9ae5456d8ee27133c42c244c81d150008ababc19399c7ed428638b57ea
4260,2023-03-05,56.0,57.5,56.0,57.3,350,,,,,historical_baseline,,fe33df9ae5456d8ee27133c42c244c81d150008ababc19399c7ed428638b57ea
4260,2023-03-06,57.3,57.3,57.3,57.3,0,,,,,historical_baseline,,fe33df9ae5456d8ee27133c42c244c81d150008ababc19399c7ed428638b57ea
4260,2023-03-07,57.3,57.3,57.3,57.3,0,,,,,historical_baseline,,fe33df9ae5456d8ee27133c42c244c81d150008ababc19399c7ed428638b57ea
4260,2023-03-08,57.6,58.7,56.4,58.2,5000,,,,,historical_baseline,,fe33df9ae5456d8ee27133c42c244c81d150008ababc19399c7ed428638b57ea
4260,2023-03-09,58.2,58.2,58.2,58.2,0,,,,,historical_baseline,,fe33df9ae5456d8ee27133c42c244c81d150008ababc19399c7ed428638b57ea
4260,2023-03-12,58.2,58.2,58.2,58.2,0,,,,,historical_baseline,,fe33df9ae5456d8ee27133c42c244c81d150008ababc19399c7ed428638b57ea
4260,2023-03-13,58.2,58.2,58.2,58.2,0,,,,,historical_baseline,,fe33df9ae5456d8ee27133c42c244c81d150008ababc19399c7ed428638b57ea
4260,2023-03-14,56.1,57.0,55.8,56.5,309,,,,,historical_baseline,,fe33df9ae5456d8ee27133c42c244c81d150008ababc19399c7ed428638b57ea
4260,2023-03-15,57.0,57.1,56.4,56.7,358,,,,,historical_baseline,,fe33df9ae5456d8ee27133c42c244c81d150008ababc19399c7ed428638b57ea
4260,2023-03-16,56.3,56.5,55.9,56.5,1618,,,,,historical_baseline,,fe33df9ae5456d8ee27133c42c244c81d150008ababc19399c7ed428638b57ea
4260,2023-03-19,56.5,56.5,56.5,56.5,0,,,,,historical_baseline,,fe33df9ae5456d8ee27133c42c244c81d150008ababc19399c7ed428638b57ea
4260,2023-03-20,56.1,56.5,54.9,55.3,671,,,,,historical_baseline,,fe33df9ae5456d8ee27133c42c244c81d150008ababc19399c7ed428638b57ea
4260,2023-03-21,55.2,57.1,55.2,57.0,780,,,,,historical_baseline,,fe33df9ae5456d8ee27133c42c244c81d150008ababc19399c7ed428638b57ea
4260,2023-03-22,57.4,58.2,57.2,58.0,578,,,,,historical_baseline,,fe33df9ae5456d8ee27133c42c244c81d150008ababc19399c7ed428638b57ea
4260,2023-03-23,58.1,59.3,57.0,57.0,2484,,,,,historical_baseline,,fe33df9ae5456d8ee27133c42c244c81d150008ababc19399c7ed428638b57ea
4260,2023-03-26,57.0,57.0,57.0,57.0,0,,,,,historical_baseline,,fe33df9ae5456d8ee27133c42c244c81d150008ababc19399c7ed428638b57ea
4260,2023-03-27,57.0,57.0,57.0,57.0,0,,,,,historical_baseline,,fe33df9ae5456d8ee27133c42c244c81d150008ababc19399c7ed428638b57ea
4260,2023-03-28,57.0,57.0,57.0,57.0,0,,,,,historical_baseline,,fe33df9ae5456d8ee27133c42c244c81d150008ababc19399c7ed428638b57ea
4260,2023-03-29,59.0,59.0,56.8,57.0,2263,,,,,historical_baseline,,fe33df9ae5456d8ee27133c42c244c81d150008ababc19399c7ed428638b57ea
4260,2023-03-30,57.1,58.2,57.0,58.2,872,,,,,historical_baseline,,fe33df9ae5456d8ee27133c42c244c81d150008ababc19399c7ed428638b57ea
4261,2023-03-01,76.7,78.5,76.0,78.2,426,,,,,historical_baseline,,fe33df9ae5456d8ee27133c42c244c81d150008ababc19399c7ed428638b57ea
4261,2023-03-02,78.0,78.2,77.4,77.4,500,,,,,historical_baseline,,fe33df9ae5456d8ee27133c42c244c81d150008ababc19399c7ed428638b57ea
4261,2023-03-05,77.7,79.1,77.7,78.4,3434,,,,,historical_baseline,,fe33df9ae5456d8ee27133c42c244c81d150008ababc19399c7ed428638b57ea
4261,2023-03-06,78.4,78.4,78.4,78.4,0,,,,,historical_baseline,,fe33df9ae5456d8ee27133c42c244c81d150008ababc19399c7ed428638b57ea
4261,2023-03-07,78.4,78.4,78.4,78.4,0,,,,,historical_baseline,,fe33df9ae5456d8ee27133c42c244c81d150008ababc19399c7ed428638b57ea
4261,2023-03-08,79.9,81.0,77.4,79.0,229,,,,,historical_baseline,,fe33df9ae5456d8ee27133c42c244c81d150008ababc19399c7ed428638b57ea
4261,2023-03-09,79.0,79.0,79.0,79.0,0,,,,,historical_baseline,,fe33df9ae5456d8ee27133c42c244c81d150008ababc19399c7ed428638b57ea
4261,2023-03-12,79.0,79.0,79.0,79.0,0,,,,,historical_baseline,,fe33df9ae5456d8ee27133c42c244c81d150008ababc19399c7ed428638b57ea
4261,2023-03-13,79.0,79.0,79.0,79.0,0,,,,,historical_baseline,,fe33df9ae5456d8ee27133c42c244c81d150008ababc19399c7ed428638b57ea
4261,2023-03-14,74.5,77.0,74.0,76.5,343,,,,,historical_baseline,,fe33df9ae5456d8ee27133c42c244c81d150008ababc19399c7ed428638b57ea
4261,2023-03-15,74.6,75.0,73.8,74.5,388,,,,,historical_baseline,,fe33df9ae5456d8ee27133c42c244c81d150008ababc19399c7ed428638b57ea
4261,2023-03-16,74.3,76.8,73.6,76.0,238,,,,,historical_baseline,,fe33df9ae5456d8ee27133c42c244c81d150008ababc19399c7ed428638b57ea
4261,2023-03-19,76.0,76.0,76.0,76.0,0,,,,,historical_baseline,,fe33df9ae5456d8ee27133c42c244c81d150008ababc19399c7ed428638b57ea
4261,2023-03-20,75.5,77.9,75.5,75.9,920,,,,,historical_baseline,,fe33df9ae5456d8ee27133c42c244c81d150008ababc19399c7ed428638b57ea
4261,2023-03-21,76.9,78.1,76.2,77.6,521,,,,,historical_baseline,,fe33df9ae5456d8ee27133c42c244c81d150008ababc19399c7ed428638b57ea
4261,2023-03-22,77.5,77.5,75.3,75.4,199,,,,,historical_baseline,,fe33df9ae5456d8ee27133c42c244c81d150008ababc19399c7ed428638b57ea
4261,2023-03-23,76.0,77.5,75.8,77.0,342,,,,,historical_baseline,,fe33df9ae5456d8ee27133c42c244c81d150008ababc19399c7ed428638b57ea
4261,2023-03-26,77.0,77.0,77.0,77.0,0,,,,,historical_baseline,,fe33df9ae5456d8ee27133c42c244c81d150008ababc19399c7ed428638b57ea
4261,2023-03-27,77.0,77.0,77.0,77.0,0,,,,,historical_baseline,,fe33df9ae5456d8ee27133c42c244c81d150008ababc19399c7ed428638b57ea
4261,2023-03-28,77.0,77.0,77.0,77.0,0,,,,,historical_baseline,,fe33df9ae5456d8ee27133c42c244c81d150008ababc19399c7ed428638b57ea
4261,2023-03-29,77.0,77.0,77.0,77.0,0,,,,,historical_baseline,,fe33df9ae5456d8ee27133c42c244c81d150008ababc19399c7ed428638b57ea
4261,2023-03-30,78.0,79.8,77.5,78.4,285,,,,,historical_baseline,,fe33df9ae5456d8ee27133c42c244c81d150008ababc19399c7ed428638b57ea
4270,2023-03-01,17.0,17.12,17.0,17.04,940,,,,,historical_baseline,,fe33df9ae5456d8ee27133c42c244c81d150008ababc19399c7ed428638b57ea
4270,2023-03-02,17.2,17.34,17.1,17.2,1000,,,,,historical_baseline,,fe33df9ae5456d8ee27133c42c244c81d150008ababc19399c7ed428638b57ea
4270,2023-03-05,17.26,17.26,17.14,17.24,1000,,,,,historical_baseline,,fe33df9ae5456d8ee27133c42c244c81d150008ababc19399c7ed428638b57ea
4270,2023-03-06,17.24,17.24,17.24,17.24,0,,,,,historical_baseline,,fe33df9ae5456d8ee27133c42c244c81d150008ababc19399c7ed428638b57ea
4270,2023-03-07,17.24,17.24,17.24,17.24,0,,,,,historical_baseline,,fe33df9ae5456d8ee27133c42c244c81d150008ababc19399c7ed428638b57ea
4270,2023-03-08,16.82,17.1,16.6,16.68,1022,,,,,historical_baseline,,fe33df9ae5456d8ee27133c42c244c81d150008ababc19399c7ed428638b57ea
4270,2023-03-09,16.68,16.68,16.68,16.68,0,,,,,historical_baseline,,fe33df9ae5456d8ee27133c42c244c81d150008ababc19399c7ed428638b57ea
4270,2023-03-12,16.68,16.68,16.68,16.68,0,,,,,historical_baseline,,fe33df9ae5456d8ee27133c42c244c81d150008ababc19399c7ed428638b57ea
4270,2023-03-13,16.68,16.68,16.68,16.68,0,,,,,historical_baseline,,fe33df9ae5456d8ee27133c42c244c81d150008ababc19399c7ed428638b57ea
4270,2023-03-14,16.74,16.9,16.56,16.58,2668,,,,,historical_baseline,,fe33df9ae5456d8ee27133c42c244c81d150008ababc19399c7ed428638b57ea
4270,2023-03-15,16.86,17.06,16.6,16.6,2711,,,,,historical_baseline,,fe33df9ae5456d8ee27133c42c244c81d150008ababc19399c7ed428638b57ea
4270,2023-03-16,16.6,16.8,16.0,16.68,1500,,,,,historical_baseline,,fe33df9ae5456d8ee27133c42c244c81d150008ababc19399c7ed428638b57ea
4270,2023-03-19,16.68,16.68,16.68,16.68,0,,,,,historical_baseline,,fe33df9ae5456d8ee27133c42c244c81d150008ababc19399c7ed428638b57ea
4270,2023-03-20,16.68,16.68,16.46,16.6,1099,,,,,historical_baseline,,fe33df9ae5456d8ee27133c42c244c81d150008ababc19399c7ed428638b57ea
4270,2023-03-21,16.7,16.96,16.7,16.9,1600,,,,,historical_baseline,,fe33df9ae5456d8ee27133c42c244c81d150008ababc19399c7ed428638b57ea
4270,2023-03-22,17.02,17.16,16.74,16.86,1112,,,,,historical_baseline,,fe33df9ae5456d8ee27133c42c244c81d150008ababc19399c7ed428638b57ea
4270,2023-03-23,16.72,16.76,16.62,16.62,986,,,,,historical_baseline,,fe33df9ae5456d8ee27133c42c244c81d150008ababc19399c7ed428638b57ea
4270,2023-03-26,16.62,16.62,16.62,16.62,0,,,,,historical_baseline,,fe33df9ae5456d8ee27133c42c244c81d150008ababc19399c7ed428638b57ea
4270,2023-03-27,16.62,16.62,16.62,16.62,0,,,,,historical_baseline,,fe33df9ae5456d8ee27133c42c244c81d150008ababc19399c7ed428638b57ea
4270,2023-03-28,16.62,16.62,16.62,16.62,0,,,,,historical_baseline,,fe33df9ae5456d8ee27133c42c244c81d150008ababc19399c7ed428638b57ea
4270,2023-03-29,17.7,18.18,17.22,18.18,1243,,,,,historical_baseline,,fe33df9ae5456d8ee27133c42c244c81d150008ababc19399c7ed428638b57ea
4270,2023-03-30,18.2,18.3,17.9,18.24,2500,,,,,historical_baseline,,fe33df9ae5456d8ee27133c42c244c81d150008ababc19399c7ed428638b57ea
4280,2023-03-01,7.63,7.7,7.6,7.64,3550,,,,,historical_baseline,,fe33df9ae5456d8ee27133c42c244c81d150008ababc19399c7ed428638b57ea
4280,2023-03-02,7.65,7.7,7.63,7.69,2047,,,,,historical_baseline,,fe33df9ae5456d8ee27133c42c244c81d150008ababc19399c7ed428638b57ea
4280,2023-03-05,7.7,7.75,7.68,7.7,2000,,,,,historical_baseline,,fe33df9ae5456d8ee27133c42c244c81d150008ababc19399c7ed428638b57ea
4280,2023-03-06,7.7,7.7,7.7,7.7,0,,,,,historical_baseline,,fe33df9ae5456d8ee27133c42c244c81d150008ababc19399c7ed428638b57ea
4280,2023-03-07,7.7,7.7,7.7,7.7,0,,,,,historical_baseline,,fe33df9ae5456d8ee27133c42c244c81d150008ababc19399c7ed428638b57ea
4280,2023-03-08,7.71,7.96,7.68,7.85,9529,,,,,historical_baseline,,fe33df9ae5456d8ee27133c42c244c81d150008ababc19399c7ed428638b57ea
4280,2023-03-09,7.85,7.85,7.85,7.85,0,,,,,historical_baseline,,fe33df9ae5456d8ee27133c42c244c81d150008ababc19399c7ed428638b57ea
4280,2023-03-12,7.85,7.85,7.85,7.85,0,,,,,historical_baseline,,fe33df9ae5456d8ee27133c42c244c81d150008ababc19399c7ed428638b57ea
4280,2023-03-13,7.85,7.85,7.85,7.85,0,,,,,historical_baseline,,fe33df9ae5456d8ee27133c42c244c81d150008ababc19399c7ed428638b57ea
4280,2023-03-14,7.8,7.83,7.65,7.71,2628,,,,,historical_baseline,,fe33df9ae5456d8ee27133c42c244c81d150008ababc19399c7ed428638b57ea
4280,2023-03-15,7.6,7.69,7.55,7.6,3961,,,,,historical_baseline,,fe33df9ae5456d8ee27133c42c244c81d150008ababc19399c7ed428638b57ea
4280,2023-03-16,7.52,7.56,7.52,7.56,3256,,,,,historical_baseline,,fe33df9ae5456d8ee27133c42c244c81d150008ababc19399c7ed428638b57ea
4280,2023-03-19,7.56,7.56,7.56,7.56,0,,,,,historical_baseline,,fe33df9ae5456d8ee27133c42c244c81d150008ababc19399c7ed428638b57ea
4280,2023-03-20,7.76,7.82,7.75,7.78,8036,,,,,historical_baseline,,fe33df9ae5456d8ee27133c42c244c81d150008ababc19399c7ed428638b57ea
4280,2023-03-21,7.89,7.96,7.78,7.8,5664,,,,,historical_baseline,,fe33df9ae5456d8ee27133c42c244c81d150008ababc19399c7ed428638b57ea
4280,2023-03-22,7.92,7.92,7.77,7.9,2000,,,,,historical_baseline,,fe33df9ae5456d8ee27133c42c244c81d150008ababc19399c7ed428638b57ea
4280,2023-03-23,7.95,7.95,7.77,7.81,6000,,,,,historical_baseline,,fe33df9ae5456d8ee27133c42c244c81d150008ababc19399c7ed428638b57ea
4280,2023-03-26,7.81,7.81,7.81,7.81,0,,,,,historical_baseline,,fe33df9ae5456d8ee27133c42c244c81d150008ababc19399c7ed428638b57ea
4280,2023-03-27,7.81,7.81,7.81,7.81,0,,,,,historical_baseline,,fe33df9ae5456d8ee27133c42c244c81d150008ababc19399c7ed428638b57ea
4280,2023-03-28,7.81,7.81,7.81,7.81,0,,,,,historical_baseline,,fe33df9ae5456d8ee27133c42c244c81d150008ababc19399c7ed428638b57ea
4280,2023-03-29,7.88,7.88,7.8,7.86,420,,,,,historical_baseline,,fe33df9ae5456d8ee27133c42c244c81d150008ababc19399c7ed428638b57ea
4280,2023-03-30,7.87,7.87,7.76,7.83,3142,,,,,historical_baseline,,fe33df9ae5456d8ee27133c42c244c81d150008ababc19399c7ed428638b57ea
4290,2023-03-01,15.34,15.64,15.34,15.54,966,,,,,historical_baseline,,fe33df9ae5456d8ee27133c42c244c81d150008ababc19399c7ed428638b57ea
4290,2023-03-02,15.58,15.74,15.56,15.7,1004,,,,,historical_baseline,,fe33df9ae5456d8ee27133c42c244c81d150008ababc19399c7ed428638b57ea
4290,2023-03-05,15.78,16.06,15.74,15.98,3085,,,,,historical_baseline,,fe33df9ae5456d8ee27133c42c244c81d150008ababc19399c7ed428638b57ea
4290,2023-03-06,15.98,15.98,15.98,15.98,0,,,,,historical_baseline,,fe33df9ae5456d8ee27133c42c244c81d150008ababc19399c7ed428638b57ea
4290,2023-03-07,15.98,15.98,15.98,15.98,0,,,,,historical_baseline,,fe33df9ae5456d8ee27133c42c244c81d150008ababc19399c7ed428638b57ea
4290,2023-03-08,16.0,16.4,15.84,16.24,936,,,,,historical_baseline,,fe33df9ae5456d8ee27133c42c244c81d150008ababc19399c7ed428638b57ea
4290,2023-03-09,16.24,16.24,16.24,16.24,0,,,,,historical_baseline,,fe33df9ae5456d8ee27133c42c244c81d150008ababc19399c7ed428638b57ea
4290,2023-03-12,16.24,16.24,16.24,16.24,0,,,,,historical_baseline,,fe33df9ae5456d8ee27133c42c244c81d150008ababc19399c7ed428638b57ea
4290,2023-03-13,16.24,16.24,16.24,16.24,0,,,,,historical_baseline,,fe33df9ae5456d8ee27133c42c244c81d150008ababc19399c7ed428638b57ea
4290,2023-03-14,16.06,16.3,16.0,16.02,1200,,,,,historical_baseline,,fe33df9ae5456d8ee27133c42c244c81d150008ababc19399c7ed428638b57ea
4290,2023-03-15,15.74,16.6,15.74,15.94,2000,,,,,historical_baseline,,fe33df9ae5456d8ee27133c42c244c81d150008ababc19399c7ed428638b57ea
4290,2023-03-16,15.88,16.56,15.84,16.02,1172,,,,,historical_baseline,,fe33df9ae5456d8ee27133c42c244c81d150008ababc19399c7ed428638b57ea
4290,2023-03-19,16.02,16.02,16.02,16.02,0,,,,,historical_baseline,,fe33df9ae5456d8ee27133c42c244c81d150008ababc19399c7ed428638b57ea
4290,2023-03-20,16.34,16.66,16.3,16.6,4567,,,,,historical_baseline,,fe33df9ae5456d8ee27133c42c244c81d150008ababc19399c7ed428638b57ea
4290,2023-03-21,16.6,16.96,16.52,16.54,1374,,,,,historical_baseline,,fe33df9ae5456d8ee27133c42c244c81d150008ababc19399c7ed428638b57ea
4290,2023-03-22,16.54,16.54,16.24,16.28,1000,,,,,historical_baseline,,fe33df9ae5456d8ee27133c42c244c81d150008ababc19399c7ed428638b57ea
4290,2023-03-23,16.14,16.38,16.12,16.36,1220,,,,,historical_baseline,,fe33df9ae5456d8ee27133c42c244c81d150008ababc19399c7ed428638b57ea
4290,2023-03-26,16.36,16.36,16.36,16.36,0,,,,,historical_baseline,,fe33df9ae5456d8ee27133c42c244c81d150008ababc19399c7ed428638b57ea
4290,2023-03-27,16.36,16.36,16.36,16.36,0,,,,,historical_baseline,,fe33df9ae5456d8ee27133c42c244c81d150008ababc19399c7ed428638b57ea
4290,2023-03-28,16.36,16.36,16.36,16.36,0,,,,,historical_baseline,,fe33df9ae5456d8ee27133c42c244c81d150008ababc19399c7ed428638b57ea
4290,2023-03-29,16.52,16.86,16.48,16.68,913,,,,,historical_baseline,,fe33df9ae5456d8ee27133c42c244c81d150008ababc19399c7ed428638b57ea
4290,2023-03-30,16.6,16.74,16.46,16.52,1000,,,,,historical_baseline,,fe33df9ae5456d8ee27133c42c244c81d150008ababc19399c7ed428638b57ea
4291,2023-03-01,89.6,90.4,89.0,90.2,397,,,,,historical_baseline,,fe33df9ae5456d8ee27133c42c244c81d150008ababc19399c7ed428638b57ea
4291,2023-03-02,90.3,95.8,89.1,93.0,505,,,,,historical_baseline,,fe33df9ae5456d8ee27133c42c244c81d150008ababc19399c7ed428638b57ea
4291,2023-03-05,94.0,94.5,92.1,93.6,500,,,,,historical_baseline,,fe33df9ae5456d8ee27133c42c244c81d150008ababc19399c7ed428638b57ea
4291,2023-03-06,93.6,93.6,93.6,93.6,0,,,,,historical_baseline,,fe33df9ae5456d8ee27133c42c244c81d150008ababc19399c7ed428638b57ea
4291,2023-03-07,93.6,93.6,93.6,93.6,0,,,,,historical_baseline,,fe33df9ae5456d8ee27133c42c244c81d150008ababc19399c7ed428638b57ea
4291,2023-03-08,108.4,116.2,107.0,107.2,140,,,,,historical_baseline,,fe33df9ae5456d8ee27133c42c244c81d150008ababc19399c7ed428638b57ea
4291,2023-03-09,107.2,107.2,107.2,107.2,0,,,,,historical_baseline,,fe33df9ae5456d8ee27133c42c244c81d150008ababc19399c7ed428638b57ea
4291,2023-03-12,107.2,107.2,107.2,107.2,0,,,,,historical_baseline,,fe33df9ae5456d8ee27133c42c244c81d150008ababc19399c7ed428638b57ea
4291,2023-03-13,107.2,107.2,107.2,107.2,0,,,,,historical_baseline,,fe33df9ae5456d8ee27133c42c244c81d150008ababc19399c7ed428638b57ea
4291,2023-03-14,100.8,104.2,100.2,101.0,537,,,,,historical_baseline,,fe33df9ae5456d8ee27133c42c244c81d150008ababc19399c7ed428638b57ea
4291,2023-03-15,97.4,98.8,92.7,92.7,281,,,,,historical_baseline,,fe33df9ae5456d8ee27133c42c244c81d150008ababc19399c7ed428638b57ea
4291,2023-03-16,92.5,97.5,91.5,94.3,392,,,,,historical_baseline,,fe33df9ae5456d8ee27133c42c244c81d150008ababc19399c7ed428638b57ea
4291,2023-03-19,94.3,94.3,94.3,94.3,0,,,,,historical_baseline,,fe33df9ae5456d8ee27133c42c244c81d150008ababc19399c7ed428638b57ea
4291,2023-03-20,94.0,95.7,93.9,94.3,200,,,,,historical_baseline,,fe33df9ae5456d8ee27133c42c244c81d150008ababc19399c7ed428638b57ea
4291,2023-03-21,94.4,96.0,94.0,94.1,203,,,,,historical_baseline,,fe33df9ae5456d8ee27133c42c244c81d150008ababc19399c7ed428638b57ea
4291,2023-03-22,94.0,101.0,94.0,97.9,175,,,,,historical_baseline,,fe33df9ae5456d8ee27133c42c244c81d150008ababc19399c7ed428638b57ea
4291,2023-03-23,98.0,104.0,96.8,100.0,200,,,,,historical_baseline,,fe33df9ae5456d8ee27133c42c244c81d150008ababc19399c7ed428638b57ea
4291,2023-03-26,100.0,100.0,100.0,100.0,0,,,,,historical_baseline,,fe33df9ae5456d8ee27133c42c244c81d150008ababc19399c7ed428638b57ea
4291,2023-03-27,100.0,100.0,100.0,100.0,0,,,,,historical_baseline,,fe33df9ae5456d8ee27133c42c244c81d150008ababc19399c7ed428638b57ea
4291,2023-03-28,100.0,100.0,100.0,100.0,0,,,,,historical_baseline,,fe33df9ae5456d8ee27133c42c244c81d150008ababc19399c7ed428638b57ea
4291,2023-03-29,100.8,102.8,99.9,101.0,830,,,,,historical_baseline,,fe33df9ae5456d8ee27133c42c244c81d150008ababc19399c7ed428638b57ea
4291,2023-03-30,100.8,101.6,99.6,100.0,200,,,,,historical_baseline,,fe33df9ae5456d8ee27133c42c244c81d150008ababc19399c7ed428638b57ea
4292,2023-03-01,53.6,54.0,53.2,53.4,581,,,,,historical_baseline,,fe33df9ae5456d8ee27133c42c244c81d150008ababc19399c7ed428638b57ea
4292,2023-03-02,53.6,55.0,53.0,53.6,300,,,,,historical_baseline,,fe33df9ae5456d8ee27133c42c244c81d150008ababc19399c7ed428638b57ea
4292,2023-03-05,53.5,56.6,53.5,55.8,375,,,,,historical_baseline,,fe33df9ae5456d8ee27133c42c244c81d150008ababc19399c7ed428638b57ea
4292,2023-03-06,55.8,55.8,55.8,55.8,0,,,,,historical_baseline,,fe33df9ae5456d8ee27133c42c244c81d150008ababc19399c7ed428638b57ea
4292,2023-03-07,55.8,55.8,55.8,55.8,0,,,,,historical_baseline,,fe33df9ae5456d8ee27133c42c244c81d150008ababc19399c7ed428638b57ea
4292,2023-03-08,59.2,61.9,58.2,58.5,300,,,,,historical_baseline,,fe33df9ae5456d8ee27133c42c244c81d150008ababc19399c7ed428638b57ea
4292,2023-03-09,58.5,58.5,58.5,58.5,0,,,,,historical_baseline,,fe33df9ae5456d8ee27133c42c244c81d150008ababc19399c7ed428638b57ea
4292,2023-03-12,58.5,58.5,58.5,58.5,0,,,,,historical_baseline,,fe33df9ae5456d8ee27133c42c244c81d150008ababc19399c7ed428638b57ea
4292,2023-03-13,58.5,58.5,58.5,58.5,0,,,,,historical_baseline,,fe33df9ae5456d8ee27133c42c244c81d150008ababc19399c7ed428638b57ea
4292,2023-03-14,56.9,59.3,56.9,57.7,500,,,,,historical_baseline,,fe33df9ae5456d8ee27133c42c244c81d150008ababc19399c7ed428638b57ea
4292,2023-03-15,57.7,59.4,56.2,56.3,527,,,,,historical_baseline,,fe33df9ae5456d8ee27133c42c244c81d150008ababc19399c7ed428638b57ea
4292,2023-03-16,56.6,58.7,56.3,57.8,303,,,,,historical_baseline,,fe33df9ae5456d8ee27133c42c244c81d150008ababc19399c7ed428638b57ea
4292,2023-03-19,57.8,57.8,57.8,57.8,0,,,,,historical_baseline,,fe33df9ae5456d8ee27133c42c244c81d150008ababc19399c7ed428638b57ea
4292,2023-03-20,59.8,60.7,59.0,59.6,330,,,,,historical_baseline,,fe33df9ae5456d8ee27133c42c244c81d150008ababc19399c7ed428638b57ea
4292,2023-03-21,60.1,62.3,59.3,61.8,2628,,,,,historical_baseline,,fe33df9ae5456d8ee27133c42c244c81d150008ababc19399c7ed428638b57ea
4292,2023-03-22,61.9,64.8,61.0,62.4,360,,,,,historical_baseline,,fe33df9ae5456d8ee27133c42c244c81d150008ababc19399c7ed428638b57ea
4292,2023-03-23,62.3,64.0,62.0,63.1,700,,,,,historical_baseline,,fe33df9ae5456d8ee27133c42c244c81d150008ababc19399c7ed428638b57ea
4292,2023-03-26,63.1,63.1,63.1,63.1,0,,,,,historical_baseline,,fe33df9ae5456d8ee27133c42c244c81d150008ababc19399c7ed428638b57ea
4292,2023-03-27,63.1,63.1,63.1,63.1,0,,,,,historical_baseline,,fe33df9ae5456d8ee27133c42c244c81d150008ababc19399c7ed428638b57ea
4292,2023-03-28,63.1,63.1,63.1,63.1,0,,,,,historical_baseline,,fe33df9ae5456d8ee27133c42c244c81d150008ababc19399c7ed428638b57ea
4292,2023-03-29,59.8,61.9,59.8,61.0,1833,,,,,historical_baseline,,fe33df9ae5456d8ee27133c42c244c81d150008ababc19399c7ed428638b57ea
4292,2023-03-30,61.5,63.3,61.5,63.1,1000,,,,,historical_baseline,,fe33df9ae5456d8ee27133c42c244c81d150008ababc19399c7ed428638b57ea
4300,2023-03-01,14.4,14.52,14.2,14.36,15000,,,,,historical_baseline,,fe33df9ae5456d8ee27133c42c244c81d150008ababc19399c7ed428638b57ea
4300,2023-03-02,14.36,14.54,14.2,14.42,1679,,,,,historical_baseline,,fe33df9ae5456d8ee27133c42c244c81d150008ababc19399c7ed428638b57ea
4300,2023-03-05,14.52,14.68,14.38,14.68,10000,,,,,historical_baseline,,fe33df9ae5456d8ee27133c42c244c81d150008ababc19399c7ed428638b57ea
4300,2023-03-06,14.68,14.68,14.68,14.68,0,,,,,historical_baseline,,fe33df9ae5456d8ee27133c42c244c81d150008ababc19399c7ed428638b57ea
4300,2023-03-07,14.68,14.68,14.68,14.68,0,,,,,historical_baseline,,fe33df9ae5456d8ee27133c42c244c81d150008ababc19399c7ed428638b57ea
4300,2023-03-08,14.64,14.72,14.38,14.38,3500,,,,,historical_baseline,,fe33df9ae5456d8ee27133c42c244c81d150008ababc19399c7ed428638b57ea
4300,2023-03-09,14.38,14.38,14.38,14.38,0,,,,,historical_baseline,,fe33df9ae5456d8ee27133c42c244c81d150008ababc19399c7ed428638b57ea
4300,2023-03-12,14.38,14.38,14.38,14.38,0,,,,,historical_baseline,,fe33df9ae5456d8ee27133c42c244c81d150008ababc19399c7ed428638b57ea
4300,2023-03-13,14.38,14.38,14.38,14.38,0,,,,,historical_baseline,,fe33df9ae5456d8ee27133c42c244c81d150008ababc19399c7ed428638b57ea
4300,2023-03-14,14.4,14.64,13.8,13.8,2000,,,,,historical_baseline,,fe33df9ae5456d8ee27133c42c244c81d150008ababc19399c7ed428638b57ea
4300,2023-03-15,13.76,14.04,13.62,13.72,3157,,,,,historical_baseline,,fe33df9ae5456d8ee27133c42c244c81d150008ababc19399c7ed428638b57ea
4300,2023-03-16,13.72,13.8,13.48,13.48,4759,,,,,historical_baseline,,fe33df9ae5456d8ee27133c42c244c81d150008ababc19399c7ed428638b57ea
4300,2023-03-19,13.48,13.48,13.48,13.48,0,,,,,historical_baseline,,fe33df9ae5456d8ee27133c42c244c81d150008ababc19399c7ed428638b57ea
4300,2023-03-20,13.54,14.42,13.38,14.32,5000,,,,,historical_baseline,,fe33df9ae5456d8ee27133c42c244c81d150008ababc19399c7ed428638b57ea
4300,2023-03-21,14.18,14.86,14.18,14.8,2500,,,,,historical_baseline,,fe33df9ae5456d8ee27133c42c244c81d150008ababc19399c7ed428638b57ea
4300,2023-03-22,14.76,15.06,14.72,14.88,1500,,,,,historical_baseline,,fe33df9ae5456d8ee27133c42c244c81d150008ababc19399c7ed428638b57ea
4300,2023-03-23,14.78,14.96,14.76,14.82,8992,,,,,historical_baseline,,fe33df9ae5456d8ee27133c42c244c81d150008ababc19399c7ed428638b57ea
4300,2023-03-26,14.82,14.82,14.82,14.82,0,,,,,historical_baseline,,fe33df9ae5456d8ee27133c42c244c81d150008ababc19399c7ed428638b57ea
4300,2023-03-27,14.82,14.82,14.82,14.82,0,,,,,historical_baseline,,fe33df9ae5456d8ee27133c42c244c81d150008ababc19399c7ed428638b57ea
4300,2023-03-28,14.82,14.82,14.82,14.82,0,,,,,historical_baseline,,fe33df9ae5456d8ee27133c42c244c81d150008ababc19399c7ed428638b57ea
4300,2023-03-29,15.46,15.98,15.4,15.96,4339,,,,,historical_baseline,,fe33df9ae5456d8ee27133c42c244c81d150008ababc19399c7ed428638b57ea
4300,2023-03-30,15.96,16.32,15.9,16.02,1000,,,,,historical_baseline,,fe33df9ae5456d8ee27133c42c244c81d150008ababc19399c7ed428638b57ea
4310,2023-03-01,11.76,11.9,11.76,11.78,2351,,,,,historical_baseline,,fe33df9ae5456d8ee27133c42c244c81d150008ababc19399c7ed428638b57ea
4310,2023-03-02,11.72,11.8,11.66,11.74,5000,,,,,historical_baseline,,fe33df9ae5456d8ee27133c42c244c81d150008ababc19399c7ed428638b57ea
4310,2023-03-05,11.88,11.9,11.76,11.8,2477,,,,,historical_baseline,,fe33df9ae5456d8ee27133c42c244c81d150008ababc19399c7ed428638b57ea
4310,2023-03-06,11.8,11.8,11.8,11.8,0,,,,,historical_baseline,,fe33df9ae5456d8ee27133c42c244c81d150008ababc19399c7ed428638b57ea
4310,2023-03-07,11.8,11.8,11.8,11.8,0,,,,,historical_baseline,,fe33df9ae5456d8ee27133c42c244c81d150008ababc19399c7ed428638b57ea
4310,2023-03-08,12.46,12.96,12.36,12.88,2203,,,,,historical_baseline,,fe33df9ae5456d8ee27133c42c244c81d150008ababc19399c7ed428638b57ea
4310,2023-03-09,12.88,12.88,12.88,12.88,0,,,,,historical_baseline,,fe33df9ae5456d8ee27133c42c244c81d150008ababc19399c7ed428638b57ea
4310,2023-03-12,12.88,12.88,12.88,12.88,0,,,,,historical_baseline,,fe33df9ae5456d8ee27133c42c244c81d150008ababc19399c7ed428638b57ea
4310,2023-03-13,12.88,12.88,12.88,12.88,0,,,,,historical_baseline,,fe33df9ae5456d8ee27133c42c244c81d150008ababc19399c7ed428638b57ea
4310,2023-03-14,13.26,13.46,13.26,13.38,10996,,,,,historical_baseline,,fe33df9ae5456d8ee27133c42c244c81d150008ababc19399c7ed428638b57ea
4310,2023-03-15,13.34,13.62,13.12,13.12,5458,,,,,historical_baseline,,fe33df9ae5456d8ee27133c42c244c81d150008ababc19399c7ed428638b57ea
4310,2023-03-16,13.0,13.6,13.0,13.34,2153,,,,,historical_baseline,,fe33df9ae5456d8ee27133c42c244c81d150008ababc19399c7ed428638b57ea
4310,2023-03-19,13.34,13.34,13.34,13.34,0,,,,,historical_baseline,,fe33df9ae5456d8ee27133c42c244c81d150008ababc19399c7ed428638b57ea
4310,2023-03-20,13.62,13.94,13.5,13.78,1270,,,,,historical_baseline,,fe33df9ae5456d8ee27133c42c244c81d150008ababc19399c7ed428638b57ea
4310,2023-03-21,13.74,13.94,13.74,13.82,1800,,,,,historical_baseline,,fe33df9ae5456d8ee27133c42c244c81d150008ababc19399c7ed428638b57ea
4310,2023-03-22,13.82,13.88,13.66,13.8,2586,,,,,historical_baseline,,fe33df9ae5456d8ee27133c42c244c81d150008ababc19399c7ed428638b57ea
4310,2023-03-23,13.76,14.08,13.76,13.92,3000,,,,,historical_baseline,,fe33df9ae5456d8ee27133c42c244c81d150008ababc19399c7ed428638b57ea
4310,2023-03-26,13.92,13.92,13.92,13.92,0,,,,,historical_baseline,,fe33df9ae5456d8ee27133c42c244c81d150008ababc19399c7ed428638b57ea
4310,2023-03-27,13.92,13.92,13.92,13.92,0,,,,,historical_baseline,,fe33df9ae5456d8ee27133c42c244c81d150008ababc19399c7ed428638b57ea
4310,2023-03-28,13.92,13.92,13.92,13.92,0,,,,,historical_baseline,,fe33df9ae5456d8ee27133c42c244c81d150008ababc19399c7ed428638b57ea
4310,2023-03-29,14.46,14.72,14.38,14.7,2379,,,,,historical_baseline,,fe33df9ae5456d8ee27133c42c244c81d150008ababc19399c7ed428638b57ea
4310,2023-03-30,14.8,15.0,14.58,14.58,2000,,,,,historical_baseline,,fe33df9ae5456d8ee27133c42c244c81d150008ababc19399c7ed428638b57ea
4320,2023-03-01,16.64,16.94,16.64,16.94,1000,,,,,historical_baseline,,fe33df9ae5456d8ee27133c42c244c81d150008ababc19399c7ed428638b57ea
4320,2023-03-02,16.98,16.98,16.9,16.96,4000,,,,,historical_baseline,,fe33df9ae5456d8ee27133c42c244c81d150008ababc19399c7ed428638b57ea
4320,2023-03-05,17.0,17.0,16.8,16.92,2497,,,,,historical_baseline,,fe33df9ae5456d8ee27133c42c244c81d150008ababc19399c7ed428638b57ea
4320,2023-03-06,16.92,16.92,16.92,16.92,0,,,,,historical_baseline,,fe33df9ae5456d8ee27133c42c244c81d150008ababc19399c7ed428638b57ea
4320,2023-03-07,16.92,16.92,16.92,16.92,0,,,,,historical_baseline,,fe33df9ae5456d8ee27133c42c244c81d150008ababc19399c7ed428638b57ea
4320,2023-03-08,16.86,16.86,16.86,16.86,3820,,,,,historical_baseline,,fe33df9ae5456d8ee27133c42c244c81d150008ababc19399c7ed428638b57ea
4320,2023-03-09,16.86,16.86,16.86,16.86,0,,,,,historical_baseline,,fe33df9ae5456d8ee27133c42c244c81d150008ababc19399c7ed428638b57ea
4320,2023-03-12,16.86,16.86,16.86,16.86,0,,,,,historical_baseline,,fe33df9ae5456d8ee27133c42c244c81d150008ababc19399c7ed428638b57ea
4320,2023-03-13,16.86,16.86,16.86,16.86,0,,,,,historical_baseline,,fe33df9ae5456d8ee27133c42c244c81d150008ababc19399c7ed428638b57ea
4320,2023-03-14,16.84,16.84,16.7,16.7,1460,,,,,historical_baseline,,fe33df9ae5456d8ee27133c42c244c81d150008ababc19399c7ed428638b57ea
4320,2023-03-15,16.92,16.92,16.64,16.64,7677,,,,,historical_baseline,,fe33df9ae5456d8ee27133c42c244c81d150008ababc19399c7ed428638b57ea
4320,2023-03-16,16.6,16.66,16.54,16.54,1000,,,,,historical_baseline,,fe33df9ae5456d8ee27133c42c244c81d150008ababc19399c7ed428638b57ea
4320,2023-03-19,16.54,16.54,16.54,16.54,0,,,,,historical_baseline,,fe33df9ae5456d8ee27133c42c244c81d150008ababc19399c7ed428638b57ea
4320,2023-03-20,16.56,16.62,16.3,16.42,2000,,,,,historical_baseline,,fe33df9ae5456d8ee27133c42c244c81d150008ababc19399c7ed428638b57ea
4320,2023-03-21,16.4,16.6,16.4,16.56,1000,,,,,historical_baseline,,fe33df9ae5456d8ee27133c42c244c81d150008ababc19399c7ed428638b57ea
4320,2023-03-22,16.58,16.7,16.56,16.7,1000,,,,,historical_baseline,,fe33df9ae5456d8ee27133c42c244c81d150008ababc19399c7ed428638b57ea
4320,2023-03-23,16.5,16.5,16.5,16.5,1537,,,,,historical_baseline,,fe33df9ae5456d8ee27133c42c244c81d150008ababc19399c7ed428638b57ea
4320,2023-03-26,16.5,16.5,16.5,16.5,0,,,,,historical_baseline,,fe33df9ae5456d8ee27133c42c244c81d150008ababc19399c7ed428638b57ea
4320,2023-03-27,16.5,16.5,16.5,16.5,0,,,,,historical_baseline,,fe33df9ae5456d8ee27133c42c244c81d150008ababc19399c7ed428638b57ea
4320,2023-03-28,16.5,16.5,16.5,16.5,0,,,,,historical_baseline,,fe33df9ae5456d8ee27133c42c244c81d150008ababc19399c7ed428638b57ea
4320,2023-03-29,17.18,17.4,17.18,17.3,311,,,,,historical_baseline,,fe33df9ae5456d8ee27133c42c244c81d150008ababc19399c7ed428638b57ea
4320,2023-03-30,17.26,17.3,17.2,17.3,3762,,,,,historical_baseline,,fe33df9ae5456d8ee27133c42c244c81d150008ababc19399c7ed428638b57ea
4321,2023-03-01,19.6,19.7,19.56,19.6,1195,,,,,historical_baseline,,fe33df9ae5456d8ee27133c42c244c81d150008ababc19399c7ed428638b57ea
4321,2023-03-02,19.6,19.68,19.5,19.56,5184,,,,,historical_baseline,,fe33df9ae5456d8ee27133c42c244c81d150008ababc19399c7ed428638b57ea
4321,2023-03-05,19.68,19.72,19.56,19.56,2000,,,,,historical_baseline,,fe33df9ae5456d8ee27133c42c244c81d150008ababc19399c7ed428638b57ea
4321,2023-03-06,19.56,19.56,19.56,19.56,0,,,,,historical_baseline,,fe33df9ae5456d8ee27133c42c244c81d150008ababc19399c7ed428638b57ea
4321,2023-03-07,19.56,19.56,19.56,19.56,0,,,,,historical_baseline,,fe33df9ae5456d8ee27133c42c244c81d150008ababc19399c7ed428638b57ea
4321,2023-03-08,19.4,19.58,19.3,19.54,982,,,,,historical_baseline,,fe33df9ae5456d8ee27133c42c244c81d150008ababc19399c7ed428638b57ea
4321,2023-03-09,19.54,19.54,19.54,19.54,0,,,,,historical_baseline,,fe33df9ae5456d8ee27133c42c244c81d150008ababc19399c7ed428638b57ea
4321,2023-03-12,19.54,19.54,19.54,19.54,0,,,,,historical_baseline,,fe33df9ae5456d8ee27133c42c244c81d150008ababc19399c7ed428638b57ea
4321,2023-03-13,19.54,19.54,19.54,19.54,0,,,,,historical_baseline,,fe33df9ae5456d8ee27133c42c244c81d150008ababc19399c7ed428638b57ea
4321,2023-03-14,19.8,20.0,19.68,19.8,2005,,,,,historical_baseline,,fe33df9ae5456d8ee27133c42c244c81d150008ababc19399c7ed428638b57ea
4321,2023-03-15,19.72,19.74,19.52,19.54,1360,,,,,historical_baseline,,fe33df9ae5456d8ee27133c42c244c81d150008ababc19399c7ed428638b57ea
4321,2023-03-16,19.5,19.54,19.4,19.54,14505,,,,,historical_baseline,,fe33df9ae5456d8ee27133c42c244c81d150008ababc19399c7ed428638b57ea
4321,2023-03-19,19.54,19.54,19.54,19.54,0,,,,,historical_baseline,,fe33df9ae5456d8ee27133c42c244c81d150008ababc19399c7ed428638b57ea
4321,2023-03-20,19.56,19.6,19.44,19.5,1955,,,,,historical_baseline,,fe33df9ae5456d8ee27133c42c244c81d150008ababc19399c7ed428638b57ea
4321,2023-03-21,19.64,19.76,19.6,19.76,100000,,,,,historical_baseline,,fe33df9ae5456d8ee27133c42c244c81d150008ababc19399c7ed428638b57ea
4321,2023-03-22,19.78,20.08,19.78,19.94,1000,,,,,historical_baseline,,fe33df9ae5456d8ee27133c42c244c81d150008ababc19399c7ed428638b57ea
4321,2023-03-23,19.98,20.04,19.86,19.88,940,,,,,historical_baseline,,fe33df9ae5456d8ee27133c42c244c81d150008ababc19399c7ed428638b57ea
4321,2023-03-26,19.88,19.88,19.88,19.88,0,,,,,historical_baseline,,fe33df9ae5456d8ee27133c42c244c81d150008ababc19399c7ed428638b57ea
4321,2023-03-27,19.88,19.88,19.88,19.88,0,,,,,historical_baseline,,fe33df9ae5456d8ee27133c42c244c81d150008ababc19399c7ed428638b57ea
4321,2023-03-28,19.88,19.88,19.88,19.88,0,,,,,historical_baseline,,fe33df9ae5456d8ee27133c42c244c81d150008ababc19399c7ed428638b57ea
4321,2023-03-29,20.3,20.5,20.3,20.3,722,,,,,historical_baseline,,fe33df9ae5456d8ee27133c42c244c81d150008ababc19399c7ed428638b57ea
4321,2023-03-30,20.32,20.42,20.26,20.38,10000,,,,,historical_baseline,,fe33df9ae5456d8ee27133c42c244c81d150008ababc19399c7ed428638b57ea
4323,2023-03-01,46.55,47.0,46.3,46.95,100,,,,,historical_baseline,,fe33df9ae5456d8ee27133c42c244c81d150008ababc19399c7ed428638b57ea
4323,2023-03-02,46.4,46.8,46.35,46.45,169,,,,,historical_baseline,,fe33df9ae5456d8ee27133c42c244c81d150008ababc19399c7ed428638b57ea
4323,2023-03-05,46.3,47.25,46.0,47.25,70,,,,,historical_baseline,,fe33df9ae5456d8ee27133c42c244c81d150008ababc19399c7ed428638b57ea
4323,2023-03-06,47.0,47.0,46.3,46.5,195,,,,,historical_baseline,,fe33df9ae5456d8ee27133c42c244c81d150008ababc19399c7ed428638b57ea
4323,2023-03-07,46.5,46.5,46.5,46.5,0,,,,,historical_baseline,,fe33df9ae5456d8ee27133c42c244c81d150008ababc19399c7ed428638b57ea
4323,2023-03-08,46.8,46.8,46.3,46.75,89,,,,,historical_baseline,,fe33df9ae5456d8ee27133c42c244c81d150008ababc19399c7ed428638b57ea
4323,2023-03-09,46.2,46.9,46.0,46.0,100,,,,,historical_baseline,,fe33df9ae5456d8ee27133c42c244c81d150008ababc19399c7ed428638b57ea
4323,2023-03-12,46.0,46.0,46.0,46.0,0,,,,,historical_baseline,,fe33df9ae5456d8ee27133c42c244c81d150008ababc19399c7ed428638b57ea
4323,2023-03-13,46.0,46.0,46.0,46.0,0,,,,,historical_baseline,,fe33df9ae5456d8ee27133c42c244c81d150008ababc19399c7ed428638b57ea
4323,2023-03-14,46.0,46.0,46.0,46.0,80,,,,,historical_baseline,,fe33df9ae5456d8ee27133c42c244c81d150008ababc19399c7ed428638b57ea
4323,2023-03-15,46.5,46.55,45.8,45.8,200,,,,,historical_baseline,,fe33df9ae5456d8ee27133c42c244c81d150008ababc19399c7ed428638b57ea
4323,2023-03-16,46.0,46.0,44.6,45.0,2001,,,,,historical_baseline,,fe33df9ae5456d8ee27133c42c244c81d150008ababc19399c7ed428638b57ea
4323,2023-03-19,45.0,45.0,45.0,45.0,0,,,,,historical_baseline,,fe33df9ae5456d8ee27133c42c244c81d150008ababc19399c7ed428638b57ea
4323,2023-03-20,44.3,45.5,44.0,45.5,364,,,,,historical_baseline,,fe33df9ae5456d8ee27133c42c244c81d150008ababc19399c7ed428638b57ea
4323,2023-03-21,44.3,44.9,44.1,44.9,125,,,,,historical_baseline,,fe33df9ae5456d8ee27133c42c244c81d150008ababc19399c7ed428638b57ea
4323,2023-03-22,44.5,45.55,44.05,45.0,666,,,,,historical_baseline,,fe33df9ae5456d8ee27133c42c244c81d150008ababc19399c7ed428638b57ea
4323,2023-03-23,45.0,45.7,44.1,45.0,761,,,,,historical_baseline,,fe33df9ae5456d8ee27133c42c244c81d150008ababc19399c7ed428638b57ea
4323,2023-03-26,45.0,45.0,45.0,45.0,0,,,,,historical_baseline,,fe33df9ae5456d8ee27133c42c244c81d150008ababc19399c7ed428638b57ea
4323,2023-03-27,45.0,45.0,45.0,45.0,0,,,,,historical_baseline,,fe33df9ae5456d8ee27133c42c244c81d150008ababc19399c7ed428638b57ea
4323,2023-03-28,45.0,45.0,45.0,45.0,0,,,,,historical_baseline,,fe33df9ae5456d8ee27133c42c244c81d150008ababc19399c7ed428638b57ea
4323,2023-03-29,45.0,45.0,44.75,44.8,54,,,,,historical_baseline,,fe33df9ae5456d8ee27133c42c244c81d150008ababc19399c7ed428638b57ea
4323,2023-03-30,45.4,45.4,44.55,44.55,98,,,,,historical_baseline,,fe33df9ae5456d8ee27133c42c244c81d150008ababc19399c7ed428638b57ea
4330,2023-03-01,9.0,9.0,8.9,8.95,3234,,,,,historical_baseline,,fe33df9ae5456d8ee27133c42c244c81d150008ababc19399c7ed428638b57ea
4330,2023-03-02,8.94,9.05,8.94,9.05,2375,,,,,historical_baseline,,fe33df9ae5456d8ee27133c42c244c81d150008ababc19399c7ed428638b57ea
4330,2023-03-05,9.09,9.13,9.07,9.11,5949,,,,,historical_baseline,,fe33df9ae5456d8ee27133c42c244c81d150008ababc19399c7ed428638b57ea
4330,2023-03-06,9.11,9.11,9.11,9.11,0,,,,,historical_baseline,,fe33df9ae5456d8ee27133c42c244c81d150008ababc19399c7ed428638b57ea
4330,2023-03-07,9.11,9.11,9.11,9.11,0,,,,,historical_baseline,,fe33df9ae5456d8ee27133c42c244c81d150008ababc19399c7ed428638b57ea
4330,2023-03-08,9.0,9.03,8.94,9.03,11000,,,,,historical_baseline,,fe33df9ae5456d8ee27133c42c244c81d150008ababc19399c7ed428638b57ea
4330,2023-03-09,9.03,9.03,9.03,9.03,0,,,,,historical_baseline,,fe33df9ae5456d8ee27133c42c244c81d150008ababc19399c7ed428638b57ea
4330,2023-03-12,9.03,9.03,9.03,9.03,0,,,,,historical_baseline,,fe33df9ae5456d8ee27133c42c244c81d150008ababc19399c7ed428638b57ea
4330,2023-03-13,9.03,9.03,9.03,9.03,0,,,,,historical_baseline,,fe33df9ae5456d8ee27133c42c244c81d150008ababc19399c7ed428638b57ea
4330,2023-03-14,9.1,9.11,8.9,8.94,2300,,,,,historical_baseline,,fe33df9ae5456d8ee27133c42c244c81d150008ababc19399c7ed428638b57ea
4330,2023-03-15,8.98,8.98,8.95,8.95,4382,,,,,historical_baseline,,fe33df9ae5456d8ee27133c42c244c81d150008ababc19399c7ed428638b57ea
4330,2023-03-16,8.9,8.92,8.85,8.92,6000,,,,,historical_baseline,,fe33df9ae5456d8ee27133c42c244c81d150008ababc19399c7ed428638b57ea
4330,2023-03-19,8.92,8.92,8.92,8.92,0,,,,,historical_baseline,,fe33df9ae5456d8ee27133c42c244c81d150008ababc19399c7ed428638b57ea
4330,2023-03-20,9.0,9.04,8.95,8.95,3000,,,,,historical_baseline,,fe33df9ae5456d8ee27133c42c244c81d150008ababc19399c7ed428638b57ea
4330,2023-03-21,8.96,9.12,8.96,9.12,15839,,,,,historical_baseline,,fe33df9ae5456d8ee27133c42c244c81d150008ababc19399c7ed428638b57ea
4330,2023-03-22,9.07,9.1,9.04,9.1,7051,,,,,historical_baseline,,fe33df9ae5456d8ee27133c42c244c81d150008ababc19399c7ed428638b57ea
4330,2023-03-23,9.06,9.19,9.06,9.14,2000,,,,,historical_baseline,,fe33df9ae5456d8ee27133c42c244c81d150008ababc19399c7ed428638b57ea
4330,2023-03-26,9.14,9.14,9.14,9.14,0,,,,,historical_baseline,,fe33df9ae5456d8ee27133c42c244c81d150008ababc19399c7ed428638b57ea
4330,2023-03-27,9.14,9.14,9.14,9.14,0,,,,,historical_baseline,,fe33df9ae5456d8ee27133c42c244c81d150008ababc19399c7ed428638b57ea
4330,2023-03-28,9.14,9.14,9.14,9.14,0,,,,,historical_baseline,,fe33df9ae5456d8ee27133c42c244c81d150008ababc19399c7ed428638b57ea
4330,2023-03-29,9.16,9.16,9.15,9.15,420,,,,,historical_baseline,,fe33df9ae5456d8ee27133c42c244c81d150008ababc19399c7ed428638b57ea
4330,2023-03-30,9.18,9.2,9.16,9.2,1959,,,,,historical_baseline,,fe33df9ae5456d8ee27133c42c244c81d150008ababc19399c7ed428638b57ea
4331,2023-03-01,16.48,16.48,16.1,16.1,5569,,,,,historical_baseline,,fe33df9ae5456d8ee27133c42c244c81d150008ababc19399c7ed428638b57ea
4331,2023-03-02,16.12,16.12,15.96,16.0,1250,,,,,historical_baseline,,fe33df9ae5456d8ee27133c42c244c81d150008ababc19399c7ed428638b57ea
4331,2023-03-05,16.02,16.06,15.98,15.98,2269,,,,,historical_baseline,,fe33df9ae5456d8ee27133c42c244c81d150008ababc19399c7ed428638b57ea
4331,2023-03-06,15.98,15.98,15.98,15.98,0,,,,,historical_baseline,,fe33df9ae5456d8ee27133c42c244c81d150008ababc19399c7ed428638b57ea
4331,2023-03-07,15.98,15.98,15.98,15.98,0,,,,,historical_baseline,,fe33df9ae5456d8ee27133c42c244c81d150008ababc19399c7ed428638b57ea
4331,2023-03-08,15.8,15.8,15.7,15.7,1300,,,,,historical_baseline,,fe33df9ae5456d8ee27133c42c244c81d150008ababc19399c7ed428638b57ea
4331,2023-03-09,15.7,15.7,15.7,15.7,0,,,,,historical_baseline,,fe33df9ae5456d8ee27133c42c244c81d150008ababc19399c7ed428638b57ea
4331,2023-03-12,15.7,15.7,15.7,15.7,0,,,,,historical_baseline,,fe33df9ae5456d8ee27133c42c244c81d150008ababc19399c7ed428638b57ea
4331,2023-03-13,15.7,15.7,15.7,15.7,0,,,,,historical_baseline,,fe33df9ae5456d8ee27133c42c244c81d150008ababc19399c7ed428638b57ea
4331,2023-03-14,15.8,15.8,15.68,15.68,1768,,,,,historical_baseline,,fe33df9ae5456d8ee27133c42c244c81d150008ababc19399c7ed428638b57ea
4331,2023-03-15,15.52,15.52,15.4,15.42,1278,,,,,historical_baseline,,fe33df9ae5456d8ee27133c42c244c81d150008ababc19399c7ed428638b57ea
4331,2023-03-16,15.42,15.42,15.2,15.3,3965,,,,,historical_baseline,,fe33df9ae5456d8ee27133c42c244c81d150008ababc19399c7ed428638b57ea
4331,2023-03-19,15.3,15.3,15.3,15.3,0,,,,,historical_baseline,,fe33df9ae5456d8ee27133c42c244c81d150008ababc19399c7ed428638b57ea
4331,2023-03-20,15.16,15.22,15.16,15.18,1179,,,,,historical_baseline,,fe33df9ae5456d8ee27133c42c244c81d150008ababc19399c7ed428638b57ea
4331,2023-03-21,15.3,15.32,15.18,15.32,2685,,,,,historical_baseline,,fe33df9ae5456d8ee27133c42c244c81d150008ababc19399c7ed428638b57ea
4331,2023-03-22,15.38,15.7,15.32,15.32,1430,,,,,historical_baseline,,fe33df9ae5456d8ee27133c42c244c81d150008ababc19399c7ed428638b57ea
4331,2023-03-23,15.34,15.38,15.2,15.28,1430,,,,,historical_baseline,,fe33df9ae5456d8ee27133c42c244c81d150008ababc19399c7ed428638b57ea
4331,2023-03-26,15.28,15.28,15.28,15.28,0,,,,,historical_baseline,,fe33df9ae5456d8ee27133c42c244c81d150008ababc19399c7ed428638b57ea
4331,2023-03-27,15.28,15.28,15.28,15.28,0,,,,,historical_baseline,,fe33df9ae5456d8ee27133c42c244c81d150008ababc19399c7ed428638b57ea
4331,2023-03-28,15.28,15.28,15.28,15.28,0,,,,,historical_baseline,,fe33df9ae5456d8ee27133c42c244c81d150008ababc19399c7ed428638b57ea
4331,2023-03-29,15.6,15.96,15.6,15.94,320,,,,,historical_baseline,,fe33df9ae5456d8ee27133c42c244c81d150008ababc19399c7ed428638b57ea
4331,2023-03-30,16.0,16.7,15.98,16.1,1516,,,,,historical_baseline,,fe33df9ae5456d8ee27133c42c244c81d150008ababc19399c7ed428638b57ea
4332,2023-03-01,6.3,6.32,6.3,6.32,5062,,,,,historical_baseline,,fe33df9ae5456d8ee27133c42c244c81d150008ababc19399c7ed428638b57ea
4332,2023-03-02,6.35,6.35,6.29,6.29,5000,,,,,historical_baseline,,fe33df9ae5456d8ee27133c42c244c81d150008ababc19399c7ed428638b57ea
4332,2023-03-05,6.78,6.78,6.4,6.41,4000,,,,,historical_baseline,,fe33df9ae5456d8ee27133c42c244c81d150008ababc19399c7ed428638b57ea
4332,2023-03-06,6.41,6.41,6.41,6.41,0,,,,,historical_baseline,,fe33df9ae5456d8ee27133c42c244c81d150008ababc19399c7ed428638b57ea
4332,2023-03-07,6.41,6.41,6.41,6.41,0,,,,,historical_baseline,,fe33df9ae5456d8ee27133c42c244c81d150008ababc19399c7ed428638b57ea
4332,2023-03-08,6.4,6.4,6.4,6.4,0,,,,,historical_baseline,,fe33df9ae5456d8ee27133c42c244c81d150008ababc19399c7ed428638b57ea
4332,2023-03-09,6.4,6.4,6.4,6.4,0,,,,,historical_baseline,,fe33df9ae5456d8ee27133c42c244c81d150008ababc19399c7ed428638b57ea
4332,2023-03-12,6.4,6.4,6.4,6.4,0,,,,,historical_baseline,,fe33df9ae5456d8ee27133c42c244c81d150008ababc19399c7ed428638b57ea
4332,2023-03-13,6.4,6.4,6.4,6.4,0,,,,,historical_baseline,,fe33df9ae5456d8ee27133c42c244c81d150008ababc19399c7ed428638b57ea
4332,2023-03-14,6.4,6.46,6.4,6.45,2829,,,,,historical_baseline,,fe33df9ae5456d8ee27133c42c244c81d150008ababc19399c7ed428638b57ea
4332,2023-03-15,6.41,6.45,6.33,6.33,3759,,,,,historical_baseline,,fe33df9ae5456d8ee27133c42c244c81d150008ababc19399c7ed428638b57ea
4332,2023-03-16,6.28,6.43,6.23,6.43,8530,,,,,historical_baseline,,fe33df9ae5456d8ee27133c42c244c81d150008ababc19399c7ed428638b57ea
4332,2023-03-19,6.43,6.43,6.43,6.43,0,,,,,historical_baseline,,fe33df9ae5456d8ee27133c42c244c81d150008ababc19399c7ed428638b57ea
4332,2023-03-20,6.41,6.41,6.3,6.3,2500,,,,,historical_baseline,,fe33df9ae5456d8ee27133c42c244c81d150008ababc19399c7ed428638b57ea
4332,2023-03-21,6.38,6.45,6.38,6.45,7800,,,,,historical_baseline,,fe33df9ae5456d8ee27133c42c244c81d150008ababc19399c7ed428638b57ea
4332,2023-03-22,6.46,6.52,6.46,6.47,9225,,,,,historical_baseline,,fe33df9ae5456d8ee27133c42c244c81d150008ababc19399c7ed428638b57ea
4332,2023-03-23,6.5,6.53,6.5,6.5,4096,,,,,historical_baseline,,fe33df9ae5456d8ee27133c42c244c81d150008ababc19399c7ed428638b57ea
4332,2023-03-26,6.5,6.5,6.5,6.5,0,,,,,historical_baseline,,fe33df9ae5456d8ee27133c42c244c81d150008ababc19399c7ed428638b57ea
4332,2023-03-27,6.5,6.5,6.5,6.5,0,,,,,historical_baseline,,fe33df9ae5456d8ee27133c42c244c81d150008ababc19399c7ed428638b57ea
4332,2023-03-28,6.5,6.5,6.5,6.5,0,,,,,historical_baseline,,fe33df9ae5456d8ee27133c42c244c81d150008ababc19399c7ed428638b57ea
4332,2023-03-29,6.5,6.5,6.5,6.5,0,,,,,historical_baseline,,fe33df9ae5456d8ee27133c42c244c81d150008ababc19399c7ed428638b57ea
4332,2023-03-30,7.06,7.06,7.03,7.03,7982,,,,,historical_baseline,,fe33df9ae5456d8ee27133c42c244c81d150008ababc19399c7ed428638b57ea
4333,2023-03-01,10.26,10.34,10.2,10.3,105315,,,,,historical_baseline,,fe33df9ae5456d8ee27133c42c244c81d150008ababc19399c7ed428638b57ea
4333,2023-03-02,10.4,10.46,10.34,10.46,76876,,,,,historical_baseline,,fe33df9ae5456d8ee27133c42c244c81d150008ababc19399c7ed428638b57ea
4333,2023-03-05,10.54,10.58,10.54,10.58,27384,,,,,historical_baseline,,fe33df9ae5456d8ee27133c42c244c81d150008ababc19399c7ed428638b57ea
4333,2023-03-06,10.62,10.78,10.62,10.68,54500,,,,,historical_baseline,,fe33df9ae5456d8ee27133c42c244c81d150008ababc19399c7ed428638b57ea
4333,2023-03-07,10.68,10.68,10.54,10.56,73774,,,,,historical_baseline,,fe33df9ae5456d8ee27133c42c244c81d150008ababc19399c7ed428638b57ea
4333,2023-03-08,10.54,10.54,10.54,10.54,9132,,,,,historical_baseline,,fe33df9ae5456d8ee27133c42c244c81d150008ababc19399c7ed428638b57ea
4333,2023-03-09,10.58,10.58,10.58,10.58,13006,,,,,historical_baseline,,fe33df9ae5456d8ee27133c42c244c81d150008ababc19399c7ed428638b57ea
4333,2023-03-12,10.74,10.74,10.56,10.58,117805,,,,,historical_baseline,,fe33df9ae5456d8ee27133c42c244c81d150008ababc19399c7ed428638b57ea
4333,2023-03-13,10.6,10.6,10.58,10.6,23978,,,,,historical_baseline,,fe33df9ae5456d8ee27133c42c244c81d150008ababc19399c7ed428638b57ea
4333,2023-03-14,10.64,10.66,10.58,10.62,48062,,,,,historical_baseline,,fe33df9ae5456d8ee27133c42c244c81d150008ababc19399c7ed428638b57ea
4333,2023-03-15,10.62,10.62,10.6,10.6,18086,,,,,historical_baseline,,fe33df9ae5456d8ee27133c42c244c81d150008ababc19399c7ed428638b57ea
4333,2023-03-16,10.6,10.6,10.6,10.6,11751,,,,,historical_baseline,,fe33df9ae5456d8ee27133c42c244c81d150008ababc19399c7ed428638b57ea
4333,2023-03-19,10.54,10.54,10.48,10.5,58328,,,,,historical_baseline,,fe33df9ae5456d8ee27133c42c244c81d150008ababc19399c7ed428638b57ea
4333,2023-03-20,10.48,10.82,10.48,10.6,50299,,,,,historical_baseline,,fe33df9ae5456d8ee27133c42c244c81d150008ababc19399c7ed428638b57ea
4333,2023-03-21,10.48,10.5,10.48,10.5,44914,,,,,historical_baseline,,fe33df9ae5456d8ee27133c42c244c81d150008ababc19399c7ed428638b57ea
4333,2023-03-22,10.48,10.48,10.38,10.38,108325,,,,,historical_baseline,,fe33df9ae5456d8ee27133c42c244c81d150008ababc19399c7ed428638b57ea
4333,2023-03-23,10.46,10.8,10.38,10.58,106682,,,,,historical_baseline,,fe33df9ae5456d8ee27133c42c244c81d150008ababc19399c7ed428638b57ea
4333,2023-03-26,10.6,10.66,10.6,10.6,24278,,,,,historical_baseline,,fe33df9ae5456d8ee27133c42c244c81d150008ababc19399c7ed428638b57ea
4333,2023-03-27,10.74,10.76,10.68,10.74,36026,,,,,historical_baseline,,fe33df9ae5456d8ee27133c42c244c81d150008ababc19399c7ed428638b57ea
4333,2023-03-28,10.74,10.8,10.7,10.7,45676,,,,,historical_baseline,,fe33df9ae5456d8ee27133c42c244c81d150008ababc19399c7ed428638b57ea
4333,2023-03-29,10.76,10.76,10.76,10.76,11966,,,,,historical_baseline,,fe33df9ae5456d8ee27133c42c244c81d150008ababc19399c7ed428638b57ea
4333,2023-03-30,10.9,11.0,10.88,10.88,104347,,,,,historical_baseline,,fe33df9ae5456d8ee27133c42c244c81d150008ababc19399c7ed428638b57ea
4334,2023-03-01,8.41,8.41,8.41,8.41,0,,,,,historical_baseline,,fe33df9ae5456d8ee27133c42c244c81d150008ababc19399c7ed428638b57ea
4334,2023-03-02,8.54,8.54,8.54,8.54,1816,,,,,historical_baseline,,fe33df9ae5456d8ee27133c42c244c81d150008ababc19399c7ed428638b57ea
4334,2023-03-05,8.53,8.6,8.49,8.49,4909,,,,,historical_baseline,,fe33df9ae5456d8ee27133c42c244c81d150008ababc19399c7ed428638b57ea
4334,2023-03-06,8.49,8.49,8.49,8.49,0,,,,,historical_baseline,,fe33df9ae5456d8ee27133c42c244c81d150008ababc19399c7ed428638b57ea
4334,2023-03-07,8.49,8.49,8.49,8.49,0,,,,,historical_baseline,,fe33df9ae5456d8ee27133c42c244c81d150008ababc19399c7ed428638b57ea
4334,2023-03-08,8.56,8.6,8.56,8.6,3000,,,,,historical_baseline,,fe33df9ae5456d8ee27133c42c244c81d150008ababc19399c7ed428638b57ea
4334,2023-03-09,8.6,8.6,8.6,8.6,0,,,,,historical_baseline,,fe33df9ae5456d8ee27133c42c244c81d150008ababc19399c7ed428638b57ea
4334,2023-03-12,8.6,8.6,8.6,8.6,0,,,,,historical_baseline,,fe33df9ae5456d8ee27133c42c244c81d150008ababc19399c7ed428638b57ea
4334,2023-03-13,8.6,8.6,8.6,8.6,0,,,,,historical_baseline,,fe33df9ae5456d8ee27133c42c244c81d150008ababc19399c7ed428638b57ea
4334,2023-03-14,8.7,8.78,8.65,8.65,20831,,,,,historical_baseline,,fe33df9ae5456d8ee27133c42c244c81d150008ababc19399c7ed428638b57ea
4334,2023-03-15,8.65,8.7,8.61,8.61,2000,,,,,historical_baseline,,fe33df9ae5456d8ee27133c42c244c81d150008ababc19399c7ed428638b57ea
4334,2023-03-16,8.61,8.71,8.57,8.69,11900,,,,,historical_baseline,,fe33df9ae5456d8ee27133c42c244c81d150008ababc19399c7ed428638b57ea
4334,2023-03-19,8.69,8.69,8.69,8.69,0,,,,,historical_baseline,,fe33df9ae5456d8ee27133c42c244c81d150008ababc19399c7ed428638b57ea
4334,2023-03-20,8.55,8.55,8.55,8.55,4432,,,,,historical_baseline,,fe33df9ae5456d8ee27133c42c244c81d150008ababc19399c7ed428638b57ea
4334,2023-03-21,8.5,8.51,8.48,8.48,1867,,,,,historical_baseline,,fe33df9ae5456d8ee27133c42c244c81d150008ababc19399c7ed428638b57ea
4334,2023-03-22,8.5,8.5,8.5,8.5,2166,,,,,historical_baseline,,fe33df9ae5456d8ee27133c42c244c81d150008ababc19399c7ed428638b57ea
4334,2023-03-23,8.48,8.48,8.48,8.48,9749,,,,,historical_baseline,,fe33df9ae5456d8ee27133c42c244c81d150008ababc19399c7ed428638b57ea
4334,2023-03-26,8.48,8.48,8.48,8.48,0,,,,,historical_baseline,,fe33df9ae5456d8ee27133c42c244c81d150008ababc19399c7ed428638b57ea
4334,2023-03-27,8.48,8.48,8.48,8.48,0,,,,,historical_baseline,,fe33df9ae5456d8ee27133c42c244c81d150008ababc19399c7ed428638b57ea
4334,2023-03-28,8.48,8.48,8.48,8.48,0,,,,,historical_baseline,,fe33df9ae5456d8ee27133c42c244c81d150008ababc19399c7ed428638b57ea
4334,2023-03-29,8.56,8.57,8.55,8.57,192,,,,,historical_baseline,,fe33df9ae5456d8ee27133c42c244c81d150008ababc19399c7ed428638b57ea
4334,2023-03-30,8.57,8.6,8.57,8.6,3000,,,,,historical_baseline,,fe33df9ae5456d8ee27133c42c244c81d150008ababc19399c7ed428638b57ea
4335,2023-03-01,7.48,7.52,7.45,7.52,2714,,,,,historical_baseline,,fe33df9ae5456d8ee27133c42c244c81d150008ababc19399c7ed428638b57ea
4335,2023-03-02,7.51,7.55,7.51,7.51,2436,,,,,historical_baseline,,fe33df9ae5456d8ee27133c42c244c81d150008ababc19399c7ed428638b57ea
4335,2023-03-05,7.6,7.62,7.6,7.62,6747,,,,,historical_baseline,,fe33df9ae5456d8ee27133c42c244c81d150008ababc19399c7ed428638b57ea
4335,2023-03-06,7.62,7.62,7.62,7.62,0,,,,,historical_baseline,,fe33df9ae5456d8ee27133c42c244c81d150008ababc19399c7ed428638b57ea
4335,2023-03-07,7.62,7.62,7.62,7.62,0,,,,,historical_baseline,,fe33df9ae5456d8ee27133c42c244c81d150008ababc19399c7ed428638b57ea
4335,2023-03-08,7.7,7.7,7.65,7.65,2000,,,,,historical_baseline,,fe33df9ae5456d8ee27133c42c244c81d150008ababc19399c7ed428638b57ea
4335,2023-03-09,7.65,7.65,7.65,7.65,0,,,,,historical_baseline,,fe33df9ae5456d8ee27133c42c244c81d150008ababc19399c7ed428638b57ea
4335,2023-03-12,7.65,7.65,7.65,7.65,0,,,,,historical_baseline,,fe33df9ae5456d8ee27133c42c244c81d150008ababc19399c7ed428638b57ea
4335,2023-03-13,7.65,7.65,7.65,7.65,0,,,,,historical_baseline,,fe33df9ae5456d8ee27133c42c244c81d150008ababc19399c7ed428638b57ea
4335,2023-03-14,7.6,7.64,7.6,7.61,32517,,,,,historical_baseline,,fe33df9ae5456d8ee27133c42c244c81d150008ababc19399c7ed428638b57ea
4335,2023-03-15,7.57,7.57,7.55,7.55,2730,,,,,historical_baseline,,fe33df9ae5456d8ee27133c42c244c81d150008ababc19399c7ed428638b57ea
4335,2023-03-16,7.5,7.5,7.41,7.43,2202,,,,,historical_baseline,,fe33df9ae5456d8ee27133c42c244c81d150008ababc19399c7ed428638b57ea
4335,2023-03-19,7.43,7.43,7.43,7.43,0,,,,,historical_baseline,,fe33df9ae5456d8ee27133c42c244c81d150008ababc19399c7ed428638b57ea
4335,2023-03-20,7.6,7.6,7.6,7.6,3503,,,,,historical_baseline,,fe33df9ae5456d8ee27133c42c244c81d150008ababc19399c7ed428638b57ea
4335,2023-03-21,7.53,7.6,7.47,7.6,2000,,,,,historical_baseline,,fe33df9ae5456d8ee27133c42c244c81d150008ababc19399c7ed428638b57ea
4335,2023-03-22,7.51,7.6,7.5,7.6,3970,,,,,historical_baseline,,fe33df9ae5456d8ee27133c42c244c81d150008ababc19399c7ed428638b57ea
4335,2023-03-23,7.56,7.56,7.56,7.56,2328,,,,,historical_baseline,,fe33df9ae5456d8ee27133c42c244c81d150008ababc19399c7ed428638b57ea
4335,2023-03-26,7.56,7.56,7.56,7.56,0,,,,,historical_baseline,,fe33df9ae5456d8ee27133c42c244c81d150008ababc19399c7ed428638b57ea
4335,2023-03-27,7.56,7.56,7.56,7.56,0,,,,,historical_baseline,,fe33df9ae5456d8ee27133c42c244c81d150008ababc19399c7ed428638b57ea
4335,2023-03-28,7.56,7.56,7.56,7.56,0,,,,,historical_baseline,,fe33df9ae5456d8ee27133c42c244c81d150008ababc19399c7ed428638b57ea
4335,2023-03-29,7.67,7.67,7.66,7.66,201,,,,,historical_baseline,,fe33df9ae5456d8ee27133c42c244c81d150008ababc19399c7ed428638b57ea
4335,2023-03-30,7.75,7.78,7.73,7.73,4469,,,,,historical_baseline,,fe33df9ae5456d8ee27133c42c244c81d150008ababc19399c7ed428638b57ea
4336,2023-03-01,7.39,7.39,7.3,7.3,3199,,,,,historical_baseline,,fe33df9ae5456d8ee27133c42c244c81d150008ababc19399c7ed428638b57ea
4336,2023-03-02,7.35,7.39,7.35,7.39,5980,,,,,historical_baseline,,fe33df9ae5456d8ee27133c42c244c81d150008ababc19399c7ed428638b57ea
4336,2023-03-05,7.44,7.44,7.35,7.38,2223,,,,,historical_baseline,,fe33df9ae5456d8ee27133c42c244c81d150008ababc19399c7ed428638b57ea
4336,2023-03-06,7.38,7.38,7.38,7.38,0,,,,,historical_baseline,,fe33df9ae5456d8ee27133c42c244c81d150008ababc19399c7ed428638b57ea
4336,2023-03-07,7.38,7.38,7.38,7.38,0,,,,,historical_baseline,,fe33df9ae5456d8ee27133c42c244c81d150008ababc19399c7ed428638b57ea
4336,2023-03-08,7.45,7.45,7.4,7.44,2098,,,,,historical_baseline,,fe33df9ae5456d8ee27133c42c244c81d150008ababc19399c7ed428638b57ea
4336,2023-03-09,7.44,7.44,7.44,7.44,0,,,,,historical_baseline,,fe33df9ae5456d8ee27133c42c244c81d150008ababc19399c7ed428638b57ea
4336,2023-03-12,7.44,7.44,7.44,7.44,0,,,,,historical_baseline,,fe33df9ae5456d8ee27133c42c244c81d150008ababc19399c7ed428638b57ea
4336,2023-03-13,7.44,7.44,7.44,7.44,0,,,,,historical_baseline,,fe33df9ae5456d8ee27133c42c244c81d150008ababc19399c7ed428638b57ea
4336,2023-03-14,7.45,7.45,7.37,7.4,2268,,,,,historical_baseline,,fe33df9ae5456d8ee27133c42c244c81d150008ababc19399c7ed428638b57ea
4336,2023-03-15,7.25,7.25,7.12,7.12,3559,,,,,historical_baseline,,fe33df9ae5456d8ee27133c42c244c81d150008ababc19399c7ed428638b57ea
4336,2023-03-16,7.12,7.37,7.1,7.29,13506,,,,,historical_baseline,,fe33df9ae5456d8ee27133c42c244c81d150008ababc19399c7ed428638b57ea
4336,2023-03-19,7.29,7.29,7.29,7.29,0,,,,,historical_baseline,,fe33df9ae5456d8ee27133c42c244c81d150008ababc19399c7ed428638b57ea
4336,2023-03-20,7.28,7.28,7.28,7.28,0,,,,,historical_baseline,,fe33df9ae5456d8ee27133c42c244c81d150008ababc19399c7ed428638b57ea
4336,2023-03-21,7.32,7.32,7.32,7.32,2824,,,,,historical_baseline,,fe33df9ae5456d8ee27133c42c244c81d150008ababc19399c7ed428638b57ea
4336,2023-03-22,7.32,7.32,7.28,7.3,4000,,,,,historical_baseline,,fe33df9ae5456d8ee27133c42c244c81d150008ababc19399c7ed428638b57ea
4336,2023-03-23,7.32,7.32,7.31,7.31,19990,,,,,historical_baseline,,fe33df9ae5456d8ee27133c42c244c81d150008ababc19399c7ed428638b57ea
4336,2023-03-26,7.31,7.31,7.31,7.31,0,,,,,historical_baseline,,fe33df9ae5456d8ee27133c42c244c81d150008ababc19399c7ed428638b57ea
4336,2023-03-27,7.31,7.31,7.31,7.31,0,,,,,historical_baseline,,fe33df9ae5456d8ee27133c42c244c81d150008ababc19399c7ed428638b57ea
4336,2023-03-28,7.31,7.31,7.31,7.31,0,,,,,historical_baseline,,fe33df9ae5456d8ee27133c42c244c81d150008ababc19399c7ed428638b57ea
4336,2023-03-29,7.31,7.31,7.31,7.31,0,,,,,historical_baseline,,fe33df9ae5456d8ee27133c42c244c81d150008ababc19399c7ed428638b57ea
4336,2023-03-30,7.35,7.35,7.35,7.35,2250,,,,,historical_baseline,,fe33df9ae5456d8ee27133c42c244c81d150008ababc19399c7ed428638b57ea
4337,2023-03-01,5.39,5.42,5.39,5.42,58050,,,,,historical_baseline,,fe33df9ae5456d8ee27133c42c244c81d150008ababc19399c7ed428638b57ea
4337,2023-03-02,5.5,5.5,5.47,5.47,54979,,,,,historical_baseline,,fe33df9ae5456d8ee27133c42c244c81d150008ababc19399c7ed428638b57ea
4337,2023-03-05,5.5,5.53,5.5,5.53,55267,,,,,historical_baseline,,fe33df9ae5456d8ee27133c42c244c81d150008ababc19399c7ed428638b57ea
4337,2023-03-06,5.53,5.58,5.52,5.58,77384,,,,,historical_baseline,,fe33df9ae5456d8ee27133c42c244c81d150008ababc19399c7ed428638b57ea
4337,2023-03-07,5.58,5.58,5.58,5.58,32898,,,,,historical_baseline,,fe33df9ae5456d8ee27133c42c244c81d150008ababc19399c7ed428638b57ea
4337,2023-03-08,5.53,5.53,5.53,5.53,31985,,,,,historical_baseline,,fe33df9ae5456d8ee27133c42c244c81d150008ababc19399c7ed428638b57ea
4337,2023-03-09,5.57,5.57,5.5,5.5,48177,,,,,historical_baseline,,fe33df9ae5456d8ee27133c42c244c81d150008ababc19399c7ed428638b57ea
4337,2023-03-12,5.54,5.54,5.54,5.54,42010,,,,,historical_baseline,,fe33df9ae5456d8ee27133c42c244c81d150008ababc19399c7ed428638b57ea
4337,2023-03-13,5.52,5.52,5.49,5.49,35093,,,,,historical_baseline,,fe33df9ae5456d8ee27133c42c244c81d150008ababc19399c7ed428638b57ea
4337,2023-03-14,5.5,5.52,5.5,5.51,46426,,,,,historical_baseline,,fe33df9ae5456d8ee27133c42c244c81d150008ababc19399c7ed428638b57ea
4337,2023-03-15,5.5,5.5,5.48,5.48,54135,,,,,historical_baseline,,fe33df9ae5456d8ee27133c42c244c81d150008ababc19399c7ed428638b57ea
4337,2023-03-16,5.48,5.48,5.41,5.41,48812,,,,,historical_baseline,,fe33df9ae5456d8ee27133c42c244c81d150008ababc19399c7ed428638b57ea
4337,2023-03-19,5.43,5.44,5.42,5.43,62506,,,,,historical_baseline,,fe33df9ae5456d8ee27133c42c244c81d150008ababc19399c7ed428638b57ea
4337,2023-03-20,5.43,5.43,5.41,5.41,75908,,,,,historical_baseline,,fe33df9ae5456d8ee27133c42c244c81d150008ababc19399c7ed428638b57ea
4337,2023-03-21,5.43,5.44,5.43,5.44,42123,,,,,historical_baseline,,fe33df9ae5456d8ee27133c42c244c81d150008ababc19399c7ed428638b57ea
4337,2023-03-22,5.43,5.43,5.39,5.4,156303,,,,,historical_baseline,,fe33df9ae5456d8ee27133c42c244c81d150008ababc19399c7ed428638b57ea
4337,2023-03-23,5.36,5.41,5.35,5.38,143255,,,,,historical_baseline,,fe33df9ae5456d8ee27133c42c244c81d150008ababc19399c7ed428638b57ea
4337,2023-03-26,5.39,5.43,5.39,5.4,118333,,,,,historical_baseline,,fe33df9ae5456d8ee27133c42c244c81d150008ababc19399c7ed428638b57ea
4337,2023-03-27,5.46,5.46,5.39,5.39,347362,,,,,historical_baseline,,fe33df9ae5456d8ee27133c42c244c81d150008ababc19399c7ed428638b57ea
4337,2023-03-28,5.39,5.4,5.38,5.4,136275,,,,,historical_baseline,,fe33df9ae5456d8ee27133c42c244c81d150008ababc19399c7ed428638b57ea
4337,2023-03-29,5.42,5.52,5.4,5.52,350978,,,,,historical_baseline,,fe33df9ae5456d8ee27133c42c244c81d150008ababc19399c7ed428638b57ea
4337,2023-03-30,5.52,5.52,5.45,5.45,81268,,,,,historical_baseline,,fe33df9ae5456d8ee27133c42c244c81d150008ababc19399c7ed428638b57ea
4338,2023-03-01,9.55,9.75,9.55,9.74,6018,,,,,historical_baseline,,fe33df9ae5456d8ee27133c42c244c81d150008ababc19399c7ed428638b57ea
4338,2023-03-02,9.85,9.85,9.7,9.7,3173,,,,,historical_baseline,,fe33df9ae5456d8ee27133c42c244c81d150008ababc19399c7ed428638b57ea
4338,2023-03-05,9.7,9.7,9.7,9.7,4000,,,,,historical_baseline,,fe33df9ae5456d8ee27133c42c244c81d150008ababc19399c7ed428638b57ea
4338,2023-03-06,9.7,9.7,9.7,9.7,0,,,,,historical_baseline,,fe33df9ae5456d8ee27133c42c244c81d150008ababc19399c7ed428638b57ea
4338,2023-03-07,9.7,9.7,9.7,9.7,0,,,,,historical_baseline,,fe33df9ae5456d8ee27133c42c244c81d150008ababc19399c7ed428638b57ea
4338,2023-03-08,9.66,9.67,9.65,9.65,3000,,,,,historical_baseline,,fe33df9ae5456d8ee27133c42c244c81d150008ababc19399c7ed428638b57ea
4338,2023-03-09,9.65,9.65,9.65,9.65,0,,,,,historical_baseline,,fe33df9ae5456d8ee27133c42c244c81d150008ababc19399c7ed428638b57ea
4338,2023-03-12,9.65,9.65,9.65,9.65,0,,,,,historical_baseline,,fe33df9ae5456d8ee27133c42c244c81d150008ababc19399c7ed428638b57ea
4338,2023-03-13,9.65,9.65,9.65,9.65,0,,,,,historical_baseline,,fe33df9ae5456d8ee27133c42c244c81d150008ababc19399c7ed428638b57ea
4338,2023-03-14,9.76,9.76,9.74,9.76,15000,,,,,historical_baseline,,fe33df9ae5456d8ee27133c42c244c81d150008ababc19399c7ed428638b57ea
4338,2023-03-15,9.5,9.55,9.47,9.47,5000,,,,,historical_baseline,,fe33df9ae5456d8ee27133c42c244c81d150008ababc19399c7ed428638b57ea
4338,2023-03-16,9.4,9.4,9.3,9.3,6557,,,,,historical_baseline,,fe33df9ae5456d8ee27133c42c244c81d150008ababc19399c7ed428638b57ea
4338,2023-03-19,9.3,9.3,9.3,9.3,0,,,,,historical_baseline,,fe33df9ae5456d8ee27133c42c244c81d150008ababc19399c7ed428638b57ea
4338,2023-03-20,9.32,9.32,9.28,9.28,29865,,,,,historical_baseline,,fe33df9ae5456d8ee27133c42c244c81d150008ababc19399c7ed428638b57ea
4338,2023-03-21,9.26,9.27,9.26,9.27,1680,,,,,historical_baseline,,fe33df9ae5456d8ee27133c42c244c81d150008ababc19399c7ed428638b57ea
4338,2023-03-22,9.31,9.32,9.24,9.25,5000,,,,,historical_baseline,,fe33df9ae5456d8ee27133c42c244c81d150008ababc19399c7ed428638b57ea
4338,2023-03-23,9.24,9.28,9.24,9.28,4000,,,,,historical_baseline,,fe33df9ae5456d8ee27133c42c244c81d150008ababc19399c7ed428638b57ea
4338,2023-03-26,9.28,9.28,9.28,9.28,0,,,,,historical_baseline,,fe33df9ae5456d8ee27133c42c244c81d150008ababc19399c7ed428638b57ea
4338,2023-03-27,9.28,9.28,9.28,9.28,0,,,,,historical_baseline,,fe33df9ae5456d8ee27133c42c244c81d150008ababc19399c7ed428638b57ea
4338,2023-03-28,9.28,9.28,9.28,9.28,0,,,,,historical_baseline,,fe33df9ae5456d8ee27133c42c244c81d150008ababc19399c7ed428638b57ea
4338,2023-03-29,9.28,9.28,9.28,9.28,0,,,,,historical_baseline,,fe33df9ae5456d8ee27133c42c244c81d150008ababc19399c7ed428638b57ea
4338,2023-03-30,9.52,9.52,9.52,9.52,1678,,,,,historical_baseline,,fe33df9ae5456d8ee27133c42c244c81d150008ababc19399c7ed428638b57ea
4339,2023-03-01,9.84,9.92,9.84,9.92,1757,,,,,historical_baseline,,fe33df9ae5456d8ee27133c42c244c81d150008ababc19399c7ed428638b57ea
4339,2023-03-02,9.96,10.9,9.96,10.04,3557,,,,,historical_baseline,,fe33df9ae5456d8ee27133c42c244c81d150008ababc19399c7ed428638b57ea
4339,2023-03-05,10.04,10.1,9.97,9.97,2864,,,,,historical_baseline,,fe33df9ae5456d8ee27133c42c244c81d150008ababc19399c7ed428638b57ea
4339,2023-03-06,9.97,9.97,9.97,9.97,0,,,,,historical_baseline,,fe33df9ae5456d8ee27133c42c244c81d150008ababc19399c7ed428638b57ea
4339,2023-03-07,9.97,9.97,9.97,9.97,0,,,,,historical_baseline,,fe33df9ae5456d8ee27133c42c244c81d150008ababc19399c7ed428638b57ea
4339,2023-03-08,9.85,9.85,9.82,9.82,5197,,,,,historical_baseline,,fe33df9ae5456d8ee27133c42c244c81d150008ababc19399c7ed428638b57ea
4339,2023-03-09,9.82,9.82,9.82,9.82,0,,,,,historical_baseline,,fe33df9ae5456d8ee27133c42c244c81d150008ababc19399c7ed428638b57ea
4339,2023-03-12,9.82,9.82,9.82,9.82,0,,,,,historical_baseline,,fe33df9ae5456d8ee27133c42c244c81d150008ababc19399c7ed428638b57ea
4339,2023-03-13,9.82,9.82,9.82,9.82,0,,,,,historical_baseline,,fe33df9ae5456d8ee27133c42c244c81d150008ababc19399c7ed428638b57ea
4339,2023-03-14,9.92,9.97,9.92,9.94,1849,,,,,historical_baseline,,fe33df9ae5456d8ee27133c42c244c81d150008ababc19399c7ed428638b57ea
4339,2023-03-15,9.88,9.92,9.88,9.92,1715,,,,,historical_baseline,,fe33df9ae5456d8ee27133c42c244c81d150008ababc19399c7ed428638b57ea
4339,2023-03-16,9.92,9.92,9.8,9.8,6484,,,,,historical_baseline,,fe33df9ae5456d8ee27133c42c244c81d150008ababc19399c7ed428638b57ea
4339,2023-03-19,9.8,9.8,9.8,9.8,0,,,,,historical_baseline,,fe33df9ae5456d8ee27133c42c244c81d150008ababc19399c7ed428638b57ea
4339,2023-03-20,9.89,9.89,9.89,9.89,1700,,,,,historical_baseline,,fe33df9ae5456d8ee27133c42c244c81d150008ababc19399c7ed428638b57ea
4339,2023-03-21,9.9,9.9,9.88,9.9,7946,,,,,historical_baseline,,fe33df9ae5456d8ee27133c42c244c81d150008ababc19399c7ed428638b57ea
4339,2023-03-22,9.9,9.91,9.9,9.91,5000,,,,,historical_baseline,,fe33df9ae5456d8ee27133c42c244c81d150008ababc19399c7ed428638b57ea
4339,2023-03-23,9.91,9.96,9.9,9.93,2110,,,,,historical_baseline,,fe33df9ae5456d8ee27133c42c244c81d150008ababc19399c7ed428638b57ea
4339,2023-03-26,9.93,9.93,9.93,9.93,0,,,,,historical_baseline,,fe33df9ae5456d8ee27133c42c244c81d150008ababc19399c7ed428638b57ea
4339,2023-03-27,9.93,9.93,9.93,9.93,0,,,,,historical_baseline,,fe33df9ae5456d8ee27133c42c244c81d150008ababc19399c7ed428638b57ea
4339,2023-03-28,9.93,9.93,9.93,9.93,0,,,,,historical_baseline,,fe33df9ae5456d8ee27133c42c244c81d150008ababc19399c7ed428638b57ea
4339,2023-03-29,9.91,9.95,9.9,9.91,563,,,,,historical_baseline,,fe33df9ae5456d8ee27133c42c244c81d150008ababc19399c7ed428638b57ea
4339,2023-03-30,9.89,9.91,9.89,9.9,2320,,,,,historical_baseline,,fe33df9ae5456d8ee27133c42c244c81d150008ababc19399c7ed428638b57ea
4340,2023-03-01,9.5,9.5,9.4,9.4,4250,,,,,historical_baseline,,fe33df9ae5456d8ee27133c42c244c81d150008ababc19399c7ed428638b57ea
4340,2023-03-02,9.4,9.5,9.4,9.5,6988,,,,,historical_baseline,,fe33df9ae5456d8ee27133c42c244c81d150008ababc19399c7ed428638b57ea
4340,2023-03-05,9.41,9.5,9.41,9.45,1600,,,,,historical_baseline,,fe33df9ae5456d8ee27133c42c244c81d150008ababc19399c7ed428638b57ea
4340,2023-03-06,9.45,9.45,9.45,9.45,0,,,,,historical_baseline,,fe33df9ae5456d8ee27133c42c244c81d150008ababc19399c7ed428638b57ea
4340,2023-03-07,9.45,9.45,9.45,9.45,0,,,,,historical_baseline,,fe33df9ae5456d8ee27133c42c244c81d150008ababc19399c7ed428638b57ea
4340,2023-03-08,9.41,9.42,9.35,9.36,2235,,,,,historical_baseline,,fe33df9ae5456d8ee27133c42c244c81d150008ababc19399c7ed428638b57ea
4340,2023-03-09,9.36,9.36,9.36,9.36,0,,,,,historical_baseline,,fe33df9ae5456d8ee27133c42c244c81d150008ababc19399c7ed428638b57ea
4340,2023-03-12,9.36,9.36,9.36,9.36,0,,,,,historical_baseline,,fe33df9ae5456d8ee27133c42c244c81d150008ababc19399c7ed428638b57ea
4340,2023-03-13,9.36,9.36,9.36,9.36,0,,,,,historical_baseline,,fe33df9ae5456d8ee27133c42c244c81d150008ababc19399c7ed428638b57ea
4340,2023-03-14,9.46,9.49,9.46,9.49,1784,,,,,historical_baseline,,fe33df9ae5456d8ee27133c42c244c81d150008ababc19399c7ed428638b57ea
4340,2023-03-15,9.5,9.55,9.45,9.53,3767,,,,,historical_baseline,,fe33df9ae5456d8ee27133c42c244c81d150008ababc19399c7ed428638b57ea
4340,2023-03-16,9.5,9.53,9.5,9.53,7000,,,,,historical_baseline,,fe33df9ae5456d8ee27133c42c244c81d150008ababc19399c7ed428638b57ea
4340,2023-03-19,9.53,9.53,9.53,9.53,0,,,,,historical_baseline,,fe33df9ae5456d8ee27133c42c244c81d150008ababc19399c7ed428638b57ea
4340,2023-03-20,9.51,9.54,9.5,9.51,2193,,,,,historical_baseline,,fe33df9ae5456d8ee27133c42c244c81d150008ababc19399c7ed428638b57ea
4340,2023-03-21,9.55,9.58,9.55,9.56,2550,,,,,historical_baseline,,fe33df9ae5456d8ee27133c42c244c81d150008ababc19399c7ed428638b57ea
4340,2023-03-22,9.57,9.57,9.5,9.51,1979,,,,,historical_baseline,,fe33df9ae5456d8ee27133c42c244c81d150008ababc19399c7ed428638b57ea
4340,2023-03-23,9.54,9.54,9.54,9.54,3000,,,,,historical_baseline,,fe33df9ae5456d8ee27133c42c244c81d150008ababc19399c7ed428638b57ea
4340,2023-03-26,9.54,9.54,9.54,9.54,0,,,,,historical_baseline,,fe33df9ae5456d8ee27133c42c244c81d150008ababc19399c7ed428638b57ea
4340,2023-03-27,9.54,9.54,9.54,9.54,0,,,,,historical_baseline,,fe33df9ae5456d8ee27133c42c244c81d150008ababc19399c7ed428638b57ea
4340,2023-03-28,9.54,9.54,9.54,9.54,0,,,,,historical_baseline,,fe33df9ae5456d8ee27133c42c244c81d150008ababc19399c7ed428638b57ea
4340,2023-03-29,9.6,9.64,9.6,9.64,386,,,,,historical_baseline,,fe33df9ae5456d8ee27133c42c244c81d150008ababc19399c7ed428638b57ea
4340,2023-03-30,9.67,9.7,9.62,9.67,2709,,,,,historical_baseline,,fe33df9ae5456d8ee27133c42c244c81d150008ababc19399c7ed428638b57ea
4342,2023-03-01,12.16,12.2,12.16,12.18,3613,,,,,historical_baseline,,fe33df9ae5456d8ee27133c42c244c81d150008ababc19399c7ed428638b57ea
4342,2023-03-02,12.26,12.28,12.18,12.28,2555,,,,,historical_baseline,,fe33df9ae5456d8ee27133c42c244c81d150008ababc19399c7ed428638b57ea
4342,2023-03-05,12.18,12.18,12.18,12.18,2000,,,,,historical_baseline,,fe33df9ae5456d8ee27133c42c244c81d150008ababc19399c7ed428638b57ea
4342,2023-03-06,12.18,12.18,12.18,12.18,0,,,,,historical_baseline,,fe33df9ae5456d8ee27133c42c244c81d150008ababc19399c7ed428638b57ea
4342,2023-03-07,12.18,12.18,12.18,12.18,0,,,,,historical_baseline,,fe33df9ae5456d8ee27133c42c244c81d150008ababc19399c7ed428638b57ea
4342,2023-03-08,12.28,12.42,12.28,12.3,1264,,,,,historical_baseline,,fe33df9ae5456d8ee27133c42c244c81d150008ababc19399c7ed428638b57ea
4342,2023-03-09,12.3,12.3,12.3,12.3,0,,,,,historical_baseline,,fe33df9ae5456d8ee27133c42c244c81d150008ababc19399c7ed428638b57ea
4342,2023-03-12,12.3,12.3,12.3,12.3,0,,,,,historical_baseline,,fe33df9ae5456d8ee27133c42c244c81d150008ababc19399c7ed428638b57ea
4342,2023-03-13,12.3,12.3,12.3,12.3,0,,,,,historical_baseline,,fe33df9ae5456d8ee27133c42c244c81d150008ababc19399c7ed428638b57ea
4342,2023-03-14,12.36,12.54,12.36,12.5,1442,,,,,historical_baseline,,fe33df9ae5456d8ee27133c42c244c81d150008ababc19399c7ed428638b57ea
4342,2023-03-15,12.44,12.98,12.44,12.98,1383,,,,,historical_baseline,,fe33df9ae5456d8ee27133c42c244c81d150008ababc19399c7ed428638b57ea
4342,2023-03-16,12.82,12.82,12.52,12.52,5000,,,,,historical_baseline,,fe33df9ae5456d8ee27133c42c244c81d150008ababc19399c7ed428638b57ea
4342,2023-03-19,12.52,12.52,12.52,12.52,0,,,,,historical_baseline,,fe33df9ae5456d8ee27133c42c244c81d150008ababc19399c7ed428638b57ea
4342,2023-03-20,12.4,12.4,12.4,12.4,2762,,,,,historical_baseline,,fe33df9ae5456d8ee27133c42c244c81d150008ababc19399c7ed428638b57ea
4342,2023-03-21,12.46,12.46,12.4,12.42,1345,,,,,historical_baseline,,fe33df9ae5456d8ee27133c42c244c81d150008ababc19399c7ed428638b57ea
4342,2023-03-22,12.32,12.32,12.2,12.2,2000,,,,,historical_baseline,,fe33df9ae5456d8ee27133c42c244c81d150008ababc19399c7ed428638b57ea
4342,2023-03-23,12.3,12.42,12.3,12.3,1300,,,,,historical_baseline,,fe33df9ae5456d8ee27133c42c244c81d150008ababc19399c7ed428638b57ea
4342,2023-03-26,12.3,12.3,12.3,12.3,0,,,,,historical_baseline,,fe33df9ae5456d8ee27133c42c244c81d150008ababc19399c7ed428638b57ea
4342,2023-03-27,12.3,12.3,12.3,12.3,0,,,,,historical_baseline,,fe33df9ae5456d8ee27133c42c244c81d150008ababc19399c7ed428638b57ea
4342,2023-03-28,12.3,12.3,12.3,12.3,0,,,,,historical_baseline,,fe33df9ae5456d8ee27133c42c244c81d150008ababc19399c7ed428638b57ea
4342,2023-03-29,12.64,12.88,12.64,12.88,286,,,,,historical_baseline,,fe33df9ae5456d8ee27133c42c244c81d150008ababc19399c7ed428638b57ea
4342,2023-03-30,12.9,12.94,12.88,12.94,1196,,,,,historical_baseline,,fe33df9ae5456d8ee27133c42c244c81d150008ababc19399c7ed428638b57ea
4344,2023-03-01,10.14,10.14,10.14,10.14,1557,,,,,historical_baseline,,fe33df9ae5456d8ee27133c42c244c81d150008ababc19399c7ed428638b57ea
4344,2023-03-02,10.2,10.28,10.2,10.2,3000,,,,,historical_baseline,,fe33df9ae5456d8ee27133c42c244c81d150008ababc19399c7ed428638b57ea
4344,2023-03-05,10.22,10.22,10.18,10.18,6947,,,,,historical_baseline,,fe33df9ae5456d8ee27133c42c244c81d150008ababc19399c7ed428638b57ea
4344,2023-03-06,10.18,10.18,10.18,10.18,0,,,,,historical_baseline,,fe33df9ae5456d8ee27133c42c244c81d150008ababc19399c7ed428638b57ea
4344,2023-03-07,10.18,10.18,10.18,10.18,0,,,,,historical_baseline,,fe33df9ae5456d8ee27133c42c244c81d150008ababc19399c7ed428638b57ea
4344,2023-03-08,10.28,10.28,10.26,10.28,2226,,,,,historical_baseline,,fe33df9ae5456d8ee27133c42c244c81d150008ababc19399c7ed428638b57ea
4344,2023-03-09,10.28,10.28,10.28,10.28,0,,,,,historical_baseline,,fe33df9ae5456d8ee27133c42c244c81d150008ababc19399c7ed428638b57ea
4344,2023-03-12,10.28,10.28,10.28,10.28,0,,,,,historical_baseline,,fe33df9ae5456d8ee27133c42c244c81d150008ababc19399c7ed428638b57ea
4344,2023-03-13,10.28,10.28,10.28,10.28,0,,,,,historical_baseline,,fe33df9ae5456d8ee27133c42c244c81d150008ababc19399c7ed428638b57ea
4344,2023-03-14,10.24,10.24,10.16,10.24,6497,,,,,historical_baseline,,fe33df9ae5456d8ee27133c42c244c81d150008ababc19399c7ed428638b57ea
4344,2023-03-15,10.16,10.16,10.16,10.16,0,,,,,historical_baseline,,fe33df9ae5456d8ee27133c42c244c81d150008ababc19399c7ed428638b57ea
4344,2023-03-16,10.14,10.14,10.14,10.14,8703,,,,,historical_baseline,,fe33df9ae5456d8ee27133c42c244c81d150008ababc19399c7ed428638b57ea
4344,2023-03-19,10.14,10.14,10.14,10.14,0,,,,,historical_baseline,,fe33df9ae5456d8ee27133c42c244c81d150008ababc19399c7ed428638b57ea
4344,2023-03-20,10.12,10.2,10.12,10.2,3400,,,,,historical_baseline,,fe33df9ae5456d8ee27133c42c244c81d150008ababc19399c7ed428638b57ea
4344,2023-03-21,10.22,10.22,10.22,10.22,2500,,,,,historical_baseline,,fe33df9ae5456d8ee27133c42c244c81d150008ababc19399c7ed428638b57ea
4344,2023-03-22,10.18,10.18,10.14,10.16,3964,,,,,historical_baseline,,fe33df9ae5456d8ee27133c42c244c81d150008ababc19399c7ed428638b57ea
4344,2023-03-23,10.16,10.2,10.12,10.2,1749,,,,,historical_baseline,,fe33df9ae5456d8ee27133c42c244c81d150008ababc19399c7ed428638b57ea
4344,2023-03-26,10.2,10.2,10.2,10.2,0,,,,,historical_baseline,,fe33df9ae5456d8ee27133c42c244c81d150008ababc19399c7ed428638b57ea
4344,2023-03-27,10.2,10.2,10.2,10.2,0,,,,,historical_baseline,,fe33df9ae5456d8ee27133c42c244c81d150008ababc19399c7ed428638b57ea
4344,2023-03-28,10.2,10.2,10.2,10.2,0,,,,,historical_baseline,,fe33df9ae5456d8ee27133c42c244c81d150008ababc19399c7ed428638b57ea
4344,2023-03-29,10.24,10.26,10.22,10.26,172,,,,,historical_baseline,,fe33df9ae5456d8ee27133c42c244c81d150008ababc19399c7ed428638b57ea
4344,2023-03-30,10.26,10.26,10.26,10.26,2228,,,,,historical_baseline,,fe33df9ae5456d8ee27133c42c244c81d150008ababc19399c7ed428638b57ea
4345,2023-03-01,4.94,4.96,4.89,4.95,4118,,,,,historical_baseline,,fe33df9ae5456d8ee27133c42c244c81d150008ababc19399c7ed428638b57ea
4345,2023-03-02,4.92,4.96,4.9,4.92,5000,,,,,historical_baseline,,fe33df9ae5456d8ee27133c42c244c81d150008ababc19399c7ed428638b57ea
4345,2023-03-05,4.99,4.99,4.94,4.95,3177,,,,,historical_baseline,,fe33df9ae5456d8ee27133c42c244c81d150008ababc19399c7ed428638b57ea
4345,2023-03-06,4.95,4.95,4.95,4.95,0,,,,,historical_baseline,,fe33df9ae5456d8ee27133c42c244c81d150008ababc19399c7ed428638b57ea
4345,2023-03-07,4.95,4.95,4.95,4.95,0,,,,,historical_baseline,,fe33df9ae5456d8ee27133c42c244c81d150008ababc19399c7ed428638b57ea
4345,2023-03-08,4.95,4.95,4.95,4.95,4168,,,,,historical_baseline,,fe33df9ae5456d8ee27133c42c244c81d150008ababc19399c7ed428638b57ea
4345,2023-03-09,4.95,4.95,4.95,4.95,0,,,,,historical_baseline,,fe33df9ae5456d8ee27133c42c244c81d150008ababc19399c7ed428638b57ea
4345,2023-03-12,4.95,4.95,4.95,4.95,0,,,,,historical_baseline,,fe33df9ae5456d8ee27133c42c244c81d150008ababc19399c7ed428638b57ea
4345,2023-03-13,4.95,4.95,4.95,4.95,0,,,,,historical_baseline,,fe33df9ae5456d8ee27133c42c244c81d150008ababc19399c7ed428638b57ea
4345,2023-03-14,4.93,4.95,4.91,4.91,4905,,,,,historical_baseline,,fe33df9ae5456d8ee27133c42c244c81d150008ababc19399c7ed428638b57ea
4345,2023-03-15,4.9,4.91,4.88,4.88,5000,,,,,historical_baseline,,fe33df9ae5456d8ee27133c42c244c81d150008ababc19399c7ed428638b57ea
4345,2023-03-16,4.85,4.85,4.78,4.78,4440,,,,,historical_baseline,,fe33df9ae5456d8ee27133c42c244c81d150008ababc19399c7ed428638b57ea
4345,2023-03-19,4.78,4.78,4.78,4.78,0,,,,,historical_baseline,,fe33df9ae5456d8ee27133c42c244c81d150008ababc19399c7ed428638b57ea
4345,2023-03-20,4.84,4.84,4.77,4.77,5000,,,,,historical_baseline,,fe33df9ae5456d8ee27133c42c244c81d150008ababc19399c7ed428638b57ea
4345,2023-03-21,4.8,4.82,4.79,4.8,10004,,,,,historical_baseline,,fe33df9ae5456d8ee27133c42c244c81d150008ababc19399c7ed428638b57ea
4345,2023-03-22,4.81,4.84,4.8,4.8,4565,,,,,historical_baseline,,fe33df9ae5456d8ee27133c42c244c81d150008ababc19399c7ed428638b57ea
4345,2023-03-23,4.81,4.81,4.77,4.77,13777,,,,,historical_baseline,,fe33df9ae5456d8ee27133c42c244c81d150008ababc19399c7ed428638b57ea
4345,2023-03-26,4.77,4.77,4.77,4.77,0,,,,,historical_baseline,,fe33df9ae5456d8ee27133c42c244c81d150008ababc19399c7ed428638b57ea
4345,2023-03-27,4.77,4.77,4.77,4.77,0,,,,,historical_baseline,,fe33df9ae5456d8ee27133c42c244c81d150008ababc19399c7ed428638b57ea
4345,2023-03-28,4.77,4.77,4.77,4.77,0,,,,,historical_baseline,,fe33df9ae5456d8ee27133c42c244c81d150008ababc19399c7ed428638b57ea
4345,2023-03-29,4.77,4.77,4.77,4.77,0,,,,,historical_baseline,,fe33df9ae5456d8ee27133c42c244c81d150008ababc19399c7ed428638b57ea
4345,2023-03-30,4.88,4.88,4.88,4.88,3630,,,,,historical_baseline,,fe33df9ae5456d8ee27133c42c244c81d150008ababc19399c7ed428638b57ea
4346,2023-03-01,4.84,4.84,4.84,4.84,5977,,,,,historical_baseline,,fe33df9ae5456d8ee27133c42c244c81d150008ababc19399c7ed428638b57ea
4346,2023-03-02,4.86,4.87,4.86,4.87,4273,,,,,historical_baseline,,fe33df9ae5456d8ee27133c42c244c81d150008ababc19399c7ed428638b57ea
4346,2023-03-05,4.91,4.91,4.91,4.91,7279,,,,,historical_baseline,,fe33df9ae5456d8ee27133c42c244c81d150008ababc19399c7ed428638b57ea
4346,2023-03-06,4.91,4.91,4.91,4.91,0,,,,,historical_baseline,,fe33df9ae5456d8ee27133c42c244c81d150008ababc19399c7ed428638b57ea
4346,2023-03-07,4.91,4.91,4.91,4.91,0,,,,,historical_baseline,,fe33df9ae5456d8ee27133c42c244c81d150008ababc19399c7ed428638b57ea
4346,2023-03-08,4.92,4.92,4.92,4.92,0,,,,,historical_baseline,,fe33df9ae5456d8ee27133c42c244c81d150008ababc19399c7ed428638b57ea
4346,2023-03-09,4.92,4.92,4.92,4.92,0,,,,,historical_baseline,,fe33df9ae5456d8ee27133c42c244c81d150008ababc19399c7ed428638b57ea
4346,2023-03-12,4.92,4.92,4.92,4.92,0,,,,,historical_baseline,,fe33df9ae5456d8ee27133c42c244c81d150008ababc19399c7ed428638b57ea
4346,2023-03-13,4.92,4.92,4.92,4.92,0,,,,,historical_baseline,,fe33df9ae5456d8ee27133c42c244c81d150008ababc19399c7ed428638b57ea
4346,2023-03-14,4.94,4.94,4.94,4.94,35664,,,,,historical_baseline,,fe33df9ae5456d8ee27133c42c244c81d150008ababc19399c7ed428638b57ea
4346,2023-03-15,4.9,4.9,4.86,4.86,14000,,,,,historical_baseline,,fe33df9ae5456d8ee27133c42c244c81d150008ababc19399c7ed428638b57ea
4346,2023-03-16,4.8,4.82,4.8,4.82,4000,,,,,historical_baseline,,fe33df9ae5456d8ee27133c42c244c81d150008ababc19399c7ed428638b57ea
4346,2023-03-19,4.82,4.82,4.82,4.82,0,,,,,historical_baseline,,fe33df9ae5456d8ee27133c42c244c81d150008ababc19399c7ed428638b57ea
4346,2023-03-20,4.79,4.79,4.77,4.77,4219,,,,,historical_baseline,,fe33df9ae5456d8ee27133c42c244c81d150008ababc19399c7ed428638b57ea
4346,2023-03-21,4.79,4.82,4.79,4.81,9095,,,,,historical_baseline,,fe33df9ae5456d8ee27133c42c244c81d150008ababc19399c7ed428638b57ea
4346,2023-03-22,4.81,4.81,4.8,4.8,26825,,,,,historical_baseline,,fe33df9ae5456d8ee27133c42c244c81d150008ababc19399c7ed428638b57ea
4346,2023-03-23,4.79,4.79,4.79,4.79,4970,,,,,historical_baseline,,fe33df9ae5456d8ee27133c42c244c81d150008ababc19399c7ed428638b57ea
4346,2023-03-26,4.79,4.79,4.79,4.79,0,,,,,historical_baseline,,fe33df9ae5456d8ee27133c42c244c81d150008ababc19399c7ed428638b57ea
4346,2023-03-27,4.79,4.79,4.79,4.79,0,,,,,historical_baseline,,fe33df9ae5456d8ee27133c42c244c81d150008ababc19399c7ed428638b57ea
4346,2023-03-28,4.79,4.79,4.79,4.79,0,,,,,historical_baseline,,fe33df9ae5456d8ee27133c42c244c81d150008ababc19399c7ed428638b57ea
4346,2023-03-29,4.79,4.79,4.79,4.79,0,,,,,historical_baseline,,fe33df9ae5456d8ee27133c42c244c81d150008ababc19399c7ed428638b57ea
4346,2023-03-30,4.89,4.9,4.89,4.9,3672,,,,,historical_baseline,,fe33df9ae5456d8ee27133c42c244c81d150008ababc19399c7ed428638b57ea
4347,2023-03-01,9.05,9.1,9.05,9.1,1829,,,,,historical_baseline,,fe33df9ae5456d8ee27133c42c244c81d150008ababc19399c7ed428638b57ea
4347,2023-03-02,9.12,9.12,9.12,9.12,17880,,,,,historical_baseline,,fe33df9ae5456d8ee27133c42c244c81d150008ababc19399c7ed428638b57ea
4347,2023-03-05,9.15,9.19,9.12,9.12,2182,,,,,historical_baseline,,fe33df9ae5456d8ee27133c42c244c81d150008ababc19399c7ed428638b57ea
4347,2023-03-06,9.12,9.12,9.12,9.12,0,,,,,historical_baseline,,fe33df9ae5456d8ee27133c42c244c81d150008ababc19399c7ed428638b57ea
4347,2023-03-07,9.12,9.12,9.12,9.12,0,,,,,historical_baseline,,fe33df9ae5456d8ee27133c42c244c81d150008ababc19399c7ed428638b57ea
4347,2023-03-08,9.14,9.15,9.09,9.09,5999,,,,,historical_baseline,,fe33df9ae5456d8ee27133c42c244c81d150008ababc19399c7ed428638b57ea
4347,2023-03-09,9.09,9.09,9.09,9.09,0,,,,,historical_baseline,,fe33df9ae5456d8ee27133c42c244c81d150008ababc19399c7ed428638b57ea
4347,2023-03-12,9.09,9.09,9.09,9.09,0,,,,,historical_baseline,,fe33df9ae5456d8ee27133c42c244c81d150008ababc19399c7ed428638b57ea
4347,2023-03-13,9.09,9.09,9.09,9.09,0,,,,,historical_baseline,,fe33df9ae5456d8ee27133c42c244c81d150008ababc19399c7ed428638b57ea
4347,2023-03-14,9.11,9.13,9.1,9.12,3795,,,,,historical_baseline,,fe33df9ae5456d8ee27133c42c244c81d150008ababc19399c7ed428638b57ea
4347,2023-03-15,9.08,9.09,9.08,9.09,2174,,,,,historical_baseline,,fe33df9ae5456d8ee27133c42c244c81d150008ababc19399c7ed428638b57ea
4347,2023-03-16,9.09,9.26,9.08,9.26,4546,,,,,historical_baseline,,fe33df9ae5456d8ee27133c42c244c81d150008ababc19399c7ed428638b57ea
4347,2023-03-19,9.26,9.26,9.26,9.26,0,,,,,historical_baseline,,fe33df9ae5456d8ee27133c42c244c81d150008ababc19399c7ed428638b57ea
4347,2023-03-20,9.18,9.18,9.12,9.13,3000,,,,,historical_baseline,,fe33df9ae5456d8ee27133c42c244c81d150008ababc19399c7ed428638b57ea
4347,2023-03-21,9.19,9.22,9.15,9.17,4500,,,,,historical_baseline,,fe33df9ae5456d8ee27133c42c244c81d150008ababc19399c7ed428638b57ea
4347,2023-03-22,9.17,9.19,9.15,9.19,2061,,,,,historical_baseline,,fe33df9ae5456d8ee27133c42c244c81d150008ababc19399c7ed428638b57ea
4347,2023-03-23,9.17,9.19,9.14,9.14,3000,,,,,historical_baseline,,fe33df9ae5456d8ee27133c42c244c81d150008ababc19399c7ed428638b57ea
4347,2023-03-26,9.14,9.14,9.14,9.14,0,,,,,historical_baseline,,fe33df9ae5456d8ee27133c42c244c81d150008ababc19399c7ed428638b57ea
4347,2023-03-27,9.14,9.14,9.14,9.14,0,,,,,historical_baseline,,fe33df9ae5456d8ee27133c42c244c81d150008ababc19399c7ed428638b57ea
4347,2023-03-28,9.14,9.14,9.14,9.14,0,,,,,historical_baseline,,fe33df9ae5456d8ee27133c42c244c81d150008ababc19399c7ed428638b57ea
4347,2023-03-29,9.14,9.14,9.14,9.14,0,,,,,historical_baseline,,fe33df9ae5456d8ee27133c42c244c81d150008ababc19399c7ed428638b57ea
4347,2023-03-30,9.22,9.22,9.2,9.21,2500,,,,,historical_baseline,,fe33df9ae5456d8ee27133c42c244c81d150008ababc19399c7ed428638b57ea
4348,2023-03-01,7.0,7.01,7.0,7.01,15433,,,,,historical_baseline,,fe33df9ae5456d8ee27133c42c244c81d150008ababc19399c7ed428638b57ea
4348,2023-03-02,7.02,7.02,7.02,7.02,4434,,,,,historical_baseline,,fe33df9ae5456d8ee27133c42c244c81d150008ababc19399c7ed428638b57ea
4348,2023-03-05,7.02,7.02,7.02,7.02,3248,,,,,historical_baseline,,fe33df9ae5456d8ee27133c42c244c81d150008ababc19399c7ed428638b57ea
4348,2023-03-06,7.02,7.02,7.02,7.02,0,,,,,historical_baseline,,fe33df9ae5456d8ee27133c42c244c81d150008ababc19399c7ed428638b57ea
4348,2023-03-07,7.02,7.02,7.02,7.02,0,,,,,historical_baseline,,fe33df9ae5456d8ee27133c42c244c81d150008ababc19399c7ed428638b57ea
4348,2023-03-08,6.86,6.86,6.8,6.82,2451,,,,,historical_baseline,,fe33df9ae5456d8ee27133c42c244c81d150008ababc19399c7ed428638b57ea
4348,2023-03-09,6.82,6.82,6.82,6.82,0,,,,,historical_baseline,,fe33df9ae5456d8ee27133c42c244c81d150008ababc19399c7ed428638b57ea
4348,2023-03-12,6.82,6.82,6.82,6.82,0,,,,,historical_baseline,,fe33df9ae5456d8ee27133c42c244c81d150008ababc19399c7ed428638b57ea
4348,2023-03-13,6.82,6.82,6.82,6.82,0,,,,,historical_baseline,,fe33df9ae5456d8ee27133c42c244c81d150008ababc19399c7ed428638b57ea
4348,2023-03-14,6.78,6.84,6.78,6.8,5000,,,,,historical_baseline,,fe33df9ae5456d8ee27133c42c244c81d150008ababc19399c7ed428638b57ea
4348,2023-03-15,6.79,6.79,6.7,6.7,2500,,,,,historical_baseline,,fe33df9ae5456d8ee27133c42c244c81d150008ababc19399c7ed428638b57ea
4348,2023-03-16,6.7,6.7,6.61,6.64,2903,,,,,historical_baseline,,fe33df9ae5456d8ee27133c42c244c81d150008ababc19399c7ed428638b57ea
4348,2023-03-19,6.64,6.64,6.64,6.64,0,,,,,historical_baseline,,fe33df9ae5456d8ee27133c42c244c81d150008ababc19399c7ed428638b57ea
4348,2023-03-20,6.68,6.7,6.68,6.7,5117,,,,,historical_baseline,,fe33df9ae5456d8ee27133c42c244c81d150008ababc19399c7ed428638b57ea
4348,2023-03-21,6.7,6.75,6.7,6.75,10000,,,,,historical_baseline,,fe33df9ae5456d8ee27133c42c244c81d150008ababc19399c7ed428638b57ea
4348,2023-03-22,6.71,6.71,6.71,6.71,5916,,,,,historical_baseline,,fe33df9ae5456d8ee27133c42c244c81d150008ababc19399c7ed428638b57ea
4348,2023-03-23,6.74,6.76,6.74,6.74,4000,,,,,historical_baseline,,fe33df9ae5456d8ee27133c42c244c81d150008ababc19399c7ed428638b57ea
4348,2023-03-26,6.74,6.74,6.74,6.74,0,,,,,historical_baseline,,fe33df9ae5456d8ee27133c42c244c81d150008ababc19399c7ed428638b57ea
4348,2023-03-27,6.74,6.74,6.74,6.74,0,,,,,historical_baseline,,fe33df9ae5456d8ee27133c42c244c81d150008ababc19399c7ed428638b57ea
4348,2023-03-28,6.74,6.74,6.74,6.74,0,,,,,historical_baseline,,fe33df9ae5456d8ee27133c42c244c81d150008ababc19399c7ed428638b57ea
4348,2023-03-29,6.74,6.74,6.74,6.74,0,,,,,historical_baseline,,fe33df9ae5456d8ee27133c42c244c81d150008ababc19399c7ed428638b57ea
4348,2023-03-30,6.69,6.69,6.6,6.64,2398,,,,,historical_baseline,,fe33df9ae5456d8ee27133c42c244c81d150008ababc19399c7ed428638b57ea
5110,2023-03-01,22.0,22.1,21.74,21.78,4918,,,,,historical_baseline,,fe33df9ae5456d8ee27133c42c244c81d150008ababc19399c7ed428638b57ea
5110,2023-03-02,21.8,21.88,21.72,21.76,3000,,,,,historical_baseline,,fe33df9ae5456d8ee27133c42c244c81d150008ababc19399c7ed428638b57ea
5110,2023-03-05,21.76,21.92,21.76,21.9,4200,,,,,historical_baseline,,fe33df9ae5456d8ee27133c42c244c81d150008ababc19399c7ed428638b57ea
5110,2023-03-06,21.9,21.9,21.9,21.9,0,,,,,historical_baseline,,fe33df9ae5456d8ee27133c42c244c81d150008ababc19399c7ed428638b57ea
5110,2023-03-07,21.9,21.9,21.9,21.9,0,,,,,historical_baseline,,fe33df9ae5456d8ee27133c42c244c81d150008ababc19399c7ed428638b57ea
5110,2023-03-08,21.9,22.42,21.84,22.42,900,,,,,historical_baseline,,fe33df9ae5456d8ee27133c42c244c81d150008ababc19399c7ed428638b57ea
5110,2023-03-09,22.42,22.42,22.42,22.42,0,,,,,historical_baseline,,fe33df9ae5456d8ee27133c42c244c81d150008ababc19399c7ed428638b57ea
5110,2023-03-12,22.42,22.42,22.42,22.42,0,,,,,historical_baseline,,fe33df9ae5456d8ee27133c42c244c81d150008ababc19399c7ed428638b57ea
5110,2023-03-13,22.42,22.42,22.42,22.42,0,,,,,historical_baseline,,fe33df9ae5456d8ee27133c42c244c81d150008ababc19399c7ed428638b57ea
5110,2023-03-14,22.7,22.86,22.52,22.62,853,,,,,historical_baseline,,fe33df9ae5456d8ee27133c42c244c81d150008ababc19399c7ed428638b57ea
5110,2023-03-15,22.56,22.64,21.98,22.0,4698,,,,,historical_baseline,,fe33df9ae5456d8ee27133c42c244c81d150008ababc19399c7ed428638b57ea
5110,2023-03-16,22.3,22.36,22.0,22.0,527416,,,,,historical_baseline,,fe33df9ae5456d8ee27133c42c244c81d150008ababc19399c7ed428638b57ea
5110,2023-03-19,22.0,22.0,22.0,22.0,0,,,,,historical_baseline,,fe33df9ae5456d8ee27133c42c244c81d150008ababc19399c7ed428638b57ea
5110,2023-03-20,22.0,22.2,22.0,22.2,3045,,,,,historical_baseline,,fe33df9ae5456d8ee27133c42c244c81d150008ababc19399c7ed428638b57ea
5110,2023-03-21,22.2,22.68,22.14,22.68,3094,,,,,historical_baseline,,fe33df9ae5456d8ee27133c42c244c81d150008ababc19399c7ed428638b57ea
5110,2023-03-22,22.76,22.78,22.56,22.78,3340,,,,,historical_baseline,,fe33df9ae5456d8ee27133c42c244c81d150008ababc19399c7ed428638b57ea
5110,2023-03-23,22.52,23.4,22.52,23.4,3070,,,,,historical_baseline,,fe33df9ae5456d8ee27133c42c244c81d150008ababc19399c7ed428638b57ea
5110,2023-03-26,23.4,23.4,23.4,23.4,0,,,,,historical_baseline,,fe33df9ae5456d8ee27133c42c244c81d150008ababc19399c7ed428638b57ea
5110,2023-03-27,23.4,23.4,23.4,23.4,0,,,,,historical_baseline,,fe33df9ae5456d8ee27133c42c244c81d150008ababc19399c7ed428638b57ea
5110,2023-03-28,23.4,23.4,23.4,23.4,0,,,,,historical_baseline,,fe33df9ae5456d8ee27133c42c244c81d150008ababc19399c7ed428638b57ea
5110,2023-03-29,23.2,23.3,23.02,23.16,2233,,,,,historical_baseline,,fe33df9ae5456d8ee27133c42c244c81d150008ababc19399c7ed428638b57ea
5110,2023-03-30,23.12,23.36,23.08,23.36,11000,,,,,historical_baseline,,fe33df9ae5456d8ee27133c42c244c81d150008ababc19399c7ed428638b57ea
6001,2023-03-01,52.5,52.6,52.0,52.0,1000,,,,,historical_baseline,,fe33df9ae5456d8ee27133c42c244c81d150008ababc19399c7ed428638b57ea
6001,2023-03-02,52.1,52.4,51.7,52.2,332,,,,,historical_baseline,,fe33df9ae5456d8ee27133c42c244c81d150008ababc19399c7ed428638b57ea
6001,2023-03-05,52.2,52.9,52.2,52.6,334,,,,,historical_baseline,,fe33df9ae5456d8ee27133c42c244c81d150008ababc19399c7ed428638b57ea
6001,2023-03-06,52.6,52.6,52.6,52.6,0,,,,,historical_baseline,,fe33df9ae5456d8ee27133c42c244c81d150008ababc19399c7ed428638b57ea
6001,2023-03-07,52.6,52.6,52.6,52.6,0,,,,,historical_baseline,,fe33df9ae5456d8ee27133c42c244c81d150008ababc19399c7ed428638b57ea
6001,2023-03-08,53.4,55.9,53.1,54.7,630,,,,,historical_baseline,,fe33df9ae5456d8ee27133c42c244c81d150008ababc19399c7ed428638b57ea
6001,2023-03-09,54.7,54.7,54.7,54.7,0,,,,,historical_baseline,,fe33df9ae5456d8ee27133c42c244c81d150008ababc19399c7ed428638b57ea
6001,2023-03-12,54.7,54.7,54.7,54.7,0,,,,,historical_baseline,,fe33df9ae5456d8ee27133c42c244c81d150008ababc19399c7ed428638b57ea
6001,2023-03-13,54.7,54.7,54.7,54.7,0,,,,,historical_baseline,,fe33df9ae5456d8ee27133c42c244c81d150008ababc19399c7ed428638b57ea
6001,2023-03-14,53.6,54.0,52.3,52.3,500,,,,,historical_baseline,,fe33df9ae5456d8ee27133c42c244c81d150008ababc19399c7ed428638b57ea
6001,2023-03-15,52.0,52.2,51.0,52.1,500,,,,,historical_baseline,,fe33df9ae5456d8ee27133c42c244c81d150008ababc19399c7ed428638b57ea
6001,2023-03-16,51.5,51.9,51.0,51.0,333,,,,,historical_baseline,,fe33df9ae5456d8ee27133c42c244c81d150008ababc19399c7ed428638b57ea
6001,2023-03-19,51.0,51.0,51.0,51.0,0,,,,,historical_baseline,,fe33df9ae5456d8ee27133c42c244c81d150008ababc19399c7ed428638b57ea
6001,2023-03-20,50.9,51.4,50.8,50.9,458,,,,,historical_baseline,,fe33df9ae5456d8ee27133c42c244c81d150008ababc19399c7ed428638b57ea
6001,2023-03-21,51.3,52.8,51.1,52.0,500,,,,,historical_baseline,,fe33df9ae5456d8ee27133c42c244c81d150008ababc19399c7ed428638b57ea
6001,2023-03-22,52.1,53.1,51.8,52.0,357,,,,,historical_baseline,,fe33df9ae5456d8ee27133c42c244c81d150008ababc19399c7ed428638b57ea
6001,2023-03-23,52.0,52.0,51.6,51.6,315,,,,,historical_baseline,,fe33df9ae5456d8ee27133c42c244c81d150008ababc19399c7ed428638b57ea
6001,2023-03-26,51.6,51.6,51.6,51.6,0,,,,,historical_baseline,,fe33df9ae5456d8ee27133c42c244c81d150008ababc19399c7ed428638b57ea
6001,2023-03-27,51.6,51.6,51.6,51.6,0,,,,,historical_baseline,,fe33df9ae5456d8ee27133c42c244c81d150008ababc19399c7ed428638b57ea
6001,2023-03-28,51.6,51.6,51.6,51.6,0,,,,,historical_baseline,,fe33df9ae5456d8ee27133c42c244c81d150008ababc19399c7ed428638b57ea
6001,2023-03-29,52.2,54.4,52.2,54.2,1298,,,,,historical_baseline,,fe33df9ae5456d8ee27133c42c244c81d150008ababc19399c7ed428638b57ea
6001,2023-03-30,54.4,55.9,54.0,54.9,1000,,,,,historical_baseline,,fe33df9ae5456d8ee27133c42c244c81d150008ababc19399c7ed428638b57ea
6002,2023-03-01,34.3,34.5,34.0,34.4,472,,,,,historical_baseline,,fe33df9ae5456d8ee27133c42c244c81d150008ababc19399c7ed428638b57ea
6002,2023-03-02,34.1,34.45,34.05,34.4,800,,,,,historical_baseline,,fe33df9ae5456d8ee27133c42c244c81d150008ababc19399c7ed428638b57ea
6002,2023-03-05,34.4,34.7,34.25,34.7,1000,,,,,historical_baseline,,fe33df9ae5456d8ee27133c42c244c81d150008ababc19399c7ed428638b57ea
6002,2023-03-06,34.7,34.7,34.7,34.7,0,,,,,historical_baseline,,fe33df9ae5456d8ee27133c42c244c81d150008ababc19399c7ed428638b57ea
6002,2023-03-07,34.7,34.7,34.7,34.7,0,,,,,historical_baseline,,fe33df9ae5456d8ee27133c42c244c81d150008ababc19399c7ed428638b57ea
6002,2023-03-08,34.7,34.7,34.2,34.65,538,,,,,historical_baseline,,fe33df9ae5456d8ee27133c42c244c81d150008ababc19399c7ed428638b57ea
6002,2023-03-09,34.65,34.65,34.65,34.65,0,,,,,historical_baseline,,fe33df9ae5456d8ee27133c42c244c81d150008ababc19399c7ed428638b57ea
6002,2023-03-12,34.65,34.65,34.65,34.65,0,,,,,historical_baseline,,fe33df9ae5456d8ee27133c42c244c81d150008ababc19399c7ed428638b57ea
6002,2023-03-13,34.65,34.65,34.65,34.65,0,,,,,historical_baseline,,fe33df9ae5456d8ee27133c42c244c81d150008ababc19399c7ed428638b57ea
6002,2023-03-14,35.25,35.35,34.8,35.2,933,,,,,historical_baseline,,fe33df9ae5456d8ee27133c42c244c81d150008ababc19399c7ed428638b57ea
6002,2023-03-15,35.05,35.1,34.15,34.3,500,,,,,historical_baseline,,fe33df9ae5456d8ee27133c42c244c81d150008ababc19399c7ed428638b57ea
6002,2023-03-16,31.3,33.1,31.3,32.0,696,,,,,historical_baseline,,fe33df9ae5456d8ee27133c42c244c81d150008ababc19399c7ed428638b57ea
6002,2023-03-19,32.0,32.0,32.0,32.0,0,,,,,historical_baseline,,fe33df9ae5456d8ee27133c42c244c81d150008ababc19399c7ed428638b57ea
6002,2023-03-20,31.6,32.0,31.4,31.8,517,,,,,historical_baseline,,fe33df9ae5456d8ee27133c42c244c81d150008ababc19399c7ed428638b57ea
6002,2023-03-21,31.8,32.2,31.7,32.15,1294,,,,,historical_baseline,,fe33df9ae5456d8ee27133c42c244c81d150008ababc19399c7ed428638b57ea
6002,2023-03-22,32.2,32.4,32.0,32.0,500,,,,,historical_baseline,,fe33df9ae5456d8ee27133c42c244c81d150008ababc19399c7ed428638b57ea
6002,2023-03-23,32.0,32.1,31.8,32.0,964,,,,,historical_baseline,,fe33df9ae5456d8ee27133c42c244c81d150008ababc19399c7ed428638b57ea
6002,2023-03-26,32.0,32.0,32.0,32.0,0,,,,,historical_baseline,,fe33df9ae5456d8ee27133c42c244c81d150008ababc19399c7ed428638b57ea
6002,2023-03-27,32.0,32.0,32.0,32.0,0,,,,,historical_baseline,,fe33df9ae5456d8ee27133c42c244c81d150008ababc19399c7ed428638b57ea
6002,2023-03-28,32.0,32.0,32.0,32.0,0,,,,,historical_baseline,,fe33df9ae5456d8ee27133c42c244c81d150008ababc19399c7ed428638b57ea
6002,2023-03-29,33.45,33.5,32.65,32.65,620,,,,,historical_baseline,,fe33df9ae5456d8ee27133c42c244c81d150008ababc19399c7ed428638b57ea
6002,2023-03-30,32.65,33.1,32.6,32.7,1000,,,,,historical_baseline,,fe33df9ae5456d8ee27133c42c244c81d150008ababc19399c7ed428638b57ea
6004,2023-03-01,79.4,80.8,79.1,80.4,213,,,,,historical_baseline,,fe33df9ae5456d8ee27133c42c244c81d150008ababc19399c7ed428638b57ea
6004,2023-03-02,80.3,80.6,79.3,80.3,228,,,,,historical_baseline,,fe33df9ae5456d8ee27133c42c244c81d150008ababc19399c7ed428638b57ea
6004,2023-03-05,80.4,82.5,80.2,82.5,500,,,,,historical_baseline,,fe33df9ae5456d8ee27133c42c244c81d150008ababc19399c7ed428638b57ea
6004,2023-03-06,82.5,82.5,82.5,82.5,0,,,,,historical_baseline,,fe33df9ae5456d8ee27133c42c244c81d150008ababc19399c7ed428638b57ea
6004,2023-03-07,82.5,82.5,82.5,82.5,0,,,,,historical_baseline,,fe33df9ae5456d8ee27133c42c244c81d150008ababc19399c7ed428638b57ea
6004,2023-03-08,82.5,83.8,82.1,83.5,233,,,,,historical_baseline,,fe33df9ae5456d8ee27133c42c244c81d150008ababc19399c7ed428638b57ea
6004,2023-03-09,83.5,83.5,83.5,83.5,0,,,,,historical_baseline,,fe33df9ae5456d8ee27133c42c244c81d150008ababc19399c7ed428638b57ea
6004,2023-03-12,83.5,83.5,83.5,83.5,0,,,,,historical_baseline,,fe33df9ae5456d8ee27133c42c244c81d150008ababc19399c7ed428638b57ea
6004,2023-03-13,83.5,83.5,83.5,83.5,0,,,,,historical_baseline,,fe33df9ae5456d8ee27133c42c244c81d150008ababc19399c7ed428638b57ea
6004,2023-03-14,84.2,84.3,81.0,81.5,1280,,,,,historical_baseline,,fe33df9ae5456d8ee27133c42c244c81d150008ababc19399c7ed428638b57ea
6004,2023-03-15,82.9,83.0,80.7,80.7,200,,,,,historical_baseline,,fe33df9ae5456d8ee27133c42c244c81d150008ababc19399c7ed428638b57ea
6004,2023-03-16,81.0,82.1,80.0,81.2,200,,,,,historical_baseline,,fe33df9ae5456d8ee27133c42c244c81d150008ababc19399c7ed428638b57ea
6004,2023-03-19,81.2,81.2,81.2,81.2,0,,,,,historical_baseline,,fe33df9ae5456d8ee27133c42c244c81d150008ababc19399c7ed428638b57ea
6004,2023-03-20,82.4,82.4,81.6,82.1,350,,,,,historical_baseline,,fe33df9ae5456d8ee27133c42c244c81d150008ababc19399c7ed428638b57ea
6004,2023-03-21,82.3,82.4,81.2,82.0,500,,,,,historical_baseline,,fe33df9ae5456d8ee27133c42c244c81d150008ababc19399c7ed428638b57ea
6004,2023-03-22,81.8,82.0,80.9,81.0,525,,,,,historical_baseline,,fe33df9ae5456d8ee27133c42c244c81d150008ababc19399c7ed428638b57ea
6004,2023-03-23,84.4,85.9,83.8,85.1,950,,,,,historical_baseline,,fe33df9ae5456d8ee27133c42c244c81d150008ababc19399c7ed428638b57ea
6004,2023-03-26,85.1,85.1,85.1,85.1,0,,,,,historical_baseline,,fe33df9ae5456d8ee27133c42c244c81d150008ababc19399c7ed428638b57ea
6004,2023-03-27,85.1,85.1,85.1,85.1,0,,,,,historical_baseline,,fe33df9ae5456d8ee27133c42c244c81d150008ababc19399c7ed428638b57ea
6004,2023-03-28,85.1,85.1,85.1,85.1,0,,,,,historical_baseline,,fe33df9ae5456d8ee27133c42c244c81d150008ababc19399c7ed428638b57ea
6004,2023-03-29,85.1,87.1,85.1,86.1,2561,,,,,historical_baseline,,fe33df9ae5456d8ee27133c42c244c81d150008ababc19399c7ed428638b57ea
6004,2023-03-30,86.3,86.3,85.5,85.8,805,,,,,historical_baseline,,fe33df9ae5456d8ee27133c42c244c81d150008ababc19399c7ed428638b57ea
6010,2023-03-01,11.53,11.57,11.52,11.52,1830,,,,,historical_baseline,,fe33df9ae5456d8ee27133c42c244c81d150008ababc19399c7ed428638b57ea
6010,2023-03-02,11.54,11.72,11.51,11.71,2041,,,,,historical_baseline,,fe33df9ae5456d8ee27133c42c244c81d150008ababc19399c7ed428638b57ea
6010,2023-03-05,11.76,11.87,11.69,11.72,1476,,,,,historical_baseline,,fe33df9ae5456d8ee27133c42c244c81d150008ababc19399c7ed428638b57ea
6010,2023-03-06,11.72,11.72,11.72,11.72,0,,,,,historical_baseline,,fe33df9ae5456d8ee27133c42c244c81d150008ababc19399c7ed428638b57ea
6010,2023-03-07,11.72,11.72,11.72,11.72,0,,,,,historical_baseline,,fe33df9ae5456d8ee27133c42c244c81d150008ababc19399c7ed428638b57ea
6010,2023-03-08,11.52,11.71,11.48,11.54,1367,,,,,historical_baseline,,fe33df9ae5456d8ee27133c42c244c81d150008ababc19399c7ed428638b57ea
6010,2023-03-09,11.54,11.54,11.54,11.54,0,,,,,historical_baseline,,fe33df9ae5456d8ee27133c42c244c81d150008ababc19399c7ed428638b57ea
6010,2023-03-12,11.54,11.54,11.54,11.54,0,,,,,historical_baseline,,fe33df9ae5456d8ee27133c42c244c81d150008ababc19399c7ed428638b57ea
6010,2023-03-13,11.54,11.54,11.54,11.54,0,,,,,historical_baseline,,fe33df9ae5456d8ee27133c42c244c81d150008ababc19399c7ed428638b57ea
6010,2023-03-14,11.49,11.61,11.49,11.55,3886,,,,,historical_baseline,,fe33df9ae5456d8ee27133c42c244c81d150008ababc19399c7ed428638b57ea
6010,2023-03-15,12.29,12.57,12.02,12.29,1792,,,,,historical_baseline,,fe33df9ae5456d8ee27133c42c244c81d150008ababc19399c7ed428638b57ea
6010,2023-03-16,12.17,12.24,11.9,12.05,1723,,,,,historical_baseline,,fe33df9ae5456d8ee27133c42c244c81d150008ababc19399c7ed428638b57ea
6010,2023-03-19,12.05,12.05,12.05,12.05,0,,,,,historical_baseline,,fe33df9ae5456d8ee27133c42c244c81d150008ababc19399c7ed428638b57ea
6010,2023-03-20,12.36,12.65,12.22,12.29,1882,,,,,historical_baseline,,fe33df9ae5456d8ee27133c42c244c81d150008ababc19399c7ed428638b57ea
6010,2023-03-21,12.31,12.62,12.26,12.46,1418,,,,,historical_baseline,,fe33df9ae5456d8ee27133c42c244c81d150008ababc19399c7ed428638b57ea
6010,2023-03-22,12.46,12.57,12.38,12.46,2800,,,,,historical_baseline,,fe33df9ae5456d8ee27133c42c244c81d150008ababc19399c7ed428638b57ea
6010,2023-03-23,12.46,12.98,12.46,12.91,2091,,,,,historical_baseline,,fe33df9ae5456d8ee27133c42c244c81d150008ababc19399c7ed428638b57ea
6010,2023-03-26,12.91,12.91,12.91,12.91,0,,,,,historical_baseline,,fe33df9ae5456d8ee27133c42c244c81d150008ababc19399c7ed428638b57ea
6010,2023-03-27,12.91,12.91,12.91,12.91,0,,,,,historical_baseline,,fe33df9ae5456d8ee27133c42c244c81d150008ababc19399c7ed428638b57ea
6010,2023-03-28,12.91,12.91,12.91,12.91,0,,,,,historical_baseline,,fe33df9ae5456d8ee27133c42c244c81d150008ababc19399c7ed428638b57ea
6010,2023-03-29,13.15,13.24,13.08,13.17,1369,,,,,historical_baseline,,fe33df9ae5456d8ee27133c42c244c81d150008ababc19399c7ed428638b57ea
6010,2023-03-30,13.2,13.24,13.15,13.22,1660,,,,,historical_baseline,,fe33df9ae5456d8ee27133c42c244c81d150008ababc19399c7ed428638b57ea
6012,2023-03-01,23.54,24.0,23.54,24.0,5000,,,,,historical_baseline,,fe33df9ae5456d8ee27133c42c244c81d150008ababc19399c7ed428638b57ea
6012,2023-03-02,24.28,24.86,24.1,24.2,731,,,,,historical_baseline,,fe33df9ae5456d8ee27133c42c244c81d150008ababc19399c7ed428638b57ea
6012,2023-03-05,24.8,24.8,24.24,24.4,863,,,,,historical_baseline,,fe33df9ae5456d8ee27133c42c244c81d150008ababc19399c7ed428638b57ea
6012,2023-03-06,24.4,24.4,24.4,24.4,0,,,,,historical_baseline,,fe33df9ae5456d8ee27133c42c244c81d150008ababc19399c7ed428638b57ea
6012,2023-03-07,24.4,24.4,24.4,24.4,0,,,,,historical_baseline,,fe33df9ae5456d8ee27133c42c244c81d150008ababc19399c7ed428638b57ea
6012,2023-03-08,24.5,24.7,24.26,24.3,740,,,,,historical_baseline,,fe33df9ae5456d8ee27133c42c244c81d150008ababc19399c7ed428638b57ea
6012,2023-03-09,24.3,24.3,24.3,24.3,0,,,,,historical_baseline,,fe33df9ae5456d8ee27133c42c244c81d150008ababc19399c7ed428638b57ea
6012,2023-03-12,24.3,24.3,24.3,24.3,0,,,,,historical_baseline,,fe33df9ae5456d8ee27133c42c244c81d150008ababc19399c7ed428638b57ea
6012,2023-03-13,24.3,24.3,24.3,24.3,0,,,,,historical_baseline,,fe33df9ae5456d8ee27133c42c244c81d150008ababc19399c7ed428638b57ea
6012,2023-03-14,24.4,24.82,24.4,24.64,700,,,,,historical_baseline,,fe33df9ae5456d8ee27133c42c244c81d150008ababc19399c7ed428638b57ea
6012,2023-03-15,24.9,25.7,24.24,24.26,716,,,,,historical_baseline,,fe33df9ae5456d8ee27133c42c244c81d150008ababc19399c7ed428638b57ea
6012,2023-03-16,24.26,24.68,23.8,24.64,678,,,,,historical_baseline,,fe33df9ae5456d8ee27133c42c244c81d150008ababc19399c7ed428638b57ea
6012,2023-03-19,24.64,24.64,24.64,24.64,0,,,,,historical_baseline,,fe33df9ae5456d8ee27133c42c244c81d150008ababc19399c7ed428638b57ea
6012,2023-03-20,24.92,25.2,24.5,24.78,2504,,,,,historical_baseline,,fe33df9ae5456d8ee27133c42c244c81d150008ababc19399c7ed428638b57ea
6012,2023-03-21,25.0,25.5,24.86,25.5,891,,,,,historical_baseline,,fe33df9ae5456d8ee27133c42c244c81d150008ababc19399c7ed428638b57ea
6012,2023-03-22,25.9,26.0,25.0,25.15,755,,,,,historical_baseline,,fe33df9ae5456d8ee27133c42c244c81d150008ababc19399c7ed428638b57ea
6012,2023-03-23,25.0,25.5,24.62,25.0,2487,,,,,historical_baseline,,fe33df9ae5456d8ee27133c42c244c81d150008ababc19399c7ed428638b57ea
6012,2023-03-26,25.0,25.0,25.0,25.0,0,,,,,historical_baseline,,fe33df9ae5456d8ee27133c42c244c81d150008ababc19399c7ed428638b57ea
6012,2023-03-27,25.0,25.0,25.0,25.0,0,,,,,historical_baseline,,fe33df9ae5456d8ee27133c42c244c81d150008ababc19399c7ed428638b57ea
6012,2023-03-28,25.0,25.0,25.0,25.0,0,,,,,historical_baseline,,fe33df9ae5456d8ee27133c42c244c81d150008ababc19399c7ed428638b57ea
6012,2023-03-29,25.85,27.35,25.85,26.05,1931,,,,,historical_baseline,,fe33df9ae5456d8ee27133c42c244c81d150008ababc19399c7ed428638b57ea
6012,2023-03-30,26.15,26.3,25.3,25.35,3575,,,,,historical_baseline,,fe33df9ae5456d8ee27133c42c244c81d150008ababc19399c7ed428638b57ea
6013,2023-03-01,158.4,159.6,158.2,158.2,95,,,,,historical_baseline,,fe33df9ae5456d8ee27133c42c244c81d150008ababc19399c7ed428638b57ea
6013,2023-03-02,157.8,160.0,157.8,158.2,239,,,,,historical_baseline,,fe33df9ae5456d8ee27133c42c244c81d150008ababc19399c7ed428638b57ea
6013,2023-03-05,158.8,159.8,158.0,158.6,100,,,,,historical_baseline,,fe33df9ae5456d8ee27133c42c244c81d150008ababc19399c7ed428638b57ea
6013,2023-03-06,158.6,158.6,158.6,158.6,0,,,,,historical_baseline,,fe33df9ae5456d8ee27133c42c244c81d150008ababc19399c7ed428638b57ea
6013,2023-03-07,158.6,158.6,158.6,158.6,0,,,,,historical_baseline,,fe33df9ae5456d8ee27133c42c244c81d150008ababc19399c7ed428638b57ea
6013,2023-03-08,159.4,159.4,157.2,158.0,100,,,,,historical_baseline,,fe33df9ae5456d8ee27133c42c244c81d150008ababc19399c7ed428638b57ea
6013,2023-03-09,158.0,158.0,158.0,158.0,0,,,,,historical_baseline,,fe33df9ae5456d8ee27133c42c244c81d150008ababc19399c7ed428638b57ea
6013,2023-03-12,158.0,158.0,158.0,158.0,0,,,,,historical_baseline,,fe33df9ae5456d8ee27133c42c244c81d150008ababc19399c7ed428638b57ea
6013,2023-03-13,158.0,158.0,158.0,158.0,0,,,,,historical_baseline,,fe33df9ae5456d8ee27133c42c244c81d150008ababc19399c7ed428638b57ea
6013,2023-03-14,156.4,158.2,154.6,158.0,110,,,,,historical_baseline,,fe33df9ae5456d8ee27133c42c244c81d150008ababc19399c7ed428638b57ea
6013,2023-03-15,154.8,155.4,152.0,152.4,200,,,,,historical_baseline,,fe33df9ae5456d8ee27133c42c244c81d150008ababc19399c7ed428638b57ea
6013,2023-03-16,151.4,155.0,149.0,153.8,200,,,,,historical_baseline,,fe33df9ae5456d8ee27133c42c244c81d150008ababc19399c7ed428638b57ea
6013,2023-03-19,153.8,153.8,153.8,153.8,0,,,,,historical_baseline,,fe33df9ae5456d8ee27133c42c244c81d150008ababc19399c7ed428638b57ea
6013,2023-03-20,152.0,152.2,150.0,151.0,260,,,,,historical_baseline,,fe33df9ae5456d8ee27133c42c244c81d150008ababc19399c7ed428638b57ea
6013,2023-03-21,151.4,154.2,151.0,152.0,200,,,,,historical_baseline,,fe33df9ae5456d8ee27133c42c244c81d150008ababc19399c7ed428638b57ea
6013,2023-03-22,153.0,157.6,152.2,154.6,200,,,,,historical_baseline,,fe33df9ae5456d8ee27133c42c244c81d150008ababc19399c7ed428638b57ea
6013,2023-03-23,153.0,156.4,151.0,155.6,143,,,,,historical_baseline,,fe33df9ae5456d8ee27133c42c244c81d150008ababc19399c7ed428638b57ea
6013,2023-03-26,155.6,155.6,155.6,155.6,0,,,,,historical_baseline,,fe33df9ae5456d8ee27133c42c244c81d150008ababc19399c7ed428638b57ea
6013,2023-03-27,155.6,155.6,155.6,155.6,0,,,,,historical_baseline,,fe33df9ae5456d8ee27133c42c244c81d150008ababc19399c7ed428638b57ea
6013,2023-03-28,155.6,155.6,155.6,155.6,0,,,,,historical_baseline,,fe33df9ae5456d8ee27133c42c244c81d150008ababc19399c7ed428638b57ea
6013,2023-03-29,155.6,155.6,155.6,155.6,0,,,,,historical_baseline,,fe33df9ae5456d8ee27133c42c244c81d150008ababc19399c7ed428638b57ea
6013,2023-03-30,159.4,160.2,158.0,159.8,200,,,,,historical_baseline,,fe33df9ae5456d8ee27133c42c244c81d150008ababc19399c7ed428638b57ea
6020,2023-03-01,22.5,24.12,22.36,23.7,955,,,,,historical_baseline,,fe33df9ae5456d8ee27133c42c244c81d150008ababc19399c7ed428638b57ea
6020,2023-03-02,23.9,24.26,23.1,23.12,2338,,,,,historical_baseline,,fe33df9ae5456d8ee27133c42c244c81d150008ababc19399c7ed428638b57ea
6020,2023-03-05,23.2,23.8,23.12,23.38,2226,,,,,historical_baseline,,fe33df9ae5456d8ee27133c42c244c81d150008ababc19399c7ed428638b57ea
6020,2023-03-06,23.38,23.38,23.38,23.38,0,,,,,historical_baseline,,fe33df9ae5456d8ee27133c42c244c81d150008ababc19399c7ed428638b57ea
6020,2023-03-07,23.38,23.38,23.38,23.38,0,,,,,historical_baseline,,fe33df9ae5456d8ee27133c42c244c81d150008ababc19399c7ed428638b57ea
6020,2023-03-08,22.86,23.34,22.6,23.04,931,,,,,historical_baseline,,fe33df9ae5456d8ee27133c42c244c81d150008ababc19399c7ed428638b57ea
6020,2023-03-09,23.04,23.04,23.04,23.04,0,,,,,historical_baseline,,fe33df9ae5456d8ee27133c42c244c81d150008ababc19399c7ed428638b57ea
6020,2023-03-12,23.04,23.04,23.04,23.04,0,,,,,historical_baseline,,fe33df9ae5456d8ee27133c42c244c81d150008ababc19399c7ed428638b57ea
6020,2023-03-13,23.04,23.04,23.04,23.04,0,,,,,historical_baseline,,fe33df9ae5456d8ee27133c42c244c81d150008ababc19399c7ed428638b57ea
6020,2023-03-14,23.9,24.34,23.9,24.1,2120,,,,,historical_baseline,,fe33df9ae5456d8ee27133c42c244c81d150008ababc19399c7ed428638b57ea
6020,2023-03-15,24.48,24.76,23.4,23.48,1000,,,,,historical_baseline,,fe33df9ae5456d8ee27133c42c244c81d150008ababc19399c7ed428638b57ea
6020,2023-03-16,23.48,23.76,23.0,23.02,1198,,,,,historical_baseline,,fe33df9ae5456d8ee27133c42c244c81d150008ababc19399c7ed428638b57ea
6020,2023-03-19,23.02,23.02,23.02,23.02,0,,,,,historical_baseline,,fe33df9ae5456d8ee27133c42c244c81d150008ababc19399c7ed428638b57ea
6020,2023-03-20,22.7,22.7,22.26,22.5,1073,,,,,historical_baseline,,fe33df9ae5456d8ee27133c42c244c81d150008ababc19399c7ed428638b57ea
6020,2023-03-21,22.38,23.8,22.38,23.56,2000,,,,,historical_baseline,,fe33df9ae5456d8ee27133c42c244c81d150008ababc19399c7ed428638b57ea
6020,2023-03-22,23.7,24.2,23.0,23.08,1131,,,,,historical_baseline,,fe33df9ae5456d8ee27133c42c244c81d150008ababc19399c7ed428638b57ea
6020,2023-03-23,23.04,23.06,22.6,23.06,896,,,,,historical_baseline,,fe33df9ae5456d8ee27133c42c244c81d150008ababc19399c7ed428638b57ea
6020,2023-03-26,23.06,23.06,23.06,23.06,0,,,,,historical_baseline,,fe33df9ae5456d8ee27133c42c244c81d150008ababc19399c7ed428638b57ea
6020,2023-03-27,23.06,23.06,23.06,23.06,0,,,,,historical_baseline,,fe33df9ae5456d8ee27133c42c244c81d150008ababc19399c7ed428638b57ea
6020,2023-03-28,23.06,23.06,23.06,23.06,0,,,,,historical_baseline,,fe33df9ae5456d8ee27133c42c244c81d150008ababc19399c7ed428638b57ea
6020,2023-03-29,26.0,27.45,25.85,26.75,6279,,,,,historical_baseline,,fe33df9ae5456d8ee27133c42c244c81d150008ababc19399c7ed428638b57ea
6020,2023-03-30,27.3,27.4,25.9,26.0,2400,,,,,historical_baseline,,fe33df9ae5456d8ee27133c42c244c81d150008ababc19399c7ed428638b57ea
6040,2023-03-01,16.82,17.16,16.82,16.9,1843,,,,,historical_baseline,,fe33df9ae5456d8ee27133c42c244c81d150008ababc19399c7ed428638b57ea
6040,2023-03-02,17.02,17.18,16.92,16.94,1111,,,,,historical_baseline,,fe33df9ae5456d8ee27133c42c244c81d150008ababc19399c7ed428638b57ea
6040,2023-03-05,17.1,17.64,17.02,17.42,1209,,,,,historical_baseline,,fe33df9ae5456d8ee27133c42c244c81d150008ababc19399c7ed428638b57ea
6040,2023-03-06,17.42,17.42,17.42,17.42,0,,,,,historical_baseline,,fe33df9ae5456d8ee27133c42c244c81d150008ababc19399c7ed428638b57ea
6040,2023-03-07,17.42,17.42,17.42,17.42,0,,,,,historical_baseline,,fe33df9ae5456d8ee27133c42c244c81d150008ababc19399c7ed428638b57ea
6040,2023-03-08,16.94,17.3,16.94,17.04,1000,,,,,historical_baseline,,fe33df9ae5456d8ee27133c42c244c81d150008ababc19399c7ed428638b57ea
6040,2023-03-09,17.04,17.04,17.04,17.04,0,,,,,historical_baseline,,fe33df9ae5456d8ee27133c42c244c81d150008ababc19399c7ed428638b57ea
6040,2023-03-12,17.04,17.04,17.04,17.04,0,,,,,historical_baseline,,fe33df9ae5456d8ee27133c42c244c81d150008ababc19399c7ed428638b57ea
6040,2023-03-13,17.04,17.04,17.04,17.04,0,,,,,historical_baseline,,fe33df9ae5456d8ee27133c42c244c81d150008ababc19399c7ed428638b57ea
6040,2023-03-14,16.82,17.06,16.82,16.82,1000,,,,,historical_baseline,,fe33df9ae5456d8ee27133c42c244c81d150008ababc19399c7ed428638b57ea
6040,2023-03-15,17.2,17.4,16.72,16.74,1000,,,,,historical_baseline,,fe33df9ae5456d8ee27133c42c244c81d150008ababc19399c7ed428638b57ea
6040,2023-03-16,16.4,16.7,16.4,16.54,1238,,,,,historical_baseline,,fe33df9ae5456d8ee27133c42c244c81d150008ababc19399c7ed428638b57ea
6040,2023-03-19,16.54,16.54,16.54,16.54,0,,,,,historical_baseline,,fe33df9ae5456d8ee27133c42c244c81d150008ababc19399c7ed428638b57ea
6040,2023-03-20,16.44,16.5,16.3,16.5,951,,,,,historical_baseline,,fe33df9ae5456d8ee27133c42c244c81d150008ababc19399c7ed428638b57ea
6040,2023-03-21,16.58,16.88,16.48,16.8,1000,,,,,historical_baseline,,fe33df9ae5456d8ee27133c42c244c81d150008ababc19399c7ed428638b57ea
6040,2023-03-22,16.8,17.06,16.54,16.54,2210,,,,,historical_baseline,,fe33df9ae5456d8ee27133c42c244c81d150008ababc19399c7ed428638b57ea
6040,2023-03-23,16.66,16.7,16.48,16.62,2000,,,,,historical_baseline,,fe33df9ae5456d8ee27133c42c244c81d150008ababc19399c7ed428638b57ea
6040,2023-03-26,16.62,16.62,16.62,16.62,0,,,,,historical_baseline,,fe33df9ae5456d8ee27133c42c244c81d150008ababc19399c7ed428638b57ea
6040,2023-03-27,16.62,16.62,16.62,16.62,0,,,,,historical_baseline,,fe33df9ae5456d8ee27133c42c244c81d150008ababc19399c7ed428638b57ea
6040,2023-03-28,16.62,16.62,16.62,16.62,0,,,,,historical_baseline,,fe33df9ae5456d8ee27133c42c244c81d150008ababc19399c7ed428638b57ea
6040,2023-03-29,17.4,17.98,17.34,17.66,2209,,,,,historical_baseline,,fe33df9ae5456d8ee27133c42c244c81d150008ababc19399c7ed428638b57ea
6040,2023-03-30,17.7,17.98,17.5,17.74,1000,,,,,historical_baseline,,fe33df9ae5456d8ee27133c42c244c81d150008ababc19399c7ed428638b57ea
6050,2023-03-01,160.67,162.16,160.38,160.38,1000,,,,,historical_baseline,,fe33df9ae5456d8ee27133c42c244c81d150008ababc19399c7ed428638b57ea
6050,2023-03-02,163.36,166.34,160.97,162.16,662,,,,,historical_baseline,,fe33df9ae5456d8ee27133c42c244c81d150008ababc19399c7ed428638b57ea
6050,2023-03-05,162.16,163.95,162.16,162.76,1000,,,,,historical_baseline,,fe33df9ae5456d8ee27133c42c244c81d150008ababc19399c7ed428638b57ea
6050,2023-03-06,162.76,162.76,162.76,162.76,0,,,,,historical_baseline,,fe33df9ae5456d8ee27133c42c244c81d150008ababc19399c7ed428638b57ea
6050,2023-03-07,162.76,162.76,162.76,162.76,0,,,,,historical_baseline,,fe33df9ae5456d8ee27133c42c244c81d150008ababc19399c7ed428638b57ea
6050,2023-03-08,161.57,161.87,159.78,160.67,815,,,,,historical_baseline,,fe33df9ae5456d8ee27133c42c244c81d150008ababc19399c7ed428638b57ea
6050,2023-03-09,160.67,160.67,160.67,160.67,0,,,,,historical_baseline,,fe33df9ae5456d8ee27133c42c244c81d150008ababc19399c7ed428638b57ea
6050,2023-03-12,160.67,160.67,160.67,160.67,0,,,,,historical_baseline,,fe33df9ae5456d8ee27133c42c244c81d150008ababc19399c7ed428638b57ea
6050,2023-03-13,160.67,160.67,160.67,160.67,0,,,,,historical_baseline,,fe33df9ae5456d8ee27133c42c244c81d150008ababc19399c7ed428638b57ea
6050,2023-03-14,160.08,162.76,157.69,157.99,2000,,,,,historical_baseline,,fe33df9ae5456d8ee27133c42c244c81d150008ababc19399c7ed428638b57ea
6050,2023-03-15,157.69,159.18,154.12,154.12,777,,,,,historical_baseline,,fe33df9ae5456d8ee27133c42c244c81d150008ababc19399c7ed428638b57ea
6050,2023-03-16,152.03,153.52,150.84,151.14,703,,,,,historical_baseline,,fe33df9ae5456d8ee27133c42c244c81d150008ababc19399c7ed428638b57ea
6050,2023-03-19,151.14,151.14,151.14,151.14,0,,,,,historical_baseline,,fe33df9ae5456d8ee27133c42c244c81d150008ababc19399c7ed428638b57ea
6050,2023-03-20,152.33,153.82,151.73,153.52,710,,,,,historical_baseline,,fe33df9ae5456d8ee27133c42c244c81d150008ababc19399c7ed428638b57ea
6050,2023-03-21,153.82,157.99,153.52,155.9,749,,,,,historical_baseline,,fe33df9ae5456d8ee27133c42c244c81d150008ababc19399c7ed428638b57ea
6050,2023-03-22,157.69,163.36,156.5,160.38,746,,,,,historical_baseline,,fe33df9ae5456d8ee27133c42c244c81d150008ababc19399c7ed428638b57ea
6050,2023-03-23,159.18,160.38,154.71,155.01,1475,,,,,historical_baseline,,fe33df9ae5456d8ee27133c42c244c81d150008ababc19399c7ed428638b57ea
6050,2023-03-26,155.01,155.01,155.01,155.01,0,,,,,historical_baseline,,fe33df9ae5456d8ee27133c42c244c81d150008ababc19399c7ed428638b57ea
6050,2023-03-27,155.01,155.01,155.01,155.01,0,,,,,historical_baseline,,fe33df9ae5456d8ee27133c42c244c81d150008ababc19399c7ed428638b57ea
6050,2023-03-28,155.01,155.01,155.01,155.01,0,,,,,historical_baseline,,fe33df9ae5456d8ee27133c42c244c81d150008ababc19399c7ed428638b57ea
6050,2023-03-29,160.97,162.46,159.18,159.48,1062,,,,,historical_baseline,,fe33df9ae5456d8ee27133c42c244c81d150008ababc19399c7ed428638b57ea
6050,2023-03-30,159.18,162.16,159.18,161.57,701,,,,,historical_baseline,,fe33df9ae5456d8ee27133c42c244c81d150008ababc19399c7ed428638b57ea
6060,2023-03-01,21.67,22.25,21.6,21.98,786,,,,,historical_baseline,,fe33df9ae5456d8ee27133c42c244c81d150008ababc19399c7ed428638b57ea
6060,2023-03-02,22.21,22.4,22.06,22.13,812,,,,,historical_baseline,,fe33df9ae5456d8ee27133c42c244c81d150008ababc19399c7ed428638b57ea
6060,2023-03-05,22.09,22.28,21.94,22.13,786,,,,,historical_baseline,,fe33df9ae5456d8ee27133c42c244c81d150008ababc19399c7ed428638b57ea
6060,2023-03-06,22.13,22.13,22.13,22.13,0,,,,,historical_baseline,,fe33df9ae5456d8ee27133c42c244c81d150008ababc19399c7ed428638b57ea
6060,2023-03-07,22.13,22.13,22.13,22.13,0,,,,,historical_baseline,,fe33df9ae5456d8ee27133c42c244c81d150008ababc19399c7ed428638b57ea
6060,2023-03-08,21.94,22.06,21.64,21.64,1260,,,,,historical_baseline,,fe33df9ae5456d8ee27133c42c244c81d150008ababc19399c7ed428638b57ea
6060,2023-03-09,21.64,21.64,21.64,21.64,0,,,,,historical_baseline,,fe33df9ae5456d8ee27133c42c244c81d150008ababc19399c7ed428638b57ea
6060,2023-03-12,21.64,21.64,21.64,21.64,0,,,,,historical_baseline,,fe33df9ae5456d8ee27133c42c244c81d150008ababc19399c7ed428638b57ea
6060,2023-03-13,21.64,21.64,21.64,21.64,0,,,,,historical_baseline,,fe33df9ae5456d8ee27133c42c244c81d150008ababc19399c7ed428638b57ea
6060,2023-03-14,21.64,21.86,21.52,21.52,786,,,,,historical_baseline,,fe33df9ae5456d8ee27133c42c244c81d150008ababc19399c7ed428638b57ea
6060,2023-03-15,21.37,21.64,21.02,21.02,720,,,,,historical_baseline,,fe33df9ae5456d8ee27133c42c244c81d150008ababc19399c7ed428638b57ea
6060,2023-03-16,20.99,20.99,20.49,20.61,815,,,,,historical_baseline,,fe33df9ae5456d8ee27133c42c244c81d150008ababc19399c7ed428638b57ea
6060,2023-03-19,20.61,20.61,20.61,20.61,0,,,,,historical_baseline,,fe33df9ae5456d8ee27133c42c244c81d150008ababc19399c7ed428638b57ea
6060,2023-03-20,20.64,20.91,20.61,20.76,786,,,,,historical_baseline,,fe33df9ae5456d8ee27133c42c244c81d150008ababc19399c7ed428638b57ea
6060,2023-03-21,20.8,22.02,20.8,21.52,2366,,,,,historical_baseline,,fe33df9ae5456d8ee27133c42c244c81d150008ababc19399c7ed428638b57ea
6060,2023-03-22,21.83,22.28,21.56,21.75,725,,,,,historical_baseline,,fe33df9ae5456d8ee27133c42c244c81d150008ababc19399c7ed428638b57ea
6060,2023-03-23,21.9,21.9,21.18,21.37,1543,,,,,historical_baseline,,fe33df9ae5456d8ee27133c42c244c81d150008ababc19399c7ed428638b57ea
6060,2023-03-26,21.37,21.37,21.37,21.37,0,,,,,historical_baseline,,fe33df9ae5456d8ee27133c42c244c81d150008ababc19399c7ed428638b57ea
6060,2023-03-27,21.37,21.37,21.37,21.37,0,,,,,historical_baseline,,fe33df9ae5456d8ee27133c42c244c81d150008ababc19399c7ed428638b57ea
6060,2023-03-28,21.37,21.37,21.37,21.37,0,,,,,historical_baseline,,fe33df9ae5456d8ee27133c42c244c81d150008ababc19399c7ed428638b57ea
6060,2023-03-29,21.94,22.13,21.86,21.94,1399,,,,,historical_baseline,,fe33df9ae5456d8ee27133c42c244c81d150008ababc19399c7ed428638b57ea
6060,2023-03-30,21.94,22.17,21.83,21.9,1310,,,,,historical_baseline,,fe33df9ae5456d8ee27133c42c244c81d150008ababc19399c7ed428638b57ea
6070,2023-03-01,52.8,53.9,52.4,52.7,877,,,,,historical_baseline,,fe33df9ae5456d8ee27133c42c244c81d150008ababc19399c7ed428638b57ea
6070,2023-03-02,52.7,53.3,52.2,52.2,344,,,,,historical_baseline,,fe33df9ae5456d8ee27133c42c244c81d150008ababc19399c7ed428638b57ea
6070,2023-03-05,53.2,53.2,52.2,52.5,298,,,,,historical_baseline,,fe33df9ae5456d8ee27133c42c244c81d150008ababc19399c7ed428638b57ea
6070,2023-03-06,52.5,52.5,52.5,52.5,0,,,,,historical_baseline,,fe33df9ae5456d8ee27133c42c244c81d150008ababc19399c7ed428638b57ea
6070,2023-03-07,52.5,52.5,52.5,52.5,0,,,,,historical_baseline,,fe33df9ae5456d8ee27133c42c244c81d150008ababc19399c7ed428638b57ea
6070,2023-03-08,50.2,51.1,49.95,50.5,1111,,,,,historical_baseline,,fe33df9ae5456d8ee27133c42c244c81d150008ababc19399c7ed428638b57ea
6070,2023-03-09,50.5,50.5,50.5,50.5,0,,,,,historical_baseline,,fe33df9ae5456d8ee27133c42c244c81d150008ababc19399c7ed428638b57ea
6070,2023-03-12,50.5,50.5,50.5,50.5,0,,,,,historical_baseline,,fe33df9ae5456d8ee27133c42c244c81d150008ababc19399c7ed428638b57ea
6070,2023-03-13,50.5,50.5,50.5,50.5,0,,,,,historical_baseline,,fe33df9ae5456d8ee27133c42c244c81d150008ababc19399c7ed428638b57ea
6070,2023-03-14,50.3,51.1,50.0,50.3,368,,,,,historical_baseline,,fe33df9ae5456d8ee27133c42c244c81d150008ababc19399c7ed428638b57ea
6070,2023-03-15,50.2,50.8,49.0,49.0,2845,,,,,historical_baseline,,fe33df9ae5456d8ee27133c42c244c81d150008ababc19399c7ed428638b57ea
6070,2023-03-16,48.75,49.0,48.0,48.2,509,,,,,historical_baseline,,fe33df9ae5456d8ee27133c42c244c81d150008ababc19399c7ed428638b57ea
6070,2023-03-19,48.2,48.2,48.2,48.2,0,,,,,historical_baseline,,fe33df9ae5456d8ee27133c42c244c81d150008ababc19399c7ed428638b57ea
6070,2023-03-20,47.8,48.6,46.5,48.55,328,,,,,historical_baseline,,fe33df9ae5456d8ee27133c42c244c81d150008ababc19399c7ed428638b57ea
6070,2023-03-21,48.7,49.7,48.7,48.7,326,,,,,historical_baseline,,fe33df9ae5456d8ee27133c42c244c81d150008ababc19399c7ed428638b57ea
6070,2023-03-22,49.55,49.8,47.8,47.8,404,,,,,historical_baseline,,fe33df9ae5456d8ee27133c42c244c81d150008ababc19399c7ed428638b57ea
6070,2023-03-23,47.8,49.05,47.8,48.6,359,,,,,historical_baseline,,fe33df9ae5456d8ee27133c42c244c81d150008ababc19399c7ed428638b57ea
6070,2023-03-26,48.6,48.6,48.6,48.6,0,,,,,historical_baseline,,fe33df9ae5456d8ee27133c42c244c81d150008ababc19399c7ed428638b57ea
6070,2023-03-27,48.6,48.6,48.6,48.6,0,,,,,historical_baseline,,fe33df9ae5456d8ee27133c42c244c81d150008ababc19399c7ed428638b57ea
6070,2023-03-28,48.6,48.6,48.6,48.6,0,,,,,historical_baseline,,fe33df9ae5456d8ee27133c42c244c81d150008ababc19399c7ed428638b57ea
6070,2023-03-29,53.0,53.2,52.3,52.4,1135,,,,,historical_baseline,,fe33df9ae5456d8ee27133c42c244c81d150008ababc19399c7ed428638b57ea
6070,2023-03-30,52.0,52.4,51.4,51.8,436,,,,,historical_baseline,,fe33df9ae5456d8ee27133c42c244c81d150008ababc19399c7ed428638b57ea
6090,2023-03-01,13.4,13.8,13.28,13.44,2686,,,,,historical_baseline,,fe33df9ae5456d8ee27133c42c244c81d150008ababc19399c7ed428638b57ea
6090,2023-03-02,13.44,13.56,13.32,13.42,4000,,,,,historical_baseline,,fe33df9ae5456d8ee27133c42c244c81d150008ababc19399c7ed428638b57ea
6090,2023-03-05,13.48,13.58,13.34,13.46,1206,,,,,historical_baseline,,fe33df9ae5456d8ee27133c42c244c81d150008ababc19399c7ed428638b57ea
6090,2023-03-06,13.46,13.46,13.46,13.46,0,,,,,historical_baseline,,fe33df9ae5456d8ee27133c42c244c81d150008ababc19399c7ed428638b57ea
6090,2023-03-07,13.46,13.46,13.46,13.46,0,,,,,historical_baseline,,fe33df9ae5456d8ee27133c42c244c81d150008ababc19399c7ed428638b57ea
6090,2023-03-08,13.2,13.62,13.2,13.48,1200,,,,,historical_baseline,,fe33df9ae5456d8ee27133c42c244c81d150008ababc19399c7ed428638b57ea
6090,2023-03-09,13.48,13.48,13.48,13.48,0,,,,,historical_baseline,,fe33df9ae5456d8ee27133c42c244c81d150008ababc19399c7ed428638b57ea
6090,2023-03-12,13.48,13.48,13.48,13.48,0,,,,,historical_baseline,,fe33df9ae5456d8ee27133c42c244c81d150008ababc19399c7ed428638b57ea
6090,2023-03-13,13.48,13.48,13.48,13.48,0,,,,,historical_baseline,,fe33df9ae5456d8ee27133c42c244c81d150008ababc19399c7ed428638b57ea
6090,2023-03-14,13.56,13.86,13.5,13.6,1366,,,,,historical_baseline,,fe33df9ae5456d8ee27133c42c244c81d150008ababc19399c7ed428638b57ea
6090,2023-03-15,13.36,13.5,13.18,13.18,1500,,,,,historical_baseline,,fe33df9ae5456d8ee27133c42c244c81d150008ababc19399c7ed428638b57ea
6090,2023-03-16,13.02,13.12,13.0,13.08,1702,,,,,historical_baseline,,fe33df9ae5456d8ee27133c42c244c81d150008ababc19399c7ed428638b57ea
6090,2023-03-19,13.08,13.08,13.08,13.08,0,,,,,historical_baseline,,fe33df9ae5456d8ee27133c42c244c81d150008ababc19399c7ed428638b57ea
6090,2023-03-20,13.1,13.18,13.04,13.16,1514,,,,,historical_baseline,,fe33df9ae5456d8ee27133c42c244c81d150008ababc19399c7ed428638b57ea
6090,2023-03-21,13.18,13.4,13.18,13.26,1616,,,,,historical_baseline,,fe33df9ae5456d8ee27133c42c244c81d150008ababc19399c7ed428638b57ea
6090,2023-03-22,13.28,13.5,13.18,13.22,1501,,,,,historical_baseline,,fe33df9ae5456d8ee27133c42c244c81d150008ababc19399c7ed428638b57ea
6090,2023-03-23,13.14,13.28,13.08,13.1,5000,,,,,historical_baseline,,fe33df9ae5456d8ee27133c42c244c81d150008ababc19399c7ed428638b57ea
6090,2023-03-26,13.1,13.1,13.1,13.1,0,,,,,historical_baseline,,fe33df9ae5456d8ee27133c42c244c81d150008ababc19399c7ed428638b57ea
6090,2023-03-27,13.1,13.1,13.1,13.1,0,,,,,historical_baseline,,fe33df9ae5456d8ee27133c42c244c81d150008ababc19399c7ed428638b57ea
6090,2023-03-28,13.1,13.1,13.1,13.1,0,,,,,historical_baseline,,fe33df9ae5456d8ee27133c42c244c81d150008ababc19399c7ed428638b57ea
6090,2023-03-29,13.64,13.92,13.5,13.68,880,,,,,historical_baseline,,fe33df9ae5456d8ee27133c42c244c81d150008ababc19399c7ed428638b57ea
6090,2023-03-30,13.76,13.76,13.54,13.66,3951,,,,,historical_baseline,,fe33df9ae5456d8ee27133c42c244c81d150008ababc19399c7ed428638b57ea
7010,2023-03-01,35.25,35.7,35.0,35.7,1400,,,,,historical_baseline,,fe33df9ae5456d8ee27133c42c244c81d150008ababc19399c7ed428638b57ea
7010,2023-03-02,36.0,36.45,35.95,35.95,1000,,,,,historical_baseline,,fe33df9ae5456d8ee27133c42c244c81d150008ababc19399c7ed428638b57ea
7010,2023-03-05,36.2,36.45,36.05,36.3,687,,,,,historical_baseline,,fe33df9ae5456d8ee27133c42c244c81d150008ababc19399c7ed428638b57ea
7010,2023-03-06,36.3,36.3,36.3,36.3,0,,,,,historical_baseline,,fe33df9ae5456d8ee27133c42c244c81d150008ababc19399c7ed428638b57ea
7010,2023-03-07,36.3,36.3,36.3,36.3,0,,,,,historical_baseline,,fe33df9ae5456d8ee27133c42c244c81d150008ababc19399c7ed428638b57ea
7010,2023-03-08,37.4,37.9,36.65,37.9,555,,,,,historical_baseline,,fe33df9ae5456d8ee27133c42c244c81d150008ababc19399c7ed428638b57ea
7010,2023-03-09,37.9,37.9,37.9,37.9,0,,,,,historical_baseline,,fe33df9ae5456d8ee27133c42c244c81d150008ababc19399c7ed428638b57ea
7010,2023-03-12,37.9,37.9,37.9,37.9,0,,,,,historical_baseline,,fe33df9ae5456d8ee27133c42c244c81d150008ababc19399c7ed428638b57ea
7010,2023-03-13,37.9,37.9,37.9,37.9,0,,,,,historical_baseline,,fe33df9ae5456d8ee27133c42c244c81d150008ababc19399c7ed428638b57ea
7010,2023-03-14,38.0,38.15,37.05,37.35,797,,,,,historical_baseline,,fe33df9ae5456d8ee27133c42c244c81d150008ababc19399c7ed428638b57ea
7010,2023-03-15,37.9,38.65,37.35,37.7,471,,,,,historical_baseline,,fe33df9ae5456d8ee27133c42c244c81d150008ababc19399c7ed428638b57ea
7010,2023-03-16,37.7,37.75,37.15,37.45,10000,,,,,historical_baseline,,fe33df9ae5456d8ee27133c42c244c81d150008ababc19399c7ed428638b57ea
7010,2023-03-19,37.45,37.45,37.45,37.45,0,,,,,historical_baseline,,fe33df9ae5456d8ee27133c42c244c81d150008ababc19399c7ed428638b57ea
7010,2023-03-20,37.55,37.65,37.2,37.5,500,,,,,historical_baseline,,fe33df9ae5456d8ee27133c42c244c81d150008ababc19399c7ed428638b57ea
7010,2023-03-21,37.4,38.4,37.4,38.4,9768,,,,,historical_baseline,,fe33df9ae5456d8ee27133c42c244c81d150008ababc19399c7ed428638b57ea
7010,2023-03-22,38.45,38.9,38.35,38.9,2184,,,,,historical_baseline,,fe33df9ae5456d8ee27133c42c244c81d150008ababc19399c7ed428638b57ea
7010,2023-03-23,38.65,39.0,38.65,39.0,2188,,,,,historical_baseline,,fe33df9ae5456d8ee27133c42c244c81d150008ababc19399c7ed428638b57ea
7010,2023-03-26,39.0,39.0,39.0,39.0,0,,,,,historical_baseline,,fe33df9ae5456d8ee27133c42c244c81d150008ababc19399c7ed428638b57ea
7010,2023-03-27,39.0,39.0,39.0,39.0,0,,,,,historical_baseline,,fe33df9ae5456d8ee27133c42c244c81d150008ababc19399c7ed428638b57ea
7010,2023-03-28,39.0,39.0,39.0,39.0,0,,,,,historical_baseline,,fe33df9ae5456d8ee27133c42c244c81d150008ababc19399c7ed428638b57ea
7010,2023-03-29,40.1,40.4,39.8,40.4,5483,,,,,historical_baseline,,fe33df9ae5456d8ee27133c42c244c81d150008ababc19399c7ed428638b57ea
7010,2023-03-30,40.25,40.3,39.9,40.05,500,,,,,historical_baseline,,fe33df9ae5456d8ee27133c42c244c81d150008ababc19399c7ed428638b57ea
7020,2023-03-01,39.1,40.0,38.95,39.95,537,,,,,historical_baseline,,fe33df9ae5456d8ee27133c42c244c81d150008ababc19399c7ed428638b57ea
7020,2023-03-02,39.95,40.25,38.95,39.75,383,,,,,historical_baseline,,fe33df9ae5456d8ee27133c42c244c81d150008ababc19399c7ed428638b57ea
7020,2023-03-05,39.5,39.8,38.95,39.35,664,,,,,historical_baseline,,fe33df9ae5456d8ee27133c42c244c81d150008ababc19399c7ed428638b57ea
7020,2023-03-06,39.35,39.35,39.35,39.35,0,,,,,historical_baseline,,fe33df9ae5456d8ee27133c42c244c81d150008ababc19399c7ed428638b57ea
7020,2023-03-07,39.35,39.35,39.35,39.35,0,,,,,historical_baseline,,fe33df9ae5456d8ee27133c42c244c81d150008ababc19399c7ed428638b57ea
7020,2023-03-08,40.2,40.45,39.4,40.25,467,,,,,historical_baseline,,fe33df9ae5456d8ee27133c42c244c81d150008ababc19399c7ed428638b57ea
7020,2023-03-09,40.25,40.25,40.25,40.25,0,,,,,historical_baseline,,fe33df9ae5456d8ee27133c42c244c81d150008ababc19399c7ed428638b57ea
7020,2023-03-12,40.25,40.25,40.25,40.25,0,,,,,historical_baseline,,fe33df9ae5456d8ee27133c42c244c81d150008ababc19399c7ed428638b57ea
7020,2023-03-13,40.25,40.25,40.25,40.25,0,,,,,historical_baseline,,fe33df9ae5456d8ee27133c42c244c81d150008ababc19399c7ed428638b57ea
7020,2023-03-14,39.5,39.9,38.35,39.0,500,,,,,historical_baseline,,fe33df9ae5456d8ee27133c42c244c81d150008ababc19399c7ed428638b57ea
7020,2023-03-15,39.5,40.35,39.5,40.0,1895,,,,,historical_baseline,,fe33df9ae5456d8ee27133c42c244c81d150008ababc19399c7ed428638b57ea
7020,2023-03-16,39.85,39.95,38.3,38.8,500,,,,,historical_baseline,,fe33df9ae5456d8ee27133c42c244c81d150008ababc19399c7ed428638b57ea
7020,2023-03-19,38.8,38.8,38.8,38.8,0,,,,,historical_baseline,,fe33df9ae5456d8ee27133c42c244c81d150008ababc19399c7ed428638b57ea
7020,2023-03-20,39.05,39.4,38.7,39.0,1000,,,,,historical_baseline,,fe33df9ae5456d8ee27133c42c244c81d150008ababc19399c7ed428638b57ea
7020,2023-03-21,39.0,40.25,39.0,40.25,1700,,,,,historical_baseline,,fe33df9ae5456d8ee27133c42c244c81d150008ababc19399c7ed428638b57ea
7020,2023-03-22,40.0,40.25,39.7,40.2,2000,,,,,historical_baseline,,fe33df9ae5456d8ee27133c42c244c81d150008ababc19399c7ed428638b57ea
7020,2023-03-23,40.0,40.3,39.85,40.05,520,,,,,historical_baseline,,fe33df9ae5456d8ee27133c42c244c81d150008ababc19399c7ed428638b57ea
7020,2023-03-26,40.05,40.05,40.05,40.05,0,,,,,historical_baseline,,fe33df9ae5456d8ee27133c42c244c81d150008ababc19399c7ed428638b57ea
7020,2023-03-27,40.05,40.05,40.05,40.05,0,,,,,historical_baseline,,fe33df9ae5456d8ee27133c42c244c81d150008ababc19399c7ed428638b57ea
7020,2023-03-28,40.05,40.05,40.05,40.05,0,,,,,historical_baseline,,fe33df9ae5456d8ee27133c42c244c81d150008ababc19399c7ed428638b57ea
7020,2023-03-29,40.85,41.4,40.8,41.4,2369,,,,,historical_baseline,,fe33df9ae5456d8ee27133c42c244c81d150008ababc19399c7ed428638b57ea
7020,2023-03-30,41.4,41.4,40.9,41.25,650,,,,,historical_baseline,,fe33df9ae5456d8ee27133c42c244c81d150008ababc19399c7ed428638b57ea
7030,2023-03-01,10.38,10.38,10.26,10.3,1500,,,,,historical_baseline,,fe33df9ae5456d8ee27133c42c244c81d150008ababc19399c7ed428638b57ea
7030,2023-03-02,10.38,10.8,10.38,10.76,2392,,,,,historical_baseline,,fe33df9ae5456d8ee27133c42c244c81d150008ababc19399c7ed428638b57ea
7030,2023-03-05,10.86,10.86,10.68,10.82,7000,,,,,historical_baseline,,fe33df9ae5456d8ee27133c42c244c81d150008ababc19399c7ed428638b57ea
7030,2023-03-06,10.82,10.82,10.82,10.82,0,,,,,historical_baseline,,fe33df9ae5456d8ee27133c42c244c81d150008ababc19399c7ed428638b57ea
7030,2023-03-07,10.82,10.82,10.82,10.82,0,,,,,historical_baseline,,fe33df9ae5456d8ee27133c42c244c81d150008ababc19399c7ed428638b57ea
7030,2023-03-08,10.9,10.9,10.72,10.84,9913,,,,,historical_baseline,,fe33df9ae5456d8ee27133c42c244c81d150008ababc19399c7ed428638b57ea
7030,2023-03-09,10.84,10.84,10.84,10.84,0,,,,,historical_baseline,,fe33df9ae5456d8ee27133c42c244c81d150008ababc19399c7ed428638b57ea
7030,2023-03-12,10.84,10.84,10.84,10.84,0,,,,,historical_baseline,,fe33df9ae5456d8ee27133c42c244c81d150008ababc19399c7ed428638b57ea
7030,2023-03-13,10.84,10.84,10.84,10.84,0,,,,,historical_baseline,,fe33df9ae5456d8ee27133c42c244c81d150008ababc19399c7ed428638b57ea
7030,2023-03-14,11.24,11.28,10.8,10.8,2000,,,,,historical_baseline,,fe33df9ae5456d8ee27133c42c244c81d150008ababc19399c7ed428638b57ea
7030,2023-03-15,10.86,10.94,10.6,10.6,5000,,,,,historical_baseline,,fe33df9ae5456d8ee27133c42c244c81d150008ababc19399c7ed428638b57ea
7030,2023-03-16,10.6,10.68,10.38,10.38,3478,,,,,historical_baseline,,fe33df9ae5456d8ee27133c42c244c81d150008ababc19399c7ed428638b57ea
7030,2023-03-19,10.38,10.38,10.38,10.38,0,,,,,historical_baseline,,fe33df9ae5456d8ee27133c42c244c81d150008ababc19399c7ed428638b57ea
7030,2023-03-20,10.46,10.64,10.38,10.6,4160,,,,,historical_baseline,,fe33df9ae5456d8ee27133c42c244c81d150008ababc19399c7ed428638b57ea
7030,2023-03-21,10.62,10.74,10.54,10.66,6029,,,,,historical_baseline,,fe33df9ae5456d8ee27133c42c244c81d150008ababc19399c7ed428638b57ea
7030,2023-03-22,10.64,10.72,10.56,10.56,2955,,,,,historical_baseline,,fe33df9ae5456d8ee27133c42c244c81d150008ababc19399c7ed428638b57ea
7030,2023-03-23,10.52,10.82,10.52,10.78,8908,,,,,historical_baseline,,fe33df9ae5456d8ee27133c42c244c81d150008ababc19399c7ed428638b57ea
7030,2023-03-26,10.78,10.78,10.78,10.78,0,,,,,historical_baseline,,fe33df9ae5456d8ee27133c42c244c81d150008ababc19399c7ed428638b57ea
7030,2023-03-27,10.78,10.78,10.78,10.78,0,,,,,historical_baseline,,fe33df9ae5456d8ee27133c42c244c81d150008ababc19399c7ed428638b57ea
7030,2023-03-28,10.78,10.78,10.78,10.78,0,,,,,historical_baseline,,fe33df9ae5456d8ee27133c42c244c81d150008ababc19399c7ed428638b57ea
7030,2023-03-29,12.54,12.66,12.42,12.52,4472,,,,,historical_baseline,,fe33df9ae5456d8ee27133c42c244c81d150008ababc19399c7ed428638b57ea
7030,2023-03-30,12.52,13.08,12.5,13.0,9740,,,,,historical_baseline,,fe33df9ae5456d8ee27133c42c244c81d150008ababc19399c7ed428638b57ea
7040,2023-03-01,59.78,60.18,58.37,58.77,987,,,,,historical_baseline,,fe33df9ae5456d8ee27133c42c244c81d150008ababc19399c7ed428638b57ea
7040,2023-03-02,59.17,59.38,58.47,58.47,1520,,,,,historical_baseline,,fe33df9ae5456d8ee27133c42c244c81d150008ababc19399c7ed428638b57ea
7040,2023-03-05,58.37,58.97,57.36,57.36,1392,,,,,historical_baseline,,fe33df9ae5456d8ee27133c42c244c81d150008ababc19399c7ed428638b57ea
7040,2023-03-06,57.36,57.36,57.36,57.36,0,,,,,historical_baseline,,fe33df9ae5456d8ee27133c42c244c81d150008ababc19399c7ed428638b57ea
7040,2023-03-07,57.36,57.36,57.36,57.36,0,,,,,historical_baseline,,fe33df9ae5456d8ee27133c42c244c81d150008ababc19399c7ed428638b57ea
7040,2023-03-08,59.38,61.59,57.46,58.37,3291,,,,,historical_baseline,,fe33df9ae5456d8ee27133c42c244c81d150008ababc19399c7ed428638b57ea
7040,2023-03-09,58.37,58.37,58.37,58.37,0,,,,,historical_baseline,,fe33df9ae5456d8ee27133c42c244c81d150008ababc19399c7ed428638b57ea
7040,2023-03-12,58.37,58.37,58.37,58.37,0,,,,,historical_baseline,,fe33df9ae5456d8ee27133c42c244c81d150008ababc19399c7ed428638b57ea
7040,2023-03-13,58.37,58.37,58.37,58.37,0,,,,,historical_baseline,,fe33df9ae5456d8ee27133c42c244c81d150008ababc19399c7ed428638b57ea
7040,2023-03-14,60.99,61.59,59.78,59.98,915,,,,,historical_baseline,,fe33df9ae5456d8ee27133c42c244c81d150008ababc19399c7ed428638b57ea
7040,2023-03-15,61.79,62.39,59.58,60.78,1316,,,,,historical_baseline,,fe33df9ae5456d8ee27133c42c244c81d150008ababc19399c7ed428638b57ea
7040,2023-03-16,60.68,60.78,58.77,59.07,3620,,,,,historical_baseline,,fe33df9ae5456d8ee27133c42c244c81d150008ababc19399c7ed428638b57ea
7040,2023-03-19,59.07,59.07,59.07,59.07,0,,,,,historical_baseline,,fe33df9ae5456d8ee27133c42c244c81d150008ababc19399c7ed428638b57ea
7040,2023-03-20,58.87,61.19,58.37,58.97,987,,,,,historical_baseline,,fe33df9ae5456d8ee27133c42c244c81d150008ababc19399c7ed428638b57ea
7040,2023-03-21,58.67,60.68,58.67,59.48,1645,,,,,historical_baseline,,fe33df9ae5456d8ee27133c42c244c81d150008ababc19399c7ed428638b57ea
7040,2023-03-22,59.38,60.38,58.87,58.97,1810,,,,,historical_baseline,,fe33df9ae5456d8ee27133c42c244c81d150008ababc19399c7ed428638b57ea
7040,2023-03-23,58.87,59.38,57.87,57.97,3021,,,,,historical_baseline,,fe33df9ae5456d8ee27133c42c244c81d150008ababc19399c7ed428638b57ea
7040,2023-03-26,57.97,57.97,57.97,57.97,0,,,,,historical_baseline,,fe33df9ae5456d8ee27133c42c244c81d150008ababc19399c7ed428638b57ea
7040,2023-03-27,57.97,57.97,57.97,57.97,0,,,,,historical_baseline,,fe33df9ae5456d8ee27133c42c244c81d150008ababc19399c7ed428638b57ea
7040,2023-03-28,57.97,57.97,57.97,57.97,0,,,,,historical_baseline,,fe33df9ae5456d8ee27133c42c244c81d150008ababc19399c7ed428638b57ea
7040,2023-03-29,60.68,61.59,60.28,60.68,6076,,,,,historical_baseline,,fe33df9ae5456d8ee27133c42c244c81d150008ababc19399c7ed428638b57ea
7040,2023-03-30,61.29,61.29,58.77,59.17,3291,,,,,historical_baseline,,fe33df9ae5456d8ee27133c42c244c81d150008ababc19399c7ed428638b57ea
7200,2023-03-01,98.0,98.5,97.3,97.3,287,,,,,historical_baseline,,fe33df9ae5456d8ee27133c42c244c81d150008ababc19399c7ed428638b57ea
7200,2023-03-02,97.3,97.9,97.1,97.1,205,,,,,historical_baseline,,fe33df9ae5456d8ee27133c42c244c81d150008ababc19399c7ed428638b57ea
7200,2023-03-05,97.4,99.5,97.1,99.2,200,,,,,historical_baseline,,fe33df9ae5456d8ee27133c42c244c81d150008ababc19399c7ed428638b57ea
7200,2023-03-06,99.2,99.2,99.2,99.2,0,,,,,historical_baseline,,fe33df9ae5456d8ee27133c42c244c81d150008ababc19399c7ed428638b57ea
7200,2023-03-07,99.2,99.2,99.2,99.2,0,,,,,historical_baseline,,fe33df9ae5456d8ee27133c42c244c81d150008ababc19399c7ed428638b57ea
7200,2023-03-08,99.2,104.2,98.6,104.2,400,,,,,historical_baseline,,fe33df9ae5456d8ee27133c42c244c81d150008ababc19399c7ed428638b57ea
7200,2023-03-09,104.2,104.2,104.2,104.2,0,,,,,historical_baseline,,fe33df9ae5456d8ee27133c42c244c81d150008ababc19399c7ed428638b57ea
7200,2023-03-12,104.2,104.2,104.2,104.2,0,,,,,historical_baseline,,fe33df9ae5456d8ee27133c42c244c81d150008ababc19399c7ed428638b57ea
7200,2023-03-13,104.2,104.2,104.2,104.2,0,,,,,historical_baseline,,fe33df9ae5456d8ee27133c42c244c81d150008ababc19399c7ed428638b57ea
7200,2023-03-14,105.0,105.2,102.0,104.0,240,,,,,historical_baseline,,fe33df9ae5456d8ee27133c42c244c81d150008ababc19399c7ed428638b57ea
7200,2023-03-15,108.2,110.4,105.8,109.4,838,,,,,historical_baseline,,fe33df9ae5456d8ee27133c42c244c81d150008ababc19399c7ed428638b57ea
7200,2023-03-16,108.0,109.8,106.8,108.0,300,,,,,historical_baseline,,fe33df9ae5456d8ee27133c42c244c81d150008ababc19399c7ed428638b57ea
7200,2023-03-19,108.0,108.0,108.0,108.0,0,,,,,historical_baseline,,fe33df9ae5456d8ee27133c42c244c81d150008ababc19399c7ed428638b57ea
7200,2023-03-20,107.0,109.0,106.2,108.0,500,,,,,historical_baseline,,fe33df9ae5456d8ee27133c42c244c81d150008ababc19399c7ed428638b57ea
7200,2023-03-21,109.0,112.0,108.8,112.0,150,,,,,historical_baseline,,fe33df9ae5456d8ee27133c42c244c81d150008ababc19399c7ed428638b57ea
7200,2023-03-22,112.4,116.4,112.4,113.2,223,,,,,historical_baseline,,fe33df9ae5456d8ee27133c42c244c81d150008ababc19399c7ed428638b57ea
7200,2023-03-23,113.0,114.0,110.8,111.8,445,,,,,historical_baseline,,fe33df9ae5456d8ee27133c42c244c81d150008ababc19399c7ed428638b57ea
7200,2023-03-26,111.8,111.8,111.8,111.8,0,,,,,historical_baseline,,fe33df9ae5456d8ee27133c42c244c81d150008ababc19399c7ed428638b57ea
7200,2023-03-27,111.8,111.8,111.8,111.8,0,,,,,historical_baseline,,fe33df9ae5456d8ee27133c42c244c81d150008ababc19399c7ed428638b57ea
7200,2023-03-28,111.8,111.8,111.8,111.8,0,,,,,historical_baseline,,fe33df9ae5456d8ee27133c42c244c81d150008ababc19399c7ed428638b57ea
7200,2023-03-29,112.0,112.4,110.8,112.4,366,,,,,historical_baseline,,fe33df9ae5456d8ee27133c42c244c81d150008ababc19399c7ed428638b57ea
7200,2023-03-30,110.8,114.4,110.8,113.8,614,,,,,historical_baseline,,fe33df9ae5456d8ee27133c42c244c81d150008ababc19399c7ed428638b57ea
7201,2023-03-01,6.73,6.8,6.69,6.7,18320,,,,,historical_baseline,,fe33df9ae5456d8ee27133c42c244c81d150008ababc19399c7ed428638b57ea
7201,2023-03-02,6.73,6.81,6.69,6.74,4790,,,,,historical_baseline,,fe33df9ae5456d8ee27133c42c244c81d150008ababc19399c7ed428638b57ea
7201,2023-03-05,6.76,6.86,6.75,6.86,4400,,,,,historical_baseline,,fe33df9ae5456d8ee27133c42c244c81d150008ababc19399c7ed428638b57ea
7201,2023-03-06,6.86,6.86,6.86,6.86,0,,,,,historical_baseline,,fe33df9ae5456d8ee27133c42c244c81d150008ababc19399c7ed428638b57ea
7201,2023-03-07,6.86,6.86,6.86,6.86,0,,,,,historical_baseline,,fe33df9ae5456d8ee27133c42c244c81d150008ababc19399c7ed428638b57ea
7201,2023-03-08,6.8,6.8,6.7,6.73,3700,,,,,historical_baseline,,fe33df9ae5456d8ee27133c42c244c81d150008ababc19399c7ed428638b57ea
7201,2023-03-09,6.73,6.73,6.73,6.73,0,,,,,historical_baseline,,fe33df9ae5456d8ee27133c42c244c81d150008ababc19399c7ed428638b57ea
7201,2023-03-12,6.73,6.73,6.73,6.73,0,,,,,historical_baseline,,fe33df9ae5456d8ee27133c42c244c81d150008ababc19399c7ed428638b57ea
7201,2023-03-13,6.73,6.73,6.73,6.73,0,,,,,historical_baseline,,fe33df9ae5456d8ee27133c42c244c81d150008ababc19399c7ed428638b57ea
7201,2023-03-14,6.63,6.67,6.54,6.55,2640,,,,,historical_baseline,,fe33df9ae5456d8ee27133c42c244c81d150008ababc19399c7ed428638b57ea
7201,2023-03-15,6.56,6.62,6.38,6.41,3830,,,,,historical_baseline,,fe33df9ae5456d8ee27133c42c244c81d150008ababc19399c7ed428638b57ea
7201,2023-03-16,6.4,6.42,6.28,6.28,20340,,,,,historical_baseline,,fe33df9ae5456d8ee27133c42c244c81d150008ababc19399c7ed428638b57ea
7201,2023-03-19,6.28,6.28,6.28,6.28,0,,,,,historical_baseline,,fe33df9ae5456d8ee27133c42c244c81d150008ababc19399c7ed428638b57ea
7201,2023-03-20,6.33,6.43,6.29,6.43,5460,,,,,historical_baseline,,fe33df9ae5456d8ee27133c42c244c81d150008ababc19399c7ed428638b57ea
7201,2023-03-21,6.49,7.07,6.46,7.07,3210,,,,,historical_baseline,,fe33df9ae5456d8ee27133c42c244c81d150008ababc19399c7ed428638b57ea
7201,2023-03-22,7.26,7.68,7.26,7.28,4000,,,,,historical_baseline,,fe33df9ae5456d8ee27133c42c244c81d150008ababc19399c7ed428638b57ea
7201,2023-03-23,7.3,7.45,7.09,7.13,3600,,,,,historical_baseline,,fe33df9ae5456d8ee27133c42c244c81d150008ababc19399c7ed428638b57ea
7201,2023-03-26,7.13,7.13,7.13,7.13,0,,,,,historical_baseline,,fe33df9ae5456d8ee27133c42c244c81d150008ababc19399c7ed428638b57ea
7201,2023-03-27,7.13,7.13,7.13,7.13,0,,,,,historical_baseline,,fe33df9ae5456d8ee27133c42c244c81d150008ababc19399c7ed428638b57ea
7201,2023-03-28,7.13,7.13,7.13,7.13,0,,,,,historical_baseline,,fe33df9ae5456d8ee27133c42c244c81d150008ababc19399c7ed428638b57ea
7201,2023-03-29,7.95,8.46,7.95,8.09,80210,,,,,historical_baseline,,fe33df9ae5456d8ee27133c42c244c81d150008ababc19399c7ed428638b57ea
7201,2023-03-30,8.1,8.17,7.91,7.98,3500,,,,,historical_baseline,,fe33df9ae5456d8ee27133c42c244c81d150008ababc19399c7ed428638b57ea
7202,2023-03-01,246.8,249.0,239.2,240.2,100,,,,,historical_baseline,,fe33df9ae5456d8ee27133c42c244c81d150008ababc19399c7ed428638b57ea
7202,2023-03-02,239.8,240.0,233.4,235.2,196,,,,,historical_baseline,,fe33df9ae5456d8ee27133c42c244c81d150008ababc19399c7ed428638b57ea
7202,2023-03-05,235.2,238.2,235.0,236.2,250,,,,,historical_baseline,,fe33df9ae5456d8ee27133c42c244c81d150008ababc19399c7ed428638b57ea
7202,2023-03-06,236.2,236.2,236.2,236.2,0,,,,,historical_baseline,,fe33df9ae5456d8ee27133c42c244c81d150008ababc19399c7ed428638b57ea
7202,2023-03-07,236.2,236.2,236.2,236.2,0,,,,,historical_baseline,,fe33df9ae5456d8ee27133c42c244c81d150008ababc19399c7ed428638b57ea
7202,2023-03-08,232.0,236.0,230.2,236.0,488,,,,,historical_baseline,,fe33df9ae5456d8ee27133c42c244c81d150008ababc19399c7ed428638b57ea
7202,2023-03-09,236.0,236.0,236.0,236.0,0,,,,,historical_baseline,,fe33df9ae5456d8ee27133c42c244c81d150008ababc19399c7ed428638b57ea
7202,2023-03-12,236.0,236.0,236.0,236.0,0,,,,,historical_baseline,,fe33df9ae5456d8ee27133c42c244c81d150008ababc19399c7ed428638b57ea
7202,2023-03-13,236.0,236.0,236.0,236.0,0,,,,,historical_baseline,,fe33df9ae5456d8ee27133c42c244c81d150008ababc19399c7ed428638b57ea
7202,2023-03-14,236.0,246.2,236.0,243.0,196,,,,,historical_baseline,,fe33df9ae5456d8ee27133c42c244c81d150008ababc19399c7ed428638b57ea
7202,2023-03-15,249.0,251.8,243.0,246.0,2000,,,,,historical_baseline,,fe33df9ae5456d8ee27133c42c244c81d150008ababc19399c7ed428638b57ea
7202,2023-03-16,243.4,244.0,237.6,238.2,899,,,,,historical_baseline,,fe33df9ae5456d8ee27133c42c244c81d150008ababc19399c7ed428638b57ea
7202,2023-03-19,238.2,238.2,238.2,238.2,0,,,,,historical_baseline,,fe33df9ae5456d8ee27133c42c244c81d150008ababc19399c7ed428638b57ea
7202,2023-03-20,239.2,246.0,236.0,244.2,222,,,,,historical_baseline,,fe33df9ae5456d8ee27133c42c244c81d150008ababc19399c7ed428638b57ea
7202,2023-03-21,244.2,245.4,241.0,243.0,74,,,,,historical_baseline,,fe33df9ae5456d8ee27133c42c244c81d150008ababc19399c7ed428638b57ea
7202,2023-03-22,244.8,250.2,243.0,248.0,373,,,,,historical_baseline,,fe33df9ae5456d8ee27133c42c244c81d150008ababc19399c7ed428638b57ea
7202,2023-03-23,246.8,248.6,245.0,248.6,3245,,,,,historical_baseline,,fe33df9ae5456d8ee27133c42c244c81d150008ababc19399c7ed428638b57ea
7202,2023-03-26,248.6,248.6,248.6,248.6,0,,,,,historical_baseline,,fe33df9ae5456d8ee27133c42c244c81d150008ababc19399c7ed428638b57ea
7202,2023-03-27,248.6,248.6,248.6,248.6,0,,,,,historical_baseline,,fe33df9ae5456d8ee27133c42c244c81d150008ababc19399c7ed428638b57ea
7202,2023-03-28,248.6,248.6,248.6,248.6,0,,,,,historical_baseline,,fe33df9ae5456d8ee27133c42c244c81d150008ababc19399c7ed428638b57ea
7202,2023-03-29,248.6,248.6,248.6,248.6,0,,,,,historical_baseline,,fe33df9ae5456d8ee27133c42c244c81d150008ababc19399c7ed428638b57ea
7202,2023-03-30,245.0,248.8,244.8,248.8,89,,,,,historical_baseline,,fe33df9ae5456d8ee27133c42c244c81d150008ababc19399c7ed428638b57ea
7203,2023-03-01,380.0,384.6,378.2,384.0,335,,,,,historical_baseline,,fe33df9ae5456d8ee27133c42c244c81d150008ababc19399c7ed428638b57ea
7203,2023-03-02,380.4,384.2,378.8,381.0,69,,,,,historical_baseline,,fe33df9ae5456d8ee27133c42c244c81d150008ababc19399c7ed428638b57ea
7203,2023-03-05,380.0,384.8,370.8,372.4,47,,,,,historical_baseline,,fe33df9ae5456d8ee27133c42c244c81d150008ababc19399c7ed428638b57ea
7203,2023-03-06,372.4,372.4,372.4,372.4,0,,,,,historical_baseline,,fe33df9ae5456d8ee27133c42c244c81d150008ababc19399c7ed428638b57ea
7203,2023-03-07,372.4,372.4,372.4,372.4,0,,,,,historical_baseline,,fe33df9ae5456d8ee27133c42c244c81d150008ababc19399c7ed428638b57ea
7203,2023-03-08,385.0,395.0,385.0,390.6,41,,,,,historical_baseline,,fe33df9ae5456d8ee27133c42c244c81d150008ababc19399c7ed428638b57ea
7203,2023-03-09,390.6,390.6,390.6,390.6,0,,,,,historical_baseline,,fe33df9ae5456d8ee27133c42c244c81d150008ababc19399c7ed428638b57ea
7203,2023-03-12,390.6,390.6,390.6,390.6,0,,,,,historical_baseline,,fe33df9ae5456d8ee27133c42c244c81d150008ababc19399c7ed428638b57ea
7203,2023-03-13,390.6,390.6,390.6,390.6,0,,,,,historical_baseline,,fe33df9ae5456d8ee27133c42c244c81d150008ababc19399c7ed428638b57ea
7203,2023-03-14,393.2,402.0,393.2,397.0,70,,,,,historical_baseline,,fe33df9ae5456d8ee27133c42c244c81d150008ababc19399c7ed428638b57ea
7203,2023-03-15,409.0,409.0,402.8,405.8,271,,,,,historical_baseline,,fe33df9ae5456d8ee27133c42c244c81d150008ababc19399c7ed428638b57ea
7203,2023-03-16,403.8,407.0,401.8,407.0,50,,,,,historical_baseline,,fe33df9ae5456d8ee27133c42c244c81d150008ababc19399c7ed428638b57ea
7203,2023-03-19,407.0,407.0,407.0,407.0,0,,,,,historical_baseline,,fe33df9ae5456d8ee27133c42c244c81d150008ababc19399c7ed428638b57ea
7203,2023-03-20,404.0,440.0,398.8,435.0,200,,,,,historical_baseline,,fe33df9ae5456d8ee27133c42c244c81d150008ababc19399c7ed428638b57ea
7203,2023-03-21,439.0,447.2,425.4,426.0,38,,,,,historical_baseline,,fe33df9ae5456d8ee27133c42c244c81d150008ababc19399c7ed428638b57ea
7203,2023-03-22,426.0,444.8,426.0,444.6,79,,,,,historical_baseline,,fe33df9ae5456d8ee27133c42c244c81d150008ababc19399c7ed428638b57ea
7203,2023-03-23,444.4,448.6,426.8,435.0,235,,,,,historical_baseline,,fe33df9ae5456d8ee27133c42c244c81d150008ababc19399c7ed428638b57ea
7203,2023-03-26,435.0,435.0,435.0,435.0,0,,,,,historical_baseline,,fe33df9ae5456d8ee27133c42c244c81d150008ababc19399c7ed428638b57ea
7203,2023-03-27,435.0,435.0,435.0,435.0,0,,,,,historical_baseline,,fe33df9ae5456d8ee27133c42c244c81d150008ababc19399c7ed428638b57ea
7203,2023-03-28,435.0,435.0,435.0,435.0,0,,,,,historical_baseline,,fe33df9ae5456d8ee27133c42c244c81d150008ababc19399c7ed428638b57ea
7203,2023-03-29,435.0,435.0,435.0,435.0,0,,,,,historical_baseline,,fe33df9ae5456d8ee27133c42c244c81d150008ababc19399c7ed428638b57ea
7203,2023-03-30,436.4,443.0,432.2,441.8,1402,,,,,historical_baseline,,fe33df9ae5456d8ee27133c42c244c81d150008ababc19399c7ed428638b57ea
8010,2023-03-01,78.25,82.0,78.17,80.83,338,,,,,historical_baseline,,fe33df9ae5456d8ee27133c42c244c81d150008ababc19399c7ed428638b57ea
8010,2023-03-02,80.0,80.83,78.83,79.58,630,,,,,historical_baseline,,fe33df9ae5456d8ee27133c42c244c81d150008ababc19399c7ed428638b57ea
8010,2023-03-05,78.17,78.58,77.08,77.17,487,,,,,historical_baseline,,fe33df9ae5456d8ee27133c42c244c81d150008ababc19399c7ed428638b57ea
8010,2023-03-06,77.17,77.17,77.17,77.17,0,,,,,historical_baseline,,fe33df9ae5456d8ee27133c42c244c81d150008ababc19399c7ed428638b57ea
8010,2023-03-07,77.17,77.17,77.17,77.17,0,,,,,historical_baseline,,fe33df9ae5456d8ee27133c42c244c81d150008ababc19399c7ed428638b57ea
8010,2023-03-08,77.75,79.17,77.08,79.17,872,,,,,historical_baseline,,fe33df9ae5456d8ee27133c42c244c81d150008ababc19399c7ed428638b57ea
8010,2023-03-09,79.17,79.17,79.17,79.17,0,,,,,historical_baseline,,fe33df9ae5456d8ee27133c42c244c81d150008ababc19399c7ed428638b57ea
8010,2023-03-12,79.17,79.17,79.17,79.17,0,,,,,historical_baseline,,fe33df9ae5456d8ee27133c42c244c81d150008ababc19399c7ed428638b57ea
8010,2023-03-13,79.17,79.17,79.17,79.17,0,,,,,historical_baseline,,fe33df9ae5456d8ee27133c42c244c81d150008ababc19399c7ed428638b57ea
8010,2023-03-14,79.0,83.08,79.0,82.17,186,,,,,historical_baseline,,fe33df9ae5456d8ee27133c42c244c81d150008ababc19399c7ed428638b57ea
8010,2023-03-15,85.83,86.67,83.33,85.33,601,,,,,historical_baseline,,fe33df9ae5456d8ee27133c42c244c81d150008ababc19399c7ed428638b57ea
8010,2023-03-16,86.5,86.5,80.42,82.25,600,,,,,historical_baseline,,fe33df9ae5456d8ee27133c42c244c81d150008ababc19399c7ed428638b57ea
8010,2023-03-19,82.25,82.25,82.25,82.25,0,,,,,historical_baseline,,fe33df9ae5456d8ee27133c42c244c81d150008ababc19399c7ed428638b57ea
8010,2023-03-20,80.08,82.5,77.92,78.67,206,,,,,historical_baseline,,fe33df9ae5456d8ee27133c42c244c81d150008ababc19399c7ed428638b57ea
8010,2023-03-21,78.58,79.42,78.17,78.92,420,,,,,historical_baseline,,fe33df9ae5456d8ee27133c42c244c81d150008ababc19399c7ed428638b57ea
8010,2023-03-22,79.33,80.92,79.0,80.25,360,,,,,historical_baseline,,fe33df9ae5456d8ee27133c42c244c81d150008ababc19399c7ed428638b57ea
8010,2023-03-23,80.5,84.17,80.25,84.17,1233,,,,,historical_baseline,,fe33df9ae5456d8ee27133c42c244c81d150008ababc19399c7ed428638b57ea
8010,2023-03-26,84.17,84.17,84.17,84.17,0,,,,,historical_baseline,,fe33df9ae5456d8ee27133c42c244c81d150008ababc19399c7ed428638b57ea
8010,2023-03-27,84.17,84.17,84.17,84.17,0,,,,,historical_baseline,,fe33df9ae5456d8ee27133c42c244c81d150008ababc19399c7ed428638b57ea
8010,2023-03-28,84.17,84.17,84.17,84.17,0,,,,,historical_baseline,,fe33df9ae5456d8ee27133c42c244c81d150008ababc19399c7ed428638b57ea
8010,2023-03-29,90.0,92.5,87.17,88.67,5148,,,,,historical_baseline,,fe33df9ae5456d8ee27133c42c244c81d150008ababc19399c7ed428638b57ea
8010,2023-03-30,88.67,89.33,86.5,87.67,1263,,,,,historical_baseline,,fe33df9ae5456d8ee27133c42c244c81d150008ababc19399c7ed428638b57ea
8012,2023-03-01,13.92,14.37,13.92,14.23,8358,,,,,historical_baseline,,fe33df9ae5456d8ee27133c42c244c81d150008ababc19399c7ed428638b57ea
8012,2023-03-02,14.25,14.25,14.1,14.13,1142,,,,,historical_baseline,,fe33df9ae5456d8ee27133c42c244c81d150008ababc19399c7ed428638b57ea
8012,2023-03-05,14.18,14.4,14.07,14.15,1188,,,,,historical_baseline,,fe33df9ae5456d8ee27133c42c244c81d150008ababc19399c7ed428638b57ea
8012,2023-03-06,14.15,14.15,14.15,14.15,0,,,,,historical_baseline,,fe33df9ae5456d8ee27133c42c244c81d150008ababc19399c7ed428638b57ea
8012,2023-03-07,14.15,14.15,14.15,14.15,0,,,,,historical_baseline,,fe33df9ae5456d8ee27133c42c244c81d150008ababc19399c7ed428638b57ea
8012,2023-03-08,14.05,14.2,14.03,14.03,4836,,,,,historical_baseline,,fe33df9ae5456d8ee27133c42c244c81d150008ababc19399c7ed428638b57ea
8012,2023-03-09,14.03,14.03,14.03,14.03,0,,,,,historical_baseline,,fe33df9ae5456d8ee27133c42c244c81d150008ababc19399c7ed428638b57ea
8012,2023-03-12,14.03,14.03,14.03,14.03,0,,,,,historical_baseline,,fe33df9ae5456d8ee27133c42c244c81d150008ababc19399c7ed428638b57ea
8012,2023-03-13,14.03,14.03,14.03,14.03,0,,,,,historical_baseline,,fe33df9ae5456d8ee27133c42c244c81d150008ababc19399c7ed428638b57ea
8012,2023-03-14,14.05,14.05,13.75,13.75,1143,,,,,historical_baseline,,fe33df9ae5456d8ee27133c42c244c81d150008ababc19399c7ed428638b57ea
8012,2023-03-15,13.5,13.67,13.33,13.35,1200,,,,,historical_baseline,,fe33df9ae5456d8ee27133c42c244c81d150008ababc19399c7ed428638b57ea
8012,2023-03-16,13.25,13.3,13.17,13.18,2022,,,,,historical_baseline,,fe33df9ae5456d8ee27133c42c244c81d150008ababc19399c7ed428638b57ea
8012,2023-03-19,13.18,13.18,13.18,13.18,0,,,,,historical_baseline,,fe33df9ae5456d8ee27133c42c244c81d150008ababc19399c7ed428638b57ea
8012,2023-03-20,13.47,13.78,13.42,13.67,2868,,,,,historical_baseline,,fe33df9ae5456d8ee27133c42c244c81d150008ababc19399c7ed428638b57ea
8012,2023-03-21,13.83,13.83,13.5,13.52,1130,,,,,historical_baseline,,fe33df9ae5456d8ee27133c42c244c81d150008ababc19399c7ed428638b57ea
8012,2023-03-22,13.5,13.77,13.47,13.75,1200,,,,,historical_baseline,,fe33df9ae5456d8ee27133c42c244c81d150008ababc19399c7ed428638b57ea
8012,2023-03-23,13.92,13.93,13.57,13.58,1200,,,,,historical_baseline,,fe33df9ae5456d8ee27133c42c244c81d150008ababc19399c7ed428638b57ea
8012,2023-03-26,13.58,13.58,13.58,13.58,0,,,,,historical_baseline,,fe33df9ae5456d8ee27133c42c244c81d150008ababc19399c7ed428638b57ea
8012,2023-03-27,13.58,13.58,13.58,13.58,0,,,,,historical_baseline,,fe33df9ae5456d8ee27133c42c244c81d150008ababc19399c7ed428638b57ea
8012,2023-03-28,13.58,13.58,13.58,13.58,0,,,,,historical_baseline,,fe33df9ae5456d8ee27133c42c244c81d150008ababc19399c7ed428638b57ea
8012,2023-03-29,14.13,14.17,13.92,13.98,490,,,,,historical_baseline,,fe33df9ae5456d8ee27133c42c244c81d150008ababc19399c7ed428638b57ea
8012,2023-03-30,14.17,14.38,14.15,14.22,1200,,,,,historical_baseline,,fe33df9ae5456d8ee27133c42c244c81d150008ababc19399c7ed428638b57ea
8020,2023-03-01,13.02,13.18,13.02,13.06,1500,,,,,historical_baseline,,fe33df9ae5456d8ee27133c42c244c81d150008ababc19399c7ed428638b57ea
8020,2023-03-02,13.02,13.18,12.98,13.14,1691,,,,,historical_baseline,,fe33df9ae5456d8ee27133c42c244c81d150008ababc19399c7ed428638b57ea
8020,2023-03-05,13.06,13.3,13.06,13.3,5462,,,,,historical_baseline,,fe33df9ae5456d8ee27133c42c244c81d150008ababc19399c7ed428638b57ea
8020,2023-03-06,13.3,13.3,13.3,13.3,0,,,,,historical_baseline,,fe33df9ae5456d8ee27133c42c244c81d150008ababc19399c7ed428638b57ea
8020,2023-03-07,13.3,13.3,13.3,13.3,0,,,,,historical_baseline,,fe33df9ae5456d8ee27133c42c244c81d150008ababc19399c7ed428638b57ea
8020,2023-03-08,13.06,13.28,13.04,13.18,2474,,,,,historical_baseline,,fe33df9ae5456d8ee27133c42c244c81d150008ababc19399c7ed428638b57ea
8020,2023-03-09,13.18,13.18,13.18,13.18,0,,,,,historical_baseline,,fe33df9ae5456d8ee27133c42c244c81d150008ababc19399c7ed428638b57ea
8020,2023-03-12,13.18,13.18,13.18,13.18,0,,,,,historical_baseline,,fe33df9ae5456d8ee27133c42c244c81d150008ababc19399c7ed428638b57ea
8020,2023-03-13,13.18,13.18,13.18,13.18,0,,,,,historical_baseline,,fe33df9ae5456d8ee27133c42c244c81d150008ababc19399c7ed428638b57ea
8020,2023-03-14,13.16,13.16,12.84,12.84,4338,,,,,historical_baseline,,fe33df9ae5456d8ee27133c42c244c81d150008ababc19399c7ed428638b57ea
8020,2023-03-15,12.8,12.9,12.6,12.6,1611,,,,,historical_baseline,,fe33df9ae5456d8ee27133c42c244c81d150008ababc19399c7ed428638b57ea
8020,2023-03-16,12.58,12.6,12.18,12.28,1650,,,,,historical_baseline,,fe33df9ae5456d8ee27133c42c244c81d150008ababc19399c7ed428638b57ea
8020,2023-03-19,12.28,12.28,12.28,12.28,0,,,,,historical_baseline,,fe33df9ae5456d8ee27133c42c244c81d150008ababc19399c7ed428638b57ea
8020,2023-03-20,12.26,12.6,12.26,12.56,3941,,,,,historical_baseline,,fe33df9ae5456d8ee27133c42c244c81d150008ababc19399c7ed428638b57ea
8020,2023-03-21,12.62,12.8,12.62,12.66,1249,,,,,historical_baseline,,fe33df9ae5456d8ee27133c42c244c81d150008ababc19399c7ed428638b57ea
8020,2023-03-22,12.6,13.1,12.58,13.1,3077,,,,,historical_baseline,,fe33df9ae5456d8ee27133c42c244c81d150008ababc19399c7ed428638b57ea
8020,2023-03-23,13.06,13.24,12.8,12.8,4144,,,,,historical_baseline,,fe33df9ae5456d8ee27133c42c244c81d150008ababc19399c7ed428638b57ea
8020,2023-03-26,12.8,12.8,12.8,12.8,0,,,,,historical_baseline,,fe33df9ae5456d8ee27133c42c244c81d150008ababc19399c7ed428638b57ea
8020,2023-03-27,12.8,12.8,12.8,12.8,0,,,,,historical_baseline,,fe33df9ae5456d8ee27133c42c244c81d150008ababc19399c7ed428638b57ea
8020,2023-03-28,12.8,12.8,12.8,12.8,0,,,,,historical_baseline,,fe33df9ae5456d8ee27133c42c244c81d150008ababc19399c7ed428638b57ea
8020,2023-03-29,12.9,13.06,12.84,12.9,393,,,,,historical_baseline,,fe33df9ae5456d8ee27133c42c244c81d150008ababc19399c7ed428638b57ea
8020,2023-03-30,12.96,13.1,12.9,13.06,1555,,,,,historical_baseline,,fe33df9ae5456d8ee27133c42c244c81d150008ababc19399c7ed428638b57ea
8030,2023-03-01,8.35,8.36,8.28,8.36,2000,,,,,historical_baseline,,fe33df9ae5456d8ee27133c42c244c81d150008ababc19399c7ed428638b57ea
8030,2023-03-02,8.36,8.42,8.25,8.25,10000,,,,,historical_baseline,,fe33df9ae5456d8ee27133c42c244c81d150008ababc19399c7ed428638b57ea
8030,2023-03-05,8.28,8.39,8.25,8.39,3000,,,,,historical_baseline,,fe33df9ae5456d8ee27133c42c244c81d150008ababc19399c7ed428638b57ea
8030,2023-03-06,8.39,8.39,8.39,8.39,0,,,,,historical_baseline,,fe33df9ae5456d8ee27133c42c244c81d150008ababc19399c7ed428638b57ea
8030,2023-03-07,8.39,8.39,8.39,8.39,0,,,,,historical_baseline,,fe33df9ae5456d8ee27133c42c244c81d150008ababc19399c7ed428638b57ea
8030,2023-03-08,8.2,8.22,8.15,8.15,3000,,,,,historical_baseline,,fe33df9ae5456d8ee27133c42c244c81d150008ababc19399c7ed428638b57ea
8030,2023-03-09,8.15,8.15,8.15,8.15,0,,,,,historical_baseline,,fe33df9ae5456d8ee27133c42c244c81d150008ababc19399c7ed428638b57ea
8030,2023-03-12,8.15,8.15,8.15,8.15,0,,,,,historical_baseline,,fe33df9ae5456d8ee27133c42c244c81d150008ababc19399c7ed428638b57ea
8030,2023-03-13,8.15,8.15,8.15,8.15,0,,,,,historical_baseline,,fe33df9ae5456d8ee27133c42c244c81d150008ababc19399c7ed428638b57ea
8030,2023-03-14,8.06,8.12,8.0,8.0,2605,,,,,historical_baseline,,fe33df9ae5456d8ee27133c42c244c81d150008ababc19399c7ed428638b57ea
8030,2023-03-15,8.0,8.0,7.7,7.8,2000,,,,,historical_baseline,,fe33df9ae5456d8ee27133c42c244c81d150008ababc19399c7ed428638b57ea
8030,2023-03-16,7.72,7.77,7.67,7.67,2999,,,,,historical_baseline,,fe33df9ae5456d8ee27133c42c244c81d150008ababc19399c7ed428638b57ea
8030,2023-03-19,7.67,7.67,7.67,7.67,0,,,,,historical_baseline,,fe33df9ae5456d8ee27133c42c244c81d150008ababc19399c7ed428638b57ea
8030,2023-03-20,7.66,7.71,7.6,7.7,2500,,,,,historical_baseline,,fe33df9ae5456d8ee27133c42c244c81d150008ababc19399c7ed428638b57ea
8030,2023-03-21,7.75,7.88,7.72,7.84,2500,,,,,historical_baseline,,fe33df9ae5456d8ee27133c42c244c81d150008ababc19399c7ed428638b57ea
8030,2023-03-22,7.85,7.85,7.73,7.74,2456,,,,,historical_baseline,,fe33df9ae5456d8ee27133c42c244c81d150008ababc19399c7ed428638b57ea
8030,2023-03-23,7.74,7.76,7.6,7.63,4917,,,,,historical_baseline,,fe33df9ae5456d8ee27133c42c244c81d150008ababc19399c7ed428638b57ea
8030,2023-03-26,7.63,7.63,7.63,7.63,0,,,,,historical_baseline,,fe33df9ae5456d8ee27133c42c244c81d150008ababc19399c7ed428638b57ea
8030,2023-03-27,7.63,7.63,7.63,7.63,0,,,,,historical_baseline,,fe33df9ae5456d8ee27133c42c244c81d150008ababc19399c7ed428638b57ea
8030,2023-03-28,7.63,7.63,7.63,7.63,0,,,,,historical_baseline,,fe33df9ae5456d8ee27133c42c244c81d150008ababc19399c7ed428638b57ea
8030,2023-03-29,8.0,8.11,7.92,7.93,770,,,,,historical_baseline,,fe33df9ae5456d8ee27133c42c244c81d150008ababc19399c7ed428638b57ea
8030,2023-03-30,7.96,7.98,7.88,7.88,3039,,,,,historical_baseline,,fe33df9ae5456d8ee27133c42c244c81d150008ababc19399c7ed428638b57ea
8040,2023-03-01,14.5,15.2,14.5,15.02,1335,,,,,historical_baseline,,fe33df9ae5456d8ee27133c42c244c81d150008ababc19399c7ed428638b57ea
8040,2023-03-02,14.96,15.2,14.96,15.06,1500,,,,,historical_baseline,,fe33df9ae5456d8ee27133c42c244c81d150008ababc19399c7ed428638b57ea
8040,2023-03-05,15.16,15.16,15.0,15.16,2012,,,,,historical_baseline,,fe33df9ae5456d8ee27133c42c244c81d150008ababc19399c7ed428638b57ea
8040,2023-03-06,15.16,15.16,15.16,15.16,0,,,,,historical_baseline,,fe33df9ae5456d8ee27133c42c244c81d150008ababc19399c7ed428638b57ea
8040,2023-03-07,15.16,15.16,15.16,15.16,0,,,,,historical_baseline,,fe33df9ae5456d8ee27133c42c244c81d150008ababc19399c7ed428638b57ea
8040,2023-03-08,14.84,14.94,14.68,14.72,1229,,,,,historical_baseline,,fe33df9ae5456d8ee27133c42c244c81d150008ababc19399c7ed428638b57ea
8040,2023-03-09,14.72,14.72,14.72,14.72,0,,,,,historical_baseline,,fe33df9ae5456d8ee27133c42c244c81d150008ababc19399c7ed428638b57ea
8040,2023-03-12,14.72,14.72,14.72,14.72,0,,,,,historical_baseline,,fe33df9ae5456d8ee27133c42c244c81d150008ababc19399c7ed428638b57ea
8040,2023-03-13,14.72,14.72,14.72,14.72,0,,,,,historical_baseline,,fe33df9ae5456d8ee27133c42c244c81d150008ababc19399c7ed428638b57ea
8040,2023-03-14,14.7,14.9,14.52,14.58,1974,,,,,historical_baseline,,fe33df9ae5456d8ee27133c42c244c81d150008ababc19399c7ed428638b57ea
8040,2023-03-15,14.34,14.38,14.0,14.0,2000,,,,,historical_baseline,,fe33df9ae5456d8ee27133c42c244c81d150008ababc19399c7ed428638b57ea
8040,2023-03-16,13.96,14.18,13.8,13.82,1813,,,,,historical_baseline,,fe33df9ae5456d8ee27133c42c244c81d150008ababc19399c7ed428638b57ea
8040,2023-03-19,13.82,13.82,13.82,13.82,0,,,,,historical_baseline,,fe33df9ae5456d8ee27133c42c244c81d150008ababc19399c7ed428638b57ea
8040,2023-03-20,13.96,14.02,13.72,13.98,2435,,,,,historical_baseline,,fe33df9ae5456d8ee27133c42c244c81d150008ababc19399c7ed428638b57ea
8040,2023-03-21,13.96,13.96,13.84,13.9,1666,,,,,historical_baseline,,fe33df9ae5456d8ee27133c42c244c81d150008ababc19399c7ed428638b57ea
8040,2023-03-22,13.86,14.4,13.82,14.12,1100,,,,,historical_baseline,,fe33df9ae5456d8ee27133c42c244c81d150008ababc19399c7ed428638b57ea
8040,2023-03-23,14.04,14.18,13.9,14.18,1495,,,,,historical_baseline,,fe33df9ae5456d8ee27133c42c244c81d150008ababc19399c7ed428638b57ea
8040,2023-03-26,14.18,14.18,14.18,14.18,0,,,,,historical_baseline,,fe33df9ae5456d8ee27133c42c244c81d150008ababc19399c7ed428638b57ea
8040,2023-03-27,14.18,14.18,14.18,14.18,0,,,,,historical_baseline,,fe33df9ae5456d8ee27133c42c244c81d150008ababc19399c7ed428638b57ea
8040,2023-03-28,14.18,14.18,14.18,14.18,0,,,,,historical_baseline,,fe33df9ae5456d8ee27133c42c244c81d150008ababc19399c7ed428638b57ea
8040,2023-03-29,14.38,14.54,14.3,14.34,164,,,,,historical_baseline,,fe33df9ae5456d8ee27133c42c244c81d150008ababc19399c7ed428638b57ea
8040,2023-03-30,14.36,14.5,14.32,14.4,1725,,,,,historical_baseline,,fe33df9ae5456d8ee27133c42c244c81d150008ababc19399c7ed428638b57ea
8050,2023-03-01,9.17,9.28,9.13,9.21,1720,,,,,historical_baseline,,fe33df9ae5456d8ee27133c42c244c81d150008ababc19399c7ed428638b57ea
8050,2023-03-02,9.17,9.8,9.17,9.5,1992,,,,,historical_baseline,,fe33df9ae5456d8ee27133c42c244c81d150008ababc19399c7ed428638b57ea
8050,2023-03-05,9.67,9.73,9.5,9.5,3053,,,,,historical_baseline,,fe33df9ae5456d8ee27133c42c244c81d150008ababc19399c7ed428638b57ea
8050,2023-03-06,9.5,9.5,9.5,9.5,0,,,,,historical_baseline,,fe33df9ae5456d8ee27133c42c244c81d150008ababc19399c7ed428638b57ea
8050,2023-03-07,9.5,9.5,9.5,9.5,0,,,,,historical_baseline,,fe33df9ae5456d8ee27133c42c244c81d150008ababc19399c7ed428638b57ea
8050,2023-03-08,9.3,9.42,9.28,9.28,3053,,,,,historical_baseline,,fe33df9ae5456d8ee27133c42c244c81d150008ababc19399c7ed428638b57ea
8050,2023-03-09,9.28,9.28,9.28,9.28,0,,,,,historical_baseline,,fe33df9ae5456d8ee27133c42c244c81d150008ababc19399c7ed428638b57ea
8050,2023-03-12,9.28,9.28,9.28,9.28,0,,,,,historical_baseline,,fe33df9ae5456d8ee27133c42c244c81d150008ababc19399c7ed428638b57ea
8050,2023-03-13,9.28,9.28,9.28,9.28,0,,,,,historical_baseline,,fe33df9ae5456d8ee27133c42c244c81d150008ababc19399c7ed428638b57ea
8050,2023-03-14,9.25,9.28,9.18,9.18,1801,,,,,historical_baseline,,fe33df9ae5456d8ee27133c42c244c81d150008ababc19399c7ed428638b57ea
8050,2023-03-15,9.43,9.69,9.14,9.14,1758,,,,,historical_baseline,,fe33df9ae5456d8ee27133c42c244c81d150008ababc19399c7ed428638b57ea
8050,2023-03-16,9.11,9.18,9.01,9.16,4579,,,,,historical_baseline,,fe33df9ae5456d8ee27133c42c244c81d150008ababc19399c7ed428638b57ea
8050,2023-03-19,9.16,9.16,9.16,9.16,0,,,,,historical_baseline,,fe33df9ae5456d8ee27133c42c244c81d150008ababc19399c7ed428638b57ea
8050,2023-03-20,9.38,9.83,9.38,9.75,1920,,,,,historical_baseline,,fe33df9ae5456d8ee27133c42c244c81d150008ababc19399c7ed428638b57ea
8050,2023-03-21,9.83,10.07,9.6,9.63,1754,,,,,historical_baseline,,fe33df9ae5456d8ee27133c42c244c81d150008ababc19399c7ed428638b57ea
8050,2023-03-22,9.72,9.96,9.66,9.76,2219,,,,,historical_baseline,,fe33df9ae5456d8ee27133c42c244c81d150008ababc19399c7ed428638b57ea
8050,2023-03-23,9.72,9.85,9.42,9.42,4689,,,,,historical_baseline,,fe33df9ae5456d8ee27133c42c244c81d150008ababc19399c7ed428638b57ea
8050,2023-03-26,9.42,9.42,9.42,9.42,0,,,,,historical_baseline,,fe33df9ae5456d8ee27133c42c244c81d150008ababc19399c7ed428638b57ea
8050,2023-03-27,9.42,9.42,9.42,9.42,0,,,,,historical_baseline,,fe33df9ae5456d8ee27133c42c244c81d150008ababc19399c7ed428638b57ea
8050,2023-03-28,9.42,9.42,9.42,9.42,0,,,,,historical_baseline,,fe33df9ae5456d8ee27133c42c244c81d150008ababc19399c7ed428638b57ea
8050,2023-03-29,9.45,9.63,9.37,9.43,954,,,,,historical_baseline,,fe33df9ae5456d8ee27133c42c244c81d150008ababc19399c7ed428638b57ea
8050,2023-03-30,9.51,9.56,9.37,9.46,2151,,,,,historical_baseline,,fe33df9ae5456d8ee27133c42c244c81d150008ababc19399c7ed428638b57ea
8060,2023-03-01,13.72,13.76,13.66,13.66,3594,,,,,historical_baseline,,fe33df9ae5456d8ee27133c42c244c81d150008ababc19399c7ed428638b57ea
8060,2023-03-02,13.72,13.74,13.62,13.62,1250,,,,,historical_baseline,,fe33df9ae5456d8ee27133c42c244c81d150008ababc19399c7ed428638b57ea
8060,2023-03-05,13.72,13.72,13.54,13.66,1250,,,,,historical_baseline,,fe33df9ae5456d8ee27133c42c244c81d150008ababc19399c7ed428638b57ea
8060,2023-03-06,13.66,13.66,13.66,13.66,0,,,,,historical_baseline,,fe33df9ae5456d8ee27133c42c244c81d150008ababc19399c7ed428638b57ea
8060,2023-03-07,13.66,13.66,13.66,13.66,0,,,,,historical_baseline,,fe33df9ae5456d8ee27133c42c244c81d150008ababc19399c7ed428638b57ea
8060,2023-03-08,13.8,13.86,13.52,13.6,1500,,,,,historical_baseline,,fe33df9ae5456d8ee27133c42c244c81d150008ababc19399c7ed428638b57ea
8060,2023-03-09,13.6,13.6,13.6,13.6,0,,,,,historical_baseline,,fe33df9ae5456d8ee27133c42c244c81d150008ababc19399c7ed428638b57ea
8060,2023-03-12,13.6,13.6,13.6,13.6,0,,,,,historical_baseline,,fe33df9ae5456d8ee27133c42c244c81d150008ababc19399c7ed428638b57ea
8060,2023-03-13,13.6,13.6,13.6,13.6,0,,,,,historical_baseline,,fe33df9ae5456d8ee27133c42c244c81d150008ababc19399c7ed428638b57ea
8060,2023-03-14,13.7,13.76,13.42,13.6,1959,,,,,historical_baseline,,fe33df9ae5456d8ee27133c42c244c81d150008ababc19399c7ed428638b57ea
8060,2023-03-15,13.48,13.56,13.3,13.3,1165,,,,,historical_baseline,,fe33df9ae5456d8ee27133c42c244c81d150008ababc19399c7ed428638b57ea
8060,2023-03-16,13.1,13.16,12.98,13.0,1387,,,,,historical_baseline,,fe33df9ae5456d8ee27133c42c244c81d150008ababc19399c7ed428638b57ea
8060,2023-03-19,13.0,13.0,13.0,13.0,0,,,,,historical_baseline,,fe33df9ae5456d8ee27133c42c244c81d150008ababc19399c7ed428638b57ea
8060,2023-03-20,13.2,13.28,13.06,13.1,3200,,,,,historical_baseline,,fe33df9ae5456d8ee27133c42c244c81d150008ababc19399c7ed428638b57ea
8060,2023-03-21,13.2,13.2,13.16,13.16,1591,,,,,historical_baseline,,fe33df9ae5456d8ee27133c42c244c81d150008ababc19399c7ed428638b57ea
8060,2023-03-22,13.2,13.32,13.16,13.3,2457,,,,,historical_baseline,,fe33df9ae5456d8ee27133c42c244c81d150008ababc19399c7ed428638b57ea
8060,2023-03-23,13.6,13.6,13.14,13.26,2001,,,,,historical_baseline,,fe33df9ae5456d8ee27133c42c244c81d150008ababc19399c7ed428638b57ea
8060,2023-03-26,13.26,13.26,13.26,13.26,0,,,,,historical_baseline,,fe33df9ae5456d8ee27133c42c244c81d150008ababc19399c7ed428638b57ea
8060,2023-03-27,13.26,13.26,13.26,13.26,0,,,,,historical_baseline,,fe33df9ae5456d8ee27133c42c244c81d150008ababc19399c7ed428638b57ea
8060,2023-03-28,13.26,13.26,13.26,13.26,0,,,,,historical_baseline,,fe33df9ae5456d8ee27133c42c244c81d150008ababc19399c7ed428638b57ea
8060,2023-03-29,13.56,13.56,13.3,13.3,499,,,,,historical_baseline,,fe33df9ae5456d8ee27133c42c244c81d150008ababc19399c7ed428638b57ea
8060,2023-03-30,13.34,13.56,13.26,13.5,4569,,,,,historical_baseline,,fe33df9ae5456d8ee27133c42c244c81d150008ababc19399c7ed428638b57ea
8070,2023-03-01,15.84,16.08,15.84,16.02,1000,,,,,historical_baseline,,fe33df9ae5456d8ee27133c42c244c81d150008ababc19399c7ed428638b57ea
8070,2023-03-02,16.0,16.1,15.9,16.02,1613,,,,,historical_baseline,,fe33df9ae5456d8ee27133c42c244c81d150008ababc19399c7ed428638b57ea
8070,2023-03-05,16.02,16.1,15.94,15.94,1500,,,,,historical_baseline,,fe33df9ae5456d8ee27133c42c244c81d150008ababc19399c7ed428638b57ea
8070,2023-03-06,15.94,15.94,15.94,15.94,0,,,,,historical_baseline,,fe33df9ae5456d8ee27133c42c244c81d150008ababc19399c7ed428638b57ea
8070,2023-03-07,15.94,15.94,15.94,15.94,0,,,,,historical_baseline,,fe33df9ae5456d8ee27133c42c244c81d150008ababc19399c7ed428638b57ea
8070,2023-03-08,16.02,16.28,15.9,15.92,1300,,,,,historical_baseline,,fe33df9ae5456d8ee27133c42c244c81d150008ababc19399c7ed428638b57ea
8070,2023-03-09,15.92,15.92,15.92,15.92,0,,,,,historical_baseline,,fe33df9ae5456d8ee27133c42c244c81d150008ababc19399c7ed428638b57ea
8070,2023-03-12,15.92,15.92,15.92,15.92,0,,,,,historical_baseline,,fe33df9ae5456d8ee27133c42c244c81d150008ababc19399c7ed428638b57ea
8070,2023-03-13,15.92,15.92,15.92,15.92,0,,,,,historical_baseline,,fe33df9ae5456d8ee27133c42c244c81d150008ababc19399c7ed428638b57ea
8070,2023-03-14,16.0,16.0,15.84,15.84,5000,,,,,historical_baseline,,fe33df9ae5456d8ee27133c42c244c81d150008ababc19399c7ed428638b57ea
8070,2023-03-15,15.66,15.8,15.62,15.66,1367,,,,,historical_baseline,,fe33df9ae5456d8ee27133c42c244c81d150008ababc19399c7ed428638b57ea
8070,2023-03-16,15.5,15.5,15.24,15.38,2000,,,,,historical_baseline,,fe33df9ae5456d8ee27133c42c244c81d150008ababc19399c7ed428638b57ea
8070,2023-03-19,15.38,15.38,15.38,15.38,0,,,,,historical_baseline,,fe33df9ae5456d8ee27133c42c244c81d150008ababc19399c7ed428638b57ea
8070,2023-03-20,15.24,15.38,15.16,15.38,2700,,,,,historical_baseline,,fe33df9ae5456d8ee27133c42c244c81d150008ababc19399c7ed428638b57ea
8070,2023-03-21,15.36,15.5,15.26,15.5,9664,,,,,historical_baseline,,fe33df9ae5456d8ee27133c42c244c81d150008ababc19399c7ed428638b57ea
8070,2023-03-22,15.36,15.7,15.2,15.7,1379,,,,,historical_baseline,,fe33df9ae5456d8ee27133c42c244c81d150008ababc19399c7ed428638b57ea
8070,2023-03-23,15.8,15.88,15.5,15.68,1954,,,,,historical_baseline,,fe33df9ae5456d8ee27133c42c244c81d150008ababc19399c7ed428638b57ea
8070,2023-03-26,15.68,15.68,15.68,15.68,0,,,,,historical_baseline,,fe33df9ae5456d8ee27133c42c244c81d150008ababc19399c7ed428638b57ea
8070,2023-03-27,15.68,15.68,15.68,15.68,0,,,,,historical_baseline,,fe33df9ae5456d8ee27133c42c244c81d150008ababc19399c7ed428638b57ea
8070,2023-03-28,15.68,15.68,15.68,15.68,0,,,,,historical_baseline,,fe33df9ae5456d8ee27133c42c244c81d150008ababc19399c7ed428638b57ea
8070,2023-03-29,15.68,15.8,15.48,15.5,674,,,,,historical_baseline,,fe33df9ae5456d8ee27133c42c244c81d150008ababc19399c7ed428638b57ea
8070,2023-03-30,15.5,15.74,15.36,15.68,983,,,,,historical_baseline,,fe33df9ae5456d8ee27133c42c244c81d150008ababc19399c7ed428638b57ea
8100,2023-03-01,11.88,12.0,11.88,11.92,1336,,,,,historical_baseline,,fe33df9ae5456d8ee27133c42c244c81d150008ababc19399c7ed428638b57ea
8100,2023-03-02,11.98,12.0,11.84,11.9,3000,,,,,historical_baseline,,fe33df9ae5456d8ee27133c42c244c81d150008ababc19399c7ed428638b57ea
8100,2023-03-05,11.9,11.9,11.9,11.9,3000,,,,,historical_baseline,,fe33df9ae5456d8ee27133c42c244c81d150008ababc19399c7ed428638b57ea
8100,2023-03-06,11.9,11.9,11.9,11.9,0,,,,,historical_baseline,,fe33df9ae5456d8ee27133c42c244c81d150008ababc19399c7ed428638b57ea
8100,2023-03-07,11.9,11.9,11.9,11.9,0,,,,,historical_baseline,,fe33df9ae5456d8ee27133c42c244c81d150008ababc19399c7ed428638b57ea
8100,2023-03-08,11.74,11.8,11.74,11.74,1780,,,,,historical_baseline,,fe33df9ae5456d8ee27133c42c244c81d150008ababc19399c7ed428638b57ea
8100,2023-03-09,11.74,11.74,11.74,11.74,0,,,,,historical_baseline,,fe33df9ae5456d8ee27133c42c244c81d150008ababc19399c7ed428638b57ea
8100,2023-03-12,11.74,11.74,11.74,11.74,0,,,,,historical_baseline,,fe33df9ae5456d8ee27133c42c244c81d150008ababc19399c7ed428638b57ea
8100,2023-03-13,11.74,11.74,11.74,11.74,0,,,,,historical_baseline,,fe33df9ae5456d8ee27133c42c244c81d150008ababc19399c7ed428638b57ea
8100,2023-03-14,11.72,11.78,11.6,11.78,1834,,,,,historical_baseline,,fe33df9ae5456d8ee27133c42c244c81d150008ababc19399c7ed428638b57ea
8100,2023-03-15,11.7,11.94,11.6,11.6,1600,,,,,historical_baseline,,fe33df9ae5456d8ee27133c42c244c81d150008ababc19399c7ed428638b57ea
8100,2023-03-16,11.62,11.62,11.58,11.6,2000,,,,,historical_baseline,,fe33df9ae5456d8ee27133c42c244c81d150008ababc19399c7ed428638b57ea
8100,2023-03-19,11.6,11.6,11.6,11.6,0,,,,,historical_baseline,,fe33df9ae5456d8ee27133c42c244c81d150008ababc19399c7ed428638b57ea
8100,2023-03-20,11.54,11.6,11.52,11.52,2533,,,,,historical_baseline,,fe33df9ae5456d8ee27133c42c244c81d150008ababc19399c7ed428638b57ea
8100,2023-03-21,11.7,11.7,11.52,11.6,2400,,,,,historical_baseline,,fe33df9ae5456d8ee27133c42c244c81d150008ababc19399c7ed428638b57ea
8100,2023-03-22,11.6,11.66,11.6,11.6,11753,,,,,historical_baseline,,fe33df9ae5456d8ee27133c42c244c81d150008ababc19399c7ed428638b57ea
8100,2023-03-23,11.86,11.98,11.52,11.82,1364,,,,,historical_baseline,,fe33df9ae5456d8ee27133c42c244c81d150008ababc19399c7ed428638b57ea
8100,2023-03-26,11.82,11.82,11.82,11.82,0,,,,,historical_baseline,,fe33df9ae5456d8ee27133c42c244c81d150008ababc19399c7ed428638b57ea
8100,2023-03-27,11.82,11.82,11.82,11.82,0,,,,,historical_baseline,,fe33df9ae5456d8ee27133c42c244c81d150008ababc19399c7ed428638b57ea
8100,2023-03-28,11.82,11.82,11.82,11.82,0,,,,,historical_baseline,,fe33df9ae5456d8ee27133c42c244c81d150008ababc19399c7ed428638b57ea
8100,2023-03-29,11.92,12.18,11.86,11.94,199,,,,,historical_baseline,,fe33df9ae5456d8ee27133c42c244c81d150008ababc19399c7ed428638b57ea
8100,2023-03-30,11.96,12.1,11.94,12.1,1449,,,,,historical_baseline,,fe33df9ae5456d8ee27133c42c244c81d150008ababc19399c7ed428638b57ea
8120,2023-03-01,9.07,9.07,9.07,9.07,5000,,,,,historical_baseline,,fe33df9ae5456d8ee27133c42c244c81d150008ababc19399c7ed428638b57ea
8120,2023-03-02,9.13,9.13,9.03,9.1,3694,,,,,historical_baseline,,fe33df9ae5456d8ee27133c42c244c81d150008ababc19399c7ed428638b57ea
8120,2023-03-05,9.12,9.12,9.05,9.05,3068,,,,,historical_baseline,,fe33df9ae5456d8ee27133c42c244c81d150008ababc19399c7ed428638b57ea
8120,2023-03-06,9.05,9.05,9.05,9.05,0,,,,,historical_baseline,,fe33df9ae5456d8ee27133c42c244c81d150008ababc19399c7ed428638b57ea
8120,2023-03-07,9.05,9.05,9.05,9.05,0,,,,,historical_baseline,,fe33df9ae5456d8ee27133c42c244c81d150008ababc19399c7ed428638b57ea
8120,2023-03-08,8.9,8.92,8.84,8.88,3000,,,,,historical_baseline,,fe33df9ae5456d8ee27133c42c244c81d150008ababc19399c7ed428638b57ea
8120,2023-03-09,8.88,8.88,8.88,8.88,0,,,,,historical_baseline,,fe33df9ae5456d8ee27133c42c244c81d150008ababc19399c7ed428638b57ea
8120,2023-03-12,8.88,8.88,8.88,8.88,0,,,,,historical_baseline,,fe33df9ae5456d8ee27133c42c244c81d150008ababc19399c7ed428638b57ea
8120,2023-03-13,8.88,8.88,8.88,8.88,0,,,,,historical_baseline,,fe33df9ae5456d8ee27133c42c244c81d150008ababc19399c7ed428638b57ea
8120,2023-03-14,8.86,8.9,8.79,8.9,2500,,,,,historical_baseline,,fe33df9ae5456d8ee27133c42c244c81d150008ababc19399c7ed428638b57ea
8120,2023-03-15,8.77,8.77,8.68,8.68,1883,,,,,historical_baseline,,fe33df9ae5456d8ee27133c42c244c81d150008ababc19399c7ed428638b57ea
8120,2023-03-16,8.4,8.58,8.4,8.5,3218,,,,,historical_baseline,,fe33df9ae5456d8ee27133c42c244c81d150008ababc19399c7ed428638b57ea
8120,2023-03-19,8.5,8.5,8.5,8.5,0,,,,,historical_baseline,,fe33df9ae5456d8ee27133c42c244c81d150008ababc19399c7ed428638b57ea
8120,2023-03-20,8.5,8.55,8.45,8.53,2023,,,,,historical_baseline,,fe33df9ae5456d8ee27133c42c244c81d150008ababc19399c7ed428638b57ea
8120,2023-03-21,8.61,8.68,8.58,8.63,5597,,,,,historical_baseline,,fe33df9ae5456d8ee27133c42c244c81d150008ababc19399c7ed428638b57ea
8120,2023-03-22,8.6,8.72,8.6,8.72,3900,,,,,historical_baseline,,fe33df9ae5456d8ee27133c42c244c81d150008ababc19399c7ed428638b57ea
8120,2023-03-23,8.66,8.66,8.66,8.66,2635,,,,,historical_baseline,,fe33df9ae5456d8ee27133c42c244c81d150008ababc19399c7ed428638b57ea
8120,2023-03-26,8.66,8.66,8.66,8.66,0,,,,,historical_baseline,,fe33df9ae5456d8ee27133c42c244c81d150008ababc19399c7ed428638b57ea
8120,2023-03-27,8.66,8.66,8.66,8.66,0,,,,,historical_baseline,,fe33df9ae5456d8ee27133c42c244c81d150008ababc19399c7ed428638b57ea
8120,2023-03-28,8.66,8.66,8.66,8.66,0,,,,,historical_baseline,,fe33df9ae5456d8ee27133c42c244c81d150008ababc19399c7ed428638b57ea
8120,2023-03-29,8.8,8.86,8.8,8.86,131,,,,,historical_baseline,,fe33df9ae5456d8ee27133c42c244c81d150008ababc19399c7ed428638b57ea
8120,2023-03-30,8.85,9.74,8.85,9.74,2300,,,,,historical_baseline,,fe33df9ae5456d8ee27133c42c244c81d150008ababc19399c7ed428638b57ea
8150,2023-03-01,11.02,11.18,11.0,11.1,2000,,,,,historical_baseline,,fe33df9ae5456d8ee27133c42c244c81d150008ababc19399c7ed428638b57ea
8150,2023-03-02,11.02,11.32,11.0,11.0,2222,,,,,historical_baseline,,fe33df9ae5456d8ee27133c42c244c81d150008ababc19399c7ed428638b57ea
8150,2023-03-05,11.04,11.08,11.0,11.0,1800,,,,,historical_baseline,,fe33df9ae5456d8ee27133c42c244c81d150008ababc19399c7ed428638b57ea
8150,2023-03-06,11.0,11.0,11.0,11.0,0,,,,,historical_baseline,,fe33df9ae5456d8ee27133c42c244c81d150008ababc19399c7ed428638b57ea
8150,2023-03-07,11.0,11.0,11.0,11.0,0,,,,,historical_baseline,,fe33df9ae5456d8ee27133c42c244c81d150008ababc19399c7ed428638b57ea
8150,2023-03-08,10.92,10.92,10.6,10.92,1430,,,,,historical_baseline,,fe33df9ae5456d8ee27133c42c244c81d150008ababc19399c7ed428638b57ea
8150,2023-03-09,10.92,10.92,10.92,10.92,0,,,,,historical_baseline,,fe33df9ae5456d8ee27133c42c244c81d150008ababc19399c7ed428638b57ea
8150,2023-03-12,10.92,10.92,10.92,10.92,0,,,,,historical_baseline,,fe33df9ae5456d8ee27133c42c244c81d150008ababc19399c7ed428638b57ea
8150,2023-03-13,10.92,10.92,10.92,10.92,0,,,,,historical_baseline,,fe33df9ae5456d8ee27133c42c244c81d150008ababc19399c7ed428638b57ea
8150,2023-03-14,10.66,10.94,10.66,10.8,1500,,,,,historical_baseline,,fe33df9ae5456d8ee27133c42c244c81d150008ababc19399c7ed428638b57ea
8150,2023-03-15,10.76,11.2,10.76,10.9,1886,,,,,historical_baseline,,fe33df9ae5456d8ee27133c42c244c81d150008ababc19399c7ed428638b57ea
8150,2023-03-16,10.64,10.64,10.62,10.64,1555,,,,,historical_baseline,,fe33df9ae5456d8ee27133c42c244c81d150008ababc19399c7ed428638b57ea
8150,2023-03-19,10.64,10.64,10.64,10.64,0,,,,,historical_baseline,,fe33df9ae5456d8ee27133c42c244c81d150008ababc19399c7ed428638b57ea
8150,2023-03-20,10.6,10.72,10.6,10.72,1503,,,,,historical_baseline,,fe33df9ae5456d8ee27133c42c244c81d150008ababc19399c7ed428638b57ea
8150,2023-03-21,10.86,10.86,10.56,10.66,3206,,,,,historical_baseline,,fe33df9ae5456d8ee27133c42c244c81d150008ababc19399c7ed428638b57ea
8150,2023-03-22,10.76,10.9,10.66,10.8,1500,,,,,historical_baseline,,fe33df9ae5456d8ee27133c42c244c81d150008ababc19399c7ed428638b57ea
8150,2023-03-23,10.78,10.78,10.56,10.72,1500,,,,,historical_baseline,,fe33df9ae5456d8ee27133c42c244c81d150008ababc19399c7ed428638b57ea
8150,2023-03-26,10.72,10.72,10.72,10.72,0,,,,,historical_baseline,,fe33df9ae5456d8ee27133c42c244c81d150008ababc19399c7ed428638b57ea
8150,2023-03-27,10.72,10.72,10.72,10.72,0,,,,,historical_baseline,,fe33df9ae5456d8ee27133c42c244c81d150008ababc19399c7ed428638b57ea
8150,2023-03-28,10.72,10.72,10.72,10.72,0,,,,,historical_baseline,,fe33df9ae5456d8ee27133c42c244c81d150008ababc19399c7ed428638b57ea
8150,2023-03-29,10.94,11.0,10.9,10.9,271,,,,,historical_baseline,,fe33df9ae5456d8ee27133c42c244c81d150008ababc19399c7ed428638b57ea
8150,2023-03-30,11.08,11.16,10.94,11.12,1500,,,,,historical_baseline,,fe33df9ae5456d8ee27133c42c244c81d150008ababc19399c7ed428638b57ea
8160,2023-03-01,11.4,11.46,11.14,11.16,5082,,,,,historical_baseline,,fe33df9ae5456d8ee27133c42c244c81d150008ababc19399c7ed428638b57ea
8160,2023-03-02,11.16,11.24,11.1,11.14,2000,,,,,historical_baseline,,fe33df9ae5456d8ee27133c42c244c81d150008ababc19399c7ed428638b57ea
8160,2023-03-05,11.14,11.28,11.1,11.14,1790,,,,,historical_baseline,,fe33df9ae5456d8ee27133c42c244c81d150008ababc19399c7ed428638b57ea
8160,2023-03-06,11.14,11.14,11.14,11.14,0,,,,,historical_baseline,,fe33df9ae5456d8ee27133c42c244c81d150008ababc19399c7ed428638b57ea
8160,2023-03-07,11.14,11.14,11.14,11.14,0,,,,,historical_baseline,,fe33df9ae5456d8ee27133c42c244c81d150008ababc19399c7ed428638b57ea
8160,2023-03-08,11.0,11.12,10.9,11.0,1606,,,,,historical_baseline,,fe33df9ae5456d8ee27133c42c244c81d150008ababc19399c7ed428638b57ea
8160,2023-03-09,11.0,11.0,11.0,11.0,0,,,,,historical_baseline,,fe33df9ae5456d8ee27133c42c244c81d150008ababc19399c7ed428638b57ea
8160,2023-03-12,11.0,11.0,11.0,11.0,0,,,,,historical_baseline,,fe33df9ae5456d8ee27133c42c244c81d150008ababc19399c7ed428638b57ea
8160,2023-03-13,11.0,11.0,11.0,11.0,0,,,,,historical_baseline,,fe33df9ae5456d8ee27133c42c244c81d150008ababc19399c7ed428638b57ea
8160,2023-03-14,10.92,10.96,10.8,10.8,3268,,,,,historical_baseline,,fe33df9ae5456d8ee27133c42c244c81d150008ababc19399c7ed428638b57ea
8160,2023-03-15,10.8,10.88,10.78,10.8,3000,,,,,historical_baseline,,fe33df9ae5456d8ee27133c42c244c81d150008ababc19399c7ed428638b57ea
8160,2023-03-16,10.7,10.78,10.6,10.78,9895,,,,,historical_baseline,,fe33df9ae5456d8ee27133c42c244c81d150008ababc19399c7ed428638b57ea
8160,2023-03-19,10.78,10.78,10.78,10.78,0,,,,,historical_baseline,,fe33df9ae5456d8ee27133c42c244c81d150008ababc19399c7ed428638b57ea
8160,2023-03-20,10.82,10.94,10.68,10.9,3000,,,,,historical_baseline,,fe33df9ae5456d8ee27133c42c244c81d150008ababc19399c7ed428638b57ea
8160,2023-03-21,10.92,10.92,10.7,10.8,1500,,,,,historical_baseline,,fe33df9ae5456d8ee27133c42c244c81d150008ababc19399c7ed428638b57ea
8160,2023-03-22,10.78,10.88,10.7,10.8,3696,,,,,historical_baseline,,fe33df9ae5456d8ee27133c42c244c81d150008ababc19399c7ed428638b57ea
8160,2023-03-23,10.8,10.88,10.6,10.7,3000,,,,,historical_baseline,,fe33df9ae5456d8ee27133c42c244c81d150008ababc19399c7ed428638b57ea
8160,2023-03-26,10.7,10.7,10.7,10.7,0,,,,,historical_baseline,,fe33df9ae5456d8ee27133c42c244c81d150008ababc19399c7ed428638b57ea
8160,2023-03-27,10.7,10.7,10.7,10.7,0,,,,,historical_baseline,,fe33df9ae5456d8ee27133c42c244c81d150008ababc19399c7ed428638b57ea
8160,2023-03-28,10.7,10.7,10.7,10.7,0,,,,,historical_baseline,,fe33df9ae5456d8ee27133c42c244c81d150008ababc19399c7ed428638b57ea
8160,2023-03-29,10.82,10.94,10.78,10.86,420,,,,,historical_baseline,,fe33df9ae5456d8ee27133c42c244c81d150008ababc19399c7ed428638b57ea
8160,2023-03-30,10.96,11.1,10.82,11.1,1834,,,,,historical_baseline,,fe33df9ae5456d8ee27133c42c244c81d150008ababc19399c7ed428638b57ea
8170,2023-03-01,16.36,16.6,16.1,16.6,1000,,,,,historical_baseline,,fe33df9ae5456d8ee27133c42c244c81d150008ababc19399c7ed428638b57ea
8170,2023-03-02,16.86,16.86,16.3,16.7,1737,,,,,historical_baseline,,fe33df9ae5456d8ee27133c42c244c81d150008ababc19399c7ed428638b57ea
8170,2023-03-05,16.7,16.7,16.7,16.7,1600,,,,,historical_baseline,,fe33df9ae5456d8ee27133c42c244c81d150008ababc19399c7ed428638b57ea
8170,2023-03-06,16.7,16.7,16.7,16.7,0,,,,,historical_baseline,,fe33df9ae5456d8ee27133c42c244c81d150008ababc19399c7ed428638b57ea
8170,2023-03-07,16.7,16.7,16.7,16.7,0,,,,,historical_baseline,,fe33df9ae5456d8ee27133c42c244c81d150008ababc19399c7ed428638b57ea
8170,2023-03-08,16.42,16.42,16.42,16.42,1000,,,,,historical_baseline,,fe33df9ae5456d8ee27133c42c244c81d150008ababc19399c7ed428638b57ea
8170,2023-03-09,16.42,16.42,16.42,16.42,0,,,,,historical_baseline,,fe33df9ae5456d8ee27133c42c244c81d150008ababc19399c7ed428638b57ea
8170,2023-03-12,16.42,16.42,16.42,16.42,0,,,,,historical_baseline,,fe33df9ae5456d8ee27133c42c244c81d150008ababc19399c7ed428638b57ea
8170,2023-03-13,16.42,16.42,16.42,16.42,0,,,,,historical_baseline,,fe33df9ae5456d8ee27133c42c244c81d150008ababc19399c7ed428638b57ea
8170,2023-03-14,16.84,16.9,16.82,16.88,1280,,,,,historical_baseline,,fe33df9ae5456d8ee27133c42c244c81d150008ababc19399c7ed428638b57ea
8170,2023-03-15,17.18,17.26,17.08,17.1,1584,,,,,historical_baseline,,fe33df9ae5456d8ee27133c42c244c81d150008ababc19399c7ed428638b57ea
8170,2023-03-16,16.92,17.08,16.56,16.56,1272,,,,,historical_baseline,,fe33df9ae5456d8ee27133c42c244c81d150008ababc19399c7ed428638b57ea
8170,2023-03-19,16.56,16.56,16.56,16.56,0,,,,,historical_baseline,,fe33df9ae5456d8ee27133c42c244c81d150008ababc19399c7ed428638b57ea
8170,2023-03-20,16.9,16.9,16.78,16.8,900,,,,,historical_baseline,,fe33df9ae5456d8ee27133c42c244c81d150008ababc19399c7ed428638b57ea
8170,2023-03-21,16.7,17.34,16.7,17.02,3000,,,,,historical_baseline,,fe33df9ae5456d8ee27133c42c244c81d150008ababc19399c7ed428638b57ea
8170,2023-03-22,16.7,16.8,15.5,15.5,1869,,,,,historical_baseline,,fe33df9ae5456d8ee27133c42c244c81d150008ababc19399c7ed428638b57ea
8170,2023-03-23,15.3,15.48,14.78,15.04,1750,,,,,historical_baseline,,fe33df9ae5456d8ee27133c42c244c81d150008ababc19399c7ed428638b57ea
8170,2023-03-26,15.04,15.04,15.04,15.04,0,,,,,historical_baseline,,fe33df9ae5456d8ee27133c42c244c81d150008ababc19399c7ed428638b57ea
8170,2023-03-27,15.04,15.04,15.04,15.04,0,,,,,historical_baseline,,fe33df9ae5456d8ee27133c42c244c81d150008ababc19399c7ed428638b57ea
8170,2023-03-28,15.04,15.04,15.04,15.04,0,,,,,historical_baseline,,fe33df9ae5456d8ee27133c42c244c81d150008ababc19399c7ed428638b57ea
8170,2023-03-29,15.32,15.44,15.3,15.36,190,,,,,historical_baseline,,fe33df9ae5456d8ee27133c42c244c81d150008ababc19399c7ed428638b57ea
8170,2023-03-30,15.42,15.66,15.4,15.6,4780,,,,,historical_baseline,,fe33df9ae5456d8ee27133c42c244c81d150008ababc19399c7ed428638b57ea
8180,2023-03-01,15.24,15.44,15.2,15.28,1000,,,,,historical_baseline,,fe33df9ae5456d8ee27133c42c244c81d150008ababc19399c7ed428638b57ea
8180,2023-03-02,15.2,15.46,15.2,15.34,1300,,,,,historical_baseline,,fe33df9ae5456d8ee27133c42c244c81d150008ababc19399c7ed428638b57ea
8180,2023-03-05,15.34,15.4,15.3,15.3,4365,,,,,historical_baseline,,fe33df9ae5456d8ee27133c42c244c81d150008ababc19399c7ed428638b57ea
8180,2023-03-06,15.3,15.3,15.3,15.3,0,,,,,historical_baseline,,fe33df9ae5456d8ee27133c42c244c81d150008ababc19399c7ed428638b57ea
8180,2023-03-07,15.3,15.3,15.3,15.3,0,,,,,historical_baseline,,fe33df9ae5456d8ee27133c42c244c81d150008ababc19399c7ed428638b57ea
8180,2023-03-08,15.14,15.2,14.92,14.96,1500,,,,,historical_baseline,,fe33df9ae5456d8ee27133c42c244c81d150008ababc19399c7ed428638b57ea
8180,2023-03-09,14.96,14.96,14.96,14.96,0,,,,,historical_baseline,,fe33df9ae5456d8ee27133c42c244c81d150008ababc19399c7ed428638b57ea
8180,2023-03-12,14.96,14.96,14.96,14.96,0,,,,,historical_baseline,,fe33df9ae5456d8ee27133c42c244c81d150008ababc19399c7ed428638b57ea
8180,2023-03-13,14.96,14.96,14.96,14.96,0,,,,,historical_baseline,,fe33df9ae5456d8ee27133c42c244c81d150008ababc19399c7ed428638b57ea
8180,2023-03-14,14.88,15.0,14.88,14.94,2345,,,,,historical_baseline,,fe33df9ae5456d8ee27133c42c244c81d150008ababc19399c7ed428638b57ea
8180,2023-03-15,14.6,14.6,13.82,14.04,2228,,,,,historical_baseline,,fe33df9ae5456d8ee27133c42c244c81d150008ababc19399c7ed428638b57ea
8180,2023-03-16,13.9,14.04,13.82,13.98,1333,,,,,historical_baseline,,fe33df9ae5456d8ee27133c42c244c81d150008ababc19399c7ed428638b57ea
8180,2023-03-19,13.98,13.98,13.98,13.98,0,,,,,historical_baseline,,fe33df9ae5456d8ee27133c42c244c81d150008ababc19399c7ed428638b57ea
8180,2023-03-20,13.98,15.0,13.98,14.6,1980,,,,,historical_baseline,,fe33df9ae5456d8ee27133c42c244c81d150008ababc19399c7ed428638b57ea
8180,2023-03-21,14.44,15.1,14.4,14.66,1599,,,,,historical_baseline,,fe33df9ae5456d8ee27133c42c244c81d150008ababc19399c7ed428638b57ea
8180,2023-03-22,14.76,15.14,14.66,14.88,4875,,,,,historical_baseline,,fe33df9ae5456d8ee27133c42c244c81d150008ababc19399c7ed428638b57ea
8180,2023-03-23,14.04,14.1,13.4,13.48,1417,,,,,historical_baseline,,fe33df9ae5456d8ee27133c42c244c81d150008ababc19399c7ed428638b57ea
8180,2023-03-26,13.48,13.48,13.48,13.48,0,,,,,historical_baseline,,fe33df9ae5456d8ee27133c42c244c81d150008ababc19399c7ed428638b57ea
8180,2023-03-27,13.48,13.48,13.48,13.48,0,,,,,historical_baseline,,fe33df9ae5456d8ee27133c42c244c81d150008ababc19399c7ed428638b57ea
8180,2023-03-28,13.48,13.48,13.48,13.48,0,,,,,historical_baseline,,fe33df9ae5456d8ee27133c42c244c81d150008ababc19399c7ed428638b57ea
8180,2023-03-29,12.7,13.08,12.66,12.74,925,,,,,historical_baseline,,fe33df9ae5456d8ee27133c42c244c81d150008ababc19399c7ed428638b57ea
8180,2023-03-30,12.64,12.96,12.62,12.78,1500,,,,,historical_baseline,,fe33df9ae5456d8ee27133c42c244c81d150008ababc19399c7ed428638b57ea
8190,2023-03-01,8.06,8.15,8.03,8.03,4937,,,,,historical_baseline,,fe33df9ae5456d8ee27133c42c244c81d150008ababc19399c7ed428638b57ea
8190,2023-03-02,8.14,8.15,8.05,8.05,1966,,,,,historical_baseline,,fe33df9ae5456d8ee27133c42c244c81d150008ababc19399c7ed428638b57ea
8190,2023-03-05,8.1,8.11,8.06,8.09,2005,,,,,historical_baseline,,fe33df9ae5456d8ee27133c42c244c81d150008ababc19399c7ed428638b57ea
8190,2023-03-06,8.09,8.09,8.09,8.09,0,,,,,historical_baseline,,fe33df9ae5456d8ee27133c42c244c81d150008ababc19399c7ed428638b57ea
8190,2023-03-07,8.09,8.09,8.09,8.09,0,,,,,historical_baseline,,fe33df9ae5456d8ee27133c42c244c81d150008ababc19399c7ed428638b57ea
8190,2023-03-08,8.04,8.04,7.94,8.03,3000,,,,,historical_baseline,,fe33df9ae5456d8ee27133c42c244c81d150008ababc19399c7ed428638b57ea
8190,2023-03-09,8.03,8.03,8.03,8.03,0,,,,,historical_baseline,,fe33df9ae5456d8ee27133c42c244c81d150008ababc19399c7ed428638b57ea
8190,2023-03-12,8.03,8.03,8.03,8.03,0,,,,,historical_baseline,,fe33df9ae5456d8ee27133c42c244c81d150008ababc19399c7ed428638b57ea
8190,2023-03-13,8.03,8.03,8.03,8.03,0,,,,,historical_baseline,,fe33df9ae5456d8ee27133c42c244c81d150008ababc19399c7ed428638b57ea
8190,2023-03-14,8.06,8.07,7.96,7.96,9928,,,,,historical_baseline,,fe33df9ae5456d8ee27133c42c244c81d150008ababc19399c7ed428638b57ea
8190,2023-03-15,7.88,7.9,7.81,7.81,2067,,,,,historical_baseline,,fe33df9ae5456d8ee27133c42c244c81d150008ababc19399c7ed428638b57ea
8190,2023-03-16,7.71,7.75,7.56,7.6,2925,,,,,historical_baseline,,fe33df9ae5456d8ee27133c42c244c81d150008ababc19399c7ed428638b57ea
8190,2023-03-19,7.6,7.6,7.6,7.6,0,,,,,historical_baseline,,fe33df9ae5456d8ee27133c42c244c81d150008ababc19399c7ed428638b57ea
8190,2023-03-20,7.45,7.74,7.45,7.7,5904,,,,,historical_baseline,,fe33df9ae5456d8ee27133c42c244c81d150008ababc19399c7ed428638b57ea
8190,2023-03-21,7.69,7.79,7.69,7.74,2127,,,,,historical_baseline,,fe33df9ae5456d8ee27133c42c244c81d150008ababc19399c7ed428638b57ea
8190,2023-03-22,7.85,7.9,7.76,7.77,4000,,,,,historical_baseline,,fe33df9ae5456d8ee27133c42c244c81d150008ababc19399c7ed428638b57ea
8190,2023-03-23,7.72,7.8,7.5,7.74,2703,,,,,historical_baseline,,fe33df9ae5456d8ee27133c42c244c81d150008ababc19399c7ed428638b57ea
8190,2023-03-26,7.74,7.74,7.74,7.74,0,,,,,historical_baseline,,fe33df9ae5456d8ee27133c42c244c81d150008ababc19399c7ed428638b57ea
8190,2023-03-27,7.74,7.74,7.74,7.74,0,,,,,historical_baseline,,fe33df9ae5456d8ee27133c42c244c81d150008ababc19399c7ed428638b57ea
8190,2023-03-28,7.74,7.74,7.74,7.74,0,,,,,historical_baseline,,fe33df9ae5456d8ee27133c42c244c81d150008ababc19399c7ed428638b57ea
8190,2023-03-29,7.88,7.89,7.76,7.83,440,,,,,historical_baseline,,fe33df9ae5456d8ee27133c42c244c81d150008ababc19399c7ed428638b57ea
8190,2023-03-30,7.8,8.1,7.75,8.0,2630,,,,,historical_baseline,,fe33df9ae5456d8ee27133c42c244c81d150008ababc19399c7ed428638b57ea
8200,2023-03-01,16.4,16.74,16.32,16.6,1247,,,,,historical_baseline,,fe33df9ae5456d8ee27133c42c244c81d150008ababc19399c7ed428638b57ea
8200,2023-03-02,16.56,16.68,16.38,16.4,919,,,,,historical_baseline,,fe33df9ae5456d8ee27133c42c244c81d150008ababc19399c7ed428638b57ea
8200,2023-03-05,16.42,16.6,16.32,16.32,2000,,,,,historical_baseline,,fe33df9ae5456d8ee27133c42c244c81d150008ababc19399c7ed428638b57ea
8200,2023-03-06,16.32,16.32,16.32,16.32,0,,,,,historical_baseline,,fe33df9ae5456d8ee27133c42c244c81d150008ababc19399c7ed428638b57ea
8200,2023-03-07,16.32,16.32,16.32,16.32,0,,,,,historical_baseline,,fe33df9ae5456d8ee27133c42c244c81d150008ababc19399c7ed428638b57ea
8200,2023-03-08,16.08,16.48,16.08,16.34,1700,,,,,historical_baseline,,fe33df9ae5456d8ee27133c42c244c81d150008ababc19399c7ed428638b57ea
8200,2023-03-09,16.34,16.34,16.34,16.34,0,,,,,historical_baseline,,fe33df9ae5456d8ee27133c42c244c81d150008ababc19399c7ed428638b57ea
8200,2023-03-12,16.34,16.34,16.34,16.34,0,,,,,historical_baseline,,fe33df9ae5456d8ee27133c42c244c81d150008ababc19399c7ed428638b57ea
8200,2023-03-13,16.34,16.34,16.34,16.34,0,,,,,historical_baseline,,fe33df9ae5456d8ee27133c42c244c81d150008ababc19399c7ed428638b57ea
8200,2023-03-14,16.3,16.4,15.8,15.8,1000,,,,,historical_baseline,,fe33df9ae5456d8ee27133c42c244c81d150008ababc19399c7ed428638b57ea
8200,2023-03-15,15.5,15.5,15.02,15.02,1000,,,,,historical_baseline,,fe33df9ae5456d8ee27133c42c244c81d150008ababc19399c7ed428638b57ea
8200,2023-03-16,14.8,15.1,14.6,14.6,3000,,,,,historical_baseline,,fe33df9ae5456d8ee27133c42c244c81d150008ababc19399c7ed428638b57ea
8200,2023-03-19,14.6,14.6,14.6,14.6,0,,,,,historical_baseline,,fe33df9ae5456d8ee27133c42c244c81d150008ababc19399c7ed428638b57ea
8200,2023-03-20,14.54,15.2,14.5,14.7,4176,,,,,historical_baseline,,fe33df9ae5456d8ee27133c42c244c81d150008ababc19399c7ed428638b57ea
8200,2023-03-21,14.78,15.0,14.6,14.62,4998,,,,,historical_baseline,,fe33df9ae5456d8ee27133c42c244c81d150008ababc19399c7ed428638b57ea
8200,2023-03-22,14.76,14.84,14.6,14.7,2346,,,,,historical_baseline,,fe33df9ae5456d8ee27133c42c244c81d150008ababc19399c7ed428638b57ea
8200,2023-03-23,14.8,14.8,14.3,14.32,3000,,,,,historical_baseline,,fe33df9ae5456d8ee27133c42c244c81d150008ababc19399c7ed428638b57ea
8200,2023-03-26,14.32,14.32,14.32,14.32,0,,,,,historical_baseline,,fe33df9ae5456d8ee27133c42c244c81d150008ababc19399c7ed428638b57ea
8200,2023-03-27,14.32,14.32,14.32,14.32,0,,,,,historical_baseline,,fe33df9ae5456d8ee27133c42c244c81d150008ababc19399c7ed428638b57ea
8200,2023-03-28,14.32,14.32,14.32,14.32,0,,,,,historical_baseline,,fe33df9ae5456d8ee27133c42c244c81d150008ababc19399c7ed428638b57ea
8200,2023-03-29,14.94,15.02,14.74,14.74,329,,,,,historical_baseline,,fe33df9ae5456d8ee27133c42c244c81d150008ababc19399c7ed428638b57ea
8200,2023-03-30,14.7,14.9,14.7,14.74,1100,,,,,historical_baseline,,fe33df9ae5456d8ee27133c42c244c81d150008ababc19399c7ed428638b57ea
8210,2023-03-01,155.6,158.4,155.0,158.4,140,,,,,historical_baseline,,fe33df9ae5456d8ee27133c42c244c81d150008ababc19399c7ed428638b57ea
8210,2023-03-02,159.0,159.0,156.4,158.0,120,,,,,historical_baseline,,fe33df9ae5456d8ee27133c42c244c81d150008ababc19399c7ed428638b57ea
8210,2023-03-05,158.0,158.0,156.6,157.8,140,,,,,historical_baseline,,fe33df9ae5456d8ee27133c42c244c81d150008ababc19399c7ed428638b57ea
8210,2023-03-06,157.8,157.8,157.8,157.8,0,,,,,historical_baseline,,fe33df9ae5456d8ee27133c42c244c81d150008ababc19399c7ed428638b57ea
8210,2023-03-07,157.8,157.8,157.8,157.8,0,,,,,historical_baseline,,fe33df9ae5456d8ee27133c42c244c81d150008ababc19399c7ed428638b57ea
8210,2023-03-08,158.0,159.8,156.6,156.6,129,,,,,historical_baseline,,fe33df9ae5456d8ee27133c42c244c81d150008ababc19399c7ed428638b57ea
8210,2023-03-09,156.6,156.6,156.6,156.6,0,,,,,historical_baseline,,fe33df9ae5456d8ee27133c42c244c81d150008ababc19399c7ed428638b57ea
8210,2023-03-12,156.6,156.6,156.6,156.6,0,,,,,historical_baseline,,fe33df9ae5456d8ee27133c42c244c81d150008ababc19399c7ed428638b57ea
8210,2023-03-13,156.6,156.6,156.6,156.6,0,,,,,historical_baseline,,fe33df9ae5456d8ee27133c42c244c81d150008ababc19399c7ed428638b57ea
8210,2023-03-14,160.0,160.0,156.8,156.8,390,,,,,historical_baseline,,fe33df9ae5456d8ee27133c42c244c81d150008ababc19399c7ed428638b57ea
8210,2023-03-15,154.0,158.8,154.0,154.0,170,,,,,historical_baseline,,fe33df9ae5456d8ee27133c42c244c81d150008ababc19399c7ed428638b57ea
8210,2023-03-16,154.0,156.0,150.8,150.8,309,,,,,historical_baseline,,fe33df9ae5456d8ee27133c42c244c81d150008ababc19399c7ed428638b57ea
8210,2023-03-19,150.8,150.8,150.8,150.8,0,,,,,historical_baseline,,fe33df9ae5456d8ee27133c42c244c81d150008ababc19399c7ed428638b57ea
8210,2023-03-20,150.0,151.8,149.6,150.0,106,,,,,historical_baseline,,fe33df9ae5456d8ee27133c42c244c81d150008ababc19399c7ed428638b57ea
8210,2023-03-21,151.6,155.0,150.0,154.0,273,,,,,historical_baseline,,fe33df9ae5456d8ee27133c42c244c81d150008ababc19399c7ed428638b57ea
8210,2023-03-22,154.2,156.0,152.8,155.0,2000,,,,,historical_baseline,,fe33df9ae5456d8ee27133c42c244c81d150008ababc19399c7ed428638b57ea
8210,2023-03-23,155.8,165.0,154.8,165.0,200,,,,,historical_baseline,,fe33df9ae5456d8ee27133c42c244c81d150008ababc19399c7ed428638b57ea
8210,2023-03-26,165.0,165.0,165.0,165.0,0,,,,,historical_baseline,,fe33df9ae5456d8ee27133c42c244c81d150008ababc19399c7ed428638b57ea
8210,2023-03-27,165.0,165.0,165.0,165.0,0,,,,,historical_baseline,,fe33df9ae5456d8ee27133c42c244c81d150008ababc19399c7ed428638b57ea
8210,2023-03-28,165.0,165.0,165.0,165.0,0,,,,,historical_baseline,,fe33df9ae5456d8ee27133c42c244c81d150008ababc19399c7ed428638b57ea
8210,2023-03-29,169.0,175.4,168.6,171.0,1724,,,,,historical_baseline,,fe33df9ae5456d8ee27133c42c244c81d150008ababc19399c7ed428638b57ea
8210,2023-03-30,175.0,175.0,171.8,173.8,120,,,,,historical_baseline,,fe33df9ae5456d8ee27133c42c244c81d150008ababc19399c7ed428638b57ea
8230,2023-03-01,40.4,40.8,40.0,40.0,642,,,,,historical_baseline,,fe33df9ae5456d8ee27133c42c244c81d150008ababc19399c7ed428638b57ea
8230,2023-03-02,40.32,40.32,39.44,39.8,592,,,,,historical_baseline,,fe33df9ae5456d8ee27133c42c244c81d150008ababc19399c7ed428638b57ea
8230,2023-03-05,40.0,40.08,39.36,39.76,3217,,,,,historical_baseline,,fe33df9ae5456d8ee27133c42c244c81d150008ababc19399c7ed428638b57ea
8230,2023-03-06,39.76,39.76,39.76,39.76,0,,,,,historical_baseline,,fe33df9ae5456d8ee27133c42c244c81d150008ababc19399c7ed428638b57ea
8230,2023-03-07,39.76,39.76,39.76,39.76,0,,,,,historical_baseline,,fe33df9ae5456d8ee27133c42c244c81d150008ababc19399c7ed428638b57ea
8230,2023-03-08,39.52,39.84,39.4,39.6,442,,,,,historical_baseline,,fe33df9ae5456d8ee27133c42c244c81d150008ababc19399c7ed428638b57ea
8230,2023-03-09,39.6,39.6,39.6,39.6,0,,,,,historical_baseline,,fe33df9ae5456d8ee27133c42c244c81d150008ababc19399c7ed428638b57ea
8230,2023-03-12,39.6,39.6,39.6,39.6,0,,,,,historical_baseline,,fe33df9ae5456d8ee27133c42c244c81d150008ababc19399c7ed428638b57ea
8230,2023-03-13,39.6,39.6,39.6,39.6,0,,,,,historical_baseline,,fe33df9ae5456d8ee27133c42c244c81d150008ababc19399c7ed428638b57ea
8230,2023-03-14,39.08,39.24,38.08,38.88,10245,,,,,historical_baseline,,fe33df9ae5456d8ee27133c42c244c81d150008ababc19399c7ed428638b57ea
8230,2023-03-15,38.48,38.76,38.08,38.16,645,,,,,historical_baseline,,fe33df9ae5456d8ee27133c42c244c81d150008ababc19399c7ed428638b57ea
8230,2023-03-16,38.16,39.2,38.0,39.04,715,,,,,historical_baseline,,fe33df9ae5456d8ee27133c42c244c81d150008ababc19399c7ed428638b57ea
8230,2023-03-19,39.04,39.04,39.04,39.04,0,,,,,historical_baseline,,fe33df9ae5456d8ee27133c42c244c81d150008ababc19399c7ed428638b57ea
8230,2023-03-20,39.52,39.52,38.6,39.48,6075,,,,,historical_baseline,,fe33df9ae5456d8ee27133c42c244c81d150008ababc19399c7ed428638b57ea
8230,2023-03-21,39.28,39.36,38.88,38.88,800,,,,,historical_baseline,,fe33df9ae5456d8ee27133c42c244c81d150008ababc19399c7ed428638b57ea
8230,2023-03-22,39.0,39.6,39.0,39.12,1950,,,,,historical_baseline,,fe33df9ae5456d8ee27133c42c244c81d150008ababc19399c7ed428638b57ea
8230,2023-03-23,39.36,39.36,38.6,38.6,1230,,,,,historical_baseline,,fe33df9ae5456d8ee27133c42c244c81d150008ababc19399c7ed428638b57ea
8230,2023-03-26,38.6,38.6,38.6,38.6,0,,,,,historical_baseline,,fe33df9ae5456d8ee27133c42c244c81d150008ababc19399c7ed428638b57ea
8230,2023-03-27,38.6,38.6,38.6,38.6,0,,,,,historical_baseline,,fe33df9ae5456d8ee27133c42c244c81d150008ababc19399c7ed428638b57ea
8230,2023-03-28,38.6,38.6,38.6,38.6,0,,,,,historical_baseline,,fe33df9ae5456d8ee27133c42c244c81d150008ababc19399c7ed428638b57ea
8230,2023-03-29,39.68,41.04,39.68,40.96,2800,,,,,historical_baseline,,fe33df9ae5456d8ee27133c42c244c81d150008ababc19399c7ed428638b57ea
8230,2023-03-30,41.2,43.68,41.2,41.36,977,,,,,historical_baseline,,fe33df9ae5456d8ee27133c42c244c81d150008ababc19399c7ed428638b57ea
8240,2023-03-01,17.24,17.42,17.18,17.36,2000,,,,,historical_baseline,,fe33df9ae5456d8ee27133c42c244c81d150008ababc19399c7ed428638b57ea
8240,2023-03-02,17.32,17.68,17.3,17.64,8244,,,,,historical_baseline,,fe33df9ae5456d8ee27133c42c244c81d150008ababc19399c7ed428638b57ea
8240,2023-03-05,17.52,17.66,17.42,17.54,2381,,,,,historical_baseline,,fe33df9ae5456d8ee27133c42c244c81d150008ababc19399c7ed428638b57ea
8240,2023-03-06,17.54,17.54,17.54,17.54,0,,,,,historical_baseline,,fe33df9ae5456d8ee27133c42c244c81d150008ababc19399c7ed428638b57ea
8240,2023-03-07,17.54,17.54,17.54,17.54,0,,,,,historical_baseline,,fe33df9ae5456d8ee27133c42c244c81d150008ababc19399c7ed428638b57ea
8240,2023-03-08,17.4,17.58,17.36,17.52,1224,,,,,historical_baseline,,fe33df9ae5456d8ee27133c42c244c81d150008ababc19399c7ed428638b57ea
8240,2023-03-09,17.52,17.52,17.52,17.52,0,,,,,historical_baseline,,fe33df9ae5456d8ee27133c42c244c81d150008ababc19399c7ed428638b57ea
8240,2023-03-12,17.52,17.52,17.52,17.52,0,,,,,historical_baseline,,fe33df9ae5456d8ee27133c42c244c81d150008ababc19399c7ed428638b57ea
8240,2023-03-13,17.52,17.52,17.52,17.52,0,,,,,historical_baseline,,fe33df9ae5456d8ee27133c42c244c81d150008ababc19399c7ed428638b57ea
8240,2023-03-14,17.38,17.38,17.04,17.04,2386,,,,,historical_baseline,,fe33df9ae5456d8ee27133c42c244c81d150008ababc19399c7ed428638b57ea
8240,2023-03-15,17.0,17.02,16.2,16.2,2555,,,,,historical_baseline,,fe33df9ae5456d8ee27133c42c244c81d150008ababc19399c7ed428638b57ea
8240,2023-03-16,16.48,16.48,16.24,16.24,1180,,,,,historical_baseline,,fe33df9ae5456d8ee27133c42c244c81d150008ababc19399c7ed428638b57ea
8240,2023-03-19,16.24,16.24,16.24,16.24,0,,,,,historical_baseline,,fe33df9ae5456d8ee27133c42c244c81d150008ababc19399c7ed428638b57ea
8240,2023-03-20,16.48,16.68,16.32,16.48,928,,,,,historical_baseline,,fe33df9ae5456d8ee27133c42c244c81d150008ababc19399c7ed428638b57ea
8240,2023-03-21,16.54,16.6,16.5,16.5,975,,,,,historical_baseline,,fe33df9ae5456d8ee27133c42c244c81d150008ababc19399c7ed428638b57ea
8240,2023-03-22,16.44,16.7,16.44,16.66,6132,,,,,historical_baseline,,fe33df9ae5456d8ee27133c42c244c81d150008ababc19399c7ed428638b57ea
8240,2023-03-23,16.6,16.6,16.38,16.38,1000,,,,,historical_baseline,,fe33df9ae5456d8ee27133c42c244c81d150008ababc19399c7ed428638b57ea
8240,2023-03-26,16.38,16.38,16.38,16.38,0,,,,,historical_baseline,,fe33df9ae5456d8ee27133c42c244c81d150008ababc19399c7ed428638b57ea
8240,2023-03-27,16.38,16.38,16.38,16.38,0,,,,,historical_baseline,,fe33df9ae5456d8ee27133c42c244c81d150008ababc19399c7ed428638b57ea
8240,2023-03-28,16.38,16.38,16.38,16.38,0,,,,,historical_baseline,,fe33df9ae5456d8ee27133c42c244c81d150008ababc19399c7ed428638b57ea
8240,2023-03-29,16.78,17.08,16.78,16.94,152,,,,,historical_baseline,,fe33df9ae5456d8ee27133c42c244c81d150008ababc19399c7ed428638b57ea
8240,2023-03-30,16.92,17.28,16.9,17.2,1522,,,,,historical_baseline,,fe33df9ae5456d8ee27133c42c244c81d150008ababc19399c7ed428638b57ea
8250,2023-03-01,25.81,26.52,25.81,26.52,735,,,,,historical_baseline,,fe33df9ae5456d8ee27133c42c244c81d150008ababc19399c7ed428638b57ea
8250,2023-03-02,26.62,26.81,26.57,26.76,1297,,,,,historical_baseline,,fe33df9ae5456d8ee27133c42c244c81d150008ababc19399c7ed428638b57ea
8250,2023-03-05,26.86,26.86,25.71,26.48,1050,,,,,historical_baseline,,fe33df9ae5456d8ee27133c42c244c81d150008ababc19399c7ed428638b57ea
8250,2023-03-06,26.48,26.48,26.48,26.48,0,,,,,historical_baseline,,fe33df9ae5456d8ee27133c42c244c81d150008ababc19399c7ed428638b57ea
8250,2023-03-07,26.48,26.48,26.48,26.48,0,,,,,historical_baseline,,fe33df9ae5456d8ee27133c42c244c81d150008ababc19399c7ed428638b57ea
8250,2023-03-08,26.24,27.05,25.9,26.81,1726,,,,,historical_baseline,,fe33df9ae5456d8ee27133c42c244c81d150008ababc19399c7ed428638b57ea
8250,2023-03-09,26.81,26.81,26.81,26.81,0,,,,,historical_baseline,,fe33df9ae5456d8ee27133c42c244c81d150008ababc19399c7ed428638b57ea
8250,2023-03-12,26.81,26.81,26.81,26.81,0,,,,,historical_baseline,,fe33df9ae5456d8ee27133c42c244c81d150008ababc19399c7ed428638b57ea
8250,2023-03-13,26.81,26.81,26.81,26.81,0,,,,,historical_baseline,,fe33df9ae5456d8ee27133c42c244c81d150008ababc19399c7ed428638b57ea
8250,2023-03-14,27.33,27.52,27.14,27.52,1050,,,,,historical_baseline,,fe33df9ae5456d8ee27133c42c244c81d150008ababc19399c7ed428638b57ea
8250,2023-03-15,26.67,27.29,26.24,26.24,1050,,,,,historical_baseline,,fe33df9ae5456d8ee27133c42c244c81d150008ababc19399c7ed428638b57ea
8250,2023-03-16,26.0,26.0,25.52,25.81,1502,,,,,historical_baseline,,fe33df9ae5456d8ee27133c42c244c81d150008ababc19399c7ed428638b57ea
8250,2023-03-19,25.81,25.81,25.81,25.81,0,,,,,historical_baseline,,fe33df9ae5456d8ee27133c42c244c81d150008ababc19399c7ed428638b57ea
8250,2023-03-20,27.14,27.14,26.67,26.67,861,,,,,historical_baseline,,fe33df9ae5456d8ee27133c42c244c81d150008ababc19399c7ed428638b57ea
8250,2023-03-21,26.86,27.71,26.81,27.48,745,,,,,historical_baseline,,fe33df9ae5456d8ee27133c42c244c81d150008ababc19399c7ed428638b57ea
8250,2023-03-22,26.57,26.67,25.33,25.43,1879,,,,,historical_baseline,,fe33df9ae5456d8ee27133c42c244c81d150008ababc19399c7ed428638b57ea
8250,2023-03-23,25.43,25.43,24.14,25.24,666,,,,,historical_baseline,,fe33df9ae5456d8ee27133c42c244c81d150008ababc19399c7ed428638b57ea
8250,2023-03-26,25.24,25.24,25.24,25.24,0,,,,,historical_baseline,,fe33df9ae5456d8ee27133c42c244c81d150008ababc19399c7ed428638b57ea
8250,2023-03-27,25.24,25.24,25.24,25.24,0,,,,,historical_baseline,,fe33df9ae5456d8ee27133c42c244c81d150008ababc19399c7ed428638b57ea
8250,2023-03-28,25.24,25.24,25.24,25.24,0,,,,,historical_baseline,,fe33df9ae5456d8ee27133c42c244c81d150008ababc19399c7ed428638b57ea
8250,2023-03-29,25.9,26.1,25.71,26.1,147,,,,,historical_baseline,,fe33df9ae5456d8ee27133c42c244c81d150008ababc19399c7ed428638b57ea
8250,2023-03-30,26.38,27.33,26.19,26.67,1040,,,,,historical_baseline,,fe33df9ae5456d8ee27133c42c244c81d150008ababc19399c7ed428638b57ea
8260,2023-03-01,13.17,13.25,13.17,13.18,1624,,,,,historical_baseline,,fe33df9ae5456d8ee27133c42c244c81d150008ababc19399c7ed428638b57ea
8260,2023-03-02,13.2,13.5,13.17,13.27,1187,,,,,historical_baseline,,fe33df9ae5456d8ee27133c42c244c81d150008ababc19399c7ed428638b57ea
8260,2023-03-05,13.27,13.33,13.22,13.22,1157,,,,,historical_baseline,,fe33df9ae5456d8ee27133c42c244c81d150008ababc19399c7ed428638b57ea
8260,2023-03-06,13.22,13.22,13.22,13.22,0,,,,,historical_baseline,,fe33df9ae5456d8ee27133c42c244c81d150008ababc19399c7ed428638b57ea
8260,2023-03-07,13.22,13.22,13.22,13.22,0,,,,,historical_baseline,,fe33df9ae5456d8ee27133c42c244c81d150008ababc19399c7ed428638b57ea
8260,2023-03-08,12.95,13.05,12.78,12.78,3000,,,,,historical_baseline,,fe33df9ae5456d8ee27133c42c244c81d150008ababc19399c7ed428638b57ea
8260,2023-03-09,12.78,12.78,12.78,12.78,0,,,,,historical_baseline,,fe33df9ae5456d8ee27133c42c244c81d150008ababc19399c7ed428638b57ea
8260,2023-03-12,12.78,12.78,12.78,12.78,0,,,,,historical_baseline,,fe33df9ae5456d8ee27133c42c244c81d150008ababc19399c7ed428638b57ea
8260,2023-03-13,12.78,12.78,12.78,12.78,0,,,,,historical_baseline,,fe33df9ae5456d8ee27133c42c244c81d150008ababc19399c7ed428638b57ea
8260,2023-03-14,12.9,13.02,12.83,12.85,1649,,,,,historical_baseline,,fe33df9ae5456d8ee27133c42c244c81d150008ababc19399c7ed428638b57ea
8260,2023-03-15,12.98,13.0,12.63,12.63,1188,,,,,historical_baseline,,fe33df9ae5456d8ee27133c42c244c81d150008ababc19399c7ed428638b57ea
8260,2023-03-16,12.57,12.75,12.5,12.62,4741,,,,,historical_baseline,,fe33df9ae5456d8ee27133c42c244c81d150008ababc19399c7ed428638b57ea
8260,2023-03-19,12.62,12.62,12.62,12.62,0,,,,,historical_baseline,,fe33df9ae5456d8ee27133c42c244c81d150008ababc19399c7ed428638b57ea
8260,2023-03-20,12.6,12.73,12.52,12.67,1788,,,,,historical_baseline,,fe33df9ae5456d8ee27133c42c244c81d150008ababc19399c7ed428638b57ea
8260,2023-03-21,12.77,12.9,12.7,12.77,1374,,,,,historical_baseline,,fe33df9ae5456d8ee27133c42c244c81d150008ababc19399c7ed428638b57ea
8260,2023-03-22,12.67,13.0,12.52,12.83,1620,,,,,historical_baseline,,fe33df9ae5456d8ee27133c42c244c81d150008ababc19399c7ed428638b57ea
8260,2023-03-23,12.62,12.73,12.57,12.62,1800,,,,,historical_baseline,,fe33df9ae5456d8ee27133c42c244c81d150008ababc19399c7ed428638b57ea
8260,2023-03-26,12.62,12.62,12.62,12.62,0,,,,,historical_baseline,,fe33df9ae5456d8ee27133c42c244c81d150008ababc19399c7ed428638b57ea
8260,2023-03-27,12.62,12.62,12.62,12.62,0,,,,,historical_baseline,,fe33df9ae5456d8ee27133c42c244c81d150008ababc19399c7ed428638b57ea
8260,2023-03-28,12.62,12.62,12.62,12.62,0,,,,,historical_baseline,,fe33df9ae5456d8ee27133c42c244c81d150008ababc19399c7ed428638b57ea
8260,2023-03-29,12.6,12.82,12.58,12.75,335,,,,,historical_baseline,,fe33df9ae5456d8ee27133c42c244c81d150008ababc19399c7ed428638b57ea
8260,2023-03-30,12.85,13.2,12.82,12.87,6000,,,,,historical_baseline,,fe33df9ae5456d8ee27133c42c244c81d150008ababc19399c7ed428638b57ea
8280,2023-03-01,12.78,12.9,12.78,12.9,4999,,,,,historical_baseline,,fe33df9ae5456d8ee27133c42c244c81d150008ababc19399c7ed428638b57ea
8280,2023-03-02,12.74,13.1,12.66,12.86,1330,,,,,historical_baseline,,fe33df9ae5456d8ee27133c42c244c81d150008ababc19399c7ed428638b57ea
8280,2023-03-05,12.96,13.0,12.8,12.8,1500,,,,,historical_baseline,,fe33df9ae5456d8ee27133c42c244c81d150008ababc19399c7ed428638b57ea
8280,2023-03-06,12.8,12.8,12.8,12.8,0,,,,,historical_baseline,,fe33df9ae5456d8ee27133c42c244c81d150008ababc19399c7ed428638b57ea
8280,2023-03-07,12.8,12.8,12.8,12.8,0,,,,,historical_baseline,,fe33df9ae5456d8ee27133c42c244c81d150008ababc19399c7ed428638b57ea
8280,2023-03-08,12.74,12.76,12.64,12.72,3012,,,,,historical_baseline,,fe33df9ae5456d8ee27133c42c244c81d150008ababc19399c7ed428638b57ea
8280,2023-03-09,12.72,12.72,12.72,12.72,0,,,,,historical_baseline,,fe33df9ae5456d8ee27133c42c244c81d150008ababc19399c7ed428638b57ea
8280,2023-03-12,12.72,12.72,12.72,12.72,0,,,,,historical_baseline,,fe33df9ae5456d8ee27133c42c244c81d150008ababc19399c7ed428638b57ea
8280,2023-03-13,12.72,12.72,12.72,12.72,0,,,,,historical_baseline,,fe33df9ae5456d8ee27133c42c244c81d150008ababc19399c7ed428638b57ea
8280,2023-03-14,12.62,12.74,12.44,12.5,2222,,,,,historical_baseline,,fe33df9ae5456d8ee27133c42c244c81d150008ababc19399c7ed428638b57ea
8280,2023-03-15,12.32,12.32,12.22,12.22,2493,,,,,historical_baseline,,fe33df9ae5456d8ee27133c42c244c81d150008ababc19399c7ed428638b57ea
8280,2023-03-16,12.0,12.02,11.8,11.86,1700,,,,,historical_baseline,,fe33df9ae5456d8ee27133c42c244c81d150008ababc19399c7ed428638b57ea
8280,2023-03-19,11.86,11.86,11.86,11.86,0,,,,,historical_baseline,,fe33df9ae5456d8ee27133c42c244c81d150008ababc19399c7ed428638b57ea
8280,2023-03-20,11.84,12.0,11.78,12.0,6000,,,,,historical_baseline,,fe33df9ae5456d8ee27133c42c244c81d150008ababc19399c7ed428638b57ea
8280,2023-03-21,12.1,12.22,12.0,12.02,4000,,,,,historical_baseline,,fe33df9ae5456d8ee27133c42c244c81d150008ababc19399c7ed428638b57ea
8280,2023-03-22,12.0,12.76,12.0,12.28,5173,,,,,historical_baseline,,fe33df9ae5456d8ee27133c42c244c81d150008ababc19399c7ed428638b57ea
8280,2023-03-23,12.06,12.14,11.9,11.92,3000,,,,,historical_baseline,,fe33df9ae5456d8ee27133c42c244c81d150008ababc19399c7ed428638b57ea
8280,2023-03-26,11.92,11.92,11.92,11.92,0,,,,,historical_baseline,,fe33df9ae5456d8ee27133c42c244c81d150008ababc19399c7ed428638b57ea
8280,2023-03-27,11.92,11.92,11.92,11.92,0,,,,,historical_baseline,,fe33df9ae5456d8ee27133c42c244c81d150008ababc19399c7ed428638b57ea
8280,2023-03-28,11.92,11.92,11.92,11.92,0,,,,,historical_baseline,,fe33df9ae5456d8ee27133c42c244c81d150008ababc19399c7ed428638b57ea
8280,2023-03-29,12.0,12.18,11.92,12.1,228,,,,,historical_baseline,,fe33df9ae5456d8ee27133c42c244c81d150008ababc19399c7ed428638b57ea
8280,2023-03-30,12.1,12.12,11.98,12.1,1500,,,,,historical_baseline,,fe33df9ae5456d8ee27133c42c244c81d150008ababc19399c7ed428638b57ea
8300,2023-03-01,16.1,16.28,16.08,16.28,2080,,,,,historical_baseline,,fe33df9ae5456d8ee27133c42c244c81d150008ababc19399c7ed428638b57ea
8300,2023-03-02,16.24,16.4,16.1,16.14,1000,,,,,historical_baseline,,fe33df9ae5456d8ee27133c42c244c81d150008ababc19399c7ed428638b57ea
8300,2023-03-05,16.24,16.34,16.08,16.2,2500,,,,,historical_baseline,,fe33df9ae5456d8ee27133c42c244c81d150008ababc19399c7ed428638b57ea
8300,2023-03-06,16.2,16.2,16.2,16.2,0,,,,,historical_baseline,,fe33df9ae5456d8ee27133c42c244c81d150008ababc19399c7ed428638b57ea
8300,2023-03-07,16.2,16.2,16.2,16.2,0,,,,,historical_baseline,,fe33df9ae5456d8ee27133c42c244c81d150008ababc19399c7ed428638b57ea
8300,2023-03-08,16.3,16.3,16.0,16.0,1145,,,,,historical_baseline,,fe33df9ae5456d8ee27133c42c244c81d150008ababc19399c7ed428638b57ea
8300,2023-03-09,16.0,16.0,16.0,16.0,0,,,,,historical_baseline,,fe33df9ae5456d8ee27133c42c244c81d150008ababc19399c7ed428638b57ea
8300,2023-03-12,16.0,16.0,16.0,16.0,0,,,,,historical_baseline,,fe33df9ae5456d8ee27133c42c244c81d150008ababc19399c7ed428638b57ea
8300,2023-03-13,16.0,16.0,16.0,16.0,0,,,,,historical_baseline,,fe33df9ae5456d8ee27133c42c244c81d150008ababc19399c7ed428638b57ea
8300,2023-03-14,16.36,16.36,16.04,16.06,1000,,,,,historical_baseline,,fe33df9ae5456d8ee27133c42c244c81d150008ababc19399c7ed428638b57ea
8300,2023-03-15,16.0,16.08,15.8,15.8,6954,,,,,historical_baseline,,fe33df9ae5456d8ee27133c42c244c81d150008ababc19399c7ed428638b57ea
8300,2023-03-16,15.88,16.1,15.8,15.86,1000,,,,,historical_baseline,,fe33df9ae5456d8ee27133c42c244c81d150008ababc19399c7ed428638b57ea
8300,2023-03-19,15.86,15.86,15.86,15.86,0,,,,,historical_baseline,,fe33df9ae5456d8ee27133c42c244c81d150008ababc19399c7ed428638b57ea
8300,2023-03-20,15.98,16.12,15.76,16.1,1000,,,,,historical_baseline,,fe33df9ae5456d8ee27133c42c244c81d150008ababc19399c7ed428638b57ea
8300,2023-03-21,16.1,16.24,16.02,16.02,2638,,,,,historical_baseline,,fe33df9ae5456d8ee27133c42c244c81d150008ababc19399c7ed428638b57ea
8300,2023-03-22,15.9,16.64,15.9,16.22,1929,,,,,historical_baseline,,fe33df9ae5456d8ee27133c42c244c81d150008ababc19399c7ed428638b57ea
8300,2023-03-23,16.32,16.4,15.9,15.92,3336,,,,,historical_baseline,,fe33df9ae5456d8ee27133c42c244c81d150008ababc19399c7ed428638b57ea
8300,2023-03-26,15.92,15.92,15.92,15.92,0,,,,,historical_baseline,,fe33df9ae5456d8ee27133c42c244c81d150008ababc19399c7ed428638b57ea
8300,2023-03-27,15.92,15.92,15.92,15.92,0,,,,,historical_baseline,,fe33df9ae5456d8ee27133c42c244c81d150008ababc19399c7ed428638b57ea
8300,2023-03-28,15.92,15.92,15.92,15.92,0,,,,,historical_baseline,,fe33df9ae5456d8ee27133c42c244c81d150008ababc19399c7ed428638b57ea
8300,2023-03-29,16.16,16.42,16.06,16.18,555,,,,,historical_baseline,,fe33df9ae5456d8ee27133c42c244c81d150008ababc19399c7ed428638b57ea
8300,2023-03-30,16.18,16.32,16.08,16.24,1103,,,,,historical_baseline,,fe33df9ae5456d8ee27133c42c244c81d150008ababc19399c7ed428638b57ea
8310,2023-03-01,9.88,10.06,9.86,9.86,2000,,,,,historical_baseline,,fe33df9ae5456d8ee27133c42c244c81d150008ababc19399c7ed428638b57ea
8310,2023-03-02,9.9,10.04,9.8,9.86,1547,,,,,historical_baseline,,fe33df9ae5456d8ee27133c42c244c81d150008ababc19399c7ed428638b57ea
8310,2023-03-05,9.94,9.97,9.8,9.86,2537,,,,,historical_baseline,,fe33df9ae5456d8ee27133c42c244c81d150008ababc19399c7ed428638b57ea
8310,2023-03-06,9.86,9.86,9.86,9.86,0,,,,,historical_baseline,,fe33df9ae5456d8ee27133c42c244c81d150008ababc19399c7ed428638b57ea
8310,2023-03-07,9.86,9.86,9.86,9.86,0,,,,,historical_baseline,,fe33df9ae5456d8ee27133c42c244c81d150008ababc19399c7ed428638b57ea
8310,2023-03-08,9.64,9.87,9.57,9.6,2000,,,,,historical_baseline,,fe33df9ae5456d8ee27133c42c244c81d150008ababc19399c7ed428638b57ea
8310,2023-03-09,9.6,9.6,9.6,9.6,0,,,,,historical_baseline,,fe33df9ae5456d8ee27133c42c244c81d150008ababc19399c7ed428638b57ea
8310,2023-03-12,9.6,9.6,9.6,9.6,0,,,,,historical_baseline,,fe33df9ae5456d8ee27133c42c244c81d150008ababc19399c7ed428638b57ea
8310,2023-03-13,9.6,9.6,9.6,9.6,0,,,,,historical_baseline,,fe33df9ae5456d8ee27133c42c244c81d150008ababc19399c7ed428638b57ea
8310,2023-03-14,9.92,9.99,9.75,9.76,2490,,,,,historical_baseline,,fe33df9ae5456d8ee27133c42c244c81d150008ababc19399c7ed428638b57ea
8310,2023-03-15,9.62,9.77,9.54,9.6,4500,,,,,historical_baseline,,fe33df9ae5456d8ee27133c42c244c81d150008ababc19399c7ed428638b57ea
8310,2023-03-16,9.6,9.6,9.32,9.32,2000,,,,,historical_baseline,,fe33df9ae5456d8ee27133c42c244c81d150008ababc19399c7ed428638b57ea
8310,2023-03-19,9.32,9.32,9.32,9.32,0,,,,,historical_baseline,,fe33df9ae5456d8ee27133c42c244c81d150008ababc19399c7ed428638b57ea
8310,2023-03-20,9.36,9.5,9.3,9.4,2525,,,,,historical_baseline,,fe33df9ae5456d8ee27133c42c244c81d150008ababc19399c7ed428638b57ea
8310,2023-03-21,9.55,9.68,9.48,9.48,5117,,,,,historical_baseline,,fe33df9ae5456d8ee27133c42c244c81d150008ababc19399c7ed428638b57ea
8310,2023-03-22,9.5,9.66,9.48,9.58,5179,,,,,historical_baseline,,fe33df9ae5456d8ee27133c42c244c81d150008ababc19399c7ed428638b57ea
8310,2023-03-23,9.68,9.68,9.4,9.46,3420,,,,,historical_baseline,,fe33df9ae5456d8ee27133c42c244c81d150008ababc19399c7ed428638b57ea
8310,2023-03-26,9.46,9.46,9.46,9.46,0,,,,,historical_baseline,,fe33df9ae5456d8ee27133c42c244c81d150008ababc19399c7ed428638b57ea
8310,2023-03-27,9.46,9.46,9.46,9.46,0,,,,,historical_baseline,,fe33df9ae5456d8ee27133c42c244c81d150008ababc19399c7ed428638b57ea
8310,2023-03-28,9.46,9.46,9.46,9.46,0,,,,,historical_baseline,,fe33df9ae5456d8ee27133c42c244c81d150008ababc19399c7ed428638b57ea
8310,2023-03-29,9.56,9.77,9.52,9.6,995,,,,,historical_baseline,,fe33df9ae5456d8ee27133c42c244c81d150008ababc19399c7ed428638b57ea
8310,2023-03-30,9.52,9.64,9.3,9.55,1623,,,,,historical_baseline,,fe33df9ae5456d8ee27133c42c244c81d150008ababc19399c7ed428638b57ea
8311,2023-03-01,9.75,9.89,9.7,9.77,2000,,,,,historical_baseline,,fe33df9ae5456d8ee27133c42c244c81d150008ababc19399c7ed428638b57ea
8311,2023-03-02,9.7,9.91,9.7,9.79,3450,,,,,historical_baseline,,fe33df9ae5456d8ee27133c42c244c81d150008ababc19399c7ed428638b57ea
8311,2023-03-05,9.83,9.91,9.78,9.82,2566,,,,,historical_baseline,,fe33df9ae5456d8ee27133c42c244c81d150008ababc19399c7ed428638b57ea
8311,2023-03-06,9.82,9.82,9.82,9.82,0,,,,,historical_baseline,,fe33df9ae5456d8ee27133c42c244c81d150008ababc19399c7ed428638b57ea
8311,2023-03-07,9.82,9.82,9.82,9.82,0,,,,,historical_baseline,,fe33df9ae5456d8ee27133c42c244c81d150008ababc19399c7ed428638b57ea
8311,2023-03-08,9.68,9.81,9.57,9.58,1932,,,,,historical_baseline,,fe33df9ae5456d8ee27133c42c244c81d150008ababc19399c7ed428638b57ea
8311,2023-03-09,9.58,9.58,9.58,9.58,0,,,,,historical_baseline,,fe33df9ae5456d8ee27133c42c244c81d150008ababc19399c7ed428638b57ea
8311,2023-03-12,9.58,9.58,9.58,9.58,0,,,,,historical_baseline,,fe33df9ae5456d8ee27133c42c244c81d150008ababc19399c7ed428638b57ea
8311,2023-03-13,9.58,9.58,9.58,9.58,0,,,,,historical_baseline,,fe33df9ae5456d8ee27133c42c244c81d150008ababc19399c7ed428638b57ea
8311,2023-03-14,9.9,9.97,9.61,9.61,1797,,,,,historical_baseline,,fe33df9ae5456d8ee27133c42c244c81d150008ababc19399c7ed428638b57ea
8311,2023-03-15,9.64,9.65,9.45,9.46,2200,,,,,historical_baseline,,fe33df9ae5456d8ee27133c42c244c81d150008ababc19399c7ed428638b57ea
8311,2023-03-16,9.35,9.39,9.0,9.2,1819,,,,,historical_baseline,,fe33df9ae5456d8ee27133c42c244c81d150008ababc19399c7ed428638b57ea
8311,2023-03-19,9.2,9.2,9.2,9.2,0,,,,,historical_baseline,,fe33df9ae5456d8ee27133c42c244c81d150008ababc19399c7ed428638b57ea
8311,2023-03-20,9.27,9.46,9.17,9.29,3000,,,,,historical_baseline,,fe33df9ae5456d8ee27133c42c244c81d150008ababc19399c7ed428638b57ea
8311,2023-03-21,9.4,9.46,9.28,9.28,4024,,,,,historical_baseline,,fe33df9ae5456d8ee27133c42c244c81d150008ababc19399c7ed428638b57ea
8311,2023-03-22,9.29,9.5,9.29,9.38,2000,,,,,historical_baseline,,fe33df9ae5456d8ee27133c42c244c81d150008ababc19399c7ed428638b57ea
8311,2023-03-23,9.44,9.5,9.22,9.27,7013,,,,,historical_baseline,,fe33df9ae5456d8ee27133c42c244c81d150008ababc19399c7ed428638b57ea
8311,2023-03-26,9.27,9.27,9.27,9.27,0,,,,,historical_baseline,,fe33df9ae5456d8ee27133c42c244c81d150008ababc19399c7ed428638b57ea
8311,2023-03-27,9.27,9.27,9.27,9.27,0,,,,,historical_baseline,,fe33df9ae5456d8ee27133c42c244c81d150008ababc19399c7ed428638b57ea
8311,2023-03-28,9.27,9.27,9.27,9.27,0,,,,,historical_baseline,,fe33df9ae5456d8ee27133c42c244c81d150008ababc19399c7ed428638b57ea
8311,2023-03-29,9.58,9.8,9.55,9.55,943,,,,,historical_baseline,,fe33df9ae5456d8ee27133c42c244c81d150008ababc19399c7ed428638b57ea
8311,2023-03-30,9.54,9.54,9.36,9.47,2000,,,,,historical_baseline,,fe33df9ae5456d8ee27133c42c244c81d150008ababc19399c7ed428638b57ea
