symbol,date,open,high,low,close,volume,value_traded,trades_count,is_final,partial,source_layer,source_run_id,source_file_sha256
1010,2019-02-03,22.66,22.66,22.42,22.46,332044,,,,,historical_baseline,,fe33df9ae5456d8ee27133c42c244c81d150008ababc19399c7ed428638b57ea
1010,2019-02-04,22.56,22.62,22.46,22.56,869200,,,,,historical_baseline,,fe33df9ae5456d8ee27133c42c244c81d150008ababc19399c7ed428638b57ea
1010,2019-02-05,22.52,23.14,22.52,23.12,1748124,,,,,historical_baseline,,fe33df9ae5456d8ee27133c42c244c81d150008ababc19399c7ed428638b57ea
1010,2019-02-06,23.12,23.7,23.12,23.48,1322876,,,,,historical_baseline,,fe33df9ae5456d8ee27133c42c244c81d150008ababc19399c7ed428638b57ea
1010,2019-02-07,23.48,23.62,23.48,23.54,784188,,,,,historical_baseline,,fe33df9ae5456d8ee27133c42c244c81d150008ababc19399c7ed428638b57ea
1010,2019-02-10,23.6,23.6,23.2,23.26,472432,,,,,historical_baseline,,fe33df9ae5456d8ee27133c42c244c81d150008ababc19399c7ed428638b57ea
1010,2019-02-11,23.28,23.28,23.0,23.22,920820,,,,,historical_baseline,,fe33df9ae5456d8ee27133c42c244c81d150008ababc19399c7ed428638b57ea
1010,2019-02-12,23.16,23.42,23.16,23.4,663083,,,,,historical_baseline,,fe33df9ae5456d8ee27133c42c244c81d150008ababc19399c7ed428638b57ea
1010,2019-02-13,23.4,23.62,23.4,23.46,1005376,,,,,historical_baseline,,fe33df9ae5456d8ee27133c42c244c81d150008ababc19399c7ed428638b57ea
1010,2019-02-14,23.44,23.54,23.34,23.54,1040896,,,,,historical_baseline,,fe33df9ae5456d8ee27133c42c244c81d150008ababc19399c7ed428638b57ea
1010,2019-02-17,23.32,23.62,23.32,23.6,458646,,,,,historical_baseline,,fe33df9ae5456d8ee27133c42c244c81d150008ababc19399c7ed428638b57ea
1010,2019-02-18,23.62,23.62,23.44,23.54,367173,,,,,historical_baseline,,fe33df9ae5456d8ee27133c42c244c81d150008ababc19399c7ed428638b57ea
1010,2019-02-19,23.42,23.5,23.04,23.04,579486,,,,,historical_baseline,,fe33df9ae5456d8ee27133c42c244c81d150008ababc19399c7ed428638b57ea
1010,2019-02-20,23.02,23.56,23.02,23.56,540182,,,,,historical_baseline,,fe33df9ae5456d8ee27133c42c244c81d150008ababc19399c7ed428638b57ea
1010,2019-02-21,23.5,23.56,23.22,23.54,652147,,,,,historical_baseline,,fe33df9ae5456d8ee27133c42c244c81d150008ababc19399c7ed428638b57ea
1010,2019-02-24,23.5,23.5,23.26,23.26,446870,,,,,historical_baseline,,fe33df9ae5456d8ee27133c42c244c81d150008ababc19399c7ed428638b57ea
1010,2019-02-25,23.28,23.28,22.48,22.54,766754,,,,,historical_baseline,,fe33df9ae5456d8ee27133c42c244c81d150008ababc19399c7ed428638b57ea
1010,2019-02-26,22.54,22.54,21.3,22.32,890868,,,,,historical_baseline,,fe33df9ae5456d8ee27133c42c244c81d150008ababc19399c7ed428638b57ea
1010,2019-02-27,22.3,22.38,21.72,22.36,1320178,,,,,historical_baseline,,fe33df9ae5456d8ee27133c42c244c81d150008ababc19399c7ed428638b57ea
1010,2019-02-28,22.26,22.54,22.16,22.3,899645,,,,,historical_baseline,,fe33df9ae5456d8ee27133c42c244c81d150008ababc19399c7ed428638b57ea
1020,2019-02-03,16.76,16.8,16.68,16.72,1502156,,,,,historical_baseline,,fe33df9ae5456d8ee27133c42c244c81d150008ababc19399c7ed428638b57ea
1020,2019-02-04,16.72,16.74,16.64,16.64,1263825,,,,,historical_baseline,,fe33df9ae5456d8ee27133c42c244c81d150008ababc19399c7ed428638b57ea
1020,2019-02-05,16.62,16.76,16.62,16.7,1545499,,,,,historical_baseline,,fe33df9ae5456d8ee27133c42c244c81d150008ababc19399c7ed428638b57ea
1020,2019-02-06,16.6,17.02,16.6,16.66,1982831,,,,,historical_baseline,,fe33df9ae5456d8ee27133c42c244c81d150008ababc19399c7ed428638b57ea
1020,2019-02-07,16.66,16.68,16.42,16.44,2032207,,,,,historical_baseline,,fe33df9ae5456d8ee27133c42c244c81d150008ababc19399c7ed428638b57ea
1020,2019-02-10,16.48,16.48,16.28,16.3,1641407,,,,,historical_baseline,,fe33df9ae5456d8ee27133c42c244c81d150008ababc19399c7ed428638b57ea
1020,2019-02-11,16.3,16.3,16.04,16.16,2560914,,,,,historical_baseline,,fe33df9ae5456d8ee27133c42c244c81d150008ababc19399c7ed428638b57ea
1020,2019-02-12,16.14,16.58,16.14,16.38,2204994,,,,,historical_baseline,,fe33df9ae5456d8ee27133c42c244c81d150008ababc19399c7ed428638b57ea
1020,2019-02-13,16.38,16.44,16.28,16.3,2061194,,,,,historical_baseline,,fe33df9ae5456d8ee27133c42c244c81d150008ababc19399c7ed428638b57ea
1020,2019-02-14,16.34,16.34,16.12,16.16,1350675,,,,,historical_baseline,,fe33df9ae5456d8ee27133c42c244c81d150008ababc19399c7ed428638b57ea
1020,2019-02-17,16.28,16.38,16.16,16.24,1424223,,,,,historical_baseline,,fe33df9ae5456d8ee27133c42c244c81d150008ababc19399c7ed428638b57ea
1020,2019-02-18,16.2,16.22,15.94,15.96,4035218,,,,,historical_baseline,,fe33df9ae5456d8ee27133c42c244c81d150008ababc19399c7ed428638b57ea
1020,2019-02-19,15.96,16.06,15.92,16.0,2498543,,,,,historical_baseline,,fe33df9ae5456d8ee27133c42c244c81d150008ababc19399c7ed428638b57ea
1020,2019-02-20,16.0,16.12,15.96,16.12,2577317,,,,,historical_baseline,,fe33df9ae5456d8ee27133c42c244c81d150008ababc19399c7ed428638b57ea
1020,2019-02-21,16.12,16.12,16.02,16.06,903499,,,,,historical_baseline,,fe33df9ae5456d8ee27133c42c244c81d150008ababc19399c7ed428638b57ea
1020,2019-02-24,16.02,16.1,16.0,16.04,1832647,,,,,historical_baseline,,fe33df9ae5456d8ee27133c42c244c81d150008ababc19399c7ed428638b57ea
1020,2019-02-25,16.0,16.02,15.78,15.78,2205835,,,,,historical_baseline,,fe33df9ae5456d8ee27133c42c244c81d150008ababc19399c7ed428638b57ea
1020,2019-02-26,15.7,15.9,15.5,15.9,2725242,,,,,historical_baseline,,fe33df9ae5456d8ee27133c42c244c81d150008ababc19399c7ed428638b57ea
1020,2019-02-27,15.86,16.0,15.66,16.0,932738,,,,,historical_baseline,,fe33df9ae5456d8ee27133c42c244c81d150008ababc19399c7ed428638b57ea
1020,2019-02-28,15.9,16.22,15.84,16.08,1963128,,,,,historical_baseline,,fe33df9ae5456d8ee27133c42c244c81d150008ababc19399c7ed428638b57ea
1030,2019-02-03,15.3,15.3,15.11,15.24,128293,,,,,historical_baseline,,fe33df9ae5456d8ee27133c42c244c81d150008ababc19399c7ed428638b57ea
1030,2019-02-04,15.11,15.6,15.11,15.33,467792,,,,,historical_baseline,,fe33df9ae5456d8ee27133c42c244c81d150008ababc19399c7ed428638b57ea
1030,2019-02-05,15.26,15.9,15.26,15.53,687797,,,,,historical_baseline,,fe33df9ae5456d8ee27133c42c244c81d150008ababc19399c7ed428638b57ea
1030,2019-02-06,15.53,15.75,15.47,15.74,1008277,,,,,historical_baseline,,fe33df9ae5456d8ee27133c42c244c81d150008ababc19399c7ed428638b57ea
1030,2019-02-07,15.62,15.68,15.38,15.59,232135,,,,,historical_baseline,,fe33df9ae5456d8ee27133c42c244c81d150008ababc19399c7ed428638b57ea
1030,2019-02-10,15.57,15.57,15.21,15.24,412080,,,,,historical_baseline,,fe33df9ae5456d8ee27133c42c244c81d150008ababc19399c7ed428638b57ea
1030,2019-02-11,15.3,15.3,15.18,15.18,82074,,,,,historical_baseline,,fe33df9ae5456d8ee27133c42c244c81d150008ababc19399c7ed428638b57ea
1030,2019-02-12,15.23,15.3,15.09,15.11,392243,,,,,historical_baseline,,fe33df9ae5456d8ee27133c42c244c81d150008ababc19399c7ed428638b57ea
1030,2019-02-13,15.29,15.29,15.11,15.12,83584,,,,,historical_baseline,,fe33df9ae5456d8ee27133c42c244c81d150008ababc19399c7ed428638b57ea
1030,2019-02-14,15.09,15.09,14.85,14.99,230190,,,,,historical_baseline,,fe33df9ae5456d8ee27133c42c244c81d150008ababc19399c7ed428638b57ea
1030,2019-02-17,15.15,15.15,14.85,14.85,182920,,,,,historical_baseline,,fe33df9ae5456d8ee27133c42c244c81d150008ababc19399c7ed428638b57ea
1030,2019-02-18,14.97,15.02,14.88,14.99,77292,,,,,historical_baseline,,fe33df9ae5456d8ee27133c42c244c81d150008ababc19399c7ed428638b57ea
1030,2019-02-19,15.0,15.0,14.84,14.85,131420,,,,,historical_baseline,,fe33df9ae5456d8ee27133c42c244c81d150008ababc19399c7ed428638b57ea
1030,2019-02-20,14.87,14.87,14.54,14.54,344893,,,,,historical_baseline,,fe33df9ae5456d8ee27133c42c244c81d150008ababc19399c7ed428638b57ea
1030,2019-02-21,14.61,14.63,14.48,14.48,60200,,,,,historical_baseline,,fe33df9ae5456d8ee27133c42c244c81d150008ababc19399c7ed428638b57ea
1030,2019-02-24,14.63,14.63,14.51,14.52,15045,,,,,historical_baseline,,fe33df9ae5456d8ee27133c42c244c81d150008ababc19399c7ed428638b57ea
1030,2019-02-25,14.49,14.49,14.03,14.1,430733,,,,,historical_baseline,,fe33df9ae5456d8ee27133c42c244c81d150008ababc19399c7ed428638b57ea
1030,2019-02-26,14.16,14.16,13.92,14.01,363014,,,,,historical_baseline,,fe33df9ae5456d8ee27133c42c244c81d150008ababc19399c7ed428638b57ea
1030,2019-02-27,14.01,14.01,13.86,13.89,309582,,,,,historical_baseline,,fe33df9ae5456d8ee27133c42c244c81d150008ababc19399c7ed428638b57ea
1030,2019-02-28,13.89,13.94,13.85,13.85,200399,,,,,historical_baseline,,fe33df9ae5456d8ee27133c42c244c81d150008ababc19399c7ed428638b57ea
1050,2019-02-03,36.0,36.1,35.75,35.95,504894,,,,,historical_baseline,,fe33df9ae5456d8ee27133c42c244c81d150008ababc19399c7ed428638b57ea
1050,2019-02-04,36.0,36.3,35.55,35.6,299263,,,,,historical_baseline,,fe33df9ae5456d8ee27133c42c244c81d150008ababc19399c7ed428638b57ea
1050,2019-02-05,35.5,35.9,35.45,35.5,1305283,,,,,historical_baseline,,fe33df9ae5456d8ee27133c42c244c81d150008ababc19399c7ed428638b57ea
1050,2019-02-06,35.7,36.4,35.6,36.0,1472101,,,,,historical_baseline,,fe33df9ae5456d8ee27133c42c244c81d150008ababc19399c7ed428638b57ea
1050,2019-02-07,36.15,36.15,35.6,35.6,577846,,,,,historical_baseline,,fe33df9ae5456d8ee27133c42c244c81d150008ababc19399c7ed428638b57ea
1050,2019-02-10,35.8,35.8,35.45,35.5,219074,,,,,historical_baseline,,fe33df9ae5456d8ee27133c42c244c81d150008ababc19399c7ed428638b57ea
1050,2019-02-11,35.8,35.95,35.65,35.95,833309,,,,,historical_baseline,,fe33df9ae5456d8ee27133c42c244c81d150008ababc19399c7ed428638b57ea
1050,2019-02-12,35.95,37.05,35.95,37.0,786420,,,,,historical_baseline,,fe33df9ae5456d8ee27133c42c244c81d150008ababc19399c7ed428638b57ea
1050,2019-02-13,37.2,38.2,37.2,38.1,867923,,,,,historical_baseline,,fe33df9ae5456d8ee27133c42c244c81d150008ababc19399c7ed428638b57ea
1050,2019-02-14,38.2,38.5,37.75,38.4,415990,,,,,historical_baseline,,fe33df9ae5456d8ee27133c42c244c81d150008ababc19399c7ed428638b57ea
1050,2019-02-17,38.5,38.5,38.0,38.0,93123,,,,,historical_baseline,,fe33df9ae5456d8ee27133c42c244c81d150008ababc19399c7ed428638b57ea
1050,2019-02-18,37.5,38.0,37.4,38.0,228150,,,,,historical_baseline,,fe33df9ae5456d8ee27133c42c244c81d150008ababc19399c7ed428638b57ea
1050,2019-02-19,37.65,38.0,37.5,37.5,188434,,,,,historical_baseline,,fe33df9ae5456d8ee27133c42c244c81d150008ababc19399c7ed428638b57ea
1050,2019-02-20,37.85,38.0,37.4,38.0,136838,,,,,historical_baseline,,fe33df9ae5456d8ee27133c42c244c81d150008ababc19399c7ed428638b57ea
1050,2019-02-21,37.7,37.7,37.4,37.5,180485,,,,,historical_baseline,,fe33df9ae5456d8ee27133c42c244c81d150008ababc19399c7ed428638b57ea
1050,2019-02-24,37.35,37.5,36.8,36.8,418006,,,,,historical_baseline,,fe33df9ae5456d8ee27133c42c244c81d150008ababc19399c7ed428638b57ea
1050,2019-02-25,36.7,37.0,36.3,37.0,233458,,,,,historical_baseline,,fe33df9ae5456d8ee27133c42c244c81d150008ababc19399c7ed428638b57ea
1050,2019-02-26,36.5,37.0,36.35,36.35,277935,,,,,historical_baseline,,fe33df9ae5456d8ee27133c42c244c81d150008ababc19399c7ed428638b57ea
1050,2019-02-27,36.35,36.85,36.15,36.15,177327,,,,,historical_baseline,,fe33df9ae5456d8ee27133c42c244c81d150008ababc19399c7ed428638b57ea
1050,2019-02-28,36.5,36.5,36.1,36.1,189877,,,,,historical_baseline,,fe33df9ae5456d8ee27133c42c244c81d150008ababc19399c7ed428638b57ea
1060,2019-02-03,36.7,36.7,36.1,36.15,168861,,,,,historical_baseline,,fe33df9ae5456d8ee27133c42c244c81d150008ababc19399c7ed428638b57ea
1060,2019-02-04,36.35,36.35,36.1,36.1,380095,,,,,historical_baseline,,fe33df9ae5456d8ee27133c42c244c81d150008ababc19399c7ed428638b57ea
1060,2019-02-05,36.1,37.1,35.7,36.45,845101,,,,,historical_baseline,,fe33df9ae5456d8ee27133c42c244c81d150008ababc19399c7ed428638b57ea
1060,2019-02-06,36.6,36.75,36.55,36.75,292878,,,,,historical_baseline,,fe33df9ae5456d8ee27133c42c244c81d150008ababc19399c7ed428638b57ea
1060,2019-02-07,36.8,36.95,36.7,36.7,288602,,,,,historical_baseline,,fe33df9ae5456d8ee27133c42c244c81d150008ababc19399c7ed428638b57ea
1060,2019-02-10,37.4,37.6,36.95,37.15,246428,,,,,historical_baseline,,fe33df9ae5456d8ee27133c42c244c81d150008ababc19399c7ed428638b57ea
1060,2019-02-11,36.8,37.0,36.7,36.85,293189,,,,,historical_baseline,,fe33df9ae5456d8ee27133c42c244c81d150008ababc19399c7ed428638b57ea
1060,2019-02-12,36.8,36.95,36.75,36.95,639541,,,,,historical_baseline,,fe33df9ae5456d8ee27133c42c244c81d150008ababc19399c7ed428638b57ea
1060,2019-02-13,36.7,37.6,36.7,37.6,441766,,,,,historical_baseline,,fe33df9ae5456d8ee27133c42c244c81d150008ababc19399c7ed428638b57ea
1060,2019-02-14,37.45,37.7,37.45,37.5,243205,,,,,historical_baseline,,fe33df9ae5456d8ee27133c42c244c81d150008ababc19399c7ed428638b57ea
1060,2019-02-17,37.8,37.9,37.55,37.55,109392,,,,,historical_baseline,,fe33df9ae5456d8ee27133c42c244c81d150008ababc19399c7ed428638b57ea
1060,2019-02-18,37.65,37.65,36.8,37.15,474999,,,,,historical_baseline,,fe33df9ae5456d8ee27133c42c244c81d150008ababc19399c7ed428638b57ea
1060,2019-02-19,36.7,37.0,36.55,37.0,151840,,,,,historical_baseline,,fe33df9ae5456d8ee27133c42c244c81d150008ababc19399c7ed428638b57ea
1060,2019-02-20,37.0,37.3,36.9,37.25,624991,,,,,historical_baseline,,fe33df9ae5456d8ee27133c42c244c81d150008ababc19399c7ed428638b57ea
1060,2019-02-21,37.0,37.1,36.8,37.1,218352,,,,,historical_baseline,,fe33df9ae5456d8ee27133c42c244c81d150008ababc19399c7ed428638b57ea
1060,2019-02-24,36.9,36.95,36.9,36.9,29898,,,,,historical_baseline,,fe33df9ae5456d8ee27133c42c244c81d150008ababc19399c7ed428638b57ea
1060,2019-02-25,36.95,36.95,36.05,36.95,332982,,,,,historical_baseline,,fe33df9ae5456d8ee27133c42c244c81d150008ababc19399c7ed428638b57ea
1060,2019-02-26,36.4,36.75,36.15,36.75,457014,,,,,historical_baseline,,fe33df9ae5456d8ee27133c42c244c81d150008ababc19399c7ed428638b57ea
1060,2019-02-27,36.65,37.5,36.4,37.0,91050,,,,,historical_baseline,,fe33df9ae5456d8ee27133c42c244c81d150008ababc19399c7ed428638b57ea
1060,2019-02-28,37.1,37.1,36.5,36.5,183484,,,,,historical_baseline,,fe33df9ae5456d8ee27133c42c244c81d150008ababc19399c7ed428638b57ea
1080,2019-02-03,24.8,24.8,24.63,24.73,283623,,,,,historical_baseline,,fe33df9ae5456d8ee27133c42c244c81d150008ababc19399c7ed428638b57ea
1080,2019-02-04,24.47,24.73,24.27,24.3,372741,,,,,historical_baseline,,fe33df9ae5456d8ee27133c42c244c81d150008ababc19399c7ed428638b57ea
1080,2019-02-05,24.57,24.6,24.2,24.23,1676685,,,,,historical_baseline,,fe33df9ae5456d8ee27133c42c244c81d150008ababc19399c7ed428638b57ea
1080,2019-02-06,24.33,24.53,24.1,24.2,1132680,,,,,historical_baseline,,fe33df9ae5456d8ee27133c42c244c81d150008ababc19399c7ed428638b57ea
1080,2019-02-07,24.3,24.3,23.93,24.0,882001,,,,,historical_baseline,,fe33df9ae5456d8ee27133c42c244c81d150008ababc19399c7ed428638b57ea
1080,2019-02-10,24.07,24.2,23.77,23.87,419370,,,,,historical_baseline,,fe33df9ae5456d8ee27133c42c244c81d150008ababc19399c7ed428638b57ea
1080,2019-02-11,23.9,24.0,23.8,23.83,340351,,,,,historical_baseline,,fe33df9ae5456d8ee27133c42c244c81d150008ababc19399c7ed428638b57ea
1080,2019-02-12,23.8,24.0,23.73,23.87,699049,,,,,historical_baseline,,fe33df9ae5456d8ee27133c42c244c81d150008ababc19399c7ed428638b57ea
1080,2019-02-13,23.9,24.2,23.9,23.93,1571016,,,,,historical_baseline,,fe33df9ae5456d8ee27133c42c244c81d150008ababc19399c7ed428638b57ea
1080,2019-02-14,24.0,24.0,23.73,23.77,492202,,,,,historical_baseline,,fe33df9ae5456d8ee27133c42c244c81d150008ababc19399c7ed428638b57ea
1080,2019-02-17,23.77,23.87,23.67,23.77,855673,,,,,historical_baseline,,fe33df9ae5456d8ee27133c42c244c81d150008ababc19399c7ed428638b57ea
1080,2019-02-18,23.77,24.07,23.67,23.77,908196,,,,,historical_baseline,,fe33df9ae5456d8ee27133c42c244c81d150008ababc19399c7ed428638b57ea
1080,2019-02-19,23.83,23.87,23.37,23.37,927543,,,,,historical_baseline,,fe33df9ae5456d8ee27133c42c244c81d150008ababc19399c7ed428638b57ea
1080,2019-02-20,23.5,23.6,23.37,23.57,197532,,,,,historical_baseline,,fe33df9ae5456d8ee27133c42c244c81d150008ababc19399c7ed428638b57ea
1080,2019-02-21,23.57,23.67,23.5,23.5,306129,,,,,historical_baseline,,fe33df9ae5456d8ee27133c42c244c81d150008ababc19399c7ed428638b57ea
1080,2019-02-24,23.53,23.63,23.47,23.53,841087,,,,,historical_baseline,,fe33df9ae5456d8ee27133c42c244c81d150008ababc19399c7ed428638b57ea
1080,2019-02-25,23.5,23.5,22.97,23.13,552673,,,,,historical_baseline,,fe33df9ae5456d8ee27133c42c244c81d150008ababc19399c7ed428638b57ea
1080,2019-02-26,23.07,23.2,23.0,23.13,585834,,,,,historical_baseline,,fe33df9ae5456d8ee27133c42c244c81d150008ababc19399c7ed428638b57ea
1080,2019-02-27,23.13,23.13,22.97,23.13,388692,,,,,historical_baseline,,fe33df9ae5456d8ee27133c42c244c81d150008ababc19399c7ed428638b57ea
1080,2019-02-28,23.13,23.27,23.1,23.23,169848,,,,,historical_baseline,,fe33df9ae5456d8ee27133c42c244c81d150008ababc19399c7ed428638b57ea
1120,2019-02-03,41.44,41.68,40.79,41.11,4438009,,,,,historical_baseline,,fe33df9ae5456d8ee27133c42c244c81d150008ababc19399c7ed428638b57ea
1120,2019-02-04,41.68,41.76,40.95,41.19,6720656,,,,,historical_baseline,,fe33df9ae5456d8ee27133c42c244c81d150008ababc19399c7ed428638b57ea
1120,2019-02-05,41.27,41.92,41.19,41.76,8788448,,,,,historical_baseline,,fe33df9ae5456d8ee27133c42c244c81d150008ababc19399c7ed428638b57ea
1120,2019-02-06,41.84,42.17,41.44,41.6,7413513,,,,,historical_baseline,,fe33df9ae5456d8ee27133c42c244c81d150008ababc19399c7ed428638b57ea
1120,2019-02-07,41.6,41.68,41.27,41.44,12320220,,,,,historical_baseline,,fe33df9ae5456d8ee27133c42c244c81d150008ababc19399c7ed428638b57ea
1120,2019-02-10,41.44,41.44,40.87,41.03,4322758,,,,,historical_baseline,,fe33df9ae5456d8ee27133c42c244c81d150008ababc19399c7ed428638b57ea
1120,2019-02-11,41.03,41.11,40.62,40.71,5995142,,,,,historical_baseline,,fe33df9ae5456d8ee27133c42c244c81d150008ababc19399c7ed428638b57ea
1120,2019-02-12,40.71,41.44,40.71,41.44,5820996,,,,,historical_baseline,,fe33df9ae5456d8ee27133c42c244c81d150008ababc19399c7ed428638b57ea
1120,2019-02-13,41.44,41.84,41.27,41.27,6354913,,,,,historical_baseline,,fe33df9ae5456d8ee27133c42c244c81d150008ababc19399c7ed428638b57ea
1120,2019-02-14,41.27,41.44,40.87,41.19,6231253,,,,,historical_baseline,,fe33df9ae5456d8ee27133c42c244c81d150008ababc19399c7ed428638b57ea
1120,2019-02-17,41.19,41.36,40.95,40.95,3995319,,,,,historical_baseline,,fe33df9ae5456d8ee27133c42c244c81d150008ababc19399c7ed428638b57ea
1120,2019-02-18,41.03,41.36,40.87,41.03,5672329,,,,,historical_baseline,,fe33df9ae5456d8ee27133c42c244c81d150008ababc19399c7ed428638b57ea
1120,2019-02-19,41.03,41.19,40.71,41.03,6654832,,,,,historical_baseline,,fe33df9ae5456d8ee27133c42c244c81d150008ababc19399c7ed428638b57ea
1120,2019-02-20,41.03,41.27,40.87,41.03,3236508,,,,,historical_baseline,,fe33df9ae5456d8ee27133c42c244c81d150008ababc19399c7ed428638b57ea
1120,2019-02-21,41.03,41.19,40.79,40.95,4787718,,,,,historical_baseline,,fe33df9ae5456d8ee27133c42c244c81d150008ababc19399c7ed428638b57ea
1120,2019-02-24,40.95,41.03,40.54,40.54,7104250,,,,,historical_baseline,,fe33df9ae5456d8ee27133c42c244c81d150008ababc19399c7ed428638b57ea
1120,2019-02-25,40.62,40.62,39.97,40.3,5246017,,,,,historical_baseline,,fe33df9ae5456d8ee27133c42c244c81d150008ababc19399c7ed428638b57ea
1120,2019-02-26,40.18,40.62,40.02,40.58,4645219,,,,,historical_baseline,,fe33df9ae5456d8ee27133c42c244c81d150008ababc19399c7ed428638b57ea
1120,2019-02-27,40.58,40.71,40.18,40.71,3869618,,,,,historical_baseline,,fe33df9ae5456d8ee27133c42c244c81d150008ababc19399c7ed428638b57ea
1120,2019-02-28,40.71,40.87,40.46,40.79,11035360,,,,,historical_baseline,,fe33df9ae5456d8ee27133c42c244c81d150008ababc19399c7ed428638b57ea
1140,2019-02-03,17.58,17.64,17.52,17.55,843539,,,,,historical_baseline,,fe33df9ae5456d8ee27133c42c244c81d150008ababc19399c7ed428638b57ea
1140,2019-02-04,17.58,17.67,17.52,17.55,836394,,,,,historical_baseline,,fe33df9ae5456d8ee27133c42c244c81d150008ababc19399c7ed428638b57ea
1140,2019-02-05,17.55,17.79,17.55,17.7,882556,,,,,historical_baseline,,fe33df9ae5456d8ee27133c42c244c81d150008ababc19399c7ed428638b57ea
1140,2019-02-06,17.7,17.85,17.55,17.64,792834,,,,,historical_baseline,,fe33df9ae5456d8ee27133c42c244c81d150008ababc19399c7ed428638b57ea
1140,2019-02-07,17.64,17.67,17.55,17.58,682021,,,,,historical_baseline,,fe33df9ae5456d8ee27133c42c244c81d150008ababc19399c7ed428638b57ea
1140,2019-02-10,17.67,17.67,17.49,17.49,570969,,,,,historical_baseline,,fe33df9ae5456d8ee27133c42c244c81d150008ababc19399c7ed428638b57ea
1140,2019-02-11,17.49,17.52,17.37,17.4,457471,,,,,historical_baseline,,fe33df9ae5456d8ee27133c42c244c81d150008ababc19399c7ed428638b57ea
1140,2019-02-12,17.4,17.52,17.34,17.46,493229,,,,,historical_baseline,,fe33df9ae5456d8ee27133c42c244c81d150008ababc19399c7ed428638b57ea
1140,2019-02-13,17.49,17.7,17.49,17.64,962731,,,,,historical_baseline,,fe33df9ae5456d8ee27133c42c244c81d150008ababc19399c7ed428638b57ea
1140,2019-02-14,17.94,18.0,17.73,17.82,1369901,,,,,historical_baseline,,fe33df9ae5456d8ee27133c42c244c81d150008ababc19399c7ed428638b57ea
1140,2019-02-17,17.82,17.82,17.73,17.79,232503,,,,,historical_baseline,,fe33df9ae5456d8ee27133c42c244c81d150008ababc19399c7ed428638b57ea
1140,2019-02-18,17.79,17.82,17.67,17.76,291429,,,,,historical_baseline,,fe33df9ae5456d8ee27133c42c244c81d150008ababc19399c7ed428638b57ea
1140,2019-02-19,17.58,17.7,17.37,17.46,883346,,,,,historical_baseline,,fe33df9ae5456d8ee27133c42c244c81d150008ababc19399c7ed428638b57ea
1140,2019-02-20,17.46,17.61,17.43,17.58,507064,,,,,historical_baseline,,fe33df9ae5456d8ee27133c42c244c81d150008ababc19399c7ed428638b57ea
1140,2019-02-21,17.52,17.58,17.4,17.58,554069,,,,,historical_baseline,,fe33df9ae5456d8ee27133c42c244c81d150008ababc19399c7ed428638b57ea
1140,2019-02-24,17.49,17.52,17.4,17.43,544594,,,,,historical_baseline,,fe33df9ae5456d8ee27133c42c244c81d150008ababc19399c7ed428638b57ea
1140,2019-02-25,17.4,17.43,17.34,17.4,678268,,,,,historical_baseline,,fe33df9ae5456d8ee27133c42c244c81d150008ababc19399c7ed428638b57ea
1140,2019-02-26,17.43,17.43,17.13,17.28,437456,,,,,historical_baseline,,fe33df9ae5456d8ee27133c42c244c81d150008ababc19399c7ed428638b57ea
1140,2019-02-27,17.28,17.28,16.98,17.1,444034,,,,,historical_baseline,,fe33df9ae5456d8ee27133c42c244c81d150008ababc19399c7ed428638b57ea
1140,2019-02-28,17.1,17.46,17.1,17.43,689548,,,,,historical_baseline,,fe33df9ae5456d8ee27133c42c244c81d150008ababc19399c7ed428638b57ea
1150,2019-02-03,18.14,18.23,18.09,18.15,6047561,,,,,historical_baseline,,fe33df9ae5456d8ee27133c42c244c81d150008ababc19399c7ed428638b57ea
1150,2019-02-04,18.17,18.29,18.12,18.15,7435771,,,,,historical_baseline,,fe33df9ae5456d8ee27133c42c244c81d150008ababc19399c7ed428638b57ea
1150,2019-02-05,18.12,18.27,18.11,18.21,10601196,,,,,historical_baseline,,fe33df9ae5456d8ee27133c42c244c81d150008ababc19399c7ed428638b57ea
1150,2019-02-06,18.21,18.29,18.14,18.17,10595278,,,,,historical_baseline,,fe33df9ae5456d8ee27133c42c244c81d150008ababc19399c7ed428638b57ea
1150,2019-02-07,18.2,18.2,18.03,18.11,9795761,,,,,historical_baseline,,fe33df9ae5456d8ee27133c42c244c81d150008ababc19399c7ed428638b57ea
1150,2019-02-10,18.11,18.17,17.94,18.05,7257502,,,,,historical_baseline,,fe33df9ae5456d8ee27133c42c244c81d150008ababc19399c7ed428638b57ea
1150,2019-02-11,18.06,18.08,17.97,18.02,5126520,,,,,historical_baseline,,fe33df9ae5456d8ee27133c42c244c81d150008ababc19399c7ed428638b57ea
1150,2019-02-12,18.0,18.06,17.99,18.05,6163965,,,,,historical_baseline,,fe33df9ae5456d8ee27133c42c244c81d150008ababc19399c7ed428638b57ea
1150,2019-02-13,18.02,18.14,17.97,18.0,8712201,,,,,historical_baseline,,fe33df9ae5456d8ee27133c42c244c81d150008ababc19399c7ed428638b57ea
1150,2019-02-14,18.0,18.06,17.99,18.06,7026570,,,,,historical_baseline,,fe33df9ae5456d8ee27133c42c244c81d150008ababc19399c7ed428638b57ea
1150,2019-02-17,18.08,18.12,17.99,18.02,5872883,,,,,historical_baseline,,fe33df9ae5456d8ee27133c42c244c81d150008ababc19399c7ed428638b57ea
1150,2019-02-18,18.0,18.06,17.91,18.0,9835496,,,,,historical_baseline,,fe33df9ae5456d8ee27133c42c244c81d150008ababc19399c7ed428638b57ea
1150,2019-02-19,18.0,18.06,17.91,18.02,7330779,,,,,historical_baseline,,fe33df9ae5456d8ee27133c42c244c81d150008ababc19399c7ed428638b57ea
1150,2019-02-20,18.0,18.06,17.97,18.03,5694245,,,,,historical_baseline,,fe33df9ae5456d8ee27133c42c244c81d150008ababc19399c7ed428638b57ea
1150,2019-02-21,18.02,18.06,18.0,18.06,5050228,,,,,historical_baseline,,fe33df9ae5456d8ee27133c42c244c81d150008ababc19399c7ed428638b57ea
1150,2019-02-24,18.03,18.08,18.02,18.02,3788933,,,,,historical_baseline,,fe33df9ae5456d8ee27133c42c244c81d150008ababc19399c7ed428638b57ea
1150,2019-02-25,17.97,18.0,17.93,17.94,5643747,,,,,historical_baseline,,fe33df9ae5456d8ee27133c42c244c81d150008ababc19399c7ed428638b57ea
1150,2019-02-26,17.94,18.05,17.91,18.02,5215386,,,,,historical_baseline,,fe33df9ae5456d8ee27133c42c244c81d150008ababc19399c7ed428638b57ea
1150,2019-02-27,18.03,18.05,17.96,18.0,6746471,,,,,historical_baseline,,fe33df9ae5456d8ee27133c42c244c81d150008ababc19399c7ed428638b57ea
1150,2019-02-28,17.97,18.11,17.97,18.11,7449532,,,,,historical_baseline,,fe33df9ae5456d8ee27133c42c244c81d150008ababc19399c7ed428638b57ea
1180,2019-02-03,38.7,38.78,38.62,38.62,571489,,,,,historical_baseline,,fe33df9ae5456d8ee27133c42c244c81d150008ababc19399c7ed428638b57ea
1180,2019-02-04,38.62,38.85,38.47,38.62,684246,,,,,historical_baseline,,fe33df9ae5456d8ee27133c42c244c81d150008ababc19399c7ed428638b57ea
1180,2019-02-05,38.78,40.72,38.55,40.12,2520449,,,,,historical_baseline,,fe33df9ae5456d8ee27133c42c244c81d150008ababc19399c7ed428638b57ea
1180,2019-02-06,39.9,40.88,39.9,40.5,1427343,,,,,historical_baseline,,fe33df9ae5456d8ee27133c42c244c81d150008ababc19399c7ed428638b57ea
1180,2019-02-07,40.2,40.95,40.2,40.42,1461406,,,,,historical_baseline,,fe33df9ae5456d8ee27133c42c244c81d150008ababc19399c7ed428638b57ea
1180,2019-02-10,40.65,40.65,40.42,40.42,816579,,,,,historical_baseline,,fe33df9ae5456d8ee27133c42c244c81d150008ababc19399c7ed428638b57ea
1180,2019-02-11,40.42,40.5,40.05,40.42,1349613,,,,,historical_baseline,,fe33df9ae5456d8ee27133c42c244c81d150008ababc19399c7ed428638b57ea
1180,2019-02-12,40.5,40.88,40.35,40.88,786138,,,,,historical_baseline,,fe33df9ae5456d8ee27133c42c244c81d150008ababc19399c7ed428638b57ea
1180,2019-02-13,40.88,41.1,40.5,40.65,710191,,,,,historical_baseline,,fe33df9ae5456d8ee27133c42c244c81d150008ababc19399c7ed428638b57ea
1180,2019-02-14,40.58,40.95,40.12,40.95,1635909,,,,,historical_baseline,,fe33df9ae5456d8ee27133c42c244c81d150008ababc19399c7ed428638b57ea
1180,2019-02-17,40.95,40.95,40.58,40.65,500629,,,,,historical_baseline,,fe33df9ae5456d8ee27133c42c244c81d150008ababc19399c7ed428638b57ea
1180,2019-02-18,40.65,40.65,40.12,40.12,643470,,,,,historical_baseline,,fe33df9ae5456d8ee27133c42c244c81d150008ababc19399c7ed428638b57ea
1180,2019-02-19,40.12,40.28,39.38,39.75,1466463,,,,,historical_baseline,,fe33df9ae5456d8ee27133c42c244c81d150008ababc19399c7ed428638b57ea
1180,2019-02-20,39.6,40.05,39.6,39.9,922499,,,,,historical_baseline,,fe33df9ae5456d8ee27133c42c244c81d150008ababc19399c7ed428638b57ea
1180,2019-02-21,39.9,40.12,39.45,39.45,979250,,,,,historical_baseline,,fe33df9ae5456d8ee27133c42c244c81d150008ababc19399c7ed428638b57ea
1180,2019-02-24,39.6,39.67,39.3,39.3,1313414,,,,,historical_baseline,,fe33df9ae5456d8ee27133c42c244c81d150008ababc19399c7ed428638b57ea
1180,2019-02-25,39.3,39.38,38.78,39.0,746918,,,,,historical_baseline,,fe33df9ae5456d8ee27133c42c244c81d150008ababc19399c7ed428638b57ea
1180,2019-02-26,38.78,39.22,38.78,39.0,1066231,,,,,historical_baseline,,fe33df9ae5456d8ee27133c42c244c81d150008ababc19399c7ed428638b57ea
1180,2019-02-27,39.0,39.15,38.85,38.92,1066271,,,,,historical_baseline,,fe33df9ae5456d8ee27133c42c244c81d150008ababc19399c7ed428638b57ea
1180,2019-02-28,38.85,39.08,38.4,39.08,2258533,,,,,historical_baseline,,fe33df9ae5456d8ee27133c42c244c81d150008ababc19399c7ed428638b57ea
1201,2019-02-03,20.27,20.31,20.18,20.22,160205,,,,,historical_baseline,,fe33df9ae5456d8ee27133c42c244c81d150008ababc19399c7ed428638b57ea
1201,2019-02-04,20.22,20.22,20.1,20.14,50510,,,,,historical_baseline,,fe33df9ae5456d8ee27133c42c244c81d150008ababc19399c7ed428638b57ea
1201,2019-02-05,20.16,20.18,20.1,20.18,76903,,,,,historical_baseline,,fe33df9ae5456d8ee27133c42c244c81d150008ababc19399c7ed428638b57ea
1201,2019-02-06,20.2,20.2,19.94,19.94,168983,,,,,historical_baseline,,fe33df9ae5456d8ee27133c42c244c81d150008ababc19399c7ed428638b57ea
1201,2019-02-07,19.88,19.94,19.77,19.77,145886,,,,,historical_baseline,,fe33df9ae5456d8ee27133c42c244c81d150008ababc19399c7ed428638b57ea
1201,2019-02-10,19.77,20.08,19.77,19.92,186169,,,,,historical_baseline,,fe33df9ae5456d8ee27133c42c244c81d150008ababc19399c7ed428638b57ea
1201,2019-02-11,20.04,20.04,19.86,19.86,57281,,,,,historical_baseline,,fe33df9ae5456d8ee27133c42c244c81d150008ababc19399c7ed428638b57ea
1201,2019-02-12,19.92,20.02,19.86,19.94,109091,,,,,historical_baseline,,fe33df9ae5456d8ee27133c42c244c81d150008ababc19399c7ed428638b57ea
1201,2019-02-13,20.02,20.04,19.92,19.98,72322,,,,,historical_baseline,,fe33df9ae5456d8ee27133c42c244c81d150008ababc19399c7ed428638b57ea
1201,2019-02-14,19.92,20.02,19.84,19.86,73938,,,,,historical_baseline,,fe33df9ae5456d8ee27133c42c244c81d150008ababc19399c7ed428638b57ea
1201,2019-02-17,19.84,19.98,19.84,19.84,32040,,,,,historical_baseline,,fe33df9ae5456d8ee27133c42c244c81d150008ababc19399c7ed428638b57ea
1201,2019-02-18,19.96,19.96,19.79,19.82,50473,,,,,historical_baseline,,fe33df9ae5456d8ee27133c42c244c81d150008ababc19399c7ed428638b57ea
1201,2019-02-19,19.77,19.79,19.75,19.75,29145,,,,,historical_baseline,,fe33df9ae5456d8ee27133c42c244c81d150008ababc19399c7ed428638b57ea
1201,2019-02-20,19.75,19.92,19.75,19.79,55466,,,,,historical_baseline,,fe33df9ae5456d8ee27133c42c244c81d150008ababc19399c7ed428638b57ea
1201,2019-02-21,19.75,19.75,19.69,19.69,19870,,,,,historical_baseline,,fe33df9ae5456d8ee27133c42c244c81d150008ababc19399c7ed428638b57ea
1201,2019-02-24,19.71,19.79,19.63,19.63,39266,,,,,historical_baseline,,fe33df9ae5456d8ee27133c42c244c81d150008ababc19399c7ed428638b57ea
1201,2019-02-25,19.59,19.59,19.43,19.47,78857,,,,,historical_baseline,,fe33df9ae5456d8ee27133c42c244c81d150008ababc19399c7ed428638b57ea
1201,2019-02-26,19.47,19.59,19.47,19.55,34834,,,,,historical_baseline,,fe33df9ae5456d8ee27133c42c244c81d150008ababc19399c7ed428638b57ea
1201,2019-02-27,19.61,19.73,19.57,19.57,85143,,,,,historical_baseline,,fe33df9ae5456d8ee27133c42c244c81d150008ababc19399c7ed428638b57ea
1201,2019-02-28,19.67,19.67,19.57,19.57,23928,,,,,historical_baseline,,fe33df9ae5456d8ee27133c42c244c81d150008ababc19399c7ed428638b57ea
1202,2019-02-03,16.2,16.2,15.98,16.08,437885,,,,,historical_baseline,,fe33df9ae5456d8ee27133c42c244c81d150008ababc19399c7ed428638b57ea
1202,2019-02-04,16.05,16.16,15.94,16.02,314183,,,,,historical_baseline,,fe33df9ae5456d8ee27133c42c244c81d150008ababc19399c7ed428638b57ea
1202,2019-02-05,16.09,16.09,15.9,16.0,346319,,,,,historical_baseline,,fe33df9ae5456d8ee27133c42c244c81d150008ababc19399c7ed428638b57ea
1202,2019-02-06,16.02,16.02,15.9,15.93,406378,,,,,historical_baseline,,fe33df9ae5456d8ee27133c42c244c81d150008ababc19399c7ed428638b57ea
1202,2019-02-07,15.93,15.94,15.66,15.72,285749,,,,,historical_baseline,,fe33df9ae5456d8ee27133c42c244c81d150008ababc19399c7ed428638b57ea
1202,2019-02-10,15.75,15.75,15.54,15.57,193623,,,,,historical_baseline,,fe33df9ae5456d8ee27133c42c244c81d150008ababc19399c7ed428638b57ea
1202,2019-02-11,15.54,15.98,15.45,15.61,320595,,,,,historical_baseline,,fe33df9ae5456d8ee27133c42c244c81d150008ababc19399c7ed428638b57ea
1202,2019-02-12,15.61,15.63,15.54,15.63,128494,,,,,historical_baseline,,fe33df9ae5456d8ee27133c42c244c81d150008ababc19399c7ed428638b57ea
1202,2019-02-13,15.54,15.66,15.52,15.63,159713,,,,,historical_baseline,,fe33df9ae5456d8ee27133c42c244c81d150008ababc19399c7ed428638b57ea
1202,2019-02-14,15.63,15.63,15.54,15.56,180535,,,,,historical_baseline,,fe33df9ae5456d8ee27133c42c244c81d150008ababc19399c7ed428638b57ea
1202,2019-02-17,15.69,15.69,15.48,15.6,103011,,,,,historical_baseline,,fe33df9ae5456d8ee27133c42c244c81d150008ababc19399c7ed428638b57ea
1202,2019-02-18,15.6,15.66,15.54,15.59,102053,,,,,historical_baseline,,fe33df9ae5456d8ee27133c42c244c81d150008ababc19399c7ed428638b57ea
1202,2019-02-19,15.6,15.63,15.48,15.6,161023,,,,,historical_baseline,,fe33df9ae5456d8ee27133c42c244c81d150008ababc19399c7ed428638b57ea
1202,2019-02-20,15.56,15.6,15.51,15.6,98914,,,,,historical_baseline,,fe33df9ae5456d8ee27133c42c244c81d150008ababc19399c7ed428638b57ea
1202,2019-02-21,15.63,15.63,15.45,15.47,194349,,,,,historical_baseline,,fe33df9ae5456d8ee27133c42c244c81d150008ababc19399c7ed428638b57ea
1202,2019-02-24,15.57,15.57,15.35,15.42,400850,,,,,historical_baseline,,fe33df9ae5456d8ee27133c42c244c81d150008ababc19399c7ed428638b57ea
1202,2019-02-25,15.38,15.44,15.23,15.44,292298,,,,,historical_baseline,,fe33df9ae5456d8ee27133c42c244c81d150008ababc19399c7ed428638b57ea
1202,2019-02-26,15.42,15.49,15.3,15.49,146795,,,,,historical_baseline,,fe33df9ae5456d8ee27133c42c244c81d150008ababc19399c7ed428638b57ea
1202,2019-02-27,15.57,15.73,15.51,15.69,297367,,,,,historical_baseline,,fe33df9ae5456d8ee27133c42c244c81d150008ababc19399c7ed428638b57ea
1202,2019-02-28,15.66,15.81,15.54,15.68,283862,,,,,historical_baseline,,fe33df9ae5456d8ee27133c42c244c81d150008ababc19399c7ed428638b57ea
1210,2019-02-03,23.2,23.48,23.1,23.1,98070,,,,,historical_baseline,,fe33df9ae5456d8ee27133c42c244c81d150008ababc19399c7ed428638b57ea
1210,2019-02-04,23.3,23.3,22.96,22.96,99019,,,,,historical_baseline,,fe33df9ae5456d8ee27133c42c244c81d150008ababc19399c7ed428638b57ea
1210,2019-02-05,22.96,23.2,22.94,23.2,59798,,,,,historical_baseline,,fe33df9ae5456d8ee27133c42c244c81d150008ababc19399c7ed428638b57ea
1210,2019-02-06,23.18,23.18,22.84,22.9,39327,,,,,historical_baseline,,fe33df9ae5456d8ee27133c42c244c81d150008ababc19399c7ed428638b57ea
1210,2019-02-07,22.8,23.0,22.74,22.78,38998,,,,,historical_baseline,,fe33df9ae5456d8ee27133c42c244c81d150008ababc19399c7ed428638b57ea
1210,2019-02-10,22.76,22.9,22.76,22.9,24327,,,,,historical_baseline,,fe33df9ae5456d8ee27133c42c244c81d150008ababc19399c7ed428638b57ea
1210,2019-02-11,22.9,22.9,22.78,22.78,20525,,,,,historical_baseline,,fe33df9ae5456d8ee27133c42c244c81d150008ababc19399c7ed428638b57ea
1210,2019-02-12,22.9,22.9,22.76,22.78,22111,,,,,historical_baseline,,fe33df9ae5456d8ee27133c42c244c81d150008ababc19399c7ed428638b57ea
1210,2019-02-13,22.82,22.84,22.74,22.78,15602,,,,,historical_baseline,,fe33df9ae5456d8ee27133c42c244c81d150008ababc19399c7ed428638b57ea
1210,2019-02-14,22.78,22.94,22.74,22.74,27989,,,,,historical_baseline,,fe33df9ae5456d8ee27133c42c244c81d150008ababc19399c7ed428638b57ea
1210,2019-02-17,22.9,22.9,22.9,22.9,11195,,,,,historical_baseline,,fe33df9ae5456d8ee27133c42c244c81d150008ababc19399c7ed428638b57ea
1210,2019-02-18,23.0,23.0,22.8,22.8,38675,,,,,historical_baseline,,fe33df9ae5456d8ee27133c42c244c81d150008ababc19399c7ed428638b57ea
1210,2019-02-19,22.78,22.9,22.78,22.9,16361,,,,,historical_baseline,,fe33df9ae5456d8ee27133c42c244c81d150008ababc19399c7ed428638b57ea
1210,2019-02-20,23.06,23.06,22.88,22.88,17369,,,,,historical_baseline,,fe33df9ae5456d8ee27133c42c244c81d150008ababc19399c7ed428638b57ea
1210,2019-02-21,22.86,22.86,22.56,22.86,44407,,,,,historical_baseline,,fe33df9ae5456d8ee27133c42c244c81d150008ababc19399c7ed428638b57ea
1210,2019-02-24,22.68,22.96,22.68,22.96,12201,,,,,historical_baseline,,fe33df9ae5456d8ee27133c42c244c81d150008ababc19399c7ed428638b57ea
1210,2019-02-25,23.08,23.08,22.7,23.0,44429,,,,,historical_baseline,,fe33df9ae5456d8ee27133c42c244c81d150008ababc19399c7ed428638b57ea
1210,2019-02-26,22.8,23.08,22.74,23.02,25547,,,,,historical_baseline,,fe33df9ae5456d8ee27133c42c244c81d150008ababc19399c7ed428638b57ea
1210,2019-02-27,22.9,23.0,22.82,22.9,39362,,,,,historical_baseline,,fe33df9ae5456d8ee27133c42c244c81d150008ababc19399c7ed428638b57ea
1210,2019-02-28,22.98,22.98,22.8,22.98,29307,,,,,historical_baseline,,fe33df9ae5456d8ee27133c42c244c81d150008ababc19399c7ed428638b57ea
1211,2019-02-03,18.23,18.37,18.0,18.17,498126,,,,,historical_baseline,,fe33df9ae5456d8ee27133c42c244c81d150008ababc19399c7ed428638b57ea
1211,2019-02-04,18.23,18.37,18.1,18.3,557313,,,,,historical_baseline,,fe33df9ae5456d8ee27133c42c244c81d150008ababc19399c7ed428638b57ea
1211,2019-02-05,18.33,18.4,18.27,18.4,1985640,,,,,historical_baseline,,fe33df9ae5456d8ee27133c42c244c81d150008ababc19399c7ed428638b57ea
1211,2019-02-06,18.33,18.4,18.17,18.17,1549737,,,,,historical_baseline,,fe33df9ae5456d8ee27133c42c244c81d150008ababc19399c7ed428638b57ea
1211,2019-02-07,18.23,18.33,18.17,18.2,680124,,,,,historical_baseline,,fe33df9ae5456d8ee27133c42c244c81d150008ababc19399c7ed428638b57ea
1211,2019-02-10,18.3,18.3,18.17,18.2,328818,,,,,historical_baseline,,fe33df9ae5456d8ee27133c42c244c81d150008ababc19399c7ed428638b57ea
1211,2019-02-11,18.33,18.33,18.13,18.33,770628,,,,,historical_baseline,,fe33df9ae5456d8ee27133c42c244c81d150008ababc19399c7ed428638b57ea
1211,2019-02-12,18.23,18.33,18.13,18.33,952992,,,,,historical_baseline,,fe33df9ae5456d8ee27133c42c244c81d150008ababc19399c7ed428638b57ea
1211,2019-02-13,18.3,18.5,18.27,18.5,2749647,,,,,historical_baseline,,fe33df9ae5456d8ee27133c42c244c81d150008ababc19399c7ed428638b57ea
1211,2019-02-14,18.5,18.53,18.3,18.53,2445681,,,,,historical_baseline,,fe33df9ae5456d8ee27133c42c244c81d150008ababc19399c7ed428638b57ea
1211,2019-02-17,18.4,18.5,18.33,18.47,876756,,,,,historical_baseline,,fe33df9ae5456d8ee27133c42c244c81d150008ababc19399c7ed428638b57ea
1211,2019-02-18,18.5,18.5,18.23,18.4,806187,,,,,historical_baseline,,fe33df9ae5456d8ee27133c42c244c81d150008ababc19399c7ed428638b57ea
1211,2019-02-19,18.27,18.33,18.0,18.3,794463,,,,,historical_baseline,,fe33df9ae5456d8ee27133c42c244c81d150008ababc19399c7ed428638b57ea
1211,2019-02-20,18.13,18.37,18.13,18.37,380622,,,,,historical_baseline,,fe33df9ae5456d8ee27133c42c244c81d150008ababc19399c7ed428638b57ea
1211,2019-02-21,18.33,18.33,18.17,18.33,336693,,,,,historical_baseline,,fe33df9ae5456d8ee27133c42c244c81d150008ababc19399c7ed428638b57ea
1211,2019-02-24,18.33,18.33,18.27,18.3,162801,,,,,historical_baseline,,fe33df9ae5456d8ee27133c42c244c81d150008ababc19399c7ed428638b57ea
1211,2019-02-25,18.23,18.23,17.97,18.17,704604,,,,,historical_baseline,,fe33df9ae5456d8ee27133c42c244c81d150008ababc19399c7ed428638b57ea
1211,2019-02-26,18.03,18.23,17.93,18.23,632046,,,,,historical_baseline,,fe33df9ae5456d8ee27133c42c244c81d150008ababc19399c7ed428638b57ea
1211,2019-02-27,18.23,18.33,18.0,18.2,459921,,,,,historical_baseline,,fe33df9ae5456d8ee27133c42c244c81d150008ababc19399c7ed428638b57ea
1211,2019-02-28,18.23,18.33,18.17,18.23,786930,,,,,historical_baseline,,fe33df9ae5456d8ee27133c42c244c81d150008ababc19399c7ed428638b57ea
1212,2019-02-03,16.54,16.62,16.48,16.62,39854,,,,,historical_baseline,,fe33df9ae5456d8ee27133c42c244c81d150008ababc19399c7ed428638b57ea
1212,2019-02-04,16.6,16.6,16.38,16.46,63887,,,,,historical_baseline,,fe33df9ae5456d8ee27133c42c244c81d150008ababc19399c7ed428638b57ea
1212,2019-02-05,16.48,16.52,16.4,16.44,38959,,,,,historical_baseline,,fe33df9ae5456d8ee27133c42c244c81d150008ababc19399c7ed428638b57ea
1212,2019-02-06,16.5,16.52,16.4,16.4,24838,,,,,historical_baseline,,fe33df9ae5456d8ee27133c42c244c81d150008ababc19399c7ed428638b57ea
1212,2019-02-07,16.4,16.4,16.32,16.32,21691,,,,,historical_baseline,,fe33df9ae5456d8ee27133c42c244c81d150008ababc19399c7ed428638b57ea
1212,2019-02-10,16.32,16.32,16.32,16.32,6493,,,,,historical_baseline,,fe33df9ae5456d8ee27133c42c244c81d150008ababc19399c7ed428638b57ea
1212,2019-02-11,16.3,16.3,16.24,16.24,16055,,,,,historical_baseline,,fe33df9ae5456d8ee27133c42c244c81d150008ababc19399c7ed428638b57ea
1212,2019-02-12,16.24,16.28,16.22,16.22,20166,,,,,historical_baseline,,fe33df9ae5456d8ee27133c42c244c81d150008ababc19399c7ed428638b57ea
1212,2019-02-13,16.2,16.32,16.06,16.26,74825,,,,,historical_baseline,,fe33df9ae5456d8ee27133c42c244c81d150008ababc19399c7ed428638b57ea
1212,2019-02-14,16.16,16.3,16.1,16.16,25906,,,,,historical_baseline,,fe33df9ae5456d8ee27133c42c244c81d150008ababc19399c7ed428638b57ea
1212,2019-02-17,16.2,16.28,16.16,16.28,16237,,,,,historical_baseline,,fe33df9ae5456d8ee27133c42c244c81d150008ababc19399c7ed428638b57ea
1212,2019-02-18,16.38,16.38,16.02,16.18,184854,,,,,historical_baseline,,fe33df9ae5456d8ee27133c42c244c81d150008ababc19399c7ed428638b57ea
1212,2019-02-19,16.04,16.04,16.0,16.02,72191,,,,,historical_baseline,,fe33df9ae5456d8ee27133c42c244c81d150008ababc19399c7ed428638b57ea
1212,2019-02-20,16.0,16.02,15.9,15.9,94012,,,,,historical_baseline,,fe33df9ae5456d8ee27133c42c244c81d150008ababc19399c7ed428638b57ea
1212,2019-02-21,15.9,15.96,15.86,15.96,37745,,,,,historical_baseline,,fe33df9ae5456d8ee27133c42c244c81d150008ababc19399c7ed428638b57ea
1212,2019-02-24,15.96,15.96,15.7,15.72,86487,,,,,historical_baseline,,fe33df9ae5456d8ee27133c42c244c81d150008ababc19399c7ed428638b57ea
1212,2019-02-25,15.66,15.86,15.56,15.56,110908,,,,,historical_baseline,,fe33df9ae5456d8ee27133c42c244c81d150008ababc19399c7ed428638b57ea
1212,2019-02-26,15.62,15.7,15.6,15.7,27222,,,,,historical_baseline,,fe33df9ae5456d8ee27133c42c244c81d150008ababc19399c7ed428638b57ea
1212,2019-02-27,15.68,15.7,15.66,15.68,14624,,,,,historical_baseline,,fe33df9ae5456d8ee27133c42c244c81d150008ababc19399c7ed428638b57ea
1212,2019-02-28,15.78,15.8,15.74,15.78,21109,,,,,historical_baseline,,fe33df9ae5456d8ee27133c42c244c81d150008ababc19399c7ed428638b57ea
1213,2019-02-03,76.69,77.34,76.47,76.58,80813,,,,,historical_baseline,,fe33df9ae5456d8ee27133c42c244c81d150008ababc19399c7ed428638b57ea
1213,2019-02-04,76.69,78.1,76.36,76.79,206413,,,,,historical_baseline,,fe33df9ae5456d8ee27133c42c244c81d150008ababc19399c7ed428638b57ea
1213,2019-02-05,77.45,78.76,77.01,77.23,200778,,,,,historical_baseline,,fe33df9ae5456d8ee27133c42c244c81d150008ababc19399c7ed428638b57ea
1213,2019-02-06,77.45,77.78,76.58,76.58,95014,,,,,historical_baseline,,fe33df9ae5456d8ee27133c42c244c81d150008ababc19399c7ed428638b57ea
1213,2019-02-07,76.58,77.45,76.47,76.47,89654,,,,,historical_baseline,,fe33df9ae5456d8ee27133c42c244c81d150008ababc19399c7ed428638b57ea
1213,2019-02-10,76.9,77.56,76.69,76.9,104474,,,,,historical_baseline,,fe33df9ae5456d8ee27133c42c244c81d150008ababc19399c7ed428638b57ea
1213,2019-02-11,77.01,77.01,76.69,76.9,60088,,,,,historical_baseline,,fe33df9ae5456d8ee27133c42c244c81d150008ababc19399c7ed428638b57ea
1213,2019-02-12,76.69,77.12,76.47,76.58,73420,,,,,historical_baseline,,fe33df9ae5456d8ee27133c42c244c81d150008ababc19399c7ed428638b57ea
1213,2019-02-13,76.58,77.01,76.47,76.58,52821,,,,,historical_baseline,,fe33df9ae5456d8ee27133c42c244c81d150008ababc19399c7ed428638b57ea
1213,2019-02-14,76.36,76.47,75.27,76.25,108465,,,,,historical_baseline,,fe33df9ae5456d8ee27133c42c244c81d150008ababc19399c7ed428638b57ea
1213,2019-02-17,76.36,76.36,75.27,75.38,41524,,,,,historical_baseline,,fe33df9ae5456d8ee27133c42c244c81d150008ababc19399c7ed428638b57ea
1213,2019-02-18,75.27,76.25,74.5,74.5,128299,,,,,historical_baseline,,fe33df9ae5456d8ee27133c42c244c81d150008ababc19399c7ed428638b57ea
1213,2019-02-19,74.5,75.05,73.63,73.85,80668,,,,,historical_baseline,,fe33df9ae5456d8ee27133c42c244c81d150008ababc19399c7ed428638b57ea
1213,2019-02-20,73.96,74.72,73.09,73.41,100020,,,,,historical_baseline,,fe33df9ae5456d8ee27133c42c244c81d150008ababc19399c7ed428638b57ea
1213,2019-02-21,73.2,73.2,71.45,71.45,86379,,,,,historical_baseline,,fe33df9ae5456d8ee27133c42c244c81d150008ababc19399c7ed428638b57ea
1213,2019-02-24,71.56,72.54,71.34,71.34,99844,,,,,historical_baseline,,fe33df9ae5456d8ee27133c42c244c81d150008ababc19399c7ed428638b57ea
1213,2019-02-25,71.67,71.78,70.69,71.34,86054,,,,,historical_baseline,,fe33df9ae5456d8ee27133c42c244c81d150008ababc19399c7ed428638b57ea
1213,2019-02-26,71.23,72.32,71.01,71.45,80286,,,,,historical_baseline,,fe33df9ae5456d8ee27133c42c244c81d150008ababc19399c7ed428638b57ea
1213,2019-02-27,71.23,71.56,70.9,71.12,66695,,,,,historical_baseline,,fe33df9ae5456d8ee27133c42c244c81d150008ababc19399c7ed428638b57ea
1213,2019-02-28,71.12,71.23,70.69,70.9,49768,,,,,historical_baseline,,fe33df9ae5456d8ee27133c42c244c81d150008ababc19399c7ed428638b57ea
1214,2019-02-03,11.54,11.54,11.31,11.38,481719,,,,,historical_baseline,,fe33df9ae5456d8ee27133c42c244c81d150008ababc19399c7ed428638b57ea
1214,2019-02-04,11.44,11.46,11.23,11.29,591458,,,,,historical_baseline,,fe33df9ae5456d8ee27133c42c244c81d150008ababc19399c7ed428638b57ea
1214,2019-02-05,11.28,11.41,11.23,11.41,347305,,,,,historical_baseline,,fe33df9ae5456d8ee27133c42c244c81d150008ababc19399c7ed428638b57ea
1214,2019-02-06,11.38,11.38,11.25,11.34,229296,,,,,historical_baseline,,fe33df9ae5456d8ee27133c42c244c81d150008ababc19399c7ed428638b57ea
1214,2019-02-07,11.32,11.34,11.23,11.27,186576,,,,,historical_baseline,,fe33df9ae5456d8ee27133c42c244c81d150008ababc19399c7ed428638b57ea
1214,2019-02-10,11.29,11.29,11.25,11.27,73722,,,,,historical_baseline,,fe33df9ae5456d8ee27133c42c244c81d150008ababc19399c7ed428638b57ea
1214,2019-02-11,11.28,11.31,11.23,11.24,177989,,,,,historical_baseline,,fe33df9ae5456d8ee27133c42c244c81d150008ababc19399c7ed428638b57ea
1214,2019-02-12,11.24,11.29,11.24,11.28,190892,,,,,historical_baseline,,fe33df9ae5456d8ee27133c42c244c81d150008ababc19399c7ed428638b57ea
1214,2019-02-13,11.29,11.33,11.2,11.28,235462,,,,,historical_baseline,,fe33df9ae5456d8ee27133c42c244c81d150008ababc19399c7ed428638b57ea
1214,2019-02-14,11.2,11.21,11.1,11.11,253939,,,,,historical_baseline,,fe33df9ae5456d8ee27133c42c244c81d150008ababc19399c7ed428638b57ea
1214,2019-02-17,11.14,11.14,11.04,11.06,212368,,,,,historical_baseline,,fe33df9ae5456d8ee27133c42c244c81d150008ababc19399c7ed428638b57ea
1214,2019-02-18,11.04,11.08,10.9,10.94,284450,,,,,historical_baseline,,fe33df9ae5456d8ee27133c42c244c81d150008ababc19399c7ed428638b57ea
1214,2019-02-19,10.95,10.95,10.82,10.84,184215,,,,,historical_baseline,,fe33df9ae5456d8ee27133c42c244c81d150008ababc19399c7ed428638b57ea
1214,2019-02-20,10.84,10.93,10.82,10.9,96684,,,,,historical_baseline,,fe33df9ae5456d8ee27133c42c244c81d150008ababc19399c7ed428638b57ea
1214,2019-02-21,10.9,10.9,10.78,10.87,137224,,,,,historical_baseline,,fe33df9ae5456d8ee27133c42c244c81d150008ababc19399c7ed428638b57ea
1214,2019-02-24,10.81,10.89,10.8,10.85,151106,,,,,historical_baseline,,fe33df9ae5456d8ee27133c42c244c81d150008ababc19399c7ed428638b57ea
1214,2019-02-25,10.85,10.85,10.74,10.8,211121,,,,,historical_baseline,,fe33df9ae5456d8ee27133c42c244c81d150008ababc19399c7ed428638b57ea
1214,2019-02-26,10.74,10.8,10.74,10.76,104257,,,,,historical_baseline,,fe33df9ae5456d8ee27133c42c244c81d150008ababc19399c7ed428638b57ea
1214,2019-02-27,10.76,10.81,10.72,10.8,161872,,,,,historical_baseline,,fe33df9ae5456d8ee27133c42c244c81d150008ababc19399c7ed428638b57ea
1214,2019-02-28,10.76,10.84,10.74,10.77,80962,,,,,historical_baseline,,fe33df9ae5456d8ee27133c42c244c81d150008ababc19399c7ed428638b57ea
1301,2019-02-03,26.19,26.19,25.38,25.78,46959,,,,,historical_baseline,,fe33df9ae5456d8ee27133c42c244c81d150008ababc19399c7ed428638b57ea
1301,2019-02-04,25.59,25.59,25.16,25.16,55649,,,,,historical_baseline,,fe33df9ae5456d8ee27133c42c244c81d150008ababc19399c7ed428638b57ea
1301,2019-02-05,25.06,25.62,25.06,25.62,26289,,,,,historical_baseline,,fe33df9ae5456d8ee27133c42c244c81d150008ababc19399c7ed428638b57ea
1301,2019-02-06,25.25,25.44,25.16,25.44,11892,,,,,historical_baseline,,fe33df9ae5456d8ee27133c42c244c81d150008ababc19399c7ed428638b57ea
1301,2019-02-07,25.25,25.44,25.0,25.25,37488,,,,,historical_baseline,,fe33df9ae5456d8ee27133c42c244c81d150008ababc19399c7ed428638b57ea
1301,2019-02-10,25.25,25.25,24.84,24.84,20230,,,,,historical_baseline,,fe33df9ae5456d8ee27133c42c244c81d150008ababc19399c7ed428638b57ea
1301,2019-02-11,24.84,24.84,24.84,24.84,6797,,,,,historical_baseline,,fe33df9ae5456d8ee27133c42c244c81d150008ababc19399c7ed428638b57ea
1301,2019-02-12,24.78,25.0,24.78,25.0,21214,,,,,historical_baseline,,fe33df9ae5456d8ee27133c42c244c81d150008ababc19399c7ed428638b57ea
1301,2019-02-13,25.12,25.31,25.12,25.12,15746,,,,,historical_baseline,,fe33df9ae5456d8ee27133c42c244c81d150008ababc19399c7ed428638b57ea
1301,2019-02-14,25.22,26.59,25.22,25.78,188748,,,,,historical_baseline,,fe33df9ae5456d8ee27133c42c244c81d150008ababc19399c7ed428638b57ea
1301,2019-02-17,26.25,26.25,25.78,25.84,74109,,,,,historical_baseline,,fe33df9ae5456d8ee27133c42c244c81d150008ababc19399c7ed428638b57ea
1301,2019-02-18,25.78,26.06,25.72,25.72,42006,,,,,historical_baseline,,fe33df9ae5456d8ee27133c42c244c81d150008ababc19399c7ed428638b57ea
1301,2019-02-19,25.72,25.75,25.66,25.66,19646,,,,,historical_baseline,,fe33df9ae5456d8ee27133c42c244c81d150008ababc19399c7ed428638b57ea
1301,2019-02-20,25.72,25.72,25.47,25.53,7438,,,,,historical_baseline,,fe33df9ae5456d8ee27133c42c244c81d150008ababc19399c7ed428638b57ea
1301,2019-02-21,25.31,25.34,25.31,25.31,9924,,,,,historical_baseline,,fe33df9ae5456d8ee27133c42c244c81d150008ababc19399c7ed428638b57ea
1301,2019-02-24,25.31,25.34,25.0,25.03,97355,,,,,historical_baseline,,fe33df9ae5456d8ee27133c42c244c81d150008ababc19399c7ed428638b57ea
1301,2019-02-25,25.0,25.0,24.88,25.0,10917,,,,,historical_baseline,,fe33df9ae5456d8ee27133c42c244c81d150008ababc19399c7ed428638b57ea
1301,2019-02-26,24.81,24.84,24.5,24.72,42393,,,,,historical_baseline,,fe33df9ae5456d8ee27133c42c244c81d150008ababc19399c7ed428638b57ea
1301,2019-02-27,25.06,25.88,25.0,25.19,137372,,,,,historical_baseline,,fe33df9ae5456d8ee27133c42c244c81d150008ababc19399c7ed428638b57ea
1301,2019-02-28,25.22,25.34,25.0,25.16,21430,,,,,historical_baseline,,fe33df9ae5456d8ee27133c42c244c81d150008ababc19399c7ed428638b57ea
1302,2019-02-03,13.9,14.1,13.9,14.02,266915,,,,,historical_baseline,,fe33df9ae5456d8ee27133c42c244c81d150008ababc19399c7ed428638b57ea
1302,2019-02-04,14.0,14.06,14.0,14.04,223790,,,,,historical_baseline,,fe33df9ae5456d8ee27133c42c244c81d150008ababc19399c7ed428638b57ea
1302,2019-02-05,14.14,14.4,14.04,14.3,416777,,,,,historical_baseline,,fe33df9ae5456d8ee27133c42c244c81d150008ababc19399c7ed428638b57ea
1302,2019-02-06,14.24,14.4,14.08,14.08,253836,,,,,historical_baseline,,fe33df9ae5456d8ee27133c42c244c81d150008ababc19399c7ed428638b57ea
1302,2019-02-07,14.1,14.1,14.0,14.02,129671,,,,,historical_baseline,,fe33df9ae5456d8ee27133c42c244c81d150008ababc19399c7ed428638b57ea
1302,2019-02-10,14.04,14.06,13.88,13.9,225641,,,,,historical_baseline,,fe33df9ae5456d8ee27133c42c244c81d150008ababc19399c7ed428638b57ea
1302,2019-02-11,13.82,13.88,13.78,13.78,192595,,,,,historical_baseline,,fe33df9ae5456d8ee27133c42c244c81d150008ababc19399c7ed428638b57ea
1302,2019-02-12,13.7,13.8,13.64,13.78,190987,,,,,historical_baseline,,fe33df9ae5456d8ee27133c42c244c81d150008ababc19399c7ed428638b57ea
1302,2019-02-13,13.98,13.98,13.86,13.9,110577,,,,,historical_baseline,,fe33df9ae5456d8ee27133c42c244c81d150008ababc19399c7ed428638b57ea
1302,2019-02-14,13.86,13.86,13.78,13.84,73871,,,,,historical_baseline,,fe33df9ae5456d8ee27133c42c244c81d150008ababc19399c7ed428638b57ea
1302,2019-02-17,13.84,13.84,13.7,13.78,69438,,,,,historical_baseline,,fe33df9ae5456d8ee27133c42c244c81d150008ababc19399c7ed428638b57ea
1302,2019-02-18,13.78,13.9,13.78,13.78,92966,,,,,historical_baseline,,fe33df9ae5456d8ee27133c42c244c81d150008ababc19399c7ed428638b57ea
1302,2019-02-19,13.8,13.8,13.6,13.6,154321,,,,,historical_baseline,,fe33df9ae5456d8ee27133c42c244c81d150008ababc19399c7ed428638b57ea
1302,2019-02-20,13.6,13.6,13.4,13.42,153186,,,,,historical_baseline,,fe33df9ae5456d8ee27133c42c244c81d150008ababc19399c7ed428638b57ea
1302,2019-02-21,13.3,13.4,13.3,13.3,113613,,,,,historical_baseline,,fe33df9ae5456d8ee27133c42c244c81d150008ababc19399c7ed428638b57ea
1302,2019-02-24,13.32,13.4,13.32,13.34,93748,,,,,historical_baseline,,fe33df9ae5456d8ee27133c42c244c81d150008ababc19399c7ed428638b57ea
1302,2019-02-25,13.4,13.58,13.36,13.5,201755,,,,,historical_baseline,,fe33df9ae5456d8ee27133c42c244c81d150008ababc19399c7ed428638b57ea
1302,2019-02-26,13.5,13.5,13.4,13.5,57318,,,,,historical_baseline,,fe33df9ae5456d8ee27133c42c244c81d150008ababc19399c7ed428638b57ea
1302,2019-02-27,13.46,13.52,13.42,13.46,36339,,,,,historical_baseline,,fe33df9ae5456d8ee27133c42c244c81d150008ababc19399c7ed428638b57ea
1302,2019-02-28,13.5,13.52,13.46,13.5,79979,,,,,historical_baseline,,fe33df9ae5456d8ee27133c42c244c81d150008ababc19399c7ed428638b57ea
1303,2019-02-03,0.7,0.71,0.7,0.71,4450925,,,,,historical_baseline,,fe33df9ae5456d8ee27133c42c244c81d150008ababc19399c7ed428638b57ea
1303,2019-02-04,0.71,0.71,0.71,0.71,3109925,,,,,historical_baseline,,fe33df9ae5456d8ee27133c42c244c81d150008ababc19399c7ed428638b57ea
1303,2019-02-05,0.71,0.72,0.71,0.71,1675625,,,,,historical_baseline,,fe33df9ae5456d8ee27133c42c244c81d150008ababc19399c7ed428638b57ea
1303,2019-02-06,0.71,0.71,0.7,0.7,1642350,,,,,historical_baseline,,fe33df9ae5456d8ee27133c42c244c81d150008ababc19399c7ed428638b57ea
1303,2019-02-07,0.71,0.71,0.7,0.7,1421125,,,,,historical_baseline,,fe33df9ae5456d8ee27133c42c244c81d150008ababc19399c7ed428638b57ea
1303,2019-02-10,0.7,0.71,0.7,0.7,1823250,,,,,historical_baseline,,fe33df9ae5456d8ee27133c42c244c81d150008ababc19399c7ed428638b57ea
1303,2019-02-11,0.7,0.7,0.7,0.7,764875,,,,,historical_baseline,,fe33df9ae5456d8ee27133c42c244c81d150008ababc19399c7ed428638b57ea
1303,2019-02-12,0.7,0.7,0.7,0.7,794275,,,,,historical_baseline,,fe33df9ae5456d8ee27133c42c244c81d150008ababc19399c7ed428638b57ea
1303,2019-02-13,0.7,0.7,0.7,0.7,859900,,,,,historical_baseline,,fe33df9ae5456d8ee27133c42c244c81d150008ababc19399c7ed428638b57ea
1303,2019-02-14,0.7,0.7,0.7,0.7,776500,,,,,historical_baseline,,fe33df9ae5456d8ee27133c42c244c81d150008ababc19399c7ed428638b57ea
1303,2019-02-17,0.7,0.7,0.69,0.7,781225,,,,,historical_baseline,,fe33df9ae5456d8ee27133c42c244c81d150008ababc19399c7ed428638b57ea
1303,2019-02-18,0.69,0.69,0.69,0.69,899825,,,,,historical_baseline,,fe33df9ae5456d8ee27133c42c244c81d150008ababc19399c7ed428638b57ea
1303,2019-02-19,0.69,0.69,0.68,0.68,1853000,,,,,historical_baseline,,fe33df9ae5456d8ee27133c42c244c81d150008ababc19399c7ed428638b57ea
1303,2019-02-20,0.69,0.69,0.68,0.69,827125,,,,,historical_baseline,,fe33df9ae5456d8ee27133c42c244c81d150008ababc19399c7ed428638b57ea
1303,2019-02-21,0.68,0.69,0.68,0.68,1226050,,,,,historical_baseline,,fe33df9ae5456d8ee27133c42c244c81d150008ababc19399c7ed428638b57ea
1303,2019-02-24,0.68,0.68,0.68,0.68,685250,,,,,historical_baseline,,fe33df9ae5456d8ee27133c42c244c81d150008ababc19399c7ed428638b57ea
1303,2019-02-25,0.68,0.69,0.68,0.68,719600,,,,,historical_baseline,,fe33df9ae5456d8ee27133c42c244c81d150008ababc19399c7ed428638b57ea
1303,2019-02-26,0.68,0.68,0.68,0.68,415400,,,,,historical_baseline,,fe33df9ae5456d8ee27133c42c244c81d150008ababc19399c7ed428638b57ea
1303,2019-02-27,0.68,0.68,0.68,0.68,1038950,,,,,historical_baseline,,fe33df9ae5456d8ee27133c42c244c81d150008ababc19399c7ed428638b57ea
1303,2019-02-28,0.69,0.69,0.68,0.69,2041450,,,,,historical_baseline,,fe33df9ae5456d8ee27133c42c244c81d150008ababc19399c7ed428638b57ea
1304,2019-02-03,15.38,15.44,15.22,15.28,193938,,,,,historical_baseline,,fe33df9ae5456d8ee27133c42c244c81d150008ababc19399c7ed428638b57ea
1304,2019-02-04,15.22,15.34,15.14,15.3,138322,,,,,historical_baseline,,fe33df9ae5456d8ee27133c42c244c81d150008ababc19399c7ed428638b57ea
1304,2019-02-05,15.32,15.5,15.28,15.36,209451,,,,,historical_baseline,,fe33df9ae5456d8ee27133c42c244c81d150008ababc19399c7ed428638b57ea
1304,2019-02-06,15.28,15.9,15.28,15.4,217556,,,,,historical_baseline,,fe33df9ae5456d8ee27133c42c244c81d150008ababc19399c7ed428638b57ea
1304,2019-02-07,15.36,15.44,15.26,15.28,144353,,,,,historical_baseline,,fe33df9ae5456d8ee27133c42c244c81d150008ababc19399c7ed428638b57ea
1304,2019-02-10,15.26,15.34,15.08,15.24,79795,,,,,historical_baseline,,fe33df9ae5456d8ee27133c42c244c81d150008ababc19399c7ed428638b57ea
1304,2019-02-11,14.8,14.8,14.56,14.62,683916,,,,,historical_baseline,,fe33df9ae5456d8ee27133c42c244c81d150008ababc19399c7ed428638b57ea
1304,2019-02-12,14.62,14.7,14.48,14.48,202887,,,,,historical_baseline,,fe33df9ae5456d8ee27133c42c244c81d150008ababc19399c7ed428638b57ea
1304,2019-02-13,14.56,14.68,14.52,14.62,247969,,,,,historical_baseline,,fe33df9ae5456d8ee27133c42c244c81d150008ababc19399c7ed428638b57ea
1304,2019-02-14,14.6,14.7,14.6,14.6,116142,,,,,historical_baseline,,fe33df9ae5456d8ee27133c42c244c81d150008ababc19399c7ed428638b57ea
1304,2019-02-17,14.62,14.62,14.6,14.6,25951,,,,,historical_baseline,,fe33df9ae5456d8ee27133c42c244c81d150008ababc19399c7ed428638b57ea
1304,2019-02-18,14.58,14.58,14.4,14.42,82395,,,,,historical_baseline,,fe33df9ae5456d8ee27133c42c244c81d150008ababc19399c7ed428638b57ea
1304,2019-02-19,14.42,14.5,14.38,14.44,59099,,,,,historical_baseline,,fe33df9ae5456d8ee27133c42c244c81d150008ababc19399c7ed428638b57ea
1304,2019-02-20,14.42,14.44,14.32,14.4,64961,,,,,historical_baseline,,fe33df9ae5456d8ee27133c42c244c81d150008ababc19399c7ed428638b57ea
1304,2019-02-21,14.32,14.4,14.3,14.4,71032,,,,,historical_baseline,,fe33df9ae5456d8ee27133c42c244c81d150008ababc19399c7ed428638b57ea
1304,2019-02-24,14.36,14.36,14.3,14.32,49898,,,,,historical_baseline,,fe33df9ae5456d8ee27133c42c244c81d150008ababc19399c7ed428638b57ea
1304,2019-02-25,14.24,14.28,14.22,14.24,38138,,,,,historical_baseline,,fe33df9ae5456d8ee27133c42c244c81d150008ababc19399c7ed428638b57ea
1304,2019-02-26,14.4,14.44,14.26,14.3,253266,,,,,historical_baseline,,fe33df9ae5456d8ee27133c42c244c81d150008ababc19399c7ed428638b57ea
1304,2019-02-27,14.3,14.3,14.1,14.26,105862,,,,,historical_baseline,,fe33df9ae5456d8ee27133c42c244c81d150008ababc19399c7ed428638b57ea
1304,2019-02-28,14.2,14.36,14.2,14.22,95220,,,,,historical_baseline,,fe33df9ae5456d8ee27133c42c244c81d150008ababc19399c7ed428638b57ea
1320,2019-02-03,24.82,26.8,24.7,26.8,5170360,,,,,historical_baseline,,fe33df9ae5456d8ee27133c42c244c81d150008ababc19399c7ed428638b57ea
1320,2019-02-04,26.8,27.65,25.6,26.05,5530344,,,,,historical_baseline,,fe33df9ae5456d8ee27133c42c244c81d150008ababc19399c7ed428638b57ea
1320,2019-02-05,26.25,26.55,25.5,25.55,2567350,,,,,historical_baseline,,fe33df9ae5456d8ee27133c42c244c81d150008ababc19399c7ed428638b57ea
1320,2019-02-06,25.5,25.7,24.66,24.82,2634997,,,,,historical_baseline,,fe33df9ae5456d8ee27133c42c244c81d150008ababc19399c7ed428638b57ea
1320,2019-02-07,24.82,26.3,24.54,25.95,4356348,,,,,historical_baseline,,fe33df9ae5456d8ee27133c42c244c81d150008ababc19399c7ed428638b57ea
1320,2019-02-10,26.3,26.9,25.55,25.95,2977829,,,,,historical_baseline,,fe33df9ae5456d8ee27133c42c244c81d150008ababc19399c7ed428638b57ea
1320,2019-02-11,25.95,26.25,25.5,25.55,1758827,,,,,historical_baseline,,fe33df9ae5456d8ee27133c42c244c81d150008ababc19399c7ed428638b57ea
1320,2019-02-12,25.55,25.75,25.1,25.1,1076982,,,,,historical_baseline,,fe33df9ae5456d8ee27133c42c244c81d150008ababc19399c7ed428638b57ea
1320,2019-02-13,25.25,25.25,24.44,24.6,1439177,,,,,historical_baseline,,fe33df9ae5456d8ee27133c42c244c81d150008ababc19399c7ed428638b57ea
1320,2019-02-14,24.5,25.7,24.12,24.7,2157709,,,,,historical_baseline,,fe33df9ae5456d8ee27133c42c244c81d150008ababc19399c7ed428638b57ea
1320,2019-02-17,24.72,24.94,24.46,24.56,825756,,,,,historical_baseline,,fe33df9ae5456d8ee27133c42c244c81d150008ababc19399c7ed428638b57ea
1320,2019-02-18,24.6,25.75,24.6,25.7,2513389,,,,,historical_baseline,,fe33df9ae5456d8ee27133c42c244c81d150008ababc19399c7ed428638b57ea
1320,2019-02-19,25.9,26.25,24.92,24.92,2588535,,,,,historical_baseline,,fe33df9ae5456d8ee27133c42c244c81d150008ababc19399c7ed428638b57ea
1320,2019-02-20,24.92,25.8,24.88,25.8,1773166,,,,,historical_baseline,,fe33df9ae5456d8ee27133c42c244c81d150008ababc19399c7ed428638b57ea
1320,2019-02-21,25.9,26.0,25.45,25.5,1373048,,,,,historical_baseline,,fe33df9ae5456d8ee27133c42c244c81d150008ababc19399c7ed428638b57ea
1320,2019-02-24,25.6,25.75,24.98,25.2,1628462,,,,,historical_baseline,,fe33df9ae5456d8ee27133c42c244c81d150008ababc19399c7ed428638b57ea
1320,2019-02-25,25.3,25.5,25.0,25.25,922208,,,,,historical_baseline,,fe33df9ae5456d8ee27133c42c244c81d150008ababc19399c7ed428638b57ea
1320,2019-02-26,25.35,25.35,25.0,25.1,472857,,,,,historical_baseline,,fe33df9ae5456d8ee27133c42c244c81d150008ababc19399c7ed428638b57ea
1320,2019-02-27,25.0,25.15,24.66,24.66,644535,,,,,historical_baseline,,fe33df9ae5456d8ee27133c42c244c81d150008ababc19399c7ed428638b57ea
1320,2019-02-28,24.54,24.96,24.52,24.7,562392,,,,,historical_baseline,,fe33df9ae5456d8ee27133c42c244c81d150008ababc19399c7ed428638b57ea
1810,2019-02-03,16.43,16.43,16.21,16.29,462285,,,,,historical_baseline,,fe33df9ae5456d8ee27133c42c244c81d150008ababc19399c7ed428638b57ea
1810,2019-02-04,16.27,16.39,16.21,16.29,750440,,,,,historical_baseline,,fe33df9ae5456d8ee27133c42c244c81d150008ababc19399c7ed428638b57ea
1810,2019-02-05,16.29,16.63,16.16,16.43,948997,,,,,historical_baseline,,fe33df9ae5456d8ee27133c42c244c81d150008ababc19399c7ed428638b57ea
1810,2019-02-06,16.39,16.87,16.37,16.64,1693970,,,,,historical_baseline,,fe33df9ae5456d8ee27133c42c244c81d150008ababc19399c7ed428638b57ea
1810,2019-02-07,16.69,16.87,16.17,16.41,2332085,,,,,historical_baseline,,fe33df9ae5456d8ee27133c42c244c81d150008ababc19399c7ed428638b57ea
1810,2019-02-10,16.21,16.49,16.21,16.34,1155726,,,,,historical_baseline,,fe33df9ae5456d8ee27133c42c244c81d150008ababc19399c7ed428638b57ea
1810,2019-02-11,16.34,16.34,15.71,15.74,1885388,,,,,historical_baseline,,fe33df9ae5456d8ee27133c42c244c81d150008ababc19399c7ed428638b57ea
1810,2019-02-12,15.8,16.03,15.43,15.97,4169515,,,,,historical_baseline,,fe33df9ae5456d8ee27133c42c244c81d150008ababc19399c7ed428638b57ea
1810,2019-02-13,16.03,16.43,16.03,16.14,1960114,,,,,historical_baseline,,fe33df9ae5456d8ee27133c42c244c81d150008ababc19399c7ed428638b57ea
1810,2019-02-14,16.1,16.27,15.86,16.14,573025,,,,,historical_baseline,,fe33df9ae5456d8ee27133c42c244c81d150008ababc19399c7ed428638b57ea
1810,2019-02-17,16.17,16.36,16.09,16.21,509376,,,,,historical_baseline,,fe33df9ae5456d8ee27133c42c244c81d150008ababc19399c7ed428638b57ea
1810,2019-02-18,16.21,16.36,16.19,16.2,380020,,,,,historical_baseline,,fe33df9ae5456d8ee27133c42c244c81d150008ababc19399c7ed428638b57ea
1810,2019-02-19,16.27,16.41,16.13,16.36,647236,,,,,historical_baseline,,fe33df9ae5456d8ee27133c42c244c81d150008ababc19399c7ed428638b57ea
1810,2019-02-20,16.33,16.79,16.33,16.71,2278533,,,,,historical_baseline,,fe33df9ae5456d8ee27133c42c244c81d150008ababc19399c7ed428638b57ea
1810,2019-02-21,16.79,16.93,16.57,16.83,1181153,,,,,historical_baseline,,fe33df9ae5456d8ee27133c42c244c81d150008ababc19399c7ed428638b57ea
1810,2019-02-24,16.79,16.93,16.77,16.77,874671,,,,,historical_baseline,,fe33df9ae5456d8ee27133c42c244c81d150008ababc19399c7ed428638b57ea
1810,2019-02-25,16.64,16.8,16.43,16.5,967206,,,,,historical_baseline,,fe33df9ae5456d8ee27133c42c244c81d150008ababc19399c7ed428638b57ea
1810,2019-02-26,16.56,16.67,16.43,16.5,1110419,,,,,historical_baseline,,fe33df9ae5456d8ee27133c42c244c81d150008ababc19399c7ed428638b57ea
1810,2019-02-27,16.14,17.1,16.09,17.09,4376684,,,,,historical_baseline,,fe33df9ae5456d8ee27133c42c244c81d150008ababc19399c7ed428638b57ea
1810,2019-02-28,17.51,17.64,17.09,17.27,5482489,,,,,historical_baseline,,fe33df9ae5456d8ee27133c42c244c81d150008ababc19399c7ed428638b57ea
1820,2019-02-03,4.4,4.43,4.37,4.42,1023424,,,,,historical_baseline,,fe33df9ae5456d8ee27133c42c244c81d150008ababc19399c7ed428638b57ea
1820,2019-02-04,4.43,4.53,4.42,4.48,2183477,,,,,historical_baseline,,fe33df9ae5456d8ee27133c42c244c81d150008ababc19399c7ed428638b57ea
1820,2019-02-05,4.52,4.56,4.47,4.5,2198127,,,,,historical_baseline,,fe33df9ae5456d8ee27133c42c244c81d150008ababc19399c7ed428638b57ea
1820,2019-02-06,4.49,4.52,4.44,4.44,853111,,,,,historical_baseline,,fe33df9ae5456d8ee27133c42c244c81d150008ababc19399c7ed428638b57ea
1820,2019-02-07,4.46,4.46,4.4,4.4,522210,,,,,historical_baseline,,fe33df9ae5456d8ee27133c42c244c81d150008ababc19399c7ed428638b57ea
1820,2019-02-10,4.41,4.47,4.4,4.42,601367,,,,,historical_baseline,,fe33df9ae5456d8ee27133c42c244c81d150008ababc19399c7ed428638b57ea
1820,2019-02-11,4.42,4.42,4.35,4.35,916033,,,,,historical_baseline,,fe33df9ae5456d8ee27133c42c244c81d150008ababc19399c7ed428638b57ea
1820,2019-02-12,4.36,4.42,4.32,4.37,1639385,,,,,historical_baseline,,fe33df9ae5456d8ee27133c42c244c81d150008ababc19399c7ed428638b57ea
1820,2019-02-13,4.36,4.4,4.32,4.32,778438,,,,,historical_baseline,,fe33df9ae5456d8ee27133c42c244c81d150008ababc19399c7ed428638b57ea
1820,2019-02-14,4.34,4.36,4.34,4.35,356191,,,,,historical_baseline,,fe33df9ae5456d8ee27133c42c244c81d150008ababc19399c7ed428638b57ea
1820,2019-02-17,4.36,4.36,4.32,4.33,325729,,,,,historical_baseline,,fe33df9ae5456d8ee27133c42c244c81d150008ababc19399c7ed428638b57ea
1820,2019-02-18,4.33,4.35,4.33,4.34,215442,,,,,historical_baseline,,fe33df9ae5456d8ee27133c42c244c81d150008ababc19399c7ed428638b57ea
1820,2019-02-19,4.33,4.33,4.3,4.3,205391,,,,,historical_baseline,,fe33df9ae5456d8ee27133c42c244c81d150008ababc19399c7ed428638b57ea
1820,2019-02-20,4.32,4.37,4.31,4.34,383520,,,,,historical_baseline,,fe33df9ae5456d8ee27133c42c244c81d150008ababc19399c7ed428638b57ea
1820,2019-02-21,4.32,4.32,4.28,4.3,320178,,,,,historical_baseline,,fe33df9ae5456d8ee27133c42c244c81d150008ababc19399c7ed428638b57ea
1820,2019-02-24,4.26,4.3,4.25,4.29,560191,,,,,historical_baseline,,fe33df9ae5456d8ee27133c42c244c81d150008ababc19399c7ed428638b57ea
1820,2019-02-25,4.25,4.25,4.15,4.2,1777758,,,,,historical_baseline,,fe33df9ae5456d8ee27133c42c244c81d150008ababc19399c7ed428638b57ea
1820,2019-02-26,4.19,4.19,4.15,4.15,670758,,,,,historical_baseline,,fe33df9ae5456d8ee27133c42c244c81d150008ababc19399c7ed428638b57ea
1820,2019-02-27,4.13,4.16,4.13,4.15,547859,,,,,historical_baseline,,fe33df9ae5456d8ee27133c42c244c81d150008ababc19399c7ed428638b57ea
1820,2019-02-28,4.15,4.17,4.14,4.15,576266,,,,,historical_baseline,,fe33df9ae5456d8ee27133c42c244c81d150008ababc19399c7ed428638b57ea
2001,2019-02-03,17.34,17.5,17.34,17.4,502192,,,,,historical_baseline,,fe33df9ae5456d8ee27133c42c244c81d150008ababc19399c7ed428638b57ea
2001,2019-02-04,17.49,17.52,17.25,17.25,726795,,,,,historical_baseline,,fe33df9ae5456d8ee27133c42c244c81d150008ababc19399c7ed428638b57ea
2001,2019-02-05,17.4,17.5,17.27,17.47,540378,,,,,historical_baseline,,fe33df9ae5456d8ee27133c42c244c81d150008ababc19399c7ed428638b57ea
2001,2019-02-06,17.49,17.75,17.49,17.59,1196844,,,,,historical_baseline,,fe33df9ae5456d8ee27133c42c244c81d150008ababc19399c7ed428638b57ea
2001,2019-02-07,17.59,18.06,17.59,17.68,2815057,,,,,historical_baseline,,fe33df9ae5456d8ee27133c42c244c81d150008ababc19399c7ed428638b57ea
2001,2019-02-10,17.75,17.99,17.7,17.79,703411,,,,,historical_baseline,,fe33df9ae5456d8ee27133c42c244c81d150008ababc19399c7ed428638b57ea
2001,2019-02-11,17.83,17.84,17.59,17.61,546637,,,,,historical_baseline,,fe33df9ae5456d8ee27133c42c244c81d150008ababc19399c7ed428638b57ea
2001,2019-02-12,17.61,17.66,17.47,17.66,723476,,,,,historical_baseline,,fe33df9ae5456d8ee27133c42c244c81d150008ababc19399c7ed428638b57ea
2001,2019-02-13,17.66,17.83,17.59,17.66,722978,,,,,historical_baseline,,fe33df9ae5456d8ee27133c42c244c81d150008ababc19399c7ed428638b57ea
2001,2019-02-14,17.66,17.72,17.47,17.52,472719,,,,,historical_baseline,,fe33df9ae5456d8ee27133c42c244c81d150008ababc19399c7ed428638b57ea
2001,2019-02-17,17.61,17.63,17.47,17.5,386029,,,,,historical_baseline,,fe33df9ae5456d8ee27133c42c244c81d150008ababc19399c7ed428638b57ea
2001,2019-02-18,17.52,17.61,17.41,17.49,396691,,,,,historical_baseline,,fe33df9ae5456d8ee27133c42c244c81d150008ababc19399c7ed428638b57ea
2001,2019-02-19,17.5,17.5,17.25,17.29,367355,,,,,historical_baseline,,fe33df9ae5456d8ee27133c42c244c81d150008ababc19399c7ed428638b57ea
2001,2019-02-20,17.27,17.4,17.24,17.34,343000,,,,,historical_baseline,,fe33df9ae5456d8ee27133c42c244c81d150008ababc19399c7ed428638b57ea
2001,2019-02-21,17.36,17.49,17.34,17.49,358250,,,,,historical_baseline,,fe33df9ae5456d8ee27133c42c244c81d150008ababc19399c7ed428638b57ea
2001,2019-02-24,17.52,17.66,17.49,17.59,536455,,,,,historical_baseline,,fe33df9ae5456d8ee27133c42c244c81d150008ababc19399c7ed428638b57ea
2001,2019-02-25,17.52,17.54,17.43,17.45,493522,,,,,historical_baseline,,fe33df9ae5456d8ee27133c42c244c81d150008ababc19399c7ed428638b57ea
2001,2019-02-26,17.43,17.52,17.4,17.52,237511,,,,,historical_baseline,,fe33df9ae5456d8ee27133c42c244c81d150008ababc19399c7ed428638b57ea
2001,2019-02-27,17.56,17.56,17.41,17.45,218798,,,,,historical_baseline,,fe33df9ae5456d8ee27133c42c244c81d150008ababc19399c7ed428638b57ea
2001,2019-02-28,17.43,17.56,17.4,17.54,350221,,,,,historical_baseline,,fe33df9ae5456d8ee27133c42c244c81d150008ababc19399c7ed428638b57ea
2010,2019-02-03,123.2,123.6,122.2,122.2,1930596,,,,,historical_baseline,,fe33df9ae5456d8ee27133c42c244c81d150008ababc19399c7ed428638b57ea
2010,2019-02-04,122.4,123.4,122.2,123.0,2619297,,,,,historical_baseline,,fe33df9ae5456d8ee27133c42c244c81d150008ababc19399c7ed428638b57ea
2010,2019-02-05,123.0,123.8,122.6,123.8,1725734,,,,,historical_baseline,,fe33df9ae5456d8ee27133c42c244c81d150008ababc19399c7ed428638b57ea
2010,2019-02-06,123.8,125.4,123.6,124.8,2790323,,,,,historical_baseline,,fe33df9ae5456d8ee27133c42c244c81d150008ababc19399c7ed428638b57ea
2010,2019-02-07,125.0,125.4,124.6,124.6,2395298,,,,,historical_baseline,,fe33df9ae5456d8ee27133c42c244c81d150008ababc19399c7ed428638b57ea
2010,2019-02-10,125.0,125.0,123.2,123.4,1445678,,,,,historical_baseline,,fe33df9ae5456d8ee27133c42c244c81d150008ababc19399c7ed428638b57ea
2010,2019-02-11,123.6,123.8,122.4,122.6,1552592,,,,,historical_baseline,,fe33df9ae5456d8ee27133c42c244c81d150008ababc19399c7ed428638b57ea
2010,2019-02-12,122.6,123.6,122.4,123.2,1995465,,,,,historical_baseline,,fe33df9ae5456d8ee27133c42c244c81d150008ababc19399c7ed428638b57ea
2010,2019-02-13,123.4,124.8,123.4,123.8,2713253,,,,,historical_baseline,,fe33df9ae5456d8ee27133c42c244c81d150008ababc19399c7ed428638b57ea
2010,2019-02-14,124.0,124.6,123.4,124.0,2206726,,,,,historical_baseline,,fe33df9ae5456d8ee27133c42c244c81d150008ababc19399c7ed428638b57ea
2010,2019-02-17,124.2,124.4,123.4,123.6,1650523,,,,,historical_baseline,,fe33df9ae5456d8ee27133c42c244c81d150008ababc19399c7ed428638b57ea
2010,2019-02-18,123.4,124.0,123.4,123.4,1262545,,,,,historical_baseline,,fe33df9ae5456d8ee27133c42c244c81d150008ababc19399c7ed428638b57ea
2010,2019-02-19,123.4,123.8,122.6,123.0,1355446,,,,,historical_baseline,,fe33df9ae5456d8ee27133c42c244c81d150008ababc19399c7ed428638b57ea
2010,2019-02-20,122.6,123.8,122.6,123.8,1220848,,,,,historical_baseline,,fe33df9ae5456d8ee27133c42c244c81d150008ababc19399c7ed428638b57ea
2010,2019-02-21,124.0,124.0,122.6,123.4,1341318,,,,,historical_baseline,,fe33df9ae5456d8ee27133c42c244c81d150008ababc19399c7ed428638b57ea
2010,2019-02-24,123.4,123.6,122.6,122.6,1012177,,,,,historical_baseline,,fe33df9ae5456d8ee27133c42c244c81d150008ababc19399c7ed428638b57ea
2010,2019-02-25,122.8,122.8,120.8,120.8,1748086,,,,,historical_baseline,,fe33df9ae5456d8ee27133c42c244c81d150008ababc19399c7ed428638b57ea
2010,2019-02-26,121.0,121.8,120.4,121.8,1045542,,,,,historical_baseline,,fe33df9ae5456d8ee27133c42c244c81d150008ababc19399c7ed428638b57ea
2010,2019-02-27,121.8,122.0,120.6,122.0,1106832,,,,,historical_baseline,,fe33df9ae5456d8ee27133c42c244c81d150008ababc19399c7ed428638b57ea
2010,2019-02-28,122.0,123.2,120.6,122.4,2115227,,,,,historical_baseline,,fe33df9ae5456d8ee27133c42c244c81d150008ababc19399c7ed428638b57ea
2020,2019-02-03,84.0,84.5,83.5,83.8,124044,,,,,historical_baseline,,fe33df9ae5456d8ee27133c42c244c81d150008ababc19399c7ed428638b57ea
2020,2019-02-04,83.8,85.2,83.8,84.5,176303,,,,,historical_baseline,,fe33df9ae5456d8ee27133c42c244c81d150008ababc19399c7ed428638b57ea
2020,2019-02-05,85.1,85.1,84.3,84.9,177370,,,,,historical_baseline,,fe33df9ae5456d8ee27133c42c244c81d150008ababc19399c7ed428638b57ea
2020,2019-02-06,85.0,87.2,84.9,85.0,580996,,,,,historical_baseline,,fe33df9ae5456d8ee27133c42c244c81d150008ababc19399c7ed428638b57ea
2020,2019-02-07,85.0,85.9,84.6,84.6,154075,,,,,historical_baseline,,fe33df9ae5456d8ee27133c42c244c81d150008ababc19399c7ed428638b57ea
2020,2019-02-10,85.3,85.3,83.1,83.2,192922,,,,,historical_baseline,,fe33df9ae5456d8ee27133c42c244c81d150008ababc19399c7ed428638b57ea
2020,2019-02-11,83.5,83.8,82.8,83.0,138775,,,,,historical_baseline,,fe33df9ae5456d8ee27133c42c244c81d150008ababc19399c7ed428638b57ea
2020,2019-02-12,83.4,83.4,83.0,83.3,167797,,,,,historical_baseline,,fe33df9ae5456d8ee27133c42c244c81d150008ababc19399c7ed428638b57ea
2020,2019-02-13,83.3,83.9,83.2,83.7,204006,,,,,historical_baseline,,fe33df9ae5456d8ee27133c42c244c81d150008ababc19399c7ed428638b57ea
2020,2019-02-14,83.1,83.2,81.8,82.2,359709,,,,,historical_baseline,,fe33df9ae5456d8ee27133c42c244c81d150008ababc19399c7ed428638b57ea
2020,2019-02-17,82.1,82.6,81.5,81.5,193687,,,,,historical_baseline,,fe33df9ae5456d8ee27133c42c244c81d150008ababc19399c7ed428638b57ea
2020,2019-02-18,81.5,81.9,81.0,81.3,180933,,,,,historical_baseline,,fe33df9ae5456d8ee27133c42c244c81d150008ababc19399c7ed428638b57ea
2020,2019-02-19,81.0,81.1,79.6,80.1,190829,,,,,historical_baseline,,fe33df9ae5456d8ee27133c42c244c81d150008ababc19399c7ed428638b57ea
2020,2019-02-20,80.5,80.7,80.2,80.7,81234,,,,,historical_baseline,,fe33df9ae5456d8ee27133c42c244c81d150008ababc19399c7ed428638b57ea
2020,2019-02-21,80.8,80.9,79.6,80.4,140541,,,,,historical_baseline,,fe33df9ae5456d8ee27133c42c244c81d150008ababc19399c7ed428638b57ea
2020,2019-02-24,80.4,80.4,79.8,80.0,56980,,,,,historical_baseline,,fe33df9ae5456d8ee27133c42c244c81d150008ababc19399c7ed428638b57ea
2020,2019-02-25,79.8,79.8,78.0,78.7,204500,,,,,historical_baseline,,fe33df9ae5456d8ee27133c42c244c81d150008ababc19399c7ed428638b57ea
2020,2019-02-26,78.7,79.1,78.2,79.0,161324,,,,,historical_baseline,,fe33df9ae5456d8ee27133c42c244c81d150008ababc19399c7ed428638b57ea
2020,2019-02-27,79.3,80.8,78.9,80.7,138604,,,,,historical_baseline,,fe33df9ae5456d8ee27133c42c244c81d150008ababc19399c7ed428638b57ea
2020,2019-02-28,80.3,82.3,80.0,82.3,213853,,,,,historical_baseline,,fe33df9ae5456d8ee27133c42c244c81d150008ababc19399c7ed428638b57ea
2030,2019-02-03,42.8,42.8,42.0,42.25,402909,,,,,historical_baseline,,fe33df9ae5456d8ee27133c42c244c81d150008ababc19399c7ed428638b57ea
2030,2019-02-04,42.0,42.2,41.8,41.85,202020,,,,,historical_baseline,,fe33df9ae5456d8ee27133c42c244c81d150008ababc19399c7ed428638b57ea
2030,2019-02-05,42.1,42.1,41.9,41.95,95246,,,,,historical_baseline,,fe33df9ae5456d8ee27133c42c244c81d150008ababc19399c7ed428638b57ea
2030,2019-02-06,42.15,42.25,41.85,42.1,125727,,,,,historical_baseline,,fe33df9ae5456d8ee27133c42c244c81d150008ababc19399c7ed428638b57ea
2030,2019-02-07,41.95,42.6,41.8,42.5,178184,,,,,historical_baseline,,fe33df9ae5456d8ee27133c42c244c81d150008ababc19399c7ed428638b57ea
2030,2019-02-10,42.7,42.9,42.35,42.8,174716,,,,,historical_baseline,,fe33df9ae5456d8ee27133c42c244c81d150008ababc19399c7ed428638b57ea
2030,2019-02-11,42.8,43.6,42.5,43.25,427306,,,,,historical_baseline,,fe33df9ae5456d8ee27133c42c244c81d150008ababc19399c7ed428638b57ea
2030,2019-02-12,43.35,43.7,42.9,43.1,354832,,,,,historical_baseline,,fe33df9ae5456d8ee27133c42c244c81d150008ababc19399c7ed428638b57ea
2030,2019-02-13,43.0,43.05,42.65,42.7,129947,,,,,historical_baseline,,fe33df9ae5456d8ee27133c42c244c81d150008ababc19399c7ed428638b57ea
2030,2019-02-14,42.75,43.3,42.65,43.15,94671,,,,,historical_baseline,,fe33df9ae5456d8ee27133c42c244c81d150008ababc19399c7ed428638b57ea
2030,2019-02-17,43.2,43.9,42.85,43.85,380886,,,,,historical_baseline,,fe33df9ae5456d8ee27133c42c244c81d150008ababc19399c7ed428638b57ea
2030,2019-02-18,43.95,44.25,43.5,43.6,408856,,,,,historical_baseline,,fe33df9ae5456d8ee27133c42c244c81d150008ababc19399c7ed428638b57ea
2030,2019-02-19,43.6,43.6,42.85,42.9,351296,,,,,historical_baseline,,fe33df9ae5456d8ee27133c42c244c81d150008ababc19399c7ed428638b57ea
2030,2019-02-20,42.8,43.95,42.6,42.8,696389,,,,,historical_baseline,,fe33df9ae5456d8ee27133c42c244c81d150008ababc19399c7ed428638b57ea
2030,2019-02-21,42.3,42.35,41.8,42.0,620387,,,,,historical_baseline,,fe33df9ae5456d8ee27133c42c244c81d150008ababc19399c7ed428638b57ea
2030,2019-02-24,41.9,42.1,41.5,41.6,244606,,,,,historical_baseline,,fe33df9ae5456d8ee27133c42c244c81d150008ababc19399c7ed428638b57ea
2030,2019-02-25,41.8,41.85,41.2,41.25,153663,,,,,historical_baseline,,fe33df9ae5456d8ee27133c42c244c81d150008ababc19399c7ed428638b57ea
2030,2019-02-26,41.3,41.6,41.2,41.55,138114,,,,,historical_baseline,,fe33df9ae5456d8ee27133c42c244c81d150008ababc19399c7ed428638b57ea
2030,2019-02-27,41.65,41.65,41.35,41.5,84416,,,,,historical_baseline,,fe33df9ae5456d8ee27133c42c244c81d150008ababc19399c7ed428638b57ea
2030,2019-02-28,41.35,41.7,41.35,41.4,77268,,,,,historical_baseline,,fe33df9ae5456d8ee27133c42c244c81d150008ababc19399c7ed428638b57ea
2040,2019-02-03,15.14,15.59,15.11,15.36,228070,,,,,historical_baseline,,fe33df9ae5456d8ee27133c42c244c81d150008ababc19399c7ed428638b57ea
2040,2019-02-04,15.39,15.39,15.14,15.15,151732,,,,,historical_baseline,,fe33df9ae5456d8ee27133c42c244c81d150008ababc19399c7ed428638b57ea
2040,2019-02-05,15.12,16.11,15.0,15.89,1085359,,,,,historical_baseline,,fe33df9ae5456d8ee27133c42c244c81d150008ababc19399c7ed428638b57ea
2040,2019-02-06,15.89,15.89,15.38,15.38,431688,,,,,historical_baseline,,fe33df9ae5456d8ee27133c42c244c81d150008ababc19399c7ed428638b57ea
2040,2019-02-07,15.41,15.5,15.23,15.36,226015,,,,,historical_baseline,,fe33df9ae5456d8ee27133c42c244c81d150008ababc19399c7ed428638b57ea
2040,2019-02-10,15.45,15.66,15.36,15.36,415281,,,,,historical_baseline,,fe33df9ae5456d8ee27133c42c244c81d150008ababc19399c7ed428638b57ea
2040,2019-02-11,15.38,15.69,15.29,15.41,256485,,,,,historical_baseline,,fe33df9ae5456d8ee27133c42c244c81d150008ababc19399c7ed428638b57ea
2040,2019-02-12,15.38,15.51,15.38,15.45,77043,,,,,historical_baseline,,fe33df9ae5456d8ee27133c42c244c81d150008ababc19399c7ed428638b57ea
2040,2019-02-13,15.5,15.62,15.42,15.44,115067,,,,,historical_baseline,,fe33df9ae5456d8ee27133c42c244c81d150008ababc19399c7ed428638b57ea
2040,2019-02-14,15.75,16.61,15.47,15.68,4026447,,,,,historical_baseline,,fe33df9ae5456d8ee27133c42c244c81d150008ababc19399c7ed428638b57ea
2040,2019-02-17,15.68,16.01,15.5,15.63,1637351,,,,,historical_baseline,,fe33df9ae5456d8ee27133c42c244c81d150008ababc19399c7ed428638b57ea
2040,2019-02-18,15.5,15.59,15.38,15.38,1386473,,,,,historical_baseline,,fe33df9ae5456d8ee27133c42c244c81d150008ababc19399c7ed428638b57ea
2040,2019-02-19,15.33,15.56,15.15,15.38,588431,,,,,historical_baseline,,fe33df9ae5456d8ee27133c42c244c81d150008ababc19399c7ed428638b57ea
2040,2019-02-20,15.32,15.42,15.29,15.41,184449,,,,,historical_baseline,,fe33df9ae5456d8ee27133c42c244c81d150008ababc19399c7ed428638b57ea
2040,2019-02-21,15.26,15.32,15.23,15.3,211956,,,,,historical_baseline,,fe33df9ae5456d8ee27133c42c244c81d150008ababc19399c7ed428638b57ea
2040,2019-02-24,15.21,15.32,15.15,15.17,193506,,,,,historical_baseline,,fe33df9ae5456d8ee27133c42c244c81d150008ababc19399c7ed428638b57ea
2040,2019-02-25,15.15,15.23,14.97,15.02,436384,,,,,historical_baseline,,fe33df9ae5456d8ee27133c42c244c81d150008ababc19399c7ed428638b57ea
2040,2019-02-26,15.06,15.06,14.78,15.0,307727,,,,,historical_baseline,,fe33df9ae5456d8ee27133c42c244c81d150008ababc19399c7ed428638b57ea
2040,2019-02-27,15.0,15.0,14.78,14.91,385354,,,,,historical_baseline,,fe33df9ae5456d8ee27133c42c244c81d150008ababc19399c7ed428638b57ea
2040,2019-02-28,14.85,15.29,14.78,14.94,639138,,,,,historical_baseline,,fe33df9ae5456d8ee27133c42c244c81d150008ababc19399c7ed428638b57ea
2050,2019-02-03,34.1,34.1,32.4,32.4,277905,,,,,historical_baseline,,fe33df9ae5456d8ee27133c42c244c81d150008ababc19399c7ed428638b57ea
2050,2019-02-04,32.9,34.1,32.9,33.2,511128,,,,,historical_baseline,,fe33df9ae5456d8ee27133c42c244c81d150008ababc19399c7ed428638b57ea
2050,2019-02-05,33.2,34.0,33.2,33.95,368763,,,,,historical_baseline,,fe33df9ae5456d8ee27133c42c244c81d150008ababc19399c7ed428638b57ea
2050,2019-02-06,33.95,34.1,33.55,34.0,218953,,,,,historical_baseline,,fe33df9ae5456d8ee27133c42c244c81d150008ababc19399c7ed428638b57ea
2050,2019-02-07,33.95,33.95,33.05,33.1,327557,,,,,historical_baseline,,fe33df9ae5456d8ee27133c42c244c81d150008ababc19399c7ed428638b57ea
2050,2019-02-10,33.45,33.5,32.95,33.35,290449,,,,,historical_baseline,,fe33df9ae5456d8ee27133c42c244c81d150008ababc19399c7ed428638b57ea
2050,2019-02-11,33.1,33.4,32.9,33.0,452241,,,,,historical_baseline,,fe33df9ae5456d8ee27133c42c244c81d150008ababc19399c7ed428638b57ea
2050,2019-02-12,33.0,33.0,32.6,33.0,392249,,,,,historical_baseline,,fe33df9ae5456d8ee27133c42c244c81d150008ababc19399c7ed428638b57ea
2050,2019-02-13,33.0,33.4,32.9,33.35,232034,,,,,historical_baseline,,fe33df9ae5456d8ee27133c42c244c81d150008ababc19399c7ed428638b57ea
2050,2019-02-14,33.35,33.95,33.35,33.95,257194,,,,,historical_baseline,,fe33df9ae5456d8ee27133c42c244c81d150008ababc19399c7ed428638b57ea
2050,2019-02-17,33.1,33.7,33.1,33.65,112381,,,,,historical_baseline,,fe33df9ae5456d8ee27133c42c244c81d150008ababc19399c7ed428638b57ea
2050,2019-02-18,33.5,33.55,33.0,33.3,184752,,,,,historical_baseline,,fe33df9ae5456d8ee27133c42c244c81d150008ababc19399c7ed428638b57ea
2050,2019-02-19,33.0,33.1,32.0,32.05,314387,,,,,historical_baseline,,fe33df9ae5456d8ee27133c42c244c81d150008ababc19399c7ed428638b57ea
2050,2019-02-20,32.0,33.05,32.0,32.85,174408,,,,,historical_baseline,,fe33df9ae5456d8ee27133c42c244c81d150008ababc19399c7ed428638b57ea
2050,2019-02-21,32.85,33.0,32.4,32.95,242382,,,,,historical_baseline,,fe33df9ae5456d8ee27133c42c244c81d150008ababc19399c7ed428638b57ea
2050,2019-02-24,32.65,33.25,32.65,33.25,265860,,,,,historical_baseline,,fe33df9ae5456d8ee27133c42c244c81d150008ababc19399c7ed428638b57ea
2050,2019-02-25,33.3,33.3,32.45,32.75,254302,,,,,historical_baseline,,fe33df9ae5456d8ee27133c42c244c81d150008ababc19399c7ed428638b57ea
2050,2019-02-26,32.65,32.7,32.4,32.6,170495,,,,,historical_baseline,,fe33df9ae5456d8ee27133c42c244c81d150008ababc19399c7ed428638b57ea
2050,2019-02-27,32.5,32.65,32.15,32.15,127223,,,,,historical_baseline,,fe33df9ae5456d8ee27133c42c244c81d150008ababc19399c7ed428638b57ea
2050,2019-02-28,32.3,32.3,31.8,31.8,254248,,,,,historical_baseline,,fe33df9ae5456d8ee27133c42c244c81d150008ababc19399c7ed428638b57ea
2060,2019-02-03,16.06,16.14,15.96,16.0,1143067,,,,,historical_baseline,,fe33df9ae5456d8ee27133c42c244c81d150008ababc19399c7ed428638b57ea
2060,2019-02-04,16.0,16.1,15.88,15.96,1172890,,,,,historical_baseline,,fe33df9ae5456d8ee27133c42c244c81d150008ababc19399c7ed428638b57ea
2060,2019-02-05,16.0,16.16,15.9,16.06,1456305,,,,,historical_baseline,,fe33df9ae5456d8ee27133c42c244c81d150008ababc19399c7ed428638b57ea
2060,2019-02-06,16.1,16.22,15.94,15.98,3073925,,,,,historical_baseline,,fe33df9ae5456d8ee27133c42c244c81d150008ababc19399c7ed428638b57ea
2060,2019-02-07,15.96,16.04,15.88,15.9,2124901,,,,,historical_baseline,,fe33df9ae5456d8ee27133c42c244c81d150008ababc19399c7ed428638b57ea
2060,2019-02-10,15.98,15.98,15.86,15.92,1432077,,,,,historical_baseline,,fe33df9ae5456d8ee27133c42c244c81d150008ababc19399c7ed428638b57ea
2060,2019-02-11,15.9,15.9,15.8,15.84,1095103,,,,,historical_baseline,,fe33df9ae5456d8ee27133c42c244c81d150008ababc19399c7ed428638b57ea
2060,2019-02-12,15.82,15.92,15.78,15.92,1031858,,,,,historical_baseline,,fe33df9ae5456d8ee27133c42c244c81d150008ababc19399c7ed428638b57ea
2060,2019-02-13,16.24,16.64,16.24,16.5,7666813,,,,,historical_baseline,,fe33df9ae5456d8ee27133c42c244c81d150008ababc19399c7ed428638b57ea
2060,2019-02-14,16.5,16.52,16.3,16.4,2341181,,,,,historical_baseline,,fe33df9ae5456d8ee27133c42c244c81d150008ababc19399c7ed428638b57ea
2060,2019-02-17,16.44,16.54,16.38,16.42,2211388,,,,,historical_baseline,,fe33df9ae5456d8ee27133c42c244c81d150008ababc19399c7ed428638b57ea
2060,2019-02-18,16.46,16.46,16.24,16.32,2461001,,,,,historical_baseline,,fe33df9ae5456d8ee27133c42c244c81d150008ababc19399c7ed428638b57ea
2060,2019-02-19,16.3,16.36,16.1,16.16,1841569,,,,,historical_baseline,,fe33df9ae5456d8ee27133c42c244c81d150008ababc19399c7ed428638b57ea
2060,2019-02-20,16.16,16.2,16.12,16.18,794798,,,,,historical_baseline,,fe33df9ae5456d8ee27133c42c244c81d150008ababc19399c7ed428638b57ea
2060,2019-02-21,16.2,16.44,16.16,16.44,1730223,,,,,historical_baseline,,fe33df9ae5456d8ee27133c42c244c81d150008ababc19399c7ed428638b57ea
2060,2019-02-24,16.46,16.66,16.38,16.38,2142240,,,,,historical_baseline,,fe33df9ae5456d8ee27133c42c244c81d150008ababc19399c7ed428638b57ea
2060,2019-02-25,16.36,16.36,16.16,16.24,1465305,,,,,historical_baseline,,fe33df9ae5456d8ee27133c42c244c81d150008ababc19399c7ed428638b57ea
2060,2019-02-26,16.2,16.54,16.1,16.46,1418734,,,,,historical_baseline,,fe33df9ae5456d8ee27133c42c244c81d150008ababc19399c7ed428638b57ea
2060,2019-02-27,16.52,16.56,16.42,16.5,1222290,,,,,historical_baseline,,fe33df9ae5456d8ee27133c42c244c81d150008ababc19399c7ed428638b57ea
2060,2019-02-28,16.54,16.78,16.5,16.6,7750997,,,,,historical_baseline,,fe33df9ae5456d8ee27133c42c244c81d150008ababc19399c7ed428638b57ea
2070,2019-02-03,29.0,29.1,28.85,28.95,111683,,,,,historical_baseline,,fe33df9ae5456d8ee27133c42c244c81d150008ababc19399c7ed428638b57ea
2070,2019-02-04,29.0,29.0,28.65,28.7,239685,,,,,historical_baseline,,fe33df9ae5456d8ee27133c42c244c81d150008ababc19399c7ed428638b57ea
2070,2019-02-05,28.85,28.95,28.8,28.8,46109,,,,,historical_baseline,,fe33df9ae5456d8ee27133c42c244c81d150008ababc19399c7ed428638b57ea
2070,2019-02-06,28.8,28.95,28.8,28.85,103155,,,,,historical_baseline,,fe33df9ae5456d8ee27133c42c244c81d150008ababc19399c7ed428638b57ea
2070,2019-02-07,28.8,28.8,28.25,28.25,167157,,,,,historical_baseline,,fe33df9ae5456d8ee27133c42c244c81d150008ababc19399c7ed428638b57ea
2070,2019-02-10,28.15,28.2,27.8,27.95,186895,,,,,historical_baseline,,fe33df9ae5456d8ee27133c42c244c81d150008ababc19399c7ed428638b57ea
2070,2019-02-11,27.95,28.2,27.85,28.0,114592,,,,,historical_baseline,,fe33df9ae5456d8ee27133c42c244c81d150008ababc19399c7ed428638b57ea
2070,2019-02-12,28.2,28.2,27.95,28.15,94890,,,,,historical_baseline,,fe33df9ae5456d8ee27133c42c244c81d150008ababc19399c7ed428638b57ea
2070,2019-02-13,28.1,28.35,28.0,28.3,208412,,,,,historical_baseline,,fe33df9ae5456d8ee27133c42c244c81d150008ababc19399c7ed428638b57ea
2070,2019-02-14,28.3,28.45,28.05,28.2,60025,,,,,historical_baseline,,fe33df9ae5456d8ee27133c42c244c81d150008ababc19399c7ed428638b57ea
2070,2019-02-17,28.1,28.2,28.0,28.05,68479,,,,,historical_baseline,,fe33df9ae5456d8ee27133c42c244c81d150008ababc19399c7ed428638b57ea
2070,2019-02-18,28.05,28.15,27.95,28.0,62157,,,,,historical_baseline,,fe33df9ae5456d8ee27133c42c244c81d150008ababc19399c7ed428638b57ea
2070,2019-02-19,28.0,28.0,27.7,27.8,129288,,,,,historical_baseline,,fe33df9ae5456d8ee27133c42c244c81d150008ababc19399c7ed428638b57ea
2070,2019-02-20,27.75,28.0,27.75,28.0,49341,,,,,historical_baseline,,fe33df9ae5456d8ee27133c42c244c81d150008ababc19399c7ed428638b57ea
2070,2019-02-21,28.1,28.15,27.8,27.85,45676,,,,,historical_baseline,,fe33df9ae5456d8ee27133c42c244c81d150008ababc19399c7ed428638b57ea
2070,2019-02-24,27.85,27.85,27.6,27.7,60044,,,,,historical_baseline,,fe33df9ae5456d8ee27133c42c244c81d150008ababc19399c7ed428638b57ea
2070,2019-02-25,27.55,27.55,27.1,27.1,263797,,,,,historical_baseline,,fe33df9ae5456d8ee27133c42c244c81d150008ababc19399c7ed428638b57ea
2070,2019-02-26,27.0,27.05,26.65,26.85,347670,,,,,historical_baseline,,fe33df9ae5456d8ee27133c42c244c81d150008ababc19399c7ed428638b57ea
2070,2019-02-27,26.85,26.9,26.6,26.9,136388,,,,,historical_baseline,,fe33df9ae5456d8ee27133c42c244c81d150008ababc19399c7ed428638b57ea
2070,2019-02-28,26.9,26.95,26.55,26.65,311013,,,,,historical_baseline,,fe33df9ae5456d8ee27133c42c244c81d150008ababc19399c7ed428638b57ea
2080,2019-02-03,29.4,29.5,29.35,29.35,38428,,,,,historical_baseline,,fe33df9ae5456d8ee27133c42c244c81d150008ababc19399c7ed428638b57ea
2080,2019-02-04,29.4,29.8,29.25,29.7,136896,,,,,historical_baseline,,fe33df9ae5456d8ee27133c42c244c81d150008ababc19399c7ed428638b57ea
2080,2019-02-05,29.8,29.9,29.6,29.8,63225,,,,,historical_baseline,,fe33df9ae5456d8ee27133c42c244c81d150008ababc19399c7ed428638b57ea
2080,2019-02-06,29.7,29.8,29.55,29.6,48899,,,,,historical_baseline,,fe33df9ae5456d8ee27133c42c244c81d150008ababc19399c7ed428638b57ea
2080,2019-02-07,29.6,29.6,29.35,29.5,29777,,,,,historical_baseline,,fe33df9ae5456d8ee27133c42c244c81d150008ababc19399c7ed428638b57ea
2080,2019-02-10,29.7,29.7,29.4,29.5,25459,,,,,historical_baseline,,fe33df9ae5456d8ee27133c42c244c81d150008ababc19399c7ed428638b57ea
2080,2019-02-11,29.05,29.55,29.05,29.3,42210,,,,,historical_baseline,,fe33df9ae5456d8ee27133c42c244c81d150008ababc19399c7ed428638b57ea
2080,2019-02-12,29.4,29.6,29.4,29.6,35972,,,,,historical_baseline,,fe33df9ae5456d8ee27133c42c244c81d150008ababc19399c7ed428638b57ea
2080,2019-02-13,29.5,29.6,29.4,29.55,25957,,,,,historical_baseline,,fe33df9ae5456d8ee27133c42c244c81d150008ababc19399c7ed428638b57ea
2080,2019-02-14,29.45,29.5,29.3,29.45,29428,,,,,historical_baseline,,fe33df9ae5456d8ee27133c42c244c81d150008ababc19399c7ed428638b57ea
2080,2019-02-17,29.45,29.55,29.4,29.4,23572,,,,,historical_baseline,,fe33df9ae5456d8ee27133c42c244c81d150008ababc19399c7ed428638b57ea
2080,2019-02-18,29.5,29.6,29.4,29.4,24566,,,,,historical_baseline,,fe33df9ae5456d8ee27133c42c244c81d150008ababc19399c7ed428638b57ea
2080,2019-02-19,29.5,29.55,29.45,29.45,27048,,,,,historical_baseline,,fe33df9ae5456d8ee27133c42c244c81d150008ababc19399c7ed428638b57ea
2080,2019-02-20,29.45,29.65,29.45,29.65,24715,,,,,historical_baseline,,fe33df9ae5456d8ee27133c42c244c81d150008ababc19399c7ed428638b57ea
2080,2019-02-21,29.6,29.65,29.45,29.65,25882,,,,,historical_baseline,,fe33df9ae5456d8ee27133c42c244c81d150008ababc19399c7ed428638b57ea
2080,2019-02-24,29.75,29.8,29.5,29.5,66669,,,,,historical_baseline,,fe33df9ae5456d8ee27133c42c244c81d150008ababc19399c7ed428638b57ea
2080,2019-02-25,29.7,29.7,29.4,29.6,69836,,,,,historical_baseline,,fe33df9ae5456d8ee27133c42c244c81d150008ababc19399c7ed428638b57ea
2080,2019-02-26,29.45,29.5,29.45,29.5,6335,,,,,historical_baseline,,fe33df9ae5456d8ee27133c42c244c81d150008ababc19399c7ed428638b57ea
2080,2019-02-27,29.55,29.75,29.3,29.75,24757,,,,,historical_baseline,,fe33df9ae5456d8ee27133c42c244c81d150008ababc19399c7ed428638b57ea
2080,2019-02-28,29.6,29.6,29.5,29.5,6193,,,,,historical_baseline,,fe33df9ae5456d8ee27133c42c244c81d150008ababc19399c7ed428638b57ea
2090,2019-02-03,12.26,12.3,12.14,12.18,113965,,,,,historical_baseline,,fe33df9ae5456d8ee27133c42c244c81d150008ababc19399c7ed428638b57ea
2090,2019-02-04,12.16,12.16,12.1,12.12,97370,,,,,historical_baseline,,fe33df9ae5456d8ee27133c42c244c81d150008ababc19399c7ed428638b57ea
2090,2019-02-05,12.18,12.3,12.14,12.2,435193,,,,,historical_baseline,,fe33df9ae5456d8ee27133c42c244c81d150008ababc19399c7ed428638b57ea
2090,2019-02-06,12.22,12.34,12.14,12.14,324732,,,,,historical_baseline,,fe33df9ae5456d8ee27133c42c244c81d150008ababc19399c7ed428638b57ea
2090,2019-02-07,12.16,12.16,12.1,12.16,93381,,,,,historical_baseline,,fe33df9ae5456d8ee27133c42c244c81d150008ababc19399c7ed428638b57ea
2090,2019-02-10,12.18,12.24,12.16,12.24,128834,,,,,historical_baseline,,fe33df9ae5456d8ee27133c42c244c81d150008ababc19399c7ed428638b57ea
2090,2019-02-11,12.3,12.36,12.2,12.2,370638,,,,,historical_baseline,,fe33df9ae5456d8ee27133c42c244c81d150008ababc19399c7ed428638b57ea
2090,2019-02-12,12.28,12.28,12.1,12.18,107235,,,,,historical_baseline,,fe33df9ae5456d8ee27133c42c244c81d150008ababc19399c7ed428638b57ea
2090,2019-02-13,12.2,12.2,12.1,12.1,125016,,,,,historical_baseline,,fe33df9ae5456d8ee27133c42c244c81d150008ababc19399c7ed428638b57ea
2090,2019-02-14,12.12,12.2,12.1,12.1,84395,,,,,historical_baseline,,fe33df9ae5456d8ee27133c42c244c81d150008ababc19399c7ed428638b57ea
2090,2019-02-17,12.1,12.16,12.08,12.14,78301,,,,,historical_baseline,,fe33df9ae5456d8ee27133c42c244c81d150008ababc19399c7ed428638b57ea
2090,2019-02-18,12.2,12.2,12.08,12.1,56321,,,,,historical_baseline,,fe33df9ae5456d8ee27133c42c244c81d150008ababc19399c7ed428638b57ea
2090,2019-02-19,12.06,12.06,12.02,12.02,36714,,,,,historical_baseline,,fe33df9ae5456d8ee27133c42c244c81d150008ababc19399c7ed428638b57ea
2090,2019-02-20,12.02,12.02,12.0,12.0,27367,,,,,historical_baseline,,fe33df9ae5456d8ee27133c42c244c81d150008ababc19399c7ed428638b57ea
2090,2019-02-21,12.08,12.14,11.98,12.0,46560,,,,,historical_baseline,,fe33df9ae5456d8ee27133c42c244c81d150008ababc19399c7ed428638b57ea
2090,2019-02-24,11.98,11.98,11.98,11.98,24403,,,,,historical_baseline,,fe33df9ae5456d8ee27133c42c244c81d150008ababc19399c7ed428638b57ea
2090,2019-02-25,11.92,11.94,11.88,11.88,44457,,,,,historical_baseline,,fe33df9ae5456d8ee27133c42c244c81d150008ababc19399c7ed428638b57ea
2090,2019-02-26,11.8,11.9,11.8,11.9,53266,,,,,historical_baseline,,fe33df9ae5456d8ee27133c42c244c81d150008ababc19399c7ed428638b57ea
2090,2019-02-27,12.08,12.1,11.9,11.9,49131,,,,,historical_baseline,,fe33df9ae5456d8ee27133c42c244c81d150008ababc19399c7ed428638b57ea
2090,2019-02-28,11.9,11.9,11.8,11.88,72672,,,,,historical_baseline,,fe33df9ae5456d8ee27133c42c244c81d150008ababc19399c7ed428638b57ea
2100,2019-02-03,16.1,16.34,15.94,16.04,119905,,,,,historical_baseline,,fe33df9ae5456d8ee27133c42c244c81d150008ababc19399c7ed428638b57ea
2100,2019-02-04,16.1,16.1,15.94,15.94,27775,,,,,historical_baseline,,fe33df9ae5456d8ee27133c42c244c81d150008ababc19399c7ed428638b57ea
2100,2019-02-05,15.9,16.14,15.83,15.9,68858,,,,,historical_baseline,,fe33df9ae5456d8ee27133c42c244c81d150008ababc19399c7ed428638b57ea
2100,2019-02-06,16.0,16.24,15.83,15.83,127783,,,,,historical_baseline,,fe33df9ae5456d8ee27133c42c244c81d150008ababc19399c7ed428638b57ea
2100,2019-02-07,15.94,16.79,15.94,16.4,888229,,,,,historical_baseline,,fe33df9ae5456d8ee27133c42c244c81d150008ababc19399c7ed428638b57ea
2100,2019-02-10,16.34,16.44,16.04,16.08,221169,,,,,historical_baseline,,fe33df9ae5456d8ee27133c42c244c81d150008ababc19399c7ed428638b57ea
2100,2019-02-11,16.08,16.1,15.92,15.98,88950,,,,,historical_baseline,,fe33df9ae5456d8ee27133c42c244c81d150008ababc19399c7ed428638b57ea
2100,2019-02-12,15.98,16.34,15.94,16.12,125347,,,,,historical_baseline,,fe33df9ae5456d8ee27133c42c244c81d150008ababc19399c7ed428638b57ea
2100,2019-02-13,16.08,16.22,15.96,16.06,110574,,,,,historical_baseline,,fe33df9ae5456d8ee27133c42c244c81d150008ababc19399c7ed428638b57ea
2100,2019-02-14,16.12,16.12,15.71,15.73,134792,,,,,historical_baseline,,fe33df9ae5456d8ee27133c42c244c81d150008ababc19399c7ed428638b57ea
2100,2019-02-17,15.73,15.73,15.45,15.47,119062,,,,,historical_baseline,,fe33df9ae5456d8ee27133c42c244c81d150008ababc19399c7ed428638b57ea
2100,2019-02-18,15.43,15.73,15.31,15.43,163443,,,,,historical_baseline,,fe33df9ae5456d8ee27133c42c244c81d150008ababc19399c7ed428638b57ea
2100,2019-02-19,15.39,15.47,15.39,15.45,33332,,,,,historical_baseline,,fe33df9ae5456d8ee27133c42c244c81d150008ababc19399c7ed428638b57ea
2100,2019-02-20,15.49,15.53,15.47,15.47,20079,,,,,historical_baseline,,fe33df9ae5456d8ee27133c42c244c81d150008ababc19399c7ed428638b57ea
2100,2019-02-21,15.49,15.49,15.33,15.43,39364,,,,,historical_baseline,,fe33df9ae5456d8ee27133c42c244c81d150008ababc19399c7ed428638b57ea
2100,2019-02-24,15.45,15.45,15.39,15.45,22284,,,,,historical_baseline,,fe33df9ae5456d8ee27133c42c244c81d150008ababc19399c7ed428638b57ea
2100,2019-02-25,15.41,15.41,15.23,15.37,70575,,,,,historical_baseline,,fe33df9ae5456d8ee27133c42c244c81d150008ababc19399c7ed428638b57ea
2100,2019-02-26,15.39,15.65,15.37,15.53,79551,,,,,historical_baseline,,fe33df9ae5456d8ee27133c42c244c81d150008ababc19399c7ed428638b57ea
2100,2019-02-27,15.41,15.67,15.41,15.59,143563,,,,,historical_baseline,,fe33df9ae5456d8ee27133c42c244c81d150008ababc19399c7ed428638b57ea
2100,2019-02-28,15.51,15.55,15.41,15.41,37986,,,,,historical_baseline,,fe33df9ae5456d8ee27133c42c244c81d150008ababc19399c7ed428638b57ea
2110,2019-02-03,129.92,131.38,124.5,125.29,543535,,,,,historical_baseline,,fe33df9ae5456d8ee27133c42c244c81d150008ababc19399c7ed428638b57ea
2110,2019-02-04,124.5,128.34,124.37,126.09,431467,,,,,historical_baseline,,fe33df9ae5456d8ee27133c42c244c81d150008ababc19399c7ed428638b57ea
2110,2019-02-05,126.48,126.48,123.57,124.37,268859,,,,,historical_baseline,,fe33df9ae5456d8ee27133c42c244c81d150008ababc19399c7ed428638b57ea
2110,2019-02-06,124.37,127.67,124.1,125.29,469043,,,,,historical_baseline,,fe33df9ae5456d8ee27133c42c244c81d150008ababc19399c7ed428638b57ea
2110,2019-02-07,125.95,126.09,124.1,124.37,158525,,,,,historical_baseline,,fe33df9ae5456d8ee27133c42c244c81d150008ababc19399c7ed428638b57ea
2110,2019-02-10,124.5,131.91,123.84,127.94,972475,,,,,historical_baseline,,fe33df9ae5456d8ee27133c42c244c81d150008ababc19399c7ed428638b57ea
2110,2019-02-11,128.87,130.45,125.29,125.69,495279,,,,,historical_baseline,,fe33df9ae5456d8ee27133c42c244c81d150008ababc19399c7ed428638b57ea
2110,2019-02-12,125.56,125.82,123.97,125.16,201777,,,,,historical_baseline,,fe33df9ae5456d8ee27133c42c244c81d150008ababc19399c7ed428638b57ea
2110,2019-02-13,124.37,124.37,118.55,118.81,577474,,,,,historical_baseline,,fe33df9ae5456d8ee27133c42c244c81d150008ababc19399c7ed428638b57ea
2110,2019-02-14,118.55,122.51,116.96,118.15,482048,,,,,historical_baseline,,fe33df9ae5456d8ee27133c42c244c81d150008ababc19399c7ed428638b57ea
2110,2019-02-17,118.81,125.69,117.49,125.69,700804,,,,,historical_baseline,,fe33df9ae5456d8ee27133c42c244c81d150008ababc19399c7ed428638b57ea
2110,2019-02-18,127.01,130.19,126.62,128.07,848875,,,,,historical_baseline,,fe33df9ae5456d8ee27133c42c244c81d150008ababc19399c7ed428638b57ea
2110,2019-02-19,128.73,129.13,124.37,125.43,357410,,,,,historical_baseline,,fe33df9ae5456d8ee27133c42c244c81d150008ababc19399c7ed428638b57ea
2110,2019-02-20,125.69,127.41,125.16,125.43,243182,,,,,historical_baseline,,fe33df9ae5456d8ee27133c42c244c81d150008ababc19399c7ed428638b57ea
2110,2019-02-21,126.09,128.34,125.95,128.07,293440,,,,,historical_baseline,,fe33df9ae5456d8ee27133c42c244c81d150008ababc19399c7ed428638b57ea
2110,2019-02-24,128.34,128.47,126.62,126.62,152386,,,,,historical_baseline,,fe33df9ae5456d8ee27133c42c244c81d150008ababc19399c7ed428638b57ea
2110,2019-02-25,127.01,129.66,126.48,127.94,402147,,,,,historical_baseline,,fe33df9ae5456d8ee27133c42c244c81d150008ababc19399c7ed428638b57ea
2110,2019-02-26,128.6,129.0,127.54,127.81,181798,,,,,historical_baseline,,fe33df9ae5456d8ee27133c42c244c81d150008ababc19399c7ed428638b57ea
2110,2019-02-27,125.95,126.35,121.85,121.99,603909,,,,,historical_baseline,,fe33df9ae5456d8ee27133c42c244c81d150008ababc19399c7ed428638b57ea
2110,2019-02-28,121.99,123.57,121.46,122.51,235101,,,,,historical_baseline,,fe33df9ae5456d8ee27133c42c244c81d150008ababc19399c7ed428638b57ea
2120,2019-02-03,11.98,12.07,11.88,12.0,576124,,,,,historical_baseline,,fe33df9ae5456d8ee27133c42c244c81d150008ababc19399c7ed428638b57ea
2120,2019-02-04,11.98,12.1,11.83,11.93,674048,,,,,historical_baseline,,fe33df9ae5456d8ee27133c42c244c81d150008ababc19399c7ed428638b57ea
2120,2019-02-05,12.07,12.1,11.83,11.92,689859,,,,,historical_baseline,,fe33df9ae5456d8ee27133c42c244c81d150008ababc19399c7ed428638b57ea
2120,2019-02-06,11.85,11.95,11.78,11.88,351723,,,,,historical_baseline,,fe33df9ae5456d8ee27133c42c244c81d150008ababc19399c7ed428638b57ea
2120,2019-02-07,11.9,11.9,11.73,11.73,255494,,,,,historical_baseline,,fe33df9ae5456d8ee27133c42c244c81d150008ababc19399c7ed428638b57ea
2120,2019-02-10,11.75,12.22,11.73,11.98,1627580,,,,,historical_baseline,,fe33df9ae5456d8ee27133c42c244c81d150008ababc19399c7ed428638b57ea
2120,2019-02-11,11.97,12.02,11.77,11.77,886074,,,,,historical_baseline,,fe33df9ae5456d8ee27133c42c244c81d150008ababc19399c7ed428638b57ea
2120,2019-02-12,11.82,11.87,11.75,11.77,336662,,,,,historical_baseline,,fe33df9ae5456d8ee27133c42c244c81d150008ababc19399c7ed428638b57ea
2120,2019-02-13,11.77,11.85,11.77,11.82,227487,,,,,historical_baseline,,fe33df9ae5456d8ee27133c42c244c81d150008ababc19399c7ed428638b57ea
2120,2019-02-14,11.8,11.88,11.77,11.8,269644,,,,,historical_baseline,,fe33df9ae5456d8ee27133c42c244c81d150008ababc19399c7ed428638b57ea
2120,2019-02-17,11.82,11.83,11.75,11.8,127684,,,,,historical_baseline,,fe33df9ae5456d8ee27133c42c244c81d150008ababc19399c7ed428638b57ea
2120,2019-02-18,11.75,11.82,11.7,11.78,176114,,,,,historical_baseline,,fe33df9ae5456d8ee27133c42c244c81d150008ababc19399c7ed428638b57ea
2120,2019-02-19,11.7,11.73,11.63,11.67,262161,,,,,historical_baseline,,fe33df9ae5456d8ee27133c42c244c81d150008ababc19399c7ed428638b57ea
2120,2019-02-20,11.6,11.8,11.6,11.67,244672,,,,,historical_baseline,,fe33df9ae5456d8ee27133c42c244c81d150008ababc19399c7ed428638b57ea
2120,2019-02-21,11.63,11.63,11.58,11.62,95486,,,,,historical_baseline,,fe33df9ae5456d8ee27133c42c244c81d150008ababc19399c7ed428638b57ea
2120,2019-02-24,11.67,11.75,11.62,11.63,121965,,,,,historical_baseline,,fe33df9ae5456d8ee27133c42c244c81d150008ababc19399c7ed428638b57ea
2120,2019-02-25,11.6,11.7,11.45,11.7,297244,,,,,historical_baseline,,fe33df9ae5456d8ee27133c42c244c81d150008ababc19399c7ed428638b57ea
2120,2019-02-26,11.63,11.7,11.63,11.7,146630,,,,,historical_baseline,,fe33df9ae5456d8ee27133c42c244c81d150008ababc19399c7ed428638b57ea
2120,2019-02-27,11.67,11.7,11.58,11.7,112195,,,,,historical_baseline,,fe33df9ae5456d8ee27133c42c244c81d150008ababc19399c7ed428638b57ea
2120,2019-02-28,11.7,11.88,11.67,11.73,407480,,,,,historical_baseline,,fe33df9ae5456d8ee27133c42c244c81d150008ababc19399c7ed428638b57ea
2130,2019-02-03,8.85,8.92,8.8,8.8,578771,,,,,historical_baseline,,fe33df9ae5456d8ee27133c42c244c81d150008ababc19399c7ed428638b57ea
2130,2019-02-04,8.86,8.87,8.72,8.75,376042,,,,,historical_baseline,,fe33df9ae5456d8ee27133c42c244c81d150008ababc19399c7ed428638b57ea
2130,2019-02-05,8.71,8.88,8.7,8.79,535847,,,,,historical_baseline,,fe33df9ae5456d8ee27133c42c244c81d150008ababc19399c7ed428638b57ea
2130,2019-02-06,8.78,8.84,8.75,8.78,628315,,,,,historical_baseline,,fe33df9ae5456d8ee27133c42c244c81d150008ababc19399c7ed428638b57ea
2130,2019-02-07,8.75,8.86,8.75,8.79,227927,,,,,historical_baseline,,fe33df9ae5456d8ee27133c42c244c81d150008ababc19399c7ed428638b57ea
2130,2019-02-10,8.75,8.85,8.75,8.78,311948,,,,,historical_baseline,,fe33df9ae5456d8ee27133c42c244c81d150008ababc19399c7ed428638b57ea
2130,2019-02-11,8.81,8.81,8.75,8.76,230185,,,,,historical_baseline,,fe33df9ae5456d8ee27133c42c244c81d150008ababc19399c7ed428638b57ea
2130,2019-02-12,8.75,8.81,8.75,8.8,311863,,,,,historical_baseline,,fe33df9ae5456d8ee27133c42c244c81d150008ababc19399c7ed428638b57ea
2130,2019-02-13,8.84,9.12,8.84,8.85,1583559,,,,,historical_baseline,,fe33df9ae5456d8ee27133c42c244c81d150008ababc19399c7ed428638b57ea
2130,2019-02-14,8.85,8.85,8.78,8.81,472177,,,,,historical_baseline,,fe33df9ae5456d8ee27133c42c244c81d150008ababc19399c7ed428638b57ea
2130,2019-02-17,8.82,8.89,8.8,8.81,287120,,,,,historical_baseline,,fe33df9ae5456d8ee27133c42c244c81d150008ababc19399c7ed428638b57ea
2130,2019-02-18,8.81,8.88,8.8,8.85,245032,,,,,historical_baseline,,fe33df9ae5456d8ee27133c42c244c81d150008ababc19399c7ed428638b57ea
2130,2019-02-19,8.83,8.85,8.78,8.85,176870,,,,,historical_baseline,,fe33df9ae5456d8ee27133c42c244c81d150008ababc19399c7ed428638b57ea
2130,2019-02-20,8.85,8.89,8.81,8.81,108677,,,,,historical_baseline,,fe33df9ae5456d8ee27133c42c244c81d150008ababc19399c7ed428638b57ea
2130,2019-02-21,8.8,8.8,8.74,8.74,276658,,,,,historical_baseline,,fe33df9ae5456d8ee27133c42c244c81d150008ababc19399c7ed428638b57ea
2130,2019-02-24,8.75,8.79,8.74,8.77,154771,,,,,historical_baseline,,fe33df9ae5456d8ee27133c42c244c81d150008ababc19399c7ed428638b57ea
2130,2019-02-25,8.75,8.75,8.6,8.65,171078,,,,,historical_baseline,,fe33df9ae5456d8ee27133c42c244c81d150008ababc19399c7ed428638b57ea
2130,2019-02-26,8.56,8.6,8.55,8.56,103127,,,,,historical_baseline,,fe33df9ae5456d8ee27133c42c244c81d150008ababc19399c7ed428638b57ea
2130,2019-02-27,8.49,8.49,8.37,8.39,431446,,,,,historical_baseline,,fe33df9ae5456d8ee27133c42c244c81d150008ababc19399c7ed428638b57ea
2130,2019-02-28,8.35,8.4,8.2,8.31,355929,,,,,historical_baseline,,fe33df9ae5456d8ee27133c42c244c81d150008ababc19399c7ed428638b57ea
2140,2019-02-03,10.52,10.52,10.3,10.3,267342,,,,,historical_baseline,,fe33df9ae5456d8ee27133c42c244c81d150008ababc19399c7ed428638b57ea
2140,2019-02-04,10.3,10.38,10.12,10.2,332731,,,,,historical_baseline,,fe33df9ae5456d8ee27133c42c244c81d150008ababc19399c7ed428638b57ea
2140,2019-02-05,10.22,10.28,10.16,10.2,191169,,,,,historical_baseline,,fe33df9ae5456d8ee27133c42c244c81d150008ababc19399c7ed428638b57ea
2140,2019-02-06,10.24,10.36,10.2,10.2,365251,,,,,historical_baseline,,fe33df9ae5456d8ee27133c42c244c81d150008ababc19399c7ed428638b57ea
2140,2019-02-07,10.28,10.36,10.26,10.26,240897,,,,,historical_baseline,,fe33df9ae5456d8ee27133c42c244c81d150008ababc19399c7ed428638b57ea
2140,2019-02-10,10.2,10.2,10.1,10.2,180480,,,,,historical_baseline,,fe33df9ae5456d8ee27133c42c244c81d150008ababc19399c7ed428638b57ea
2140,2019-02-11,10.1,10.16,10.1,10.12,90199,,,,,historical_baseline,,fe33df9ae5456d8ee27133c42c244c81d150008ababc19399c7ed428638b57ea
2140,2019-02-12,10.1,10.3,10.08,10.22,266112,,,,,historical_baseline,,fe33df9ae5456d8ee27133c42c244c81d150008ababc19399c7ed428638b57ea
2140,2019-02-13,10.2,10.3,10.1,10.12,244661,,,,,historical_baseline,,fe33df9ae5456d8ee27133c42c244c81d150008ababc19399c7ed428638b57ea
2140,2019-02-14,10.1,10.14,10.08,10.14,106528,,,,,historical_baseline,,fe33df9ae5456d8ee27133c42c244c81d150008ababc19399c7ed428638b57ea
2140,2019-02-17,10.14,10.14,10.02,10.1,165583,,,,,historical_baseline,,fe33df9ae5456d8ee27133c42c244c81d150008ababc19399c7ed428638b57ea
2140,2019-02-18,10.06,10.12,9.99,9.99,386237,,,,,historical_baseline,,fe33df9ae5456d8ee27133c42c244c81d150008ababc19399c7ed428638b57ea
2140,2019-02-19,9.98,10.02,9.98,10.0,175373,,,,,historical_baseline,,fe33df9ae5456d8ee27133c42c244c81d150008ababc19399c7ed428638b57ea
2140,2019-02-20,10.0,10.04,10.0,10.04,61454,,,,,historical_baseline,,fe33df9ae5456d8ee27133c42c244c81d150008ababc19399c7ed428638b57ea
2140,2019-02-21,10.06,10.06,9.98,10.04,108020,,,,,historical_baseline,,fe33df9ae5456d8ee27133c42c244c81d150008ababc19399c7ed428638b57ea
2140,2019-02-24,10.06,10.1,10.0,10.0,143915,,,,,historical_baseline,,fe33df9ae5456d8ee27133c42c244c81d150008ababc19399c7ed428638b57ea
2140,2019-02-25,10.1,10.18,10.0,10.0,373918,,,,,historical_baseline,,fe33df9ae5456d8ee27133c42c244c81d150008ababc19399c7ed428638b57ea
2140,2019-02-26,10.0,10.02,9.99,10.0,97506,,,,,historical_baseline,,fe33df9ae5456d8ee27133c42c244c81d150008ababc19399c7ed428638b57ea
2140,2019-02-27,10.1,10.24,10.0,10.0,380306,,,,,historical_baseline,,fe33df9ae5456d8ee27133c42c244c81d150008ababc19399c7ed428638b57ea
2140,2019-02-28,10.02,10.08,10.02,10.02,77101,,,,,historical_baseline,,fe33df9ae5456d8ee27133c42c244c81d150008ababc19399c7ed428638b57ea
2150,2019-02-03,18.78,18.78,18.5,18.52,34815,,,,,historical_baseline,,fe33df9ae5456d8ee27133c42c244c81d150008ababc19399c7ed428638b57ea
2150,2019-02-04,18.5,18.6,18.0,18.26,59641,,,,,historical_baseline,,fe33df9ae5456d8ee27133c42c244c81d150008ababc19399c7ed428638b57ea
2150,2019-02-05,18.4,18.52,18.3,18.3,43400,,,,,historical_baseline,,fe33df9ae5456d8ee27133c42c244c81d150008ababc19399c7ed428638b57ea
2150,2019-02-06,18.32,18.4,18.3,18.32,27749,,,,,historical_baseline,,fe33df9ae5456d8ee27133c42c244c81d150008ababc19399c7ed428638b57ea
2150,2019-02-07,18.32,18.58,18.3,18.36,27095,,,,,historical_baseline,,fe33df9ae5456d8ee27133c42c244c81d150008ababc19399c7ed428638b57ea
2150,2019-02-10,18.52,18.58,18.38,18.42,25671,,,,,historical_baseline,,fe33df9ae5456d8ee27133c42c244c81d150008ababc19399c7ed428638b57ea
2150,2019-02-11,18.5,18.56,18.3,18.3,28084,,,,,historical_baseline,,fe33df9ae5456d8ee27133c42c244c81d150008ababc19399c7ed428638b57ea
2150,2019-02-12,18.34,18.34,18.3,18.32,22646,,,,,historical_baseline,,fe33df9ae5456d8ee27133c42c244c81d150008ababc19399c7ed428638b57ea
2150,2019-02-13,18.32,18.32,18.24,18.26,7272,,,,,historical_baseline,,fe33df9ae5456d8ee27133c42c244c81d150008ababc19399c7ed428638b57ea
2150,2019-02-14,18.3,18.32,18.3,18.32,12077,,,,,historical_baseline,,fe33df9ae5456d8ee27133c42c244c81d150008ababc19399c7ed428638b57ea
2150,2019-02-17,18.22,18.28,18.22,18.28,7426,,,,,historical_baseline,,fe33df9ae5456d8ee27133c42c244c81d150008ababc19399c7ed428638b57ea
2150,2019-02-18,18.22,18.26,18.22,18.26,4464,,,,,historical_baseline,,fe33df9ae5456d8ee27133c42c244c81d150008ababc19399c7ed428638b57ea
2150,2019-02-19,18.18,18.26,18.18,18.22,28261,,,,,historical_baseline,,fe33df9ae5456d8ee27133c42c244c81d150008ababc19399c7ed428638b57ea
2150,2019-02-20,18.28,18.28,18.2,18.22,6853,,,,,historical_baseline,,fe33df9ae5456d8ee27133c42c244c81d150008ababc19399c7ed428638b57ea
2150,2019-02-21,18.2,18.32,18.2,18.28,10590,,,,,historical_baseline,,fe33df9ae5456d8ee27133c42c244c81d150008ababc19399c7ed428638b57ea
2150,2019-02-24,18.22,18.3,18.22,18.3,9501,,,,,historical_baseline,,fe33df9ae5456d8ee27133c42c244c81d150008ababc19399c7ed428638b57ea
2150,2019-02-25,18.32,18.32,18.0,18.22,48285,,,,,historical_baseline,,fe33df9ae5456d8ee27133c42c244c81d150008ababc19399c7ed428638b57ea
2150,2019-02-26,18.02,18.04,18.02,18.04,12305,,,,,historical_baseline,,fe33df9ae5456d8ee27133c42c244c81d150008ababc19399c7ed428638b57ea
2150,2019-02-27,18.04,18.08,18.04,18.04,12608,,,,,historical_baseline,,fe33df9ae5456d8ee27133c42c244c81d150008ababc19399c7ed428638b57ea
2150,2019-02-28,18.1,18.1,18.02,18.04,6988,,,,,historical_baseline,,fe33df9ae5456d8ee27133c42c244c81d150008ababc19399c7ed428638b57ea
2160,2019-02-03,111.14,114.23,109.6,111.76,285988,,,,,historical_baseline,,fe33df9ae5456d8ee27133c42c244c81d150008ababc19399c7ed428638b57ea
2160,2019-02-04,112.99,118.09,112.99,117.47,513114,,,,,historical_baseline,,fe33df9ae5456d8ee27133c42c244c81d150008ababc19399c7ed428638b57ea
2160,2019-02-05,116.54,117.01,113.76,114.69,286958,,,,,historical_baseline,,fe33df9ae5456d8ee27133c42c244c81d150008ababc19399c7ed428638b57ea
2160,2019-02-06,113.46,114.23,112.53,112.84,176454,,,,,historical_baseline,,fe33df9ae5456d8ee27133c42c244c81d150008ababc19399c7ed428638b57ea
2160,2019-02-07,113.15,113.15,111.45,112.22,92880,,,,,historical_baseline,,fe33df9ae5456d8ee27133c42c244c81d150008ababc19399c7ed428638b57ea
2160,2019-02-10,112.84,115.0,112.53,112.99,134454,,,,,historical_baseline,,fe33df9ae5456d8ee27133c42c244c81d150008ababc19399c7ed428638b57ea
2160,2019-02-11,113.61,113.61,112.07,112.22,84121,,,,,historical_baseline,,fe33df9ae5456d8ee27133c42c244c81d150008ababc19399c7ed428638b57ea
2160,2019-02-12,112.22,112.38,110.37,110.37,79436,,,,,historical_baseline,,fe33df9ae5456d8ee27133c42c244c81d150008ababc19399c7ed428638b57ea
2160,2019-02-13,109.6,109.6,104.97,106.2,193063,,,,,historical_baseline,,fe33df9ae5456d8ee27133c42c244c81d150008ababc19399c7ed428638b57ea
2160,2019-02-14,105.74,106.97,104.35,104.97,93690,,,,,historical_baseline,,fe33df9ae5456d8ee27133c42c244c81d150008ababc19399c7ed428638b57ea
2160,2019-02-17,104.97,105.74,103.42,103.42,57015,,,,,historical_baseline,,fe33df9ae5456d8ee27133c42c244c81d150008ababc19399c7ed428638b57ea
2160,2019-02-18,103.11,108.52,102.81,105.12,270406,,,,,historical_baseline,,fe33df9ae5456d8ee27133c42c244c81d150008ababc19399c7ed428638b57ea
2160,2019-02-19,105.27,105.58,103.89,104.19,49942,,,,,historical_baseline,,fe33df9ae5456d8ee27133c42c244c81d150008ababc19399c7ed428638b57ea
2160,2019-02-20,104.66,105.74,104.04,104.5,39470,,,,,historical_baseline,,fe33df9ae5456d8ee27133c42c244c81d150008ababc19399c7ed428638b57ea
2160,2019-02-21,98.17,100.8,94.16,94.32,698595,,,,,historical_baseline,,fe33df9ae5456d8ee27133c42c244c81d150008ababc19399c7ed428638b57ea
2160,2019-02-24,94.32,95.55,92.31,92.93,296097,,,,,historical_baseline,,fe33df9ae5456d8ee27133c42c244c81d150008ababc19399c7ed428638b57ea
2160,2019-02-25,92.62,96.48,91.85,95.7,311444,,,,,historical_baseline,,fe33df9ae5456d8ee27133c42c244c81d150008ababc19399c7ed428638b57ea
2160,2019-02-26,96.01,97.09,94.93,96.48,223603,,,,,historical_baseline,,fe33df9ae5456d8ee27133c42c244c81d150008ababc19399c7ed428638b57ea
2160,2019-02-27,95.86,96.17,94.62,95.09,119460,,,,,historical_baseline,,fe33df9ae5456d8ee27133c42c244c81d150008ababc19399c7ed428638b57ea
2160,2019-02-28,94.47,95.7,93.85,94.16,63624,,,,,historical_baseline,,fe33df9ae5456d8ee27133c42c244c81d150008ababc19399c7ed428638b57ea
2170,2019-02-03,23.0,23.3,22.8,22.94,482847,,,,,historical_baseline,,fe33df9ae5456d8ee27133c42c244c81d150008ababc19399c7ed428638b57ea
2170,2019-02-04,22.86,23.0,22.8,22.84,238782,,,,,historical_baseline,,fe33df9ae5456d8ee27133c42c244c81d150008ababc19399c7ed428638b57ea
2170,2019-02-05,22.84,23.0,22.68,23.0,357240,,,,,historical_baseline,,fe33df9ae5456d8ee27133c42c244c81d150008ababc19399c7ed428638b57ea
2170,2019-02-06,23.2,24.0,22.86,23.64,2172054,,,,,historical_baseline,,fe33df9ae5456d8ee27133c42c244c81d150008ababc19399c7ed428638b57ea
2170,2019-02-07,23.78,23.78,23.3,23.4,554581,,,,,historical_baseline,,fe33df9ae5456d8ee27133c42c244c81d150008ababc19399c7ed428638b57ea
2170,2019-02-10,23.32,23.32,23.02,23.12,240326,,,,,historical_baseline,,fe33df9ae5456d8ee27133c42c244c81d150008ababc19399c7ed428638b57ea
2170,2019-02-11,23.12,23.64,23.12,23.38,781015,,,,,historical_baseline,,fe33df9ae5456d8ee27133c42c244c81d150008ababc19399c7ed428638b57ea
2170,2019-02-12,23.38,24.0,23.38,23.8,966812,,,,,historical_baseline,,fe33df9ae5456d8ee27133c42c244c81d150008ababc19399c7ed428638b57ea
2170,2019-02-13,23.9,24.3,23.7,24.1,1218225,,,,,historical_baseline,,fe33df9ae5456d8ee27133c42c244c81d150008ababc19399c7ed428638b57ea
2170,2019-02-14,24.18,24.18,23.7,23.88,564110,,,,,historical_baseline,,fe33df9ae5456d8ee27133c42c244c81d150008ababc19399c7ed428638b57ea
2170,2019-02-17,23.88,23.98,23.7,23.74,279660,,,,,historical_baseline,,fe33df9ae5456d8ee27133c42c244c81d150008ababc19399c7ed428638b57ea
2170,2019-02-18,23.78,24.88,23.72,24.46,1708329,,,,,historical_baseline,,fe33df9ae5456d8ee27133c42c244c81d150008ababc19399c7ed428638b57ea
2170,2019-02-19,24.58,24.58,24.08,24.18,441892,,,,,historical_baseline,,fe33df9ae5456d8ee27133c42c244c81d150008ababc19399c7ed428638b57ea
2170,2019-02-20,24.1,24.46,24.1,24.34,434153,,,,,historical_baseline,,fe33df9ae5456d8ee27133c42c244c81d150008ababc19399c7ed428638b57ea
2170,2019-02-21,24.44,24.44,24.08,24.12,330996,,,,,historical_baseline,,fe33df9ae5456d8ee27133c42c244c81d150008ababc19399c7ed428638b57ea
2170,2019-02-24,24.12,24.2,24.06,24.06,255876,,,,,historical_baseline,,fe33df9ae5456d8ee27133c42c244c81d150008ababc19399c7ed428638b57ea
2170,2019-02-25,24.04,24.1,23.56,23.92,500830,,,,,historical_baseline,,fe33df9ae5456d8ee27133c42c244c81d150008ababc19399c7ed428638b57ea
2170,2019-02-26,23.96,23.96,23.72,23.96,114960,,,,,historical_baseline,,fe33df9ae5456d8ee27133c42c244c81d150008ababc19399c7ed428638b57ea
2170,2019-02-27,23.82,23.92,23.4,23.74,387098,,,,,historical_baseline,,fe33df9ae5456d8ee27133c42c244c81d150008ababc19399c7ed428638b57ea
2170,2019-02-28,23.7,23.8,23.6,23.72,134719,,,,,historical_baseline,,fe33df9ae5456d8ee27133c42c244c81d150008ababc19399c7ed428638b57ea
2180,2019-02-03,34.1,34.45,34.1,34.4,42729,,,,,historical_baseline,,fe33df9ae5456d8ee27133c42c244c81d150008ababc19399c7ed428638b57ea
2180,2019-02-04,34.4,34.5,33.9,33.9,66426,,,,,historical_baseline,,fe33df9ae5456d8ee27133c42c244c81d150008ababc19399c7ed428638b57ea
2180,2019-02-05,33.9,34.0,33.8,34.0,40468,,,,,historical_baseline,,fe33df9ae5456d8ee27133c42c244c81d150008ababc19399c7ed428638b57ea
2180,2019-02-06,34.2,34.2,33.85,34.0,40252,,,,,historical_baseline,,fe33df9ae5456d8ee27133c42c244c81d150008ababc19399c7ed428638b57ea
2180,2019-02-07,34.0,34.0,33.7,34.0,53963,,,,,historical_baseline,,fe33df9ae5456d8ee27133c42c244c81d150008ababc19399c7ed428638b57ea
2180,2019-02-10,34.0,34.0,33.5,33.7,33395,,,,,historical_baseline,,fe33df9ae5456d8ee27133c42c244c81d150008ababc19399c7ed428638b57ea
2180,2019-02-11,33.5,34.0,33.5,33.55,51988,,,,,historical_baseline,,fe33df9ae5456d8ee27133c42c244c81d150008ababc19399c7ed428638b57ea
2180,2019-02-12,33.6,33.75,33.5,33.75,56189,,,,,historical_baseline,,fe33df9ae5456d8ee27133c42c244c81d150008ababc19399c7ed428638b57ea
2180,2019-02-13,33.6,33.75,33.4,33.4,41536,,,,,historical_baseline,,fe33df9ae5456d8ee27133c42c244c81d150008ababc19399c7ed428638b57ea
2180,2019-02-14,33.5,33.5,33.3,33.3,56180,,,,,historical_baseline,,fe33df9ae5456d8ee27133c42c244c81d150008ababc19399c7ed428638b57ea
2180,2019-02-17,33.55,33.55,33.35,33.5,30877,,,,,historical_baseline,,fe33df9ae5456d8ee27133c42c244c81d150008ababc19399c7ed428638b57ea
2180,2019-02-18,33.35,33.6,33.05,33.6,50312,,,,,historical_baseline,,fe33df9ae5456d8ee27133c42c244c81d150008ababc19399c7ed428638b57ea
2180,2019-02-19,33.6,33.6,33.35,33.5,34278,,,,,historical_baseline,,fe33df9ae5456d8ee27133c42c244c81d150008ababc19399c7ed428638b57ea
2180,2019-02-20,33.55,33.6,33.35,33.55,23596,,,,,historical_baseline,,fe33df9ae5456d8ee27133c42c244c81d150008ababc19399c7ed428638b57ea
2180,2019-02-21,33.55,33.55,33.3,33.3,7997,,,,,historical_baseline,,fe33df9ae5456d8ee27133c42c244c81d150008ababc19399c7ed428638b57ea
2180,2019-02-24,33.4,33.5,33.25,33.45,25642,,,,,historical_baseline,,fe33df9ae5456d8ee27133c42c244c81d150008ababc19399c7ed428638b57ea
2180,2019-02-25,33.2,33.35,33.0,33.3,54813,,,,,historical_baseline,,fe33df9ae5456d8ee27133c42c244c81d150008ababc19399c7ed428638b57ea
2180,2019-02-26,33.3,33.3,33.0,33.3,19652,,,,,historical_baseline,,fe33df9ae5456d8ee27133c42c244c81d150008ababc19399c7ed428638b57ea
2180,2019-02-27,33.2,33.3,33.0,33.15,11701,,,,,historical_baseline,,fe33df9ae5456d8ee27133c42c244c81d150008ababc19399c7ed428638b57ea
2180,2019-02-28,33.3,33.85,33.25,33.45,66678,,,,,historical_baseline,,fe33df9ae5456d8ee27133c42c244c81d150008ababc19399c7ed428638b57ea
2190,2019-02-03,11.9,12.0,11.8,11.92,569183,,,,,historical_baseline,,fe33df9ae5456d8ee27133c42c244c81d150008ababc19399c7ed428638b57ea
2190,2019-02-04,11.86,11.96,11.64,11.68,575892,,,,,historical_baseline,,fe33df9ae5456d8ee27133c42c244c81d150008ababc19399c7ed428638b57ea
2190,2019-02-05,11.7,11.74,11.56,11.72,527338,,,,,historical_baseline,,fe33df9ae5456d8ee27133c42c244c81d150008ababc19399c7ed428638b57ea
2190,2019-02-06,11.74,11.82,11.66,11.8,525064,,,,,historical_baseline,,fe33df9ae5456d8ee27133c42c244c81d150008ababc19399c7ed428638b57ea
2190,2019-02-07,11.78,11.78,11.68,11.68,82636,,,,,historical_baseline,,fe33df9ae5456d8ee27133c42c244c81d150008ababc19399c7ed428638b57ea
2190,2019-02-10,11.66,11.72,11.4,11.48,639623,,,,,historical_baseline,,fe33df9ae5456d8ee27133c42c244c81d150008ababc19399c7ed428638b57ea
2190,2019-02-11,11.56,11.68,11.52,11.64,501180,,,,,historical_baseline,,fe33df9ae5456d8ee27133c42c244c81d150008ababc19399c7ed428638b57ea
2190,2019-02-12,11.64,11.66,11.56,11.64,335114,,,,,historical_baseline,,fe33df9ae5456d8ee27133c42c244c81d150008ababc19399c7ed428638b57ea
2190,2019-02-13,11.64,11.68,11.52,11.56,433790,,,,,historical_baseline,,fe33df9ae5456d8ee27133c42c244c81d150008ababc19399c7ed428638b57ea
2190,2019-02-14,11.5,11.56,11.42,11.46,378347,,,,,historical_baseline,,fe33df9ae5456d8ee27133c42c244c81d150008ababc19399c7ed428638b57ea
2190,2019-02-17,11.48,11.56,11.42,11.46,226148,,,,,historical_baseline,,fe33df9ae5456d8ee27133c42c244c81d150008ababc19399c7ed428638b57ea
2190,2019-02-18,11.48,11.5,11.42,11.42,134149,,,,,historical_baseline,,fe33df9ae5456d8ee27133c42c244c81d150008ababc19399c7ed428638b57ea
2190,2019-02-19,11.44,11.46,11.36,11.42,277267,,,,,historical_baseline,,fe33df9ae5456d8ee27133c42c244c81d150008ababc19399c7ed428638b57ea
2190,2019-02-20,11.38,11.42,11.3,11.4,232105,,,,,historical_baseline,,fe33df9ae5456d8ee27133c42c244c81d150008ababc19399c7ed428638b57ea
2190,2019-02-21,11.36,11.46,11.34,11.46,121470,,,,,historical_baseline,,fe33df9ae5456d8ee27133c42c244c81d150008ababc19399c7ed428638b57ea
2190,2019-02-24,11.44,11.56,11.44,11.52,180941,,,,,historical_baseline,,fe33df9ae5456d8ee27133c42c244c81d150008ababc19399c7ed428638b57ea
2190,2019-02-25,11.6,11.6,11.42,11.46,267617,,,,,historical_baseline,,fe33df9ae5456d8ee27133c42c244c81d150008ababc19399c7ed428638b57ea
2190,2019-02-26,11.48,11.52,11.4,11.52,199227,,,,,historical_baseline,,fe33df9ae5456d8ee27133c42c244c81d150008ababc19399c7ed428638b57ea
2190,2019-02-27,11.7,11.78,11.64,11.68,941517,,,,,historical_baseline,,fe33df9ae5456d8ee27133c42c244c81d150008ababc19399c7ed428638b57ea
2190,2019-02-28,11.7,11.7,11.54,11.68,441846,,,,,historical_baseline,,fe33df9ae5456d8ee27133c42c244c81d150008ababc19399c7ed428638b57ea
2200,2019-02-03,42.16,45.6,42.16,45.04,1242840,,,,,historical_baseline,,fe33df9ae5456d8ee27133c42c244c81d150008ababc19399c7ed428638b57ea
2200,2019-02-04,45.2,45.84,44.0,44.0,1031671,,,,,historical_baseline,,fe33df9ae5456d8ee27133c42c244c81d150008ababc19399c7ed428638b57ea
2200,2019-02-05,45.76,46.16,44.72,44.88,1147019,,,,,historical_baseline,,fe33df9ae5456d8ee27133c42c244c81d150008ababc19399c7ed428638b57ea
2200,2019-02-06,44.96,44.96,43.92,44.24,372354,,,,,historical_baseline,,fe33df9ae5456d8ee27133c42c244c81d150008ababc19399c7ed428638b57ea
2200,2019-02-07,44.24,44.96,43.68,44.08,478439,,,,,historical_baseline,,fe33df9ae5456d8ee27133c42c244c81d150008ababc19399c7ed428638b57ea
2200,2019-02-10,44.32,44.48,43.52,43.68,257024,,,,,historical_baseline,,fe33df9ae5456d8ee27133c42c244c81d150008ababc19399c7ed428638b57ea
2200,2019-02-11,43.76,43.92,43.6,43.76,170431,,,,,historical_baseline,,fe33df9ae5456d8ee27133c42c244c81d150008ababc19399c7ed428638b57ea
2200,2019-02-12,43.76,43.84,43.44,43.52,91707,,,,,historical_baseline,,fe33df9ae5456d8ee27133c42c244c81d150008ababc19399c7ed428638b57ea
2200,2019-02-13,43.44,43.76,43.12,43.2,109022,,,,,historical_baseline,,fe33df9ae5456d8ee27133c42c244c81d150008ababc19399c7ed428638b57ea
2200,2019-02-14,43.28,43.92,43.12,43.36,132151,,,,,historical_baseline,,fe33df9ae5456d8ee27133c42c244c81d150008ababc19399c7ed428638b57ea
2200,2019-02-17,43.6,43.6,42.72,42.96,128018,,,,,historical_baseline,,fe33df9ae5456d8ee27133c42c244c81d150008ababc19399c7ed428638b57ea
2200,2019-02-18,42.72,43.28,42.72,42.72,170550,,,,,historical_baseline,,fe33df9ae5456d8ee27133c42c244c81d150008ababc19399c7ed428638b57ea
2200,2019-02-19,42.88,43.2,42.4,42.4,139583,,,,,historical_baseline,,fe33df9ae5456d8ee27133c42c244c81d150008ababc19399c7ed428638b57ea
2200,2019-02-20,42.32,42.48,42.0,42.4,123762,,,,,historical_baseline,,fe33df9ae5456d8ee27133c42c244c81d150008ababc19399c7ed428638b57ea
2200,2019-02-21,42.56,42.72,42.4,42.56,49631,,,,,historical_baseline,,fe33df9ae5456d8ee27133c42c244c81d150008ababc19399c7ed428638b57ea
2200,2019-02-24,42.4,42.48,42.16,42.16,42897,,,,,historical_baseline,,fe33df9ae5456d8ee27133c42c244c81d150008ababc19399c7ed428638b57ea
2200,2019-02-25,42.72,43.68,42.56,42.8,331099,,,,,historical_baseline,,fe33df9ae5456d8ee27133c42c244c81d150008ababc19399c7ed428638b57ea
2200,2019-02-26,42.72,42.72,42.32,42.48,81287,,,,,historical_baseline,,fe33df9ae5456d8ee27133c42c244c81d150008ababc19399c7ed428638b57ea
2200,2019-02-27,42.48,42.56,42.32,42.4,57565,,,,,historical_baseline,,fe33df9ae5456d8ee27133c42c244c81d150008ababc19399c7ed428638b57ea
2200,2019-02-28,42.4,43.2,42.4,42.88,122426,,,,,historical_baseline,,fe33df9ae5456d8ee27133c42c244c81d150008ababc19399c7ed428638b57ea
2210,2019-02-03,28.15,28.25,27.85,28.0,150457,,,,,historical_baseline,,fe33df9ae5456d8ee27133c42c244c81d150008ababc19399c7ed428638b57ea
2210,2019-02-04,28.0,28.2,27.7,28.2,113431,,,,,historical_baseline,,fe33df9ae5456d8ee27133c42c244c81d150008ababc19399c7ed428638b57ea
2210,2019-02-05,28.0,28.15,27.9,28.1,79050,,,,,historical_baseline,,fe33df9ae5456d8ee27133c42c244c81d150008ababc19399c7ed428638b57ea
2210,2019-02-06,28.0,28.1,27.55,27.95,239106,,,,,historical_baseline,,fe33df9ae5456d8ee27133c42c244c81d150008ababc19399c7ed428638b57ea
2210,2019-02-07,27.85,27.85,27.2,27.3,122303,,,,,historical_baseline,,fe33df9ae5456d8ee27133c42c244c81d150008ababc19399c7ed428638b57ea
2210,2019-02-10,27.2,27.3,27.05,27.15,84008,,,,,historical_baseline,,fe33df9ae5456d8ee27133c42c244c81d150008ababc19399c7ed428638b57ea
2210,2019-02-11,28.0,29.2,27.75,27.85,1644250,,,,,historical_baseline,,fe33df9ae5456d8ee27133c42c244c81d150008ababc19399c7ed428638b57ea
2210,2019-02-12,27.8,28.15,27.0,27.6,310407,,,,,historical_baseline,,fe33df9ae5456d8ee27133c42c244c81d150008ababc19399c7ed428638b57ea
2210,2019-02-13,27.55,28.3,27.25,27.9,312051,,,,,historical_baseline,,fe33df9ae5456d8ee27133c42c244c81d150008ababc19399c7ed428638b57ea
2210,2019-02-14,27.9,28.3,27.9,28.3,246692,,,,,historical_baseline,,fe33df9ae5456d8ee27133c42c244c81d150008ababc19399c7ed428638b57ea
2210,2019-02-17,28.2,28.95,28.2,28.45,547045,,,,,historical_baseline,,fe33df9ae5456d8ee27133c42c244c81d150008ababc19399c7ed428638b57ea
2210,2019-02-18,28.6,28.65,27.85,27.95,491823,,,,,historical_baseline,,fe33df9ae5456d8ee27133c42c244c81d150008ababc19399c7ed428638b57ea
2210,2019-02-19,27.95,28.4,27.7,27.9,321019,,,,,historical_baseline,,fe33df9ae5456d8ee27133c42c244c81d150008ababc19399c7ed428638b57ea
2210,2019-02-20,27.8,28.05,27.7,27.8,152033,,,,,historical_baseline,,fe33df9ae5456d8ee27133c42c244c81d150008ababc19399c7ed428638b57ea
2210,2019-02-21,27.85,28.0,27.65,27.75,140245,,,,,historical_baseline,,fe33df9ae5456d8ee27133c42c244c81d150008ababc19399c7ed428638b57ea
2210,2019-02-24,27.8,28.0,27.75,27.75,182067,,,,,historical_baseline,,fe33df9ae5456d8ee27133c42c244c81d150008ababc19399c7ed428638b57ea
2210,2019-02-25,27.7,27.8,27.5,27.65,175004,,,,,historical_baseline,,fe33df9ae5456d8ee27133c42c244c81d150008ababc19399c7ed428638b57ea
2210,2019-02-26,27.5,27.9,27.5,27.9,165098,,,,,historical_baseline,,fe33df9ae5456d8ee27133c42c244c81d150008ababc19399c7ed428638b57ea
2210,2019-02-27,27.7,27.75,27.4,27.5,139369,,,,,historical_baseline,,fe33df9ae5456d8ee27133c42c244c81d150008ababc19399c7ed428638b57ea
2210,2019-02-28,27.45,27.5,27.15,27.15,256067,,,,,historical_baseline,,fe33df9ae5456d8ee27133c42c244c81d150008ababc19399c7ed428638b57ea
2220,2019-02-03,16.82,17.03,16.8,16.88,70126,,,,,historical_baseline,,fe33df9ae5456d8ee27133c42c244c81d150008ababc19399c7ed428638b57ea
2220,2019-02-04,16.82,16.82,16.65,16.71,70259,,,,,historical_baseline,,fe33df9ae5456d8ee27133c42c244c81d150008ababc19399c7ed428638b57ea
2220,2019-02-05,16.65,16.69,16.64,16.65,101523,,,,,historical_baseline,,fe33df9ae5456d8ee27133c42c244c81d150008ababc19399c7ed428638b57ea
2220,2019-02-06,16.62,16.71,16.58,16.58,80289,,,,,historical_baseline,,fe33df9ae5456d8ee27133c42c244c81d150008ababc19399c7ed428638b57ea
2220,2019-02-07,16.6,16.67,16.52,16.67,35906,,,,,historical_baseline,,fe33df9ae5456d8ee27133c42c244c81d150008ababc19399c7ed428638b57ea
2220,2019-02-10,16.62,16.69,16.6,16.62,168011,,,,,historical_baseline,,fe33df9ae5456d8ee27133c42c244c81d150008ababc19399c7ed428638b57ea
2220,2019-02-11,16.56,16.58,16.52,16.52,76378,,,,,historical_baseline,,fe33df9ae5456d8ee27133c42c244c81d150008ababc19399c7ed428638b57ea
2220,2019-02-12,16.49,16.52,16.43,16.43,56822,,,,,historical_baseline,,fe33df9ae5456d8ee27133c42c244c81d150008ababc19399c7ed428638b57ea
2220,2019-02-13,16.6,16.71,16.47,16.6,92849,,,,,historical_baseline,,fe33df9ae5456d8ee27133c42c244c81d150008ababc19399c7ed428638b57ea
2220,2019-02-14,16.52,16.52,16.37,16.52,50965,,,,,historical_baseline,,fe33df9ae5456d8ee27133c42c244c81d150008ababc19399c7ed428638b57ea
2220,2019-02-17,16.39,16.56,16.39,16.54,35290,,,,,historical_baseline,,fe33df9ae5456d8ee27133c42c244c81d150008ababc19399c7ed428638b57ea
2220,2019-02-18,16.35,16.52,16.35,16.39,35684,,,,,historical_baseline,,fe33df9ae5456d8ee27133c42c244c81d150008ababc19399c7ed428638b57ea
2220,2019-02-19,16.39,16.5,16.34,16.5,37941,,,,,historical_baseline,,fe33df9ae5456d8ee27133c42c244c81d150008ababc19399c7ed428638b57ea
2220,2019-02-20,16.5,16.5,16.5,16.5,19594,,,,,historical_baseline,,fe33df9ae5456d8ee27133c42c244c81d150008ababc19399c7ed428638b57ea
2220,2019-02-21,16.34,16.49,16.34,16.49,59453,,,,,historical_baseline,,fe33df9ae5456d8ee27133c42c244c81d150008ababc19399c7ed428638b57ea
2220,2019-02-24,16.54,16.71,16.43,16.52,120782,,,,,historical_baseline,,fe33df9ae5456d8ee27133c42c244c81d150008ababc19399c7ed428638b57ea
2220,2019-02-25,16.43,16.52,16.43,16.5,27749,,,,,historical_baseline,,fe33df9ae5456d8ee27133c42c244c81d150008ababc19399c7ed428638b57ea
2220,2019-02-26,16.41,16.5,16.41,16.5,11379,,,,,historical_baseline,,fe33df9ae5456d8ee27133c42c244c81d150008ababc19399c7ed428638b57ea
2220,2019-02-27,16.67,16.67,16.43,16.5,29783,,,,,historical_baseline,,fe33df9ae5456d8ee27133c42c244c81d150008ababc19399c7ed428638b57ea
2220,2019-02-28,16.43,16.52,16.43,16.52,21480,,,,,historical_baseline,,fe33df9ae5456d8ee27133c42c244c81d150008ababc19399c7ed428638b57ea
2230,2019-02-03,2.47,2.52,2.44,2.46,1109506,,,,,historical_baseline,,fe33df9ae5456d8ee27133c42c244c81d150008ababc19399c7ed428638b57ea
2230,2019-02-04,2.47,2.5,2.44,2.45,758866,,,,,historical_baseline,,fe33df9ae5456d8ee27133c42c244c81d150008ababc19399c7ed428638b57ea
2230,2019-02-05,2.45,2.46,2.45,2.46,194266,,,,,historical_baseline,,fe33df9ae5456d8ee27133c42c244c81d150008ababc19399c7ed428638b57ea
2230,2019-02-06,2.47,2.49,2.41,2.46,729733,,,,,historical_baseline,,fe33df9ae5456d8ee27133c42c244c81d150008ababc19399c7ed428638b57ea
2230,2019-02-07,2.43,2.45,2.42,2.45,335133,,,,,historical_baseline,,fe33df9ae5456d8ee27133c42c244c81d150008ababc19399c7ed428638b57ea
2230,2019-02-10,2.44,2.45,2.42,2.44,177026,,,,,historical_baseline,,fe33df9ae5456d8ee27133c42c244c81d150008ababc19399c7ed428638b57ea
2230,2019-02-11,2.41,2.43,2.4,2.42,319959,,,,,historical_baseline,,fe33df9ae5456d8ee27133c42c244c81d150008ababc19399c7ed428638b57ea
2230,2019-02-12,2.4,2.44,2.4,2.44,448266,,,,,historical_baseline,,fe33df9ae5456d8ee27133c42c244c81d150008ababc19399c7ed428638b57ea
2230,2019-02-13,2.44,2.46,2.44,2.45,478706,,,,,historical_baseline,,fe33df9ae5456d8ee27133c42c244c81d150008ababc19399c7ed428638b57ea
2230,2019-02-14,2.46,2.48,2.45,2.48,728546,,,,,historical_baseline,,fe33df9ae5456d8ee27133c42c244c81d150008ababc19399c7ed428638b57ea
2230,2019-02-17,2.49,2.49,2.44,2.47,389133,,,,,historical_baseline,,fe33df9ae5456d8ee27133c42c244c81d150008ababc19399c7ed428638b57ea
2230,2019-02-18,2.47,2.47,2.46,2.46,324839,,,,,historical_baseline,,fe33df9ae5456d8ee27133c42c244c81d150008ababc19399c7ed428638b57ea
2230,2019-02-19,2.47,2.49,2.45,2.49,1161039,,,,,historical_baseline,,fe33df9ae5456d8ee27133c42c244c81d150008ababc19399c7ed428638b57ea
2230,2019-02-20,2.5,2.5,2.46,2.47,754106,,,,,historical_baseline,,fe33df9ae5456d8ee27133c42c244c81d150008ababc19399c7ed428638b57ea
2230,2019-02-21,2.48,2.48,2.46,2.47,710973,,,,,historical_baseline,,fe33df9ae5456d8ee27133c42c244c81d150008ababc19399c7ed428638b57ea
2230,2019-02-24,2.46,2.47,2.46,2.47,658359,,,,,historical_baseline,,fe33df9ae5456d8ee27133c42c244c81d150008ababc19399c7ed428638b57ea
2230,2019-02-25,2.46,2.46,2.44,2.44,479866,,,,,historical_baseline,,fe33df9ae5456d8ee27133c42c244c81d150008ababc19399c7ed428638b57ea
2230,2019-02-26,2.44,2.45,2.44,2.45,502599,,,,,historical_baseline,,fe33df9ae5456d8ee27133c42c244c81d150008ababc19399c7ed428638b57ea
2230,2019-02-27,2.47,2.47,2.46,2.47,225693,,,,,historical_baseline,,fe33df9ae5456d8ee27133c42c244c81d150008ababc19399c7ed428638b57ea
2230,2019-02-28,2.46,2.47,2.45,2.47,289093,,,,,historical_baseline,,fe33df9ae5456d8ee27133c42c244c81d150008ababc19399c7ed428638b57ea
2240,2019-02-03,18.3,18.5,18.04,18.5,183638,,,,,historical_baseline,,fe33df9ae5456d8ee27133c42c244c81d150008ababc19399c7ed428638b57ea
2240,2019-02-04,18.5,18.92,18.5,18.84,304101,,,,,historical_baseline,,fe33df9ae5456d8ee27133c42c244c81d150008ababc19399c7ed428638b57ea
2240,2019-02-05,18.98,19.3,18.96,19.1,322692,,,,,historical_baseline,,fe33df9ae5456d8ee27133c42c244c81d150008ababc19399c7ed428638b57ea
2240,2019-02-06,19.02,19.36,18.7,18.74,215156,,,,,historical_baseline,,fe33df9ae5456d8ee27133c42c244c81d150008ababc19399c7ed428638b57ea
2240,2019-02-07,18.68,18.7,18.4,18.46,74106,,,,,historical_baseline,,fe33df9ae5456d8ee27133c42c244c81d150008ababc19399c7ed428638b57ea
2240,2019-02-10,18.4,18.42,18.2,18.42,65720,,,,,historical_baseline,,fe33df9ae5456d8ee27133c42c244c81d150008ababc19399c7ed428638b57ea
2240,2019-02-11,18.44,18.7,18.4,18.6,128319,,,,,historical_baseline,,fe33df9ae5456d8ee27133c42c244c81d150008ababc19399c7ed428638b57ea
2240,2019-02-12,18.52,18.54,18.5,18.54,19258,,,,,historical_baseline,,fe33df9ae5456d8ee27133c42c244c81d150008ababc19399c7ed428638b57ea
2240,2019-02-13,18.64,18.64,18.42,18.5,35521,,,,,historical_baseline,,fe33df9ae5456d8ee27133c42c244c81d150008ababc19399c7ed428638b57ea
2240,2019-02-14,18.42,18.9,18.42,18.9,45481,,,,,historical_baseline,,fe33df9ae5456d8ee27133c42c244c81d150008ababc19399c7ed428638b57ea
2240,2019-02-17,18.9,18.94,18.56,18.56,49920,,,,,historical_baseline,,fe33df9ae5456d8ee27133c42c244c81d150008ababc19399c7ed428638b57ea
2240,2019-02-18,18.58,18.7,18.42,18.42,36553,,,,,historical_baseline,,fe33df9ae5456d8ee27133c42c244c81d150008ababc19399c7ed428638b57ea
2240,2019-02-19,18.42,18.42,18.02,18.14,104566,,,,,historical_baseline,,fe33df9ae5456d8ee27133c42c244c81d150008ababc19399c7ed428638b57ea
2240,2019-02-20,18.04,18.12,18.02,18.04,62288,,,,,historical_baseline,,fe33df9ae5456d8ee27133c42c244c81d150008ababc19399c7ed428638b57ea
2240,2019-02-21,18.18,18.2,18.0,18.02,37369,,,,,historical_baseline,,fe33df9ae5456d8ee27133c42c244c81d150008ababc19399c7ed428638b57ea
2240,2019-02-24,18.06,18.06,17.8,17.98,44234,,,,,historical_baseline,,fe33df9ae5456d8ee27133c42c244c81d150008ababc19399c7ed428638b57ea
2240,2019-02-25,17.82,17.9,17.42,17.42,34139,,,,,historical_baseline,,fe33df9ae5456d8ee27133c42c244c81d150008ababc19399c7ed428638b57ea
2240,2019-02-26,17.86,18.1,17.86,18.02,44474,,,,,historical_baseline,,fe33df9ae5456d8ee27133c42c244c81d150008ababc19399c7ed428638b57ea
2240,2019-02-27,18.02,18.08,17.9,18.08,17062,,,,,historical_baseline,,fe33df9ae5456d8ee27133c42c244c81d150008ababc19399c7ed428638b57ea
2240,2019-02-28,18.04,18.22,18.04,18.22,34236,,,,,historical_baseline,,fe33df9ae5456d8ee27133c42c244c81d150008ababc19399c7ed428638b57ea
2250,2019-02-03,23.16,23.48,23.16,23.46,219891,,,,,historical_baseline,,fe33df9ae5456d8ee27133c42c244c81d150008ababc19399c7ed428638b57ea
2250,2019-02-04,23.42,23.78,23.36,23.5,280778,,,,,historical_baseline,,fe33df9ae5456d8ee27133c42c244c81d150008ababc19399c7ed428638b57ea
2250,2019-02-05,23.68,23.68,23.5,23.6,329086,,,,,historical_baseline,,fe33df9ae5456d8ee27133c42c244c81d150008ababc19399c7ed428638b57ea
2250,2019-02-06,23.66,23.76,23.46,23.74,1309171,,,,,historical_baseline,,fe33df9ae5456d8ee27133c42c244c81d150008ababc19399c7ed428638b57ea
2250,2019-02-07,23.74,23.78,23.44,23.6,516184,,,,,historical_baseline,,fe33df9ae5456d8ee27133c42c244c81d150008ababc19399c7ed428638b57ea
2250,2019-02-10,23.6,23.6,23.24,23.42,269784,,,,,historical_baseline,,fe33df9ae5456d8ee27133c42c244c81d150008ababc19399c7ed428638b57ea
2250,2019-02-11,23.42,23.6,23.4,23.5,392221,,,,,historical_baseline,,fe33df9ae5456d8ee27133c42c244c81d150008ababc19399c7ed428638b57ea
2250,2019-02-12,23.32,23.7,23.3,23.7,491204,,,,,historical_baseline,,fe33df9ae5456d8ee27133c42c244c81d150008ababc19399c7ed428638b57ea
2250,2019-02-13,23.7,24.24,23.7,24.02,1079771,,,,,historical_baseline,,fe33df9ae5456d8ee27133c42c244c81d150008ababc19399c7ed428638b57ea
2250,2019-02-14,24.0,24.16,23.9,24.12,722079,,,,,historical_baseline,,fe33df9ae5456d8ee27133c42c244c81d150008ababc19399c7ed428638b57ea
2250,2019-02-17,24.16,24.58,24.16,24.48,915486,,,,,historical_baseline,,fe33df9ae5456d8ee27133c42c244c81d150008ababc19399c7ed428638b57ea
2250,2019-02-18,24.4,24.72,24.34,24.48,611241,,,,,historical_baseline,,fe33df9ae5456d8ee27133c42c244c81d150008ababc19399c7ed428638b57ea
2250,2019-02-19,24.42,24.5,24.32,24.44,703944,,,,,historical_baseline,,fe33df9ae5456d8ee27133c42c244c81d150008ababc19399c7ed428638b57ea
2250,2019-02-20,24.36,24.92,24.34,24.92,745853,,,,,historical_baseline,,fe33df9ae5456d8ee27133c42c244c81d150008ababc19399c7ed428638b57ea
2250,2019-02-21,24.96,25.05,24.76,24.94,604715,,,,,historical_baseline,,fe33df9ae5456d8ee27133c42c244c81d150008ababc19399c7ed428638b57ea
2250,2019-02-24,24.98,24.98,24.68,24.7,111172,,,,,historical_baseline,,fe33df9ae5456d8ee27133c42c244c81d150008ababc19399c7ed428638b57ea
2250,2019-02-25,24.7,24.7,24.08,24.12,258833,,,,,historical_baseline,,fe33df9ae5456d8ee27133c42c244c81d150008ababc19399c7ed428638b57ea
2250,2019-02-26,24.28,24.28,23.7,24.2,442570,,,,,historical_baseline,,fe33df9ae5456d8ee27133c42c244c81d150008ababc19399c7ed428638b57ea
2250,2019-02-27,24.1,24.6,23.98,24.6,171437,,,,,historical_baseline,,fe33df9ae5456d8ee27133c42c244c81d150008ababc19399c7ed428638b57ea
2250,2019-02-28,24.6,25.1,24.3,25.0,516515,,,,,historical_baseline,,fe33df9ae5456d8ee27133c42c244c81d150008ababc19399c7ed428638b57ea
2270,2019-02-03,100.4,100.4,99.0,100.0,42202,,,,,historical_baseline,,fe33df9ae5456d8ee27133c42c244c81d150008ababc19399c7ed428638b57ea
2270,2019-02-04,99.9,105.0,99.5,104.8,412106,,,,,historical_baseline,,fe33df9ae5456d8ee27133c42c244c81d150008ababc19399c7ed428638b57ea
2270,2019-02-05,104.4,105.4,103.2,103.6,103208,,,,,historical_baseline,,fe33df9ae5456d8ee27133c42c244c81d150008ababc19399c7ed428638b57ea
2270,2019-02-06,103.0,103.6,102.0,102.8,62022,,,,,historical_baseline,,fe33df9ae5456d8ee27133c42c244c81d150008ababc19399c7ed428638b57ea
2270,2019-02-07,102.8,102.8,101.6,102.6,53210,,,,,historical_baseline,,fe33df9ae5456d8ee27133c42c244c81d150008ababc19399c7ed428638b57ea
2270,2019-02-10,102.6,103.6,101.8,102.0,32090,,,,,historical_baseline,,fe33df9ae5456d8ee27133c42c244c81d150008ababc19399c7ed428638b57ea
2270,2019-02-11,102.6,102.6,101.0,101.0,76530,,,,,historical_baseline,,fe33df9ae5456d8ee27133c42c244c81d150008ababc19399c7ed428638b57ea
2270,2019-02-12,101.0,101.4,100.0,101.2,68862,,,,,historical_baseline,,fe33df9ae5456d8ee27133c42c244c81d150008ababc19399c7ed428638b57ea
2270,2019-02-13,101.2,102.8,101.0,102.8,45841,,,,,historical_baseline,,fe33df9ae5456d8ee27133c42c244c81d150008ababc19399c7ed428638b57ea
2270,2019-02-14,102.0,102.2,101.0,102.2,30129,,,,,historical_baseline,,fe33df9ae5456d8ee27133c42c244c81d150008ababc19399c7ed428638b57ea
2270,2019-02-17,101.4,102.0,101.0,101.8,23360,,,,,historical_baseline,,fe33df9ae5456d8ee27133c42c244c81d150008ababc19399c7ed428638b57ea
2270,2019-02-18,101.6,102.0,101.6,102.0,41977,,,,,historical_baseline,,fe33df9ae5456d8ee27133c42c244c81d150008ababc19399c7ed428638b57ea
2270,2019-02-19,101.4,103.4,101.2,102.0,590580,,,,,historical_baseline,,fe33df9ae5456d8ee27133c42c244c81d150008ababc19399c7ed428638b57ea
2270,2019-02-20,102.0,102.8,101.6,102.8,23640,,,,,historical_baseline,,fe33df9ae5456d8ee27133c42c244c81d150008ababc19399c7ed428638b57ea
2270,2019-02-21,101.2,102.4,101.2,101.8,29535,,,,,historical_baseline,,fe33df9ae5456d8ee27133c42c244c81d150008ababc19399c7ed428638b57ea
2270,2019-02-24,101.6,102.2,101.6,102.2,10575,,,,,historical_baseline,,fe33df9ae5456d8ee27133c42c244c81d150008ababc19399c7ed428638b57ea
2270,2019-02-25,102.2,103.2,101.0,102.0,39495,,,,,historical_baseline,,fe33df9ae5456d8ee27133c42c244c81d150008ababc19399c7ed428638b57ea
2270,2019-02-26,101.6,104.2,101.0,103.4,200137,,,,,historical_baseline,,fe33df9ae5456d8ee27133c42c244c81d150008ababc19399c7ed428638b57ea
2270,2019-02-27,103.6,103.8,102.0,103.2,31791,,,,,historical_baseline,,fe33df9ae5456d8ee27133c42c244c81d150008ababc19399c7ed428638b57ea
2270,2019-02-28,102.8,103.0,101.6,102.0,37075,,,,,historical_baseline,,fe33df9ae5456d8ee27133c42c244c81d150008ababc19399c7ed428638b57ea
2280,2019-02-03,54.1,55.0,54.1,55.0,89823,,,,,historical_baseline,,fe33df9ae5456d8ee27133c42c244c81d150008ababc19399c7ed428638b57ea
2280,2019-02-04,55.0,55.5,54.5,54.5,201275,,,,,historical_baseline,,fe33df9ae5456d8ee27133c42c244c81d150008ababc19399c7ed428638b57ea
2280,2019-02-05,55.6,55.7,55.1,55.4,253968,,,,,historical_baseline,,fe33df9ae5456d8ee27133c42c244c81d150008ababc19399c7ed428638b57ea
2280,2019-02-06,55.5,55.9,55.0,55.3,205404,,,,,historical_baseline,,fe33df9ae5456d8ee27133c42c244c81d150008ababc19399c7ed428638b57ea
2280,2019-02-07,55.3,55.7,54.3,54.9,250293,,,,,historical_baseline,,fe33df9ae5456d8ee27133c42c244c81d150008ababc19399c7ed428638b57ea
2280,2019-02-10,55.0,55.5,53.8,53.9,236076,,,,,historical_baseline,,fe33df9ae5456d8ee27133c42c244c81d150008ababc19399c7ed428638b57ea
2280,2019-02-11,54.2,54.3,53.2,53.7,295103,,,,,historical_baseline,,fe33df9ae5456d8ee27133c42c244c81d150008ababc19399c7ed428638b57ea
2280,2019-02-12,53.9,54.4,53.9,54.4,276324,,,,,historical_baseline,,fe33df9ae5456d8ee27133c42c244c81d150008ababc19399c7ed428638b57ea
2280,2019-02-13,54.4,55.5,54.4,55.1,298105,,,,,historical_baseline,,fe33df9ae5456d8ee27133c42c244c81d150008ababc19399c7ed428638b57ea
2280,2019-02-14,55.2,55.4,54.5,55.4,211907,,,,,historical_baseline,,fe33df9ae5456d8ee27133c42c244c81d150008ababc19399c7ed428638b57ea
2280,2019-02-17,55.2,55.6,55.2,55.3,180270,,,,,historical_baseline,,fe33df9ae5456d8ee27133c42c244c81d150008ababc19399c7ed428638b57ea
2280,2019-02-18,55.3,55.5,55.0,55.2,211638,,,,,historical_baseline,,fe33df9ae5456d8ee27133c42c244c81d150008ababc19399c7ed428638b57ea
2280,2019-02-19,55.0,55.3,54.2,54.5,307187,,,,,historical_baseline,,fe33df9ae5456d8ee27133c42c244c81d150008ababc19399c7ed428638b57ea
2280,2019-02-20,54.3,55.5,54.3,55.5,310776,,,,,historical_baseline,,fe33df9ae5456d8ee27133c42c244c81d150008ababc19399c7ed428638b57ea
2280,2019-02-21,55.4,55.6,55.0,55.3,140226,,,,,historical_baseline,,fe33df9ae5456d8ee27133c42c244c81d150008ababc19399c7ed428638b57ea
2280,2019-02-24,55.3,55.4,54.7,55.3,139573,,,,,historical_baseline,,fe33df9ae5456d8ee27133c42c244c81d150008ababc19399c7ed428638b57ea
2280,2019-02-25,55.1,55.1,54.5,54.8,84949,,,,,historical_baseline,,fe33df9ae5456d8ee27133c42c244c81d150008ababc19399c7ed428638b57ea
2280,2019-02-26,54.8,55.0,54.4,55.0,149464,,,,,historical_baseline,,fe33df9ae5456d8ee27133c42c244c81d150008ababc19399c7ed428638b57ea
2280,2019-02-27,54.9,54.9,54.1,54.4,169009,,,,,historical_baseline,,fe33df9ae5456d8ee27133c42c244c81d150008ababc19399c7ed428638b57ea
2280,2019-02-28,54.3,54.4,53.6,53.9,276925,,,,,historical_baseline,,fe33df9ae5456d8ee27133c42c244c81d150008ababc19399c7ed428638b57ea
2290,2019-02-03,69.0,69.4,68.0,69.1,426967,,,,,historical_baseline,,fe33df9ae5456d8ee27133c42c244c81d150008ababc19399c7ed428638b57ea
2290,2019-02-04,69.0,69.5,68.9,69.0,271918,,,,,historical_baseline,,fe33df9ae5456d8ee27133c42c244c81d150008ababc19399c7ed428638b57ea
2290,2019-02-05,69.1,69.3,68.6,69.3,381694,,,,,historical_baseline,,fe33df9ae5456d8ee27133c42c244c81d150008ababc19399c7ed428638b57ea
2290,2019-02-06,69.4,70.1,69.3,70.1,670348,,,,,historical_baseline,,fe33df9ae5456d8ee27133c42c244c81d150008ababc19399c7ed428638b57ea
2290,2019-02-07,70.1,71.3,70.1,70.7,828157,,,,,historical_baseline,,fe33df9ae5456d8ee27133c42c244c81d150008ababc19399c7ed428638b57ea
2290,2019-02-10,70.8,70.9,70.4,70.5,273523,,,,,historical_baseline,,fe33df9ae5456d8ee27133c42c244c81d150008ababc19399c7ed428638b57ea
2290,2019-02-11,70.5,70.5,69.0,70.3,474436,,,,,historical_baseline,,fe33df9ae5456d8ee27133c42c244c81d150008ababc19399c7ed428638b57ea
2290,2019-02-12,70.0,70.0,69.0,69.9,446343,,,,,historical_baseline,,fe33df9ae5456d8ee27133c42c244c81d150008ababc19399c7ed428638b57ea
2290,2019-02-13,69.4,70.4,69.4,69.9,262219,,,,,historical_baseline,,fe33df9ae5456d8ee27133c42c244c81d150008ababc19399c7ed428638b57ea
2290,2019-02-14,69.8,70.0,69.3,70.0,273102,,,,,historical_baseline,,fe33df9ae5456d8ee27133c42c244c81d150008ababc19399c7ed428638b57ea
2290,2019-02-17,70.1,70.7,69.8,70.5,232921,,,,,historical_baseline,,fe33df9ae5456d8ee27133c42c244c81d150008ababc19399c7ed428638b57ea
2290,2019-02-18,70.7,70.7,70.2,70.4,279146,,,,,historical_baseline,,fe33df9ae5456d8ee27133c42c244c81d150008ababc19399c7ed428638b57ea
2290,2019-02-19,70.2,70.5,69.6,69.7,257795,,,,,historical_baseline,,fe33df9ae5456d8ee27133c42c244c81d150008ababc19399c7ed428638b57ea
2290,2019-02-20,69.9,70.0,69.0,69.6,386227,,,,,historical_baseline,,fe33df9ae5456d8ee27133c42c244c81d150008ababc19399c7ed428638b57ea
2290,2019-02-21,69.7,69.7,68.8,69.2,259899,,,,,historical_baseline,,fe33df9ae5456d8ee27133c42c244c81d150008ababc19399c7ed428638b57ea
2290,2019-02-24,69.4,69.5,68.8,68.8,172180,,,,,historical_baseline,,fe33df9ae5456d8ee27133c42c244c81d150008ababc19399c7ed428638b57ea
2290,2019-02-25,68.6,68.7,67.3,68.0,515244,,,,,historical_baseline,,fe33df9ae5456d8ee27133c42c244c81d150008ababc19399c7ed428638b57ea
2290,2019-02-26,68.0,68.8,67.6,68.8,153633,,,,,historical_baseline,,fe33df9ae5456d8ee27133c42c244c81d150008ababc19399c7ed428638b57ea
2290,2019-02-27,68.8,68.8,67.9,68.7,254895,,,,,historical_baseline,,fe33df9ae5456d8ee27133c42c244c81d150008ababc19399c7ed428638b57ea
2290,2019-02-28,68.7,69.7,68.5,69.3,377219,,,,,historical_baseline,,fe33df9ae5456d8ee27133c42c244c81d150008ababc19399c7ed428638b57ea
2300,2019-02-03,12.23,12.29,12.21,12.21,228178,,,,,historical_baseline,,fe33df9ae5456d8ee27133c42c244c81d150008ababc19399c7ed428638b57ea
2300,2019-02-04,12.2,12.23,12.1,12.14,382941,,,,,historical_baseline,,fe33df9ae5456d8ee27133c42c244c81d150008ababc19399c7ed428638b57ea
2300,2019-02-05,12.14,12.33,12.12,12.23,498012,,,,,historical_baseline,,fe33df9ae5456d8ee27133c42c244c81d150008ababc19399c7ed428638b57ea
2300,2019-02-06,12.25,12.25,12.12,12.12,235977,,,,,historical_baseline,,fe33df9ae5456d8ee27133c42c244c81d150008ababc19399c7ed428638b57ea
2300,2019-02-07,12.14,12.31,12.14,12.14,270584,,,,,historical_baseline,,fe33df9ae5456d8ee27133c42c244c81d150008ababc19399c7ed428638b57ea
2300,2019-02-10,12.14,12.2,12.08,12.08,133539,,,,,historical_baseline,,fe33df9ae5456d8ee27133c42c244c81d150008ababc19399c7ed428638b57ea
2300,2019-02-11,12.1,12.23,12.08,12.14,231661,,,,,historical_baseline,,fe33df9ae5456d8ee27133c42c244c81d150008ababc19399c7ed428638b57ea
2300,2019-02-12,12.23,12.42,12.2,12.23,797083,,,,,historical_baseline,,fe33df9ae5456d8ee27133c42c244c81d150008ababc19399c7ed428638b57ea
2300,2019-02-13,12.2,12.21,11.94,11.94,382675,,,,,historical_baseline,,fe33df9ae5456d8ee27133c42c244c81d150008ababc19399c7ed428638b57ea
2300,2019-02-14,12.05,12.05,11.57,11.62,672061,,,,,historical_baseline,,fe33df9ae5456d8ee27133c42c244c81d150008ababc19399c7ed428638b57ea
2300,2019-02-17,11.57,11.57,11.45,11.47,487996,,,,,historical_baseline,,fe33df9ae5456d8ee27133c42c244c81d150008ababc19399c7ed428638b57ea
2300,2019-02-18,11.47,11.47,11.03,11.03,653145,,,,,historical_baseline,,fe33df9ae5456d8ee27133c42c244c81d150008ababc19399c7ed428638b57ea
2300,2019-02-19,11.05,11.49,10.94,11.23,1195584,,,,,historical_baseline,,fe33df9ae5456d8ee27133c42c244c81d150008ababc19399c7ed428638b57ea
2300,2019-02-20,11.32,11.38,11.27,11.31,337629,,,,,historical_baseline,,fe33df9ae5456d8ee27133c42c244c81d150008ababc19399c7ed428638b57ea
2300,2019-02-21,11.31,11.31,11.1,11.25,315810,,,,,historical_baseline,,fe33df9ae5456d8ee27133c42c244c81d150008ababc19399c7ed428638b57ea
2300,2019-02-24,11.31,11.32,11.16,11.16,212571,,,,,historical_baseline,,fe33df9ae5456d8ee27133c42c244c81d150008ababc19399c7ed428638b57ea
2300,2019-02-25,11.16,11.27,11.05,11.1,312928,,,,,historical_baseline,,fe33df9ae5456d8ee27133c42c244c81d150008ababc19399c7ed428638b57ea
2300,2019-02-26,11.14,11.18,11.08,11.14,136918,,,,,historical_baseline,,fe33df9ae5456d8ee27133c42c244c81d150008ababc19399c7ed428638b57ea
2300,2019-02-27,11.2,11.32,11.14,11.16,266150,,,,,historical_baseline,,fe33df9ae5456d8ee27133c42c244c81d150008ababc19399c7ed428638b57ea
2300,2019-02-28,11.16,11.23,11.14,11.14,154368,,,,,historical_baseline,,fe33df9ae5456d8ee27133c42c244c81d150008ababc19399c7ed428638b57ea
2310,2019-02-03,19.02,19.12,19.0,19.04,154448,,,,,historical_baseline,,fe33df9ae5456d8ee27133c42c244c81d150008ababc19399c7ed428638b57ea
2310,2019-02-04,19.02,19.1,18.88,18.9,315505,,,,,historical_baseline,,fe33df9ae5456d8ee27133c42c244c81d150008ababc19399c7ed428638b57ea
2310,2019-02-05,18.92,19.04,18.9,19.04,301763,,,,,historical_baseline,,fe33df9ae5456d8ee27133c42c244c81d150008ababc19399c7ed428638b57ea
2310,2019-02-06,19.0,19.12,18.94,19.0,253082,,,,,historical_baseline,,fe33df9ae5456d8ee27133c42c244c81d150008ababc19399c7ed428638b57ea
2310,2019-02-07,19.0,19.06,18.96,19.0,530771,,,,,historical_baseline,,fe33df9ae5456d8ee27133c42c244c81d150008ababc19399c7ed428638b57ea
2310,2019-02-10,19.0,19.0,18.8,18.94,279529,,,,,historical_baseline,,fe33df9ae5456d8ee27133c42c244c81d150008ababc19399c7ed428638b57ea
2310,2019-02-11,18.84,18.84,18.76,18.8,292187,,,,,historical_baseline,,fe33df9ae5456d8ee27133c42c244c81d150008ababc19399c7ed428638b57ea
2310,2019-02-12,18.74,18.8,18.62,18.7,529563,,,,,historical_baseline,,fe33df9ae5456d8ee27133c42c244c81d150008ababc19399c7ed428638b57ea
2310,2019-02-13,18.84,19.16,18.8,19.0,1163886,,,,,historical_baseline,,fe33df9ae5456d8ee27133c42c244c81d150008ababc19399c7ed428638b57ea
2310,2019-02-14,19.04,19.44,19.04,19.44,1367315,,,,,historical_baseline,,fe33df9ae5456d8ee27133c42c244c81d150008ababc19399c7ed428638b57ea
2310,2019-02-17,19.44,19.64,19.42,19.42,505821,,,,,historical_baseline,,fe33df9ae5456d8ee27133c42c244c81d150008ababc19399c7ed428638b57ea
2310,2019-02-18,19.44,19.66,19.36,19.64,516043,,,,,historical_baseline,,fe33df9ae5456d8ee27133c42c244c81d150008ababc19399c7ed428638b57ea
2310,2019-02-19,19.66,19.96,19.64,19.86,1234680,,,,,historical_baseline,,fe33df9ae5456d8ee27133c42c244c81d150008ababc19399c7ed428638b57ea
2310,2019-02-20,19.8,19.86,19.74,19.86,319011,,,,,historical_baseline,,fe33df9ae5456d8ee27133c42c244c81d150008ababc19399c7ed428638b57ea
2310,2019-02-21,19.88,19.92,19.8,19.9,284481,,,,,historical_baseline,,fe33df9ae5456d8ee27133c42c244c81d150008ababc19399c7ed428638b57ea
2310,2019-02-24,19.84,19.9,19.64,19.9,225599,,,,,historical_baseline,,fe33df9ae5456d8ee27133c42c244c81d150008ababc19399c7ed428638b57ea
2310,2019-02-25,19.9,19.9,19.62,19.72,305916,,,,,historical_baseline,,fe33df9ae5456d8ee27133c42c244c81d150008ababc19399c7ed428638b57ea
2310,2019-02-26,19.62,20.22,19.62,20.1,872449,,,,,historical_baseline,,fe33df9ae5456d8ee27133c42c244c81d150008ababc19399c7ed428638b57ea
2310,2019-02-27,20.22,20.28,20.0,20.1,565722,,,,,historical_baseline,,fe33df9ae5456d8ee27133c42c244c81d150008ababc19399c7ed428638b57ea
2310,2019-02-28,20.1,20.2,19.94,20.04,350522,,,,,historical_baseline,,fe33df9ae5456d8ee27133c42c244c81d150008ababc19399c7ed428638b57ea
2320,2019-02-03,13.84,13.85,13.67,13.76,165387,,,,,historical_baseline,,fe33df9ae5456d8ee27133c42c244c81d150008ababc19399c7ed428638b57ea
2320,2019-02-04,13.73,14.07,13.4,13.97,858450,,,,,historical_baseline,,fe33df9ae5456d8ee27133c42c244c81d150008ababc19399c7ed428638b57ea
2320,2019-02-05,13.84,14.28,13.84,14.16,562240,,,,,historical_baseline,,fe33df9ae5456d8ee27133c42c244c81d150008ababc19399c7ed428638b57ea
2320,2019-02-06,14.27,14.27,13.73,13.87,360238,,,,,historical_baseline,,fe33df9ae5456d8ee27133c42c244c81d150008ababc19399c7ed428638b57ea
2320,2019-02-07,13.87,13.95,13.76,13.84,232501,,,,,historical_baseline,,fe33df9ae5456d8ee27133c42c244c81d150008ababc19399c7ed428638b57ea
2320,2019-02-10,13.85,13.93,13.67,13.73,140898,,,,,historical_baseline,,fe33df9ae5456d8ee27133c42c244c81d150008ababc19399c7ed428638b57ea
2320,2019-02-11,13.73,13.77,13.63,13.63,92640,,,,,historical_baseline,,fe33df9ae5456d8ee27133c42c244c81d150008ababc19399c7ed428638b57ea
2320,2019-02-12,13.67,13.96,13.63,13.93,181864,,,,,historical_baseline,,fe33df9ae5456d8ee27133c42c244c81d150008ababc19399c7ed428638b57ea
2320,2019-02-13,13.97,13.97,13.73,13.76,84525,,,,,historical_baseline,,fe33df9ae5456d8ee27133c42c244c81d150008ababc19399c7ed428638b57ea
2320,2019-02-14,13.76,13.85,13.73,13.85,105157,,,,,historical_baseline,,fe33df9ae5456d8ee27133c42c244c81d150008ababc19399c7ed428638b57ea
2320,2019-02-17,13.84,13.84,13.76,13.76,44287,,,,,historical_baseline,,fe33df9ae5456d8ee27133c42c244c81d150008ababc19399c7ed428638b57ea
2320,2019-02-18,13.73,13.73,13.67,13.68,44979,,,,,historical_baseline,,fe33df9ae5456d8ee27133c42c244c81d150008ababc19399c7ed428638b57ea
2320,2019-02-19,13.65,13.65,13.53,13.59,61468,,,,,historical_baseline,,fe33df9ae5456d8ee27133c42c244c81d150008ababc19399c7ed428638b57ea
2320,2019-02-20,13.59,13.69,13.59,13.69,33730,,,,,historical_baseline,,fe33df9ae5456d8ee27133c42c244c81d150008ababc19399c7ed428638b57ea
2320,2019-02-21,13.67,13.92,13.59,13.8,107350,,,,,historical_baseline,,fe33df9ae5456d8ee27133c42c244c81d150008ababc19399c7ed428638b57ea
2320,2019-02-24,13.83,13.91,13.71,13.87,157747,,,,,historical_baseline,,fe33df9ae5456d8ee27133c42c244c81d150008ababc19399c7ed428638b57ea
2320,2019-02-25,13.75,13.75,13.49,13.73,532893,,,,,historical_baseline,,fe33df9ae5456d8ee27133c42c244c81d150008ababc19399c7ed428638b57ea
2320,2019-02-26,13.67,13.77,13.65,13.67,104193,,,,,historical_baseline,,fe33df9ae5456d8ee27133c42c244c81d150008ababc19399c7ed428638b57ea
2320,2019-02-27,13.67,13.71,13.65,13.69,53808,,,,,historical_baseline,,fe33df9ae5456d8ee27133c42c244c81d150008ababc19399c7ed428638b57ea
2320,2019-02-28,13.64,13.87,13.6,13.84,76231,,,,,historical_baseline,,fe33df9ae5456d8ee27133c42c244c81d150008ababc19399c7ed428638b57ea
2330,2019-02-03,41.67,41.67,41.14,41.52,155176,,,,,historical_baseline,,fe33df9ae5456d8ee27133c42c244c81d150008ababc19399c7ed428638b57ea
2330,2019-02-04,41.59,41.97,41.52,41.82,193263,,,,,historical_baseline,,fe33df9ae5456d8ee27133c42c244c81d150008ababc19399c7ed428638b57ea
2330,2019-02-05,41.97,41.97,41.59,41.74,211399,,,,,historical_baseline,,fe33df9ae5456d8ee27133c42c244c81d150008ababc19399c7ed428638b57ea
2330,2019-02-06,41.74,42.2,41.59,42.2,614597,,,,,historical_baseline,,fe33df9ae5456d8ee27133c42c244c81d150008ababc19399c7ed428638b57ea
2330,2019-02-07,42.2,43.11,42.2,42.65,807465,,,,,historical_baseline,,fe33df9ae5456d8ee27133c42c244c81d150008ababc19399c7ed428638b57ea
2330,2019-02-10,43.03,43.03,42.42,42.58,114055,,,,,historical_baseline,,fe33df9ae5456d8ee27133c42c244c81d150008ababc19399c7ed428638b57ea
2330,2019-02-11,42.95,43.11,42.35,43.11,358725,,,,,historical_baseline,,fe33df9ae5456d8ee27133c42c244c81d150008ababc19399c7ed428638b57ea
2330,2019-02-12,43.18,43.26,42.8,43.03,706025,,,,,historical_baseline,,fe33df9ae5456d8ee27133c42c244c81d150008ababc19399c7ed428638b57ea
2330,2019-02-13,42.88,43.33,42.88,43.26,718866,,,,,historical_baseline,,fe33df9ae5456d8ee27133c42c244c81d150008ababc19399c7ed428638b57ea
2330,2019-02-14,43.18,43.18,42.12,42.5,582311,,,,,historical_baseline,,fe33df9ae5456d8ee27133c42c244c81d150008ababc19399c7ed428638b57ea
2330,2019-02-17,42.5,42.5,41.89,41.89,330229,,,,,historical_baseline,,fe33df9ae5456d8ee27133c42c244c81d150008ababc19399c7ed428638b57ea
2330,2019-02-18,41.82,41.89,41.59,41.82,167152,,,,,historical_baseline,,fe33df9ae5456d8ee27133c42c244c81d150008ababc19399c7ed428638b57ea
2330,2019-02-19,41.74,41.82,41.21,41.67,143157,,,,,historical_baseline,,fe33df9ae5456d8ee27133c42c244c81d150008ababc19399c7ed428638b57ea
2330,2019-02-20,41.44,42.05,41.29,41.97,171805,,,,,historical_baseline,,fe33df9ae5456d8ee27133c42c244c81d150008ababc19399c7ed428638b57ea
2330,2019-02-21,41.74,41.74,41.44,41.67,55140,,,,,historical_baseline,,fe33df9ae5456d8ee27133c42c244c81d150008ababc19399c7ed428638b57ea
2330,2019-02-24,41.67,41.67,40.91,41.06,193125,,,,,historical_baseline,,fe33df9ae5456d8ee27133c42c244c81d150008ababc19399c7ed428638b57ea
2330,2019-02-25,41.06,41.44,40.76,41.44,214195,,,,,historical_baseline,,fe33df9ae5456d8ee27133c42c244c81d150008ababc19399c7ed428638b57ea
2330,2019-02-26,41.06,41.67,41.06,41.52,85074,,,,,historical_baseline,,fe33df9ae5456d8ee27133c42c244c81d150008ababc19399c7ed428638b57ea
2330,2019-02-27,41.44,42.12,41.06,42.12,110800,,,,,historical_baseline,,fe33df9ae5456d8ee27133c42c244c81d150008ababc19399c7ed428638b57ea
2330,2019-02-28,41.97,42.35,41.97,42.05,457038,,,,,historical_baseline,,fe33df9ae5456d8ee27133c42c244c81d150008ababc19399c7ed428638b57ea
2340,2019-02-03,11.46,11.74,11.46,11.6,233874,,,,,historical_baseline,,fe33df9ae5456d8ee27133c42c244c81d150008ababc19399c7ed428638b57ea
2340,2019-02-04,11.5,11.56,11.4,11.44,238963,,,,,historical_baseline,,fe33df9ae5456d8ee27133c42c244c81d150008ababc19399c7ed428638b57ea
2340,2019-02-05,11.44,11.56,11.44,11.44,102445,,,,,historical_baseline,,fe33df9ae5456d8ee27133c42c244c81d150008ababc19399c7ed428638b57ea
2340,2019-02-06,11.46,11.54,11.46,11.46,71183,,,,,historical_baseline,,fe33df9ae5456d8ee27133c42c244c81d150008ababc19399c7ed428638b57ea
2340,2019-02-07,11.44,11.7,11.44,11.5,309857,,,,,historical_baseline,,fe33df9ae5456d8ee27133c42c244c81d150008ababc19399c7ed428638b57ea
2340,2019-02-10,11.6,11.76,11.52,11.54,181091,,,,,historical_baseline,,fe33df9ae5456d8ee27133c42c244c81d150008ababc19399c7ed428638b57ea
2340,2019-02-11,11.56,11.58,11.5,11.54,124389,,,,,historical_baseline,,fe33df9ae5456d8ee27133c42c244c81d150008ababc19399c7ed428638b57ea
2340,2019-02-12,11.56,11.78,11.54,11.68,208750,,,,,historical_baseline,,fe33df9ae5456d8ee27133c42c244c81d150008ababc19399c7ed428638b57ea
2340,2019-02-13,11.74,11.74,11.62,11.7,154973,,,,,historical_baseline,,fe33df9ae5456d8ee27133c42c244c81d150008ababc19399c7ed428638b57ea
2340,2019-02-14,11.66,11.66,11.6,11.6,82627,,,,,historical_baseline,,fe33df9ae5456d8ee27133c42c244c81d150008ababc19399c7ed428638b57ea
2340,2019-02-17,11.56,11.6,11.56,11.56,41086,,,,,historical_baseline,,fe33df9ae5456d8ee27133c42c244c81d150008ababc19399c7ed428638b57ea
2340,2019-02-18,11.7,11.7,11.5,11.52,56892,,,,,historical_baseline,,fe33df9ae5456d8ee27133c42c244c81d150008ababc19399c7ed428638b57ea
2340,2019-02-19,11.52,11.54,11.52,11.54,40927,,,,,historical_baseline,,fe33df9ae5456d8ee27133c42c244c81d150008ababc19399c7ed428638b57ea
2340,2019-02-20,11.52,11.54,11.46,11.5,55847,,,,,historical_baseline,,fe33df9ae5456d8ee27133c42c244c81d150008ababc19399c7ed428638b57ea
2340,2019-02-21,11.5,11.52,11.5,11.52,56389,,,,,historical_baseline,,fe33df9ae5456d8ee27133c42c244c81d150008ababc19399c7ed428638b57ea
2340,2019-02-24,11.54,11.58,11.54,11.56,29760,,,,,historical_baseline,,fe33df9ae5456d8ee27133c42c244c81d150008ababc19399c7ed428638b57ea
2340,2019-02-25,11.56,11.56,11.48,11.54,65993,,,,,historical_baseline,,fe33df9ae5456d8ee27133c42c244c81d150008ababc19399c7ed428638b57ea
2340,2019-02-26,11.58,11.58,11.58,11.58,95848,,,,,historical_baseline,,fe33df9ae5456d8ee27133c42c244c81d150008ababc19399c7ed428638b57ea
2340,2019-02-27,11.62,11.7,11.56,11.68,52337,,,,,historical_baseline,,fe33df9ae5456d8ee27133c42c244c81d150008ababc19399c7ed428638b57ea
2340,2019-02-28,11.64,11.64,11.54,11.62,99991,,,,,historical_baseline,,fe33df9ae5456d8ee27133c42c244c81d150008ababc19399c7ed428638b57ea
2350,2019-02-03,14.1,14.16,13.9,14.02,6921236,,,,,historical_baseline,,fe33df9ae5456d8ee27133c42c244c81d150008ababc19399c7ed428638b57ea
2350,2019-02-04,14.0,14.16,13.98,14.06,5617402,,,,,historical_baseline,,fe33df9ae5456d8ee27133c42c244c81d150008ababc19399c7ed428638b57ea
2350,2019-02-05,14.02,14.2,14.0,14.16,6040080,,,,,historical_baseline,,fe33df9ae5456d8ee27133c42c244c81d150008ababc19399c7ed428638b57ea
2350,2019-02-06,14.16,14.26,14.04,14.04,6071756,,,,,historical_baseline,,fe33df9ae5456d8ee27133c42c244c81d150008ababc19399c7ed428638b57ea
2350,2019-02-07,14.06,14.14,13.98,13.98,3284428,,,,,historical_baseline,,fe33df9ae5456d8ee27133c42c244c81d150008ababc19399c7ed428638b57ea
2350,2019-02-10,14.0,14.02,13.94,14.02,3399001,,,,,historical_baseline,,fe33df9ae5456d8ee27133c42c244c81d150008ababc19399c7ed428638b57ea
2350,2019-02-11,14.02,14.02,13.9,13.92,3814007,,,,,historical_baseline,,fe33df9ae5456d8ee27133c42c244c81d150008ababc19399c7ed428638b57ea
2350,2019-02-12,13.92,13.92,13.58,13.7,11592795,,,,,historical_baseline,,fe33df9ae5456d8ee27133c42c244c81d150008ababc19399c7ed428638b57ea
2350,2019-02-13,13.76,13.88,13.74,13.8,4461820,,,,,historical_baseline,,fe33df9ae5456d8ee27133c42c244c81d150008ababc19399c7ed428638b57ea
2350,2019-02-14,13.8,13.84,13.66,13.76,4049935,,,,,historical_baseline,,fe33df9ae5456d8ee27133c42c244c81d150008ababc19399c7ed428638b57ea
2350,2019-02-17,13.84,13.88,13.7,13.72,4943188,,,,,historical_baseline,,fe33df9ae5456d8ee27133c42c244c81d150008ababc19399c7ed428638b57ea
2350,2019-02-18,13.72,13.8,13.5,13.52,8353792,,,,,historical_baseline,,fe33df9ae5456d8ee27133c42c244c81d150008ababc19399c7ed428638b57ea
2350,2019-02-19,13.5,13.6,13.48,13.58,4291557,,,,,historical_baseline,,fe33df9ae5456d8ee27133c42c244c81d150008ababc19399c7ed428638b57ea
2350,2019-02-20,13.56,13.62,13.48,13.48,2690174,,,,,historical_baseline,,fe33df9ae5456d8ee27133c42c244c81d150008ababc19399c7ed428638b57ea
2350,2019-02-21,13.54,13.66,13.52,13.66,2742246,,,,,historical_baseline,,fe33df9ae5456d8ee27133c42c244c81d150008ababc19399c7ed428638b57ea
2350,2019-02-24,13.72,13.92,13.7,13.8,7328235,,,,,historical_baseline,,fe33df9ae5456d8ee27133c42c244c81d150008ababc19399c7ed428638b57ea
2350,2019-02-25,13.82,13.82,13.56,13.62,6131560,,,,,historical_baseline,,fe33df9ae5456d8ee27133c42c244c81d150008ababc19399c7ed428638b57ea
2350,2019-02-26,13.58,13.66,13.46,13.64,4944176,,,,,historical_baseline,,fe33df9ae5456d8ee27133c42c244c81d150008ababc19399c7ed428638b57ea
2350,2019-02-27,13.68,13.82,13.54,13.76,4457421,,,,,historical_baseline,,fe33df9ae5456d8ee27133c42c244c81d150008ababc19399c7ed428638b57ea
2350,2019-02-28,13.76,14.16,13.66,14.14,12296519,,,,,historical_baseline,,fe33df9ae5456d8ee27133c42c244c81d150008ababc19399c7ed428638b57ea
2360,2019-02-03,50.1,50.5,50.1,50.1,9536,,,,,historical_baseline,,fe33df9ae5456d8ee27133c42c244c81d150008ababc19399c7ed428638b57ea
2360,2019-02-04,50.1,50.1,50.0,50.0,11689,,,,,historical_baseline,,fe33df9ae5456d8ee27133c42c244c81d150008ababc19399c7ed428638b57ea
2360,2019-02-05,50.0,50.5,50.0,50.2,9938,,,,,historical_baseline,,fe33df9ae5456d8ee27133c42c244c81d150008ababc19399c7ed428638b57ea
2360,2019-02-06,50.0,51.4,50.0,50.3,29292,,,,,historical_baseline,,fe33df9ae5456d8ee27133c42c244c81d150008ababc19399c7ed428638b57ea
2360,2019-02-07,50.3,50.4,50.0,50.0,9371,,,,,historical_baseline,,fe33df9ae5456d8ee27133c42c244c81d150008ababc19399c7ed428638b57ea
2360,2019-02-10,50.1,50.3,50.0,50.1,4927,,,,,historical_baseline,,fe33df9ae5456d8ee27133c42c244c81d150008ababc19399c7ed428638b57ea
2360,2019-02-11,50.1,50.2,50.0,50.0,5368,,,,,historical_baseline,,fe33df9ae5456d8ee27133c42c244c81d150008ababc19399c7ed428638b57ea
2360,2019-02-12,50.2,50.5,50.0,50.5,29513,,,,,historical_baseline,,fe33df9ae5456d8ee27133c42c244c81d150008ababc19399c7ed428638b57ea
2360,2019-02-13,50.1,50.2,49.9,49.9,6517,,,,,historical_baseline,,fe33df9ae5456d8ee27133c42c244c81d150008ababc19399c7ed428638b57ea
2360,2019-02-14,50.0,50.0,49.9,49.9,7822,,,,,historical_baseline,,fe33df9ae5456d8ee27133c42c244c81d150008ababc19399c7ed428638b57ea
2360,2019-02-17,50.3,50.3,49.8,50.0,6794,,,,,historical_baseline,,fe33df9ae5456d8ee27133c42c244c81d150008ababc19399c7ed428638b57ea
2360,2019-02-18,50.1,50.1,50.0,50.0,2226,,,,,historical_baseline,,fe33df9ae5456d8ee27133c42c244c81d150008ababc19399c7ed428638b57ea
2360,2019-02-19,50.0,50.0,50.0,50.0,691,,,,,historical_baseline,,fe33df9ae5456d8ee27133c42c244c81d150008ababc19399c7ed428638b57ea
2360,2019-02-20,50.0,50.0,50.0,50.0,2294,,,,,historical_baseline,,fe33df9ae5456d8ee27133c42c244c81d150008ababc19399c7ed428638b57ea
2360,2019-02-21,50.0,50.0,50.0,50.0,79,,,,,historical_baseline,,fe33df9ae5456d8ee27133c42c244c81d150008ababc19399c7ed428638b57ea
2360,2019-02-24,50.0,50.0,49.95,49.95,2060,,,,,historical_baseline,,fe33df9ae5456d8ee27133c42c244c81d150008ababc19399c7ed428638b57ea
2360,2019-02-25,49.7,49.7,49.0,49.0,10579,,,,,historical_baseline,,fe33df9ae5456d8ee27133c42c244c81d150008ababc19399c7ed428638b57ea
2360,2019-02-26,49.0,49.0,48.0,48.3,8119,,,,,historical_baseline,,fe33df9ae5456d8ee27133c42c244c81d150008ababc19399c7ed428638b57ea
2360,2019-02-27,48.3,48.3,48.0,48.2,8908,,,,,historical_baseline,,fe33df9ae5456d8ee27133c42c244c81d150008ababc19399c7ed428638b57ea
2360,2019-02-28,48.85,49.0,48.8,48.8,4685,,,,,historical_baseline,,fe33df9ae5456d8ee27133c42c244c81d150008ababc19399c7ed428638b57ea
2370,2019-02-03,12.8,12.82,12.52,12.52,337994,,,,,historical_baseline,,fe33df9ae5456d8ee27133c42c244c81d150008ababc19399c7ed428638b57ea
2370,2019-02-04,12.52,12.54,12.28,12.28,477593,,,,,historical_baseline,,fe33df9ae5456d8ee27133c42c244c81d150008ababc19399c7ed428638b57ea
2370,2019-02-05,12.32,12.5,12.28,12.48,395713,,,,,historical_baseline,,fe33df9ae5456d8ee27133c42c244c81d150008ababc19399c7ed428638b57ea
2370,2019-02-06,12.42,12.5,12.3,12.36,285557,,,,,historical_baseline,,fe33df9ae5456d8ee27133c42c244c81d150008ababc19399c7ed428638b57ea
2370,2019-02-07,12.36,12.36,12.2,12.3,171301,,,,,historical_baseline,,fe33df9ae5456d8ee27133c42c244c81d150008ababc19399c7ed428638b57ea
2370,2019-02-10,12.24,12.42,12.24,12.4,122311,,,,,historical_baseline,,fe33df9ae5456d8ee27133c42c244c81d150008ababc19399c7ed428638b57ea
2370,2019-02-11,12.34,12.34,12.2,12.26,134515,,,,,historical_baseline,,fe33df9ae5456d8ee27133c42c244c81d150008ababc19399c7ed428638b57ea
2370,2019-02-12,12.2,12.28,12.2,12.24,145927,,,,,historical_baseline,,fe33df9ae5456d8ee27133c42c244c81d150008ababc19399c7ed428638b57ea
2370,2019-02-13,12.26,12.26,12.14,12.16,153001,,,,,historical_baseline,,fe33df9ae5456d8ee27133c42c244c81d150008ababc19399c7ed428638b57ea
2370,2019-02-14,12.14,12.18,12.0,12.1,159039,,,,,historical_baseline,,fe33df9ae5456d8ee27133c42c244c81d150008ababc19399c7ed428638b57ea
2370,2019-02-17,12.14,12.26,12.14,12.14,160790,,,,,historical_baseline,,fe33df9ae5456d8ee27133c42c244c81d150008ababc19399c7ed428638b57ea
2370,2019-02-18,12.12,12.12,11.94,11.98,225924,,,,,historical_baseline,,fe33df9ae5456d8ee27133c42c244c81d150008ababc19399c7ed428638b57ea
2370,2019-02-19,11.98,12.02,11.94,12.0,232201,,,,,historical_baseline,,fe33df9ae5456d8ee27133c42c244c81d150008ababc19399c7ed428638b57ea
2370,2019-02-20,12.0,12.04,12.0,12.02,89884,,,,,historical_baseline,,fe33df9ae5456d8ee27133c42c244c81d150008ababc19399c7ed428638b57ea
2370,2019-02-21,12.0,12.0,11.96,11.98,82474,,,,,historical_baseline,,fe33df9ae5456d8ee27133c42c244c81d150008ababc19399c7ed428638b57ea
2370,2019-02-24,12.0,12.04,11.9,11.92,206518,,,,,historical_baseline,,fe33df9ae5456d8ee27133c42c244c81d150008ababc19399c7ed428638b57ea
2370,2019-02-25,11.92,11.92,11.8,11.86,114320,,,,,historical_baseline,,fe33df9ae5456d8ee27133c42c244c81d150008ababc19399c7ed428638b57ea
2370,2019-02-26,11.8,11.9,11.78,11.9,93682,,,,,historical_baseline,,fe33df9ae5456d8ee27133c42c244c81d150008ababc19399c7ed428638b57ea
2370,2019-02-27,11.9,11.9,11.78,11.86,170407,,,,,historical_baseline,,fe33df9ae5456d8ee27133c42c244c81d150008ababc19399c7ed428638b57ea
2370,2019-02-28,11.86,11.88,11.78,11.78,121937,,,,,historical_baseline,,fe33df9ae5456d8ee27133c42c244c81d150008ababc19399c7ed428638b57ea
2380,2019-02-03,14.16,14.26,14.09,14.11,697243,,,,,historical_baseline,,fe33df9ae5456d8ee27133c42c244c81d150008ababc19399c7ed428638b57ea
2380,2019-02-04,14.15,14.16,13.99,14.06,726136,,,,,historical_baseline,,fe33df9ae5456d8ee27133c42c244c81d150008ababc19399c7ed428638b57ea
2380,2019-02-05,14.04,14.12,14.01,14.11,883200,,,,,historical_baseline,,fe33df9ae5456d8ee27133c42c244c81d150008ababc19399c7ed428638b57ea
2380,2019-02-06,14.12,14.13,13.91,13.94,2227222,,,,,historical_baseline,,fe33df9ae5456d8ee27133c42c244c81d150008ababc19399c7ed428638b57ea
2380,2019-02-07,13.94,13.94,13.43,13.45,2854574,,,,,historical_baseline,,fe33df9ae5456d8ee27133c42c244c81d150008ababc19399c7ed428638b57ea
2380,2019-02-10,13.48,13.53,13.41,13.52,924021,,,,,historical_baseline,,fe33df9ae5456d8ee27133c42c244c81d150008ababc19399c7ed428638b57ea
2380,2019-02-11,13.53,13.6,13.52,13.53,877227,,,,,historical_baseline,,fe33df9ae5456d8ee27133c42c244c81d150008ababc19399c7ed428638b57ea
2380,2019-02-12,13.59,13.6,13.52,13.57,565687,,,,,historical_baseline,,fe33df9ae5456d8ee27133c42c244c81d150008ababc19399c7ed428638b57ea
2380,2019-02-13,13.59,13.69,13.57,13.62,681690,,,,,historical_baseline,,fe33df9ae5456d8ee27133c42c244c81d150008ababc19399c7ed428638b57ea
2380,2019-02-14,13.63,13.74,13.6,13.74,901877,,,,,historical_baseline,,fe33df9ae5456d8ee27133c42c244c81d150008ababc19399c7ed428638b57ea
2380,2019-02-17,13.77,13.88,13.76,13.76,1073770,,,,,historical_baseline,,fe33df9ae5456d8ee27133c42c244c81d150008ababc19399c7ed428638b57ea
2380,2019-02-18,13.78,13.8,13.66,13.73,413128,,,,,historical_baseline,,fe33df9ae5456d8ee27133c42c244c81d150008ababc19399c7ed428638b57ea
2380,2019-02-19,13.67,13.87,13.6,13.85,554578,,,,,historical_baseline,,fe33df9ae5456d8ee27133c42c244c81d150008ababc19399c7ed428638b57ea
2380,2019-02-20,13.45,13.73,13.31,13.73,2936222,,,,,historical_baseline,,fe33df9ae5456d8ee27133c42c244c81d150008ababc19399c7ed428638b57ea
2380,2019-02-21,13.74,13.76,13.6,13.7,581427,,,,,historical_baseline,,fe33df9ae5456d8ee27133c42c244c81d150008ababc19399c7ed428638b57ea
2380,2019-02-24,13.67,13.77,13.64,13.7,665936,,,,,historical_baseline,,fe33df9ae5456d8ee27133c42c244c81d150008ababc19399c7ed428638b57ea
2380,2019-02-25,13.64,13.67,13.52,13.59,555255,,,,,historical_baseline,,fe33df9ae5456d8ee27133c42c244c81d150008ababc19399c7ed428638b57ea
2380,2019-02-26,13.57,13.63,13.52,13.63,383691,,,,,historical_baseline,,fe33df9ae5456d8ee27133c42c244c81d150008ababc19399c7ed428638b57ea
2380,2019-02-27,13.67,13.87,13.63,13.85,1295185,,,,,historical_baseline,,fe33df9ae5456d8ee27133c42c244c81d150008ababc19399c7ed428638b57ea
2380,2019-02-28,13.81,13.92,13.78,13.92,1071487,,,,,historical_baseline,,fe33df9ae5456d8ee27133c42c244c81d150008ababc19399c7ed428638b57ea
3002,2019-02-03,8.62,8.64,8.52,8.52,693677,,,,,historical_baseline,,fe33df9ae5456d8ee27133c42c244c81d150008ababc19399c7ed428638b57ea
3002,2019-02-04,8.52,8.54,8.44,8.45,725647,,,,,historical_baseline,,fe33df9ae5456d8ee27133c42c244c81d150008ababc19399c7ed428638b57ea
3002,2019-02-05,8.45,8.72,8.45,8.6,2557276,,,,,historical_baseline,,fe33df9ae5456d8ee27133c42c244c81d150008ababc19399c7ed428638b57ea
3002,2019-02-06,8.67,8.67,8.6,8.62,836852,,,,,historical_baseline,,fe33df9ae5456d8ee27133c42c244c81d150008ababc19399c7ed428638b57ea
3002,2019-02-07,8.59,8.62,8.52,8.53,1290195,,,,,historical_baseline,,fe33df9ae5456d8ee27133c42c244c81d150008ababc19399c7ed428638b57ea
3002,2019-02-10,8.52,8.64,8.52,8.6,906339,,,,,historical_baseline,,fe33df9ae5456d8ee27133c42c244c81d150008ababc19399c7ed428638b57ea
3002,2019-02-11,8.62,8.64,8.56,8.56,413385,,,,,historical_baseline,,fe33df9ae5456d8ee27133c42c244c81d150008ababc19399c7ed428638b57ea
3002,2019-02-12,8.55,8.6,8.53,8.57,303113,,,,,historical_baseline,,fe33df9ae5456d8ee27133c42c244c81d150008ababc19399c7ed428638b57ea
3002,2019-02-13,8.56,8.56,8.5,8.51,662174,,,,,historical_baseline,,fe33df9ae5456d8ee27133c42c244c81d150008ababc19399c7ed428638b57ea
3002,2019-02-14,8.5,8.52,8.5,8.5,305908,,,,,historical_baseline,,fe33df9ae5456d8ee27133c42c244c81d150008ababc19399c7ed428638b57ea
3002,2019-02-17,8.49,8.52,8.4,8.45,271249,,,,,historical_baseline,,fe33df9ae5456d8ee27133c42c244c81d150008ababc19399c7ed428638b57ea
3002,2019-02-18,8.5,8.5,8.45,8.45,184880,,,,,historical_baseline,,fe33df9ae5456d8ee27133c42c244c81d150008ababc19399c7ed428638b57ea
3002,2019-02-19,8.42,8.42,8.36,8.42,268212,,,,,historical_baseline,,fe33df9ae5456d8ee27133c42c244c81d150008ababc19399c7ed428638b57ea
3002,2019-02-20,8.43,8.43,8.36,8.38,311144,,,,,historical_baseline,,fe33df9ae5456d8ee27133c42c244c81d150008ababc19399c7ed428638b57ea
3002,2019-02-21,8.39,8.52,8.32,8.42,305244,,,,,historical_baseline,,fe33df9ae5456d8ee27133c42c244c81d150008ababc19399c7ed428638b57ea
3002,2019-02-24,8.43,8.45,8.35,8.35,229261,,,,,historical_baseline,,fe33df9ae5456d8ee27133c42c244c81d150008ababc19399c7ed428638b57ea
3002,2019-02-25,8.34,8.44,8.32,8.38,475854,,,,,historical_baseline,,fe33df9ae5456d8ee27133c42c244c81d150008ababc19399c7ed428638b57ea
3002,2019-02-26,8.37,8.4,8.29,8.4,593465,,,,,historical_baseline,,fe33df9ae5456d8ee27133c42c244c81d150008ababc19399c7ed428638b57ea
3002,2019-02-27,8.38,8.44,8.37,8.44,219990,,,,,historical_baseline,,fe33df9ae5456d8ee27133c42c244c81d150008ababc19399c7ed428638b57ea
3002,2019-02-28,8.32,8.35,8.28,8.35,696569,,,,,historical_baseline,,fe33df9ae5456d8ee27133c42c244c81d150008ababc19399c7ed428638b57ea
3003,2019-02-03,14.08,14.11,13.78,13.86,345602,,,,,historical_baseline,,fe33df9ae5456d8ee27133c42c244c81d150008ababc19399c7ed428638b57ea
3003,2019-02-04,13.86,13.92,13.81,13.86,143782,,,,,historical_baseline,,fe33df9ae5456d8ee27133c42c244c81d150008ababc19399c7ed428638b57ea
3003,2019-02-05,13.92,14.54,13.92,14.27,1443766,,,,,historical_baseline,,fe33df9ae5456d8ee27133c42c244c81d150008ababc19399c7ed428638b57ea
3003,2019-02-06,14.32,14.41,14.19,14.22,407765,,,,,historical_baseline,,fe33df9ae5456d8ee27133c42c244c81d150008ababc19399c7ed428638b57ea
3003,2019-02-07,14.22,14.35,14.19,14.35,303704,,,,,historical_baseline,,fe33df9ae5456d8ee27133c42c244c81d150008ababc19399c7ed428638b57ea
3003,2019-02-10,14.38,14.57,14.24,14.24,557866,,,,,historical_baseline,,fe33df9ae5456d8ee27133c42c244c81d150008ababc19399c7ed428638b57ea
3003,2019-02-11,14.27,14.46,14.19,14.38,487521,,,,,historical_baseline,,fe33df9ae5456d8ee27133c42c244c81d150008ababc19399c7ed428638b57ea
3003,2019-02-12,14.32,14.32,14.19,14.3,259875,,,,,historical_baseline,,fe33df9ae5456d8ee27133c42c244c81d150008ababc19399c7ed428638b57ea
3003,2019-02-13,14.27,14.32,14.05,14.14,338100,,,,,historical_baseline,,fe33df9ae5456d8ee27133c42c244c81d150008ababc19399c7ed428638b57ea
3003,2019-02-14,14.32,14.54,14.22,14.38,895809,,,,,historical_baseline,,fe33df9ae5456d8ee27133c42c244c81d150008ababc19399c7ed428638b57ea
3003,2019-02-17,14.24,14.51,14.24,14.51,327725,,,,,historical_baseline,,fe33df9ae5456d8ee27133c42c244c81d150008ababc19399c7ed428638b57ea
3003,2019-02-18,14.43,14.59,14.3,14.35,451365,,,,,historical_baseline,,fe33df9ae5456d8ee27133c42c244c81d150008ababc19399c7ed428638b57ea
3003,2019-02-19,14.32,14.35,14.16,14.19,325791,,,,,historical_baseline,,fe33df9ae5456d8ee27133c42c244c81d150008ababc19399c7ed428638b57ea
3003,2019-02-20,14.19,14.24,13.86,14.03,626640,,,,,historical_baseline,,fe33df9ae5456d8ee27133c42c244c81d150008ababc19399c7ed428638b57ea
3003,2019-02-21,14.03,14.05,13.89,14.03,277319,,,,,historical_baseline,,fe33df9ae5456d8ee27133c42c244c81d150008ababc19399c7ed428638b57ea
3003,2019-02-24,14.05,14.05,13.89,13.97,398390,,,,,historical_baseline,,fe33df9ae5456d8ee27133c42c244c81d150008ababc19399c7ed428638b57ea
3003,2019-02-25,13.92,13.92,13.81,13.81,393167,,,,,historical_baseline,,fe33df9ae5456d8ee27133c42c244c81d150008ababc19399c7ed428638b57ea
3003,2019-02-26,13.78,13.84,13.7,13.7,196800,,,,,historical_baseline,,fe33df9ae5456d8ee27133c42c244c81d150008ababc19399c7ed428638b57ea
3003,2019-02-27,13.76,13.92,13.7,13.92,170690,,,,,historical_baseline,,fe33df9ae5456d8ee27133c42c244c81d150008ababc19399c7ed428638b57ea
3003,2019-02-28,13.92,13.97,13.84,13.92,160072,,,,,historical_baseline,,fe33df9ae5456d8ee27133c42c244c81d150008ababc19399c7ed428638b57ea
3004,2019-02-03,9.0,9.0,8.86,8.94,399831,,,,,historical_baseline,,fe33df9ae5456d8ee27133c42c244c81d150008ababc19399c7ed428638b57ea
3004,2019-02-04,8.88,9.0,8.88,8.94,262741,,,,,historical_baseline,,fe33df9ae5456d8ee27133c42c244c81d150008ababc19399c7ed428638b57ea
3004,2019-02-05,8.94,9.15,8.9,9.11,2002873,,,,,historical_baseline,,fe33df9ae5456d8ee27133c42c244c81d150008ababc19399c7ed428638b57ea
3004,2019-02-06,9.06,9.06,8.92,8.95,574189,,,,,historical_baseline,,fe33df9ae5456d8ee27133c42c244c81d150008ababc19399c7ed428638b57ea
3004,2019-02-07,8.96,9.01,8.93,8.95,228724,,,,,historical_baseline,,fe33df9ae5456d8ee27133c42c244c81d150008ababc19399c7ed428638b57ea
3004,2019-02-10,9.03,9.04,8.94,9.0,322019,,,,,historical_baseline,,fe33df9ae5456d8ee27133c42c244c81d150008ababc19399c7ed428638b57ea
3004,2019-02-11,9.0,9.03,8.92,8.92,173631,,,,,historical_baseline,,fe33df9ae5456d8ee27133c42c244c81d150008ababc19399c7ed428638b57ea
3004,2019-02-12,8.89,9.0,8.89,8.94,368893,,,,,historical_baseline,,fe33df9ae5456d8ee27133c42c244c81d150008ababc19399c7ed428638b57ea
3004,2019-02-13,8.88,8.94,8.82,8.83,397268,,,,,historical_baseline,,fe33df9ae5456d8ee27133c42c244c81d150008ababc19399c7ed428638b57ea
3004,2019-02-14,8.8,8.88,8.79,8.82,213485,,,,,historical_baseline,,fe33df9ae5456d8ee27133c42c244c81d150008ababc19399c7ed428638b57ea
3004,2019-02-17,8.78,8.93,8.78,8.9,353155,,,,,historical_baseline,,fe33df9ae5456d8ee27133c42c244c81d150008ababc19399c7ed428638b57ea
3004,2019-02-18,8.93,8.93,8.82,8.82,125393,,,,,historical_baseline,,fe33df9ae5456d8ee27133c42c244c81d150008ababc19399c7ed428638b57ea
3004,2019-02-19,8.84,8.89,8.82,8.86,128036,,,,,historical_baseline,,fe33df9ae5456d8ee27133c42c244c81d150008ababc19399c7ed428638b57ea
3004,2019-02-20,8.89,8.89,8.82,8.87,86314,,,,,historical_baseline,,fe33df9ae5456d8ee27133c42c244c81d150008ababc19399c7ed428638b57ea
3004,2019-02-21,8.9,8.9,8.8,8.85,128615,,,,,historical_baseline,,fe33df9ae5456d8ee27133c42c244c81d150008ababc19399c7ed428638b57ea
3004,2019-02-24,8.8,8.8,8.7,8.8,312782,,,,,historical_baseline,,fe33df9ae5456d8ee27133c42c244c81d150008ababc19399c7ed428638b57ea
3004,2019-02-25,8.8,8.8,8.7,8.76,100672,,,,,historical_baseline,,fe33df9ae5456d8ee27133c42c244c81d150008ababc19399c7ed428638b57ea
3004,2019-02-26,8.74,8.76,8.7,8.76,114672,,,,,historical_baseline,,fe33df9ae5456d8ee27133c42c244c81d150008ababc19399c7ed428638b57ea
3004,2019-02-27,8.72,8.82,8.7,8.82,91834,,,,,historical_baseline,,fe33df9ae5456d8ee27133c42c244c81d150008ababc19399c7ed428638b57ea
3004,2019-02-28,8.77,8.8,8.77,8.8,78205,,,,,historical_baseline,,fe33df9ae5456d8ee27133c42c244c81d150008ababc19399c7ed428638b57ea
3005,2019-02-03,12.26,12.32,12.16,12.16,211463,,,,,historical_baseline,,fe33df9ae5456d8ee27133c42c244c81d150008ababc19399c7ed428638b57ea
3005,2019-02-04,12.2,12.2,12.02,12.02,234175,,,,,historical_baseline,,fe33df9ae5456d8ee27133c42c244c81d150008ababc19399c7ed428638b57ea
3005,2019-02-05,12.02,12.5,12.02,12.36,1479542,,,,,historical_baseline,,fe33df9ae5456d8ee27133c42c244c81d150008ababc19399c7ed428638b57ea
3005,2019-02-06,12.38,12.46,12.24,12.3,510810,,,,,historical_baseline,,fe33df9ae5456d8ee27133c42c244c81d150008ababc19399c7ed428638b57ea
3005,2019-02-07,12.3,12.42,12.3,12.36,438065,,,,,historical_baseline,,fe33df9ae5456d8ee27133c42c244c81d150008ababc19399c7ed428638b57ea
3005,2019-02-10,12.44,12.82,12.44,12.6,990683,,,,,historical_baseline,,fe33df9ae5456d8ee27133c42c244c81d150008ababc19399c7ed428638b57ea
3005,2019-02-11,12.68,12.74,12.58,12.58,660029,,,,,historical_baseline,,fe33df9ae5456d8ee27133c42c244c81d150008ababc19399c7ed428638b57ea
3005,2019-02-12,12.68,12.68,12.5,12.52,512359,,,,,historical_baseline,,fe33df9ae5456d8ee27133c42c244c81d150008ababc19399c7ed428638b57ea
3005,2019-02-13,12.48,12.5,12.38,12.46,394187,,,,,historical_baseline,,fe33df9ae5456d8ee27133c42c244c81d150008ababc19399c7ed428638b57ea
3005,2019-02-14,12.46,12.56,12.4,12.46,274841,,,,,historical_baseline,,fe33df9ae5456d8ee27133c42c244c81d150008ababc19399c7ed428638b57ea
3005,2019-02-17,12.46,12.58,12.46,12.52,319424,,,,,historical_baseline,,fe33df9ae5456d8ee27133c42c244c81d150008ababc19399c7ed428638b57ea
3005,2019-02-18,12.5,12.54,12.34,12.34,221337,,,,,historical_baseline,,fe33df9ae5456d8ee27133c42c244c81d150008ababc19399c7ed428638b57ea
3005,2019-02-19,12.34,12.4,12.24,12.28,151358,,,,,historical_baseline,,fe33df9ae5456d8ee27133c42c244c81d150008ababc19399c7ed428638b57ea
3005,2019-02-20,12.28,12.3,12.2,12.28,177324,,,,,historical_baseline,,fe33df9ae5456d8ee27133c42c244c81d150008ababc19399c7ed428638b57ea
3005,2019-02-21,12.42,12.42,12.26,12.38,211358,,,,,historical_baseline,,fe33df9ae5456d8ee27133c42c244c81d150008ababc19399c7ed428638b57ea
3005,2019-02-24,12.34,12.34,12.22,12.24,290829,,,,,historical_baseline,,fe33df9ae5456d8ee27133c42c244c81d150008ababc19399c7ed428638b57ea
3005,2019-02-25,12.22,12.24,12.12,12.14,113253,,,,,historical_baseline,,fe33df9ae5456d8ee27133c42c244c81d150008ababc19399c7ed428638b57ea
3005,2019-02-26,12.2,12.2,12.02,12.08,229698,,,,,historical_baseline,,fe33df9ae5456d8ee27133c42c244c81d150008ababc19399c7ed428638b57ea
3005,2019-02-27,12.04,12.04,11.8,11.9,457144,,,,,historical_baseline,,fe33df9ae5456d8ee27133c42c244c81d150008ababc19399c7ed428638b57ea
3005,2019-02-28,11.9,11.9,11.8,11.82,209044,,,,,historical_baseline,,fe33df9ae5456d8ee27133c42c244c81d150008ababc19399c7ed428638b57ea
3007,2019-02-03,28.97,29.0,28.67,28.7,117051,,,,,historical_baseline,,fe33df9ae5456d8ee27133c42c244c81d150008ababc19399c7ed428638b57ea
3007,2019-02-04,28.77,28.8,28.6,28.8,65850,,,,,historical_baseline,,fe33df9ae5456d8ee27133c42c244c81d150008ababc19399c7ed428638b57ea
3007,2019-02-05,28.8,29.6,28.73,29.2,365601,,,,,historical_baseline,,fe33df9ae5456d8ee27133c42c244c81d150008ababc19399c7ed428638b57ea
3007,2019-02-06,29.23,29.9,29.1,29.4,426190,,,,,historical_baseline,,fe33df9ae5456d8ee27133c42c244c81d150008ababc19399c7ed428638b57ea
3007,2019-02-07,29.47,29.53,29.07,29.07,109410,,,,,historical_baseline,,fe33df9ae5456d8ee27133c42c244c81d150008ababc19399c7ed428638b57ea
3007,2019-02-10,29.07,29.23,28.67,28.73,179904,,,,,historical_baseline,,fe33df9ae5456d8ee27133c42c244c81d150008ababc19399c7ed428638b57ea
3007,2019-02-11,28.67,28.87,28.53,28.73,88527,,,,,historical_baseline,,fe33df9ae5456d8ee27133c42c244c81d150008ababc19399c7ed428638b57ea
3007,2019-02-12,28.67,28.83,28.4,28.83,107953,,,,,historical_baseline,,fe33df9ae5456d8ee27133c42c244c81d150008ababc19399c7ed428638b57ea
3007,2019-02-13,28.9,29.0,28.5,28.5,86715,,,,,historical_baseline,,fe33df9ae5456d8ee27133c42c244c81d150008ababc19399c7ed428638b57ea
3007,2019-02-14,28.47,28.6,28.07,28.07,68449,,,,,historical_baseline,,fe33df9ae5456d8ee27133c42c244c81d150008ababc19399c7ed428638b57ea
3007,2019-02-17,28.3,28.8,28.2,28.63,124014,,,,,historical_baseline,,fe33df9ae5456d8ee27133c42c244c81d150008ababc19399c7ed428638b57ea
3007,2019-02-18,28.67,28.67,28.07,28.13,96519,,,,,historical_baseline,,fe33df9ae5456d8ee27133c42c244c81d150008ababc19399c7ed428638b57ea
3007,2019-02-19,28.0,28.13,27.8,27.9,126969,,,,,historical_baseline,,fe33df9ae5456d8ee27133c42c244c81d150008ababc19399c7ed428638b57ea
3007,2019-02-20,27.93,27.93,27.7,27.8,72552,,,,,historical_baseline,,fe33df9ae5456d8ee27133c42c244c81d150008ababc19399c7ed428638b57ea
3007,2019-02-21,27.87,27.87,27.53,27.57,96790,,,,,historical_baseline,,fe33df9ae5456d8ee27133c42c244c81d150008ababc19399c7ed428638b57ea
3007,2019-02-24,27.53,27.83,27.43,27.53,92973,,,,,historical_baseline,,fe33df9ae5456d8ee27133c42c244c81d150008ababc19399c7ed428638b57ea
3007,2019-02-25,27.47,27.5,27.23,27.33,179758,,,,,historical_baseline,,fe33df9ae5456d8ee27133c42c244c81d150008ababc19399c7ed428638b57ea
3007,2019-02-26,27.33,27.57,27.3,27.3,77476,,,,,historical_baseline,,fe33df9ae5456d8ee27133c42c244c81d150008ababc19399c7ed428638b57ea
3007,2019-02-27,27.43,27.47,27.17,27.23,52390,,,,,historical_baseline,,fe33df9ae5456d8ee27133c42c244c81d150008ababc19399c7ed428638b57ea
3007,2019-02-28,27.3,27.57,27.23,27.4,88459,,,,,historical_baseline,,fe33df9ae5456d8ee27133c42c244c81d150008ababc19399c7ed428638b57ea
3010,2019-02-03,24.5,24.8,24.24,24.24,172805,,,,,historical_baseline,,fe33df9ae5456d8ee27133c42c244c81d150008ababc19399c7ed428638b57ea
3010,2019-02-04,24.2,24.3,23.9,24.0,198563,,,,,historical_baseline,,fe33df9ae5456d8ee27133c42c244c81d150008ababc19399c7ed428638b57ea
3010,2019-02-05,24.06,26.15,24.04,25.7,866010,,,,,historical_baseline,,fe33df9ae5456d8ee27133c42c244c81d150008ababc19399c7ed428638b57ea
3010,2019-02-06,26.0,26.4,25.4,25.45,421913,,,,,historical_baseline,,fe33df9ae5456d8ee27133c42c244c81d150008ababc19399c7ed428638b57ea
3010,2019-02-07,25.25,26.15,25.25,26.0,283411,,,,,historical_baseline,,fe33df9ae5456d8ee27133c42c244c81d150008ababc19399c7ed428638b57ea
3010,2019-02-10,26.1,27.0,26.1,26.5,709945,,,,,historical_baseline,,fe33df9ae5456d8ee27133c42c244c81d150008ababc19399c7ed428638b57ea
3010,2019-02-11,26.5,26.5,26.0,26.05,270298,,,,,historical_baseline,,fe33df9ae5456d8ee27133c42c244c81d150008ababc19399c7ed428638b57ea
3010,2019-02-12,26.05,26.4,25.95,26.15,293359,,,,,historical_baseline,,fe33df9ae5456d8ee27133c42c244c81d150008ababc19399c7ed428638b57ea
3010,2019-02-13,26.05,26.1,25.35,25.65,256058,,,,,historical_baseline,,fe33df9ae5456d8ee27133c42c244c81d150008ababc19399c7ed428638b57ea
3010,2019-02-14,25.7,26.5,25.7,25.95,380658,,,,,historical_baseline,,fe33df9ae5456d8ee27133c42c244c81d150008ababc19399c7ed428638b57ea
3010,2019-02-17,25.85,25.95,25.4,25.65,163328,,,,,historical_baseline,,fe33df9ae5456d8ee27133c42c244c81d150008ababc19399c7ed428638b57ea
3010,2019-02-18,25.55,25.65,25.35,25.45,113258,,,,,historical_baseline,,fe33df9ae5456d8ee27133c42c244c81d150008ababc19399c7ed428638b57ea
3010,2019-02-19,25.3,25.4,24.96,25.25,110483,,,,,historical_baseline,,fe33df9ae5456d8ee27133c42c244c81d150008ababc19399c7ed428638b57ea
3010,2019-02-20,24.98,25.2,24.9,25.05,121158,,,,,historical_baseline,,fe33df9ae5456d8ee27133c42c244c81d150008ababc19399c7ed428638b57ea
3010,2019-02-21,25.1,25.4,24.9,25.1,131697,,,,,historical_baseline,,fe33df9ae5456d8ee27133c42c244c81d150008ababc19399c7ed428638b57ea
3010,2019-02-24,24.98,25.05,24.8,24.9,101130,,,,,historical_baseline,,fe33df9ae5456d8ee27133c42c244c81d150008ababc19399c7ed428638b57ea
3010,2019-02-25,24.88,24.88,24.5,24.54,155911,,,,,historical_baseline,,fe33df9ae5456d8ee27133c42c244c81d150008ababc19399c7ed428638b57ea
3010,2019-02-26,24.42,24.42,24.32,24.34,106617,,,,,historical_baseline,,fe33df9ae5456d8ee27133c42c244c81d150008ababc19399c7ed428638b57ea
3010,2019-02-27,24.48,24.48,24.0,24.3,132079,,,,,historical_baseline,,fe33df9ae5456d8ee27133c42c244c81d150008ababc19399c7ed428638b57ea
3010,2019-02-28,24.3,24.3,24.16,24.22,66102,,,,,historical_baseline,,fe33df9ae5456d8ee27133c42c244c81d150008ababc19399c7ed428638b57ea
3020,2019-02-03,14.28,14.28,13.96,14.04,441666,,,,,historical_baseline,,fe33df9ae5456d8ee27133c42c244c81d150008ababc19399c7ed428638b57ea
3020,2019-02-04,14.0,14.04,13.96,13.98,190168,,,,,historical_baseline,,fe33df9ae5456d8ee27133c42c244c81d150008ababc19399c7ed428638b57ea
3020,2019-02-05,14.0,14.48,14.0,14.38,1103101,,,,,historical_baseline,,fe33df9ae5456d8ee27133c42c244c81d150008ababc19399c7ed428638b57ea
3020,2019-02-06,14.36,14.6,14.36,14.36,353207,,,,,historical_baseline,,fe33df9ae5456d8ee27133c42c244c81d150008ababc19399c7ed428638b57ea
3020,2019-02-07,14.44,14.62,14.34,14.6,490703,,,,,historical_baseline,,fe33df9ae5456d8ee27133c42c244c81d150008ababc19399c7ed428638b57ea
3020,2019-02-10,14.66,15.26,14.5,15.06,1557504,,,,,historical_baseline,,fe33df9ae5456d8ee27133c42c244c81d150008ababc19399c7ed428638b57ea
3020,2019-02-11,15.0,15.06,14.8,14.8,935565,,,,,historical_baseline,,fe33df9ae5456d8ee27133c42c244c81d150008ababc19399c7ed428638b57ea
3020,2019-02-12,15.0,15.08,14.88,15.0,1366979,,,,,historical_baseline,,fe33df9ae5456d8ee27133c42c244c81d150008ababc19399c7ed428638b57ea
3020,2019-02-13,15.0,15.02,14.76,14.88,975577,,,,,historical_baseline,,fe33df9ae5456d8ee27133c42c244c81d150008ababc19399c7ed428638b57ea
3020,2019-02-14,14.94,14.96,14.64,14.9,1609829,,,,,historical_baseline,,fe33df9ae5456d8ee27133c42c244c81d150008ababc19399c7ed428638b57ea
3020,2019-02-17,14.8,14.9,14.64,14.7,362909,,,,,historical_baseline,,fe33df9ae5456d8ee27133c42c244c81d150008ababc19399c7ed428638b57ea
3020,2019-02-18,14.7,14.74,14.44,14.44,330877,,,,,historical_baseline,,fe33df9ae5456d8ee27133c42c244c81d150008ababc19399c7ed428638b57ea
3020,2019-02-19,14.44,14.44,13.96,13.98,1743741,,,,,historical_baseline,,fe33df9ae5456d8ee27133c42c244c81d150008ababc19399c7ed428638b57ea
3020,2019-02-20,14.0,14.02,13.84,14.0,330862,,,,,historical_baseline,,fe33df9ae5456d8ee27133c42c244c81d150008ababc19399c7ed428638b57ea
3020,2019-02-21,14.12,14.2,14.0,14.14,496682,,,,,historical_baseline,,fe33df9ae5456d8ee27133c42c244c81d150008ababc19399c7ed428638b57ea
3020,2019-02-24,14.3,14.38,14.18,14.24,316235,,,,,historical_baseline,,fe33df9ae5456d8ee27133c42c244c81d150008ababc19399c7ed428638b57ea
3020,2019-02-25,14.24,14.24,13.92,14.02,524255,,,,,historical_baseline,,fe33df9ae5456d8ee27133c42c244c81d150008ababc19399c7ed428638b57ea
3020,2019-02-26,13.96,14.06,13.92,14.06,171823,,,,,historical_baseline,,fe33df9ae5456d8ee27133c42c244c81d150008ababc19399c7ed428638b57ea
3020,2019-02-27,14.08,14.12,13.9,14.12,132836,,,,,historical_baseline,,fe33df9ae5456d8ee27133c42c244c81d150008ababc19399c7ed428638b57ea
3020,2019-02-28,14.08,14.08,13.94,13.98,162302,,,,,historical_baseline,,fe33df9ae5456d8ee27133c42c244c81d150008ababc19399c7ed428638b57ea
3030,2019-02-03,57.0,57.0,54.2,54.6,102417,,,,,historical_baseline,,fe33df9ae5456d8ee27133c42c244c81d150008ababc19399c7ed428638b57ea
3030,2019-02-04,54.3,55.1,54.1,54.6,55511,,,,,historical_baseline,,fe33df9ae5456d8ee27133c42c244c81d150008ababc19399c7ed428638b57ea
3030,2019-02-05,54.9,58.1,54.9,57.5,265949,,,,,historical_baseline,,fe33df9ae5456d8ee27133c42c244c81d150008ababc19399c7ed428638b57ea
3030,2019-02-06,57.0,57.8,57.0,57.5,148120,,,,,historical_baseline,,fe33df9ae5456d8ee27133c42c244c81d150008ababc19399c7ed428638b57ea
3030,2019-02-07,57.7,58.4,57.7,58.3,172650,,,,,historical_baseline,,fe33df9ae5456d8ee27133c42c244c81d150008ababc19399c7ed428638b57ea
3030,2019-02-10,58.4,58.5,58.0,58.0,263807,,,,,historical_baseline,,fe33df9ae5456d8ee27133c42c244c81d150008ababc19399c7ed428638b57ea
3030,2019-02-11,57.7,59.1,57.5,58.7,268127,,,,,historical_baseline,,fe33df9ae5456d8ee27133c42c244c81d150008ababc19399c7ed428638b57ea
3030,2019-02-12,59.0,59.2,58.5,59.0,96959,,,,,historical_baseline,,fe33df9ae5456d8ee27133c42c244c81d150008ababc19399c7ed428638b57ea
3030,2019-02-13,58.7,59.0,58.7,58.8,64933,,,,,historical_baseline,,fe33df9ae5456d8ee27133c42c244c81d150008ababc19399c7ed428638b57ea
3030,2019-02-14,58.6,59.0,58.3,58.9,80404,,,,,historical_baseline,,fe33df9ae5456d8ee27133c42c244c81d150008ababc19399c7ed428638b57ea
3030,2019-02-17,58.7,59.0,58.7,58.8,66333,,,,,historical_baseline,,fe33df9ae5456d8ee27133c42c244c81d150008ababc19399c7ed428638b57ea
3030,2019-02-18,58.6,58.8,58.4,58.4,40505,,,,,historical_baseline,,fe33df9ae5456d8ee27133c42c244c81d150008ababc19399c7ed428638b57ea
3030,2019-02-19,58.0,58.4,57.0,57.5,49009,,,,,historical_baseline,,fe33df9ae5456d8ee27133c42c244c81d150008ababc19399c7ed428638b57ea
3030,2019-02-20,57.1,57.3,56.9,57.0,51437,,,,,historical_baseline,,fe33df9ae5456d8ee27133c42c244c81d150008ababc19399c7ed428638b57ea
3030,2019-02-21,56.7,57.0,56.5,57.0,46475,,,,,historical_baseline,,fe33df9ae5456d8ee27133c42c244c81d150008ababc19399c7ed428638b57ea
3030,2019-02-24,57.5,57.7,56.9,56.9,16462,,,,,historical_baseline,,fe33df9ae5456d8ee27133c42c244c81d150008ababc19399c7ed428638b57ea
3030,2019-02-25,57.0,57.5,56.0,56.5,161115,,,,,historical_baseline,,fe33df9ae5456d8ee27133c42c244c81d150008ababc19399c7ed428638b57ea
3030,2019-02-26,57.0,57.2,56.5,56.8,61683,,,,,historical_baseline,,fe33df9ae5456d8ee27133c42c244c81d150008ababc19399c7ed428638b57ea
3030,2019-02-27,56.9,56.9,56.0,56.9,45380,,,,,historical_baseline,,fe33df9ae5456d8ee27133c42c244c81d150008ababc19399c7ed428638b57ea
3030,2019-02-28,56.2,56.9,56.2,56.6,39608,,,,,historical_baseline,,fe33df9ae5456d8ee27133c42c244c81d150008ababc19399c7ed428638b57ea
3040,2019-02-03,36.5,36.5,36.0,36.2,51532,,,,,historical_baseline,,fe33df9ae5456d8ee27133c42c244c81d150008ababc19399c7ed428638b57ea
3040,2019-02-04,35.95,36.3,35.85,36.1,37736,,,,,historical_baseline,,fe33df9ae5456d8ee27133c42c244c81d150008ababc19399c7ed428638b57ea
3040,2019-02-05,36.35,38.5,36.35,37.75,373633,,,,,historical_baseline,,fe33df9ae5456d8ee27133c42c244c81d150008ababc19399c7ed428638b57ea
3040,2019-02-06,37.95,38.4,37.7,38.05,168501,,,,,historical_baseline,,fe33df9ae5456d8ee27133c42c244c81d150008ababc19399c7ed428638b57ea
3040,2019-02-07,38.1,38.7,37.9,38.3,141058,,,,,historical_baseline,,fe33df9ae5456d8ee27133c42c244c81d150008ababc19399c7ed428638b57ea
3040,2019-02-10,38.7,39.75,38.7,39.5,152872,,,,,historical_baseline,,fe33df9ae5456d8ee27133c42c244c81d150008ababc19399c7ed428638b57ea
3040,2019-02-11,39.5,40.5,39.5,39.55,207115,,,,,historical_baseline,,fe33df9ae5456d8ee27133c42c244c81d150008ababc19399c7ed428638b57ea
3040,2019-02-12,39.55,39.7,39.0,39.3,216512,,,,,historical_baseline,,fe33df9ae5456d8ee27133c42c244c81d150008ababc19399c7ed428638b57ea
3040,2019-02-13,39.3,39.3,38.3,38.75,90301,,,,,historical_baseline,,fe33df9ae5456d8ee27133c42c244c81d150008ababc19399c7ed428638b57ea
3040,2019-02-14,38.8,39.2,38.7,38.75,93906,,,,,historical_baseline,,fe33df9ae5456d8ee27133c42c244c81d150008ababc19399c7ed428638b57ea
3040,2019-02-17,39.05,39.1,38.75,38.75,36724,,,,,historical_baseline,,fe33df9ae5456d8ee27133c42c244c81d150008ababc19399c7ed428638b57ea
3040,2019-02-18,39.0,39.2,38.8,39.2,66405,,,,,historical_baseline,,fe33df9ae5456d8ee27133c42c244c81d150008ababc19399c7ed428638b57ea
3040,2019-02-19,39.2,39.2,38.4,38.55,68485,,,,,historical_baseline,,fe33df9ae5456d8ee27133c42c244c81d150008ababc19399c7ed428638b57ea
3040,2019-02-20,38.7,38.7,38.0,38.25,56073,,,,,historical_baseline,,fe33df9ae5456d8ee27133c42c244c81d150008ababc19399c7ed428638b57ea
3040,2019-02-21,38.05,38.5,37.8,38.0,39027,,,,,historical_baseline,,fe33df9ae5456d8ee27133c42c244c81d150008ababc19399c7ed428638b57ea
3040,2019-02-24,38.1,38.25,38.0,38.25,33212,,,,,historical_baseline,,fe33df9ae5456d8ee27133c42c244c81d150008ababc19399c7ed428638b57ea
3040,2019-02-25,38.0,38.4,38.0,38.1,98628,,,,,historical_baseline,,fe33df9ae5456d8ee27133c42c244c81d150008ababc19399c7ed428638b57ea
3040,2019-02-26,38.3,38.3,38.0,38.15,19340,,,,,historical_baseline,,fe33df9ae5456d8ee27133c42c244c81d150008ababc19399c7ed428638b57ea
3040,2019-02-27,38.3,38.5,38.0,38.5,22433,,,,,historical_baseline,,fe33df9ae5456d8ee27133c42c244c81d150008ababc19399c7ed428638b57ea
3040,2019-02-28,38.4,38.5,38.3,38.4,33800,,,,,historical_baseline,,fe33df9ae5456d8ee27133c42c244c81d150008ababc19399c7ed428638b57ea
3050,2019-02-03,41.8,41.8,40.5,41.25,121705,,,,,historical_baseline,,fe33df9ae5456d8ee27133c42c244c81d150008ababc19399c7ed428638b57ea
3050,2019-02-04,41.3,41.85,41.0,41.35,102292,,,,,historical_baseline,,fe33df9ae5456d8ee27133c42c244c81d150008ababc19399c7ed428638b57ea
3050,2019-02-05,41.8,44.5,41.5,43.7,474365,,,,,historical_baseline,,fe33df9ae5456d8ee27133c42c244c81d150008ababc19399c7ed428638b57ea
3050,2019-02-06,44.0,44.15,42.9,43.3,117309,,,,,historical_baseline,,fe33df9ae5456d8ee27133c42c244c81d150008ababc19399c7ed428638b57ea
3050,2019-02-07,43.3,43.45,42.8,43.0,62552,,,,,historical_baseline,,fe33df9ae5456d8ee27133c42c244c81d150008ababc19399c7ed428638b57ea
3050,2019-02-10,43.0,43.9,43.0,43.25,124057,,,,,historical_baseline,,fe33df9ae5456d8ee27133c42c244c81d150008ababc19399c7ed428638b57ea
3050,2019-02-11,43.2,43.75,42.9,42.9,113275,,,,,historical_baseline,,fe33df9ae5456d8ee27133c42c244c81d150008ababc19399c7ed428638b57ea
3050,2019-02-12,42.9,43.45,42.9,43.45,49662,,,,,historical_baseline,,fe33df9ae5456d8ee27133c42c244c81d150008ababc19399c7ed428638b57ea
3050,2019-02-13,43.4,43.6,42.9,42.95,91535,,,,,historical_baseline,,fe33df9ae5456d8ee27133c42c244c81d150008ababc19399c7ed428638b57ea
3050,2019-02-14,42.7,43.3,42.5,42.85,85940,,,,,historical_baseline,,fe33df9ae5456d8ee27133c42c244c81d150008ababc19399c7ed428638b57ea
3050,2019-02-17,42.9,43.0,42.5,43.0,39525,,,,,historical_baseline,,fe33df9ae5456d8ee27133c42c244c81d150008ababc19399c7ed428638b57ea
3050,2019-02-18,42.6,43.0,41.95,41.95,122251,,,,,historical_baseline,,fe33df9ae5456d8ee27133c42c244c81d150008ababc19399c7ed428638b57ea
3050,2019-02-19,41.8,42.3,40.7,41.0,145146,,,,,historical_baseline,,fe33df9ae5456d8ee27133c42c244c81d150008ababc19399c7ed428638b57ea
3050,2019-02-20,40.95,41.5,40.95,41.5,48740,,,,,historical_baseline,,fe33df9ae5456d8ee27133c42c244c81d150008ababc19399c7ed428638b57ea
3050,2019-02-21,41.45,41.9,41.3,41.5,59971,,,,,historical_baseline,,fe33df9ae5456d8ee27133c42c244c81d150008ababc19399c7ed428638b57ea
3050,2019-02-24,41.85,42.7,41.85,42.45,61268,,,,,historical_baseline,,fe33df9ae5456d8ee27133c42c244c81d150008ababc19399c7ed428638b57ea
3050,2019-02-25,42.4,42.5,42.3,42.5,66787,,,,,historical_baseline,,fe33df9ae5456d8ee27133c42c244c81d150008ababc19399c7ed428638b57ea
3050,2019-02-26,42.3,42.3,41.9,42.2,36851,,,,,historical_baseline,,fe33df9ae5456d8ee27133c42c244c81d150008ababc19399c7ed428638b57ea
3050,2019-02-27,42.2,42.3,41.85,42.3,23736,,,,,historical_baseline,,fe33df9ae5456d8ee27133c42c244c81d150008ababc19399c7ed428638b57ea
3050,2019-02-28,41.8,42.35,41.8,41.9,13507,,,,,historical_baseline,,fe33df9ae5456d8ee27133c42c244c81d150008ababc19399c7ed428638b57ea
3060,2019-02-03,28.05,28.15,27.65,28.0,222075,,,,,historical_baseline,,fe33df9ae5456d8ee27133c42c244c81d150008ababc19399c7ed428638b57ea
3060,2019-02-04,27.75,28.6,27.65,28.5,207456,,,,,historical_baseline,,fe33df9ae5456d8ee27133c42c244c81d150008ababc19399c7ed428638b57ea
3060,2019-02-05,28.15,30.0,28.15,29.65,1267266,,,,,historical_baseline,,fe33df9ae5456d8ee27133c42c244c81d150008ababc19399c7ed428638b57ea
3060,2019-02-06,29.8,29.95,29.3,29.5,350661,,,,,historical_baseline,,fe33df9ae5456d8ee27133c42c244c81d150008ababc19399c7ed428638b57ea
3060,2019-02-07,29.05,29.95,29.05,29.65,387124,,,,,historical_baseline,,fe33df9ae5456d8ee27133c42c244c81d150008ababc19399c7ed428638b57ea
3060,2019-02-10,29.9,30.6,29.85,30.25,535785,,,,,historical_baseline,,fe33df9ae5456d8ee27133c42c244c81d150008ababc19399c7ed428638b57ea
3060,2019-02-11,30.45,30.55,29.7,29.75,258034,,,,,historical_baseline,,fe33df9ae5456d8ee27133c42c244c81d150008ababc19399c7ed428638b57ea
3060,2019-02-12,29.55,30.05,29.55,29.9,230210,,,,,historical_baseline,,fe33df9ae5456d8ee27133c42c244c81d150008ababc19399c7ed428638b57ea
3060,2019-02-13,29.7,29.8,29.25,29.4,300340,,,,,historical_baseline,,fe33df9ae5456d8ee27133c42c244c81d150008ababc19399c7ed428638b57ea
3060,2019-02-14,29.75,29.9,29.5,29.5,168823,,,,,historical_baseline,,fe33df9ae5456d8ee27133c42c244c81d150008ababc19399c7ed428638b57ea
3060,2019-02-17,29.35,29.9,29.3,29.8,102044,,,,,historical_baseline,,fe33df9ae5456d8ee27133c42c244c81d150008ababc19399c7ed428638b57ea
3060,2019-02-18,29.8,30.05,29.55,29.55,106518,,,,,historical_baseline,,fe33df9ae5456d8ee27133c42c244c81d150008ababc19399c7ed428638b57ea
3060,2019-02-19,29.5,29.75,28.55,28.7,197928,,,,,historical_baseline,,fe33df9ae5456d8ee27133c42c244c81d150008ababc19399c7ed428638b57ea
3060,2019-02-20,28.6,28.65,28.3,28.55,147339,,,,,historical_baseline,,fe33df9ae5456d8ee27133c42c244c81d150008ababc19399c7ed428638b57ea
3060,2019-02-21,28.55,28.8,28.2,28.3,208612,,,,,historical_baseline,,fe33df9ae5456d8ee27133c42c244c81d150008ababc19399c7ed428638b57ea
3060,2019-02-24,28.0,28.3,28.0,28.1,163594,,,,,historical_baseline,,fe33df9ae5456d8ee27133c42c244c81d150008ababc19399c7ed428638b57ea
3060,2019-02-25,28.15,28.15,27.6,27.9,132669,,,,,historical_baseline,,fe33df9ae5456d8ee27133c42c244c81d150008ababc19399c7ed428638b57ea
3060,2019-02-26,27.7,27.75,27.35,27.5,88026,,,,,historical_baseline,,fe33df9ae5456d8ee27133c42c244c81d150008ababc19399c7ed428638b57ea
3060,2019-02-27,27.75,28.0,27.4,28.0,238666,,,,,historical_baseline,,fe33df9ae5456d8ee27133c42c244c81d150008ababc19399c7ed428638b57ea
3060,2019-02-28,28.0,28.1,28.0,28.0,106615,,,,,historical_baseline,,fe33df9ae5456d8ee27133c42c244c81d150008ababc19399c7ed428638b57ea
3080,2019-02-03,24.34,24.54,23.94,24.0,396812,,,,,historical_baseline,,fe33df9ae5456d8ee27133c42c244c81d150008ababc19399c7ed428638b57ea
3080,2019-02-04,24.0,24.1,23.9,23.98,100307,,,,,historical_baseline,,fe33df9ae5456d8ee27133c42c244c81d150008ababc19399c7ed428638b57ea
3080,2019-02-05,24.06,26.35,24.06,25.95,1217466,,,,,historical_baseline,,fe33df9ae5456d8ee27133c42c244c81d150008ababc19399c7ed428638b57ea
3080,2019-02-06,26.2,27.6,25.7,25.9,934736,,,,,historical_baseline,,fe33df9ae5456d8ee27133c42c244c81d150008ababc19399c7ed428638b57ea
3080,2019-02-07,26.0,26.8,25.5,26.2,926789,,,,,historical_baseline,,fe33df9ae5456d8ee27133c42c244c81d150008ababc19399c7ed428638b57ea
3080,2019-02-10,27.1,27.4,26.1,26.45,1012395,,,,,historical_baseline,,fe33df9ae5456d8ee27133c42c244c81d150008ababc19399c7ed428638b57ea
3080,2019-02-11,26.55,26.9,26.1,26.6,543442,,,,,historical_baseline,,fe33df9ae5456d8ee27133c42c244c81d150008ababc19399c7ed428638b57ea
3080,2019-02-12,26.3,26.45,25.0,25.05,814740,,,,,historical_baseline,,fe33df9ae5456d8ee27133c42c244c81d150008ababc19399c7ed428638b57ea
3080,2019-02-13,25.0,25.2,24.26,24.26,922176,,,,,historical_baseline,,fe33df9ae5456d8ee27133c42c244c81d150008ababc19399c7ed428638b57ea
3080,2019-02-14,24.44,24.9,24.24,24.48,705268,,,,,historical_baseline,,fe33df9ae5456d8ee27133c42c244c81d150008ababc19399c7ed428638b57ea
3080,2019-02-17,24.78,24.78,24.16,24.32,240589,,,,,historical_baseline,,fe33df9ae5456d8ee27133c42c244c81d150008ababc19399c7ed428638b57ea
3080,2019-02-18,24.2,24.2,23.96,24.0,337944,,,,,historical_baseline,,fe33df9ae5456d8ee27133c42c244c81d150008ababc19399c7ed428638b57ea
3080,2019-02-19,23.9,24.2,23.7,24.2,280613,,,,,historical_baseline,,fe33df9ae5456d8ee27133c42c244c81d150008ababc19399c7ed428638b57ea
3080,2019-02-20,24.24,24.44,23.9,24.44,205997,,,,,historical_baseline,,fe33df9ae5456d8ee27133c42c244c81d150008ababc19399c7ed428638b57ea
3080,2019-02-21,24.7,25.2,24.24,24.34,718100,,,,,historical_baseline,,fe33df9ae5456d8ee27133c42c244c81d150008ababc19399c7ed428638b57ea
3080,2019-02-24,24.4,24.88,24.24,24.5,321189,,,,,historical_baseline,,fe33df9ae5456d8ee27133c42c244c81d150008ababc19399c7ed428638b57ea
3080,2019-02-25,24.44,24.46,24.1,24.18,218935,,,,,historical_baseline,,fe33df9ae5456d8ee27133c42c244c81d150008ababc19399c7ed428638b57ea
3080,2019-02-26,24.06,24.24,23.98,24.02,127157,,,,,historical_baseline,,fe33df9ae5456d8ee27133c42c244c81d150008ababc19399c7ed428638b57ea
3080,2019-02-27,24.0,24.18,23.78,24.1,256337,,,,,historical_baseline,,fe33df9ae5456d8ee27133c42c244c81d150008ababc19399c7ed428638b57ea
3080,2019-02-28,24.04,24.12,23.96,24.0,85890,,,,,historical_baseline,,fe33df9ae5456d8ee27133c42c244c81d150008ababc19399c7ed428638b57ea
3090,2019-02-03,12.82,12.82,12.46,12.46,183505,,,,,historical_baseline,,fe33df9ae5456d8ee27133c42c244c81d150008ababc19399c7ed428638b57ea
3090,2019-02-04,12.52,12.7,12.36,12.36,583004,,,,,historical_baseline,,fe33df9ae5456d8ee27133c42c244c81d150008ababc19399c7ed428638b57ea
3090,2019-02-05,12.4,12.9,12.4,12.66,925398,,,,,historical_baseline,,fe33df9ae5456d8ee27133c42c244c81d150008ababc19399c7ed428638b57ea
3090,2019-02-06,12.72,12.8,12.5,12.54,342168,,,,,historical_baseline,,fe33df9ae5456d8ee27133c42c244c81d150008ababc19399c7ed428638b57ea
3090,2019-02-07,12.56,12.6,12.44,12.5,214336,,,,,historical_baseline,,fe33df9ae5456d8ee27133c42c244c81d150008ababc19399c7ed428638b57ea
3090,2019-02-10,12.6,12.8,12.6,12.62,476454,,,,,historical_baseline,,fe33df9ae5456d8ee27133c42c244c81d150008ababc19399c7ed428638b57ea
3090,2019-02-11,12.74,12.74,12.62,12.68,137982,,,,,historical_baseline,,fe33df9ae5456d8ee27133c42c244c81d150008ababc19399c7ed428638b57ea
3090,2019-02-12,12.7,12.8,12.62,12.64,233648,,,,,historical_baseline,,fe33df9ae5456d8ee27133c42c244c81d150008ababc19399c7ed428638b57ea
3090,2019-02-13,12.64,12.72,12.5,12.5,264695,,,,,historical_baseline,,fe33df9ae5456d8ee27133c42c244c81d150008ababc19399c7ed428638b57ea
3090,2019-02-14,12.5,12.58,12.5,12.58,124278,,,,,historical_baseline,,fe33df9ae5456d8ee27133c42c244c81d150008ababc19399c7ed428638b57ea
3090,2019-02-17,12.5,12.68,12.5,12.5,172373,,,,,historical_baseline,,fe33df9ae5456d8ee27133c42c244c81d150008ababc19399c7ed428638b57ea
3090,2019-02-18,12.56,12.56,12.46,12.46,35208,,,,,historical_baseline,,fe33df9ae5456d8ee27133c42c244c81d150008ababc19399c7ed428638b57ea
3090,2019-02-19,12.44,12.48,12.4,12.42,79937,,,,,historical_baseline,,fe33df9ae5456d8ee27133c42c244c81d150008ababc19399c7ed428638b57ea
3090,2019-02-20,12.4,12.44,12.34,12.42,60800,,,,,historical_baseline,,fe33df9ae5456d8ee27133c42c244c81d150008ababc19399c7ed428638b57ea
3090,2019-02-21,12.44,12.44,12.28,12.32,193399,,,,,historical_baseline,,fe33df9ae5456d8ee27133c42c244c81d150008ababc19399c7ed428638b57ea
3090,2019-02-24,12.3,12.36,12.18,12.2,147736,,,,,historical_baseline,,fe33df9ae5456d8ee27133c42c244c81d150008ababc19399c7ed428638b57ea
3090,2019-02-25,12.2,12.2,12.12,12.16,90596,,,,,historical_baseline,,fe33df9ae5456d8ee27133c42c244c81d150008ababc19399c7ed428638b57ea
3090,2019-02-26,12.06,12.14,12.0,12.14,109354,,,,,historical_baseline,,fe33df9ae5456d8ee27133c42c244c81d150008ababc19399c7ed428638b57ea
3090,2019-02-27,12.1,12.16,12.06,12.16,71258,,,,,historical_baseline,,fe33df9ae5456d8ee27133c42c244c81d150008ababc19399c7ed428638b57ea
3090,2019-02-28,12.16,12.2,12.1,12.1,111859,,,,,historical_baseline,,fe33df9ae5456d8ee27133c42c244c81d150008ababc19399c7ed428638b57ea
3091,2019-02-03,10.59,10.61,10.51,10.51,483661,,,,,historical_baseline,,fe33df9ae5456d8ee27133c42c244c81d150008ababc19399c7ed428638b57ea
3091,2019-02-04,10.53,10.53,10.42,10.43,704884,,,,,historical_baseline,,fe33df9ae5456d8ee27133c42c244c81d150008ababc19399c7ed428638b57ea
3091,2019-02-05,10.49,10.8,10.47,10.75,3235484,,,,,historical_baseline,,fe33df9ae5456d8ee27133c42c244c81d150008ababc19399c7ed428638b57ea
3091,2019-02-06,10.72,10.78,10.64,10.66,978834,,,,,historical_baseline,,fe33df9ae5456d8ee27133c42c244c81d150008ababc19399c7ed428638b57ea
3091,2019-02-07,10.67,10.72,10.62,10.64,372730,,,,,historical_baseline,,fe33df9ae5456d8ee27133c42c244c81d150008ababc19399c7ed428638b57ea
3091,2019-02-10,10.66,10.74,10.66,10.67,810921,,,,,historical_baseline,,fe33df9ae5456d8ee27133c42c244c81d150008ababc19399c7ed428638b57ea
3091,2019-02-11,10.7,10.71,10.61,10.64,454856,,,,,historical_baseline,,fe33df9ae5456d8ee27133c42c244c81d150008ababc19399c7ed428638b57ea
3091,2019-02-12,10.62,10.64,10.58,10.61,412913,,,,,historical_baseline,,fe33df9ae5456d8ee27133c42c244c81d150008ababc19399c7ed428638b57ea
3091,2019-02-13,10.59,10.61,10.54,10.55,442829,,,,,historical_baseline,,fe33df9ae5456d8ee27133c42c244c81d150008ababc19399c7ed428638b57ea
3091,2019-02-14,10.55,10.62,10.54,10.57,253535,,,,,historical_baseline,,fe33df9ae5456d8ee27133c42c244c81d150008ababc19399c7ed428638b57ea
3091,2019-02-17,10.61,10.61,10.55,10.55,114543,,,,,historical_baseline,,fe33df9ae5456d8ee27133c42c244c81d150008ababc19399c7ed428638b57ea
3091,2019-02-18,10.55,10.63,10.53,10.53,332069,,,,,historical_baseline,,fe33df9ae5456d8ee27133c42c244c81d150008ababc19399c7ed428638b57ea
3091,2019-02-19,10.53,10.53,10.46,10.5,365056,,,,,historical_baseline,,fe33df9ae5456d8ee27133c42c244c81d150008ababc19399c7ed428638b57ea
3091,2019-02-20,10.47,10.5,10.47,10.5,109813,,,,,historical_baseline,,fe33df9ae5456d8ee27133c42c244c81d150008ababc19399c7ed428638b57ea
3091,2019-02-21,10.5,10.57,10.49,10.54,284465,,,,,historical_baseline,,fe33df9ae5456d8ee27133c42c244c81d150008ababc19399c7ed428638b57ea
3091,2019-02-24,10.53,10.59,10.53,10.53,197777,,,,,historical_baseline,,fe33df9ae5456d8ee27133c42c244c81d150008ababc19399c7ed428638b57ea
3091,2019-02-25,10.53,10.57,10.46,10.53,360397,,,,,historical_baseline,,fe33df9ae5456d8ee27133c42c244c81d150008ababc19399c7ed428638b57ea
3091,2019-02-26,10.47,10.53,10.47,10.51,104505,,,,,historical_baseline,,fe33df9ae5456d8ee27133c42c244c81d150008ababc19399c7ed428638b57ea
3091,2019-02-27,10.51,10.53,10.46,10.49,172925,,,,,historical_baseline,,fe33df9ae5456d8ee27133c42c244c81d150008ababc19399c7ed428638b57ea
3091,2019-02-28,10.49,10.53,10.49,10.5,120226,,,,,historical_baseline,,fe33df9ae5456d8ee27133c42c244c81d150008ababc19399c7ed428638b57ea
4001,2019-02-03,6.92,6.92,6.85,6.88,547840,,,,,historical_baseline,,fe33df9ae5456d8ee27133c42c244c81d150008ababc19399c7ed428638b57ea
4001,2019-02-04,6.85,6.86,6.78,6.8,833600,,,,,historical_baseline,,fe33df9ae5456d8ee27133c42c244c81d150008ababc19399c7ed428638b57ea
4001,2019-02-05,6.79,6.79,6.72,6.76,1867060,,,,,historical_baseline,,fe33df9ae5456d8ee27133c42c244c81d150008ababc19399c7ed428638b57ea
4001,2019-02-06,6.75,6.77,6.72,6.72,2152560,,,,,historical_baseline,,fe33df9ae5456d8ee27133c42c244c81d150008ababc19399c7ed428638b57ea
4001,2019-02-07,6.73,6.76,6.58,6.65,2058620,,,,,historical_baseline,,fe33df9ae5456d8ee27133c42c244c81d150008ababc19399c7ed428638b57ea
4001,2019-02-10,6.65,6.65,6.54,6.57,1009940,,,,,historical_baseline,,fe33df9ae5456d8ee27133c42c244c81d150008ababc19399c7ed428638b57ea
4001,2019-02-11,6.6,6.7,6.57,6.65,1466240,,,,,historical_baseline,,fe33df9ae5456d8ee27133c42c244c81d150008ababc19399c7ed428638b57ea
4001,2019-02-12,6.69,6.92,6.69,6.9,2297540,,,,,historical_baseline,,fe33df9ae5456d8ee27133c42c244c81d150008ababc19399c7ed428638b57ea
4001,2019-02-13,6.87,6.92,6.8,6.81,892860,,,,,historical_baseline,,fe33df9ae5456d8ee27133c42c244c81d150008ababc19399c7ed428638b57ea
4001,2019-02-14,6.78,6.82,6.77,6.8,567050,,,,,historical_baseline,,fe33df9ae5456d8ee27133c42c244c81d150008ababc19399c7ed428638b57ea
4001,2019-02-17,6.8,6.81,6.7,6.75,447530,,,,,historical_baseline,,fe33df9ae5456d8ee27133c42c244c81d150008ababc19399c7ed428638b57ea
4001,2019-02-18,6.7,6.75,6.55,6.55,1247710,,,,,historical_baseline,,fe33df9ae5456d8ee27133c42c244c81d150008ababc19399c7ed428638b57ea
4001,2019-02-19,6.57,6.69,6.57,6.62,964080,,,,,historical_baseline,,fe33df9ae5456d8ee27133c42c244c81d150008ababc19399c7ed428638b57ea
4001,2019-02-20,6.62,6.68,6.62,6.68,509910,,,,,historical_baseline,,fe33df9ae5456d8ee27133c42c244c81d150008ababc19399c7ed428638b57ea
4001,2019-02-21,6.66,6.7,6.63,6.7,366940,,,,,historical_baseline,,fe33df9ae5456d8ee27133c42c244c81d150008ababc19399c7ed428638b57ea
4001,2019-02-24,6.69,6.7,6.62,6.62,589110,,,,,historical_baseline,,fe33df9ae5456d8ee27133c42c244c81d150008ababc19399c7ed428638b57ea
4001,2019-02-25,6.62,6.65,6.55,6.61,1204890,,,,,historical_baseline,,fe33df9ae5456d8ee27133c42c244c81d150008ababc19399c7ed428638b57ea
4001,2019-02-26,6.6,6.66,6.6,6.65,357610,,,,,historical_baseline,,fe33df9ae5456d8ee27133c42c244c81d150008ababc19399c7ed428638b57ea
4001,2019-02-27,6.62,6.65,6.57,6.65,1559370,,,,,historical_baseline,,fe33df9ae5456d8ee27133c42c244c81d150008ababc19399c7ed428638b57ea
4001,2019-02-28,6.64,6.68,6.62,6.67,501960,,,,,historical_baseline,,fe33df9ae5456d8ee27133c42c244c81d150008ababc19399c7ed428638b57ea
4002,2019-02-03,37.6,37.65,37.3,37.55,170944,,,,,historical_baseline,,fe33df9ae5456d8ee27133c42c244c81d150008ababc19399c7ed428638b57ea
4002,2019-02-04,37.7,37.85,37.2,37.5,271960,,,,,historical_baseline,,fe33df9ae5456d8ee27133c42c244c81d150008ababc19399c7ed428638b57ea
4002,2019-02-05,37.55,37.55,37.1,37.4,393314,,,,,historical_baseline,,fe33df9ae5456d8ee27133c42c244c81d150008ababc19399c7ed428638b57ea
4002,2019-02-06,37.25,37.35,36.6,37.0,338774,,,,,historical_baseline,,fe33df9ae5456d8ee27133c42c244c81d150008ababc19399c7ed428638b57ea
4002,2019-02-07,37.0,37.1,37.0,37.1,153888,,,,,historical_baseline,,fe33df9ae5456d8ee27133c42c244c81d150008ababc19399c7ed428638b57ea
4002,2019-02-10,37.25,37.45,36.95,37.15,137668,,,,,historical_baseline,,fe33df9ae5456d8ee27133c42c244c81d150008ababc19399c7ed428638b57ea
4002,2019-02-11,37.25,38.1,37.15,37.3,191632,,,,,historical_baseline,,fe33df9ae5456d8ee27133c42c244c81d150008ababc19399c7ed428638b57ea
4002,2019-02-12,37.45,38.1,37.45,37.95,187226,,,,,historical_baseline,,fe33df9ae5456d8ee27133c42c244c81d150008ababc19399c7ed428638b57ea
4002,2019-02-13,37.85,38.25,37.85,38.0,119306,,,,,historical_baseline,,fe33df9ae5456d8ee27133c42c244c81d150008ababc19399c7ed428638b57ea
4002,2019-02-14,37.95,38.2,37.95,38.0,119508,,,,,historical_baseline,,fe33df9ae5456d8ee27133c42c244c81d150008ababc19399c7ed428638b57ea
4002,2019-02-17,38.0,38.0,37.5,37.8,90394,,,,,historical_baseline,,fe33df9ae5456d8ee27133c42c244c81d150008ababc19399c7ed428638b57ea
4002,2019-02-18,37.9,37.9,37.5,37.5,100838,,,,,historical_baseline,,fe33df9ae5456d8ee27133c42c244c81d150008ababc19399c7ed428638b57ea
4002,2019-02-19,37.55,37.9,37.45,37.6,208120,,,,,historical_baseline,,fe33df9ae5456d8ee27133c42c244c81d150008ababc19399c7ed428638b57ea
4002,2019-02-20,37.75,37.75,37.4,37.6,105190,,,,,historical_baseline,,fe33df9ae5456d8ee27133c42c244c81d150008ababc19399c7ed428638b57ea
4002,2019-02-21,37.5,37.8,37.45,37.8,119856,,,,,historical_baseline,,fe33df9ae5456d8ee27133c42c244c81d150008ababc19399c7ed428638b57ea
4002,2019-02-24,37.85,38.7,37.8,38.7,261758,,,,,historical_baseline,,fe33df9ae5456d8ee27133c42c244c81d150008ababc19399c7ed428638b57ea
4002,2019-02-25,38.9,38.95,38.25,38.5,274264,,,,,historical_baseline,,fe33df9ae5456d8ee27133c42c244c81d150008ababc19399c7ed428638b57ea
4002,2019-02-26,38.6,38.6,37.9,38.0,207712,,,,,historical_baseline,,fe33df9ae5456d8ee27133c42c244c81d150008ababc19399c7ed428638b57ea
4002,2019-02-27,37.9,38.85,37.55,38.85,85560,,,,,historical_baseline,,fe33df9ae5456d8ee27133c42c244c81d150008ababc19399c7ed428638b57ea
4002,2019-02-28,38.65,38.65,38.3,38.3,50064,,,,,historical_baseline,,fe33df9ae5456d8ee27133c42c244c81d150008ababc19399c7ed428638b57ea
4003,2019-02-03,39.52,39.71,39.06,39.26,232665,,,,,historical_baseline,,fe33df9ae5456d8ee27133c42c244c81d150008ababc19399c7ed428638b57ea
4003,2019-02-04,39.06,39.13,38.54,38.87,342428,,,,,historical_baseline,,fe33df9ae5456d8ee27133c42c244c81d150008ababc19399c7ed428638b57ea
4003,2019-02-05,38.67,39.13,38.67,39.06,183948,,,,,historical_baseline,,fe33df9ae5456d8ee27133c42c244c81d150008ababc19399c7ed428638b57ea
4003,2019-02-06,39.13,39.13,38.8,38.87,92766,,,,,historical_baseline,,fe33df9ae5456d8ee27133c42c244c81d150008ababc19399c7ed428638b57ea
4003,2019-02-07,39.06,39.58,38.87,39.19,287319,,,,,historical_baseline,,fe33df9ae5456d8ee27133c42c244c81d150008ababc19399c7ed428638b57ea
4003,2019-02-10,39.19,39.45,39.06,39.26,117918,,,,,historical_baseline,,fe33df9ae5456d8ee27133c42c244c81d150008ababc19399c7ed428638b57ea
4003,2019-02-11,39.19,39.19,38.8,39.06,127858,,,,,historical_baseline,,fe33df9ae5456d8ee27133c42c244c81d150008ababc19399c7ed428638b57ea
4003,2019-02-12,39.26,39.26,38.93,39.06,152111,,,,,historical_baseline,,fe33df9ae5456d8ee27133c42c244c81d150008ababc19399c7ed428638b57ea
4003,2019-02-13,39.06,39.13,38.93,39.06,163594,,,,,historical_baseline,,fe33df9ae5456d8ee27133c42c244c81d150008ababc19399c7ed428638b57ea
4003,2019-02-14,39.06,39.06,38.74,38.8,262328,,,,,historical_baseline,,fe33df9ae5456d8ee27133c42c244c81d150008ababc19399c7ed428638b57ea
4003,2019-02-17,38.8,38.87,38.67,38.74,26632,,,,,historical_baseline,,fe33df9ae5456d8ee27133c42c244c81d150008ababc19399c7ed428638b57ea
4003,2019-02-18,38.74,38.8,37.11,37.24,647955,,,,,historical_baseline,,fe33df9ae5456d8ee27133c42c244c81d150008ababc19399c7ed428638b57ea
4003,2019-02-19,37.37,37.89,37.24,37.63,317469,,,,,historical_baseline,,fe33df9ae5456d8ee27133c42c244c81d150008ababc19399c7ed428638b57ea
4003,2019-02-20,37.83,38.74,37.83,38.67,505996,,,,,historical_baseline,,fe33df9ae5456d8ee27133c42c244c81d150008ababc19399c7ed428638b57ea
4003,2019-02-21,38.74,39.0,38.74,38.87,324827,,,,,historical_baseline,,fe33df9ae5456d8ee27133c42c244c81d150008ababc19399c7ed428638b57ea
4003,2019-02-24,38.87,39.13,38.87,39.0,140405,,,,,historical_baseline,,fe33df9ae5456d8ee27133c42c244c81d150008ababc19399c7ed428638b57ea
4003,2019-02-25,38.93,39.52,38.93,39.32,241738,,,,,historical_baseline,,fe33df9ae5456d8ee27133c42c244c81d150008ababc19399c7ed428638b57ea
4003,2019-02-26,39.26,39.39,39.26,39.32,133350,,,,,historical_baseline,,fe33df9ae5456d8ee27133c42c244c81d150008ababc19399c7ed428638b57ea
4003,2019-02-27,39.32,39.39,39.19,39.39,138344,,,,,historical_baseline,,fe33df9ae5456d8ee27133c42c244c81d150008ababc19399c7ed428638b57ea
4003,2019-02-28,39.19,39.58,39.19,39.52,95827,,,,,historical_baseline,,fe33df9ae5456d8ee27133c42c244c81d150008ababc19399c7ed428638b57ea
4004,2019-02-03,42.81,43.59,42.61,43.27,177384,,,,,historical_baseline,,fe33df9ae5456d8ee27133c42c244c81d150008ababc19399c7ed428638b57ea
4004,2019-02-04,45.23,45.3,43.73,44.32,955340,,,,,historical_baseline,,fe33df9ae5456d8ee27133c42c244c81d150008ababc19399c7ed428638b57ea
4004,2019-02-05,43.99,44.32,43.46,43.73,371842,,,,,historical_baseline,,fe33df9ae5456d8ee27133c42c244c81d150008ababc19399c7ed428638b57ea
4004,2019-02-06,44.32,45.63,43.86,45.23,793495,,,,,historical_baseline,,fe33df9ae5456d8ee27133c42c244c81d150008ababc19399c7ed428638b57ea
4004,2019-02-07,45.23,45.23,44.51,45.1,287417,,,,,historical_baseline,,fe33df9ae5456d8ee27133c42c244c81d150008ababc19399c7ed428638b57ea
4004,2019-02-10,44.58,45.23,44.58,44.97,95736,,,,,historical_baseline,,fe33df9ae5456d8ee27133c42c244c81d150008ababc19399c7ed428638b57ea
4004,2019-02-11,44.91,44.91,44.45,44.45,122508,,,,,historical_baseline,,fe33df9ae5456d8ee27133c42c244c81d150008ababc19399c7ed428638b57ea
4004,2019-02-12,44.58,44.58,43.53,43.73,279852,,,,,historical_baseline,,fe33df9ae5456d8ee27133c42c244c81d150008ababc19399c7ed428638b57ea
4004,2019-02-13,43.73,44.32,43.53,43.92,70548,,,,,historical_baseline,,fe33df9ae5456d8ee27133c42c244c81d150008ababc19399c7ed428638b57ea
4004,2019-02-14,43.92,44.05,43.4,43.66,179890,,,,,historical_baseline,,fe33df9ae5456d8ee27133c42c244c81d150008ababc19399c7ed428638b57ea
4004,2019-02-17,43.66,43.86,43.33,43.59,102201,,,,,historical_baseline,,fe33df9ae5456d8ee27133c42c244c81d150008ababc19399c7ed428638b57ea
4004,2019-02-18,43.59,43.79,43.14,43.33,204767,,,,,historical_baseline,,fe33df9ae5456d8ee27133c42c244c81d150008ababc19399c7ed428638b57ea
4004,2019-02-19,43.53,44.25,43.46,44.12,153863,,,,,historical_baseline,,fe33df9ae5456d8ee27133c42c244c81d150008ababc19399c7ed428638b57ea
4004,2019-02-20,44.12,44.58,44.12,44.38,118869,,,,,historical_baseline,,fe33df9ae5456d8ee27133c42c244c81d150008ababc19399c7ed428638b57ea
4004,2019-02-21,44.64,44.77,44.32,44.58,191778,,,,,historical_baseline,,fe33df9ae5456d8ee27133c42c244c81d150008ababc19399c7ed428638b57ea
4004,2019-02-24,44.71,45.23,44.45,44.58,283661,,,,,historical_baseline,,fe33df9ae5456d8ee27133c42c244c81d150008ababc19399c7ed428638b57ea
4004,2019-02-25,44.58,44.58,43.92,44.38,187337,,,,,historical_baseline,,fe33df9ae5456d8ee27133c42c244c81d150008ababc19399c7ed428638b57ea
4004,2019-02-26,43.92,43.92,43.2,43.59,415485,,,,,historical_baseline,,fe33df9ae5456d8ee27133c42c244c81d150008ababc19399c7ed428638b57ea
4004,2019-02-27,44.0,44.67,42.25,43.25,546022,,,,,historical_baseline,,fe33df9ae5456d8ee27133c42c244c81d150008ababc19399c7ed428638b57ea
4004,2019-02-28,43.42,43.5,42.33,42.5,166282,,,,,historical_baseline,,fe33df9ae5456d8ee27133c42c244c81d150008ababc19399c7ed428638b57ea
4005,2019-02-03,46.4,46.4,46.0,46.1,57221,,,,,historical_baseline,,fe33df9ae5456d8ee27133c42c244c81d150008ababc19399c7ed428638b57ea
4005,2019-02-04,46.0,46.4,45.85,46.0,53661,,,,,historical_baseline,,fe33df9ae5456d8ee27133c42c244c81d150008ababc19399c7ed428638b57ea
4005,2019-02-05,46.1,46.2,45.75,46.0,32718,,,,,historical_baseline,,fe33df9ae5456d8ee27133c42c244c81d150008ababc19399c7ed428638b57ea
4005,2019-02-06,46.0,46.0,45.0,45.0,99166,,,,,historical_baseline,,fe33df9ae5456d8ee27133c42c244c81d150008ababc19399c7ed428638b57ea
4005,2019-02-07,45.0,45.6,45.0,45.05,68358,,,,,historical_baseline,,fe33df9ae5456d8ee27133c42c244c81d150008ababc19399c7ed428638b57ea
4005,2019-02-10,45.0,45.0,44.95,45.0,5987,,,,,historical_baseline,,fe33df9ae5456d8ee27133c42c244c81d150008ababc19399c7ed428638b57ea
4005,2019-02-11,45.1,45.35,44.85,45.0,60246,,,,,historical_baseline,,fe33df9ae5456d8ee27133c42c244c81d150008ababc19399c7ed428638b57ea
4005,2019-02-12,45.0,45.55,44.8,44.8,67697,,,,,historical_baseline,,fe33df9ae5456d8ee27133c42c244c81d150008ababc19399c7ed428638b57ea
4005,2019-02-13,44.85,45.0,44.55,44.55,57005,,,,,historical_baseline,,fe33df9ae5456d8ee27133c42c244c81d150008ababc19399c7ed428638b57ea
4005,2019-02-14,44.5,44.5,44.3,44.3,104998,,,,,historical_baseline,,fe33df9ae5456d8ee27133c42c244c81d150008ababc19399c7ed428638b57ea
4005,2019-02-17,44.5,45.55,44.3,45.55,638435,,,,,historical_baseline,,fe33df9ae5456d8ee27133c42c244c81d150008ababc19399c7ed428638b57ea
4005,2019-02-18,45.7,46.6,45.45,46.4,321444,,,,,historical_baseline,,fe33df9ae5456d8ee27133c42c244c81d150008ababc19399c7ed428638b57ea
4005,2019-02-19,46.7,46.9,46.0,46.35,281637,,,,,historical_baseline,,fe33df9ae5456d8ee27133c42c244c81d150008ababc19399c7ed428638b57ea
4005,2019-02-20,46.35,46.85,46.05,46.8,191011,,,,,historical_baseline,,fe33df9ae5456d8ee27133c42c244c81d150008ababc19399c7ed428638b57ea
4005,2019-02-21,46.85,48.1,46.5,47.65,355675,,,,,historical_baseline,,fe33df9ae5456d8ee27133c42c244c81d150008ababc19399c7ed428638b57ea
4005,2019-02-24,47.5,50.5,47.5,48.9,386539,,,,,historical_baseline,,fe33df9ae5456d8ee27133c42c244c81d150008ababc19399c7ed428638b57ea
4005,2019-02-25,48.6,49.0,48.2,48.5,103017,,,,,historical_baseline,,fe33df9ae5456d8ee27133c42c244c81d150008ababc19399c7ed428638b57ea
4005,2019-02-26,48.5,48.5,47.15,47.65,86957,,,,,historical_baseline,,fe33df9ae5456d8ee27133c42c244c81d150008ababc19399c7ed428638b57ea
4005,2019-02-27,47.15,48.15,46.8,48.0,186024,,,,,historical_baseline,,fe33df9ae5456d8ee27133c42c244c81d150008ababc19399c7ed428638b57ea
4005,2019-02-28,48.05,48.5,47.7,48.0,69674,,,,,historical_baseline,,fe33df9ae5456d8ee27133c42c244c81d150008ababc19399c7ed428638b57ea
4006,2019-02-03,17.16,17.16,17.0,17.02,67822,,,,,historical_baseline,,fe33df9ae5456d8ee27133c42c244c81d150008ababc19399c7ed428638b57ea
4006,2019-02-04,17.04,17.04,16.9,16.92,66767,,,,,historical_baseline,,fe33df9ae5456d8ee27133c42c244c81d150008ababc19399c7ed428638b57ea
4006,2019-02-05,16.86,17.0,16.84,16.92,60049,,,,,historical_baseline,,fe33df9ae5456d8ee27133c42c244c81d150008ababc19399c7ed428638b57ea
4006,2019-02-06,16.92,16.92,16.8,16.84,53620,,,,,historical_baseline,,fe33df9ae5456d8ee27133c42c244c81d150008ababc19399c7ed428638b57ea
4006,2019-02-07,16.78,16.8,16.7,16.76,126594,,,,,historical_baseline,,fe33df9ae5456d8ee27133c42c244c81d150008ababc19399c7ed428638b57ea
4006,2019-02-10,16.72,16.76,16.7,16.76,31280,,,,,historical_baseline,,fe33df9ae5456d8ee27133c42c244c81d150008ababc19399c7ed428638b57ea
4006,2019-02-11,16.78,16.82,16.7,16.74,77641,,,,,historical_baseline,,fe33df9ae5456d8ee27133c42c244c81d150008ababc19399c7ed428638b57ea
4006,2019-02-12,16.7,16.84,16.66,16.84,91071,,,,,historical_baseline,,fe33df9ae5456d8ee27133c42c244c81d150008ababc19399c7ed428638b57ea
4006,2019-02-13,16.88,16.88,16.7,16.74,29452,,,,,historical_baseline,,fe33df9ae5456d8ee27133c42c244c81d150008ababc19399c7ed428638b57ea
4006,2019-02-14,16.66,16.7,16.66,16.68,31612,,,,,historical_baseline,,fe33df9ae5456d8ee27133c42c244c81d150008ababc19399c7ed428638b57ea
4006,2019-02-17,16.7,16.7,16.62,16.64,45818,,,,,historical_baseline,,fe33df9ae5456d8ee27133c42c244c81d150008ababc19399c7ed428638b57ea
4006,2019-02-18,16.64,16.72,16.5,16.62,41238,,,,,historical_baseline,,fe33df9ae5456d8ee27133c42c244c81d150008ababc19399c7ed428638b57ea
4006,2019-02-19,16.62,16.74,16.6,16.64,76001,,,,,historical_baseline,,fe33df9ae5456d8ee27133c42c244c81d150008ababc19399c7ed428638b57ea
4006,2019-02-20,16.68,16.74,16.68,16.74,21562,,,,,historical_baseline,,fe33df9ae5456d8ee27133c42c244c81d150008ababc19399c7ed428638b57ea
4006,2019-02-21,16.7,16.84,16.7,16.74,39704,,,,,historical_baseline,,fe33df9ae5456d8ee27133c42c244c81d150008ababc19399c7ed428638b57ea
4006,2019-02-24,16.74,16.74,16.74,16.74,4046,,,,,historical_baseline,,fe33df9ae5456d8ee27133c42c244c81d150008ababc19399c7ed428638b57ea
4006,2019-02-25,16.6,16.6,16.54,16.54,23552,,,,,historical_baseline,,fe33df9ae5456d8ee27133c42c244c81d150008ababc19399c7ed428638b57ea
4006,2019-02-26,16.62,16.7,16.62,16.7,24332,,,,,historical_baseline,,fe33df9ae5456d8ee27133c42c244c81d150008ababc19399c7ed428638b57ea
4006,2019-02-27,16.84,16.84,16.68,16.74,20816,,,,,historical_baseline,,fe33df9ae5456d8ee27133c42c244c81d150008ababc19399c7ed428638b57ea
4006,2019-02-28,16.84,16.86,16.7,16.86,33773,,,,,historical_baseline,,fe33df9ae5456d8ee27133c42c244c81d150008ababc19399c7ed428638b57ea
4007,2019-02-03,19.16,19.24,18.9,18.94,192103,,,,,historical_baseline,,fe33df9ae5456d8ee27133c42c244c81d150008ababc19399c7ed428638b57ea
4007,2019-02-04,18.86,18.98,18.75,18.79,329937,,,,,historical_baseline,,fe33df9ae5456d8ee27133c42c244c81d150008ababc19399c7ed428638b57ea
4007,2019-02-05,18.79,19.12,18.75,19.01,248189,,,,,historical_baseline,,fe33df9ae5456d8ee27133c42c244c81d150008ababc19399c7ed428638b57ea
4007,2019-02-06,18.9,18.98,18.83,18.9,84909,,,,,historical_baseline,,fe33df9ae5456d8ee27133c42c244c81d150008ababc19399c7ed428638b57ea
4007,2019-02-07,18.94,18.94,18.75,18.79,229317,,,,,historical_baseline,,fe33df9ae5456d8ee27133c42c244c81d150008ababc19399c7ed428638b57ea
4007,2019-02-10,18.72,18.79,18.72,18.75,99823,,,,,historical_baseline,,fe33df9ae5456d8ee27133c42c244c81d150008ababc19399c7ed428638b57ea
4007,2019-02-11,18.75,19.05,18.65,18.83,167490,,,,,historical_baseline,,fe33df9ae5456d8ee27133c42c244c81d150008ababc19399c7ed428638b57ea
4007,2019-02-12,19.01,19.01,18.86,18.98,102770,,,,,historical_baseline,,fe33df9ae5456d8ee27133c42c244c81d150008ababc19399c7ed428638b57ea
4007,2019-02-13,18.83,18.86,18.75,18.86,133045,,,,,historical_baseline,,fe33df9ae5456d8ee27133c42c244c81d150008ababc19399c7ed428638b57ea
4007,2019-02-14,18.79,18.83,18.75,18.83,164793,,,,,historical_baseline,,fe33df9ae5456d8ee27133c42c244c81d150008ababc19399c7ed428638b57ea
4007,2019-02-17,18.79,18.98,18.75,18.86,77913,,,,,historical_baseline,,fe33df9ae5456d8ee27133c42c244c81d150008ababc19399c7ed428638b57ea
4007,2019-02-18,18.86,18.94,18.75,18.86,98419,,,,,historical_baseline,,fe33df9ae5456d8ee27133c42c244c81d150008ababc19399c7ed428638b57ea
4007,2019-02-19,18.75,18.98,18.75,18.94,122379,,,,,historical_baseline,,fe33df9ae5456d8ee27133c42c244c81d150008ababc19399c7ed428638b57ea
4007,2019-02-20,18.83,18.9,18.79,18.9,166990,,,,,historical_baseline,,fe33df9ae5456d8ee27133c42c244c81d150008ababc19399c7ed428638b57ea
4007,2019-02-21,18.83,18.9,18.79,18.83,118499,,,,,historical_baseline,,fe33df9ae5456d8ee27133c42c244c81d150008ababc19399c7ed428638b57ea
4007,2019-02-24,18.79,18.98,18.75,18.9,127014,,,,,historical_baseline,,fe33df9ae5456d8ee27133c42c244c81d150008ababc19399c7ed428638b57ea
4007,2019-02-25,18.86,18.9,18.75,18.75,65669,,,,,historical_baseline,,fe33df9ae5456d8ee27133c42c244c81d150008ababc19399c7ed428638b57ea
4007,2019-02-26,18.75,18.79,18.75,18.75,107743,,,,,historical_baseline,,fe33df9ae5456d8ee27133c42c244c81d150008ababc19399c7ed428638b57ea
4007,2019-02-27,18.74,18.79,18.7,18.75,189715,,,,,historical_baseline,,fe33df9ae5456d8ee27133c42c244c81d150008ababc19399c7ed428638b57ea
4007,2019-02-28,18.7,18.79,18.7,18.75,208538,,,,,historical_baseline,,fe33df9ae5456d8ee27133c42c244c81d150008ababc19399c7ed428638b57ea
4008,2019-02-03,66.0,67.0,66.0,66.7,23821,,,,,historical_baseline,,fe33df9ae5456d8ee27133c42c244c81d150008ababc19399c7ed428638b57ea
4008,2019-02-04,66.7,67.2,66.5,66.5,36062,,,,,historical_baseline,,fe33df9ae5456d8ee27133c42c244c81d150008ababc19399c7ed428638b57ea
4008,2019-02-05,66.5,66.8,66.4,66.7,20718,,,,,historical_baseline,,fe33df9ae5456d8ee27133c42c244c81d150008ababc19399c7ed428638b57ea
4008,2019-02-06,66.5,67.0,66.5,66.7,27077,,,,,historical_baseline,,fe33df9ae5456d8ee27133c42c244c81d150008ababc19399c7ed428638b57ea
4008,2019-02-07,66.7,68.3,66.7,67.8,158309,,,,,historical_baseline,,fe33df9ae5456d8ee27133c42c244c81d150008ababc19399c7ed428638b57ea
4008,2019-02-10,67.7,68.4,67.0,67.1,45567,,,,,historical_baseline,,fe33df9ae5456d8ee27133c42c244c81d150008ababc19399c7ed428638b57ea
4008,2019-02-11,67.4,67.4,66.4,66.4,40265,,,,,historical_baseline,,fe33df9ae5456d8ee27133c42c244c81d150008ababc19399c7ed428638b57ea
4008,2019-02-12,66.7,66.9,66.3,66.4,50423,,,,,historical_baseline,,fe33df9ae5456d8ee27133c42c244c81d150008ababc19399c7ed428638b57ea
4008,2019-02-13,66.7,67.8,66.3,66.9,87438,,,,,historical_baseline,,fe33df9ae5456d8ee27133c42c244c81d150008ababc19399c7ed428638b57ea
4008,2019-02-14,66.6,67.1,66.6,67.1,23678,,,,,historical_baseline,,fe33df9ae5456d8ee27133c42c244c81d150008ababc19399c7ed428638b57ea
4008,2019-02-17,66.9,67.0,66.6,66.9,21839,,,,,historical_baseline,,fe33df9ae5456d8ee27133c42c244c81d150008ababc19399c7ed428638b57ea
4008,2019-02-18,66.7,66.9,66.1,66.2,30740,,,,,historical_baseline,,fe33df9ae5456d8ee27133c42c244c81d150008ababc19399c7ed428638b57ea
4008,2019-02-19,66.1,66.5,65.9,66.4,15125,,,,,historical_baseline,,fe33df9ae5456d8ee27133c42c244c81d150008ababc19399c7ed428638b57ea
4008,2019-02-20,66.3,67.0,66.3,66.8,19798,,,,,historical_baseline,,fe33df9ae5456d8ee27133c42c244c81d150008ababc19399c7ed428638b57ea
4008,2019-02-21,66.7,66.7,66.2,66.2,14029,,,,,historical_baseline,,fe33df9ae5456d8ee27133c42c244c81d150008ababc19399c7ed428638b57ea
4008,2019-02-24,66.5,66.5,66.2,66.3,8541,,,,,historical_baseline,,fe33df9ae5456d8ee27133c42c244c81d150008ababc19399c7ed428638b57ea
4008,2019-02-25,66.2,66.2,65.1,65.1,47143,,,,,historical_baseline,,fe33df9ae5456d8ee27133c42c244c81d150008ababc19399c7ed428638b57ea
4008,2019-02-26,65.0,66.7,65.0,66.1,41483,,,,,historical_baseline,,fe33df9ae5456d8ee27133c42c244c81d150008ababc19399c7ed428638b57ea
4008,2019-02-27,66.6,68.0,66.6,67.3,138358,,,,,historical_baseline,,fe33df9ae5456d8ee27133c42c244c81d150008ababc19399c7ed428638b57ea
4008,2019-02-28,67.5,71.9,66.3,69.6,425827,,,,,historical_baseline,,fe33df9ae5456d8ee27133c42c244c81d150008ababc19399c7ed428638b57ea
4009,2019-02-03,32.4,32.4,31.85,31.85,458130,,,,,historical_baseline,,fe33df9ae5456d8ee27133c42c244c81d150008ababc19399c7ed428638b57ea
4009,2019-02-04,32.05,32.1,31.75,31.8,357482,,,,,historical_baseline,,fe33df9ae5456d8ee27133c42c244c81d150008ababc19399c7ed428638b57ea
4009,2019-02-05,31.85,32.0,31.8,31.9,395178,,,,,historical_baseline,,fe33df9ae5456d8ee27133c42c244c81d150008ababc19399c7ed428638b57ea
4009,2019-02-06,31.95,31.95,31.6,31.6,242622,,,,,historical_baseline,,fe33df9ae5456d8ee27133c42c244c81d150008ababc19399c7ed428638b57ea
4009,2019-02-07,31.65,32.05,31.5,31.6,499430,,,,,historical_baseline,,fe33df9ae5456d8ee27133c42c244c81d150008ababc19399c7ed428638b57ea
4009,2019-02-10,31.65,31.7,31.4,31.55,264207,,,,,historical_baseline,,fe33df9ae5456d8ee27133c42c244c81d150008ababc19399c7ed428638b57ea
4009,2019-02-11,31.5,31.75,31.45,31.55,212353,,,,,historical_baseline,,fe33df9ae5456d8ee27133c42c244c81d150008ababc19399c7ed428638b57ea
4009,2019-02-12,31.5,31.75,31.3,31.5,306487,,,,,historical_baseline,,fe33df9ae5456d8ee27133c42c244c81d150008ababc19399c7ed428638b57ea
4009,2019-02-13,31.55,31.6,31.2,31.2,338706,,,,,historical_baseline,,fe33df9ae5456d8ee27133c42c244c81d150008ababc19399c7ed428638b57ea
4009,2019-02-14,31.2,31.25,30.9,31.0,347709,,,,,historical_baseline,,fe33df9ae5456d8ee27133c42c244c81d150008ababc19399c7ed428638b57ea
4009,2019-02-17,31.0,31.0,30.6,30.65,363390,,,,,historical_baseline,,fe33df9ae5456d8ee27133c42c244c81d150008ababc19399c7ed428638b57ea
4009,2019-02-18,30.65,31.0,30.5,31.0,394461,,,,,historical_baseline,,fe33df9ae5456d8ee27133c42c244c81d150008ababc19399c7ed428638b57ea
4009,2019-02-19,31.05,31.1,30.7,30.85,265997,,,,,historical_baseline,,fe33df9ae5456d8ee27133c42c244c81d150008ababc19399c7ed428638b57ea
4009,2019-02-20,30.8,30.95,30.75,30.8,161846,,,,,historical_baseline,,fe33df9ae5456d8ee27133c42c244c81d150008ababc19399c7ed428638b57ea
4009,2019-02-21,30.95,30.95,30.45,30.5,626489,,,,,historical_baseline,,fe33df9ae5456d8ee27133c42c244c81d150008ababc19399c7ed428638b57ea
4009,2019-02-24,30.5,30.85,30.45,30.7,282505,,,,,historical_baseline,,fe33df9ae5456d8ee27133c42c244c81d150008ababc19399c7ed428638b57ea
4009,2019-02-25,30.75,30.75,30.4,30.4,371290,,,,,historical_baseline,,fe33df9ae5456d8ee27133c42c244c81d150008ababc19399c7ed428638b57ea
4009,2019-02-26,30.6,30.65,30.4,30.5,225434,,,,,historical_baseline,,fe33df9ae5456d8ee27133c42c244c81d150008ababc19399c7ed428638b57ea
4009,2019-02-27,30.55,30.8,30.4,30.8,252117,,,,,historical_baseline,,fe33df9ae5456d8ee27133c42c244c81d150008ababc19399c7ed428638b57ea
4009,2019-02-28,30.8,30.95,30.7,30.95,188167,,,,,historical_baseline,,fe33df9ae5456d8ee27133c42c244c81d150008ababc19399c7ed428638b57ea
4011,2019-02-03,13.93,14.0,13.93,13.93,23675,,,,,historical_baseline,,fe33df9ae5456d8ee27133c42c244c81d150008ababc19399c7ed428638b57ea
4011,2019-02-04,13.9,13.98,13.85,13.93,68360,,,,,historical_baseline,,fe33df9ae5456d8ee27133c42c244c81d150008ababc19399c7ed428638b57ea
4011,2019-02-05,13.92,14.02,13.92,13.97,63744,,,,,historical_baseline,,fe33df9ae5456d8ee27133c42c244c81d150008ababc19399c7ed428638b57ea
4011,2019-02-06,13.97,13.97,13.86,13.9,28820,,,,,historical_baseline,,fe33df9ae5456d8ee27133c42c244c81d150008ababc19399c7ed428638b57ea
4011,2019-02-07,13.9,13.98,13.9,13.98,20695,,,,,historical_baseline,,fe33df9ae5456d8ee27133c42c244c81d150008ababc19399c7ed428638b57ea
4011,2019-02-10,13.97,14.07,13.88,13.93,45774,,,,,historical_baseline,,fe33df9ae5456d8ee27133c42c244c81d150008ababc19399c7ed428638b57ea
4011,2019-02-11,13.93,14.02,13.88,14.02,60450,,,,,historical_baseline,,fe33df9ae5456d8ee27133c42c244c81d150008ababc19399c7ed428638b57ea
4011,2019-02-12,13.95,13.95,13.86,13.93,84944,,,,,historical_baseline,,fe33df9ae5456d8ee27133c42c244c81d150008ababc19399c7ed428638b57ea
4011,2019-02-13,13.93,13.97,13.88,13.88,24020,,,,,historical_baseline,,fe33df9ae5456d8ee27133c42c244c81d150008ababc19399c7ed428638b57ea
4011,2019-02-14,13.86,13.86,13.69,13.83,140536,,,,,historical_baseline,,fe33df9ae5456d8ee27133c42c244c81d150008ababc19399c7ed428638b57ea
4011,2019-02-17,13.78,13.78,13.74,13.74,34446,,,,,historical_baseline,,fe33df9ae5456d8ee27133c42c244c81d150008ababc19399c7ed428638b57ea
4011,2019-02-18,13.74,13.81,13.73,13.81,32147,,,,,historical_baseline,,fe33df9ae5456d8ee27133c42c244c81d150008ababc19399c7ed428638b57ea
4011,2019-02-19,13.76,13.76,13.76,13.76,48318,,,,,historical_baseline,,fe33df9ae5456d8ee27133c42c244c81d150008ababc19399c7ed428638b57ea
4011,2019-02-20,13.76,13.8,13.76,13.78,51429,,,,,historical_baseline,,fe33df9ae5456d8ee27133c42c244c81d150008ababc19399c7ed428638b57ea
4011,2019-02-21,13.78,13.81,13.71,13.71,54561,,,,,historical_baseline,,fe33df9ae5456d8ee27133c42c244c81d150008ababc19399c7ed428638b57ea
4011,2019-02-24,13.68,13.74,13.64,13.74,63431,,,,,historical_baseline,,fe33df9ae5456d8ee27133c42c244c81d150008ababc19399c7ed428638b57ea
4011,2019-02-25,13.74,13.78,13.62,13.68,88505,,,,,historical_baseline,,fe33df9ae5456d8ee27133c42c244c81d150008ababc19399c7ed428638b57ea
4011,2019-02-26,13.69,13.73,13.68,13.71,57401,,,,,historical_baseline,,fe33df9ae5456d8ee27133c42c244c81d150008ababc19399c7ed428638b57ea
4011,2019-02-27,13.69,13.93,13.69,13.93,155492,,,,,historical_baseline,,fe33df9ae5456d8ee27133c42c244c81d150008ababc19399c7ed428638b57ea
4011,2019-02-28,13.93,14.09,13.81,13.85,81153,,,,,historical_baseline,,fe33df9ae5456d8ee27133c42c244c81d150008ababc19399c7ed428638b57ea
4020,2019-02-03,10.96,11.15,10.96,11.04,598741,,,,,historical_baseline,,fe33df9ae5456d8ee27133c42c244c81d150008ababc19399c7ed428638b57ea
4020,2019-02-04,11.04,11.04,10.83,10.87,633572,,,,,historical_baseline,,fe33df9ae5456d8ee27133c42c244c81d150008ababc19399c7ed428638b57ea
4020,2019-02-05,10.92,11.01,10.9,10.97,1084200,,,,,historical_baseline,,fe33df9ae5456d8ee27133c42c244c81d150008ababc19399c7ed428638b57ea
4020,2019-02-06,11.01,11.04,10.92,10.96,300755,,,,,historical_baseline,,fe33df9ae5456d8ee27133c42c244c81d150008ababc19399c7ed428638b57ea
4020,2019-02-07,10.94,11.13,10.92,11.13,634314,,,,,historical_baseline,,fe33df9ae5456d8ee27133c42c244c81d150008ababc19399c7ed428638b57ea
4020,2019-02-10,11.18,11.18,11.04,11.11,354365,,,,,historical_baseline,,fe33df9ae5456d8ee27133c42c244c81d150008ababc19399c7ed428638b57ea
4020,2019-02-11,11.09,11.13,11.08,11.08,284468,,,,,historical_baseline,,fe33df9ae5456d8ee27133c42c244c81d150008ababc19399c7ed428638b57ea
4020,2019-02-12,11.08,11.27,11.08,11.2,905566,,,,,historical_baseline,,fe33df9ae5456d8ee27133c42c244c81d150008ababc19399c7ed428638b57ea
4020,2019-02-13,11.23,11.23,11.04,11.13,695848,,,,,historical_baseline,,fe33df9ae5456d8ee27133c42c244c81d150008ababc19399c7ed428638b57ea
4020,2019-02-14,11.15,11.16,11.04,11.13,395529,,,,,historical_baseline,,fe33df9ae5456d8ee27133c42c244c81d150008ababc19399c7ed428638b57ea
4020,2019-02-17,11.04,11.13,11.04,11.08,143145,,,,,historical_baseline,,fe33df9ae5456d8ee27133c42c244c81d150008ababc19399c7ed428638b57ea
4020,2019-02-18,11.06,11.09,11.04,11.06,152526,,,,,historical_baseline,,fe33df9ae5456d8ee27133c42c244c81d150008ababc19399c7ed428638b57ea
4020,2019-02-19,11.04,11.13,11.01,11.13,353761,,,,,historical_baseline,,fe33df9ae5456d8ee27133c42c244c81d150008ababc19399c7ed428638b57ea
4020,2019-02-20,11.11,11.13,11.02,11.09,260431,,,,,historical_baseline,,fe33df9ae5456d8ee27133c42c244c81d150008ababc19399c7ed428638b57ea
4020,2019-02-21,11.09,11.09,10.85,10.85,918435,,,,,historical_baseline,,fe33df9ae5456d8ee27133c42c244c81d150008ababc19399c7ed428638b57ea
4020,2019-02-24,10.9,11.2,10.9,11.08,1820802,,,,,historical_baseline,,fe33df9ae5456d8ee27133c42c244c81d150008ababc19399c7ed428638b57ea
4020,2019-02-25,11.04,11.04,10.87,10.92,776678,,,,,historical_baseline,,fe33df9ae5456d8ee27133c42c244c81d150008ababc19399c7ed428638b57ea
4020,2019-02-26,10.89,10.92,10.83,10.9,595564,,,,,historical_baseline,,fe33df9ae5456d8ee27133c42c244c81d150008ababc19399c7ed428638b57ea
4020,2019-02-27,10.9,11.01,10.85,11.01,303187,,,,,historical_baseline,,fe33df9ae5456d8ee27133c42c244c81d150008ababc19399c7ed428638b57ea
4020,2019-02-28,11.01,11.01,10.87,10.96,381354,,,,,historical_baseline,,fe33df9ae5456d8ee27133c42c244c81d150008ababc19399c7ed428638b57ea
4030,2019-02-03,16.96,17.04,16.91,16.96,838389,,,,,historical_baseline,,fe33df9ae5456d8ee27133c42c244c81d150008ababc19399c7ed428638b57ea
4030,2019-02-04,16.96,16.99,16.67,16.67,1132299,,,,,historical_baseline,,fe33df9ae5456d8ee27133c42c244c81d150008ababc19399c7ed428638b57ea
4030,2019-02-05,16.67,16.75,16.48,16.64,2256140,,,,,historical_baseline,,fe33df9ae5456d8ee27133c42c244c81d150008ababc19399c7ed428638b57ea
4030,2019-02-06,16.69,16.69,16.21,16.21,3983208,,,,,historical_baseline,,fe33df9ae5456d8ee27133c42c244c81d150008ababc19399c7ed428638b57ea
4030,2019-02-07,16.21,16.32,16.0,16.05,2367984,,,,,historical_baseline,,fe33df9ae5456d8ee27133c42c244c81d150008ababc19399c7ed428638b57ea
4030,2019-02-10,16.11,16.11,15.68,15.92,3346138,,,,,historical_baseline,,fe33df9ae5456d8ee27133c42c244c81d150008ababc19399c7ed428638b57ea
4030,2019-02-11,15.95,16.16,15.92,16.13,1414770,,,,,historical_baseline,,fe33df9ae5456d8ee27133c42c244c81d150008ababc19399c7ed428638b57ea
4030,2019-02-12,16.13,16.21,16.05,16.19,945716,,,,,historical_baseline,,fe33df9ae5456d8ee27133c42c244c81d150008ababc19399c7ed428638b57ea
4030,2019-02-13,16.13,16.29,16.0,16.03,1819813,,,,,historical_baseline,,fe33df9ae5456d8ee27133c42c244c81d150008ababc19399c7ed428638b57ea
4030,2019-02-14,16.03,16.11,16.0,16.05,662921,,,,,historical_baseline,,fe33df9ae5456d8ee27133c42c244c81d150008ababc19399c7ed428638b57ea
4030,2019-02-17,16.11,16.16,16.0,16.05,803143,,,,,historical_baseline,,fe33df9ae5456d8ee27133c42c244c81d150008ababc19399c7ed428638b57ea
4030,2019-02-18,16.05,16.11,15.97,16.0,790380,,,,,historical_baseline,,fe33df9ae5456d8ee27133c42c244c81d150008ababc19399c7ed428638b57ea
4030,2019-02-19,16.03,16.03,15.95,16.0,733085,,,,,historical_baseline,,fe33df9ae5456d8ee27133c42c244c81d150008ababc19399c7ed428638b57ea
4030,2019-02-20,16.0,16.08,16.0,16.08,284476,,,,,historical_baseline,,fe33df9ae5456d8ee27133c42c244c81d150008ababc19399c7ed428638b57ea
4030,2019-02-21,16.11,16.16,16.0,16.05,530310,,,,,historical_baseline,,fe33df9ae5456d8ee27133c42c244c81d150008ababc19399c7ed428638b57ea
4030,2019-02-24,16.05,16.11,16.03,16.03,421239,,,,,historical_baseline,,fe33df9ae5456d8ee27133c42c244c81d150008ababc19399c7ed428638b57ea
4030,2019-02-25,16.03,16.03,15.87,15.92,1197148,,,,,historical_baseline,,fe33df9ae5456d8ee27133c42c244c81d150008ababc19399c7ed428638b57ea
4030,2019-02-26,15.92,16.03,15.84,16.0,667740,,,,,historical_baseline,,fe33df9ae5456d8ee27133c42c244c81d150008ababc19399c7ed428638b57ea
4030,2019-02-27,16.0,16.0,15.89,15.97,891785,,,,,historical_baseline,,fe33df9ae5456d8ee27133c42c244c81d150008ababc19399c7ed428638b57ea
4030,2019-02-28,16.0,16.21,15.97,16.19,1407391,,,,,historical_baseline,,fe33df9ae5456d8ee27133c42c244c81d150008ababc19399c7ed428638b57ea
4031,2019-02-03,30.95,31.25,30.9,31.25,903477,,,,,historical_baseline,,fe33df9ae5456d8ee27133c42c244c81d150008ababc19399c7ed428638b57ea
4031,2019-02-04,31.3,31.6,31.2,31.25,814257,,,,,historical_baseline,,fe33df9ae5456d8ee27133c42c244c81d150008ababc19399c7ed428638b57ea
4031,2019-02-05,31.25,31.3,31.05,31.25,341596,,,,,historical_baseline,,fe33df9ae5456d8ee27133c42c244c81d150008ababc19399c7ed428638b57ea
4031,2019-02-06,31.3,31.5,31.1,31.2,368913,,,,,historical_baseline,,fe33df9ae5456d8ee27133c42c244c81d150008ababc19399c7ed428638b57ea
4031,2019-02-07,31.2,31.3,31.05,31.05,228201,,,,,historical_baseline,,fe33df9ae5456d8ee27133c42c244c81d150008ababc19399c7ed428638b57ea
4031,2019-02-10,31.15,31.25,31.0,31.05,278791,,,,,historical_baseline,,fe33df9ae5456d8ee27133c42c244c81d150008ababc19399c7ed428638b57ea
4031,2019-02-11,31.0,31.05,30.9,30.9,242397,,,,,historical_baseline,,fe33df9ae5456d8ee27133c42c244c81d150008ababc19399c7ed428638b57ea
4031,2019-02-12,30.9,30.95,30.7,30.8,442898,,,,,historical_baseline,,fe33df9ae5456d8ee27133c42c244c81d150008ababc19399c7ed428638b57ea
4031,2019-02-13,30.8,30.85,30.7,30.7,391565,,,,,historical_baseline,,fe33df9ae5456d8ee27133c42c244c81d150008ababc19399c7ed428638b57ea
4031,2019-02-14,30.75,30.8,30.55,30.65,285284,,,,,historical_baseline,,fe33df9ae5456d8ee27133c42c244c81d150008ababc19399c7ed428638b57ea
4031,2019-02-17,30.7,30.75,30.55,30.6,134979,,,,,historical_baseline,,fe33df9ae5456d8ee27133c42c244c81d150008ababc19399c7ed428638b57ea
4031,2019-02-18,30.65,30.7,30.45,30.55,190368,,,,,historical_baseline,,fe33df9ae5456d8ee27133c42c244c81d150008ababc19399c7ed428638b57ea
4031,2019-02-19,30.55,30.65,30.5,30.5,188036,,,,,historical_baseline,,fe33df9ae5456d8ee27133c42c244c81d150008ababc19399c7ed428638b57ea
4031,2019-02-20,30.55,30.65,30.45,30.55,172629,,,,,historical_baseline,,fe33df9ae5456d8ee27133c42c244c81d150008ababc19399c7ed428638b57ea
4031,2019-02-21,30.65,30.65,30.5,30.6,184377,,,,,historical_baseline,,fe33df9ae5456d8ee27133c42c244c81d150008ababc19399c7ed428638b57ea
4031,2019-02-24,30.6,30.7,30.55,30.6,275437,,,,,historical_baseline,,fe33df9ae5456d8ee27133c42c244c81d150008ababc19399c7ed428638b57ea
4031,2019-02-25,30.65,30.7,30.2,30.35,341459,,,,,historical_baseline,,fe33df9ae5456d8ee27133c42c244c81d150008ababc19399c7ed428638b57ea
4031,2019-02-26,30.35,30.8,30.2,30.6,332079,,,,,historical_baseline,,fe33df9ae5456d8ee27133c42c244c81d150008ababc19399c7ed428638b57ea
4031,2019-02-27,30.55,30.65,30.35,30.65,134411,,,,,historical_baseline,,fe33df9ae5456d8ee27133c42c244c81d150008ababc19399c7ed428638b57ea
4031,2019-02-28,30.6,30.65,30.35,30.55,221128,,,,,historical_baseline,,fe33df9ae5456d8ee27133c42c244c81d150008ababc19399c7ed428638b57ea
4040,2019-02-03,14.68,14.78,14.54,14.58,607026,,,,,historical_baseline,,fe33df9ae5456d8ee27133c42c244c81d150008ababc19399c7ed428638b57ea
4040,2019-02-04,14.62,14.62,14.26,14.3,613404,,,,,historical_baseline,,fe33df9ae5456d8ee27133c42c244c81d150008ababc19399c7ed428638b57ea
4040,2019-02-05,14.28,14.5,14.28,14.44,333228,,,,,historical_baseline,,fe33df9ae5456d8ee27133c42c244c81d150008ababc19399c7ed428638b57ea
4040,2019-02-06,14.4,14.64,14.4,14.46,223830,,,,,historical_baseline,,fe33df9ae5456d8ee27133c42c244c81d150008ababc19399c7ed428638b57ea
4040,2019-02-07,14.46,14.46,14.3,14.3,206698,,,,,historical_baseline,,fe33df9ae5456d8ee27133c42c244c81d150008ababc19399c7ed428638b57ea
4040,2019-02-10,14.3,14.42,14.22,14.28,229531,,,,,historical_baseline,,fe33df9ae5456d8ee27133c42c244c81d150008ababc19399c7ed428638b57ea
4040,2019-02-11,14.2,14.48,14.2,14.3,489799,,,,,historical_baseline,,fe33df9ae5456d8ee27133c42c244c81d150008ababc19399c7ed428638b57ea
4040,2019-02-12,14.34,14.74,14.32,14.72,567404,,,,,historical_baseline,,fe33df9ae5456d8ee27133c42c244c81d150008ababc19399c7ed428638b57ea
4040,2019-02-13,14.72,14.74,14.46,14.46,492178,,,,,historical_baseline,,fe33df9ae5456d8ee27133c42c244c81d150008ababc19399c7ed428638b57ea
4040,2019-02-14,14.36,14.44,14.36,14.4,192741,,,,,historical_baseline,,fe33df9ae5456d8ee27133c42c244c81d150008ababc19399c7ed428638b57ea
4040,2019-02-17,14.4,14.8,14.36,14.8,506838,,,,,historical_baseline,,fe33df9ae5456d8ee27133c42c244c81d150008ababc19399c7ed428638b57ea
4040,2019-02-18,14.84,15.08,14.74,14.92,1480768,,,,,historical_baseline,,fe33df9ae5456d8ee27133c42c244c81d150008ababc19399c7ed428638b57ea
4040,2019-02-19,14.98,14.98,14.76,14.94,341246,,,,,historical_baseline,,fe33df9ae5456d8ee27133c42c244c81d150008ababc19399c7ed428638b57ea
4040,2019-02-20,14.9,15.12,14.86,15.08,422656,,,,,historical_baseline,,fe33df9ae5456d8ee27133c42c244c81d150008ababc19399c7ed428638b57ea
4040,2019-02-21,15.1,15.1,14.9,14.98,387199,,,,,historical_baseline,,fe33df9ae5456d8ee27133c42c244c81d150008ababc19399c7ed428638b57ea
4040,2019-02-24,14.94,15.04,14.9,14.94,126187,,,,,historical_baseline,,fe33df9ae5456d8ee27133c42c244c81d150008ababc19399c7ed428638b57ea
4040,2019-02-25,14.9,14.9,14.8,14.9,239592,,,,,historical_baseline,,fe33df9ae5456d8ee27133c42c244c81d150008ababc19399c7ed428638b57ea
4040,2019-02-26,14.86,15.04,14.78,15.0,361616,,,,,historical_baseline,,fe33df9ae5456d8ee27133c42c244c81d150008ababc19399c7ed428638b57ea
4040,2019-02-27,15.02,15.02,14.9,14.98,107956,,,,,historical_baseline,,fe33df9ae5456d8ee27133c42c244c81d150008ababc19399c7ed428638b57ea
4040,2019-02-28,14.92,15.16,14.88,15.06,572363,,,,,historical_baseline,,fe33df9ae5456d8ee27133c42c244c81d150008ababc19399c7ed428638b57ea
4050,2019-02-03,16.54,16.78,16.5,16.54,357870,,,,,historical_baseline,,fe33df9ae5456d8ee27133c42c244c81d150008ababc19399c7ed428638b57ea
4050,2019-02-04,16.54,16.6,16.38,16.42,260004,,,,,historical_baseline,,fe33df9ae5456d8ee27133c42c244c81d150008ababc19399c7ed428638b57ea
4050,2019-02-05,16.46,16.58,16.36,16.36,299267,,,,,historical_baseline,,fe33df9ae5456d8ee27133c42c244c81d150008ababc19399c7ed428638b57ea
4050,2019-02-06,16.4,16.46,16.28,16.34,270849,,,,,historical_baseline,,fe33df9ae5456d8ee27133c42c244c81d150008ababc19399c7ed428638b57ea
4050,2019-02-07,16.38,16.38,16.0,16.06,234398,,,,,historical_baseline,,fe33df9ae5456d8ee27133c42c244c81d150008ababc19399c7ed428638b57ea
4050,2019-02-10,16.0,16.08,15.92,16.04,184089,,,,,historical_baseline,,fe33df9ae5456d8ee27133c42c244c81d150008ababc19399c7ed428638b57ea
4050,2019-02-11,16.02,16.2,16.0,16.08,108115,,,,,historical_baseline,,fe33df9ae5456d8ee27133c42c244c81d150008ababc19399c7ed428638b57ea
4050,2019-02-12,16.1,16.2,16.02,16.1,81781,,,,,historical_baseline,,fe33df9ae5456d8ee27133c42c244c81d150008ababc19399c7ed428638b57ea
4050,2019-02-13,16.06,16.2,16.0,16.0,119592,,,,,historical_baseline,,fe33df9ae5456d8ee27133c42c244c81d150008ababc19399c7ed428638b57ea
4050,2019-02-14,15.92,16.14,15.92,16.04,139188,,,,,historical_baseline,,fe33df9ae5456d8ee27133c42c244c81d150008ababc19399c7ed428638b57ea
4050,2019-02-17,16.12,16.14,16.06,16.08,150996,,,,,historical_baseline,,fe33df9ae5456d8ee27133c42c244c81d150008ababc19399c7ed428638b57ea
4050,2019-02-18,16.08,16.14,15.9,15.9,164565,,,,,historical_baseline,,fe33df9ae5456d8ee27133c42c244c81d150008ababc19399c7ed428638b57ea
4050,2019-02-19,15.94,15.96,15.82,15.88,94360,,,,,historical_baseline,,fe33df9ae5456d8ee27133c42c244c81d150008ababc19399c7ed428638b57ea
4050,2019-02-20,15.94,15.96,15.8,15.96,92099,,,,,historical_baseline,,fe33df9ae5456d8ee27133c42c244c81d150008ababc19399c7ed428638b57ea
4050,2019-02-21,16.0,16.0,15.78,15.9,102263,,,,,historical_baseline,,fe33df9ae5456d8ee27133c42c244c81d150008ababc19399c7ed428638b57ea
4050,2019-02-24,15.9,15.9,15.72,15.74,105820,,,,,historical_baseline,,fe33df9ae5456d8ee27133c42c244c81d150008ababc19399c7ed428638b57ea
4050,2019-02-25,15.7,15.72,15.6,15.7,125746,,,,,historical_baseline,,fe33df9ae5456d8ee27133c42c244c81d150008ababc19399c7ed428638b57ea
4050,2019-02-26,15.96,16.08,15.62,15.74,613436,,,,,historical_baseline,,fe33df9ae5456d8ee27133c42c244c81d150008ababc19399c7ed428638b57ea
4050,2019-02-27,15.82,15.82,15.54,15.68,202741,,,,,historical_baseline,,fe33df9ae5456d8ee27133c42c244c81d150008ababc19399c7ed428638b57ea
4050,2019-02-28,15.6,15.62,15.52,15.62,202559,,,,,historical_baseline,,fe33df9ae5456d8ee27133c42c244c81d150008ababc19399c7ed428638b57ea
4061,2019-02-03,12.33,12.33,12.2,12.24,4036462,,,,,historical_baseline,,fe33df9ae5456d8ee27133c42c244c81d150008ababc19399c7ed428638b57ea
4061,2019-02-04,12.24,12.33,12.2,12.28,1897023,,,,,historical_baseline,,fe33df9ae5456d8ee27133c42c244c81d150008ababc19399c7ed428638b57ea
4061,2019-02-05,12.24,12.39,12.24,12.28,2702372,,,,,historical_baseline,,fe33df9ae5456d8ee27133c42c244c81d150008ababc19399c7ed428638b57ea
4061,2019-02-06,12.29,12.39,12.24,12.24,4117562,,,,,historical_baseline,,fe33df9ae5456d8ee27133c42c244c81d150008ababc19399c7ed428638b57ea
4061,2019-02-07,12.26,12.39,12.17,12.17,9787221,,,,,historical_baseline,,fe33df9ae5456d8ee27133c42c244c81d150008ababc19399c7ed428638b57ea
4061,2019-02-10,12.26,12.26,12.09,12.09,2677742,,,,,historical_baseline,,fe33df9ae5456d8ee27133c42c244c81d150008ababc19399c7ed428638b57ea
4061,2019-02-11,12.11,12.15,12.02,12.05,4515522,,,,,historical_baseline,,fe33df9ae5456d8ee27133c42c244c81d150008ababc19399c7ed428638b57ea
4061,2019-02-12,12.04,12.07,11.94,11.98,5242632,,,,,historical_baseline,,fe33df9ae5456d8ee27133c42c244c81d150008ababc19399c7ed428638b57ea
4061,2019-02-13,12.0,12.04,11.74,11.74,3632489,,,,,historical_baseline,,fe33df9ae5456d8ee27133c42c244c81d150008ababc19399c7ed428638b57ea
4061,2019-02-14,11.74,11.8,11.65,11.65,2900164,,,,,historical_baseline,,fe33df9ae5456d8ee27133c42c244c81d150008ababc19399c7ed428638b57ea
4061,2019-02-17,11.61,12.07,11.61,11.87,10696015,,,,,historical_baseline,,fe33df9ae5456d8ee27133c42c244c81d150008ababc19399c7ed428638b57ea
4061,2019-02-18,11.81,11.91,11.76,11.76,5347275,,,,,historical_baseline,,fe33df9ae5456d8ee27133c42c244c81d150008ababc19399c7ed428638b57ea
4061,2019-02-19,11.76,11.76,11.61,11.63,3318937,,,,,historical_baseline,,fe33df9ae5456d8ee27133c42c244c81d150008ababc19399c7ed428638b57ea
4061,2019-02-20,11.63,11.72,11.59,11.61,2398206,,,,,historical_baseline,,fe33df9ae5456d8ee27133c42c244c81d150008ababc19399c7ed428638b57ea
4061,2019-02-21,11.61,11.85,11.59,11.61,2587433,,,,,historical_baseline,,fe33df9ae5456d8ee27133c42c244c81d150008ababc19399c7ed428638b57ea
4061,2019-02-24,11.61,11.61,11.34,11.34,2821016,,,,,historical_baseline,,fe33df9ae5456d8ee27133c42c244c81d150008ababc19399c7ed428638b57ea
4061,2019-02-25,11.35,11.37,11.15,11.24,2110858,,,,,historical_baseline,,fe33df9ae5456d8ee27133c42c244c81d150008ababc19399c7ed428638b57ea
4061,2019-02-26,11.24,11.87,11.24,11.67,16720587,,,,,historical_baseline,,fe33df9ae5456d8ee27133c42c244c81d150008ababc19399c7ed428638b57ea
4061,2019-02-27,11.7,11.89,11.58,11.61,12992906,,,,,historical_baseline,,fe33df9ae5456d8ee27133c42c244c81d150008ababc19399c7ed428638b57ea
4061,2019-02-28,11.54,11.76,11.45,11.46,5947931,,,,,historical_baseline,,fe33df9ae5456d8ee27133c42c244c81d150008ababc19399c7ed428638b57ea
4070,2019-02-03,43.28,44.46,43.18,43.97,563438,,,,,historical_baseline,,fe33df9ae5456d8ee27133c42c244c81d150008ababc19399c7ed428638b57ea
4070,2019-02-04,44.27,45.25,43.87,44.02,751941,,,,,historical_baseline,,fe33df9ae5456d8ee27133c42c244c81d150008ababc19399c7ed428638b57ea
4070,2019-02-05,44.07,44.22,43.47,43.67,227295,,,,,historical_baseline,,fe33df9ae5456d8ee27133c42c244c81d150008ababc19399c7ed428638b57ea
4070,2019-02-06,43.57,43.87,43.28,43.43,152322,,,,,historical_baseline,,fe33df9ae5456d8ee27133c42c244c81d150008ababc19399c7ed428638b57ea
4070,2019-02-07,43.67,44.02,43.28,43.38,171067,,,,,historical_baseline,,fe33df9ae5456d8ee27133c42c244c81d150008ababc19399c7ed428638b57ea
4070,2019-02-10,43.52,43.52,42.63,42.68,259757,,,,,historical_baseline,,fe33df9ae5456d8ee27133c42c244c81d150008ababc19399c7ed428638b57ea
4070,2019-02-11,42.88,46.64,42.68,46.34,1902098,,,,,historical_baseline,,fe33df9ae5456d8ee27133c42c244c81d150008ababc19399c7ed428638b57ea
4070,2019-02-12,47.48,48.32,45.25,45.25,2183406,,,,,historical_baseline,,fe33df9ae5456d8ee27133c42c244c81d150008ababc19399c7ed428638b57ea
4070,2019-02-13,45.4,46.78,44.96,44.96,1001699,,,,,historical_baseline,,fe33df9ae5456d8ee27133c42c244c81d150008ababc19399c7ed428638b57ea
4070,2019-02-14,45.01,46.34,44.96,45.3,574896,,,,,historical_baseline,,fe33df9ae5456d8ee27133c42c244c81d150008ababc19399c7ed428638b57ea
4070,2019-02-17,45.7,46.39,45.15,45.4,502808,,,,,historical_baseline,,fe33df9ae5456d8ee27133c42c244c81d150008ababc19399c7ed428638b57ea
4070,2019-02-18,45.55,45.8,45.15,45.4,361468,,,,,historical_baseline,,fe33df9ae5456d8ee27133c42c244c81d150008ababc19399c7ed428638b57ea
4070,2019-02-19,45.06,45.55,44.81,45.06,232313,,,,,historical_baseline,,fe33df9ae5456d8ee27133c42c244c81d150008ababc19399c7ed428638b57ea
4070,2019-02-20,45.01,45.65,44.71,45.35,392708,,,,,historical_baseline,,fe33df9ae5456d8ee27133c42c244c81d150008ababc19399c7ed428638b57ea
4070,2019-02-21,45.5,45.94,45.06,45.94,388664,,,,,historical_baseline,,fe33df9ae5456d8ee27133c42c244c81d150008ababc19399c7ed428638b57ea
4070,2019-02-24,46.24,46.64,45.65,45.75,657290,,,,,historical_baseline,,fe33df9ae5456d8ee27133c42c244c81d150008ababc19399c7ed428638b57ea
4070,2019-02-25,45.65,46.14,45.15,46.14,309234,,,,,historical_baseline,,fe33df9ae5456d8ee27133c42c244c81d150008ababc19399c7ed428638b57ea
4070,2019-02-26,46.19,46.44,45.9,46.34,427005,,,,,historical_baseline,,fe33df9ae5456d8ee27133c42c244c81d150008ababc19399c7ed428638b57ea
4070,2019-02-27,46.44,47.38,46.34,47.18,970891,,,,,historical_baseline,,fe33df9ae5456d8ee27133c42c244c81d150008ababc19399c7ed428638b57ea
4070,2019-02-28,47.13,47.62,46.54,46.74,635105,,,,,historical_baseline,,fe33df9ae5456d8ee27133c42c244c81d150008ababc19399c7ed428638b57ea
4080,2019-02-03,9.8,9.87,9.72,9.8,325830,,,,,historical_baseline,,fe33df9ae5456d8ee27133c42c244c81d150008ababc19399c7ed428638b57ea
4080,2019-02-04,9.79,9.79,9.63,9.66,173812,,,,,historical_baseline,,fe33df9ae5456d8ee27133c42c244c81d150008ababc19399c7ed428638b57ea
4080,2019-02-05,9.68,9.75,9.67,9.68,118719,,,,,historical_baseline,,fe33df9ae5456d8ee27133c42c244c81d150008ababc19399c7ed428638b57ea
4080,2019-02-06,9.74,9.75,9.69,9.7,112246,,,,,historical_baseline,,fe33df9ae5456d8ee27133c42c244c81d150008ababc19399c7ed428638b57ea
4080,2019-02-07,9.66,9.74,9.56,9.56,116749,,,,,historical_baseline,,fe33df9ae5456d8ee27133c42c244c81d150008ababc19399c7ed428638b57ea
4080,2019-02-10,9.62,9.62,9.46,9.54,192918,,,,,historical_baseline,,fe33df9ae5456d8ee27133c42c244c81d150008ababc19399c7ed428638b57ea
4080,2019-02-11,9.6,9.65,9.5,9.5,150583,,,,,historical_baseline,,fe33df9ae5456d8ee27133c42c244c81d150008ababc19399c7ed428638b57ea
4080,2019-02-12,9.53,9.93,9.53,9.8,784723,,,,,historical_baseline,,fe33df9ae5456d8ee27133c42c244c81d150008ababc19399c7ed428638b57ea
4080,2019-02-13,9.8,9.8,9.62,9.64,236507,,,,,historical_baseline,,fe33df9ae5456d8ee27133c42c244c81d150008ababc19399c7ed428638b57ea
4080,2019-02-14,9.62,9.66,9.54,9.64,163673,,,,,historical_baseline,,fe33df9ae5456d8ee27133c42c244c81d150008ababc19399c7ed428638b57ea
4080,2019-02-17,9.65,9.65,9.58,9.6,200383,,,,,historical_baseline,,fe33df9ae5456d8ee27133c42c244c81d150008ababc19399c7ed428638b57ea
4080,2019-02-18,9.6,9.6,9.53,9.53,77992,,,,,historical_baseline,,fe33df9ae5456d8ee27133c42c244c81d150008ababc19399c7ed428638b57ea
4080,2019-02-19,9.53,9.58,9.5,9.52,118841,,,,,historical_baseline,,fe33df9ae5456d8ee27133c42c244c81d150008ababc19399c7ed428638b57ea
4080,2019-02-20,9.53,9.53,9.49,9.52,202814,,,,,historical_baseline,,fe33df9ae5456d8ee27133c42c244c81d150008ababc19399c7ed428638b57ea
4080,2019-02-21,9.5,9.53,9.47,9.49,60253,,,,,historical_baseline,,fe33df9ae5456d8ee27133c42c244c81d150008ababc19399c7ed428638b57ea
4080,2019-02-24,9.52,9.54,9.47,9.48,128036,,,,,historical_baseline,,fe33df9ae5456d8ee27133c42c244c81d150008ababc19399c7ed428638b57ea
4080,2019-02-25,9.47,9.47,9.4,9.42,120078,,,,,historical_baseline,,fe33df9ae5456d8ee27133c42c244c81d150008ababc19399c7ed428638b57ea
4080,2019-02-26,9.4,9.41,9.37,9.4,117346,,,,,historical_baseline,,fe33df9ae5456d8ee27133c42c244c81d150008ababc19399c7ed428638b57ea
4080,2019-02-27,9.4,9.46,9.38,9.46,118643,,,,,historical_baseline,,fe33df9ae5456d8ee27133c42c244c81d150008ababc19399c7ed428638b57ea
4080,2019-02-28,9.4,9.41,9.4,9.4,79277,,,,,historical_baseline,,fe33df9ae5456d8ee27133c42c244c81d150008ababc19399c7ed428638b57ea
4090,2019-02-03,29.0,29.0,28.9,28.9,43215,,,,,historical_baseline,,fe33df9ae5456d8ee27133c42c244c81d150008ababc19399c7ed428638b57ea
4090,2019-02-04,28.9,29.0,28.8,28.8,71856,,,,,historical_baseline,,fe33df9ae5456d8ee27133c42c244c81d150008ababc19399c7ed428638b57ea
4090,2019-02-05,28.8,28.95,28.65,28.95,128398,,,,,historical_baseline,,fe33df9ae5456d8ee27133c42c244c81d150008ababc19399c7ed428638b57ea
4090,2019-02-06,28.85,28.85,28.6,28.6,382480,,,,,historical_baseline,,fe33df9ae5456d8ee27133c42c244c81d150008ababc19399c7ed428638b57ea
4090,2019-02-07,28.65,28.75,28.55,28.55,115579,,,,,historical_baseline,,fe33df9ae5456d8ee27133c42c244c81d150008ababc19399c7ed428638b57ea
4090,2019-02-10,28.55,28.6,28.5,28.5,122177,,,,,historical_baseline,,fe33df9ae5456d8ee27133c42c244c81d150008ababc19399c7ed428638b57ea
4090,2019-02-11,28.6,28.6,28.45,28.45,73451,,,,,historical_baseline,,fe33df9ae5456d8ee27133c42c244c81d150008ababc19399c7ed428638b57ea
4090,2019-02-12,28.45,28.6,28.45,28.5,35013,,,,,historical_baseline,,fe33df9ae5456d8ee27133c42c244c81d150008ababc19399c7ed428638b57ea
4090,2019-02-13,28.6,28.7,28.5,28.6,261428,,,,,historical_baseline,,fe33df9ae5456d8ee27133c42c244c81d150008ababc19399c7ed428638b57ea
4090,2019-02-14,28.6,28.65,28.5,28.55,62699,,,,,historical_baseline,,fe33df9ae5456d8ee27133c42c244c81d150008ababc19399c7ed428638b57ea
4090,2019-02-17,28.5,28.65,28.5,28.6,49797,,,,,historical_baseline,,fe33df9ae5456d8ee27133c42c244c81d150008ababc19399c7ed428638b57ea
4090,2019-02-18,28.5,28.6,28.4,28.4,71057,,,,,historical_baseline,,fe33df9ae5456d8ee27133c42c244c81d150008ababc19399c7ed428638b57ea
4090,2019-02-19,28.45,28.55,28.35,28.5,37484,,,,,historical_baseline,,fe33df9ae5456d8ee27133c42c244c81d150008ababc19399c7ed428638b57ea
4090,2019-02-20,28.4,28.5,28.4,28.5,29760,,,,,historical_baseline,,fe33df9ae5456d8ee27133c42c244c81d150008ababc19399c7ed428638b57ea
4090,2019-02-21,28.4,28.6,28.15,28.2,98517,,,,,historical_baseline,,fe33df9ae5456d8ee27133c42c244c81d150008ababc19399c7ed428638b57ea
4090,2019-02-24,28.2,28.4,28.15,28.2,100428,,,,,historical_baseline,,fe33df9ae5456d8ee27133c42c244c81d150008ababc19399c7ed428638b57ea
4090,2019-02-25,28.25,28.25,28.0,28.1,62278,,,,,historical_baseline,,fe33df9ae5456d8ee27133c42c244c81d150008ababc19399c7ed428638b57ea
4090,2019-02-26,27.9,28.25,27.9,28.2,57019,,,,,historical_baseline,,fe33df9ae5456d8ee27133c42c244c81d150008ababc19399c7ed428638b57ea
4090,2019-02-27,28.25,28.4,28.2,28.35,16263,,,,,historical_baseline,,fe33df9ae5456d8ee27133c42c244c81d150008ababc19399c7ed428638b57ea
4090,2019-02-28,28.25,28.3,28.2,28.2,15821,,,,,historical_baseline,,fe33df9ae5456d8ee27133c42c244c81d150008ababc19399c7ed428638b57ea
4100,2019-02-03,75.5,76.4,75.2,76.3,93947,,,,,historical_baseline,,fe33df9ae5456d8ee27133c42c244c81d150008ababc19399c7ed428638b57ea
4100,2019-02-04,76.3,76.5,75.5,75.8,29459,,,,,historical_baseline,,fe33df9ae5456d8ee27133c42c244c81d150008ababc19399c7ed428638b57ea
4100,2019-02-05,75.6,76.0,75.5,75.7,14431,,,,,historical_baseline,,fe33df9ae5456d8ee27133c42c244c81d150008ababc19399c7ed428638b57ea
4100,2019-02-06,75.6,75.9,75.5,75.6,19444,,,,,historical_baseline,,fe33df9ae5456d8ee27133c42c244c81d150008ababc19399c7ed428638b57ea
4100,2019-02-07,76.0,76.0,75.4,75.8,70575,,,,,historical_baseline,,fe33df9ae5456d8ee27133c42c244c81d150008ababc19399c7ed428638b57ea
4100,2019-02-10,75.8,75.8,75.3,75.5,18277,,,,,historical_baseline,,fe33df9ae5456d8ee27133c42c244c81d150008ababc19399c7ed428638b57ea
4100,2019-02-11,75.5,75.6,75.3,75.6,6159,,,,,historical_baseline,,fe33df9ae5456d8ee27133c42c244c81d150008ababc19399c7ed428638b57ea
4100,2019-02-12,75.5,75.9,75.4,75.6,7125,,,,,historical_baseline,,fe33df9ae5456d8ee27133c42c244c81d150008ababc19399c7ed428638b57ea
4100,2019-02-13,76.0,78.4,76.0,77.3,144581,,,,,historical_baseline,,fe33df9ae5456d8ee27133c42c244c81d150008ababc19399c7ed428638b57ea
4100,2019-02-14,77.1,77.2,76.6,76.6,36018,,,,,historical_baseline,,fe33df9ae5456d8ee27133c42c244c81d150008ababc19399c7ed428638b57ea
4100,2019-02-17,76.0,76.4,75.7,76.0,14860,,,,,historical_baseline,,fe33df9ae5456d8ee27133c42c244c81d150008ababc19399c7ed428638b57ea
4100,2019-02-18,76.0,76.3,75.5,76.3,15256,,,,,historical_baseline,,fe33df9ae5456d8ee27133c42c244c81d150008ababc19399c7ed428638b57ea
4100,2019-02-19,76.0,76.3,75.9,76.2,12852,,,,,historical_baseline,,fe33df9ae5456d8ee27133c42c244c81d150008ababc19399c7ed428638b57ea
4100,2019-02-20,75.8,75.8,75.5,75.5,17796,,,,,historical_baseline,,fe33df9ae5456d8ee27133c42c244c81d150008ababc19399c7ed428638b57ea
4100,2019-02-21,75.8,76.3,75.5,76.3,44857,,,,,historical_baseline,,fe33df9ae5456d8ee27133c42c244c81d150008ababc19399c7ed428638b57ea
4100,2019-02-24,76.0,77.3,75.6,77.3,46744,,,,,historical_baseline,,fe33df9ae5456d8ee27133c42c244c81d150008ababc19399c7ed428638b57ea
4100,2019-02-25,76.9,76.9,76.1,76.1,30184,,,,,historical_baseline,,fe33df9ae5456d8ee27133c42c244c81d150008ababc19399c7ed428638b57ea
4100,2019-02-26,76.1,76.2,75.9,76.0,9174,,,,,historical_baseline,,fe33df9ae5456d8ee27133c42c244c81d150008ababc19399c7ed428638b57ea
4100,2019-02-27,76.0,76.3,75.6,76.3,11945,,,,,historical_baseline,,fe33df9ae5456d8ee27133c42c244c81d150008ababc19399c7ed428638b57ea
4100,2019-02-28,76.4,76.4,76.0,76.0,9267,,,,,historical_baseline,,fe33df9ae5456d8ee27133c42c244c81d150008ababc19399c7ed428638b57ea
4110,2019-02-03,2.36,2.38,2.35,2.37,968283,,,,,historical_baseline,,fe33df9ae5456d8ee27133c42c244c81d150008ababc19399c7ed428638b57ea
4110,2019-02-04,2.37,2.38,2.35,2.37,1078460,,,,,historical_baseline,,fe33df9ae5456d8ee27133c42c244c81d150008ababc19399c7ed428638b57ea
4110,2019-02-05,2.38,2.38,2.35,2.35,700518,,,,,historical_baseline,,fe33df9ae5456d8ee27133c42c244c81d150008ababc19399c7ed428638b57ea
4110,2019-02-06,2.37,2.37,2.35,2.35,816963,,,,,historical_baseline,,fe33df9ae5456d8ee27133c42c244c81d150008ababc19399c7ed428638b57ea
4110,2019-02-07,2.35,2.36,2.33,2.33,949207,,,,,historical_baseline,,fe33df9ae5456d8ee27133c42c244c81d150008ababc19399c7ed428638b57ea
4110,2019-02-10,2.33,2.34,2.33,2.33,241004,,,,,historical_baseline,,fe33df9ae5456d8ee27133c42c244c81d150008ababc19399c7ed428638b57ea
4110,2019-02-11,2.34,2.35,2.32,2.34,823486,,,,,historical_baseline,,fe33df9ae5456d8ee27133c42c244c81d150008ababc19399c7ed428638b57ea
4110,2019-02-12,2.34,2.35,2.34,2.34,433595,,,,,historical_baseline,,fe33df9ae5456d8ee27133c42c244c81d150008ababc19399c7ed428638b57ea
4110,2019-02-13,2.35,2.35,2.34,2.34,319314,,,,,historical_baseline,,fe33df9ae5456d8ee27133c42c244c81d150008ababc19399c7ed428638b57ea
4110,2019-02-14,2.34,2.34,2.33,2.34,226701,,,,,historical_baseline,,fe33df9ae5456d8ee27133c42c244c81d150008ababc19399c7ed428638b57ea
4110,2019-02-17,2.33,2.33,2.32,2.32,383383,,,,,historical_baseline,,fe33df9ae5456d8ee27133c42c244c81d150008ababc19399c7ed428638b57ea
4110,2019-02-18,2.32,2.33,2.32,2.33,603705,,,,,historical_baseline,,fe33df9ae5456d8ee27133c42c244c81d150008ababc19399c7ed428638b57ea
4110,2019-02-19,2.32,2.34,2.29,2.29,1205852,,,,,historical_baseline,,fe33df9ae5456d8ee27133c42c244c81d150008ababc19399c7ed428638b57ea
4110,2019-02-20,2.3,2.32,2.29,2.29,824298,,,,,historical_baseline,,fe33df9ae5456d8ee27133c42c244c81d150008ababc19399c7ed428638b57ea
4110,2019-02-21,2.29,2.29,2.26,2.29,1061277,,,,,historical_baseline,,fe33df9ae5456d8ee27133c42c244c81d150008ababc19399c7ed428638b57ea
4110,2019-02-24,2.29,2.29,2.28,2.28,281511,,,,,historical_baseline,,fe33df9ae5456d8ee27133c42c244c81d150008ababc19399c7ed428638b57ea
4110,2019-02-25,2.27,2.27,2.24,2.25,330610,,,,,historical_baseline,,fe33df9ae5456d8ee27133c42c244c81d150008ababc19399c7ed428638b57ea
4110,2019-02-26,2.24,2.29,2.24,2.28,738288,,,,,historical_baseline,,fe33df9ae5456d8ee27133c42c244c81d150008ababc19399c7ed428638b57ea
4110,2019-02-27,2.28,2.28,2.25,2.26,351722,,,,,historical_baseline,,fe33df9ae5456d8ee27133c42c244c81d150008ababc19399c7ed428638b57ea
4110,2019-02-28,2.25,2.27,2.24,2.25,418560,,,,,historical_baseline,,fe33df9ae5456d8ee27133c42c244c81d150008ababc19399c7ed428638b57ea
4130,2019-02-03,1.97,2.0,1.97,1.98,27690472,,,,,historical_baseline,,fe33df9ae5456d8ee27133c42c244c81d150008ababc19399c7ed428638b57ea
4130,2019-02-04,1.98,1.98,1.93,1.96,16640581,,,,,historical_baseline,,fe33df9ae5456d8ee27133c42c244c81d150008ababc19399c7ed428638b57ea
4130,2019-02-05,1.95,1.97,1.95,1.96,14815497,,,,,historical_baseline,,fe33df9ae5456d8ee27133c42c244c81d150008ababc19399c7ed428638b57ea
4130,2019-02-06,1.96,1.97,1.95,1.95,20416796,,,,,historical_baseline,,fe33df9ae5456d8ee27133c42c244c81d150008ababc19399c7ed428638b57ea
4130,2019-02-07,1.94,1.96,1.93,1.94,14199505,,,,,historical_baseline,,fe33df9ae5456d8ee27133c42c244c81d150008ababc19399c7ed428638b57ea
4130,2019-02-10,1.94,1.94,1.93,1.93,17669608,,,,,historical_baseline,,fe33df9ae5456d8ee27133c42c244c81d150008ababc19399c7ed428638b57ea
4130,2019-02-11,1.93,1.97,1.92,1.94,32587980,,,,,historical_baseline,,fe33df9ae5456d8ee27133c42c244c81d150008ababc19399c7ed428638b57ea
4130,2019-02-12,1.96,1.96,1.93,1.95,9984991,,,,,historical_baseline,,fe33df9ae5456d8ee27133c42c244c81d150008ababc19399c7ed428638b57ea
4130,2019-02-13,1.93,1.95,1.93,1.94,10462374,,,,,historical_baseline,,fe33df9ae5456d8ee27133c42c244c81d150008ababc19399c7ed428638b57ea
4130,2019-02-14,1.94,1.95,1.93,1.94,13662378,,,,,historical_baseline,,fe33df9ae5456d8ee27133c42c244c81d150008ababc19399c7ed428638b57ea
4130,2019-02-17,1.94,1.94,1.93,1.93,8824893,,,,,historical_baseline,,fe33df9ae5456d8ee27133c42c244c81d150008ababc19399c7ed428638b57ea
4130,2019-02-18,1.94,1.94,1.92,1.92,6121535,,,,,historical_baseline,,fe33df9ae5456d8ee27133c42c244c81d150008ababc19399c7ed428638b57ea
4130,2019-02-19,1.9,1.91,1.88,1.88,10546405,,,,,historical_baseline,,fe33df9ae5456d8ee27133c42c244c81d150008ababc19399c7ed428638b57ea
4130,2019-02-20,1.89,1.96,1.89,1.93,71725744,,,,,historical_baseline,,fe33df9ae5456d8ee27133c42c244c81d150008ababc19399c7ed428638b57ea
4130,2019-02-21,1.95,1.95,1.91,1.91,37122005,,,,,historical_baseline,,fe33df9ae5456d8ee27133c42c244c81d150008ababc19399c7ed428638b57ea
4130,2019-02-24,1.89,1.92,1.88,1.88,18359161,,,,,historical_baseline,,fe33df9ae5456d8ee27133c42c244c81d150008ababc19399c7ed428638b57ea
4130,2019-02-25,1.88,1.88,1.85,1.85,12651498,,,,,historical_baseline,,fe33df9ae5456d8ee27133c42c244c81d150008ababc19399c7ed428638b57ea
4130,2019-02-26,1.86,2.03,1.86,2.03,219112436,,,,,historical_baseline,,fe33df9ae5456d8ee27133c42c244c81d150008ababc19399c7ed428638b57ea
4130,2019-02-27,2.04,2.11,1.99,2.0,334433478,,,,,historical_baseline,,fe33df9ae5456d8ee27133c42c244c81d150008ababc19399c7ed428638b57ea
4130,2019-02-28,2.0,2.08,1.97,2.03,174617787,,,,,historical_baseline,,fe33df9ae5456d8ee27133c42c244c81d150008ababc19399c7ed428638b57ea
4140,2019-02-03,33.82,33.82,33.15,33.15,621790,,,,,historical_baseline,,fe33df9ae5456d8ee27133c42c244c81d150008ababc19399c7ed428638b57ea
4140,2019-02-04,33.15,33.46,33.11,33.19,400383,,,,,historical_baseline,,fe33df9ae5456d8ee27133c42c244c81d150008ababc19399c7ed428638b57ea
4140,2019-02-05,33.19,33.66,33.19,33.38,605686,,,,,historical_baseline,,fe33df9ae5456d8ee27133c42c244c81d150008ababc19399c7ed428638b57ea
4140,2019-02-06,33.42,33.42,33.07,33.15,362385,,,,,historical_baseline,,fe33df9ae5456d8ee27133c42c244c81d150008ababc19399c7ed428638b57ea
4140,2019-02-07,33.38,34.18,33.31,33.38,1562464,,,,,historical_baseline,,fe33df9ae5456d8ee27133c42c244c81d150008ababc19399c7ed428638b57ea
4140,2019-02-10,33.54,33.54,33.03,33.11,475915,,,,,historical_baseline,,fe33df9ae5456d8ee27133c42c244c81d150008ababc19399c7ed428638b57ea
4140,2019-02-11,33.19,33.27,33.03,33.07,231667,,,,,historical_baseline,,fe33df9ae5456d8ee27133c42c244c81d150008ababc19399c7ed428638b57ea
4140,2019-02-12,33.07,33.46,32.99,33.19,495274,,,,,historical_baseline,,fe33df9ae5456d8ee27133c42c244c81d150008ababc19399c7ed428638b57ea
4140,2019-02-13,33.19,33.27,32.75,32.99,420049,,,,,historical_baseline,,fe33df9ae5456d8ee27133c42c244c81d150008ababc19399c7ed428638b57ea
4140,2019-02-14,32.99,33.19,32.79,32.87,584705,,,,,historical_baseline,,fe33df9ae5456d8ee27133c42c244c81d150008ababc19399c7ed428638b57ea
4140,2019-02-17,32.91,33.94,32.91,33.38,1809540,,,,,historical_baseline,,fe33df9ae5456d8ee27133c42c244c81d150008ababc19399c7ed428638b57ea
4140,2019-02-18,33.5,33.62,32.99,33.23,650418,,,,,historical_baseline,,fe33df9ae5456d8ee27133c42c244c81d150008ababc19399c7ed428638b57ea
4140,2019-02-19,33.19,33.19,32.95,32.99,304916,,,,,historical_baseline,,fe33df9ae5456d8ee27133c42c244c81d150008ababc19399c7ed428638b57ea
4140,2019-02-20,32.99,33.27,32.99,33.03,293355,,,,,historical_baseline,,fe33df9ae5456d8ee27133c42c244c81d150008ababc19399c7ed428638b57ea
4140,2019-02-21,33.03,33.31,32.87,32.95,504621,,,,,historical_baseline,,fe33df9ae5456d8ee27133c42c244c81d150008ababc19399c7ed428638b57ea
4140,2019-02-24,32.99,33.07,32.83,33.07,251683,,,,,historical_baseline,,fe33df9ae5456d8ee27133c42c244c81d150008ababc19399c7ed428638b57ea
4140,2019-02-25,33.15,33.34,32.91,32.99,443698,,,,,historical_baseline,,fe33df9ae5456d8ee27133c42c244c81d150008ababc19399c7ed428638b57ea
4140,2019-02-26,33.03,33.19,32.87,32.99,326173,,,,,historical_baseline,,fe33df9ae5456d8ee27133c42c244c81d150008ababc19399c7ed428638b57ea
4140,2019-02-27,33.15,33.15,32.59,32.75,444506,,,,,historical_baseline,,fe33df9ae5456d8ee27133c42c244c81d150008ababc19399c7ed428638b57ea
4140,2019-02-28,32.91,33.54,32.75,32.75,1127166,,,,,historical_baseline,,fe33df9ae5456d8ee27133c42c244c81d150008ababc19399c7ed428638b57ea
4150,2019-02-03,13.74,13.82,13.52,13.82,112183,,,,,historical_baseline,,fe33df9ae5456d8ee27133c42c244c81d150008ababc19399c7ed428638b57ea
4150,2019-02-04,13.59,13.82,13.59,13.79,92643,,,,,historical_baseline,,fe33df9ae5456d8ee27133c42c244c81d150008ababc19399c7ed428638b57ea
4150,2019-02-05,13.71,13.77,13.65,13.73,135737,,,,,historical_baseline,,fe33df9ae5456d8ee27133c42c244c81d150008ababc19399c7ed428638b57ea
4150,2019-02-06,13.7,13.71,13.65,13.65,87389,,,,,historical_baseline,,fe33df9ae5456d8ee27133c42c244c81d150008ababc19399c7ed428638b57ea
4150,2019-02-07,13.61,13.65,13.58,13.65,113061,,,,,historical_baseline,,fe33df9ae5456d8ee27133c42c244c81d150008ababc19399c7ed428638b57ea
4150,2019-02-10,13.7,13.7,13.59,13.59,15853,,,,,historical_baseline,,fe33df9ae5456d8ee27133c42c244c81d150008ababc19399c7ed428638b57ea
4150,2019-02-11,13.65,13.77,13.65,13.67,143705,,,,,historical_baseline,,fe33df9ae5456d8ee27133c42c244c81d150008ababc19399c7ed428638b57ea
4150,2019-02-12,13.7,13.89,13.7,13.77,164909,,,,,historical_baseline,,fe33df9ae5456d8ee27133c42c244c81d150008ababc19399c7ed428638b57ea
4150,2019-02-13,13.76,14.45,13.76,14.07,437629,,,,,historical_baseline,,fe33df9ae5456d8ee27133c42c244c81d150008ababc19399c7ed428638b57ea
4150,2019-02-14,14.18,14.25,13.94,14.04,172193,,,,,historical_baseline,,fe33df9ae5456d8ee27133c42c244c81d150008ababc19399c7ed428638b57ea
4150,2019-02-17,13.95,14.04,13.88,13.95,95945,,,,,historical_baseline,,fe33df9ae5456d8ee27133c42c244c81d150008ababc19399c7ed428638b57ea
4150,2019-02-18,13.88,14.18,13.88,14.16,167007,,,,,historical_baseline,,fe33df9ae5456d8ee27133c42c244c81d150008ababc19399c7ed428638b57ea
4150,2019-02-19,14.12,14.12,13.88,14.12,123967,,,,,historical_baseline,,fe33df9ae5456d8ee27133c42c244c81d150008ababc19399c7ed428638b57ea
4150,2019-02-20,14.12,14.24,14.12,14.24,170258,,,,,historical_baseline,,fe33df9ae5456d8ee27133c42c244c81d150008ababc19399c7ed428638b57ea
4150,2019-02-21,14.25,14.31,14.12,14.25,161922,,,,,historical_baseline,,fe33df9ae5456d8ee27133c42c244c81d150008ababc19399c7ed428638b57ea
4150,2019-02-24,14.78,15.66,14.78,15.42,5771957,,,,,historical_baseline,,fe33df9ae5456d8ee27133c42c244c81d150008ababc19399c7ed428638b57ea
4150,2019-02-25,15.47,15.5,14.94,15.03,2512511,,,,,historical_baseline,,fe33df9ae5456d8ee27133c42c244c81d150008ababc19399c7ed428638b57ea
4150,2019-02-26,15.08,15.08,14.82,14.85,1441559,,,,,historical_baseline,,fe33df9ae5456d8ee27133c42c244c81d150008ababc19399c7ed428638b57ea
4150,2019-02-27,14.87,15.05,14.78,15.03,859189,,,,,historical_baseline,,fe33df9ae5456d8ee27133c42c244c81d150008ababc19399c7ed428638b57ea
4150,2019-02-28,15.02,15.14,14.97,15.05,686058,,,,,historical_baseline,,fe33df9ae5456d8ee27133c42c244c81d150008ababc19399c7ed428638b57ea
4160,2019-02-03,65.97,66.1,65.59,65.72,102832,,,,,historical_baseline,,fe33df9ae5456d8ee27133c42c244c81d150008ababc19399c7ed428638b57ea
4160,2019-02-04,65.84,66.48,65.84,65.97,167517,,,,,historical_baseline,,fe33df9ae5456d8ee27133c42c244c81d150008ababc19399c7ed428638b57ea
4160,2019-02-05,65.97,66.48,65.72,66.23,154277,,,,,historical_baseline,,fe33df9ae5456d8ee27133c42c244c81d150008ababc19399c7ed428638b57ea
4160,2019-02-06,66.35,66.35,64.95,65.21,328338,,,,,historical_baseline,,fe33df9ae5456d8ee27133c42c244c81d150008ababc19399c7ed428638b57ea
4160,2019-02-07,65.21,66.48,65.08,65.72,354886,,,,,historical_baseline,,fe33df9ae5456d8ee27133c42c244c81d150008ababc19399c7ed428638b57ea
4160,2019-02-10,65.46,65.59,64.44,64.44,217372,,,,,historical_baseline,,fe33df9ae5456d8ee27133c42c244c81d150008ababc19399c7ed428638b57ea
4160,2019-02-11,64.44,65.84,64.44,65.33,413403,,,,,historical_baseline,,fe33df9ae5456d8ee27133c42c244c81d150008ababc19399c7ed428638b57ea
4160,2019-02-12,65.46,66.35,64.95,65.59,388279,,,,,historical_baseline,,fe33df9ae5456d8ee27133c42c244c81d150008ababc19399c7ed428638b57ea
4160,2019-02-13,65.33,66.23,64.82,64.82,197519,,,,,historical_baseline,,fe33df9ae5456d8ee27133c42c244c81d150008ababc19399c7ed428638b57ea
4160,2019-02-14,64.82,65.21,64.19,64.19,172184,,,,,historical_baseline,,fe33df9ae5456d8ee27133c42c244c81d150008ababc19399c7ed428638b57ea
4160,2019-02-17,64.44,64.95,62.91,63.17,411628,,,,,historical_baseline,,fe33df9ae5456d8ee27133c42c244c81d150008ababc19399c7ed428638b57ea
4160,2019-02-18,62.71,63.37,62.15,62.15,144896,,,,,historical_baseline,,fe33df9ae5456d8ee27133c42c244c81d150008ababc19399c7ed428638b57ea
4160,2019-02-19,62.15,63.32,61.95,62.81,429641,,,,,historical_baseline,,fe33df9ae5456d8ee27133c42c244c81d150008ababc19399c7ed428638b57ea
4160,2019-02-20,62.91,62.91,62.0,62.25,240997,,,,,historical_baseline,,fe33df9ae5456d8ee27133c42c244c81d150008ababc19399c7ed428638b57ea
4160,2019-02-21,62.1,62.15,61.69,61.79,97769,,,,,historical_baseline,,fe33df9ae5456d8ee27133c42c244c81d150008ababc19399c7ed428638b57ea
4160,2019-02-24,62.4,62.4,61.64,61.64,138047,,,,,historical_baseline,,fe33df9ae5456d8ee27133c42c244c81d150008ababc19399c7ed428638b57ea
4160,2019-02-25,61.74,61.74,60.62,60.62,197641,,,,,historical_baseline,,fe33df9ae5456d8ee27133c42c244c81d150008ababc19399c7ed428638b57ea
4160,2019-02-26,60.98,62.35,60.98,61.64,412053,,,,,historical_baseline,,fe33df9ae5456d8ee27133c42c244c81d150008ababc19399c7ed428638b57ea
4160,2019-02-27,61.64,62.66,61.44,61.9,403839,,,,,historical_baseline,,fe33df9ae5456d8ee27133c42c244c81d150008ababc19399c7ed428638b57ea
4160,2019-02-28,61.95,62.2,61.13,61.13,168602,,,,,historical_baseline,,fe33df9ae5456d8ee27133c42c244c81d150008ababc19399c7ed428638b57ea
4170,2019-02-03,9.05,9.05,8.96,8.99,4500822,,,,,historical_baseline,,fe33df9ae5456d8ee27133c42c244c81d150008ababc19399c7ed428638b57ea
4170,2019-02-04,9.06,9.06,8.93,8.93,5279601,,,,,historical_baseline,,fe33df9ae5456d8ee27133c42c244c81d150008ababc19399c7ed428638b57ea
4170,2019-02-05,8.9,9.08,8.87,9.06,8602010,,,,,historical_baseline,,fe33df9ae5456d8ee27133c42c244c81d150008ababc19399c7ed428638b57ea
4170,2019-02-06,9.02,9.06,8.98,8.98,5163074,,,,,historical_baseline,,fe33df9ae5456d8ee27133c42c244c81d150008ababc19399c7ed428638b57ea
4170,2019-02-07,8.99,9.08,8.95,8.99,6105899,,,,,historical_baseline,,fe33df9ae5456d8ee27133c42c244c81d150008ababc19399c7ed428638b57ea
4170,2019-02-10,8.99,9.09,8.98,8.99,4186881,,,,,historical_baseline,,fe33df9ae5456d8ee27133c42c244c81d150008ababc19399c7ed428638b57ea
4170,2019-02-11,9.06,9.37,9.06,9.27,50789034,,,,,historical_baseline,,fe33df9ae5456d8ee27133c42c244c81d150008ababc19399c7ed428638b57ea
4170,2019-02-12,9.31,9.56,9.25,9.4,39685240,,,,,historical_baseline,,fe33df9ae5456d8ee27133c42c244c81d150008ababc19399c7ed428638b57ea
4170,2019-02-13,9.43,9.56,9.34,9.35,17271694,,,,,historical_baseline,,fe33df9ae5456d8ee27133c42c244c81d150008ababc19399c7ed428638b57ea
4170,2019-02-14,9.29,9.43,9.29,9.43,9322059,,,,,historical_baseline,,fe33df9ae5456d8ee27133c42c244c81d150008ababc19399c7ed428638b57ea
4170,2019-02-17,9.54,9.54,9.34,9.37,11276782,,,,,historical_baseline,,fe33df9ae5456d8ee27133c42c244c81d150008ababc19399c7ed428638b57ea
4170,2019-02-18,9.31,9.35,9.14,9.15,8128295,,,,,historical_baseline,,fe33df9ae5456d8ee27133c42c244c81d150008ababc19399c7ed428638b57ea
4170,2019-02-19,9.16,9.19,9.05,9.19,5007238,,,,,historical_baseline,,fe33df9ae5456d8ee27133c42c244c81d150008ababc19399c7ed428638b57ea
4170,2019-02-20,9.19,9.22,9.16,9.21,1354671,,,,,historical_baseline,,fe33df9ae5456d8ee27133c42c244c81d150008ababc19399c7ed428638b57ea
4170,2019-02-21,9.19,9.22,9.12,9.18,2182570,,,,,historical_baseline,,fe33df9ae5456d8ee27133c42c244c81d150008ababc19399c7ed428638b57ea
4170,2019-02-24,9.28,9.4,9.25,9.29,7843386,,,,,historical_baseline,,fe33df9ae5456d8ee27133c42c244c81d150008ababc19399c7ed428638b57ea
4170,2019-02-25,9.28,9.28,9.14,9.21,3879680,,,,,historical_baseline,,fe33df9ae5456d8ee27133c42c244c81d150008ababc19399c7ed428638b57ea
4170,2019-02-26,9.16,9.35,9.16,9.35,4739147,,,,,historical_baseline,,fe33df9ae5456d8ee27133c42c244c81d150008ababc19399c7ed428638b57ea
4170,2019-02-27,9.34,9.38,9.21,9.21,10212359,,,,,historical_baseline,,fe33df9ae5456d8ee27133c42c244c81d150008ababc19399c7ed428638b57ea
4170,2019-02-28,9.22,9.29,9.16,9.16,5901743,,,,,historical_baseline,,fe33df9ae5456d8ee27133c42c244c81d150008ababc19399c7ed428638b57ea
4180,2019-02-03,2.22,2.22,2.21,2.21,396200,,,,,historical_baseline,,fe33df9ae5456d8ee27133c42c244c81d150008ababc19399c7ed428638b57ea
4180,2019-02-04,2.22,2.22,2.2,2.2,601435,,,,,historical_baseline,,fe33df9ae5456d8ee27133c42c244c81d150008ababc19399c7ed428638b57ea
4180,2019-02-05,2.2,2.2,2.2,2.2,140785,,,,,historical_baseline,,fe33df9ae5456d8ee27133c42c244c81d150008ababc19399c7ed428638b57ea
4180,2019-02-06,2.21,2.27,2.21,2.26,2996575,,,,,historical_baseline,,fe33df9ae5456d8ee27133c42c244c81d150008ababc19399c7ed428638b57ea
4180,2019-02-07,2.28,2.29,2.22,2.22,1467140,,,,,historical_baseline,,fe33df9ae5456d8ee27133c42c244c81d150008ababc19399c7ed428638b57ea
4180,2019-02-10,2.22,2.22,2.2,2.21,1474825,,,,,historical_baseline,,fe33df9ae5456d8ee27133c42c244c81d150008ababc19399c7ed428638b57ea
4180,2019-02-11,2.21,2.24,2.2,2.23,730730,,,,,historical_baseline,,fe33df9ae5456d8ee27133c42c244c81d150008ababc19399c7ed428638b57ea
4180,2019-02-12,2.24,2.24,2.21,2.22,969295,,,,,historical_baseline,,fe33df9ae5456d8ee27133c42c244c81d150008ababc19399c7ed428638b57ea
4180,2019-02-13,2.22,2.22,2.2,2.21,884860,,,,,historical_baseline,,fe33df9ae5456d8ee27133c42c244c81d150008ababc19399c7ed428638b57ea
4180,2019-02-14,2.2,2.2,2.2,2.2,178245,,,,,historical_baseline,,fe33df9ae5456d8ee27133c42c244c81d150008ababc19399c7ed428638b57ea
4180,2019-02-17,2.21,2.21,2.2,2.2,434670,,,,,historical_baseline,,fe33df9ae5456d8ee27133c42c244c81d150008ababc19399c7ed428638b57ea
4180,2019-02-18,2.2,2.21,2.2,2.2,390185,,,,,historical_baseline,,fe33df9ae5456d8ee27133c42c244c81d150008ababc19399c7ed428638b57ea
4180,2019-02-19,2.19,2.19,2.18,2.19,271820,,,,,historical_baseline,,fe33df9ae5456d8ee27133c42c244c81d150008ababc19399c7ed428638b57ea
4180,2019-02-20,2.18,2.21,2.18,2.19,268410,,,,,historical_baseline,,fe33df9ae5456d8ee27133c42c244c81d150008ababc19399c7ed428638b57ea
4180,2019-02-21,2.18,2.2,2.18,2.18,369375,,,,,historical_baseline,,fe33df9ae5456d8ee27133c42c244c81d150008ababc19399c7ed428638b57ea
4180,2019-02-24,2.18,2.19,2.18,2.19,149935,,,,,historical_baseline,,fe33df9ae5456d8ee27133c42c244c81d150008ababc19399c7ed428638b57ea
4180,2019-02-25,2.18,2.18,2.17,2.18,219570,,,,,historical_baseline,,fe33df9ae5456d8ee27133c42c244c81d150008ababc19399c7ed428638b57ea
4180,2019-02-26,2.18,2.18,2.18,2.18,89495,,,,,historical_baseline,,fe33df9ae5456d8ee27133c42c244c81d150008ababc19399c7ed428638b57ea
4180,2019-02-27,2.18,2.18,2.17,2.18,226065,,,,,historical_baseline,,fe33df9ae5456d8ee27133c42c244c81d150008ababc19399c7ed428638b57ea
4180,2019-02-28,2.18,2.18,2.18,2.18,93770,,,,,historical_baseline,,fe33df9ae5456d8ee27133c42c244c81d150008ababc19399c7ed428638b57ea
4190,2019-02-03,15.28,15.3,15.18,15.2,974050,,,,,historical_baseline,,fe33df9ae5456d8ee27133c42c244c81d150008ababc19399c7ed428638b57ea
4190,2019-02-04,15.22,15.24,15.14,15.14,688360,,,,,historical_baseline,,fe33df9ae5456d8ee27133c42c244c81d150008ababc19399c7ed428638b57ea
4190,2019-02-05,15.12,15.3,15.1,15.3,1096160,,,,,historical_baseline,,fe33df9ae5456d8ee27133c42c244c81d150008ababc19399c7ed428638b57ea
4190,2019-02-06,15.3,15.36,15.24,15.32,1890530,,,,,historical_baseline,,fe33df9ae5456d8ee27133c42c244c81d150008ababc19399c7ed428638b57ea
4190,2019-02-07,15.32,15.32,15.16,15.16,1245150,,,,,historical_baseline,,fe33df9ae5456d8ee27133c42c244c81d150008ababc19399c7ed428638b57ea
4190,2019-02-10,15.2,15.2,14.94,14.96,984210,,,,,historical_baseline,,fe33df9ae5456d8ee27133c42c244c81d150008ababc19399c7ed428638b57ea
4190,2019-02-11,15.08,15.08,14.82,14.98,1282050,,,,,historical_baseline,,fe33df9ae5456d8ee27133c42c244c81d150008ababc19399c7ed428638b57ea
4190,2019-02-12,14.96,15.0,14.9,15.0,1229790,,,,,historical_baseline,,fe33df9ae5456d8ee27133c42c244c81d150008ababc19399c7ed428638b57ea
4190,2019-02-13,15.0,15.04,14.94,14.98,952910,,,,,historical_baseline,,fe33df9ae5456d8ee27133c42c244c81d150008ababc19399c7ed428638b57ea
4190,2019-02-14,14.98,15.1,14.9,15.1,1043980,,,,,historical_baseline,,fe33df9ae5456d8ee27133c42c244c81d150008ababc19399c7ed428638b57ea
4190,2019-02-17,15.14,15.14,14.9,14.92,1259620,,,,,historical_baseline,,fe33df9ae5456d8ee27133c42c244c81d150008ababc19399c7ed428638b57ea
4190,2019-02-18,14.98,15.0,14.8,14.9,1350960,,,,,historical_baseline,,fe33df9ae5456d8ee27133c42c244c81d150008ababc19399c7ed428638b57ea
4190,2019-02-19,14.9,14.9,14.7,14.8,1258350,,,,,historical_baseline,,fe33df9ae5456d8ee27133c42c244c81d150008ababc19399c7ed428638b57ea
4190,2019-02-20,14.8,14.8,14.7,14.8,1113680,,,,,historical_baseline,,fe33df9ae5456d8ee27133c42c244c81d150008ababc19399c7ed428638b57ea
4190,2019-02-21,14.8,14.8,14.68,14.68,1093620,,,,,historical_baseline,,fe33df9ae5456d8ee27133c42c244c81d150008ababc19399c7ed428638b57ea
4190,2019-02-24,14.7,14.74,14.64,14.72,1524540,,,,,historical_baseline,,fe33df9ae5456d8ee27133c42c244c81d150008ababc19399c7ed428638b57ea
4190,2019-02-25,14.7,14.7,14.56,14.7,740230,,,,,historical_baseline,,fe33df9ae5456d8ee27133c42c244c81d150008ababc19399c7ed428638b57ea
4190,2019-02-26,14.66,14.66,14.46,14.6,2022950,,,,,historical_baseline,,fe33df9ae5456d8ee27133c42c244c81d150008ababc19399c7ed428638b57ea
4190,2019-02-27,14.6,14.66,14.5,14.66,929300,,,,,historical_baseline,,fe33df9ae5456d8ee27133c42c244c81d150008ababc19399c7ed428638b57ea
4190,2019-02-28,14.58,14.84,14.48,14.8,3369340,,,,,historical_baseline,,fe33df9ae5456d8ee27133c42c244c81d150008ababc19399c7ed428638b57ea
4200,2019-02-03,23.3,23.33,23.17,23.3,125740,,,,,historical_baseline,,fe33df9ae5456d8ee27133c42c244c81d150008ababc19399c7ed428638b57ea
4200,2019-02-04,23.27,23.3,22.93,23.07,185565,,,,,historical_baseline,,fe33df9ae5456d8ee27133c42c244c81d150008ababc19399c7ed428638b57ea
4200,2019-02-05,23.07,23.07,22.63,22.73,857419,,,,,historical_baseline,,fe33df9ae5456d8ee27133c42c244c81d150008ababc19399c7ed428638b57ea
4200,2019-02-06,23.07,23.07,22.67,22.87,510448,,,,,historical_baseline,,fe33df9ae5456d8ee27133c42c244c81d150008ababc19399c7ed428638b57ea
4200,2019-02-07,22.77,22.9,22.6,22.7,354031,,,,,historical_baseline,,fe33df9ae5456d8ee27133c42c244c81d150008ababc19399c7ed428638b57ea
4200,2019-02-10,22.73,22.8,22.53,22.63,184182,,,,,historical_baseline,,fe33df9ae5456d8ee27133c42c244c81d150008ababc19399c7ed428638b57ea
4200,2019-02-11,22.6,22.6,22.5,22.57,219072,,,,,historical_baseline,,fe33df9ae5456d8ee27133c42c244c81d150008ababc19399c7ed428638b57ea
4200,2019-02-12,22.53,22.57,22.2,22.27,364336,,,,,historical_baseline,,fe33df9ae5456d8ee27133c42c244c81d150008ababc19399c7ed428638b57ea
4200,2019-02-13,22.37,22.63,22.33,22.4,287226,,,,,historical_baseline,,fe33df9ae5456d8ee27133c42c244c81d150008ababc19399c7ed428638b57ea
4200,2019-02-14,22.4,22.5,22.2,22.4,261942,,,,,historical_baseline,,fe33df9ae5456d8ee27133c42c244c81d150008ababc19399c7ed428638b57ea
4200,2019-02-17,22.47,22.57,22.3,22.47,623836,,,,,historical_baseline,,fe33df9ae5456d8ee27133c42c244c81d150008ababc19399c7ed428638b57ea
4200,2019-02-18,22.53,22.83,22.53,22.63,636060,,,,,historical_baseline,,fe33df9ae5456d8ee27133c42c244c81d150008ababc19399c7ed428638b57ea
4200,2019-02-19,22.53,22.73,22.5,22.53,214942,,,,,historical_baseline,,fe33df9ae5456d8ee27133c42c244c81d150008ababc19399c7ed428638b57ea
4200,2019-02-20,22.6,22.67,22.5,22.53,261874,,,,,historical_baseline,,fe33df9ae5456d8ee27133c42c244c81d150008ababc19399c7ed428638b57ea
4200,2019-02-21,22.53,22.6,22.4,22.5,145734,,,,,historical_baseline,,fe33df9ae5456d8ee27133c42c244c81d150008ababc19399c7ed428638b57ea
4200,2019-02-24,22.53,22.53,22.27,22.3,248556,,,,,historical_baseline,,fe33df9ae5456d8ee27133c42c244c81d150008ababc19399c7ed428638b57ea
4200,2019-02-25,22.33,22.33,21.97,22.07,293458,,,,,historical_baseline,,fe33df9ae5456d8ee27133c42c244c81d150008ababc19399c7ed428638b57ea
4200,2019-02-26,22.0,22.23,21.83,22.23,317364,,,,,historical_baseline,,fe33df9ae5456d8ee27133c42c244c81d150008ababc19399c7ed428638b57ea
4200,2019-02-27,22.2,22.2,21.87,22.13,106737,,,,,historical_baseline,,fe33df9ae5456d8ee27133c42c244c81d150008ababc19399c7ed428638b57ea
4200,2019-02-28,22.2,22.23,21.97,22.0,175636,,,,,historical_baseline,,fe33df9ae5456d8ee27133c42c244c81d150008ababc19399c7ed428638b57ea
4210,2019-02-03,85.7,88.4,85.7,86.4,122003,,,,,historical_baseline,,fe33df9ae5456d8ee27133c42c244c81d150008ababc19399c7ed428638b57ea
4210,2019-02-04,86.5,86.7,86.0,86.6,62954,,,,,historical_baseline,,fe33df9ae5456d8ee27133c42c244c81d150008ababc19399c7ed428638b57ea
4210,2019-02-05,86.5,86.5,85.2,86.3,52319,,,,,historical_baseline,,fe33df9ae5456d8ee27133c42c244c81d150008ababc19399c7ed428638b57ea
4210,2019-02-06,85.8,86.3,84.7,84.8,106387,,,,,historical_baseline,,fe33df9ae5456d8ee27133c42c244c81d150008ababc19399c7ed428638b57ea
4210,2019-02-07,84.7,85.2,84.7,85.0,67382,,,,,historical_baseline,,fe33df9ae5456d8ee27133c42c244c81d150008ababc19399c7ed428638b57ea
4210,2019-02-10,85.5,85.6,84.5,85.5,52564,,,,,historical_baseline,,fe33df9ae5456d8ee27133c42c244c81d150008ababc19399c7ed428638b57ea
4210,2019-02-11,85.6,85.9,84.0,84.4,133810,,,,,historical_baseline,,fe33df9ae5456d8ee27133c42c244c81d150008ababc19399c7ed428638b57ea
4210,2019-02-12,84.9,84.9,83.9,84.0,80117,,,,,historical_baseline,,fe33df9ae5456d8ee27133c42c244c81d150008ababc19399c7ed428638b57ea
4210,2019-02-13,84.2,84.2,83.7,83.8,53409,,,,,historical_baseline,,fe33df9ae5456d8ee27133c42c244c81d150008ababc19399c7ed428638b57ea
4210,2019-02-14,83.9,83.9,83.5,83.8,20652,,,,,historical_baseline,,fe33df9ae5456d8ee27133c42c244c81d150008ababc19399c7ed428638b57ea
4210,2019-02-17,83.6,83.8,83.4,83.5,38476,,,,,historical_baseline,,fe33df9ae5456d8ee27133c42c244c81d150008ababc19399c7ed428638b57ea
4210,2019-02-18,83.5,84.1,83.5,83.7,42600,,,,,historical_baseline,,fe33df9ae5456d8ee27133c42c244c81d150008ababc19399c7ed428638b57ea
4210,2019-02-19,84.0,84.0,83.3,83.4,24321,,,,,historical_baseline,,fe33df9ae5456d8ee27133c42c244c81d150008ababc19399c7ed428638b57ea
4210,2019-02-20,83.0,83.8,83.0,83.8,23296,,,,,historical_baseline,,fe33df9ae5456d8ee27133c42c244c81d150008ababc19399c7ed428638b57ea
4210,2019-02-21,83.8,83.8,83.2,83.2,27545,,,,,historical_baseline,,fe33df9ae5456d8ee27133c42c244c81d150008ababc19399c7ed428638b57ea
4210,2019-02-24,83.2,83.4,82.8,83.1,37817,,,,,historical_baseline,,fe33df9ae5456d8ee27133c42c244c81d150008ababc19399c7ed428638b57ea
4210,2019-02-25,82.8,83.0,82.6,83.0,25510,,,,,historical_baseline,,fe33df9ae5456d8ee27133c42c244c81d150008ababc19399c7ed428638b57ea
4210,2019-02-26,82.9,84.5,82.7,83.2,113409,,,,,historical_baseline,,fe33df9ae5456d8ee27133c42c244c81d150008ababc19399c7ed428638b57ea
4210,2019-02-27,83.5,83.5,82.4,82.7,83222,,,,,historical_baseline,,fe33df9ae5456d8ee27133c42c244c81d150008ababc19399c7ed428638b57ea
4210,2019-02-28,82.6,82.6,82.0,82.5,31451,,,,,historical_baseline,,fe33df9ae5456d8ee27133c42c244c81d150008ababc19399c7ed428638b57ea
4220,2019-02-03,9.35,9.7,9.35,9.44,4257710,,,,,historical_baseline,,fe33df9ae5456d8ee27133c42c244c81d150008ababc19399c7ed428638b57ea
4220,2019-02-04,9.49,9.49,9.06,9.12,2269192,,,,,historical_baseline,,fe33df9ae5456d8ee27133c42c244c81d150008ababc19399c7ed428638b57ea
4220,2019-02-05,9.12,9.43,9.12,9.35,2369136,,,,,historical_baseline,,fe33df9ae5456d8ee27133c42c244c81d150008ababc19399c7ed428638b57ea
4220,2019-02-06,9.34,9.36,9.23,9.28,1082099,,,,,historical_baseline,,fe33df9ae5456d8ee27133c42c244c81d150008ababc19399c7ed428638b57ea
4220,2019-02-07,9.3,9.3,9.17,9.29,669617,,,,,historical_baseline,,fe33df9ae5456d8ee27133c42c244c81d150008ababc19399c7ed428638b57ea
4220,2019-02-10,9.3,9.35,9.28,9.35,913966,,,,,historical_baseline,,fe33df9ae5456d8ee27133c42c244c81d150008ababc19399c7ed428638b57ea
4220,2019-02-11,9.4,9.88,9.4,9.74,9222927,,,,,historical_baseline,,fe33df9ae5456d8ee27133c42c244c81d150008ababc19399c7ed428638b57ea
4220,2019-02-12,9.74,10.46,9.7,10.0,11196570,,,,,historical_baseline,,fe33df9ae5456d8ee27133c42c244c81d150008ababc19399c7ed428638b57ea
4220,2019-02-13,10.06,10.26,9.96,10.0,4108430,,,,,historical_baseline,,fe33df9ae5456d8ee27133c42c244c81d150008ababc19399c7ed428638b57ea
4220,2019-02-14,9.98,10.1,9.79,9.99,2826188,,,,,historical_baseline,,fe33df9ae5456d8ee27133c42c244c81d150008ababc19399c7ed428638b57ea
4220,2019-02-17,10.0,10.0,9.84,9.84,1309317,,,,,historical_baseline,,fe33df9ae5456d8ee27133c42c244c81d150008ababc19399c7ed428638b57ea
4220,2019-02-18,9.84,9.86,9.6,9.62,3157538,,,,,historical_baseline,,fe33df9ae5456d8ee27133c42c244c81d150008ababc19399c7ed428638b57ea
4220,2019-02-19,9.56,9.73,9.52,9.6,2446321,,,,,historical_baseline,,fe33df9ae5456d8ee27133c42c244c81d150008ababc19399c7ed428638b57ea
4220,2019-02-20,9.55,9.66,9.55,9.65,947735,,,,,historical_baseline,,fe33df9ae5456d8ee27133c42c244c81d150008ababc19399c7ed428638b57ea
4220,2019-02-21,9.63,9.92,9.62,9.91,2613450,,,,,historical_baseline,,fe33df9ae5456d8ee27133c42c244c81d150008ababc19399c7ed428638b57ea
4220,2019-02-24,9.94,10.04,9.9,9.93,2364644,,,,,historical_baseline,,fe33df9ae5456d8ee27133c42c244c81d150008ababc19399c7ed428638b57ea
4220,2019-02-25,9.93,9.93,9.68,9.68,2969121,,,,,historical_baseline,,fe33df9ae5456d8ee27133c42c244c81d150008ababc19399c7ed428638b57ea
4220,2019-02-26,9.68,9.72,9.6,9.7,1048419,,,,,historical_baseline,,fe33df9ae5456d8ee27133c42c244c81d150008ababc19399c7ed428638b57ea
4220,2019-02-27,9.7,9.7,9.53,9.7,1094661,,,,,historical_baseline,,fe33df9ae5456d8ee27133c42c244c81d150008ababc19399c7ed428638b57ea
4220,2019-02-28,9.66,9.7,9.62,9.69,475704,,,,,historical_baseline,,fe33df9ae5456d8ee27133c42c244c81d150008ababc19399c7ed428638b57ea
4230,2019-02-03,32.5,33.73,31.55,31.71,653928,,,,,historical_baseline,,fe33df9ae5456d8ee27133c42c244c81d150008ababc19399c7ed428638b57ea
4230,2019-02-04,31.43,31.55,30.76,30.76,163005,,,,,historical_baseline,,fe33df9ae5456d8ee27133c42c244c81d150008ababc19399c7ed428638b57ea
4230,2019-02-05,30.84,31.47,30.76,31.47,94347,,,,,historical_baseline,,fe33df9ae5456d8ee27133c42c244c81d150008ababc19399c7ed428638b57ea
4230,2019-02-06,31.47,31.71,30.95,31.27,76557,,,,,historical_baseline,,fe33df9ae5456d8ee27133c42c244c81d150008ababc19399c7ed428638b57ea
4230,2019-02-07,30.99,30.99,30.76,30.8,34723,,,,,historical_baseline,,fe33df9ae5456d8ee27133c42c244c81d150008ababc19399c7ed428638b57ea
4230,2019-02-10,30.84,31.95,30.84,31.75,46147,,,,,historical_baseline,,fe33df9ae5456d8ee27133c42c244c81d150008ababc19399c7ed428638b57ea
4230,2019-02-11,31.79,31.79,31.27,31.27,64303,,,,,historical_baseline,,fe33df9ae5456d8ee27133c42c244c81d150008ababc19399c7ed428638b57ea
4230,2019-02-12,31.31,32.42,31.31,32.11,158474,,,,,historical_baseline,,fe33df9ae5456d8ee27133c42c244c81d150008ababc19399c7ed428638b57ea
4230,2019-02-13,32.14,32.14,31.71,31.71,23814,,,,,historical_baseline,,fe33df9ae5456d8ee27133c42c244c81d150008ababc19399c7ed428638b57ea
4230,2019-02-14,31.55,31.83,31.43,31.55,19101,,,,,historical_baseline,,fe33df9ae5456d8ee27133c42c244c81d150008ababc19399c7ed428638b57ea
4230,2019-02-17,31.55,31.55,31.23,31.39,14481,,,,,historical_baseline,,fe33df9ae5456d8ee27133c42c244c81d150008ababc19399c7ed428638b57ea
4230,2019-02-18,31.19,31.55,31.07,31.47,35170,,,,,historical_baseline,,fe33df9ae5456d8ee27133c42c244c81d150008ababc19399c7ed428638b57ea
4230,2019-02-19,31.23,31.31,31.07,31.27,17449,,,,,historical_baseline,,fe33df9ae5456d8ee27133c42c244c81d150008ababc19399c7ed428638b57ea
4230,2019-02-20,31.55,31.55,31.07,31.07,19616,,,,,historical_baseline,,fe33df9ae5456d8ee27133c42c244c81d150008ababc19399c7ed428638b57ea
4230,2019-02-21,31.31,31.31,30.4,30.4,41935,,,,,historical_baseline,,fe33df9ae5456d8ee27133c42c244c81d150008ababc19399c7ed428638b57ea
4230,2019-02-24,30.2,30.36,30.04,30.08,65121,,,,,historical_baseline,,fe33df9ae5456d8ee27133c42c244c81d150008ababc19399c7ed428638b57ea
4230,2019-02-25,30.04,30.04,29.8,29.84,25108,,,,,historical_baseline,,fe33df9ae5456d8ee27133c42c244c81d150008ababc19399c7ed428638b57ea
4230,2019-02-26,29.8,30.52,29.8,30.16,21804,,,,,historical_baseline,,fe33df9ae5456d8ee27133c42c244c81d150008ababc19399c7ed428638b57ea
4230,2019-02-27,30.36,30.99,30.16,30.76,55534,,,,,historical_baseline,,fe33df9ae5456d8ee27133c42c244c81d150008ababc19399c7ed428638b57ea
4230,2019-02-28,30.56,31.23,30.4,30.95,57830,,,,,historical_baseline,,fe33df9ae5456d8ee27133c42c244c81d150008ababc19399c7ed428638b57ea
4240,2019-02-03,38.79,38.98,38.43,38.79,212544,,,,,historical_baseline,,fe33df9ae5456d8ee27133c42c244c81d150008ababc19399c7ed428638b57ea
4240,2019-02-04,38.79,39.16,38.57,38.76,222942,,,,,historical_baseline,,fe33df9ae5456d8ee27133c42c244c81d150008ababc19399c7ed428638b57ea
4240,2019-02-05,38.79,39.85,38.43,39.85,507373,,,,,historical_baseline,,fe33df9ae5456d8ee27133c42c244c81d150008ababc19399c7ed428638b57ea
4240,2019-02-06,39.89,40.07,39.16,39.34,489726,,,,,historical_baseline,,fe33df9ae5456d8ee27133c42c244c81d150008ababc19399c7ed428638b57ea
4240,2019-02-07,39.42,39.49,38.94,39.42,186220,,,,,historical_baseline,,fe33df9ae5456d8ee27133c42c244c81d150008ababc19399c7ed428638b57ea
4240,2019-02-10,39.38,39.93,39.16,39.85,212542,,,,,historical_baseline,,fe33df9ae5456d8ee27133c42c244c81d150008ababc19399c7ed428638b57ea
4240,2019-02-11,39.38,39.71,39.34,39.53,182404,,,,,historical_baseline,,fe33df9ae5456d8ee27133c42c244c81d150008ababc19399c7ed428638b57ea
4240,2019-02-12,40.04,40.04,38.65,39.34,572925,,,,,historical_baseline,,fe33df9ae5456d8ee27133c42c244c81d150008ababc19399c7ed428638b57ea
4240,2019-02-13,39.23,39.93,39.09,39.49,391291,,,,,historical_baseline,,fe33df9ae5456d8ee27133c42c244c81d150008ababc19399c7ed428638b57ea
4240,2019-02-14,39.38,39.42,38.83,38.98,260555,,,,,historical_baseline,,fe33df9ae5456d8ee27133c42c244c81d150008ababc19399c7ed428638b57ea
4240,2019-02-17,38.98,39.38,38.98,39.23,166982,,,,,historical_baseline,,fe33df9ae5456d8ee27133c42c244c81d150008ababc19399c7ed428638b57ea
4240,2019-02-18,39.09,39.09,38.46,38.54,226327,,,,,historical_baseline,,fe33df9ae5456d8ee27133c42c244c81d150008ababc19399c7ed428638b57ea
4240,2019-02-19,38.46,38.72,38.24,38.5,289963,,,,,historical_baseline,,fe33df9ae5456d8ee27133c42c244c81d150008ababc19399c7ed428638b57ea
4240,2019-02-20,38.43,38.72,38.43,38.72,117154,,,,,historical_baseline,,fe33df9ae5456d8ee27133c42c244c81d150008ababc19399c7ed428638b57ea
4240,2019-02-21,38.72,38.72,38.57,38.57,63790,,,,,historical_baseline,,fe33df9ae5456d8ee27133c42c244c81d150008ababc19399c7ed428638b57ea
4240,2019-02-24,38.68,38.87,38.5,38.61,57434,,,,,historical_baseline,,fe33df9ae5456d8ee27133c42c244c81d150008ababc19399c7ed428638b57ea
4240,2019-02-25,38.61,38.65,38.35,38.46,112110,,,,,historical_baseline,,fe33df9ae5456d8ee27133c42c244c81d150008ababc19399c7ed428638b57ea
4240,2019-02-26,38.61,38.61,38.24,38.24,124421,,,,,historical_baseline,,fe33df9ae5456d8ee27133c42c244c81d150008ababc19399c7ed428638b57ea
4240,2019-02-27,38.24,38.43,36.6,38.32,165178,,,,,historical_baseline,,fe33df9ae5456d8ee27133c42c244c81d150008ababc19399c7ed428638b57ea
4240,2019-02-28,38.43,39.01,38.28,38.79,193354,,,,,historical_baseline,,fe33df9ae5456d8ee27133c42c244c81d150008ababc19399c7ed428638b57ea
4250,2019-02-03,35.05,35.65,34.9,35.1,890709,,,,,historical_baseline,,fe33df9ae5456d8ee27133c42c244c81d150008ababc19399c7ed428638b57ea
4250,2019-02-04,35.2,35.35,34.45,34.55,650877,,,,,historical_baseline,,fe33df9ae5456d8ee27133c42c244c81d150008ababc19399c7ed428638b57ea
4250,2019-02-05,34.5,34.8,34.5,34.8,322185,,,,,historical_baseline,,fe33df9ae5456d8ee27133c42c244c81d150008ababc19399c7ed428638b57ea
4250,2019-02-06,34.8,34.95,34.5,34.7,609283,,,,,historical_baseline,,fe33df9ae5456d8ee27133c42c244c81d150008ababc19399c7ed428638b57ea
4250,2019-02-07,34.55,34.8,34.5,34.5,276416,,,,,historical_baseline,,fe33df9ae5456d8ee27133c42c244c81d150008ababc19399c7ed428638b57ea
4250,2019-02-10,34.5,35.0,34.5,34.75,737105,,,,,historical_baseline,,fe33df9ae5456d8ee27133c42c244c81d150008ababc19399c7ed428638b57ea
4250,2019-02-11,34.65,34.9,34.25,34.25,400835,,,,,historical_baseline,,fe33df9ae5456d8ee27133c42c244c81d150008ababc19399c7ed428638b57ea
4250,2019-02-12,34.15,34.7,34.1,34.4,439042,,,,,historical_baseline,,fe33df9ae5456d8ee27133c42c244c81d150008ababc19399c7ed428638b57ea
4250,2019-02-13,34.4,35.0,34.15,34.15,710483,,,,,historical_baseline,,fe33df9ae5456d8ee27133c42c244c81d150008ababc19399c7ed428638b57ea
4250,2019-02-14,34.15,34.3,34.0,34.15,453049,,,,,historical_baseline,,fe33df9ae5456d8ee27133c42c244c81d150008ababc19399c7ed428638b57ea
4250,2019-02-17,34.95,34.95,34.0,34.05,1333377,,,,,historical_baseline,,fe33df9ae5456d8ee27133c42c244c81d150008ababc19399c7ed428638b57ea
4250,2019-02-18,34.05,34.6,34.0,34.5,669152,,,,,historical_baseline,,fe33df9ae5456d8ee27133c42c244c81d150008ababc19399c7ed428638b57ea
4250,2019-02-19,34.55,34.8,34.15,34.3,442632,,,,,historical_baseline,,fe33df9ae5456d8ee27133c42c244c81d150008ababc19399c7ed428638b57ea
4250,2019-02-20,34.3,34.45,34.25,34.35,119724,,,,,historical_baseline,,fe33df9ae5456d8ee27133c42c244c81d150008ababc19399c7ed428638b57ea
4250,2019-02-21,34.35,34.35,33.7,33.85,763437,,,,,historical_baseline,,fe33df9ae5456d8ee27133c42c244c81d150008ababc19399c7ed428638b57ea
4250,2019-02-24,33.85,34.15,33.6,33.75,727793,,,,,historical_baseline,,fe33df9ae5456d8ee27133c42c244c81d150008ababc19399c7ed428638b57ea
4250,2019-02-25,33.7,33.7,32.75,33.2,1259036,,,,,historical_baseline,,fe33df9ae5456d8ee27133c42c244c81d150008ababc19399c7ed428638b57ea
4250,2019-02-26,33.1,33.65,32.95,33.3,833719,,,,,historical_baseline,,fe33df9ae5456d8ee27133c42c244c81d150008ababc19399c7ed428638b57ea
4250,2019-02-27,33.4,33.6,32.95,33.25,1180119,,,,,historical_baseline,,fe33df9ae5456d8ee27133c42c244c81d150008ababc19399c7ed428638b57ea
4250,2019-02-28,33.3,33.4,33.15,33.3,419413,,,,,historical_baseline,,fe33df9ae5456d8ee27133c42c244c81d150008ababc19399c7ed428638b57ea
4260,2019-02-03,29.2,29.5,29.0,29.1,1201225,,,,,historical_baseline,,fe33df9ae5456d8ee27133c42c244c81d150008ababc19399c7ed428638b57ea
4260,2019-02-04,29.4,29.4,28.8,28.9,554955,,,,,historical_baseline,,fe33df9ae5456d8ee27133c42c244c81d150008ababc19399c7ed428638b57ea
4260,2019-02-05,28.9,29.25,28.75,29.15,257653,,,,,historical_baseline,,fe33df9ae5456d8ee27133c42c244c81d150008ababc19399c7ed428638b57ea
4260,2019-02-06,29.1,29.15,28.75,29.0,316334,,,,,historical_baseline,,fe33df9ae5456d8ee27133c42c244c81d150008ababc19399c7ed428638b57ea
4260,2019-02-07,29.0,29.0,28.8,29.0,255079,,,,,historical_baseline,,fe33df9ae5456d8ee27133c42c244c81d150008ababc19399c7ed428638b57ea
4260,2019-02-10,29.0,29.0,28.8,28.85,212950,,,,,historical_baseline,,fe33df9ae5456d8ee27133c42c244c81d150008ababc19399c7ed428638b57ea
4260,2019-02-11,28.9,28.9,28.55,28.55,141671,,,,,historical_baseline,,fe33df9ae5456d8ee27133c42c244c81d150008ababc19399c7ed428638b57ea
4260,2019-02-12,28.6,28.85,28.4,28.7,297845,,,,,historical_baseline,,fe33df9ae5456d8ee27133c42c244c81d150008ababc19399c7ed428638b57ea
4260,2019-02-13,28.7,28.8,28.35,28.45,315737,,,,,historical_baseline,,fe33df9ae5456d8ee27133c42c244c81d150008ababc19399c7ed428638b57ea
4260,2019-02-14,28.4,28.85,28.35,28.85,315155,,,,,historical_baseline,,fe33df9ae5456d8ee27133c42c244c81d150008ababc19399c7ed428638b57ea
4260,2019-02-17,29.0,29.1,28.85,29.0,376894,,,,,historical_baseline,,fe33df9ae5456d8ee27133c42c244c81d150008ababc19399c7ed428638b57ea
4260,2019-02-18,29.0,29.0,28.6,28.7,307400,,,,,historical_baseline,,fe33df9ae5456d8ee27133c42c244c81d150008ababc19399c7ed428638b57ea
4260,2019-02-19,28.8,28.85,28.55,28.8,219799,,,,,historical_baseline,,fe33df9ae5456d8ee27133c42c244c81d150008ababc19399c7ed428638b57ea
4260,2019-02-20,28.7,29.6,28.7,29.2,825245,,,,,historical_baseline,,fe33df9ae5456d8ee27133c42c244c81d150008ababc19399c7ed428638b57ea
4260,2019-02-21,29.2,29.2,28.9,29.0,186625,,,,,historical_baseline,,fe33df9ae5456d8ee27133c42c244c81d150008ababc19399c7ed428638b57ea
4260,2019-02-24,29.0,29.05,28.85,29.0,141831,,,,,historical_baseline,,fe33df9ae5456d8ee27133c42c244c81d150008ababc19399c7ed428638b57ea
4260,2019-02-25,28.95,28.95,28.65,28.75,310565,,,,,historical_baseline,,fe33df9ae5456d8ee27133c42c244c81d150008ababc19399c7ed428638b57ea
4260,2019-02-26,28.75,29.0,28.6,28.95,227732,,,,,historical_baseline,,fe33df9ae5456d8ee27133c42c244c81d150008ababc19399c7ed428638b57ea
4260,2019-02-27,28.85,28.9,28.55,28.9,291324,,,,,historical_baseline,,fe33df9ae5456d8ee27133c42c244c81d150008ababc19399c7ed428638b57ea
4260,2019-02-28,28.9,29.3,28.8,29.3,370227,,,,,historical_baseline,,fe33df9ae5456d8ee27133c42c244c81d150008ababc19399c7ed428638b57ea
4270,2019-02-03,16.74,16.88,16.7,16.74,335510,,,,,historical_baseline,,fe33df9ae5456d8ee27133c42c244c81d150008ababc19399c7ed428638b57ea
4270,2019-02-04,16.82,16.9,16.7,16.7,303066,,,,,historical_baseline,,fe33df9ae5456d8ee27133c42c244c81d150008ababc19399c7ed428638b57ea
4270,2019-02-05,16.7,16.8,16.7,16.72,142650,,,,,historical_baseline,,fe33df9ae5456d8ee27133c42c244c81d150008ababc19399c7ed428638b57ea
4270,2019-02-06,16.72,16.86,16.6,16.62,199857,,,,,historical_baseline,,fe33df9ae5456d8ee27133c42c244c81d150008ababc19399c7ed428638b57ea
4270,2019-02-07,16.68,16.74,16.68,16.68,133786,,,,,historical_baseline,,fe33df9ae5456d8ee27133c42c244c81d150008ababc19399c7ed428638b57ea
4270,2019-02-10,16.7,16.76,16.58,16.64,114453,,,,,historical_baseline,,fe33df9ae5456d8ee27133c42c244c81d150008ababc19399c7ed428638b57ea
4270,2019-02-11,16.66,17.0,16.6,16.7,1023513,,,,,historical_baseline,,fe33df9ae5456d8ee27133c42c244c81d150008ababc19399c7ed428638b57ea
4270,2019-02-12,16.74,16.98,16.64,16.64,468054,,,,,historical_baseline,,fe33df9ae5456d8ee27133c42c244c81d150008ababc19399c7ed428638b57ea
4270,2019-02-13,16.72,16.86,16.62,16.66,189708,,,,,historical_baseline,,fe33df9ae5456d8ee27133c42c244c81d150008ababc19399c7ed428638b57ea
4270,2019-02-14,16.74,16.82,16.62,16.82,240388,,,,,historical_baseline,,fe33df9ae5456d8ee27133c42c244c81d150008ababc19399c7ed428638b57ea
4270,2019-02-17,16.8,16.86,16.68,16.74,162216,,,,,historical_baseline,,fe33df9ae5456d8ee27133c42c244c81d150008ababc19399c7ed428638b57ea
4270,2019-02-18,16.76,16.8,16.7,16.7,57494,,,,,historical_baseline,,fe33df9ae5456d8ee27133c42c244c81d150008ababc19399c7ed428638b57ea
4270,2019-02-19,16.7,16.7,16.64,16.64,48698,,,,,historical_baseline,,fe33df9ae5456d8ee27133c42c244c81d150008ababc19399c7ed428638b57ea
4270,2019-02-20,16.7,16.7,16.5,16.62,80702,,,,,historical_baseline,,fe33df9ae5456d8ee27133c42c244c81d150008ababc19399c7ed428638b57ea
4270,2019-02-21,16.64,16.64,16.5,16.5,82149,,,,,historical_baseline,,fe33df9ae5456d8ee27133c42c244c81d150008ababc19399c7ed428638b57ea
4270,2019-02-24,16.48,16.5,16.44,16.44,53679,,,,,historical_baseline,,fe33df9ae5456d8ee27133c42c244c81d150008ababc19399c7ed428638b57ea
4270,2019-02-25,16.4,16.4,16.04,16.04,77811,,,,,historical_baseline,,fe33df9ae5456d8ee27133c42c244c81d150008ababc19399c7ed428638b57ea
4270,2019-02-26,16.16,16.5,16.16,16.24,139510,,,,,historical_baseline,,fe33df9ae5456d8ee27133c42c244c81d150008ababc19399c7ed428638b57ea
4270,2019-02-27,16.3,16.36,16.24,16.26,40268,,,,,historical_baseline,,fe33df9ae5456d8ee27133c42c244c81d150008ababc19399c7ed428638b57ea
4270,2019-02-28,16.26,16.3,16.22,16.3,74759,,,,,historical_baseline,,fe33df9ae5456d8ee27133c42c244c81d150008ababc19399c7ed428638b57ea
4280,2019-02-03,8.04,8.14,8.04,8.08,132933,,,,,historical_baseline,,fe33df9ae5456d8ee27133c42c244c81d150008ababc19399c7ed428638b57ea
4280,2019-02-04,8.1,8.2,8.1,8.2,179205,,,,,historical_baseline,,fe33df9ae5456d8ee27133c42c244c81d150008ababc19399c7ed428638b57ea
4280,2019-02-05,8.2,8.7,8.2,8.59,1110756,,,,,historical_baseline,,fe33df9ae5456d8ee27133c42c244c81d150008ababc19399c7ed428638b57ea
4280,2019-02-06,8.62,8.62,8.3,8.3,425194,,,,,historical_baseline,,fe33df9ae5456d8ee27133c42c244c81d150008ababc19399c7ed428638b57ea
4280,2019-02-07,8.3,8.7,8.15,8.6,788554,,,,,historical_baseline,,fe33df9ae5456d8ee27133c42c244c81d150008ababc19399c7ed428638b57ea
4280,2019-02-10,8.75,9.02,8.66,8.97,1039047,,,,,historical_baseline,,fe33df9ae5456d8ee27133c42c244c81d150008ababc19399c7ed428638b57ea
4280,2019-02-11,9.0,9.0,8.7,8.85,532818,,,,,historical_baseline,,fe33df9ae5456d8ee27133c42c244c81d150008ababc19399c7ed428638b57ea
4280,2019-02-12,8.8,8.83,8.66,8.7,291665,,,,,historical_baseline,,fe33df9ae5456d8ee27133c42c244c81d150008ababc19399c7ed428638b57ea
4280,2019-02-13,8.69,8.69,8.58,8.6,172403,,,,,historical_baseline,,fe33df9ae5456d8ee27133c42c244c81d150008ababc19399c7ed428638b57ea
4280,2019-02-14,8.6,8.6,8.46,8.48,166507,,,,,historical_baseline,,fe33df9ae5456d8ee27133c42c244c81d150008ababc19399c7ed428638b57ea
4280,2019-02-17,8.45,8.46,8.35,8.46,229177,,,,,historical_baseline,,fe33df9ae5456d8ee27133c42c244c81d150008ababc19399c7ed428638b57ea
4280,2019-02-18,8.5,8.8,8.5,8.61,448119,,,,,historical_baseline,,fe33df9ae5456d8ee27133c42c244c81d150008ababc19399c7ed428638b57ea
4280,2019-02-19,8.57,8.57,8.47,8.52,224503,,,,,historical_baseline,,fe33df9ae5456d8ee27133c42c244c81d150008ababc19399c7ed428638b57ea
4280,2019-02-20,8.52,8.56,8.45,8.5,149408,,,,,historical_baseline,,fe33df9ae5456d8ee27133c42c244c81d150008ababc19399c7ed428638b57ea
4280,2019-02-21,8.44,8.48,8.4,8.47,77537,,,,,historical_baseline,,fe33df9ae5456d8ee27133c42c244c81d150008ababc19399c7ed428638b57ea
4280,2019-02-24,8.48,8.48,8.43,8.45,43748,,,,,historical_baseline,,fe33df9ae5456d8ee27133c42c244c81d150008ababc19399c7ed428638b57ea
4280,2019-02-25,8.43,8.44,8.34,8.35,169654,,,,,historical_baseline,,fe33df9ae5456d8ee27133c42c244c81d150008ababc19399c7ed428638b57ea
4280,2019-02-26,8.3,8.3,8.15,8.24,370144,,,,,historical_baseline,,fe33df9ae5456d8ee27133c42c244c81d150008ababc19399c7ed428638b57ea
4280,2019-02-27,8.24,8.28,8.24,8.25,246604,,,,,historical_baseline,,fe33df9ae5456d8ee27133c42c244c81d150008ababc19399c7ed428638b57ea
4280,2019-02-28,8.24,8.6,8.24,8.42,282134,,,,,historical_baseline,,fe33df9ae5456d8ee27133c42c244c81d150008ababc19399c7ed428638b57ea
4290,2019-02-03,11.29,11.45,11.22,11.22,487504,,,,,historical_baseline,,fe33df9ae5456d8ee27133c42c244c81d150008ababc19399c7ed428638b57ea
4290,2019-02-04,11.24,11.24,10.98,11.01,503405,,,,,historical_baseline,,fe33df9ae5456d8ee27133c42c244c81d150008ababc19399c7ed428638b57ea
4290,2019-02-05,11.0,11.11,11.0,11.06,221246,,,,,historical_baseline,,fe33df9ae5456d8ee27133c42c244c81d150008ababc19399c7ed428638b57ea
4290,2019-02-06,11.06,11.08,10.96,11.01,151680,,,,,historical_baseline,,fe33df9ae5456d8ee27133c42c244c81d150008ababc19399c7ed428638b57ea
4290,2019-02-07,11.03,11.03,10.9,10.92,109771,,,,,historical_baseline,,fe33df9ae5456d8ee27133c42c244c81d150008ababc19399c7ed428638b57ea
4290,2019-02-10,10.88,10.92,10.8,10.92,282710,,,,,historical_baseline,,fe33df9ae5456d8ee27133c42c244c81d150008ababc19399c7ed428638b57ea
4290,2019-02-11,10.95,10.96,10.88,10.88,179148,,,,,historical_baseline,,fe33df9ae5456d8ee27133c42c244c81d150008ababc19399c7ed428638b57ea
4290,2019-02-12,10.93,11.08,10.88,11.05,406873,,,,,historical_baseline,,fe33df9ae5456d8ee27133c42c244c81d150008ababc19399c7ed428638b57ea
4290,2019-02-13,11.05,11.05,10.83,10.93,257402,,,,,historical_baseline,,fe33df9ae5456d8ee27133c42c244c81d150008ababc19399c7ed428638b57ea
4290,2019-02-14,10.88,11.06,10.87,10.87,339554,,,,,historical_baseline,,fe33df9ae5456d8ee27133c42c244c81d150008ababc19399c7ed428638b57ea
4290,2019-02-17,10.95,10.95,10.85,10.88,167600,,,,,historical_baseline,,fe33df9ae5456d8ee27133c42c244c81d150008ababc19399c7ed428638b57ea
4290,2019-02-18,10.87,10.92,10.83,10.88,200968,,,,,historical_baseline,,fe33df9ae5456d8ee27133c42c244c81d150008ababc19399c7ed428638b57ea
4290,2019-02-19,10.88,10.88,10.85,10.87,44520,,,,,historical_baseline,,fe33df9ae5456d8ee27133c42c244c81d150008ababc19399c7ed428638b57ea
4290,2019-02-20,10.98,11.11,10.9,10.95,668967,,,,,historical_baseline,,fe33df9ae5456d8ee27133c42c244c81d150008ababc19399c7ed428638b57ea
4290,2019-02-21,10.93,10.96,10.87,10.88,97688,,,,,historical_baseline,,fe33df9ae5456d8ee27133c42c244c81d150008ababc19399c7ed428638b57ea
4290,2019-02-24,10.88,10.92,10.87,10.88,223173,,,,,historical_baseline,,fe33df9ae5456d8ee27133c42c244c81d150008ababc19399c7ed428638b57ea
4290,2019-02-25,10.87,10.87,10.8,10.87,237876,,,,,historical_baseline,,fe33df9ae5456d8ee27133c42c244c81d150008ababc19399c7ed428638b57ea
4290,2019-02-26,10.93,10.95,10.85,10.85,309312,,,,,historical_baseline,,fe33df9ae5456d8ee27133c42c244c81d150008ababc19399c7ed428638b57ea
4290,2019-02-27,10.88,10.92,10.77,10.87,400806,,,,,historical_baseline,,fe33df9ae5456d8ee27133c42c244c81d150008ababc19399c7ed428638b57ea
4290,2019-02-28,10.8,10.88,10.72,10.8,177997,,,,,historical_baseline,,fe33df9ae5456d8ee27133c42c244c81d150008ababc19399c7ed428638b57ea
4300,2019-02-03,10.02,10.16,9.99,10.1,15843376,,,,,historical_baseline,,fe33df9ae5456d8ee27133c42c244c81d150008ababc19399c7ed428638b57ea
4300,2019-02-04,10.1,10.2,10.04,10.08,9979469,,,,,historical_baseline,,fe33df9ae5456d8ee27133c42c244c81d150008ababc19399c7ed428638b57ea
4300,2019-02-05,10.08,10.14,10.06,10.14,7791660,,,,,historical_baseline,,fe33df9ae5456d8ee27133c42c244c81d150008ababc19399c7ed428638b57ea
4300,2019-02-06,10.12,10.18,10.08,10.1,5332567,,,,,historical_baseline,,fe33df9ae5456d8ee27133c42c244c81d150008ababc19399c7ed428638b57ea
4300,2019-02-07,10.1,10.14,10.06,10.1,4934097,,,,,historical_baseline,,fe33df9ae5456d8ee27133c42c244c81d150008ababc19399c7ed428638b57ea
4300,2019-02-10,10.1,10.26,10.08,10.26,11387966,,,,,historical_baseline,,fe33df9ae5456d8ee27133c42c244c81d150008ababc19399c7ed428638b57ea
4300,2019-02-11,10.26,10.26,10.12,10.12,6943439,,,,,historical_baseline,,fe33df9ae5456d8ee27133c42c244c81d150008ababc19399c7ed428638b57ea
4300,2019-02-12,10.1,10.32,10.08,10.22,11533664,,,,,historical_baseline,,fe33df9ae5456d8ee27133c42c244c81d150008ababc19399c7ed428638b57ea
4300,2019-02-13,10.22,10.32,10.2,10.22,6697435,,,,,historical_baseline,,fe33df9ae5456d8ee27133c42c244c81d150008ababc19399c7ed428638b57ea
4300,2019-02-14,10.22,10.28,10.16,10.24,5002300,,,,,historical_baseline,,fe33df9ae5456d8ee27133c42c244c81d150008ababc19399c7ed428638b57ea
4300,2019-02-17,10.26,10.28,10.22,10.22,3394967,,,,,historical_baseline,,fe33df9ae5456d8ee27133c42c244c81d150008ababc19399c7ed428638b57ea
4300,2019-02-18,10.24,10.26,10.16,10.18,5381955,,,,,historical_baseline,,fe33df9ae5456d8ee27133c42c244c81d150008ababc19399c7ed428638b57ea
4300,2019-02-19,10.16,10.2,10.06,10.18,5220800,,,,,historical_baseline,,fe33df9ae5456d8ee27133c42c244c81d150008ababc19399c7ed428638b57ea
4300,2019-02-20,10.16,10.22,10.16,10.22,2430227,,,,,historical_baseline,,fe33df9ae5456d8ee27133c42c244c81d150008ababc19399c7ed428638b57ea
4300,2019-02-21,10.2,10.24,10.18,10.22,2695708,,,,,historical_baseline,,fe33df9ae5456d8ee27133c42c244c81d150008ababc19399c7ed428638b57ea
4300,2019-02-24,10.2,10.5,10.2,10.5,17401398,,,,,historical_baseline,,fe33df9ae5456d8ee27133c42c244c81d150008ababc19399c7ed428638b57ea
4300,2019-02-25,10.5,10.7,10.42,10.66,25969878,,,,,historical_baseline,,fe33df9ae5456d8ee27133c42c244c81d150008ababc19399c7ed428638b57ea
4300,2019-02-26,10.64,10.66,10.52,10.6,6916157,,,,,historical_baseline,,fe33df9ae5456d8ee27133c42c244c81d150008ababc19399c7ed428638b57ea
4300,2019-02-27,10.6,10.68,10.46,10.66,10210281,,,,,historical_baseline,,fe33df9ae5456d8ee27133c42c244c81d150008ababc19399c7ed428638b57ea
4300,2019-02-28,10.66,10.66,10.56,10.6,5110739,,,,,historical_baseline,,fe33df9ae5456d8ee27133c42c244c81d150008ababc19399c7ed428638b57ea
4310,2019-02-03,9.66,9.75,9.6,9.67,630762,,,,,historical_baseline,,fe33df9ae5456d8ee27133c42c244c81d150008ababc19399c7ed428638b57ea
4310,2019-02-04,9.7,9.7,9.53,9.6,554090,,,,,historical_baseline,,fe33df9ae5456d8ee27133c42c244c81d150008ababc19399c7ed428638b57ea
4310,2019-02-05,9.53,10.0,9.48,9.73,894855,,,,,historical_baseline,,fe33df9ae5456d8ee27133c42c244c81d150008ababc19399c7ed428638b57ea
4310,2019-02-06,9.77,9.77,9.68,9.73,258483,,,,,historical_baseline,,fe33df9ae5456d8ee27133c42c244c81d150008ababc19399c7ed428638b57ea
4310,2019-02-07,9.72,9.72,9.63,9.69,199104,,,,,historical_baseline,,fe33df9ae5456d8ee27133c42c244c81d150008ababc19399c7ed428638b57ea
4310,2019-02-10,9.71,9.71,9.58,9.68,314474,,,,,historical_baseline,,fe33df9ae5456d8ee27133c42c244c81d150008ababc19399c7ed428638b57ea
4310,2019-02-11,9.67,9.85,9.67,9.8,984114,,,,,historical_baseline,,fe33df9ae5456d8ee27133c42c244c81d150008ababc19399c7ed428638b57ea
4310,2019-02-12,9.82,10.18,9.7,10.0,2979301,,,,,historical_baseline,,fe33df9ae5456d8ee27133c42c244c81d150008ababc19399c7ed428638b57ea
4310,2019-02-13,10.0,10.1,9.78,9.78,1316463,,,,,historical_baseline,,fe33df9ae5456d8ee27133c42c244c81d150008ababc19399c7ed428638b57ea
4310,2019-02-14,9.83,10.06,9.79,9.79,1749871,,,,,historical_baseline,,fe33df9ae5456d8ee27133c42c244c81d150008ababc19399c7ed428638b57ea
4310,2019-02-17,9.94,9.94,9.76,9.79,762852,,,,,historical_baseline,,fe33df9ae5456d8ee27133c42c244c81d150008ababc19399c7ed428638b57ea
4310,2019-02-18,9.81,9.81,9.6,9.64,876388,,,,,historical_baseline,,fe33df9ae5456d8ee27133c42c244c81d150008ababc19399c7ed428638b57ea
4310,2019-02-19,9.62,9.66,9.45,9.47,1533076,,,,,historical_baseline,,fe33df9ae5456d8ee27133c42c244c81d150008ababc19399c7ed428638b57ea
4310,2019-02-20,9.51,9.73,9.5,9.51,1435895,,,,,historical_baseline,,fe33df9ae5456d8ee27133c42c244c81d150008ababc19399c7ed428638b57ea
4310,2019-02-21,9.53,9.64,9.49,9.64,378565,,,,,historical_baseline,,fe33df9ae5456d8ee27133c42c244c81d150008ababc19399c7ed428638b57ea
4310,2019-02-24,9.67,9.72,9.6,9.69,493510,,,,,historical_baseline,,fe33df9ae5456d8ee27133c42c244c81d150008ababc19399c7ed428638b57ea
4310,2019-02-25,9.72,9.72,9.52,9.55,602462,,,,,historical_baseline,,fe33df9ae5456d8ee27133c42c244c81d150008ababc19399c7ed428638b57ea
4310,2019-02-26,9.56,9.56,9.4,9.4,1192161,,,,,historical_baseline,,fe33df9ae5456d8ee27133c42c244c81d150008ababc19399c7ed428638b57ea
4310,2019-02-27,9.4,9.46,9.34,9.44,722686,,,,,historical_baseline,,fe33df9ae5456d8ee27133c42c244c81d150008ababc19399c7ed428638b57ea
4310,2019-02-28,9.4,9.51,9.4,9.5,481922,,,,,historical_baseline,,fe33df9ae5456d8ee27133c42c244c81d150008ababc19399c7ed428638b57ea
4320,2019-02-03,10.97,11.06,10.95,10.97,650033,,,,,historical_baseline,,fe33df9ae5456d8ee27133c42c244c81d150008ababc19399c7ed428638b57ea
4320,2019-02-04,10.98,11.03,10.91,10.97,526853,,,,,historical_baseline,,fe33df9ae5456d8ee27133c42c244c81d150008ababc19399c7ed428638b57ea
4320,2019-02-05,11.01,11.01,10.94,10.95,386101,,,,,historical_baseline,,fe33df9ae5456d8ee27133c42c244c81d150008ababc19399c7ed428638b57ea
4320,2019-02-06,10.97,11.03,10.94,11.01,485237,,,,,historical_baseline,,fe33df9ae5456d8ee27133c42c244c81d150008ababc19399c7ed428638b57ea
4320,2019-02-07,10.98,11.0,10.88,10.91,375233,,,,,historical_baseline,,fe33df9ae5456d8ee27133c42c244c81d150008ababc19399c7ed428638b57ea
4320,2019-02-10,10.88,10.94,10.85,10.89,316533,,,,,historical_baseline,,fe33df9ae5456d8ee27133c42c244c81d150008ababc19399c7ed428638b57ea
4320,2019-02-11,10.88,10.88,10.8,10.82,378391,,,,,historical_baseline,,fe33df9ae5456d8ee27133c42c244c81d150008ababc19399c7ed428638b57ea
4320,2019-02-12,10.88,11.0,10.8,10.91,989449,,,,,historical_baseline,,fe33df9ae5456d8ee27133c42c244c81d150008ababc19399c7ed428638b57ea
4320,2019-02-13,10.95,10.95,10.82,10.82,314168,,,,,historical_baseline,,fe33df9ae5456d8ee27133c42c244c81d150008ababc19399c7ed428638b57ea
4320,2019-02-14,10.88,10.98,10.77,10.8,1171573,,,,,historical_baseline,,fe33df9ae5456d8ee27133c42c244c81d150008ababc19399c7ed428638b57ea
4320,2019-02-17,10.85,10.85,10.71,10.71,435921,,,,,historical_baseline,,fe33df9ae5456d8ee27133c42c244c81d150008ababc19399c7ed428638b57ea
4320,2019-02-18,10.71,10.76,10.68,10.68,207056,,,,,historical_baseline,,fe33df9ae5456d8ee27133c42c244c81d150008ababc19399c7ed428638b57ea
4320,2019-02-19,10.65,10.7,10.64,10.7,266584,,,,,historical_baseline,,fe33df9ae5456d8ee27133c42c244c81d150008ababc19399c7ed428638b57ea
4320,2019-02-20,10.7,10.71,10.67,10.7,137407,,,,,historical_baseline,,fe33df9ae5456d8ee27133c42c244c81d150008ababc19399c7ed428638b57ea
4320,2019-02-21,10.71,10.77,10.67,10.77,319669,,,,,historical_baseline,,fe33df9ae5456d8ee27133c42c244c81d150008ababc19399c7ed428638b57ea
4320,2019-02-24,10.77,10.86,10.71,10.76,392947,,,,,historical_baseline,,fe33df9ae5456d8ee27133c42c244c81d150008ababc19399c7ed428638b57ea
4320,2019-02-25,10.71,10.73,10.67,10.71,268131,,,,,historical_baseline,,fe33df9ae5456d8ee27133c42c244c81d150008ababc19399c7ed428638b57ea
4320,2019-02-26,10.67,10.74,10.65,10.74,200632,,,,,historical_baseline,,fe33df9ae5456d8ee27133c42c244c81d150008ababc19399c7ed428638b57ea
4320,2019-02-27,10.71,10.79,10.68,10.79,181614,,,,,historical_baseline,,fe33df9ae5456d8ee27133c42c244c81d150008ababc19399c7ed428638b57ea
4320,2019-02-28,10.8,10.8,10.73,10.73,339815,,,,,historical_baseline,,fe33df9ae5456d8ee27133c42c244c81d150008ababc19399c7ed428638b57ea
4330,2019-02-03,7.8,7.82,7.77,7.77,218067,,,,,historical_baseline,,fe33df9ae5456d8ee27133c42c244c81d150008ababc19399c7ed428638b57ea
4330,2019-02-04,7.77,7.8,7.75,7.76,289461,,,,,historical_baseline,,fe33df9ae5456d8ee27133c42c244c81d150008ababc19399c7ed428638b57ea
4330,2019-02-05,7.76,7.76,7.75,7.76,92504,,,,,historical_baseline,,fe33df9ae5456d8ee27133c42c244c81d150008ababc19399c7ed428638b57ea
4330,2019-02-06,7.78,7.79,7.75,7.75,85038,,,,,historical_baseline,,fe33df9ae5456d8ee27133c42c244c81d150008ababc19399c7ed428638b57ea
4330,2019-02-07,7.85,7.85,7.75,7.76,84005,,,,,historical_baseline,,fe33df9ae5456d8ee27133c42c244c81d150008ababc19399c7ed428638b57ea
4330,2019-02-10,7.78,7.78,7.72,7.76,167966,,,,,historical_baseline,,fe33df9ae5456d8ee27133c42c244c81d150008ababc19399c7ed428638b57ea
4330,2019-02-11,7.74,7.75,7.72,7.73,121246,,,,,historical_baseline,,fe33df9ae5456d8ee27133c42c244c81d150008ababc19399c7ed428638b57ea
4330,2019-02-12,7.76,7.78,7.71,7.71,132269,,,,,historical_baseline,,fe33df9ae5456d8ee27133c42c244c81d150008ababc19399c7ed428638b57ea
4330,2019-02-13,7.75,7.78,7.74,7.75,62546,,,,,historical_baseline,,fe33df9ae5456d8ee27133c42c244c81d150008ababc19399c7ed428638b57ea
4330,2019-02-14,7.78,7.78,7.76,7.76,208517,,,,,historical_baseline,,fe33df9ae5456d8ee27133c42c244c81d150008ababc19399c7ed428638b57ea
4330,2019-02-17,7.76,7.8,7.75,7.77,294539,,,,,historical_baseline,,fe33df9ae5456d8ee27133c42c244c81d150008ababc19399c7ed428638b57ea
4330,2019-02-18,7.75,7.78,7.74,7.78,352769,,,,,historical_baseline,,fe33df9ae5456d8ee27133c42c244c81d150008ababc19399c7ed428638b57ea
4330,2019-02-19,7.78,7.78,7.74,7.77,156359,,,,,historical_baseline,,fe33df9ae5456d8ee27133c42c244c81d150008ababc19399c7ed428638b57ea
4330,2019-02-20,7.8,7.8,7.79,7.8,326576,,,,,historical_baseline,,fe33df9ae5456d8ee27133c42c244c81d150008ababc19399c7ed428638b57ea
4330,2019-02-21,7.8,7.83,7.78,7.78,524737,,,,,historical_baseline,,fe33df9ae5456d8ee27133c42c244c81d150008ababc19399c7ed428638b57ea
4330,2019-02-24,7.78,7.82,7.78,7.82,205069,,,,,historical_baseline,,fe33df9ae5456d8ee27133c42c244c81d150008ababc19399c7ed428638b57ea
4330,2019-02-25,7.82,7.83,7.79,7.8,367683,,,,,historical_baseline,,fe33df9ae5456d8ee27133c42c244c81d150008ababc19399c7ed428638b57ea
4330,2019-02-26,7.8,7.8,7.77,7.8,255158,,,,,historical_baseline,,fe33df9ae5456d8ee27133c42c244c81d150008ababc19399c7ed428638b57ea
4330,2019-02-27,7.84,7.85,7.79,7.81,1611138,,,,,historical_baseline,,fe33df9ae5456d8ee27133c42c244c81d150008ababc19399c7ed428638b57ea
4330,2019-02-28,7.81,7.82,7.79,7.79,4273694,,,,,historical_baseline,,fe33df9ae5456d8ee27133c42c244c81d150008ababc19399c7ed428638b57ea
4331,2019-02-03,13.7,13.76,13.7,13.74,243508,,,,,historical_baseline,,fe33df9ae5456d8ee27133c42c244c81d150008ababc19399c7ed428638b57ea
4331,2019-02-04,13.7,13.7,13.64,13.64,179073,,,,,historical_baseline,,fe33df9ae5456d8ee27133c42c244c81d150008ababc19399c7ed428638b57ea
4331,2019-02-05,13.6,13.66,13.58,13.64,265890,,,,,historical_baseline,,fe33df9ae5456d8ee27133c42c244c81d150008ababc19399c7ed428638b57ea
4331,2019-02-06,13.62,13.72,13.58,13.66,267962,,,,,historical_baseline,,fe33df9ae5456d8ee27133c42c244c81d150008ababc19399c7ed428638b57ea
4331,2019-02-07,13.66,13.66,13.58,13.62,300921,,,,,historical_baseline,,fe33df9ae5456d8ee27133c42c244c81d150008ababc19399c7ed428638b57ea
4331,2019-02-10,13.62,14.04,13.6,13.62,1744669,,,,,historical_baseline,,fe33df9ae5456d8ee27133c42c244c81d150008ababc19399c7ed428638b57ea
4331,2019-02-11,13.66,13.88,13.64,13.74,657206,,,,,historical_baseline,,fe33df9ae5456d8ee27133c42c244c81d150008ababc19399c7ed428638b57ea
4331,2019-02-12,13.78,14.16,13.76,13.98,996216,,,,,historical_baseline,,fe33df9ae5456d8ee27133c42c244c81d150008ababc19399c7ed428638b57ea
4331,2019-02-13,14.04,14.04,13.62,13.62,586806,,,,,historical_baseline,,fe33df9ae5456d8ee27133c42c244c81d150008ababc19399c7ed428638b57ea
4331,2019-02-14,13.62,13.8,13.62,13.64,282744,,,,,historical_baseline,,fe33df9ae5456d8ee27133c42c244c81d150008ababc19399c7ed428638b57ea
4331,2019-02-17,13.62,13.88,13.54,13.6,604494,,,,,historical_baseline,,fe33df9ae5456d8ee27133c42c244c81d150008ababc19399c7ed428638b57ea
4331,2019-02-18,13.6,13.66,13.56,13.56,315264,,,,,historical_baseline,,fe33df9ae5456d8ee27133c42c244c81d150008ababc19399c7ed428638b57ea
4331,2019-02-19,13.56,13.7,13.56,13.6,210797,,,,,historical_baseline,,fe33df9ae5456d8ee27133c42c244c81d150008ababc19399c7ed428638b57ea
4331,2019-02-20,13.62,13.68,13.58,13.58,141786,,,,,historical_baseline,,fe33df9ae5456d8ee27133c42c244c81d150008ababc19399c7ed428638b57ea
4331,2019-02-21,13.56,13.64,13.54,13.6,247581,,,,,historical_baseline,,fe33df9ae5456d8ee27133c42c244c81d150008ababc19399c7ed428638b57ea
4331,2019-02-24,13.6,13.66,13.6,13.62,51902,,,,,historical_baseline,,fe33df9ae5456d8ee27133c42c244c81d150008ababc19399c7ed428638b57ea
4331,2019-02-25,13.6,13.6,13.5,13.6,208891,,,,,historical_baseline,,fe33df9ae5456d8ee27133c42c244c81d150008ababc19399c7ed428638b57ea
4331,2019-02-26,13.54,13.64,13.54,13.62,127485,,,,,historical_baseline,,fe33df9ae5456d8ee27133c42c244c81d150008ababc19399c7ed428638b57ea
4331,2019-02-27,13.56,13.6,13.54,13.58,49719,,,,,historical_baseline,,fe33df9ae5456d8ee27133c42c244c81d150008ababc19399c7ed428638b57ea
4331,2019-02-28,13.5,13.56,13.22,13.22,534525,,,,,historical_baseline,,fe33df9ae5456d8ee27133c42c244c81d150008ababc19399c7ed428638b57ea
4333,2019-02-03,10.22,10.22,10.2,10.2,21808,,,,,historical_baseline,,fe33df9ae5456d8ee27133c42c244c81d150008ababc19399c7ed428638b57ea
4333,2019-02-04,10.18,10.2,10.12,10.12,74677,,,,,historical_baseline,,fe33df9ae5456d8ee27133c42c244c81d150008ababc19399c7ed428638b57ea
4333,2019-02-05,10.16,10.16,10.16,10.16,32439,,,,,historical_baseline,,fe33df9ae5456d8ee27133c42c244c81d150008ababc19399c7ed428638b57ea
4333,2019-02-06,10.2,10.2,10.1,10.16,75125,,,,,historical_baseline,,fe33df9ae5456d8ee27133c42c244c81d150008ababc19399c7ed428638b57ea
4333,2019-02-07,10.14,10.14,10.14,10.14,8527,,,,,historical_baseline,,fe33df9ae5456d8ee27133c42c244c81d150008ababc19399c7ed428638b57ea
4333,2019-02-10,10.18,10.32,10.14,10.18,114719,,,,,historical_baseline,,fe33df9ae5456d8ee27133c42c244c81d150008ababc19399c7ed428638b57ea
4333,2019-02-11,10.26,10.26,10.26,10.26,8030,,,,,historical_baseline,,fe33df9ae5456d8ee27133c42c244c81d150008ababc19399c7ed428638b57ea
4333,2019-02-12,10.26,10.4,10.18,10.28,220518,,,,,historical_baseline,,fe33df9ae5456d8ee27133c42c244c81d150008ababc19399c7ed428638b57ea
4333,2019-02-13,10.24,10.28,10.16,10.16,53922,,,,,historical_baseline,,fe33df9ae5456d8ee27133c42c244c81d150008ababc19399c7ed428638b57ea
4333,2019-02-14,10.16,10.16,10.12,10.14,51946,,,,,historical_baseline,,fe33df9ae5456d8ee27133c42c244c81d150008ababc19399c7ed428638b57ea
4333,2019-02-17,10.2,10.24,10.18,10.2,41709,,,,,historical_baseline,,fe33df9ae5456d8ee27133c42c244c81d150008ababc19399c7ed428638b57ea
4333,2019-02-18,10.14,10.2,10.14,10.2,37042,,,,,historical_baseline,,fe33df9ae5456d8ee27133c42c244c81d150008ababc19399c7ed428638b57ea
4333,2019-02-19,10.2,10.2,10.14,10.14,17474,,,,,historical_baseline,,fe33df9ae5456d8ee27133c42c244c81d150008ababc19399c7ed428638b57ea
4333,2019-02-20,10.18,10.18,10.18,10.18,2943,,,,,historical_baseline,,fe33df9ae5456d8ee27133c42c244c81d150008ababc19399c7ed428638b57ea
4333,2019-02-21,10.18,10.18,10.1,10.1,86503,,,,,historical_baseline,,fe33df9ae5456d8ee27133c42c244c81d150008ababc19399c7ed428638b57ea
4333,2019-02-24,10.12,10.12,10.1,10.1,23003,,,,,historical_baseline,,fe33df9ae5456d8ee27133c42c244c81d150008ababc19399c7ed428638b57ea
4333,2019-02-25,10.12,10.14,10.08,10.14,89866,,,,,historical_baseline,,fe33df9ae5456d8ee27133c42c244c81d150008ababc19399c7ed428638b57ea
4333,2019-02-26,10.08,10.14,10.08,10.12,28974,,,,,historical_baseline,,fe33df9ae5456d8ee27133c42c244c81d150008ababc19399c7ed428638b57ea
4333,2019-02-27,10.12,10.12,10.12,10.12,3571,,,,,historical_baseline,,fe33df9ae5456d8ee27133c42c244c81d150008ababc19399c7ed428638b57ea
4333,2019-02-28,10.1,10.1,10.1,10.1,16744,,,,,historical_baseline,,fe33df9ae5456d8ee27133c42c244c81d150008ababc19399c7ed428638b57ea
4334,2019-02-03,7.92,7.92,7.92,7.92,60253,,,,,historical_baseline,,fe33df9ae5456d8ee27133c42c244c81d150008ababc19399c7ed428638b57ea
4334,2019-02-04,7.89,7.89,7.85,7.85,55499,,,,,historical_baseline,,fe33df9ae5456d8ee27133c42c244c81d150008ababc19399c7ed428638b57ea
4334,2019-02-05,7.85,7.86,7.85,7.86,35830,,,,,historical_baseline,,fe33df9ae5456d8ee27133c42c244c81d150008ababc19399c7ed428638b57ea
4334,2019-02-06,7.86,7.86,7.82,7.82,53906,,,,,historical_baseline,,fe33df9ae5456d8ee27133c42c244c81d150008ababc19399c7ed428638b57ea
4334,2019-02-07,7.82,7.82,7.79,7.82,65008,,,,,historical_baseline,,fe33df9ae5456d8ee27133c42c244c81d150008ababc19399c7ed428638b57ea
4334,2019-02-10,7.8,7.8,7.8,7.8,39676,,,,,historical_baseline,,fe33df9ae5456d8ee27133c42c244c81d150008ababc19399c7ed428638b57ea
4334,2019-02-11,7.8,7.8,7.8,7.8,27321,,,,,historical_baseline,,fe33df9ae5456d8ee27133c42c244c81d150008ababc19399c7ed428638b57ea
4334,2019-02-12,7.81,7.85,7.77,7.81,267816,,,,,historical_baseline,,fe33df9ae5456d8ee27133c42c244c81d150008ababc19399c7ed428638b57ea
4334,2019-02-13,7.8,7.8,7.79,7.8,67722,,,,,historical_baseline,,fe33df9ae5456d8ee27133c42c244c81d150008ababc19399c7ed428638b57ea
4334,2019-02-14,7.8,7.91,7.8,7.91,158507,,,,,historical_baseline,,fe33df9ae5456d8ee27133c42c244c81d150008ababc19399c7ed428638b57ea
4334,2019-02-17,7.9,8.0,7.88,7.97,210614,,,,,historical_baseline,,fe33df9ae5456d8ee27133c42c244c81d150008ababc19399c7ed428638b57ea
4334,2019-02-18,7.95,7.97,7.93,7.93,67143,,,,,historical_baseline,,fe33df9ae5456d8ee27133c42c244c81d150008ababc19399c7ed428638b57ea
4334,2019-02-19,7.91,7.95,7.89,7.95,63819,,,,,historical_baseline,,fe33df9ae5456d8ee27133c42c244c81d150008ababc19399c7ed428638b57ea
4334,2019-02-20,7.92,7.95,7.92,7.95,17973,,,,,historical_baseline,,fe33df9ae5456d8ee27133c42c244c81d150008ababc19399c7ed428638b57ea
4334,2019-02-21,7.99,8.0,7.93,8.0,68328,,,,,historical_baseline,,fe33df9ae5456d8ee27133c42c244c81d150008ababc19399c7ed428638b57ea
4334,2019-02-24,7.99,8.05,7.98,8.04,97424,,,,,historical_baseline,,fe33df9ae5456d8ee27133c42c244c81d150008ababc19399c7ed428638b57ea
4334,2019-02-25,7.99,8.0,7.85,8.0,39524,,,,,historical_baseline,,fe33df9ae5456d8ee27133c42c244c81d150008ababc19399c7ed428638b57ea
4334,2019-02-26,7.92,8.02,7.9,8.02,51423,,,,,historical_baseline,,fe33df9ae5456d8ee27133c42c244c81d150008ababc19399c7ed428638b57ea
4334,2019-02-27,8.02,8.02,7.9,8.0,80933,,,,,historical_baseline,,fe33df9ae5456d8ee27133c42c244c81d150008ababc19399c7ed428638b57ea
4334,2019-02-28,7.92,8.0,7.86,8.0,79582,,,,,historical_baseline,,fe33df9ae5456d8ee27133c42c244c81d150008ababc19399c7ed428638b57ea
4335,2019-02-03,8.09,8.1,8.05,8.1,42317,,,,,historical_baseline,,fe33df9ae5456d8ee27133c42c244c81d150008ababc19399c7ed428638b57ea
4335,2019-02-04,8.06,8.07,8.02,8.02,78536,,,,,historical_baseline,,fe33df9ae5456d8ee27133c42c244c81d150008ababc19399c7ed428638b57ea
4335,2019-02-05,8.03,8.03,8.02,8.02,26835,,,,,historical_baseline,,fe33df9ae5456d8ee27133c42c244c81d150008ababc19399c7ed428638b57ea
4335,2019-02-06,8.03,8.04,8.02,8.02,1289592,,,,,historical_baseline,,fe33df9ae5456d8ee27133c42c244c81d150008ababc19399c7ed428638b57ea
4335,2019-02-07,8.02,8.03,8.01,8.02,161611,,,,,historical_baseline,,fe33df9ae5456d8ee27133c42c244c81d150008ababc19399c7ed428638b57ea
4335,2019-02-10,8.05,8.08,8.01,8.01,129697,,,,,historical_baseline,,fe33df9ae5456d8ee27133c42c244c81d150008ababc19399c7ed428638b57ea
4335,2019-02-11,8.03,8.06,8.02,8.06,33251,,,,,historical_baseline,,fe33df9ae5456d8ee27133c42c244c81d150008ababc19399c7ed428638b57ea
4335,2019-02-12,8.05,8.07,8.04,8.04,35007,,,,,historical_baseline,,fe33df9ae5456d8ee27133c42c244c81d150008ababc19399c7ed428638b57ea
4335,2019-02-13,8.04,8.05,8.02,8.02,38917,,,,,historical_baseline,,fe33df9ae5456d8ee27133c42c244c81d150008ababc19399c7ed428638b57ea
4335,2019-02-14,8.05,8.05,8.03,8.03,57016,,,,,historical_baseline,,fe33df9ae5456d8ee27133c42c244c81d150008ababc19399c7ed428638b57ea
4335,2019-02-17,8.05,8.08,8.05,8.05,73222,,,,,historical_baseline,,fe33df9ae5456d8ee27133c42c244c81d150008ababc19399c7ed428638b57ea
4335,2019-02-18,8.08,8.08,8.07,8.08,61212,,,,,historical_baseline,,fe33df9ae5456d8ee27133c42c244c81d150008ababc19399c7ed428638b57ea
4335,2019-02-19,8.05,8.07,8.04,8.07,29257,,,,,historical_baseline,,fe33df9ae5456d8ee27133c42c244c81d150008ababc19399c7ed428638b57ea
4335,2019-02-20,8.08,8.1,8.08,8.1,26210,,,,,historical_baseline,,fe33df9ae5456d8ee27133c42c244c81d150008ababc19399c7ed428638b57ea
4335,2019-02-21,8.08,8.1,8.08,8.1,53422,,,,,historical_baseline,,fe33df9ae5456d8ee27133c42c244c81d150008ababc19399c7ed428638b57ea
4335,2019-02-24,8.1,8.1,8.05,8.1,53372,,,,,historical_baseline,,fe33df9ae5456d8ee27133c42c244c81d150008ababc19399c7ed428638b57ea
4335,2019-02-25,8.06,8.1,8.04,8.05,72073,,,,,historical_baseline,,fe33df9ae5456d8ee27133c42c244c81d150008ababc19399c7ed428638b57ea
4335,2019-02-26,8.08,8.08,8.06,8.06,22379,,,,,historical_baseline,,fe33df9ae5456d8ee27133c42c244c81d150008ababc19399c7ed428638b57ea
4335,2019-02-27,8.06,8.06,8.02,8.06,60294,,,,,historical_baseline,,fe33df9ae5456d8ee27133c42c244c81d150008ababc19399c7ed428638b57ea
4335,2019-02-28,8.06,8.08,8.06,8.08,41994,,,,,historical_baseline,,fe33df9ae5456d8ee27133c42c244c81d150008ababc19399c7ed428638b57ea
4336,2019-02-03,8.09,8.1,8.05,8.05,44352,,,,,historical_baseline,,fe33df9ae5456d8ee27133c42c244c81d150008ababc19399c7ed428638b57ea
4336,2019-02-04,8.07,8.07,8.03,8.05,81455,,,,,historical_baseline,,fe33df9ae5456d8ee27133c42c244c81d150008ababc19399c7ed428638b57ea
4336,2019-02-05,8.04,8.04,8.04,8.04,67690,,,,,historical_baseline,,fe33df9ae5456d8ee27133c42c244c81d150008ababc19399c7ed428638b57ea
4336,2019-02-06,8.04,8.06,8.01,8.02,82708,,,,,historical_baseline,,fe33df9ae5456d8ee27133c42c244c81d150008ababc19399c7ed428638b57ea
4336,2019-02-07,8.02,8.02,8.0,8.01,81452,,,,,historical_baseline,,fe33df9ae5456d8ee27133c42c244c81d150008ababc19399c7ed428638b57ea
4336,2019-02-10,8.01,8.01,8.0,8.0,63822,,,,,historical_baseline,,fe33df9ae5456d8ee27133c42c244c81d150008ababc19399c7ed428638b57ea
4336,2019-02-11,8.02,8.03,8.0,8.02,105624,,,,,historical_baseline,,fe33df9ae5456d8ee27133c42c244c81d150008ababc19399c7ed428638b57ea
4336,2019-02-12,8.02,8.02,8.0,8.01,199457,,,,,historical_baseline,,fe33df9ae5456d8ee27133c42c244c81d150008ababc19399c7ed428638b57ea
4336,2019-02-13,8.03,8.04,8.02,8.02,45507,,,,,historical_baseline,,fe33df9ae5456d8ee27133c42c244c81d150008ababc19399c7ed428638b57ea
4336,2019-02-14,8.02,8.05,8.02,8.05,61180,,,,,historical_baseline,,fe33df9ae5456d8ee27133c42c244c81d150008ababc19399c7ed428638b57ea
4336,2019-02-17,8.05,8.12,8.01,8.01,222361,,,,,historical_baseline,,fe33df9ae5456d8ee27133c42c244c81d150008ababc19399c7ed428638b57ea
4336,2019-02-18,8.08,8.08,8.04,8.07,78483,,,,,historical_baseline,,fe33df9ae5456d8ee27133c42c244c81d150008ababc19399c7ed428638b57ea
4336,2019-02-19,8.05,8.08,8.03,8.08,154800,,,,,historical_baseline,,fe33df9ae5456d8ee27133c42c244c81d150008ababc19399c7ed428638b57ea
4336,2019-02-20,8.07,8.07,8.07,8.07,18720,,,,,historical_baseline,,fe33df9ae5456d8ee27133c42c244c81d150008ababc19399c7ed428638b57ea
4336,2019-02-21,8.08,8.12,8.08,8.12,90267,,,,,historical_baseline,,fe33df9ae5456d8ee27133c42c244c81d150008ababc19399c7ed428638b57ea
4336,2019-02-24,8.12,8.12,8.1,8.1,29112,,,,,historical_baseline,,fe33df9ae5456d8ee27133c42c244c81d150008ababc19399c7ed428638b57ea
4336,2019-02-25,8.08,8.1,8.08,8.1,51886,,,,,historical_baseline,,fe33df9ae5456d8ee27133c42c244c81d150008ababc19399c7ed428638b57ea
4336,2019-02-26,8.08,8.11,8.01,8.11,178238,,,,,historical_baseline,,fe33df9ae5456d8ee27133c42c244c81d150008ababc19399c7ed428638b57ea
4336,2019-02-27,8.09,8.09,8.08,8.08,53028,,,,,historical_baseline,,fe33df9ae5456d8ee27133c42c244c81d150008ababc19399c7ed428638b57ea
4336,2019-02-28,8.08,8.08,8.04,8.06,43658,,,,,historical_baseline,,fe33df9ae5456d8ee27133c42c244c81d150008ababc19399c7ed428638b57ea
4337,2019-02-03,6.92,6.94,6.89,6.89,130031,,,,,historical_baseline,,fe33df9ae5456d8ee27133c42c244c81d150008ababc19399c7ed428638b57ea
4337,2019-02-04,6.9,6.9,6.88,6.88,106869,,,,,historical_baseline,,fe33df9ae5456d8ee27133c42c244c81d150008ababc19399c7ed428638b57ea
4337,2019-02-05,6.88,6.92,6.88,6.92,124506,,,,,historical_baseline,,fe33df9ae5456d8ee27133c42c244c81d150008ababc19399c7ed428638b57ea
4337,2019-02-06,6.91,6.91,6.89,6.9,107305,,,,,historical_baseline,,fe33df9ae5456d8ee27133c42c244c81d150008ababc19399c7ed428638b57ea
4337,2019-02-07,6.9,6.9,6.88,6.89,91348,,,,,historical_baseline,,fe33df9ae5456d8ee27133c42c244c81d150008ababc19399c7ed428638b57ea
4337,2019-02-10,6.88,6.9,6.87,6.87,145946,,,,,historical_baseline,,fe33df9ae5456d8ee27133c42c244c81d150008ababc19399c7ed428638b57ea
4337,2019-02-11,6.89,6.93,6.89,6.9,260364,,,,,historical_baseline,,fe33df9ae5456d8ee27133c42c244c81d150008ababc19399c7ed428638b57ea
4337,2019-02-12,6.89,6.91,6.88,6.91,70572,,,,,historical_baseline,,fe33df9ae5456d8ee27133c42c244c81d150008ababc19399c7ed428638b57ea
4337,2019-02-13,6.92,6.95,6.89,6.9,374727,,,,,historical_baseline,,fe33df9ae5456d8ee27133c42c244c81d150008ababc19399c7ed428638b57ea
4337,2019-02-14,6.92,6.92,6.88,6.89,126719,,,,,historical_baseline,,fe33df9ae5456d8ee27133c42c244c81d150008ababc19399c7ed428638b57ea
4337,2019-02-17,6.88,6.95,6.88,6.92,206969,,,,,historical_baseline,,fe33df9ae5456d8ee27133c42c244c81d150008ababc19399c7ed428638b57ea
4337,2019-02-18,6.93,6.93,6.89,6.9,110720,,,,,historical_baseline,,fe33df9ae5456d8ee27133c42c244c81d150008ababc19399c7ed428638b57ea
4337,2019-02-19,6.9,6.9,6.88,6.88,98833,,,,,historical_baseline,,fe33df9ae5456d8ee27133c42c244c81d150008ababc19399c7ed428638b57ea
4337,2019-02-20,6.87,6.93,6.87,6.91,71423,,,,,historical_baseline,,fe33df9ae5456d8ee27133c42c244c81d150008ababc19399c7ed428638b57ea
4337,2019-02-21,6.9,6.93,6.9,6.93,59290,,,,,historical_baseline,,fe33df9ae5456d8ee27133c42c244c81d150008ababc19399c7ed428638b57ea
4337,2019-02-24,6.91,6.93,6.9,6.9,69302,,,,,historical_baseline,,fe33df9ae5456d8ee27133c42c244c81d150008ababc19399c7ed428638b57ea
4337,2019-02-25,6.91,6.93,6.9,6.91,106984,,,,,historical_baseline,,fe33df9ae5456d8ee27133c42c244c81d150008ababc19399c7ed428638b57ea
4337,2019-02-26,6.9,6.93,6.9,6.91,90246,,,,,historical_baseline,,fe33df9ae5456d8ee27133c42c244c81d150008ababc19399c7ed428638b57ea
4337,2019-02-27,6.9,6.9,6.89,6.89,158034,,,,,historical_baseline,,fe33df9ae5456d8ee27133c42c244c81d150008ababc19399c7ed428638b57ea
4337,2019-02-28,6.89,6.9,6.89,6.9,48857,,,,,historical_baseline,,fe33df9ae5456d8ee27133c42c244c81d150008ababc19399c7ed428638b57ea
4338,2019-02-03,7.77,7.8,7.75,7.75,154311,,,,,historical_baseline,,fe33df9ae5456d8ee27133c42c244c81d150008ababc19399c7ed428638b57ea
4338,2019-02-04,7.75,7.75,7.62,7.62,350534,,,,,historical_baseline,,fe33df9ae5456d8ee27133c42c244c81d150008ababc19399c7ed428638b57ea
4338,2019-02-05,7.61,7.63,7.6,7.63,195692,,,,,historical_baseline,,fe33df9ae5456d8ee27133c42c244c81d150008ababc19399c7ed428638b57ea
4338,2019-02-06,7.62,7.64,7.57,7.58,176666,,,,,historical_baseline,,fe33df9ae5456d8ee27133c42c244c81d150008ababc19399c7ed428638b57ea
4338,2019-02-07,7.57,7.57,7.49,7.54,353968,,,,,historical_baseline,,fe33df9ae5456d8ee27133c42c244c81d150008ababc19399c7ed428638b57ea
4338,2019-02-10,7.51,7.54,7.5,7.51,323001,,,,,historical_baseline,,fe33df9ae5456d8ee27133c42c244c81d150008ababc19399c7ed428638b57ea
4338,2019-02-11,7.49,7.52,7.45,7.48,251740,,,,,historical_baseline,,fe33df9ae5456d8ee27133c42c244c81d150008ababc19399c7ed428638b57ea
4338,2019-02-12,7.5,7.55,7.44,7.55,450371,,,,,historical_baseline,,fe33df9ae5456d8ee27133c42c244c81d150008ababc19399c7ed428638b57ea
4338,2019-02-13,7.57,7.61,7.55,7.61,104907,,,,,historical_baseline,,fe33df9ae5456d8ee27133c42c244c81d150008ababc19399c7ed428638b57ea
4338,2019-02-14,7.83,7.94,7.83,7.9,1002918,,,,,historical_baseline,,fe33df9ae5456d8ee27133c42c244c81d150008ababc19399c7ed428638b57ea
4338,2019-02-17,7.91,7.91,7.82,7.87,534756,,,,,historical_baseline,,fe33df9ae5456d8ee27133c42c244c81d150008ababc19399c7ed428638b57ea
4338,2019-02-18,7.59,7.61,7.51,7.54,673038,,,,,historical_baseline,,fe33df9ae5456d8ee27133c42c244c81d150008ababc19399c7ed428638b57ea
4338,2019-02-19,7.54,7.55,7.5,7.52,172303,,,,,historical_baseline,,fe33df9ae5456d8ee27133c42c244c81d150008ababc19399c7ed428638b57ea
4338,2019-02-20,7.52,7.58,7.51,7.56,110692,,,,,historical_baseline,,fe33df9ae5456d8ee27133c42c244c81d150008ababc19399c7ed428638b57ea
4338,2019-02-21,7.56,7.65,7.53,7.6,357411,,,,,historical_baseline,,fe33df9ae5456d8ee27133c42c244c81d150008ababc19399c7ed428638b57ea
4338,2019-02-24,7.57,7.63,7.57,7.61,52109,,,,,historical_baseline,,fe33df9ae5456d8ee27133c42c244c81d150008ababc19399c7ed428638b57ea
4338,2019-02-25,7.59,7.62,7.59,7.61,64233,,,,,historical_baseline,,fe33df9ae5456d8ee27133c42c244c81d150008ababc19399c7ed428638b57ea
4338,2019-02-26,7.59,7.6,7.59,7.59,49164,,,,,historical_baseline,,fe33df9ae5456d8ee27133c42c244c81d150008ababc19399c7ed428638b57ea
4338,2019-02-27,7.59,7.59,7.55,7.59,100120,,,,,historical_baseline,,fe33df9ae5456d8ee27133c42c244c81d150008ababc19399c7ed428638b57ea
4338,2019-02-28,7.58,7.59,7.58,7.58,69679,,,,,historical_baseline,,fe33df9ae5456d8ee27133c42c244c81d150008ababc19399c7ed428638b57ea
4339,2019-02-03,8.15,8.17,8.09,8.13,180788,,,,,historical_baseline,,fe33df9ae5456d8ee27133c42c244c81d150008ababc19399c7ed428638b57ea
4339,2019-02-04,8.14,8.16,8.06,8.06,396697,,,,,historical_baseline,,fe33df9ae5456d8ee27133c42c244c81d150008ababc19399c7ed428638b57ea
4339,2019-02-05,8.06,8.11,8.06,8.07,415064,,,,,historical_baseline,,fe33df9ae5456d8ee27133c42c244c81d150008ababc19399c7ed428638b57ea
4339,2019-02-06,8.1,8.12,8.08,8.11,316961,,,,,historical_baseline,,fe33df9ae5456d8ee27133c42c244c81d150008ababc19399c7ed428638b57ea
4339,2019-02-07,8.11,8.11,8.09,8.1,181578,,,,,historical_baseline,,fe33df9ae5456d8ee27133c42c244c81d150008ababc19399c7ed428638b57ea
4339,2019-02-10,8.1,8.13,8.08,8.1,301478,,,,,historical_baseline,,fe33df9ae5456d8ee27133c42c244c81d150008ababc19399c7ed428638b57ea
4339,2019-02-11,8.09,8.11,8.08,8.08,193195,,,,,historical_baseline,,fe33df9ae5456d8ee27133c42c244c81d150008ababc19399c7ed428638b57ea
4339,2019-02-12,8.1,8.13,8.08,8.13,88547,,,,,historical_baseline,,fe33df9ae5456d8ee27133c42c244c81d150008ababc19399c7ed428638b57ea
4339,2019-02-13,8.12,8.12,8.08,8.08,329263,,,,,historical_baseline,,fe33df9ae5456d8ee27133c42c244c81d150008ababc19399c7ed428638b57ea
4339,2019-02-14,8.08,8.12,8.08,8.11,148655,,,,,historical_baseline,,fe33df9ae5456d8ee27133c42c244c81d150008ababc19399c7ed428638b57ea
4339,2019-02-17,8.13,8.15,8.11,8.13,322270,,,,,historical_baseline,,fe33df9ae5456d8ee27133c42c244c81d150008ababc19399c7ed428638b57ea
4339,2019-02-18,8.14,8.14,8.12,8.12,146233,,,,,historical_baseline,,fe33df9ae5456d8ee27133c42c244c81d150008ababc19399c7ed428638b57ea
4339,2019-02-19,8.11,8.14,8.1,8.14,160156,,,,,historical_baseline,,fe33df9ae5456d8ee27133c42c244c81d150008ababc19399c7ed428638b57ea
4339,2019-02-20,8.14,8.16,8.13,8.15,216261,,,,,historical_baseline,,fe33df9ae5456d8ee27133c42c244c81d150008ababc19399c7ed428638b57ea
4339,2019-02-21,8.16,8.22,8.16,8.2,472239,,,,,historical_baseline,,fe33df9ae5456d8ee27133c42c244c81d150008ababc19399c7ed428638b57ea
4339,2019-02-24,8.18,8.2,8.18,8.19,149310,,,,,historical_baseline,,fe33df9ae5456d8ee27133c42c244c81d150008ababc19399c7ed428638b57ea
4339,2019-02-25,8.24,8.36,8.2,8.23,365763,,,,,historical_baseline,,fe33df9ae5456d8ee27133c42c244c81d150008ababc19399c7ed428638b57ea
4339,2019-02-26,8.24,8.26,8.23,8.23,149844,,,,,historical_baseline,,fe33df9ae5456d8ee27133c42c244c81d150008ababc19399c7ed428638b57ea
4339,2019-02-27,8.23,8.26,8.2,8.23,245197,,,,,historical_baseline,,fe33df9ae5456d8ee27133c42c244c81d150008ababc19399c7ed428638b57ea
4339,2019-02-28,8.2,8.22,8.16,8.2,141900,,,,,historical_baseline,,fe33df9ae5456d8ee27133c42c244c81d150008ababc19399c7ed428638b57ea
4340,2019-02-03,8.4,8.4,8.34,8.34,84216,,,,,historical_baseline,,fe33df9ae5456d8ee27133c42c244c81d150008ababc19399c7ed428638b57ea
4340,2019-02-04,8.34,8.37,8.34,8.34,24751,,,,,historical_baseline,,fe33df9ae5456d8ee27133c42c244c81d150008ababc19399c7ed428638b57ea
4340,2019-02-05,8.39,8.39,8.35,8.37,49267,,,,,historical_baseline,,fe33df9ae5456d8ee27133c42c244c81d150008ababc19399c7ed428638b57ea
4340,2019-02-06,8.39,8.45,8.38,8.43,86717,,,,,historical_baseline,,fe33df9ae5456d8ee27133c42c244c81d150008ababc19399c7ed428638b57ea
4340,2019-02-07,8.4,8.42,8.38,8.4,77077,,,,,historical_baseline,,fe33df9ae5456d8ee27133c42c244c81d150008ababc19399c7ed428638b57ea
4340,2019-02-10,8.35,8.42,8.35,8.42,41621,,,,,historical_baseline,,fe33df9ae5456d8ee27133c42c244c81d150008ababc19399c7ed428638b57ea
4340,2019-02-11,8.36,8.39,8.35,8.39,45072,,,,,historical_baseline,,fe33df9ae5456d8ee27133c42c244c81d150008ababc19399c7ed428638b57ea
4340,2019-02-12,8.43,8.93,8.43,8.87,1102958,,,,,historical_baseline,,fe33df9ae5456d8ee27133c42c244c81d150008ababc19399c7ed428638b57ea
4340,2019-02-13,8.86,8.87,8.66,8.7,236485,,,,,historical_baseline,,fe33df9ae5456d8ee27133c42c244c81d150008ababc19399c7ed428638b57ea
4340,2019-02-14,8.5,8.71,8.45,8.45,559227,,,,,historical_baseline,,fe33df9ae5456d8ee27133c42c244c81d150008ababc19399c7ed428638b57ea
4340,2019-02-17,8.44,8.5,7.99,8.13,1550048,,,,,historical_baseline,,fe33df9ae5456d8ee27133c42c244c81d150008ababc19399c7ed428638b57ea
4340,2019-02-18,8.14,8.14,8.09,8.09,249704,,,,,historical_baseline,,fe33df9ae5456d8ee27133c42c244c81d150008ababc19399c7ed428638b57ea
4340,2019-02-19,8.09,8.09,8.03,8.09,203968,,,,,historical_baseline,,fe33df9ae5456d8ee27133c42c244c81d150008ababc19399c7ed428638b57ea
4340,2019-02-20,8.09,8.17,8.09,8.16,117879,,,,,historical_baseline,,fe33df9ae5456d8ee27133c42c244c81d150008ababc19399c7ed428638b57ea
4340,2019-02-21,8.18,8.19,8.14,8.19,81337,,,,,historical_baseline,,fe33df9ae5456d8ee27133c42c244c81d150008ababc19399c7ed428638b57ea
4340,2019-02-24,8.14,8.19,8.14,8.16,155685,,,,,historical_baseline,,fe33df9ae5456d8ee27133c42c244c81d150008ababc19399c7ed428638b57ea
4340,2019-02-25,8.19,8.21,8.14,8.19,194426,,,,,historical_baseline,,fe33df9ae5456d8ee27133c42c244c81d150008ababc19399c7ed428638b57ea
4340,2019-02-26,8.19,8.23,8.17,8.17,141304,,,,,historical_baseline,,fe33df9ae5456d8ee27133c42c244c81d150008ababc19399c7ed428638b57ea
4340,2019-02-27,8.26,8.26,8.19,8.24,175961,,,,,historical_baseline,,fe33df9ae5456d8ee27133c42c244c81d150008ababc19399c7ed428638b57ea
4340,2019-02-28,8.22,8.22,8.2,8.21,75493,,,,,historical_baseline,,fe33df9ae5456d8ee27133c42c244c81d150008ababc19399c7ed428638b57ea
4342,2019-02-03,8.6,8.66,8.56,8.66,174549,,,,,historical_baseline,,fe33df9ae5456d8ee27133c42c244c81d150008ababc19399c7ed428638b57ea
4342,2019-02-04,8.63,8.68,8.63,8.68,115190,,,,,historical_baseline,,fe33df9ae5456d8ee27133c42c244c81d150008ababc19399c7ed428638b57ea
4342,2019-02-05,8.65,8.69,8.61,8.69,202321,,,,,historical_baseline,,fe33df9ae5456d8ee27133c42c244c81d150008ababc19399c7ed428638b57ea
4342,2019-02-06,8.68,8.71,8.6,8.7,231099,,,,,historical_baseline,,fe33df9ae5456d8ee27133c42c244c81d150008ababc19399c7ed428638b57ea
4342,2019-02-07,8.63,8.63,8.6,8.61,170402,,,,,historical_baseline,,fe33df9ae5456d8ee27133c42c244c81d150008ababc19399c7ed428638b57ea
4342,2019-02-10,8.6,8.6,8.59,8.6,299803,,,,,historical_baseline,,fe33df9ae5456d8ee27133c42c244c81d150008ababc19399c7ed428638b57ea
4342,2019-02-11,8.6,8.6,8.55,8.55,159102,,,,,historical_baseline,,fe33df9ae5456d8ee27133c42c244c81d150008ababc19399c7ed428638b57ea
4342,2019-02-12,8.56,8.56,8.48,8.5,304884,,,,,historical_baseline,,fe33df9ae5456d8ee27133c42c244c81d150008ababc19399c7ed428638b57ea
4342,2019-02-13,8.64,8.7,8.54,8.6,251223,,,,,historical_baseline,,fe33df9ae5456d8ee27133c42c244c81d150008ababc19399c7ed428638b57ea
4342,2019-02-14,8.6,8.65,8.6,8.64,136676,,,,,historical_baseline,,fe33df9ae5456d8ee27133c42c244c81d150008ababc19399c7ed428638b57ea
4342,2019-02-17,8.68,8.7,8.63,8.67,169928,,,,,historical_baseline,,fe33df9ae5456d8ee27133c42c244c81d150008ababc19399c7ed428638b57ea
4342,2019-02-18,8.68,8.68,8.63,8.64,140123,,,,,historical_baseline,,fe33df9ae5456d8ee27133c42c244c81d150008ababc19399c7ed428638b57ea
4342,2019-02-19,8.67,8.7,8.63,8.67,213145,,,,,historical_baseline,,fe33df9ae5456d8ee27133c42c244c81d150008ababc19399c7ed428638b57ea
4342,2019-02-20,8.5,8.69,8.5,8.69,186933,,,,,historical_baseline,,fe33df9ae5456d8ee27133c42c244c81d150008ababc19399c7ed428638b57ea
4342,2019-02-21,8.68,8.68,8.59,8.6,168987,,,,,historical_baseline,,fe33df9ae5456d8ee27133c42c244c81d150008ababc19399c7ed428638b57ea
4342,2019-02-24,8.55,8.57,8.55,8.57,84807,,,,,historical_baseline,,fe33df9ae5456d8ee27133c42c244c81d150008ababc19399c7ed428638b57ea
4342,2019-02-25,8.59,8.64,8.59,8.64,230657,,,,,historical_baseline,,fe33df9ae5456d8ee27133c42c244c81d150008ababc19399c7ed428638b57ea
4342,2019-02-26,8.61,8.61,8.59,8.6,181434,,,,,historical_baseline,,fe33df9ae5456d8ee27133c42c244c81d150008ababc19399c7ed428638b57ea
4342,2019-02-27,8.63,8.65,8.55,8.6,220544,,,,,historical_baseline,,fe33df9ae5456d8ee27133c42c244c81d150008ababc19399c7ed428638b57ea
4342,2019-02-28,8.56,8.63,8.56,8.63,175062,,,,,historical_baseline,,fe33df9ae5456d8ee27133c42c244c81d150008ababc19399c7ed428638b57ea
4344,2019-02-06,7.54,7.54,7.54,7.54,39454,,,,,historical_baseline,,fe33df9ae5456d8ee27133c42c244c81d150008ababc19399c7ed428638b57ea
4344,2019-02-07,7.5,7.5,7.45,7.45,188384,,,,,historical_baseline,,fe33df9ae5456d8ee27133c42c244c81d150008ababc19399c7ed428638b57ea
4344,2019-02-10,7.45,7.45,7.4,7.4,87426,,,,,historical_baseline,,fe33df9ae5456d8ee27133c42c244c81d150008ababc19399c7ed428638b57ea
4344,2019-02-11,7.59,7.8,7.41,7.42,365479,,,,,historical_baseline,,fe33df9ae5456d8ee27133c42c244c81d150008ababc19399c7ed428638b57ea
4344,2019-02-12,7.5,7.64,7.49,7.54,88105,,,,,historical_baseline,,fe33df9ae5456d8ee27133c42c244c81d150008ababc19399c7ed428638b57ea
4344,2019-02-13,7.49,7.57,7.49,7.55,56832,,,,,historical_baseline,,fe33df9ae5456d8ee27133c42c244c81d150008ababc19399c7ed428638b57ea
4344,2019-02-14,7.6,7.6,7.53,7.6,59477,,,,,historical_baseline,,fe33df9ae5456d8ee27133c42c244c81d150008ababc19399c7ed428638b57ea
4344,2019-02-17,7.6,7.86,7.59,7.6,512078,,,,,historical_baseline,,fe33df9ae5456d8ee27133c42c244c81d150008ababc19399c7ed428638b57ea
4344,2019-02-18,7.57,7.6,7.57,7.6,50909,,,,,historical_baseline,,fe33df9ae5456d8ee27133c42c244c81d150008ababc19399c7ed428638b57ea
4344,2019-02-19,7.56,7.64,7.56,7.64,2622466,,,,,historical_baseline,,fe33df9ae5456d8ee27133c42c244c81d150008ababc19399c7ed428638b57ea
4344,2019-02-20,7.6,7.6,7.55,7.57,170644,,,,,historical_baseline,,fe33df9ae5456d8ee27133c42c244c81d150008ababc19399c7ed428638b57ea
4344,2019-02-21,7.55,7.65,7.55,7.6,201184,,,,,historical_baseline,,fe33df9ae5456d8ee27133c42c244c81d150008ababc19399c7ed428638b57ea
4344,2019-02-24,7.6,7.65,7.56,7.58,123154,,,,,historical_baseline,,fe33df9ae5456d8ee27133c42c244c81d150008ababc19399c7ed428638b57ea
4344,2019-02-25,7.56,7.58,7.55,7.56,90887,,,,,historical_baseline,,fe33df9ae5456d8ee27133c42c244c81d150008ababc19399c7ed428638b57ea
4344,2019-02-26,7.59,7.59,7.5,7.5,185055,,,,,historical_baseline,,fe33df9ae5456d8ee27133c42c244c81d150008ababc19399c7ed428638b57ea
4344,2019-02-27,7.49,7.55,7.49,7.5,113755,,,,,historical_baseline,,fe33df9ae5456d8ee27133c42c244c81d150008ababc19399c7ed428638b57ea
4344,2019-02-28,7.5,7.5,7.45,7.45,116587,,,,,historical_baseline,,fe33df9ae5456d8ee27133c42c244c81d150008ababc19399c7ed428638b57ea
5110,2019-02-03,17.3,17.56,16.88,16.96,2921870,,,,,historical_baseline,,fe33df9ae5456d8ee27133c42c244c81d150008ababc19399c7ed428638b57ea
5110,2019-02-04,16.84,16.9,16.52,16.56,2382721,,,,,historical_baseline,,fe33df9ae5456d8ee27133c42c244c81d150008ababc19399c7ed428638b57ea
5110,2019-02-05,16.6,17.36,16.6,17.36,1732367,,,,,historical_baseline,,fe33df9ae5456d8ee27133c42c244c81d150008ababc19399c7ed428638b57ea
5110,2019-02-06,16.2,17.18,16.2,16.94,3612447,,,,,historical_baseline,,fe33df9ae5456d8ee27133c42c244c81d150008ababc19399c7ed428638b57ea
5110,2019-02-07,16.94,16.94,16.7,16.76,1356058,,,,,historical_baseline,,fe33df9ae5456d8ee27133c42c244c81d150008ababc19399c7ed428638b57ea
5110,2019-02-10,16.7,16.78,16.62,16.74,753586,,,,,historical_baseline,,fe33df9ae5456d8ee27133c42c244c81d150008ababc19399c7ed428638b57ea
5110,2019-02-11,16.7,16.74,16.6,16.66,937778,,,,,historical_baseline,,fe33df9ae5456d8ee27133c42c244c81d150008ababc19399c7ed428638b57ea
5110,2019-02-12,16.7,16.76,16.56,16.68,1245179,,,,,historical_baseline,,fe33df9ae5456d8ee27133c42c244c81d150008ababc19399c7ed428638b57ea
5110,2019-02-13,16.7,16.88,16.62,16.82,816781,,,,,historical_baseline,,fe33df9ae5456d8ee27133c42c244c81d150008ababc19399c7ed428638b57ea
5110,2019-02-14,16.84,16.86,16.66,16.8,767849,,,,,historical_baseline,,fe33df9ae5456d8ee27133c42c244c81d150008ababc19399c7ed428638b57ea
5110,2019-02-17,16.72,16.78,16.64,16.68,643524,,,,,historical_baseline,,fe33df9ae5456d8ee27133c42c244c81d150008ababc19399c7ed428638b57ea
5110,2019-02-18,16.74,16.76,16.68,16.76,585896,,,,,historical_baseline,,fe33df9ae5456d8ee27133c42c244c81d150008ababc19399c7ed428638b57ea
5110,2019-02-19,16.76,16.76,16.64,16.64,574279,,,,,historical_baseline,,fe33df9ae5456d8ee27133c42c244c81d150008ababc19399c7ed428638b57ea
5110,2019-02-20,16.7,16.8,16.66,16.8,370975,,,,,historical_baseline,,fe33df9ae5456d8ee27133c42c244c81d150008ababc19399c7ed428638b57ea
5110,2019-02-21,16.78,16.78,16.64,16.74,581707,,,,,historical_baseline,,fe33df9ae5456d8ee27133c42c244c81d150008ababc19399c7ed428638b57ea
5110,2019-02-24,16.7,16.74,16.66,16.74,435106,,,,,historical_baseline,,fe33df9ae5456d8ee27133c42c244c81d150008ababc19399c7ed428638b57ea
5110,2019-02-25,16.66,16.7,16.54,16.56,832087,,,,,historical_baseline,,fe33df9ae5456d8ee27133c42c244c81d150008ababc19399c7ed428638b57ea
5110,2019-02-26,16.6,16.66,16.5,16.6,713311,,,,,historical_baseline,,fe33df9ae5456d8ee27133c42c244c81d150008ababc19399c7ed428638b57ea
5110,2019-02-27,16.54,16.66,16.48,16.62,928232,,,,,historical_baseline,,fe33df9ae5456d8ee27133c42c244c81d150008ababc19399c7ed428638b57ea
5110,2019-02-28,16.6,16.62,16.42,16.52,1972367,,,,,historical_baseline,,fe33df9ae5456d8ee27133c42c244c81d150008ababc19399c7ed428638b57ea
6001,2019-02-03,36.36,37.37,36.36,37.01,304155,,,,,historical_baseline,,fe33df9ae5456d8ee27133c42c244c81d150008ababc19399c7ed428638b57ea
6001,2019-02-04,36.93,37.82,36.93,37.17,187732,,,,,historical_baseline,,fe33df9ae5456d8ee27133c42c244c81d150008ababc19399c7ed428638b57ea
6001,2019-02-05,37.29,37.37,36.93,37.17,70062,,,,,historical_baseline,,fe33df9ae5456d8ee27133c42c244c81d150008ababc19399c7ed428638b57ea
6001,2019-02-06,37.13,37.13,36.57,36.77,35549,,,,,historical_baseline,,fe33df9ae5456d8ee27133c42c244c81d150008ababc19399c7ed428638b57ea
6001,2019-02-07,36.81,36.81,36.4,36.61,21853,,,,,historical_baseline,,fe33df9ae5456d8ee27133c42c244c81d150008ababc19399c7ed428638b57ea
6001,2019-02-10,36.36,36.36,35.96,36.16,43751,,,,,historical_baseline,,fe33df9ae5456d8ee27133c42c244c81d150008ababc19399c7ed428638b57ea
6001,2019-02-11,35.96,36.04,35.88,35.88,24261,,,,,historical_baseline,,fe33df9ae5456d8ee27133c42c244c81d150008ababc19399c7ed428638b57ea
6001,2019-02-12,35.88,36.32,35.56,36.28,53473,,,,,historical_baseline,,fe33df9ae5456d8ee27133c42c244c81d150008ababc19399c7ed428638b57ea
6001,2019-02-13,36.28,36.4,36.2,36.32,24788,,,,,historical_baseline,,fe33df9ae5456d8ee27133c42c244c81d150008ababc19399c7ed428638b57ea
6001,2019-02-14,36.2,36.61,36.12,36.12,18806,,,,,historical_baseline,,fe33df9ae5456d8ee27133c42c244c81d150008ababc19399c7ed428638b57ea
6001,2019-02-17,36.16,36.16,35.96,36.16,22562,,,,,historical_baseline,,fe33df9ae5456d8ee27133c42c244c81d150008ababc19399c7ed428638b57ea
6001,2019-02-18,36.08,36.24,36.04,36.12,11033,,,,,historical_baseline,,fe33df9ae5456d8ee27133c42c244c81d150008ababc19399c7ed428638b57ea
6001,2019-02-19,36.04,36.04,35.96,35.96,8434,,,,,historical_baseline,,fe33df9ae5456d8ee27133c42c244c81d150008ababc19399c7ed428638b57ea
6001,2019-02-20,36.08,36.08,36.08,36.08,4713,,,,,historical_baseline,,fe33df9ae5456d8ee27133c42c244c81d150008ababc19399c7ed428638b57ea
6001,2019-02-21,35.92,36.36,35.92,36.36,12323,,,,,historical_baseline,,fe33df9ae5456d8ee27133c42c244c81d150008ababc19399c7ed428638b57ea
6001,2019-02-24,36.32,36.44,36.08,36.28,20147,,,,,historical_baseline,,fe33df9ae5456d8ee27133c42c244c81d150008ababc19399c7ed428638b57ea
6001,2019-02-25,36.04,36.28,35.88,36.28,17692,,,,,historical_baseline,,fe33df9ae5456d8ee27133c42c244c81d150008ababc19399c7ed428638b57ea
6001,2019-02-26,36.2,36.28,35.84,36.28,5326,,,,,historical_baseline,,fe33df9ae5456d8ee27133c42c244c81d150008ababc19399c7ed428638b57ea
6001,2019-02-27,36.16,36.24,35.92,36.24,13681,,,,,historical_baseline,,fe33df9ae5456d8ee27133c42c244c81d150008ababc19399c7ed428638b57ea
6001,2019-02-28,36.08,36.2,36.08,36.08,4341,,,,,historical_baseline,,fe33df9ae5456d8ee27133c42c244c81d150008ababc19399c7ed428638b57ea
6002,2019-02-03,48.0,48.0,48.0,48.0,12026,,,,,historical_baseline,,fe33df9ae5456d8ee27133c42c244c81d150008ababc19399c7ed428638b57ea
6002,2019-02-04,48.05,48.3,48.05,48.3,20782,,,,,historical_baseline,,fe33df9ae5456d8ee27133c42c244c81d150008ababc19399c7ed428638b57ea
6002,2019-02-05,47.8,48.0,47.35,47.5,115484,,,,,historical_baseline,,fe33df9ae5456d8ee27133c42c244c81d150008ababc19399c7ed428638b57ea
6002,2019-02-06,47.35,49.15,47.25,49.15,239847,,,,,historical_baseline,,fe33df9ae5456d8ee27133c42c244c81d150008ababc19399c7ed428638b57ea
6002,2019-02-07,48.7,48.8,48.1,48.55,67793,,,,,historical_baseline,,fe33df9ae5456d8ee27133c42c244c81d150008ababc19399c7ed428638b57ea
6002,2019-02-10,48.6,48.95,48.6,48.9,72245,,,,,historical_baseline,,fe33df9ae5456d8ee27133c42c244c81d150008ababc19399c7ed428638b57ea
6002,2019-02-11,48.9,48.9,48.15,48.15,29684,,,,,historical_baseline,,fe33df9ae5456d8ee27133c42c244c81d150008ababc19399c7ed428638b57ea
6002,2019-02-12,48.05,48.55,48.0,48.5,45587,,,,,historical_baseline,,fe33df9ae5456d8ee27133c42c244c81d150008ababc19399c7ed428638b57ea
6002,2019-02-13,48.5,49.4,48.5,49.0,100883,,,,,historical_baseline,,fe33df9ae5456d8ee27133c42c244c81d150008ababc19399c7ed428638b57ea
6002,2019-02-14,49.4,49.4,48.5,48.8,38697,,,,,historical_baseline,,fe33df9ae5456d8ee27133c42c244c81d150008ababc19399c7ed428638b57ea
6002,2019-02-17,49.0,49.3,48.25,49.3,20459,,,,,historical_baseline,,fe33df9ae5456d8ee27133c42c244c81d150008ababc19399c7ed428638b57ea
6002,2019-02-18,49.5,49.5,48.35,48.5,19223,,,,,historical_baseline,,fe33df9ae5456d8ee27133c42c244c81d150008ababc19399c7ed428638b57ea
6002,2019-02-19,49.0,49.0,47.9,48.0,137668,,,,,historical_baseline,,fe33df9ae5456d8ee27133c42c244c81d150008ababc19399c7ed428638b57ea
6002,2019-02-20,48.0,48.7,47.85,48.7,61188,,,,,historical_baseline,,fe33df9ae5456d8ee27133c42c244c81d150008ababc19399c7ed428638b57ea
6002,2019-02-21,48.3,48.6,48.1,48.6,23330,,,,,historical_baseline,,fe33df9ae5456d8ee27133c42c244c81d150008ababc19399c7ed428638b57ea
6002,2019-02-24,48.6,48.8,48.3,48.8,10546,,,,,historical_baseline,,fe33df9ae5456d8ee27133c42c244c81d150008ababc19399c7ed428638b57ea
6002,2019-02-25,48.75,48.75,48.1,48.1,90608,,,,,historical_baseline,,fe33df9ae5456d8ee27133c42c244c81d150008ababc19399c7ed428638b57ea
6002,2019-02-26,48.05,48.1,47.9,48.0,67084,,,,,historical_baseline,,fe33df9ae5456d8ee27133c42c244c81d150008ababc19399c7ed428638b57ea
6002,2019-02-27,47.9,48.6,47.8,48.6,38835,,,,,historical_baseline,,fe33df9ae5456d8ee27133c42c244c81d150008ababc19399c7ed428638b57ea
6002,2019-02-28,48.3,49.2,48.3,49.2,36920,,,,,historical_baseline,,fe33df9ae5456d8ee27133c42c244c81d150008ababc19399c7ed428638b57ea
6004,2019-02-03,86.4,86.5,85.8,86.1,34921,,,,,historical_baseline,,fe33df9ae5456d8ee27133c42c244c81d150008ababc19399c7ed428638b57ea
6004,2019-02-04,86.3,86.4,85.9,86.2,30952,,,,,historical_baseline,,fe33df9ae5456d8ee27133c42c244c81d150008ababc19399c7ed428638b57ea
6004,2019-02-05,86.1,86.5,86.0,86.4,44948,,,,,historical_baseline,,fe33df9ae5456d8ee27133c42c244c81d150008ababc19399c7ed428638b57ea
6004,2019-02-06,86.4,86.5,86.0,86.4,46599,,,,,historical_baseline,,fe33df9ae5456d8ee27133c42c244c81d150008ababc19399c7ed428638b57ea
6004,2019-02-07,86.4,86.4,85.6,85.7,58438,,,,,historical_baseline,,fe33df9ae5456d8ee27133c42c244c81d150008ababc19399c7ed428638b57ea
6004,2019-02-10,86.0,86.0,85.3,85.9,30730,,,,,historical_baseline,,fe33df9ae5456d8ee27133c42c244c81d150008ababc19399c7ed428638b57ea
6004,2019-02-11,85.9,85.9,84.4,84.8,65661,,,,,historical_baseline,,fe33df9ae5456d8ee27133c42c244c81d150008ababc19399c7ed428638b57ea
6004,2019-02-12,84.8,85.0,84.4,84.8,53581,,,,,historical_baseline,,fe33df9ae5456d8ee27133c42c244c81d150008ababc19399c7ed428638b57ea
6004,2019-02-13,86.0,87.2,85.2,85.2,211820,,,,,historical_baseline,,fe33df9ae5456d8ee27133c42c244c81d150008ababc19399c7ed428638b57ea
6004,2019-02-14,85.2,85.5,85.0,85.2,46465,,,,,historical_baseline,,fe33df9ae5456d8ee27133c42c244c81d150008ababc19399c7ed428638b57ea
6004,2019-02-17,85.2,85.4,84.6,84.6,37879,,,,,historical_baseline,,fe33df9ae5456d8ee27133c42c244c81d150008ababc19399c7ed428638b57ea
6004,2019-02-18,84.6,84.6,83.0,83.1,164373,,,,,historical_baseline,,fe33df9ae5456d8ee27133c42c244c81d150008ababc19399c7ed428638b57ea
6004,2019-02-19,83.2,83.6,83.0,83.3,64057,,,,,historical_baseline,,fe33df9ae5456d8ee27133c42c244c81d150008ababc19399c7ed428638b57ea
6004,2019-02-20,83.8,84.1,83.6,84.0,71980,,,,,historical_baseline,,fe33df9ae5456d8ee27133c42c244c81d150008ababc19399c7ed428638b57ea
6004,2019-02-21,84.3,84.3,83.7,84.0,40094,,,,,historical_baseline,,fe33df9ae5456d8ee27133c42c244c81d150008ababc19399c7ed428638b57ea
6004,2019-02-24,84.0,85.0,83.8,84.9,83614,,,,,historical_baseline,,fe33df9ae5456d8ee27133c42c244c81d150008ababc19399c7ed428638b57ea
6004,2019-02-25,84.5,84.9,84.2,84.9,50591,,,,,historical_baseline,,fe33df9ae5456d8ee27133c42c244c81d150008ababc19399c7ed428638b57ea
6004,2019-02-26,84.8,84.9,84.3,84.4,24005,,,,,historical_baseline,,fe33df9ae5456d8ee27133c42c244c81d150008ababc19399c7ed428638b57ea
6004,2019-02-27,84.4,84.5,83.8,84.0,50838,,,,,historical_baseline,,fe33df9ae5456d8ee27133c42c244c81d150008ababc19399c7ed428638b57ea
6004,2019-02-28,84.0,84.2,82.8,83.9,108511,,,,,historical_baseline,,fe33df9ae5456d8ee27133c42c244c81d150008ababc19399c7ed428638b57ea
6010,2019-02-03,11.16,11.22,11.12,11.2,527830,,,,,historical_baseline,,fe33df9ae5456d8ee27133c42c244c81d150008ababc19399c7ed428638b57ea
6010,2019-02-04,11.2,11.28,11.12,11.22,1070744,,,,,historical_baseline,,fe33df9ae5456d8ee27133c42c244c81d150008ababc19399c7ed428638b57ea
6010,2019-02-05,11.24,11.24,11.14,11.18,671172,,,,,historical_baseline,,fe33df9ae5456d8ee27133c42c244c81d150008ababc19399c7ed428638b57ea
6010,2019-02-06,11.4,11.67,11.2,11.34,6449669,,,,,historical_baseline,,fe33df9ae5456d8ee27133c42c244c81d150008ababc19399c7ed428638b57ea
6010,2019-02-07,11.36,11.4,11.14,11.14,1964661,,,,,historical_baseline,,fe33df9ae5456d8ee27133c42c244c81d150008ababc19399c7ed428638b57ea
6010,2019-02-10,11.16,11.2,10.96,10.96,1066859,,,,,historical_baseline,,fe33df9ae5456d8ee27133c42c244c81d150008ababc19399c7ed428638b57ea
6010,2019-02-11,10.96,11.04,10.92,10.96,537465,,,,,historical_baseline,,fe33df9ae5456d8ee27133c42c244c81d150008ababc19399c7ed428638b57ea
6010,2019-02-12,10.96,11.12,10.94,11.1,951652,,,,,historical_baseline,,fe33df9ae5456d8ee27133c42c244c81d150008ababc19399c7ed428638b57ea
6010,2019-02-13,11.1,11.12,10.98,11.02,400187,,,,,historical_baseline,,fe33df9ae5456d8ee27133c42c244c81d150008ababc19399c7ed428638b57ea
6010,2019-02-14,11.0,11.12,11.0,11.12,447082,,,,,historical_baseline,,fe33df9ae5456d8ee27133c42c244c81d150008ababc19399c7ed428638b57ea
6010,2019-02-17,11.1,11.18,11.02,11.16,581715,,,,,historical_baseline,,fe33df9ae5456d8ee27133c42c244c81d150008ababc19399c7ed428638b57ea
6010,2019-02-18,11.16,11.18,11.0,11.06,533462,,,,,historical_baseline,,fe33df9ae5456d8ee27133c42c244c81d150008ababc19399c7ed428638b57ea
6010,2019-02-19,11.02,11.04,10.96,10.96,286942,,,,,historical_baseline,,fe33df9ae5456d8ee27133c42c244c81d150008ababc19399c7ed428638b57ea
6010,2019-02-20,10.9,11.02,10.9,11.0,504012,,,,,historical_baseline,,fe33df9ae5456d8ee27133c42c244c81d150008ababc19399c7ed428638b57ea
6010,2019-02-21,10.96,11.02,10.9,11.0,148025,,,,,historical_baseline,,fe33df9ae5456d8ee27133c42c244c81d150008ababc19399c7ed428638b57ea
6010,2019-02-24,10.98,11.02,10.9,10.98,290651,,,,,historical_baseline,,fe33df9ae5456d8ee27133c42c244c81d150008ababc19399c7ed428638b57ea
6010,2019-02-25,10.92,10.96,10.8,10.92,499961,,,,,historical_baseline,,fe33df9ae5456d8ee27133c42c244c81d150008ababc19399c7ed428638b57ea
6010,2019-02-26,10.92,10.94,10.88,10.94,103486,,,,,historical_baseline,,fe33df9ae5456d8ee27133c42c244c81d150008ababc19399c7ed428638b57ea
6010,2019-02-27,10.94,10.94,10.82,10.9,245528,,,,,historical_baseline,,fe33df9ae5456d8ee27133c42c244c81d150008ababc19399c7ed428638b57ea
6010,2019-02-28,10.9,10.9,10.82,10.82,220520,,,,,historical_baseline,,fe33df9ae5456d8ee27133c42c244c81d150008ababc19399c7ed428638b57ea
6020,2019-02-03,10.98,10.98,10.9,10.96,110829,,,,,historical_baseline,,fe33df9ae5456d8ee27133c42c244c81d150008ababc19399c7ed428638b57ea
6020,2019-02-04,10.98,11.08,10.92,10.92,416145,,,,,historical_baseline,,fe33df9ae5456d8ee27133c42c244c81d150008ababc19399c7ed428638b57ea
6020,2019-02-05,10.94,10.98,10.92,10.92,137776,,,,,historical_baseline,,fe33df9ae5456d8ee27133c42c244c81d150008ababc19399c7ed428638b57ea
6020,2019-02-06,11.2,11.44,11.1,11.22,2597212,,,,,historical_baseline,,fe33df9ae5456d8ee27133c42c244c81d150008ababc19399c7ed428638b57ea
6020,2019-02-07,11.2,11.2,10.98,11.04,708210,,,,,historical_baseline,,fe33df9ae5456d8ee27133c42c244c81d150008ababc19399c7ed428638b57ea
6020,2019-02-10,11.08,11.08,10.92,10.98,283820,,,,,historical_baseline,,fe33df9ae5456d8ee27133c42c244c81d150008ababc19399c7ed428638b57ea
6020,2019-02-11,10.98,11.08,10.96,10.96,284892,,,,,historical_baseline,,fe33df9ae5456d8ee27133c42c244c81d150008ababc19399c7ed428638b57ea
6020,2019-02-12,11.0,12.04,11.0,12.0,4373525,,,,,historical_baseline,,fe33df9ae5456d8ee27133c42c244c81d150008ababc19399c7ed428638b57ea
6020,2019-02-13,11.8,11.9,11.4,11.4,2317754,,,,,historical_baseline,,fe33df9ae5456d8ee27133c42c244c81d150008ababc19399c7ed428638b57ea
6020,2019-02-14,11.4,11.92,11.28,11.7,2381543,,,,,historical_baseline,,fe33df9ae5456d8ee27133c42c244c81d150008ababc19399c7ed428638b57ea
6020,2019-02-17,11.86,12.76,11.82,12.2,4672723,,,,,historical_baseline,,fe33df9ae5456d8ee27133c42c244c81d150008ababc19399c7ed428638b57ea
6020,2019-02-18,12.26,12.5,12.04,12.14,2058199,,,,,historical_baseline,,fe33df9ae5456d8ee27133c42c244c81d150008ababc19399c7ed428638b57ea
6020,2019-02-19,12.04,12.14,11.9,12.0,1199992,,,,,historical_baseline,,fe33df9ae5456d8ee27133c42c244c81d150008ababc19399c7ed428638b57ea
6020,2019-02-20,11.96,12.52,11.9,12.32,2674538,,,,,historical_baseline,,fe33df9ae5456d8ee27133c42c244c81d150008ababc19399c7ed428638b57ea
6020,2019-02-21,12.16,12.48,12.16,12.18,901001,,,,,historical_baseline,,fe33df9ae5456d8ee27133c42c244c81d150008ababc19399c7ed428638b57ea
6020,2019-02-24,12.18,12.26,11.92,11.92,752258,,,,,historical_baseline,,fe33df9ae5456d8ee27133c42c244c81d150008ababc19399c7ed428638b57ea
6020,2019-02-25,11.86,11.88,11.6,11.78,894137,,,,,historical_baseline,,fe33df9ae5456d8ee27133c42c244c81d150008ababc19399c7ed428638b57ea
6020,2019-02-26,11.62,12.08,11.6,11.84,784352,,,,,historical_baseline,,fe33df9ae5456d8ee27133c42c244c81d150008ababc19399c7ed428638b57ea
6020,2019-02-27,11.9,12.04,11.7,11.92,979279,,,,,historical_baseline,,fe33df9ae5456d8ee27133c42c244c81d150008ababc19399c7ed428638b57ea
6020,2019-02-28,11.9,11.96,11.8,11.8,465644,,,,,historical_baseline,,fe33df9ae5456d8ee27133c42c244c81d150008ababc19399c7ed428638b57ea
6040,2019-02-03,13.8,13.8,13.74,13.74,79499,,,,,historical_baseline,,fe33df9ae5456d8ee27133c42c244c81d150008ababc19399c7ed428638b57ea
6040,2019-02-04,13.77,13.8,13.69,13.72,115736,,,,,historical_baseline,,fe33df9ae5456d8ee27133c42c244c81d150008ababc19399c7ed428638b57ea
6040,2019-02-05,13.72,13.85,13.69,13.85,81616,,,,,historical_baseline,,fe33df9ae5456d8ee27133c42c244c81d150008ababc19399c7ed428638b57ea
6040,2019-02-06,14.41,14.79,14.41,14.52,2551866,,,,,historical_baseline,,fe33df9ae5456d8ee27133c42c244c81d150008ababc19399c7ed428638b57ea
6040,2019-02-07,14.55,14.63,14.23,14.31,697628,,,,,historical_baseline,,fe33df9ae5456d8ee27133c42c244c81d150008ababc19399c7ed428638b57ea
6040,2019-02-10,14.25,14.31,14.12,14.17,377990,,,,,historical_baseline,,fe33df9ae5456d8ee27133c42c244c81d150008ababc19399c7ed428638b57ea
6040,2019-02-11,14.12,14.2,14.01,14.07,111227,,,,,historical_baseline,,fe33df9ae5456d8ee27133c42c244c81d150008ababc19399c7ed428638b57ea
6040,2019-02-12,14.01,14.68,14.01,14.52,1621083,,,,,historical_baseline,,fe33df9ae5456d8ee27133c42c244c81d150008ababc19399c7ed428638b57ea
6040,2019-02-13,14.49,14.49,14.04,14.09,490083,,,,,historical_baseline,,fe33df9ae5456d8ee27133c42c244c81d150008ababc19399c7ed428638b57ea
6040,2019-02-14,14.09,14.36,14.01,14.2,351668,,,,,historical_baseline,,fe33df9ae5456d8ee27133c42c244c81d150008ababc19399c7ed428638b57ea
6040,2019-02-17,14.17,14.73,14.17,14.49,1555895,,,,,historical_baseline,,fe33df9ae5456d8ee27133c42c244c81d150008ababc19399c7ed428638b57ea
6040,2019-02-18,14.52,14.63,14.28,14.31,360975,,,,,historical_baseline,,fe33df9ae5456d8ee27133c42c244c81d150008ababc19399c7ed428638b57ea
6040,2019-02-19,14.23,14.28,14.17,14.17,135760,,,,,historical_baseline,,fe33df9ae5456d8ee27133c42c244c81d150008ababc19399c7ed428638b57ea
6040,2019-02-20,14.15,14.49,14.09,14.17,317596,,,,,historical_baseline,,fe33df9ae5456d8ee27133c42c244c81d150008ababc19399c7ed428638b57ea
6040,2019-02-21,14.17,14.28,14.09,14.15,140248,,,,,historical_baseline,,fe33df9ae5456d8ee27133c42c244c81d150008ababc19399c7ed428638b57ea
6040,2019-02-24,14.15,14.15,14.01,14.01,174814,,,,,historical_baseline,,fe33df9ae5456d8ee27133c42c244c81d150008ababc19399c7ed428638b57ea
6040,2019-02-25,14.01,14.01,13.88,13.88,87047,,,,,historical_baseline,,fe33df9ae5456d8ee27133c42c244c81d150008ababc19399c7ed428638b57ea
6040,2019-02-26,13.96,14.07,13.88,13.96,105053,,,,,historical_baseline,,fe33df9ae5456d8ee27133c42c244c81d150008ababc19399c7ed428638b57ea
6040,2019-02-27,13.91,13.99,13.85,13.93,101455,,,,,historical_baseline,,fe33df9ae5456d8ee27133c42c244c81d150008ababc19399c7ed428638b57ea
6040,2019-02-28,13.91,13.91,13.74,13.88,133270,,,,,historical_baseline,,fe33df9ae5456d8ee27133c42c244c81d150008ababc19399c7ed428638b57ea
6050,2019-02-03,192.8,200.63,191.4,195.03,3327567,,,,,historical_baseline,,fe33df9ae5456d8ee27133c42c244c81d150008ababc19399c7ed428638b57ea
6050,2019-02-04,195.87,197.83,194.19,195.31,1240868,,,,,historical_baseline,,fe33df9ae5456d8ee27133c42c244c81d150008ababc19399c7ed428638b57ea
6050,2019-02-05,195.87,201.19,194.75,195.87,2875456,,,,,historical_baseline,,fe33df9ae5456d8ee27133c42c244c81d150008ababc19399c7ed428638b57ea
6050,2019-02-06,196.71,201.47,196.43,199.51,3144839,,,,,historical_baseline,,fe33df9ae5456d8ee27133c42c244c81d150008ababc19399c7ed428638b57ea
6050,2019-02-07,200.07,200.35,195.03,195.03,1281742,,,,,historical_baseline,,fe33df9ae5456d8ee27133c42c244c81d150008ababc19399c7ed428638b57ea
6050,2019-02-10,195.03,195.87,192.52,193.08,884418,,,,,historical_baseline,,fe33df9ae5456d8ee27133c42c244c81d150008ababc19399c7ed428638b57ea
6050,2019-02-11,193.08,194.47,188.04,188.88,1212336,,,,,historical_baseline,,fe33df9ae5456d8ee27133c42c244c81d150008ababc19399c7ed428638b57ea
6050,2019-02-12,188.32,190.84,186.64,186.92,1039738,,,,,historical_baseline,,fe33df9ae5456d8ee27133c42c244c81d150008ababc19399c7ed428638b57ea
6050,2019-02-13,187.2,188.88,183.56,183.56,690554,,,,,historical_baseline,,fe33df9ae5456d8ee27133c42c244c81d150008ababc19399c7ed428638b57ea
6050,2019-02-14,183.56,191.96,183.0,188.88,2346813,,,,,historical_baseline,,fe33df9ae5456d8ee27133c42c244c81d150008ababc19399c7ed428638b57ea
6050,2019-02-17,190.28,191.4,186.36,187.48,842637,,,,,historical_baseline,,fe33df9ae5456d8ee27133c42c244c81d150008ababc19399c7ed428638b57ea
6050,2019-02-18,187.48,188.88,184.68,185.8,737456,,,,,historical_baseline,,fe33df9ae5456d8ee27133c42c244c81d150008ababc19399c7ed428638b57ea
6050,2019-02-19,185.52,190.0,185.24,186.64,1283806,,,,,historical_baseline,,fe33df9ae5456d8ee27133c42c244c81d150008ababc19399c7ed428638b57ea
6050,2019-02-20,187.48,188.6,186.36,187.2,529559,,,,,historical_baseline,,fe33df9ae5456d8ee27133c42c244c81d150008ababc19399c7ed428638b57ea
6050,2019-02-21,187.48,188.04,185.52,186.08,345114,,,,,historical_baseline,,fe33df9ae5456d8ee27133c42c244c81d150008ababc19399c7ed428638b57ea
6050,2019-02-24,185.8,189.72,185.8,186.08,902094,,,,,historical_baseline,,fe33df9ae5456d8ee27133c42c244c81d150008ababc19399c7ed428638b57ea
6050,2019-02-25,186.64,190.0,186.36,188.6,1442765,,,,,historical_baseline,,fe33df9ae5456d8ee27133c42c244c81d150008ababc19399c7ed428638b57ea
6050,2019-02-26,188.6,190.28,186.36,187.2,1036689,,,,,historical_baseline,,fe33df9ae5456d8ee27133c42c244c81d150008ababc19399c7ed428638b57ea
6050,2019-02-27,187.48,187.76,185.52,186.08,498899,,,,,historical_baseline,,fe33df9ae5456d8ee27133c42c244c81d150008ababc19399c7ed428638b57ea
6050,2019-02-28,185.8,190.56,185.8,186.64,2061269,,,,,historical_baseline,,fe33df9ae5456d8ee27133c42c244c81d150008ababc19399c7ed428638b57ea
6060,2019-02-03,19.42,19.5,19.35,19.35,214914,,,,,historical_baseline,,fe33df9ae5456d8ee27133c42c244c81d150008ababc19399c7ed428638b57ea
6060,2019-02-04,19.27,19.42,19.27,19.27,173777,,,,,historical_baseline,,fe33df9ae5456d8ee27133c42c244c81d150008ababc19399c7ed428638b57ea
6060,2019-02-05,19.31,19.38,19.27,19.27,187345,,,,,historical_baseline,,fe33df9ae5456d8ee27133c42c244c81d150008ababc19399c7ed428638b57ea
6060,2019-02-06,19.77,21.18,19.77,21.18,5763423,,,,,historical_baseline,,fe33df9ae5456d8ee27133c42c244c81d150008ababc19399c7ed428638b57ea
6060,2019-02-07,21.37,21.75,20.8,20.91,3710844,,,,,historical_baseline,,fe33df9ae5456d8ee27133c42c244c81d150008ababc19399c7ed428638b57ea
6060,2019-02-10,20.91,21.25,20.57,20.76,1034357,,,,,historical_baseline,,fe33df9ae5456d8ee27133c42c244c81d150008ababc19399c7ed428638b57ea
6060,2019-02-11,20.72,20.83,20.22,20.34,974230,,,,,historical_baseline,,fe33df9ae5456d8ee27133c42c244c81d150008ababc19399c7ed428638b57ea
6060,2019-02-12,20.34,20.57,20.19,20.3,921175,,,,,historical_baseline,,fe33df9ae5456d8ee27133c42c244c81d150008ababc19399c7ed428638b57ea
6060,2019-02-13,20.3,20.34,19.5,19.5,1001585,,,,,historical_baseline,,fe33df9ae5456d8ee27133c42c244c81d150008ababc19399c7ed428638b57ea
6060,2019-02-14,19.54,19.99,19.5,19.57,861444,,,,,historical_baseline,,fe33df9ae5456d8ee27133c42c244c81d150008ababc19399c7ed428638b57ea
6060,2019-02-17,19.65,20.03,19.61,19.69,745636,,,,,historical_baseline,,fe33df9ae5456d8ee27133c42c244c81d150008ababc19399c7ed428638b57ea
6060,2019-02-18,19.73,19.8,19.5,19.61,336213,,,,,historical_baseline,,fe33df9ae5456d8ee27133c42c244c81d150008ababc19399c7ed428638b57ea
6060,2019-02-19,19.61,19.8,19.46,19.57,296426,,,,,historical_baseline,,fe33df9ae5456d8ee27133c42c244c81d150008ababc19399c7ed428638b57ea
6060,2019-02-20,19.46,19.73,19.46,19.61,263565,,,,,historical_baseline,,fe33df9ae5456d8ee27133c42c244c81d150008ababc19399c7ed428638b57ea
6060,2019-02-21,19.57,19.69,19.46,19.5,286192,,,,,historical_baseline,,fe33df9ae5456d8ee27133c42c244c81d150008ababc19399c7ed428638b57ea
6060,2019-02-24,19.57,19.61,19.38,19.42,134669,,,,,historical_baseline,,fe33df9ae5456d8ee27133c42c244c81d150008ababc19399c7ed428638b57ea
6060,2019-02-25,19.42,19.42,19.27,19.35,294088,,,,,historical_baseline,,fe33df9ae5456d8ee27133c42c244c81d150008ababc19399c7ed428638b57ea
6060,2019-02-26,19.31,19.61,19.27,19.54,306770,,,,,historical_baseline,,fe33df9ae5456d8ee27133c42c244c81d150008ababc19399c7ed428638b57ea
6060,2019-02-27,19.61,19.73,19.46,19.5,443664,,,,,historical_baseline,,fe33df9ae5456d8ee27133c42c244c81d150008ababc19399c7ed428638b57ea
6060,2019-02-28,19.54,19.57,19.38,19.46,171626,,,,,historical_baseline,,fe33df9ae5456d8ee27133c42c244c81d150008ababc19399c7ed428638b57ea
6070,2019-02-03,22.1,22.1,21.88,21.9,28875,,,,,historical_baseline,,fe33df9ae5456d8ee27133c42c244c81d150008ababc19399c7ed428638b57ea
6070,2019-02-04,22.08,22.08,21.94,22.0,13577,,,,,historical_baseline,,fe33df9ae5456d8ee27133c42c244c81d150008ababc19399c7ed428638b57ea
6070,2019-02-05,22.0,22.42,22.0,22.24,80035,,,,,historical_baseline,,fe33df9ae5456d8ee27133c42c244c81d150008ababc19399c7ed428638b57ea
6070,2019-02-06,22.68,24.46,22.6,24.3,2087211,,,,,historical_baseline,,fe33df9ae5456d8ee27133c42c244c81d150008ababc19399c7ed428638b57ea
6070,2019-02-07,24.3,24.36,23.64,23.64,558427,,,,,historical_baseline,,fe33df9ae5456d8ee27133c42c244c81d150008ababc19399c7ed428638b57ea
6070,2019-02-10,23.64,24.4,23.2,23.38,428891,,,,,historical_baseline,,fe33df9ae5456d8ee27133c42c244c81d150008ababc19399c7ed428638b57ea
6070,2019-02-11,23.4,23.74,23.22,23.42,116337,,,,,historical_baseline,,fe33df9ae5456d8ee27133c42c244c81d150008ababc19399c7ed428638b57ea
6070,2019-02-12,23.52,24.4,23.52,23.76,375729,,,,,historical_baseline,,fe33df9ae5456d8ee27133c42c244c81d150008ababc19399c7ed428638b57ea
6070,2019-02-13,23.8,23.86,23.5,23.5,122738,,,,,historical_baseline,,fe33df9ae5456d8ee27133c42c244c81d150008ababc19399c7ed428638b57ea
6070,2019-02-14,23.4,23.8,23.2,23.2,236124,,,,,historical_baseline,,fe33df9ae5456d8ee27133c42c244c81d150008ababc19399c7ed428638b57ea
6070,2019-02-17,23.24,23.34,22.78,22.78,481175,,,,,historical_baseline,,fe33df9ae5456d8ee27133c42c244c81d150008ababc19399c7ed428638b57ea
6070,2019-02-18,22.78,22.9,22.6,22.6,126714,,,,,historical_baseline,,fe33df9ae5456d8ee27133c42c244c81d150008ababc19399c7ed428638b57ea
6070,2019-02-19,22.6,22.84,22.44,22.52,390879,,,,,historical_baseline,,fe33df9ae5456d8ee27133c42c244c81d150008ababc19399c7ed428638b57ea
6070,2019-02-20,22.52,22.92,22.5,22.7,697586,,,,,historical_baseline,,fe33df9ae5456d8ee27133c42c244c81d150008ababc19399c7ed428638b57ea
6070,2019-02-21,22.76,22.8,22.22,22.32,318466,,,,,historical_baseline,,fe33df9ae5456d8ee27133c42c244c81d150008ababc19399c7ed428638b57ea
6070,2019-02-24,22.36,22.5,22.34,22.44,89878,,,,,historical_baseline,,fe33df9ae5456d8ee27133c42c244c81d150008ababc19399c7ed428638b57ea
6070,2019-02-25,22.4,22.4,22.1,22.34,119644,,,,,historical_baseline,,fe33df9ae5456d8ee27133c42c244c81d150008ababc19399c7ed428638b57ea
6070,2019-02-26,22.2,22.48,22.14,22.44,172777,,,,,historical_baseline,,fe33df9ae5456d8ee27133c42c244c81d150008ababc19399c7ed428638b57ea
6070,2019-02-27,22.26,22.48,22.26,22.46,57934,,,,,historical_baseline,,fe33df9ae5456d8ee27133c42c244c81d150008ababc19399c7ed428638b57ea
6070,2019-02-28,22.32,22.4,22.16,22.2,118841,,,,,historical_baseline,,fe33df9ae5456d8ee27133c42c244c81d150008ababc19399c7ed428638b57ea
6090,2019-02-03,13.96,13.96,13.8,13.84,489721,,,,,historical_baseline,,fe33df9ae5456d8ee27133c42c244c81d150008ababc19399c7ed428638b57ea
6090,2019-02-04,13.8,13.86,13.76,13.82,217390,,,,,historical_baseline,,fe33df9ae5456d8ee27133c42c244c81d150008ababc19399c7ed428638b57ea
6090,2019-02-05,13.8,13.92,13.8,13.9,130581,,,,,historical_baseline,,fe33df9ae5456d8ee27133c42c244c81d150008ababc19399c7ed428638b57ea
6090,2019-02-06,13.96,14.26,13.9,14.02,1608970,,,,,historical_baseline,,fe33df9ae5456d8ee27133c42c244c81d150008ababc19399c7ed428638b57ea
6090,2019-02-07,14.0,14.0,13.86,13.9,304418,,,,,historical_baseline,,fe33df9ae5456d8ee27133c42c244c81d150008ababc19399c7ed428638b57ea
6090,2019-02-10,13.96,14.06,13.94,13.94,121442,,,,,historical_baseline,,fe33df9ae5456d8ee27133c42c244c81d150008ababc19399c7ed428638b57ea
6090,2019-02-11,13.98,14.0,13.86,13.86,152249,,,,,historical_baseline,,fe33df9ae5456d8ee27133c42c244c81d150008ababc19399c7ed428638b57ea
6090,2019-02-12,13.84,14.04,13.84,13.96,478594,,,,,historical_baseline,,fe33df9ae5456d8ee27133c42c244c81d150008ababc19399c7ed428638b57ea
6090,2019-02-13,13.92,13.96,13.8,13.9,186968,,,,,historical_baseline,,fe33df9ae5456d8ee27133c42c244c81d150008ababc19399c7ed428638b57ea
6090,2019-02-14,13.82,13.84,13.78,13.82,136368,,,,,historical_baseline,,fe33df9ae5456d8ee27133c42c244c81d150008ababc19399c7ed428638b57ea
6090,2019-02-17,13.8,14.16,13.8,14.0,376791,,,,,historical_baseline,,fe33df9ae5456d8ee27133c42c244c81d150008ababc19399c7ed428638b57ea
6090,2019-02-18,14.02,14.14,13.88,13.88,302405,,,,,historical_baseline,,fe33df9ae5456d8ee27133c42c244c81d150008ababc19399c7ed428638b57ea
6090,2019-02-19,13.9,14.02,13.7,13.9,286990,,,,,historical_baseline,,fe33df9ae5456d8ee27133c42c244c81d150008ababc19399c7ed428638b57ea
6090,2019-02-20,14.0,14.0,13.86,13.9,62315,,,,,historical_baseline,,fe33df9ae5456d8ee27133c42c244c81d150008ababc19399c7ed428638b57ea
6090,2019-02-21,13.94,14.0,13.86,14.0,153132,,,,,historical_baseline,,fe33df9ae5456d8ee27133c42c244c81d150008ababc19399c7ed428638b57ea
6090,2019-02-24,13.94,13.96,13.88,13.88,105876,,,,,historical_baseline,,fe33df9ae5456d8ee27133c42c244c81d150008ababc19399c7ed428638b57ea
6090,2019-02-25,13.86,13.9,13.74,13.9,143452,,,,,historical_baseline,,fe33df9ae5456d8ee27133c42c244c81d150008ababc19399c7ed428638b57ea
6090,2019-02-26,13.84,13.84,13.74,13.78,110211,,,,,historical_baseline,,fe33df9ae5456d8ee27133c42c244c81d150008ababc19399c7ed428638b57ea
6090,2019-02-27,13.76,13.76,13.7,13.74,99723,,,,,historical_baseline,,fe33df9ae5456d8ee27133c42c244c81d150008ababc19399c7ed428638b57ea
6090,2019-02-28,13.72,13.72,13.54,13.6,165003,,,,,historical_baseline,,fe33df9ae5456d8ee27133c42c244c81d150008ababc19399c7ed428638b57ea
7010,2019-02-03,40.32,40.32,39.88,39.92,307375,,,,,historical_baseline,,fe33df9ae5456d8ee27133c42c244c81d150008ababc19399c7ed428638b57ea
7010,2019-02-04,40.32,40.4,39.88,39.96,582467,,,,,historical_baseline,,fe33df9ae5456d8ee27133c42c244c81d150008ababc19399c7ed428638b57ea
7010,2019-02-05,39.92,40.0,39.84,39.96,1179377,,,,,historical_baseline,,fe33df9ae5456d8ee27133c42c244c81d150008ababc19399c7ed428638b57ea
7010,2019-02-06,40.24,40.24,39.8,40.0,761795,,,,,historical_baseline,,fe33df9ae5456d8ee27133c42c244c81d150008ababc19399c7ed428638b57ea
7010,2019-02-07,40.0,40.08,39.64,39.84,534907,,,,,historical_baseline,,fe33df9ae5456d8ee27133c42c244c81d150008ababc19399c7ed428638b57ea
7010,2019-02-10,40.0,40.0,39.6,39.8,373750,,,,,historical_baseline,,fe33df9ae5456d8ee27133c42c244c81d150008ababc19399c7ed428638b57ea
7010,2019-02-11,39.92,40.0,39.72,39.76,1112857,,,,,historical_baseline,,fe33df9ae5456d8ee27133c42c244c81d150008ababc19399c7ed428638b57ea
7010,2019-02-12,39.64,39.92,39.64,39.8,584402,,,,,historical_baseline,,fe33df9ae5456d8ee27133c42c244c81d150008ababc19399c7ed428638b57ea
7010,2019-02-13,39.88,40.72,39.88,40.56,1609095,,,,,historical_baseline,,fe33df9ae5456d8ee27133c42c244c81d150008ababc19399c7ed428638b57ea
7010,2019-02-14,40.8,40.8,40.24,40.8,693030,,,,,historical_baseline,,fe33df9ae5456d8ee27133c42c244c81d150008ababc19399c7ed428638b57ea
7010,2019-02-17,40.48,40.64,40.4,40.48,473835,,,,,historical_baseline,,fe33df9ae5456d8ee27133c42c244c81d150008ababc19399c7ed428638b57ea
7010,2019-02-18,40.48,40.56,40.24,40.24,433005,,,,,historical_baseline,,fe33df9ae5456d8ee27133c42c244c81d150008ababc19399c7ed428638b57ea
7010,2019-02-19,40.24,40.24,39.52,39.64,776207,,,,,historical_baseline,,fe33df9ae5456d8ee27133c42c244c81d150008ababc19399c7ed428638b57ea
7010,2019-02-20,39.68,40.08,39.68,40.08,527625,,,,,historical_baseline,,fe33df9ae5456d8ee27133c42c244c81d150008ababc19399c7ed428638b57ea
7010,2019-02-21,39.92,40.16,39.6,40.16,317462,,,,,historical_baseline,,fe33df9ae5456d8ee27133c42c244c81d150008ababc19399c7ed428638b57ea
7010,2019-02-24,40.0,40.24,39.96,40.0,277225,,,,,historical_baseline,,fe33df9ae5456d8ee27133c42c244c81d150008ababc19399c7ed428638b57ea
7010,2019-02-25,40.0,40.0,39.68,39.68,323122,,,,,historical_baseline,,fe33df9ae5456d8ee27133c42c244c81d150008ababc19399c7ed428638b57ea
7010,2019-02-26,39.68,40.24,39.68,40.24,613992,,,,,historical_baseline,,fe33df9ae5456d8ee27133c42c244c81d150008ababc19399c7ed428638b57ea
7010,2019-02-27,40.32,40.32,40.0,40.16,544955,,,,,historical_baseline,,fe33df9ae5456d8ee27133c42c244c81d150008ababc19399c7ed428638b57ea
7010,2019-02-28,40.0,40.0,39.76,39.76,697185,,,,,historical_baseline,,fe33df9ae5456d8ee27133c42c244c81d150008ababc19399c7ed428638b57ea
7020,2019-02-03,18.06,18.16,18.0,18.1,1482411,,,,,historical_baseline,,fe33df9ae5456d8ee27133c42c244c81d150008ababc19399c7ed428638b57ea
7020,2019-02-04,18.04,18.1,17.88,18.0,1079296,,,,,historical_baseline,,fe33df9ae5456d8ee27133c42c244c81d150008ababc19399c7ed428638b57ea
7020,2019-02-05,18.0,18.1,17.9,18.08,1005936,,,,,historical_baseline,,fe33df9ae5456d8ee27133c42c244c81d150008ababc19399c7ed428638b57ea
7020,2019-02-06,18.06,18.08,17.46,17.48,3738479,,,,,historical_baseline,,fe33df9ae5456d8ee27133c42c244c81d150008ababc19399c7ed428638b57ea
7020,2019-02-07,17.46,17.46,17.14,17.26,2000830,,,,,historical_baseline,,fe33df9ae5456d8ee27133c42c244c81d150008ababc19399c7ed428638b57ea
7020,2019-02-10,17.14,17.26,17.1,17.24,763815,,,,,historical_baseline,,fe33df9ae5456d8ee27133c42c244c81d150008ababc19399c7ed428638b57ea
7020,2019-02-11,17.2,17.24,17.12,17.24,856859,,,,,historical_baseline,,fe33df9ae5456d8ee27133c42c244c81d150008ababc19399c7ed428638b57ea
7020,2019-02-12,17.22,17.68,17.16,17.68,1899766,,,,,historical_baseline,,fe33df9ae5456d8ee27133c42c244c81d150008ababc19399c7ed428638b57ea
7020,2019-02-13,17.6,17.82,17.58,17.66,1906028,,,,,historical_baseline,,fe33df9ae5456d8ee27133c42c244c81d150008ababc19399c7ed428638b57ea
7020,2019-02-14,17.52,18.0,17.52,18.0,1567141,,,,,historical_baseline,,fe33df9ae5456d8ee27133c42c244c81d150008ababc19399c7ed428638b57ea
7020,2019-02-17,18.0,18.0,17.74,17.88,1134066,,,,,historical_baseline,,fe33df9ae5456d8ee27133c42c244c81d150008ababc19399c7ed428638b57ea
7020,2019-02-18,17.8,17.8,17.66,17.72,717296,,,,,historical_baseline,,fe33df9ae5456d8ee27133c42c244c81d150008ababc19399c7ed428638b57ea
7020,2019-02-19,18.56,18.6,18.04,18.16,10014824,,,,,historical_baseline,,fe33df9ae5456d8ee27133c42c244c81d150008ababc19399c7ed428638b57ea
7020,2019-02-20,18.14,18.26,17.98,18.08,2635587,,,,,historical_baseline,,fe33df9ae5456d8ee27133c42c244c81d150008ababc19399c7ed428638b57ea
7020,2019-02-21,18.04,18.14,17.94,18.12,1598605,,,,,historical_baseline,,fe33df9ae5456d8ee27133c42c244c81d150008ababc19399c7ed428638b57ea
7020,2019-02-24,18.1,18.3,18.1,18.14,3000344,,,,,historical_baseline,,fe33df9ae5456d8ee27133c42c244c81d150008ababc19399c7ed428638b57ea
7020,2019-02-25,18.14,18.24,17.88,17.92,3935190,,,,,historical_baseline,,fe33df9ae5456d8ee27133c42c244c81d150008ababc19399c7ed428638b57ea
7020,2019-02-26,17.9,18.14,17.9,18.1,2837923,,,,,historical_baseline,,fe33df9ae5456d8ee27133c42c244c81d150008ababc19399c7ed428638b57ea
7020,2019-02-27,18.1,19.18,18.08,19.02,10272790,,,,,historical_baseline,,fe33df9ae5456d8ee27133c42c244c81d150008ababc19399c7ed428638b57ea
7020,2019-02-28,19.02,19.9,18.9,19.86,10320019,,,,,historical_baseline,,fe33df9ae5456d8ee27133c42c244c81d150008ababc19399c7ed428638b57ea
7030,2019-02-03,9.53,9.61,9.35,9.41,2907245,,,,,historical_baseline,,fe33df9ae5456d8ee27133c42c244c81d150008ababc19399c7ed428638b57ea
7030,2019-02-04,9.47,9.47,9.21,9.24,4924529,,,,,historical_baseline,,fe33df9ae5456d8ee27133c42c244c81d150008ababc19399c7ed428638b57ea
7030,2019-02-05,9.2,9.57,9.2,9.51,7793848,,,,,historical_baseline,,fe33df9ae5456d8ee27133c42c244c81d150008ababc19399c7ed428638b57ea
7030,2019-02-06,9.54,9.55,9.42,9.44,2310438,,,,,historical_baseline,,fe33df9ae5456d8ee27133c42c244c81d150008ababc19399c7ed428638b57ea
7030,2019-02-07,9.4,9.47,9.29,9.42,2454241,,,,,historical_baseline,,fe33df9ae5456d8ee27133c42c244c81d150008ababc19399c7ed428638b57ea
7030,2019-02-10,9.45,9.46,9.38,9.42,1094303,,,,,historical_baseline,,fe33df9ae5456d8ee27133c42c244c81d150008ababc19399c7ed428638b57ea
7030,2019-02-11,9.44,9.58,9.4,9.49,3839062,,,,,historical_baseline,,fe33df9ae5456d8ee27133c42c244c81d150008ababc19399c7ed428638b57ea
7030,2019-02-12,9.48,9.65,9.45,9.56,4012350,,,,,historical_baseline,,fe33df9ae5456d8ee27133c42c244c81d150008ababc19399c7ed428638b57ea
7030,2019-02-13,9.56,9.61,9.53,9.58,2350877,,,,,historical_baseline,,fe33df9ae5456d8ee27133c42c244c81d150008ababc19399c7ed428638b57ea
7030,2019-02-14,9.71,9.78,9.58,9.58,6870361,,,,,historical_baseline,,fe33df9ae5456d8ee27133c42c244c81d150008ababc19399c7ed428638b57ea
7030,2019-02-17,9.59,9.69,9.49,9.52,2478504,,,,,historical_baseline,,fe33df9ae5456d8ee27133c42c244c81d150008ababc19399c7ed428638b57ea
7030,2019-02-18,9.54,9.58,9.46,9.47,2613367,,,,,historical_baseline,,fe33df9ae5456d8ee27133c42c244c81d150008ababc19399c7ed428638b57ea
7030,2019-02-19,9.52,9.52,9.41,9.42,2386434,,,,,historical_baseline,,fe33df9ae5456d8ee27133c42c244c81d150008ababc19399c7ed428638b57ea
7030,2019-02-20,9.44,9.44,9.32,9.37,2000154,,,,,historical_baseline,,fe33df9ae5456d8ee27133c42c244c81d150008ababc19399c7ed428638b57ea
7030,2019-02-21,9.37,9.37,9.29,9.33,1397818,,,,,historical_baseline,,fe33df9ae5456d8ee27133c42c244c81d150008ababc19399c7ed428638b57ea
7030,2019-02-24,9.33,9.44,9.31,9.33,2472480,,,,,historical_baseline,,fe33df9ae5456d8ee27133c42c244c81d150008ababc19399c7ed428638b57ea
7030,2019-02-25,9.33,9.34,9.26,9.3,2191778,,,,,historical_baseline,,fe33df9ae5456d8ee27133c42c244c81d150008ababc19399c7ed428638b57ea
7030,2019-02-26,9.29,9.44,9.19,9.43,3730844,,,,,historical_baseline,,fe33df9ae5456d8ee27133c42c244c81d150008ababc19399c7ed428638b57ea
7030,2019-02-27,9.43,9.8,9.39,9.74,10463600,,,,,historical_baseline,,fe33df9ae5456d8ee27133c42c244c81d150008ababc19399c7ed428638b57ea
7030,2019-02-28,9.8,9.8,9.65,9.69,4293488,,,,,historical_baseline,,fe33df9ae5456d8ee27133c42c244c81d150008ababc19399c7ed428638b57ea
7040,2019-02-03,28.32,28.32,28.32,28.32,0,,,,,historical_baseline,,fe33df9ae5456d8ee27133c42c244c81d150008ababc19399c7ed428638b57ea
7040,2019-02-04,28.32,28.32,28.32,28.32,0,,,,,historical_baseline,,fe33df9ae5456d8ee27133c42c244c81d150008ababc19399c7ed428638b57ea
7040,2019-02-05,28.32,28.32,28.32,28.32,0,,,,,historical_baseline,,fe33df9ae5456d8ee27133c42c244c81d150008ababc19399c7ed428638b57ea
7040,2019-02-06,28.32,28.32,28.32,28.32,0,,,,,historical_baseline,,fe33df9ae5456d8ee27133c42c244c81d150008ababc19399c7ed428638b57ea
7040,2019-02-07,28.32,28.32,28.32,28.32,0,,,,,historical_baseline,,fe33df9ae5456d8ee27133c42c244c81d150008ababc19399c7ed428638b57ea
7040,2019-02-10,28.32,28.32,28.32,28.32,0,,,,,historical_baseline,,fe33df9ae5456d8ee27133c42c244c81d150008ababc19399c7ed428638b57ea
7040,2019-02-11,28.32,28.32,28.32,28.32,0,,,,,historical_baseline,,fe33df9ae5456d8ee27133c42c244c81d150008ababc19399c7ed428638b57ea
7040,2019-02-12,28.32,28.32,28.32,28.32,0,,,,,historical_baseline,,fe33df9ae5456d8ee27133c42c244c81d150008ababc19399c7ed428638b57ea
7040,2019-02-13,28.32,28.32,28.32,28.32,0,,,,,historical_baseline,,fe33df9ae5456d8ee27133c42c244c81d150008ababc19399c7ed428638b57ea
7040,2019-02-14,28.32,28.32,28.32,28.32,0,,,,,historical_baseline,,fe33df9ae5456d8ee27133c42c244c81d150008ababc19399c7ed428638b57ea
7040,2019-02-17,28.32,28.32,28.32,28.32,0,,,,,historical_baseline,,fe33df9ae5456d8ee27133c42c244c81d150008ababc19399c7ed428638b57ea
7040,2019-02-18,28.32,28.32,28.32,28.32,0,,,,,historical_baseline,,fe33df9ae5456d8ee27133c42c244c81d150008ababc19399c7ed428638b57ea
7040,2019-02-19,28.32,28.32,28.32,28.32,0,,,,,historical_baseline,,fe33df9ae5456d8ee27133c42c244c81d150008ababc19399c7ed428638b57ea
7040,2019-02-20,28.32,28.32,28.32,28.32,0,,,,,historical_baseline,,fe33df9ae5456d8ee27133c42c244c81d150008ababc19399c7ed428638b57ea
7040,2019-02-21,28.32,28.32,28.32,28.32,0,,,,,historical_baseline,,fe33df9ae5456d8ee27133c42c244c81d150008ababc19399c7ed428638b57ea
7040,2019-02-24,28.32,28.32,28.32,28.32,0,,,,,historical_baseline,,fe33df9ae5456d8ee27133c42c244c81d150008ababc19399c7ed428638b57ea
7040,2019-02-25,28.32,28.32,28.32,28.32,0,,,,,historical_baseline,,fe33df9ae5456d8ee27133c42c244c81d150008ababc19399c7ed428638b57ea
7040,2019-02-26,28.32,28.32,28.32,28.32,0,,,,,historical_baseline,,fe33df9ae5456d8ee27133c42c244c81d150008ababc19399c7ed428638b57ea
7040,2019-02-27,28.32,28.32,28.32,28.32,0,,,,,historical_baseline,,fe33df9ae5456d8ee27133c42c244c81d150008ababc19399c7ed428638b57ea
7040,2019-02-28,28.32,28.32,28.32,28.32,0,,,,,historical_baseline,,fe33df9ae5456d8ee27133c42c244c81d150008ababc19399c7ed428638b57ea
8010,2019-02-03,51.0,51.25,50.92,51.08,47487,,,,,historical_baseline,,fe33df9ae5456d8ee27133c42c244c81d150008ababc19399c7ed428638b57ea
8010,2019-02-04,51.5,52.08,51.25,51.67,179852,,,,,historical_baseline,,fe33df9ae5456d8ee27133c42c244c81d150008ababc19399c7ed428638b57ea
8010,2019-02-05,51.67,52.75,51.25,52.5,295653,,,,,historical_baseline,,fe33df9ae5456d8ee27133c42c244c81d150008ababc19399c7ed428638b57ea
8010,2019-02-06,52.17,52.83,52.17,52.67,214053,,,,,historical_baseline,,fe33df9ae5456d8ee27133c42c244c81d150008ababc19399c7ed428638b57ea
8010,2019-02-07,52.67,53.0,52.08,52.5,564592,,,,,historical_baseline,,fe33df9ae5456d8ee27133c42c244c81d150008ababc19399c7ed428638b57ea
8010,2019-02-10,52.42,52.42,51.83,52.0,109086,,,,,historical_baseline,,fe33df9ae5456d8ee27133c42c244c81d150008ababc19399c7ed428638b57ea
8010,2019-02-11,52.33,52.33,50.83,51.33,178716,,,,,historical_baseline,,fe33df9ae5456d8ee27133c42c244c81d150008ababc19399c7ed428638b57ea
8010,2019-02-12,51.33,51.5,48.83,50.0,461275,,,,,historical_baseline,,fe33df9ae5456d8ee27133c42c244c81d150008ababc19399c7ed428638b57ea
8010,2019-02-13,50.0,50.0,49.08,49.08,374509,,,,,historical_baseline,,fe33df9ae5456d8ee27133c42c244c81d150008ababc19399c7ed428638b57ea
8010,2019-02-14,49.08,49.08,48.5,48.58,183265,,,,,historical_baseline,,fe33df9ae5456d8ee27133c42c244c81d150008ababc19399c7ed428638b57ea
8010,2019-02-17,48.75,48.75,47.25,47.42,368823,,,,,historical_baseline,,fe33df9ae5456d8ee27133c42c244c81d150008ababc19399c7ed428638b57ea
8010,2019-02-18,47.5,49.42,47.5,48.33,516300,,,,,historical_baseline,,fe33df9ae5456d8ee27133c42c244c81d150008ababc19399c7ed428638b57ea
8010,2019-02-19,48.42,49.17,47.92,48.58,557625,,,,,historical_baseline,,fe33df9ae5456d8ee27133c42c244c81d150008ababc19399c7ed428638b57ea
8010,2019-02-20,48.67,48.75,48.42,48.5,109270,,,,,historical_baseline,,fe33df9ae5456d8ee27133c42c244c81d150008ababc19399c7ed428638b57ea
8010,2019-02-21,48.58,49.17,48.17,48.5,182191,,,,,historical_baseline,,fe33df9ae5456d8ee27133c42c244c81d150008ababc19399c7ed428638b57ea
8010,2019-02-24,48.33,48.5,48.17,48.17,50586,,,,,historical_baseline,,fe33df9ae5456d8ee27133c42c244c81d150008ababc19399c7ed428638b57ea
8010,2019-02-25,48.08,48.5,47.67,48.08,135699,,,,,historical_baseline,,fe33df9ae5456d8ee27133c42c244c81d150008ababc19399c7ed428638b57ea
8010,2019-02-26,47.92,48.75,47.92,48.67,81112,,,,,historical_baseline,,fe33df9ae5456d8ee27133c42c244c81d150008ababc19399c7ed428638b57ea
8010,2019-02-27,48.75,48.83,48.17,48.83,75920,,,,,historical_baseline,,fe33df9ae5456d8ee27133c42c244c81d150008ababc19399c7ed428638b57ea
8010,2019-02-28,48.5,48.83,48.5,48.67,39894,,,,,historical_baseline,,fe33df9ae5456d8ee27133c42c244c81d150008ababc19399c7ed428638b57ea
8012,2019-02-03,13.08,13.14,12.98,13.12,399030,,,,,historical_baseline,,fe33df9ae5456d8ee27133c42c244c81d150008ababc19399c7ed428638b57ea
8012,2019-02-04,13.09,13.09,12.84,12.84,420900,,,,,historical_baseline,,fe33df9ae5456d8ee27133c42c244c81d150008ababc19399c7ed428638b57ea
8012,2019-02-05,12.84,12.95,12.76,12.86,297220,,,,,historical_baseline,,fe33df9ae5456d8ee27133c42c244c81d150008ababc19399c7ed428638b57ea
8012,2019-02-06,12.81,12.91,12.76,12.82,259862,,,,,historical_baseline,,fe33df9ae5456d8ee27133c42c244c81d150008ababc19399c7ed428638b57ea
8012,2019-02-07,12.84,12.84,12.65,12.76,255753,,,,,historical_baseline,,fe33df9ae5456d8ee27133c42c244c81d150008ababc19399c7ed428638b57ea
8012,2019-02-10,12.74,12.84,12.66,12.68,131669,,,,,historical_baseline,,fe33df9ae5456d8ee27133c42c244c81d150008ababc19399c7ed428638b57ea
8012,2019-02-11,12.69,12.74,12.66,12.66,103896,,,,,historical_baseline,,fe33df9ae5456d8ee27133c42c244c81d150008ababc19399c7ed428638b57ea
8012,2019-02-12,12.66,12.76,12.66,12.76,115513,,,,,historical_baseline,,fe33df9ae5456d8ee27133c42c244c81d150008ababc19399c7ed428638b57ea
8012,2019-02-13,12.75,12.75,12.68,12.74,165065,,,,,historical_baseline,,fe33df9ae5456d8ee27133c42c244c81d150008ababc19399c7ed428638b57ea
8012,2019-02-14,12.72,12.74,12.66,12.69,156203,,,,,historical_baseline,,fe33df9ae5456d8ee27133c42c244c81d150008ababc19399c7ed428638b57ea
8012,2019-02-17,12.71,12.75,12.66,12.75,101675,,,,,historical_baseline,,fe33df9ae5456d8ee27133c42c244c81d150008ababc19399c7ed428638b57ea
8012,2019-02-18,12.69,12.74,12.66,12.66,140070,,,,,historical_baseline,,fe33df9ae5456d8ee27133c42c244c81d150008ababc19399c7ed428638b57ea
8012,2019-02-19,12.66,12.76,12.65,12.76,278607,,,,,historical_baseline,,fe33df9ae5456d8ee27133c42c244c81d150008ababc19399c7ed428638b57ea
8012,2019-02-20,12.75,12.79,12.72,12.78,153914,,,,,historical_baseline,,fe33df9ae5456d8ee27133c42c244c81d150008ababc19399c7ed428638b57ea
8012,2019-02-21,12.82,12.88,12.78,12.78,171611,,,,,historical_baseline,,fe33df9ae5456d8ee27133c42c244c81d150008ababc19399c7ed428638b57ea
8012,2019-02-24,12.76,12.76,12.71,12.76,86419,,,,,historical_baseline,,fe33df9ae5456d8ee27133c42c244c81d150008ababc19399c7ed428638b57ea
8012,2019-02-25,12.69,12.69,12.59,12.59,118974,,,,,historical_baseline,,fe33df9ae5456d8ee27133c42c244c81d150008ababc19399c7ed428638b57ea
8012,2019-02-26,12.61,12.64,12.55,12.62,200261,,,,,historical_baseline,,fe33df9ae5456d8ee27133c42c244c81d150008ababc19399c7ed428638b57ea
8012,2019-02-27,12.61,12.61,12.51,12.59,144642,,,,,historical_baseline,,fe33df9ae5456d8ee27133c42c244c81d150008ababc19399c7ed428638b57ea
8012,2019-02-28,12.52,12.62,12.48,12.59,139950,,,,,historical_baseline,,fe33df9ae5456d8ee27133c42c244c81d150008ababc19399c7ed428638b57ea
8020,2019-02-03,12.2,12.2,12.02,12.04,698820,,,,,historical_baseline,,fe33df9ae5456d8ee27133c42c244c81d150008ababc19399c7ed428638b57ea
8020,2019-02-04,12.02,12.12,11.88,11.9,338680,,,,,historical_baseline,,fe33df9ae5456d8ee27133c42c244c81d150008ababc19399c7ed428638b57ea
8020,2019-02-05,12.0,12.08,11.9,12.0,555225,,,,,historical_baseline,,fe33df9ae5456d8ee27133c42c244c81d150008ababc19399c7ed428638b57ea
8020,2019-02-06,11.98,12.06,11.82,11.96,444412,,,,,historical_baseline,,fe33df9ae5456d8ee27133c42c244c81d150008ababc19399c7ed428638b57ea
8020,2019-02-07,12.02,12.02,11.88,11.94,197899,,,,,historical_baseline,,fe33df9ae5456d8ee27133c42c244c81d150008ababc19399c7ed428638b57ea
8020,2019-02-10,11.92,11.92,11.84,11.86,95414,,,,,historical_baseline,,fe33df9ae5456d8ee27133c42c244c81d150008ababc19399c7ed428638b57ea
8020,2019-02-11,11.86,11.88,11.8,11.8,186872,,,,,historical_baseline,,fe33df9ae5456d8ee27133c42c244c81d150008ababc19399c7ed428638b57ea
8020,2019-02-12,11.84,11.9,11.8,11.9,204974,,,,,historical_baseline,,fe33df9ae5456d8ee27133c42c244c81d150008ababc19399c7ed428638b57ea
8020,2019-02-13,11.86,11.96,11.78,11.94,316540,,,,,historical_baseline,,fe33df9ae5456d8ee27133c42c244c81d150008ababc19399c7ed428638b57ea
8020,2019-02-14,11.86,11.9,11.7,11.72,308684,,,,,historical_baseline,,fe33df9ae5456d8ee27133c42c244c81d150008ababc19399c7ed428638b57ea
8020,2019-02-17,11.7,12.2,11.7,12.1,1094162,,,,,historical_baseline,,fe33df9ae5456d8ee27133c42c244c81d150008ababc19399c7ed428638b57ea
8020,2019-02-18,12.0,12.4,12.0,12.04,1395931,,,,,historical_baseline,,fe33df9ae5456d8ee27133c42c244c81d150008ababc19399c7ed428638b57ea
8020,2019-02-19,12.04,12.38,11.9,12.38,1687233,,,,,historical_baseline,,fe33df9ae5456d8ee27133c42c244c81d150008ababc19399c7ed428638b57ea
8020,2019-02-20,12.48,12.48,12.02,12.16,2037821,,,,,historical_baseline,,fe33df9ae5456d8ee27133c42c244c81d150008ababc19399c7ed428638b57ea
8020,2019-02-21,12.16,12.16,11.96,12.02,787056,,,,,historical_baseline,,fe33df9ae5456d8ee27133c42c244c81d150008ababc19399c7ed428638b57ea
8020,2019-02-24,12.06,12.1,11.94,12.04,385181,,,,,historical_baseline,,fe33df9ae5456d8ee27133c42c244c81d150008ababc19399c7ed428638b57ea
8020,2019-02-25,12.04,12.04,11.86,11.92,486979,,,,,historical_baseline,,fe33df9ae5456d8ee27133c42c244c81d150008ababc19399c7ed428638b57ea
8020,2019-02-26,11.84,11.9,11.82,11.9,341114,,,,,historical_baseline,,fe33df9ae5456d8ee27133c42c244c81d150008ababc19399c7ed428638b57ea
8020,2019-02-27,11.86,11.9,11.7,11.74,985010,,,,,historical_baseline,,fe33df9ae5456d8ee27133c42c244c81d150008ababc19399c7ed428638b57ea
8020,2019-02-28,11.72,12.0,11.72,11.98,700132,,,,,historical_baseline,,fe33df9ae5456d8ee27133c42c244c81d150008ababc19399c7ed428638b57ea
8030,2019-02-03,14.75,14.95,14.7,14.79,261396,,,,,historical_baseline,,fe33df9ae5456d8ee27133c42c244c81d150008ababc19399c7ed428638b57ea
8030,2019-02-04,14.72,14.91,14.37,14.6,647665,,,,,historical_baseline,,fe33df9ae5456d8ee27133c42c244c81d150008ababc19399c7ed428638b57ea
8030,2019-02-05,14.51,15.1,14.51,14.79,1117068,,,,,historical_baseline,,fe33df9ae5456d8ee27133c42c244c81d150008ababc19399c7ed428638b57ea
8030,2019-02-06,14.6,15.12,14.6,14.75,660245,,,,,historical_baseline,,fe33df9ae5456d8ee27133c42c244c81d150008ababc19399c7ed428638b57ea
8030,2019-02-07,14.75,14.95,14.49,14.6,277144,,,,,historical_baseline,,fe33df9ae5456d8ee27133c42c244c81d150008ababc19399c7ed428638b57ea
8030,2019-02-10,14.6,14.85,14.52,14.83,203267,,,,,historical_baseline,,fe33df9ae5456d8ee27133c42c244c81d150008ababc19399c7ed428638b57ea
8030,2019-02-11,14.72,14.77,14.62,14.62,90641,,,,,historical_baseline,,fe33df9ae5456d8ee27133c42c244c81d150008ababc19399c7ed428638b57ea
8030,2019-02-12,14.66,14.74,14.54,14.66,168626,,,,,historical_baseline,,fe33df9ae5456d8ee27133c42c244c81d150008ababc19399c7ed428638b57ea
8030,2019-02-13,14.6,14.75,14.56,14.58,247279,,,,,historical_baseline,,fe33df9ae5456d8ee27133c42c244c81d150008ababc19399c7ed428638b57ea
8030,2019-02-14,14.56,14.58,14.47,14.54,130039,,,,,historical_baseline,,fe33df9ae5456d8ee27133c42c244c81d150008ababc19399c7ed428638b57ea
8030,2019-02-17,14.47,14.77,14.43,14.58,329502,,,,,historical_baseline,,fe33df9ae5456d8ee27133c42c244c81d150008ababc19399c7ed428638b57ea
8030,2019-02-18,14.56,14.68,14.43,14.49,153779,,,,,historical_baseline,,fe33df9ae5456d8ee27133c42c244c81d150008ababc19399c7ed428638b57ea
8030,2019-02-19,14.47,14.56,14.41,14.45,205502,,,,,historical_baseline,,fe33df9ae5456d8ee27133c42c244c81d150008ababc19399c7ed428638b57ea
8030,2019-02-20,14.47,14.47,14.18,14.18,421997,,,,,historical_baseline,,fe33df9ae5456d8ee27133c42c244c81d150008ababc19399c7ed428638b57ea
8030,2019-02-21,14.2,14.37,14.08,14.29,336048,,,,,historical_baseline,,fe33df9ae5456d8ee27133c42c244c81d150008ababc19399c7ed428638b57ea
8030,2019-02-24,14.28,14.47,14.26,14.31,190457,,,,,historical_baseline,,fe33df9ae5456d8ee27133c42c244c81d150008ababc19399c7ed428638b57ea
8030,2019-02-25,14.31,14.31,14.22,14.28,109351,,,,,historical_baseline,,fe33df9ae5456d8ee27133c42c244c81d150008ababc19399c7ed428638b57ea
8030,2019-02-26,14.18,14.37,14.18,14.24,72776,,,,,historical_baseline,,fe33df9ae5456d8ee27133c42c244c81d150008ababc19399c7ed428638b57ea
8030,2019-02-27,14.28,14.66,14.24,14.41,252328,,,,,historical_baseline,,fe33df9ae5456d8ee27133c42c244c81d150008ababc19399c7ed428638b57ea
8030,2019-02-28,14.47,14.47,14.37,14.37,85544,,,,,historical_baseline,,fe33df9ae5456d8ee27133c42c244c81d150008ababc19399c7ed428638b57ea
8040,2019-02-03,17.81,18.01,17.73,17.87,335539,,,,,historical_baseline,,fe33df9ae5456d8ee27133c42c244c81d150008ababc19399c7ed428638b57ea
8040,2019-02-04,17.76,17.93,17.58,17.87,106298,,,,,historical_baseline,,fe33df9ae5456d8ee27133c42c244c81d150008ababc19399c7ed428638b57ea
8040,2019-02-05,17.67,17.87,17.67,17.87,153666,,,,,historical_baseline,,fe33df9ae5456d8ee27133c42c244c81d150008ababc19399c7ed428638b57ea
8040,2019-02-06,17.78,17.84,17.61,17.64,163114,,,,,historical_baseline,,fe33df9ae5456d8ee27133c42c244c81d150008ababc19399c7ed428638b57ea
8040,2019-02-07,17.67,17.73,17.53,17.73,116653,,,,,historical_baseline,,fe33df9ae5456d8ee27133c42c244c81d150008ababc19399c7ed428638b57ea
8040,2019-02-10,17.7,17.7,17.44,17.56,51158,,,,,historical_baseline,,fe33df9ae5456d8ee27133c42c244c81d150008ababc19399c7ed428638b57ea
8040,2019-02-11,17.41,17.44,17.27,17.27,144986,,,,,historical_baseline,,fe33df9ae5456d8ee27133c42c244c81d150008ababc19399c7ed428638b57ea
8040,2019-02-12,17.16,17.38,17.16,17.18,166603,,,,,historical_baseline,,fe33df9ae5456d8ee27133c42c244c81d150008ababc19399c7ed428638b57ea
8040,2019-02-13,17.3,17.38,17.18,17.36,140589,,,,,historical_baseline,,fe33df9ae5456d8ee27133c42c244c81d150008ababc19399c7ed428638b57ea
8040,2019-02-14,17.41,17.41,17.18,17.24,56502,,,,,historical_baseline,,fe33df9ae5456d8ee27133c42c244c81d150008ababc19399c7ed428638b57ea
8040,2019-02-17,17.18,17.38,17.18,17.24,53854,,,,,historical_baseline,,fe33df9ae5456d8ee27133c42c244c81d150008ababc19399c7ed428638b57ea
8040,2019-02-18,17.27,17.27,17.16,17.16,74984,,,,,historical_baseline,,fe33df9ae5456d8ee27133c42c244c81d150008ababc19399c7ed428638b57ea
8040,2019-02-19,17.13,17.36,17.13,17.36,94814,,,,,historical_baseline,,fe33df9ae5456d8ee27133c42c244c81d150008ababc19399c7ed428638b57ea
8040,2019-02-20,17.33,17.33,17.16,17.24,99770,,,,,historical_baseline,,fe33df9ae5456d8ee27133c42c244c81d150008ababc19399c7ed428638b57ea
8040,2019-02-21,17.24,17.38,17.16,17.38,79621,,,,,historical_baseline,,fe33df9ae5456d8ee27133c42c244c81d150008ababc19399c7ed428638b57ea
8040,2019-02-24,17.36,17.36,16.01,17.21,64184,,,,,historical_baseline,,fe33df9ae5456d8ee27133c42c244c81d150008ababc19399c7ed428638b57ea
8040,2019-02-25,17.16,17.16,16.87,16.93,116433,,,,,historical_baseline,,fe33df9ae5456d8ee27133c42c244c81d150008ababc19399c7ed428638b57ea
8040,2019-02-26,16.76,17.1,16.76,17.1,58945,,,,,historical_baseline,,fe33df9ae5456d8ee27133c42c244c81d150008ababc19399c7ed428638b57ea
8040,2019-02-27,17.01,17.1,16.87,16.93,65254,,,,,historical_baseline,,fe33df9ae5456d8ee27133c42c244c81d150008ababc19399c7ed428638b57ea
8040,2019-02-28,16.9,17.33,16.9,17.33,96498,,,,,historical_baseline,,fe33df9ae5456d8ee27133c42c244c81d150008ababc19399c7ed428638b57ea
8050,2019-02-03,27.84,28.26,27.38,27.45,793001,,,,,historical_baseline,,fe33df9ae5456d8ee27133c42c244c81d150008ababc19399c7ed428638b57ea
8050,2019-02-04,27.45,27.51,26.95,27.09,362142,,,,,historical_baseline,,fe33df9ae5456d8ee27133c42c244c81d150008ababc19399c7ed428638b57ea
8050,2019-02-05,27.12,27.51,27.09,27.32,268062,,,,,historical_baseline,,fe33df9ae5456d8ee27133c42c244c81d150008ababc19399c7ed428638b57ea
8050,2019-02-06,27.35,27.61,27.02,27.12,215435,,,,,historical_baseline,,fe33df9ae5456d8ee27133c42c244c81d150008ababc19399c7ed428638b57ea
8050,2019-02-07,27.18,27.45,26.99,27.32,201394,,,,,historical_baseline,,fe33df9ae5456d8ee27133c42c244c81d150008ababc19399c7ed428638b57ea
8050,2019-02-10,27.32,27.41,27.09,27.25,143622,,,,,historical_baseline,,fe33df9ae5456d8ee27133c42c244c81d150008ababc19399c7ed428638b57ea
8050,2019-02-11,27.18,27.22,26.99,27.09,96625,,,,,historical_baseline,,fe33df9ae5456d8ee27133c42c244c81d150008ababc19399c7ed428638b57ea
8050,2019-02-12,27.09,27.28,26.95,27.05,71073,,,,,historical_baseline,,fe33df9ae5456d8ee27133c42c244c81d150008ababc19399c7ed428638b57ea
8050,2019-02-13,27.05,27.68,27.02,27.32,374640,,,,,historical_baseline,,fe33df9ae5456d8ee27133c42c244c81d150008ababc19399c7ed428638b57ea
8050,2019-02-14,27.22,27.41,26.92,27.35,175590,,,,,historical_baseline,,fe33df9ae5456d8ee27133c42c244c81d150008ababc19399c7ed428638b57ea
8050,2019-02-17,27.41,27.54,27.05,27.35,172693,,,,,historical_baseline,,fe33df9ae5456d8ee27133c42c244c81d150008ababc19399c7ed428638b57ea
8050,2019-02-18,27.32,27.35,26.79,26.86,307110,,,,,historical_baseline,,fe33df9ae5456d8ee27133c42c244c81d150008ababc19399c7ed428638b57ea
8050,2019-02-19,26.86,27.38,26.76,27.09,379409,,,,,historical_baseline,,fe33df9ae5456d8ee27133c42c244c81d150008ababc19399c7ed428638b57ea
8050,2019-02-20,26.99,27.12,26.82,26.89,154683,,,,,historical_baseline,,fe33df9ae5456d8ee27133c42c244c81d150008ababc19399c7ed428638b57ea
8050,2019-02-21,26.92,27.12,26.86,26.86,190534,,,,,historical_baseline,,fe33df9ae5456d8ee27133c42c244c81d150008ababc19399c7ed428638b57ea
8050,2019-02-24,26.99,27.02,26.53,26.53,182537,,,,,historical_baseline,,fe33df9ae5456d8ee27133c42c244c81d150008ababc19399c7ed428638b57ea
8050,2019-02-25,26.53,26.56,26.17,26.3,169644,,,,,historical_baseline,,fe33df9ae5456d8ee27133c42c244c81d150008ababc19399c7ed428638b57ea
8050,2019-02-26,26.2,26.43,26.07,26.37,138757,,,,,historical_baseline,,fe33df9ae5456d8ee27133c42c244c81d150008ababc19399c7ed428638b57ea
8050,2019-02-27,26.37,26.46,26.2,26.46,84748,,,,,historical_baseline,,fe33df9ae5456d8ee27133c42c244c81d150008ababc19399c7ed428638b57ea
8050,2019-02-28,26.37,26.43,26.2,26.2,129695,,,,,historical_baseline,,fe33df9ae5456d8ee27133c42c244c81d150008ababc19399c7ed428638b57ea
8060,2019-02-03,19.57,19.63,19.52,19.52,92607,,,,,historical_baseline,,fe33df9ae5456d8ee27133c42c244c81d150008ababc19399c7ed428638b57ea
8060,2019-02-04,19.6,19.92,19.45,19.5,236178,,,,,historical_baseline,,fe33df9ae5456d8ee27133c42c244c81d150008ababc19399c7ed428638b57ea
8060,2019-02-05,19.47,19.6,19.42,19.42,111153,,,,,historical_baseline,,fe33df9ae5456d8ee27133c42c244c81d150008ababc19399c7ed428638b57ea
8060,2019-02-06,19.4,19.48,19.17,19.17,294828,,,,,historical_baseline,,fe33df9ae5456d8ee27133c42c244c81d150008ababc19399c7ed428638b57ea
8060,2019-02-07,19.18,19.18,19.02,19.03,79459,,,,,historical_baseline,,fe33df9ae5456d8ee27133c42c244c81d150008ababc19399c7ed428638b57ea
8060,2019-02-10,19.08,19.4,19.08,19.22,115090,,,,,historical_baseline,,fe33df9ae5456d8ee27133c42c244c81d150008ababc19399c7ed428638b57ea
8060,2019-02-11,19.17,19.17,19.05,19.05,37890,,,,,historical_baseline,,fe33df9ae5456d8ee27133c42c244c81d150008ababc19399c7ed428638b57ea
8060,2019-02-12,18.93,19.22,18.93,19.17,151195,,,,,historical_baseline,,fe33df9ae5456d8ee27133c42c244c81d150008ababc19399c7ed428638b57ea
8060,2019-02-13,19.22,19.32,19.07,19.13,81133,,,,,historical_baseline,,fe33df9ae5456d8ee27133c42c244c81d150008ababc19399c7ed428638b57ea
8060,2019-02-14,19.0,19.17,19.0,19.0,272600,,,,,historical_baseline,,fe33df9ae5456d8ee27133c42c244c81d150008ababc19399c7ed428638b57ea
8060,2019-02-17,19.13,19.22,19.08,19.08,31731,,,,,historical_baseline,,fe33df9ae5456d8ee27133c42c244c81d150008ababc19399c7ed428638b57ea
8060,2019-02-18,19.05,19.1,19.05,19.08,16341,,,,,historical_baseline,,fe33df9ae5456d8ee27133c42c244c81d150008ababc19399c7ed428638b57ea
8060,2019-02-19,19.17,19.32,19.13,19.32,89328,,,,,historical_baseline,,fe33df9ae5456d8ee27133c42c244c81d150008ababc19399c7ed428638b57ea
8060,2019-02-20,19.25,19.85,19.2,19.72,388053,,,,,historical_baseline,,fe33df9ae5456d8ee27133c42c244c81d150008ababc19399c7ed428638b57ea
8060,2019-02-21,19.75,20.0,19.6,19.87,288525,,,,,historical_baseline,,fe33df9ae5456d8ee27133c42c244c81d150008ababc19399c7ed428638b57ea
8060,2019-02-24,19.8,20.35,19.78,20.13,489802,,,,,historical_baseline,,fe33df9ae5456d8ee27133c42c244c81d150008ababc19399c7ed428638b57ea
8060,2019-02-25,20.13,20.25,19.87,19.97,187806,,,,,historical_baseline,,fe33df9ae5456d8ee27133c42c244c81d150008ababc19399c7ed428638b57ea
8060,2019-02-26,19.87,19.98,19.77,19.85,150232,,,,,historical_baseline,,fe33df9ae5456d8ee27133c42c244c81d150008ababc19399c7ed428638b57ea
8060,2019-02-27,19.83,19.98,19.68,19.75,104193,,,,,historical_baseline,,fe33df9ae5456d8ee27133c42c244c81d150008ababc19399c7ed428638b57ea
8060,2019-02-28,19.75,19.87,19.75,19.82,87165,,,,,historical_baseline,,fe33df9ae5456d8ee27133c42c244c81d150008ababc19399c7ed428638b57ea
8070,2019-02-03,14.27,14.37,14.06,14.1,414245,,,,,historical_baseline,,fe33df9ae5456d8ee27133c42c244c81d150008ababc19399c7ed428638b57ea
8070,2019-02-04,14.12,14.12,13.89,14.09,268691,,,,,historical_baseline,,fe33df9ae5456d8ee27133c42c244c81d150008ababc19399c7ed428638b57ea
8070,2019-02-05,13.97,14.1,13.92,14.01,364909,,,,,historical_baseline,,fe33df9ae5456d8ee27133c42c244c81d150008ababc19399c7ed428638b57ea
8070,2019-02-06,14.06,14.06,13.76,13.76,267329,,,,,historical_baseline,,fe33df9ae5456d8ee27133c42c244c81d150008ababc19399c7ed428638b57ea
8070,2019-02-07,13.74,14.1,13.74,13.79,274674,,,,,historical_baseline,,fe33df9ae5456d8ee27133c42c244c81d150008ababc19399c7ed428638b57ea
8070,2019-02-10,13.8,14.01,13.79,13.92,118705,,,,,historical_baseline,,fe33df9ae5456d8ee27133c42c244c81d150008ababc19399c7ed428638b57ea
8070,2019-02-11,13.88,13.88,13.73,13.73,136566,,,,,historical_baseline,,fe33df9ae5456d8ee27133c42c244c81d150008ababc19399c7ed428638b57ea
8070,2019-02-12,13.73,13.8,13.73,13.77,96085,,,,,historical_baseline,,fe33df9ae5456d8ee27133c42c244c81d150008ababc19399c7ed428638b57ea
8070,2019-02-13,13.76,14.24,13.76,13.94,777713,,,,,historical_baseline,,fe33df9ae5456d8ee27133c42c244c81d150008ababc19399c7ed428638b57ea
8070,2019-02-14,13.97,13.97,13.77,13.8,401483,,,,,historical_baseline,,fe33df9ae5456d8ee27133c42c244c81d150008ababc19399c7ed428638b57ea
8070,2019-02-17,13.85,13.98,13.79,13.91,263837,,,,,historical_baseline,,fe33df9ae5456d8ee27133c42c244c81d150008ababc19399c7ed428638b57ea
8070,2019-02-18,13.95,14.07,13.82,13.88,174107,,,,,historical_baseline,,fe33df9ae5456d8ee27133c42c244c81d150008ababc19399c7ed428638b57ea
8070,2019-02-19,13.88,13.92,13.82,13.91,140065,,,,,historical_baseline,,fe33df9ae5456d8ee27133c42c244c81d150008ababc19399c7ed428638b57ea
8070,2019-02-20,13.88,14.15,13.88,13.97,309310,,,,,historical_baseline,,fe33df9ae5456d8ee27133c42c244c81d150008ababc19399c7ed428638b57ea
8070,2019-02-21,14.04,14.1,13.95,13.95,191026,,,,,historical_baseline,,fe33df9ae5456d8ee27133c42c244c81d150008ababc19399c7ed428638b57ea
8070,2019-02-24,13.95,14.07,13.85,13.88,146765,,,,,historical_baseline,,fe33df9ae5456d8ee27133c42c244c81d150008ababc19399c7ed428638b57ea
8070,2019-02-25,13.85,13.95,13.71,13.95,407098,,,,,historical_baseline,,fe33df9ae5456d8ee27133c42c244c81d150008ababc19399c7ed428638b57ea
8070,2019-02-26,13.88,14.03,13.85,14.03,92694,,,,,historical_baseline,,fe33df9ae5456d8ee27133c42c244c81d150008ababc19399c7ed428638b57ea
8070,2019-02-27,14.03,14.03,13.88,13.97,80642,,,,,historical_baseline,,fe33df9ae5456d8ee27133c42c244c81d150008ababc19399c7ed428638b57ea
8070,2019-02-28,13.91,13.97,13.85,13.86,176117,,,,,historical_baseline,,fe33df9ae5456d8ee27133c42c244c81d150008ababc19399c7ed428638b57ea
8100,2019-02-03,11.68,11.68,11.46,11.46,131088,,,,,historical_baseline,,fe33df9ae5456d8ee27133c42c244c81d150008ababc19399c7ed428638b57ea
8100,2019-02-04,11.46,11.5,11.44,11.5,158198,,,,,historical_baseline,,fe33df9ae5456d8ee27133c42c244c81d150008ababc19399c7ed428638b57ea
8100,2019-02-05,11.5,11.64,11.5,11.62,191439,,,,,historical_baseline,,fe33df9ae5456d8ee27133c42c244c81d150008ababc19399c7ed428638b57ea
8100,2019-02-06,11.64,11.64,11.46,11.52,195831,,,,,historical_baseline,,fe33df9ae5456d8ee27133c42c244c81d150008ababc19399c7ed428638b57ea
8100,2019-02-07,11.54,11.6,11.48,11.48,150235,,,,,historical_baseline,,fe33df9ae5456d8ee27133c42c244c81d150008ababc19399c7ed428638b57ea
8100,2019-02-10,11.5,11.52,11.42,11.42,80549,,,,,historical_baseline,,fe33df9ae5456d8ee27133c42c244c81d150008ababc19399c7ed428638b57ea
8100,2019-02-11,11.42,11.5,11.36,11.36,130905,,,,,historical_baseline,,fe33df9ae5456d8ee27133c42c244c81d150008ababc19399c7ed428638b57ea
8100,2019-02-12,11.38,11.48,11.34,11.36,165473,,,,,historical_baseline,,fe33df9ae5456d8ee27133c42c244c81d150008ababc19399c7ed428638b57ea
8100,2019-02-13,11.36,11.44,11.36,11.4,118952,,,,,historical_baseline,,fe33df9ae5456d8ee27133c42c244c81d150008ababc19399c7ed428638b57ea
8100,2019-02-14,11.42,11.42,11.3,11.32,102718,,,,,historical_baseline,,fe33df9ae5456d8ee27133c42c244c81d150008ababc19399c7ed428638b57ea
8100,2019-02-17,11.34,11.34,11.28,11.32,130601,,,,,historical_baseline,,fe33df9ae5456d8ee27133c42c244c81d150008ababc19399c7ed428638b57ea
8100,2019-02-18,11.3,11.34,11.3,11.34,50514,,,,,historical_baseline,,fe33df9ae5456d8ee27133c42c244c81d150008ababc19399c7ed428638b57ea
8100,2019-02-19,11.32,11.48,11.3,11.44,154644,,,,,historical_baseline,,fe33df9ae5456d8ee27133c42c244c81d150008ababc19399c7ed428638b57ea
8100,2019-02-20,11.48,11.54,11.42,11.5,240767,,,,,historical_baseline,,fe33df9ae5456d8ee27133c42c244c81d150008ababc19399c7ed428638b57ea
8100,2019-02-21,11.44,11.54,11.38,11.38,154266,,,,,historical_baseline,,fe33df9ae5456d8ee27133c42c244c81d150008ababc19399c7ed428638b57ea
8100,2019-02-24,11.36,11.44,11.3,11.32,73846,,,,,historical_baseline,,fe33df9ae5456d8ee27133c42c244c81d150008ababc19399c7ed428638b57ea
8100,2019-02-25,11.28,11.34,11.26,11.3,95158,,,,,historical_baseline,,fe33df9ae5456d8ee27133c42c244c81d150008ababc19399c7ed428638b57ea
8100,2019-02-26,11.3,11.4,11.3,11.36,59537,,,,,historical_baseline,,fe33df9ae5456d8ee27133c42c244c81d150008ababc19399c7ed428638b57ea
8100,2019-02-27,11.3,11.38,11.3,11.38,61633,,,,,historical_baseline,,fe33df9ae5456d8ee27133c42c244c81d150008ababc19399c7ed428638b57ea
8100,2019-02-28,11.3,11.34,11.28,11.3,96530,,,,,historical_baseline,,fe33df9ae5456d8ee27133c42c244c81d150008ababc19399c7ed428638b57ea
8120,2019-02-03,11.94,11.94,11.79,11.86,89796,,,,,historical_baseline,,fe33df9ae5456d8ee27133c42c244c81d150008ababc19399c7ed428638b57ea
8120,2019-02-04,11.86,11.86,11.79,11.86,39322,,,,,historical_baseline,,fe33df9ae5456d8ee27133c42c244c81d150008ababc19399c7ed428638b57ea
8120,2019-02-05,11.93,11.93,11.82,11.91,64712,,,,,historical_baseline,,fe33df9ae5456d8ee27133c42c244c81d150008ababc19399c7ed428638b57ea
8120,2019-02-06,11.89,11.94,11.77,11.94,152226,,,,,historical_baseline,,fe33df9ae5456d8ee27133c42c244c81d150008ababc19399c7ed428638b57ea
8120,2019-02-07,11.89,11.93,11.88,11.88,43743,,,,,historical_baseline,,fe33df9ae5456d8ee27133c42c244c81d150008ababc19399c7ed428638b57ea
8120,2019-02-10,11.81,11.93,11.69,11.93,155262,,,,,historical_baseline,,fe33df9ae5456d8ee27133c42c244c81d150008ababc19399c7ed428638b57ea
8120,2019-02-11,11.82,11.94,11.81,11.93,126370,,,,,historical_baseline,,fe33df9ae5456d8ee27133c42c244c81d150008ababc19399c7ed428638b57ea
8120,2019-02-12,11.82,11.94,11.82,11.86,89055,,,,,historical_baseline,,fe33df9ae5456d8ee27133c42c244c81d150008ababc19399c7ed428638b57ea
8120,2019-02-13,11.82,11.93,11.77,11.93,55990,,,,,historical_baseline,,fe33df9ae5456d8ee27133c42c244c81d150008ababc19399c7ed428638b57ea
8120,2019-02-14,11.82,11.89,11.82,11.82,22234,,,,,historical_baseline,,fe33df9ae5456d8ee27133c42c244c81d150008ababc19399c7ed428638b57ea
8120,2019-02-17,11.81,11.93,11.76,11.88,78367,,,,,historical_baseline,,fe33df9ae5456d8ee27133c42c244c81d150008ababc19399c7ed428638b57ea
8120,2019-02-18,11.94,11.94,11.81,11.86,98268,,,,,historical_baseline,,fe33df9ae5456d8ee27133c42c244c81d150008ababc19399c7ed428638b57ea
8120,2019-02-19,11.77,11.88,11.7,11.86,233100,,,,,historical_baseline,,fe33df9ae5456d8ee27133c42c244c81d150008ababc19399c7ed428638b57ea
8120,2019-02-20,11.89,11.89,11.72,11.76,71067,,,,,historical_baseline,,fe33df9ae5456d8ee27133c42c244c81d150008ababc19399c7ed428638b57ea
8120,2019-02-21,11.69,11.69,11.52,11.64,313279,,,,,historical_baseline,,fe33df9ae5456d8ee27133c42c244c81d150008ababc19399c7ed428638b57ea
8120,2019-02-24,11.74,11.93,11.43,11.52,134628,,,,,historical_baseline,,fe33df9ae5456d8ee27133c42c244c81d150008ababc19399c7ed428638b57ea
8120,2019-02-25,11.28,11.53,11.28,11.43,118151,,,,,historical_baseline,,fe33df9ae5456d8ee27133c42c244c81d150008ababc19399c7ed428638b57ea
8120,2019-02-26,11.38,11.43,11.26,11.43,114170,,,,,historical_baseline,,fe33df9ae5456d8ee27133c42c244c81d150008ababc19399c7ed428638b57ea
8120,2019-02-27,11.26,11.43,11.26,11.41,51962,,,,,historical_baseline,,fe33df9ae5456d8ee27133c42c244c81d150008ababc19399c7ed428638b57ea
8120,2019-02-28,11.38,11.47,11.36,11.36,50428,,,,,historical_baseline,,fe33df9ae5456d8ee27133c42c244c81d150008ababc19399c7ed428638b57ea
8150,2019-02-03,19.99,20.64,19.75,19.93,347737,,,,,historical_baseline,,fe33df9ae5456d8ee27133c42c244c81d150008ababc19399c7ed428638b57ea
8150,2019-02-04,20.38,21.87,19.7,20.56,896325,,,,,historical_baseline,,fe33df9ae5456d8ee27133c42c244c81d150008ababc19399c7ed428638b57ea
8150,2019-02-05,21.16,21.41,20.64,21.18,689226,,,,,historical_baseline,,fe33df9ae5456d8ee27133c42c244c81d150008ababc19399c7ed428638b57ea
8150,2019-02-06,21.0,21.53,20.86,21.18,420954,,,,,historical_baseline,,fe33df9ae5456d8ee27133c42c244c81d150008ababc19399c7ed428638b57ea
8150,2019-02-07,21.36,21.52,20.38,20.38,442922,,,,,historical_baseline,,fe33df9ae5456d8ee27133c42c244c81d150008ababc19399c7ed428638b57ea
8150,2019-02-10,20.2,20.7,19.93,20.64,319399,,,,,historical_baseline,,fe33df9ae5456d8ee27133c42c244c81d150008ababc19399c7ed428638b57ea
8150,2019-02-11,20.89,20.89,20.38,20.68,111310,,,,,historical_baseline,,fe33df9ae5456d8ee27133c42c244c81d150008ababc19399c7ed428638b57ea
8150,2019-02-12,20.43,20.47,19.9,19.97,200587,,,,,historical_baseline,,fe33df9ae5456d8ee27133c42c244c81d150008ababc19399c7ed428638b57ea
8150,2019-02-13,20.27,20.29,19.58,19.84,242041,,,,,historical_baseline,,fe33df9ae5456d8ee27133c42c244c81d150008ababc19399c7ed428638b57ea
8150,2019-02-14,19.86,20.89,19.86,20.47,400673,,,,,historical_baseline,,fe33df9ae5456d8ee27133c42c244c81d150008ababc19399c7ed428638b57ea
8150,2019-02-17,20.56,21.34,20.29,21.25,312036,,,,,historical_baseline,,fe33df9ae5456d8ee27133c42c244c81d150008ababc19399c7ed428638b57ea
8150,2019-02-18,21.27,21.44,20.82,20.96,220257,,,,,historical_baseline,,fe33df9ae5456d8ee27133c42c244c81d150008ababc19399c7ed428638b57ea
8150,2019-02-19,20.7,20.84,19.84,19.93,317408,,,,,historical_baseline,,fe33df9ae5456d8ee27133c42c244c81d150008ababc19399c7ed428638b57ea
8150,2019-02-20,19.95,20.61,19.84,20.27,342633,,,,,historical_baseline,,fe33df9ae5456d8ee27133c42c244c81d150008ababc19399c7ed428638b57ea
8150,2019-02-21,20.18,20.38,19.9,20.29,145324,,,,,historical_baseline,,fe33df9ae5456d8ee27133c42c244c81d150008ababc19399c7ed428638b57ea
8150,2019-02-24,20.11,20.13,19.9,20.06,140551,,,,,historical_baseline,,fe33df9ae5456d8ee27133c42c244c81d150008ababc19399c7ed428638b57ea
8150,2019-02-25,19.86,19.93,19.58,19.86,109455,,,,,historical_baseline,,fe33df9ae5456d8ee27133c42c244c81d150008ababc19399c7ed428638b57ea
8150,2019-02-26,19.67,19.72,19.47,19.67,155712,,,,,historical_baseline,,fe33df9ae5456d8ee27133c42c244c81d150008ababc19399c7ed428638b57ea
8150,2019-02-27,19.45,19.47,18.81,19.31,201126,,,,,historical_baseline,,fe33df9ae5456d8ee27133c42c244c81d150008ababc19399c7ed428638b57ea
8150,2019-02-28,19.43,20.02,19.4,19.9,269884,,,,,historical_baseline,,fe33df9ae5456d8ee27133c42c244c81d150008ababc19399c7ed428638b57ea
8160,2019-02-03,14.5,14.63,14.48,14.52,118718,,,,,historical_baseline,,fe33df9ae5456d8ee27133c42c244c81d150008ababc19399c7ed428638b57ea
8160,2019-02-04,14.48,14.59,14.39,14.59,132968,,,,,historical_baseline,,fe33df9ae5456d8ee27133c42c244c81d150008ababc19399c7ed428638b57ea
8160,2019-02-05,14.63,14.77,14.57,14.77,494083,,,,,historical_baseline,,fe33df9ae5456d8ee27133c42c244c81d150008ababc19399c7ed428638b57ea
8160,2019-02-06,14.74,14.77,14.7,14.75,183068,,,,,historical_baseline,,fe33df9ae5456d8ee27133c42c244c81d150008ababc19399c7ed428638b57ea
8160,2019-02-07,14.81,15.28,14.52,15.01,438860,,,,,historical_baseline,,fe33df9ae5456d8ee27133c42c244c81d150008ababc19399c7ed428638b57ea
8160,2019-02-10,14.99,15.48,14.92,15.42,364612,,,,,historical_baseline,,fe33df9ae5456d8ee27133c42c244c81d150008ababc19399c7ed428638b57ea
8160,2019-02-11,15.66,16.02,15.39,15.99,924834,,,,,historical_baseline,,fe33df9ae5456d8ee27133c42c244c81d150008ababc19399c7ed428638b57ea
8160,2019-02-12,16.11,16.2,15.61,15.8,643632,,,,,historical_baseline,,fe33df9ae5456d8ee27133c42c244c81d150008ababc19399c7ed428638b57ea
8160,2019-02-13,15.71,15.77,15.21,15.77,297063,,,,,historical_baseline,,fe33df9ae5456d8ee27133c42c244c81d150008ababc19399c7ed428638b57ea
8160,2019-02-14,15.5,15.68,15.39,15.61,276198,,,,,historical_baseline,,fe33df9ae5456d8ee27133c42c244c81d150008ababc19399c7ed428638b57ea
8160,2019-02-17,15.61,15.8,15.39,15.62,235526,,,,,historical_baseline,,fe33df9ae5456d8ee27133c42c244c81d150008ababc19399c7ed428638b57ea
8160,2019-02-18,15.53,15.84,15.39,15.84,195220,,,,,historical_baseline,,fe33df9ae5456d8ee27133c42c244c81d150008ababc19399c7ed428638b57ea
8160,2019-02-19,15.82,15.93,15.7,15.7,346365,,,,,historical_baseline,,fe33df9ae5456d8ee27133c42c244c81d150008ababc19399c7ed428638b57ea
8160,2019-02-20,15.7,15.82,15.57,15.75,429057,,,,,historical_baseline,,fe33df9ae5456d8ee27133c42c244c81d150008ababc19399c7ed428638b57ea
8160,2019-02-21,15.73,15.82,15.64,15.82,158119,,,,,historical_baseline,,fe33df9ae5456d8ee27133c42c244c81d150008ababc19399c7ed428638b57ea
8160,2019-02-24,15.7,15.82,15.66,15.77,366062,,,,,historical_baseline,,fe33df9ae5456d8ee27133c42c244c81d150008ababc19399c7ed428638b57ea
8160,2019-02-25,15.68,15.73,15.39,15.61,192950,,,,,historical_baseline,,fe33df9ae5456d8ee27133c42c244c81d150008ababc19399c7ed428638b57ea
8160,2019-02-26,15.48,15.57,15.39,15.57,126207,,,,,historical_baseline,,fe33df9ae5456d8ee27133c42c244c81d150008ababc19399c7ed428638b57ea
8160,2019-02-27,15.42,15.7,15.39,15.48,262759,,,,,historical_baseline,,fe33df9ae5456d8ee27133c42c244c81d150008ababc19399c7ed428638b57ea
8160,2019-02-28,15.39,15.41,15.21,15.37,267428,,,,,historical_baseline,,fe33df9ae5456d8ee27133c42c244c81d150008ababc19399c7ed428638b57ea
8170,2019-02-03,16.5,16.68,16.38,16.5,207751,,,,,historical_baseline,,fe33df9ae5456d8ee27133c42c244c81d150008ababc19399c7ed428638b57ea
8170,2019-02-04,16.5,16.56,16.35,16.56,308665,,,,,historical_baseline,,fe33df9ae5456d8ee27133c42c244c81d150008ababc19399c7ed428638b57ea
8170,2019-02-05,16.5,16.99,16.44,16.74,796895,,,,,historical_baseline,,fe33df9ae5456d8ee27133c42c244c81d150008ababc19399c7ed428638b57ea
8170,2019-02-06,15.83,16.13,15.55,15.86,3214761,,,,,historical_baseline,,fe33df9ae5456d8ee27133c42c244c81d150008ababc19399c7ed428638b57ea
8170,2019-02-07,15.89,15.89,15.58,15.61,395057,,,,,historical_baseline,,fe33df9ae5456d8ee27133c42c244c81d150008ababc19399c7ed428638b57ea
8170,2019-02-10,15.58,15.77,15.55,15.77,178684,,,,,historical_baseline,,fe33df9ae5456d8ee27133c42c244c81d150008ababc19399c7ed428638b57ea
8170,2019-02-11,15.74,15.83,15.58,15.61,157671,,,,,historical_baseline,,fe33df9ae5456d8ee27133c42c244c81d150008ababc19399c7ed428638b57ea
8170,2019-02-12,15.61,15.68,15.28,15.4,395824,,,,,historical_baseline,,fe33df9ae5456d8ee27133c42c244c81d150008ababc19399c7ed428638b57ea
8170,2019-02-13,15.52,15.58,15.37,15.4,210195,,,,,historical_baseline,,fe33df9ae5456d8ee27133c42c244c81d150008ababc19399c7ed428638b57ea
8170,2019-02-14,15.4,15.46,15.27,15.34,311754,,,,,historical_baseline,,fe33df9ae5456d8ee27133c42c244c81d150008ababc19399c7ed428638b57ea
8170,2019-02-17,15.37,15.37,15.2,15.31,270872,,,,,historical_baseline,,fe33df9ae5456d8ee27133c42c244c81d150008ababc19399c7ed428638b57ea
8170,2019-02-18,15.28,15.43,15.23,15.27,145575,,,,,historical_baseline,,fe33df9ae5456d8ee27133c42c244c81d150008ababc19399c7ed428638b57ea
8170,2019-02-19,15.27,15.4,15.25,15.25,295967,,,,,historical_baseline,,fe33df9ae5456d8ee27133c42c244c81d150008ababc19399c7ed428638b57ea
8170,2019-02-20,15.28,15.43,15.25,15.28,248539,,,,,historical_baseline,,fe33df9ae5456d8ee27133c42c244c81d150008ababc19399c7ed428638b57ea
8170,2019-02-21,16.16,16.29,15.77,15.77,2960853,,,,,historical_baseline,,fe33df9ae5456d8ee27133c42c244c81d150008ababc19399c7ed428638b57ea
8170,2019-02-24,15.77,15.8,15.55,15.58,536614,,,,,historical_baseline,,fe33df9ae5456d8ee27133c42c244c81d150008ababc19399c7ed428638b57ea
8170,2019-02-25,15.58,15.98,15.52,15.98,912414,,,,,historical_baseline,,fe33df9ae5456d8ee27133c42c244c81d150008ababc19399c7ed428638b57ea
8170,2019-02-26,15.95,16.07,15.83,16.07,653610,,,,,historical_baseline,,fe33df9ae5456d8ee27133c42c244c81d150008ababc19399c7ed428638b57ea
8170,2019-02-27,16.01,16.13,15.86,16.01,352268,,,,,historical_baseline,,fe33df9ae5456d8ee27133c42c244c81d150008ababc19399c7ed428638b57ea
8170,2019-02-28,16.01,16.01,15.77,15.77,427882,,,,,historical_baseline,,fe33df9ae5456d8ee27133c42c244c81d150008ababc19399c7ed428638b57ea
8180,2019-02-03,35.14,35.14,34.8,34.86,96064,,,,,historical_baseline,,fe33df9ae5456d8ee27133c42c244c81d150008ababc19399c7ed428638b57ea
8180,2019-02-04,34.86,34.86,34.23,34.29,111233,,,,,historical_baseline,,fe33df9ae5456d8ee27133c42c244c81d150008ababc19399c7ed428638b57ea
8180,2019-02-05,34.29,34.8,34.29,34.63,41344,,,,,historical_baseline,,fe33df9ae5456d8ee27133c42c244c81d150008ababc19399c7ed428638b57ea
8180,2019-02-06,34.51,34.63,34.29,34.57,54990,,,,,historical_baseline,,fe33df9ae5456d8ee27133c42c244c81d150008ababc19399c7ed428638b57ea
8180,2019-02-07,34.46,34.63,34.4,34.51,34701,,,,,historical_baseline,,fe33df9ae5456d8ee27133c42c244c81d150008ababc19399c7ed428638b57ea
8180,2019-02-10,34.91,35.43,34.51,34.51,86312,,,,,historical_baseline,,fe33df9ae5456d8ee27133c42c244c81d150008ababc19399c7ed428638b57ea
8180,2019-02-11,34.46,34.63,34.4,34.4,73890,,,,,historical_baseline,,fe33df9ae5456d8ee27133c42c244c81d150008ababc19399c7ed428638b57ea
8180,2019-02-12,34.4,34.46,34.34,34.4,34662,,,,,historical_baseline,,fe33df9ae5456d8ee27133c42c244c81d150008ababc19399c7ed428638b57ea
8180,2019-02-13,34.46,34.63,34.34,34.63,66810,,,,,historical_baseline,,fe33df9ae5456d8ee27133c42c244c81d150008ababc19399c7ed428638b57ea
8180,2019-02-14,34.63,34.69,34.4,34.51,29674,,,,,historical_baseline,,fe33df9ae5456d8ee27133c42c244c81d150008ababc19399c7ed428638b57ea
8180,2019-02-17,34.34,34.51,34.34,34.51,27295,,,,,historical_baseline,,fe33df9ae5456d8ee27133c42c244c81d150008ababc19399c7ed428638b57ea
8180,2019-02-18,34.51,34.51,34.34,34.46,24814,,,,,historical_baseline,,fe33df9ae5456d8ee27133c42c244c81d150008ababc19399c7ed428638b57ea
8180,2019-02-19,34.46,34.63,34.34,34.51,47086,,,,,historical_baseline,,fe33df9ae5456d8ee27133c42c244c81d150008ababc19399c7ed428638b57ea
8180,2019-02-20,34.57,34.69,34.46,34.51,50948,,,,,historical_baseline,,fe33df9ae5456d8ee27133c42c244c81d150008ababc19399c7ed428638b57ea
8180,2019-02-21,34.57,34.63,34.29,34.46,63366,,,,,historical_baseline,,fe33df9ae5456d8ee27133c42c244c81d150008ababc19399c7ed428638b57ea
8180,2019-02-24,34.34,34.46,34.29,34.4,27026,,,,,historical_baseline,,fe33df9ae5456d8ee27133c42c244c81d150008ababc19399c7ed428638b57ea
8180,2019-02-25,34.0,34.29,34.0,34.29,22306,,,,,historical_baseline,,fe33df9ae5456d8ee27133c42c244c81d150008ababc19399c7ed428638b57ea
8180,2019-02-26,34.06,34.29,34.0,34.29,29251,,,,,historical_baseline,,fe33df9ae5456d8ee27133c42c244c81d150008ababc19399c7ed428638b57ea
8180,2019-02-27,34.29,34.29,34.0,34.06,42855,,,,,historical_baseline,,fe33df9ae5456d8ee27133c42c244c81d150008ababc19399c7ed428638b57ea
8180,2019-02-28,34.23,34.29,34.11,34.29,14272,,,,,historical_baseline,,fe33df9ae5456d8ee27133c42c244c81d150008ababc19399c7ed428638b57ea
8190,2019-02-03,11.62,11.62,11.52,11.52,81502,,,,,historical_baseline,,fe33df9ae5456d8ee27133c42c244c81d150008ababc19399c7ed428638b57ea
8190,2019-02-04,11.42,11.54,11.42,11.48,57682,,,,,historical_baseline,,fe33df9ae5456d8ee27133c42c244c81d150008ababc19399c7ed428638b57ea
8190,2019-02-05,11.48,12.3,11.46,12.0,1436171,,,,,historical_baseline,,fe33df9ae5456d8ee27133c42c244c81d150008ababc19399c7ed428638b57ea
8190,2019-02-06,11.9,12.76,11.9,12.76,1401692,,,,,historical_baseline,,fe33df9ae5456d8ee27133c42c244c81d150008ababc19399c7ed428638b57ea
8190,2019-02-07,12.7,13.1,12.42,12.88,1424383,,,,,historical_baseline,,fe33df9ae5456d8ee27133c42c244c81d150008ababc19399c7ed428638b57ea
8190,2019-02-10,12.9,13.28,12.5,12.5,955937,,,,,historical_baseline,,fe33df9ae5456d8ee27133c42c244c81d150008ababc19399c7ed428638b57ea
8190,2019-02-11,12.52,12.52,12.1,12.14,799625,,,,,historical_baseline,,fe33df9ae5456d8ee27133c42c244c81d150008ababc19399c7ed428638b57ea
8190,2019-02-12,12.1,12.14,11.9,11.9,503342,,,,,historical_baseline,,fe33df9ae5456d8ee27133c42c244c81d150008ababc19399c7ed428638b57ea
8190,2019-02-13,11.98,12.68,11.8,12.3,1528636,,,,,historical_baseline,,fe33df9ae5456d8ee27133c42c244c81d150008ababc19399c7ed428638b57ea
8190,2019-02-14,12.36,12.4,11.94,11.98,632795,,,,,historical_baseline,,fe33df9ae5456d8ee27133c42c244c81d150008ababc19399c7ed428638b57ea
8190,2019-02-17,11.96,12.26,11.9,12.02,316523,,,,,historical_baseline,,fe33df9ae5456d8ee27133c42c244c81d150008ababc19399c7ed428638b57ea
8190,2019-02-18,12.0,12.06,11.96,12.06,149954,,,,,historical_baseline,,fe33df9ae5456d8ee27133c42c244c81d150008ababc19399c7ed428638b57ea
8190,2019-02-19,12.02,12.04,11.92,12.0,170389,,,,,historical_baseline,,fe33df9ae5456d8ee27133c42c244c81d150008ababc19399c7ed428638b57ea
8190,2019-02-20,11.98,12.06,11.9,11.9,124240,,,,,historical_baseline,,fe33df9ae5456d8ee27133c42c244c81d150008ababc19399c7ed428638b57ea
8190,2019-02-21,11.92,12.0,11.74,11.94,164769,,,,,historical_baseline,,fe33df9ae5456d8ee27133c42c244c81d150008ababc19399c7ed428638b57ea
8190,2019-02-24,11.86,11.9,11.8,11.9,112807,,,,,historical_baseline,,fe33df9ae5456d8ee27133c42c244c81d150008ababc19399c7ed428638b57ea
8190,2019-02-25,11.82,11.82,11.66,11.78,110903,,,,,historical_baseline,,fe33df9ae5456d8ee27133c42c244c81d150008ababc19399c7ed428638b57ea
8190,2019-02-26,11.8,11.98,11.7,11.8,259265,,,,,historical_baseline,,fe33df9ae5456d8ee27133c42c244c81d150008ababc19399c7ed428638b57ea
8190,2019-02-27,11.84,11.84,11.66,11.78,141828,,,,,historical_baseline,,fe33df9ae5456d8ee27133c42c244c81d150008ababc19399c7ed428638b57ea
8190,2019-02-28,11.84,12.1,11.8,11.82,600889,,,,,historical_baseline,,fe33df9ae5456d8ee27133c42c244c81d150008ababc19399c7ed428638b57ea
8200,2019-02-03,7.41,7.54,7.4,7.45,905514,,,,,historical_baseline,,fe33df9ae5456d8ee27133c42c244c81d150008ababc19399c7ed428638b57ea
8200,2019-02-04,7.45,7.52,7.35,7.4,479528,,,,,historical_baseline,,fe33df9ae5456d8ee27133c42c244c81d150008ababc19399c7ed428638b57ea
8200,2019-02-05,7.38,7.38,7.31,7.36,292959,,,,,historical_baseline,,fe33df9ae5456d8ee27133c42c244c81d150008ababc19399c7ed428638b57ea
8200,2019-02-06,7.4,7.4,7.3,7.36,200000,,,,,historical_baseline,,fe33df9ae5456d8ee27133c42c244c81d150008ababc19399c7ed428638b57ea
8200,2019-02-07,7.36,7.36,7.28,7.32,166179,,,,,historical_baseline,,fe33df9ae5456d8ee27133c42c244c81d150008ababc19399c7ed428638b57ea
8200,2019-02-10,7.29,7.3,7.22,7.22,298965,,,,,historical_baseline,,fe33df9ae5456d8ee27133c42c244c81d150008ababc19399c7ed428638b57ea
8200,2019-02-11,7.23,7.43,7.23,7.43,493287,,,,,historical_baseline,,fe33df9ae5456d8ee27133c42c244c81d150008ababc19399c7ed428638b57ea
8200,2019-02-12,7.41,7.47,7.32,7.4,257382,,,,,historical_baseline,,fe33df9ae5456d8ee27133c42c244c81d150008ababc19399c7ed428638b57ea
8200,2019-02-13,7.4,7.4,7.31,7.33,412742,,,,,historical_baseline,,fe33df9ae5456d8ee27133c42c244c81d150008ababc19399c7ed428638b57ea
8200,2019-02-14,7.32,7.33,7.19,7.2,616140,,,,,historical_baseline,,fe33df9ae5456d8ee27133c42c244c81d150008ababc19399c7ed428638b57ea
8200,2019-02-17,7.22,7.29,7.22,7.27,340751,,,,,historical_baseline,,fe33df9ae5456d8ee27133c42c244c81d150008ababc19399c7ed428638b57ea
8200,2019-02-18,7.24,7.34,7.23,7.26,265943,,,,,historical_baseline,,fe33df9ae5456d8ee27133c42c244c81d150008ababc19399c7ed428638b57ea
8200,2019-02-19,7.26,7.27,7.22,7.25,260084,,,,,historical_baseline,,fe33df9ae5456d8ee27133c42c244c81d150008ababc19399c7ed428638b57ea
8200,2019-02-20,7.26,7.29,7.25,7.25,194469,,,,,historical_baseline,,fe33df9ae5456d8ee27133c42c244c81d150008ababc19399c7ed428638b57ea
8200,2019-02-21,7.25,7.29,7.25,7.29,263392,,,,,historical_baseline,,fe33df9ae5456d8ee27133c42c244c81d150008ababc19399c7ed428638b57ea
8200,2019-02-24,7.33,7.34,7.23,7.26,313729,,,,,historical_baseline,,fe33df9ae5456d8ee27133c42c244c81d150008ababc19399c7ed428638b57ea
8200,2019-02-25,7.22,7.23,7.17,7.21,327059,,,,,historical_baseline,,fe33df9ae5456d8ee27133c42c244c81d150008ababc19399c7ed428638b57ea
8200,2019-02-26,7.19,7.19,7.15,7.17,173899,,,,,historical_baseline,,fe33df9ae5456d8ee27133c42c244c81d150008ababc19399c7ed428638b57ea
8200,2019-02-27,7.16,7.22,7.12,7.22,464477,,,,,historical_baseline,,fe33df9ae5456d8ee27133c42c244c81d150008ababc19399c7ed428638b57ea
8200,2019-02-28,7.16,7.26,7.14,7.2,359672,,,,,historical_baseline,,fe33df9ae5456d8ee27133c42c244c81d150008ababc19399c7ed428638b57ea
8210,2019-02-03,67.68,68.4,67.6,68.4,132642,,,,,historical_baseline,,fe33df9ae5456d8ee27133c42c244c81d150008ababc19399c7ed428638b57ea
8210,2019-02-04,68.32,68.32,67.44,68.0,69155,,,,,historical_baseline,,fe33df9ae5456d8ee27133c42c244c81d150008ababc19399c7ed428638b57ea
8210,2019-02-05,68.0,68.4,67.44,68.32,122996,,,,,historical_baseline,,fe33df9ae5456d8ee27133c42c244c81d150008ababc19399c7ed428638b57ea
8210,2019-02-06,68.0,68.0,67.6,67.84,96665,,,,,historical_baseline,,fe33df9ae5456d8ee27133c42c244c81d150008ababc19399c7ed428638b57ea
8210,2019-02-07,67.84,68.0,67.44,67.76,145328,,,,,historical_baseline,,fe33df9ae5456d8ee27133c42c244c81d150008ababc19399c7ed428638b57ea
8210,2019-02-10,67.68,68.08,67.36,68.08,147525,,,,,historical_baseline,,fe33df9ae5456d8ee27133c42c244c81d150008ababc19399c7ed428638b57ea
8210,2019-02-11,68.32,68.32,67.36,67.36,221401,,,,,historical_baseline,,fe33df9ae5456d8ee27133c42c244c81d150008ababc19399c7ed428638b57ea
8210,2019-02-12,67.2,68.0,67.2,68.0,163530,,,,,historical_baseline,,fe33df9ae5456d8ee27133c42c244c81d150008ababc19399c7ed428638b57ea
8210,2019-02-13,67.92,68.0,67.68,68.0,120660,,,,,historical_baseline,,fe33df9ae5456d8ee27133c42c244c81d150008ababc19399c7ed428638b57ea
8210,2019-02-14,68.0,68.8,67.92,68.56,232035,,,,,historical_baseline,,fe33df9ae5456d8ee27133c42c244c81d150008ababc19399c7ed428638b57ea
8210,2019-02-17,68.4,68.4,68.0,68.08,96160,,,,,historical_baseline,,fe33df9ae5456d8ee27133c42c244c81d150008ababc19399c7ed428638b57ea
8210,2019-02-18,68.0,68.56,67.6,68.0,188845,,,,,historical_baseline,,fe33df9ae5456d8ee27133c42c244c81d150008ababc19399c7ed428638b57ea
8210,2019-02-19,68.0,68.8,67.76,68.56,78483,,,,,historical_baseline,,fe33df9ae5456d8ee27133c42c244c81d150008ababc19399c7ed428638b57ea
8210,2019-02-20,68.64,69.2,68.16,69.04,89401,,,,,historical_baseline,,fe33df9ae5456d8ee27133c42c244c81d150008ababc19399c7ed428638b57ea
8210,2019-02-21,69.2,70.16,69.12,70.16,130002,,,,,historical_baseline,,fe33df9ae5456d8ee27133c42c244c81d150008ababc19399c7ed428638b57ea
8210,2019-02-24,70.16,70.4,69.84,70.32,58590,,,,,historical_baseline,,fe33df9ae5456d8ee27133c42c244c81d150008ababc19399c7ed428638b57ea
8210,2019-02-25,70.24,70.24,68.16,70.16,81523,,,,,historical_baseline,,fe33df9ae5456d8ee27133c42c244c81d150008ababc19399c7ed428638b57ea
8210,2019-02-26,69.68,70.0,69.52,69.76,47061,,,,,historical_baseline,,fe33df9ae5456d8ee27133c42c244c81d150008ababc19399c7ed428638b57ea
8210,2019-02-27,69.6,70.16,69.04,69.76,55171,,,,,historical_baseline,,fe33df9ae5456d8ee27133c42c244c81d150008ababc19399c7ed428638b57ea
8210,2019-02-28,69.6,71.52,69.44,71.52,178386,,,,,historical_baseline,,fe33df9ae5456d8ee27133c42c244c81d150008ababc19399c7ed428638b57ea
8230,2019-02-03,28.44,28.6,28.2,28.36,220892,,,,,historical_baseline,,fe33df9ae5456d8ee27133c42c244c81d150008ababc19399c7ed428638b57ea
8230,2019-02-04,28.24,28.36,28.12,28.32,121270,,,,,historical_baseline,,fe33df9ae5456d8ee27133c42c244c81d150008ababc19399c7ed428638b57ea
8230,2019-02-05,28.36,28.4,28.12,28.36,184105,,,,,historical_baseline,,fe33df9ae5456d8ee27133c42c244c81d150008ababc19399c7ed428638b57ea
8230,2019-02-06,28.32,28.32,27.68,27.76,565627,,,,,historical_baseline,,fe33df9ae5456d8ee27133c42c244c81d150008ababc19399c7ed428638b57ea
8230,2019-02-07,27.76,27.88,27.08,27.44,824965,,,,,historical_baseline,,fe33df9ae5456d8ee27133c42c244c81d150008ababc19399c7ed428638b57ea
8230,2019-02-10,27.4,27.52,27.04,27.12,380960,,,,,historical_baseline,,fe33df9ae5456d8ee27133c42c244c81d150008ababc19399c7ed428638b57ea
8230,2019-02-11,27.28,27.52,26.92,26.92,529265,,,,,historical_baseline,,fe33df9ae5456d8ee27133c42c244c81d150008ababc19399c7ed428638b57ea
8230,2019-02-12,26.92,27.08,26.36,26.64,452555,,,,,historical_baseline,,fe33df9ae5456d8ee27133c42c244c81d150008ababc19399c7ed428638b57ea
8230,2019-02-13,26.64,27.64,26.64,27.2,911205,,,,,historical_baseline,,fe33df9ae5456d8ee27133c42c244c81d150008ababc19399c7ed428638b57ea
8230,2019-02-14,27.2,27.48,27.0,27.4,280757,,,,,historical_baseline,,fe33df9ae5456d8ee27133c42c244c81d150008ababc19399c7ed428638b57ea
8230,2019-02-17,27.4,27.4,27.04,27.2,236377,,,,,historical_baseline,,fe33df9ae5456d8ee27133c42c244c81d150008ababc19399c7ed428638b57ea
8230,2019-02-18,27.16,27.16,26.4,26.44,385805,,,,,historical_baseline,,fe33df9ae5456d8ee27133c42c244c81d150008ababc19399c7ed428638b57ea
8230,2019-02-19,26.4,27.44,26.4,27.44,591857,,,,,historical_baseline,,fe33df9ae5456d8ee27133c42c244c81d150008ababc19399c7ed428638b57ea
8230,2019-02-20,27.4,27.96,27.36,27.96,756460,,,,,historical_baseline,,fe33df9ae5456d8ee27133c42c244c81d150008ababc19399c7ed428638b57ea
8230,2019-02-21,27.96,28.4,27.88,28.4,884762,,,,,historical_baseline,,fe33df9ae5456d8ee27133c42c244c81d150008ababc19399c7ed428638b57ea
8230,2019-02-24,28.48,28.6,28.12,28.32,397020,,,,,historical_baseline,,fe33df9ae5456d8ee27133c42c244c81d150008ababc19399c7ed428638b57ea
8230,2019-02-25,28.28,28.28,27.8,28.0,335027,,,,,historical_baseline,,fe33df9ae5456d8ee27133c42c244c81d150008ababc19399c7ed428638b57ea
8230,2019-02-26,28.0,28.84,27.88,28.8,847807,,,,,historical_baseline,,fe33df9ae5456d8ee27133c42c244c81d150008ababc19399c7ed428638b57ea
8230,2019-02-27,28.8,29.0,28.52,28.88,563500,,,,,historical_baseline,,fe33df9ae5456d8ee27133c42c244c81d150008ababc19399c7ed428638b57ea
8230,2019-02-28,28.84,29.96,28.8,29.92,1499082,,,,,historical_baseline,,fe33df9ae5456d8ee27133c42c244c81d150008ababc19399c7ed428638b57ea
8240,2019-02-03,12.73,12.91,12.72,12.73,123781,,,,,historical_baseline,,fe33df9ae5456d8ee27133c42c244c81d150008ababc19399c7ed428638b57ea
8240,2019-02-04,12.76,12.8,12.64,12.64,83761,,,,,historical_baseline,,fe33df9ae5456d8ee27133c42c244c81d150008ababc19399c7ed428638b57ea
8240,2019-02-05,12.73,12.73,12.73,12.73,15514,,,,,historical_baseline,,fe33df9ae5456d8ee27133c42c244c81d150008ababc19399c7ed428638b57ea
8240,2019-02-06,12.56,12.64,12.53,12.53,52851,,,,,historical_baseline,,fe33df9ae5456d8ee27133c42c244c81d150008ababc19399c7ed428638b57ea
8240,2019-02-07,12.65,12.67,12.49,12.53,68427,,,,,historical_baseline,,fe33df9ae5456d8ee27133c42c244c81d150008ababc19399c7ed428638b57ea
8240,2019-02-10,12.59,12.6,12.53,12.53,22939,,,,,historical_baseline,,fe33df9ae5456d8ee27133c42c244c81d150008ababc19399c7ed428638b57ea
8240,2019-02-11,12.47,12.6,12.47,12.48,70767,,,,,historical_baseline,,fe33df9ae5456d8ee27133c42c244c81d150008ababc19399c7ed428638b57ea
8240,2019-02-12,12.47,12.52,12.47,12.47,31962,,,,,historical_baseline,,fe33df9ae5456d8ee27133c42c244c81d150008ababc19399c7ed428638b57ea
8240,2019-02-13,12.47,12.56,12.45,12.47,36064,,,,,historical_baseline,,fe33df9ae5456d8ee27133c42c244c81d150008ababc19399c7ed428638b57ea
8240,2019-02-14,12.47,12.47,12.36,12.36,8962,,,,,historical_baseline,,fe33df9ae5456d8ee27133c42c244c81d150008ababc19399c7ed428638b57ea
8240,2019-02-17,12.45,12.47,12.43,12.43,20931,,,,,historical_baseline,,fe33df9ae5456d8ee27133c42c244c81d150008ababc19399c7ed428638b57ea
8240,2019-02-18,12.44,12.47,12.43,12.43,37078,,,,,historical_baseline,,fe33df9ae5456d8ee27133c42c244c81d150008ababc19399c7ed428638b57ea
8240,2019-02-19,12.43,12.53,12.43,12.43,34602,,,,,historical_baseline,,fe33df9ae5456d8ee27133c42c244c81d150008ababc19399c7ed428638b57ea
8240,2019-02-20,12.44,12.44,12.43,12.43,6739,,,,,historical_baseline,,fe33df9ae5456d8ee27133c42c244c81d150008ababc19399c7ed428638b57ea
8240,2019-02-21,12.4,12.4,12.36,12.4,54129,,,,,historical_baseline,,fe33df9ae5456d8ee27133c42c244c81d150008ababc19399c7ed428638b57ea
8240,2019-02-24,12.33,12.41,12.31,12.31,95223,,,,,historical_baseline,,fe33df9ae5456d8ee27133c42c244c81d150008ababc19399c7ed428638b57ea
8240,2019-02-25,12.33,12.33,12.2,12.25,45667,,,,,historical_baseline,,fe33df9ae5456d8ee27133c42c244c81d150008ababc19399c7ed428638b57ea
8240,2019-02-26,12.21,12.32,12.2,12.32,45975,,,,,historical_baseline,,fe33df9ae5456d8ee27133c42c244c81d150008ababc19399c7ed428638b57ea
8240,2019-02-27,12.27,12.28,12.2,12.2,74628,,,,,historical_baseline,,fe33df9ae5456d8ee27133c42c244c81d150008ababc19399c7ed428638b57ea
8240,2019-02-28,12.2,12.2,12.13,12.17,87966,,,,,historical_baseline,,fe33df9ae5456d8ee27133c42c244c81d150008ababc19399c7ed428638b57ea
8250,2019-02-03,20.14,20.25,19.8,20.07,94762,,,,,historical_baseline,,fe33df9ae5456d8ee27133c42c244c81d150008ababc19399c7ed428638b57ea
8250,2019-02-04,19.97,20.04,19.71,19.8,169416,,,,,historical_baseline,,fe33df9ae5456d8ee27133c42c244c81d150008ababc19399c7ed428638b57ea
8250,2019-02-05,19.66,20.14,19.65,20.14,102974,,,,,historical_baseline,,fe33df9ae5456d8ee27133c42c244c81d150008ababc19399c7ed428638b57ea
8250,2019-02-06,20.09,20.14,19.9,19.97,64877,,,,,historical_baseline,,fe33df9ae5456d8ee27133c42c244c81d150008ababc19399c7ed428638b57ea
8250,2019-02-07,20.13,20.13,19.63,19.63,126166,,,,,historical_baseline,,fe33df9ae5456d8ee27133c42c244c81d150008ababc19399c7ed428638b57ea
8250,2019-02-10,19.63,19.63,19.56,19.63,74215,,,,,historical_baseline,,fe33df9ae5456d8ee27133c42c244c81d150008ababc19399c7ed428638b57ea
8250,2019-02-11,19.54,19.59,18.98,19.08,191848,,,,,historical_baseline,,fe33df9ae5456d8ee27133c42c244c81d150008ababc19399c7ed428638b57ea
8250,2019-02-12,19.01,19.15,18.89,19.03,116367,,,,,historical_baseline,,fe33df9ae5456d8ee27133c42c244c81d150008ababc19399c7ed428638b57ea
8250,2019-02-13,18.99,19.27,18.99,19.08,141815,,,,,historical_baseline,,fe33df9ae5456d8ee27133c42c244c81d150008ababc19399c7ed428638b57ea
8250,2019-02-14,18.98,18.99,18.94,18.96,49107,,,,,historical_baseline,,fe33df9ae5456d8ee27133c42c244c81d150008ababc19399c7ed428638b57ea
8250,2019-02-17,19.2,19.2,18.99,19.2,42072,,,,,historical_baseline,,fe33df9ae5456d8ee27133c42c244c81d150008ababc19399c7ed428638b57ea
8250,2019-02-18,19.27,19.27,19.06,19.27,37029,,,,,historical_baseline,,fe33df9ae5456d8ee27133c42c244c81d150008ababc19399c7ed428638b57ea
8250,2019-02-19,19.2,19.65,19.15,19.65,50068,,,,,historical_baseline,,fe33df9ae5456d8ee27133c42c244c81d150008ababc19399c7ed428638b57ea
8250,2019-02-20,19.63,19.95,19.63,19.75,145414,,,,,historical_baseline,,fe33df9ae5456d8ee27133c42c244c81d150008ababc19399c7ed428638b57ea
8250,2019-02-21,19.89,19.89,19.63,19.71,88244,,,,,historical_baseline,,fe33df9ae5456d8ee27133c42c244c81d150008ababc19399c7ed428638b57ea
8250,2019-02-24,19.71,20.06,19.71,19.77,81094,,,,,historical_baseline,,fe33df9ae5456d8ee27133c42c244c81d150008ababc19399c7ed428638b57ea
8250,2019-02-25,19.75,19.75,19.49,19.51,55728,,,,,historical_baseline,,fe33df9ae5456d8ee27133c42c244c81d150008ababc19399c7ed428638b57ea
8250,2019-02-26,19.83,19.83,19.82,19.82,9517,,,,,historical_baseline,,fe33df9ae5456d8ee27133c42c244c81d150008ababc19399c7ed428638b57ea
8250,2019-02-27,19.54,19.71,19.51,19.71,22543,,,,,historical_baseline,,fe33df9ae5456d8ee27133c42c244c81d150008ababc19399c7ed428638b57ea
8250,2019-02-28,19.66,20.02,19.66,19.8,143287,,,,,historical_baseline,,fe33df9ae5456d8ee27133c42c244c81d150008ababc19399c7ed428638b57ea
8260,2019-02-03,12.94,13.01,12.9,12.9,93990,,,,,historical_baseline,,fe33df9ae5456d8ee27133c42c244c81d150008ababc19399c7ed428638b57ea
8260,2019-02-04,12.84,12.92,12.74,12.86,177245,,,,,historical_baseline,,fe33df9ae5456d8ee27133c42c244c81d150008ababc19399c7ed428638b57ea
8260,2019-02-05,12.84,12.9,12.8,12.82,89593,,,,,historical_baseline,,fe33df9ae5456d8ee27133c42c244c81d150008ababc19399c7ed428638b57ea
8260,2019-02-06,12.8,12.86,12.72,12.78,93342,,,,,historical_baseline,,fe33df9ae5456d8ee27133c42c244c81d150008ababc19399c7ed428638b57ea
8260,2019-02-07,12.78,12.78,12.78,12.78,30100,,,,,historical_baseline,,fe33df9ae5456d8ee27133c42c244c81d150008ababc19399c7ed428638b57ea
8260,2019-02-10,12.7,12.7,12.61,12.61,64991,,,,,historical_baseline,,fe33df9ae5456d8ee27133c42c244c81d150008ababc19399c7ed428638b57ea
8260,2019-02-11,12.63,12.86,12.63,12.78,60975,,,,,historical_baseline,,fe33df9ae5456d8ee27133c42c244c81d150008ababc19399c7ed428638b57ea
8260,2019-02-12,12.74,12.74,12.63,12.63,32479,,,,,historical_baseline,,fe33df9ae5456d8ee27133c42c244c81d150008ababc19399c7ed428638b57ea
8260,2019-02-13,12.63,12.78,12.63,12.7,45265,,,,,historical_baseline,,fe33df9ae5456d8ee27133c42c244c81d150008ababc19399c7ed428638b57ea
8260,2019-02-14,12.7,12.76,12.63,12.64,40198,,,,,historical_baseline,,fe33df9ae5456d8ee27133c42c244c81d150008ababc19399c7ed428638b57ea
8260,2019-02-17,12.64,12.64,12.61,12.61,46959,,,,,historical_baseline,,fe33df9ae5456d8ee27133c42c244c81d150008ababc19399c7ed428638b57ea
8260,2019-02-18,12.61,12.7,12.61,12.61,84379,,,,,historical_baseline,,fe33df9ae5456d8ee27133c42c244c81d150008ababc19399c7ed428638b57ea
8260,2019-02-19,12.66,12.7,12.59,12.7,71109,,,,,historical_baseline,,fe33df9ae5456d8ee27133c42c244c81d150008ababc19399c7ed428638b57ea
8260,2019-02-20,12.7,12.72,12.66,12.66,44848,,,,,historical_baseline,,fe33df9ae5456d8ee27133c42c244c81d150008ababc19399c7ed428638b57ea
8260,2019-02-21,12.7,12.7,12.59,12.59,53440,,,,,historical_baseline,,fe33df9ae5456d8ee27133c42c244c81d150008ababc19399c7ed428638b57ea
8260,2019-02-24,12.61,12.66,12.55,12.59,41277,,,,,historical_baseline,,fe33df9ae5456d8ee27133c42c244c81d150008ababc19399c7ed428638b57ea
8260,2019-02-25,12.53,12.53,12.41,12.41,51628,,,,,historical_baseline,,fe33df9ae5456d8ee27133c42c244c81d150008ababc19399c7ed428638b57ea
8260,2019-02-26,12.41,12.47,12.41,12.41,16287,,,,,historical_baseline,,fe33df9ae5456d8ee27133c42c244c81d150008ababc19399c7ed428638b57ea
8260,2019-02-27,12.41,12.41,12.39,12.41,12541,,,,,historical_baseline,,fe33df9ae5456d8ee27133c42c244c81d150008ababc19399c7ed428638b57ea
8260,2019-02-28,12.41,12.41,12.41,12.41,13561,,,,,historical_baseline,,fe33df9ae5456d8ee27133c42c244c81d150008ababc19399c7ed428638b57ea
8280,2019-02-03,35.0,35.05,34.55,34.6,95894,,,,,historical_baseline,,fe33df9ae5456d8ee27133c42c244c81d150008ababc19399c7ed428638b57ea
8280,2019-02-04,34.55,34.55,34.15,34.5,55100,,,,,historical_baseline,,fe33df9ae5456d8ee27133c42c244c81d150008ababc19399c7ed428638b57ea
8280,2019-02-05,34.3,34.55,34.1,34.15,43321,,,,,historical_baseline,,fe33df9ae5456d8ee27133c42c244c81d150008ababc19399c7ed428638b57ea
8280,2019-02-06,34.0,34.05,33.85,34.0,47841,,,,,historical_baseline,,fe33df9ae5456d8ee27133c42c244c81d150008ababc19399c7ed428638b57ea
8280,2019-02-07,33.85,34.0,33.65,33.95,82333,,,,,historical_baseline,,fe33df9ae5456d8ee27133c42c244c81d150008ababc19399c7ed428638b57ea
8280,2019-02-10,33.5,34.0,33.3,33.7,40801,,,,,historical_baseline,,fe33df9ae5456d8ee27133c42c244c81d150008ababc19399c7ed428638b57ea
8280,2019-02-11,33.7,33.8,33.0,33.3,67200,,,,,historical_baseline,,fe33df9ae5456d8ee27133c42c244c81d150008ababc19399c7ed428638b57ea
8280,2019-02-12,33.05,33.35,32.9,33.2,24751,,,,,historical_baseline,,fe33df9ae5456d8ee27133c42c244c81d150008ababc19399c7ed428638b57ea
8280,2019-02-13,33.0,33.4,32.9,33.4,18220,,,,,historical_baseline,,fe33df9ae5456d8ee27133c42c244c81d150008ababc19399c7ed428638b57ea
8280,2019-02-14,32.9,33.1,32.9,33.05,17540,,,,,historical_baseline,,fe33df9ae5456d8ee27133c42c244c81d150008ababc19399c7ed428638b57ea
8280,2019-02-17,32.9,32.9,32.85,32.9,8415,,,,,historical_baseline,,fe33df9ae5456d8ee27133c42c244c81d150008ababc19399c7ed428638b57ea
8280,2019-02-18,32.7,32.7,32.25,32.6,55322,,,,,historical_baseline,,fe33df9ae5456d8ee27133c42c244c81d150008ababc19399c7ed428638b57ea
8280,2019-02-19,32.15,32.7,32.15,32.5,14830,,,,,historical_baseline,,fe33df9ae5456d8ee27133c42c244c81d150008ababc19399c7ed428638b57ea
8280,2019-02-20,32.5,32.6,32.2,32.45,42621,,,,,historical_baseline,,fe33df9ae5456d8ee27133c42c244c81d150008ababc19399c7ed428638b57ea
8280,2019-02-21,32.2,32.45,32.2,32.3,46713,,,,,historical_baseline,,fe33df9ae5456d8ee27133c42c244c81d150008ababc19399c7ed428638b57ea
8280,2019-02-24,32.45,32.45,31.9,32.15,54305,,,,,historical_baseline,,fe33df9ae5456d8ee27133c42c244c81d150008ababc19399c7ed428638b57ea
8280,2019-02-25,31.8,32.0,31.65,31.8,22730,,,,,historical_baseline,,fe33df9ae5456d8ee27133c42c244c81d150008ababc19399c7ed428638b57ea
8280,2019-02-26,31.85,32.0,31.5,31.95,14004,,,,,historical_baseline,,fe33df9ae5456d8ee27133c42c244c81d150008ababc19399c7ed428638b57ea
8280,2019-02-27,31.9,32.1,31.6,32.0,86560,,,,,historical_baseline,,fe33df9ae5456d8ee27133c42c244c81d150008ababc19399c7ed428638b57ea
8280,2019-02-28,32.0,32.15,31.9,32.15,64338,,,,,historical_baseline,,fe33df9ae5456d8ee27133c42c244c81d150008ababc19399c7ed428638b57ea
8300,2019-02-03,16.41,16.54,16.08,16.12,438613,,,,,historical_baseline,,fe33df9ae5456d8ee27133c42c244c81d150008ababc19399c7ed428638b57ea
8300,2019-02-04,16.09,16.09,15.72,15.74,314228,,,,,historical_baseline,,fe33df9ae5456d8ee27133c42c244c81d150008ababc19399c7ed428638b57ea
8300,2019-02-05,15.61,15.73,15.55,15.68,213941,,,,,historical_baseline,,fe33df9ae5456d8ee27133c42c244c81d150008ababc19399c7ed428638b57ea
8300,2019-02-06,15.6,15.73,15.53,15.53,140120,,,,,historical_baseline,,fe33df9ae5456d8ee27133c42c244c81d150008ababc19399c7ed428638b57ea
8300,2019-02-07,15.55,15.65,15.53,15.55,94926,,,,,historical_baseline,,fe33df9ae5456d8ee27133c42c244c81d150008ababc19399c7ed428638b57ea
8300,2019-02-10,15.55,15.55,15.47,15.48,61254,,,,,historical_baseline,,fe33df9ae5456d8ee27133c42c244c81d150008ababc19399c7ed428638b57ea
8300,2019-02-11,15.48,15.65,15.45,15.48,114863,,,,,historical_baseline,,fe33df9ae5456d8ee27133c42c244c81d150008ababc19399c7ed428638b57ea
8300,2019-02-12,15.55,15.64,15.48,15.49,96264,,,,,historical_baseline,,fe33df9ae5456d8ee27133c42c244c81d150008ababc19399c7ed428638b57ea
8300,2019-02-13,15.52,15.57,15.51,15.55,51977,,,,,historical_baseline,,fe33df9ae5456d8ee27133c42c244c81d150008ababc19399c7ed428638b57ea
8300,2019-02-14,15.52,15.86,15.52,15.86,256873,,,,,historical_baseline,,fe33df9ae5456d8ee27133c42c244c81d150008ababc19399c7ed428638b57ea
8300,2019-02-17,15.89,15.92,15.77,15.82,156390,,,,,historical_baseline,,fe33df9ae5456d8ee27133c42c244c81d150008ababc19399c7ed428638b57ea
8300,2019-02-18,15.67,15.71,15.55,15.55,60340,,,,,historical_baseline,,fe33df9ae5456d8ee27133c42c244c81d150008ababc19399c7ed428638b57ea
8300,2019-02-19,15.55,15.71,15.53,15.71,84466,,,,,historical_baseline,,fe33df9ae5456d8ee27133c42c244c81d150008ababc19399c7ed428638b57ea
8300,2019-02-20,15.68,15.69,15.6,15.68,34586,,,,,historical_baseline,,fe33df9ae5456d8ee27133c42c244c81d150008ababc19399c7ed428638b57ea
8300,2019-02-21,15.72,15.72,15.52,15.59,90708,,,,,historical_baseline,,fe33df9ae5456d8ee27133c42c244c81d150008ababc19399c7ed428638b57ea
8300,2019-02-24,15.77,16.13,15.74,15.88,559196,,,,,historical_baseline,,fe33df9ae5456d8ee27133c42c244c81d150008ababc19399c7ed428638b57ea
8300,2019-02-25,15.88,15.88,15.56,15.67,226792,,,,,historical_baseline,,fe33df9ae5456d8ee27133c42c244c81d150008ababc19399c7ed428638b57ea
8300,2019-02-26,15.71,15.84,15.64,15.81,105402,,,,,historical_baseline,,fe33df9ae5456d8ee27133c42c244c81d150008ababc19399c7ed428638b57ea
8300,2019-02-27,15.65,15.77,15.61,15.65,94653,,,,,historical_baseline,,fe33df9ae5456d8ee27133c42c244c81d150008ababc19399c7ed428638b57ea
8300,2019-02-28,15.64,15.73,15.59,15.68,71114,,,,,historical_baseline,,fe33df9ae5456d8ee27133c42c244c81d150008ababc19399c7ed428638b57ea
8310,2019-02-03,34.89,35.08,33.6,34.12,981644,,,,,historical_baseline,,fe33df9ae5456d8ee27133c42c244c81d150008ababc19399c7ed428638b57ea
8310,2019-02-04,34.23,35.52,34.12,34.19,1453984,,,,,historical_baseline,,fe33df9ae5456d8ee27133c42c244c81d150008ababc19399c7ed428638b57ea
8310,2019-02-05,34.26,34.93,33.23,34.3,1373482,,,,,historical_baseline,,fe33df9ae5456d8ee27133c42c244c81d150008ababc19399c7ed428638b57ea
8310,2019-02-06,34.19,34.67,33.42,33.6,609617,,,,,historical_baseline,,fe33df9ae5456d8ee27133c42c244c81d150008ababc19399c7ed428638b57ea
8310,2019-02-07,33.6,34.04,33.19,33.3,735290,,,,,historical_baseline,,fe33df9ae5456d8ee27133c42c244c81d150008ababc19399c7ed428638b57ea
8310,2019-02-10,33.49,34.41,33.3,33.53,862880,,,,,historical_baseline,,fe33df9ae5456d8ee27133c42c244c81d150008ababc19399c7ed428638b57ea
8310,2019-02-11,33.6,34.45,33.45,33.93,1074805,,,,,historical_baseline,,fe33df9ae5456d8ee27133c42c244c81d150008ababc19399c7ed428638b57ea
8310,2019-02-12,34.3,34.82,33.45,33.53,784796,,,,,historical_baseline,,fe33df9ae5456d8ee27133c42c244c81d150008ababc19399c7ed428638b57ea
8310,2019-02-13,33.49,33.6,31.94,32.12,606640,,,,,historical_baseline,,fe33df9ae5456d8ee27133c42c244c81d150008ababc19399c7ed428638b57ea
8310,2019-02-14,32.27,32.31,31.53,31.72,319932,,,,,historical_baseline,,fe33df9ae5456d8ee27133c42c244c81d150008ababc19399c7ed428638b57ea
8310,2019-02-17,31.9,31.9,30.46,30.54,451757,,,,,historical_baseline,,fe33df9ae5456d8ee27133c42c244c81d150008ababc19399c7ed428638b57ea
8310,2019-02-18,30.46,30.72,29.54,29.58,505768,,,,,historical_baseline,,fe33df9ae5456d8ee27133c42c244c81d150008ababc19399c7ed428638b57ea
8310,2019-02-19,29.65,31.38,29.35,29.98,1048579,,,,,historical_baseline,,fe33df9ae5456d8ee27133c42c244c81d150008ababc19399c7ed428638b57ea
8310,2019-02-20,30.2,30.28,29.54,29.8,330398,,,,,historical_baseline,,fe33df9ae5456d8ee27133c42c244c81d150008ababc19399c7ed428638b57ea
8310,2019-02-21,29.87,30.13,29.17,29.32,591829,,,,,historical_baseline,,fe33df9ae5456d8ee27133c42c244c81d150008ababc19399c7ed428638b57ea
8310,2019-02-24,29.35,29.54,27.91,27.95,295481,,,,,historical_baseline,,fe33df9ae5456d8ee27133c42c244c81d150008ababc19399c7ed428638b57ea
8310,2019-02-25,28.06,28.43,27.32,27.69,607532,,,,,historical_baseline,,fe33df9ae5456d8ee27133c42c244c81d150008ababc19399c7ed428638b57ea
8310,2019-02-26,27.84,27.88,27.51,27.58,208728,,,,,historical_baseline,,fe33df9ae5456d8ee27133c42c244c81d150008ababc19399c7ed428638b57ea
8310,2019-02-27,27.54,27.73,27.14,27.32,213134,,,,,historical_baseline,,fe33df9ae5456d8ee27133c42c244c81d150008ababc19399c7ed428638b57ea
8310,2019-02-28,27.14,27.21,25.85,25.85,275727,,,,,historical_baseline,,fe33df9ae5456d8ee27133c42c244c81d150008ababc19399c7ed428638b57ea
8311,2019-02-03,30.68,30.77,30.24,30.44,548311,,,,,historical_baseline,,fe33df9ae5456d8ee27133c42c244c81d150008ababc19399c7ed428638b57ea
8311,2019-02-04,30.32,30.68,30.08,30.24,502461,,,,,historical_baseline,,fe33df9ae5456d8ee27133c42c244c81d150008ababc19399c7ed428638b57ea
8311,2019-02-05,30.08,30.28,29.75,30.16,507779,,,,,historical_baseline,,fe33df9ae5456d8ee27133c42c244c81d150008ababc19399c7ed428638b57ea
8311,2019-02-06,30.12,30.12,29.55,29.59,334469,,,,,historical_baseline,,fe33df9ae5456d8ee27133c42c244c81d150008ababc19399c7ed428638b57ea
8311,2019-02-07,29.55,30.97,29.47,30.36,1499875,,,,,historical_baseline,,fe33df9ae5456d8ee27133c42c244c81d150008ababc19399c7ed428638b57ea
8311,2019-02-10,30.6,30.81,30.0,30.12,554624,,,,,historical_baseline,,fe33df9ae5456d8ee27133c42c244c81d150008ababc19399c7ed428638b57ea
8311,2019-02-11,30.16,30.36,29.96,30.16,352864,,,,,historical_baseline,,fe33df9ae5456d8ee27133c42c244c81d150008ababc19399c7ed428638b57ea
8311,2019-02-12,30.24,30.28,29.79,29.79,332368,,,,,historical_baseline,,fe33df9ae5456d8ee27133c42c244c81d150008ababc19399c7ed428638b57ea
8311,2019-02-13,29.79,29.83,29.15,29.27,382464,,,,,historical_baseline,,fe33df9ae5456d8ee27133c42c244c81d150008ababc19399c7ed428638b57ea
8311,2019-02-14,29.19,29.27,28.94,28.94,320354,,,,,historical_baseline,,fe33df9ae5456d8ee27133c42c244c81d150008ababc19399c7ed428638b57ea
8311,2019-02-17,28.98,29.27,28.34,28.5,395037,,,,,historical_baseline,,fe33df9ae5456d8ee27133c42c244c81d150008ababc19399c7ed428638b57ea
8311,2019-02-18,28.54,28.7,28.17,28.17,426607,,,,,historical_baseline,,fe33df9ae5456d8ee27133c42c244c81d150008ababc19399c7ed428638b57ea
8311,2019-02-19,28.17,29.67,27.89,28.62,1119858,,,,,historical_baseline,,fe33df9ae5456d8ee27133c42c244c81d150008ababc19399c7ed428638b57ea
8311,2019-02-20,28.7,29.27,28.38,29.27,567775,,,,,historical_baseline,,fe33df9ae5456d8ee27133c42c244c81d150008ababc19399c7ed428638b57ea
8311,2019-02-21,29.15,29.63,28.86,29.07,815384,,,,,historical_baseline,,fe33df9ae5456d8ee27133c42c244c81d150008ababc19399c7ed428638b57ea
8311,2019-02-24,29.03,29.15,28.42,28.5,309263,,,,,historical_baseline,,fe33df9ae5456d8ee27133c42c244c81d150008ababc19399c7ed428638b57ea
8311,2019-02-25,28.38,28.54,28.05,28.09,502346,,,,,historical_baseline,,fe33df9ae5456d8ee27133c42c244c81d150008ababc19399c7ed428638b57ea
8311,2019-02-26,28.22,28.38,27.97,28.13,286752,,,,,historical_baseline,,fe33df9ae5456d8ee27133c42c244c81d150008ababc19399c7ed428638b57ea
8311,2019-02-27,28.13,28.13,27.73,27.77,265888,,,,,historical_baseline,,fe33df9ae5456d8ee27133c42c244c81d150008ababc19399c7ed428638b57ea
8311,2019-02-28,27.65,27.93,27.37,27.45,301097,,,,,historical_baseline,,fe33df9ae5456d8ee27133c42c244c81d150008ababc19399c7ed428638b57ea
